{
    "Zurich": {
        "Synthetic": {
            "[15, 18)": 0.02909322054617021,
            "[18, 24)": 0.059555533823924894,
            "[24, 30)": 0.0791140014179889,
            "[30, 45)": 0.2676576290247659,
            "[45, 65)": 0.31555142654573015,
            "[6, 15)": 0.10101948512334058,
            "[65, 80)": 0.14800870351807935
        },
        "Microcensus": {
            "[15, 18)": 0.029547010339591694,
            "[18, 24)": 0.06600352853756707,
            "[24, 30)": 0.08769071516419977,
            "[30, 45)": 0.2656292220880291,
            "[45, 65)": 0.3083690636449176,
            "[6, 15)": 0.09367754070794013,
            "[65, 80)": 0.14908291951775485
        }
    },
    "Basel-Stadt": {
        "Synthetic": {
            "[15, 18)": 0.030155642023346304,
            "[18, 24)": 0.06284046692607004,
            "[24, 30)": 0.09357976653696498,
            "[30, 45)": 0.27101167315175095,
            "[45, 65)": 0.2990272373540856,
            "[6, 15)": 0.08813229571984436,
            "[65, 80)": 0.15525291828793775
        },
        "Microcensus": {
            "[15, 18)": 0.028525444318755658,
            "[18, 24)": 0.08058984592000094,
            "[24, 30)": 0.0906286418466382,
            "[30, 45)": 0.24412933077189872,
            "[45, 65)": 0.31151304892179277,
            "[6, 15)": 0.07939210927438058,
            "[65, 80)": 0.16522157894653308
        }
    },
    "St. Gallen": {
        "Synthetic": {
            "[15, 18)": 0.03058994901675164,
            "[18, 24)": 0.07479970866715221,
            "[24, 30)": 0.085360524399126,
            "[30, 45)": 0.2306627822286963,
            "[45, 65)": 0.3101966496722505,
            "[6, 15)": 0.10422432629278951,
            "[65, 80)": 0.16416605972323378
        },
        "Microcensus": {
            "[15, 18)": 0.034476407245840064,
            "[18, 24)": 0.09043075012980152,
            "[24, 30)": 0.08673692994233913,
            "[30, 45)": 0.22359160127169145,
            "[45, 65)": 0.3172336578558557,
            "[6, 15)": 0.10529102004621538,
            "[65, 80)": 0.14223963350825664
        }
    },
    "Bern": {
        "Synthetic": {
            "[15, 18)": 0.03023750183257587,
            "[18, 24)": 0.06472657968039877,
            "[24, 30)": 0.07711479255241167,
            "[30, 45)": 0.22855886233690076,
            "[45, 65)": 0.32114059522064214,
            "[6, 15)": 0.09643014220788741,
            "[65, 80)": 0.1817915261691834
        },
        "Microcensus": {
            "[15, 18)": 0.033384153474677394,
            "[18, 24)": 0.06872110432605179,
            "[24, 30)": 0.07058157802686756,
            "[30, 45)": 0.24174601357481224,
            "[45, 65)": 0.3201057744862152,
            "[6, 15)": 0.08602532445206909,
            "[65, 80)": 0.17943605165930682
        }
    },
    "Fribourg": {
        "Synthetic": {
            "[15, 18)": 0.032065279852890476,
            "[18, 24)": 0.07183082404321342,
            "[24, 30)": 0.09010458567980692,
            "[30, 45)": 0.22560625215492472,
            "[45, 65)": 0.31490633260544765,
            "[6, 15)": 0.11228594414435122,
            "[65, 80)": 0.1532007815193656
        },
        "Microcensus": {
            "[15, 18)": 0.043104589703146214,
            "[18, 24)": 0.08485004204260616,
            "[24, 30)": 0.08585749785671885,
            "[30, 45)": 0.2398442024984425,
            "[45, 65)": 0.3186491341908062,
            "[6, 15)": 0.10039771406257708,
            "[65, 80)": 0.1272968196457029
        }
    },
    "Vaud": {
        "Synthetic": {
            "[15, 18)": 0.032405936549720876,
            "[18, 24)": 0.08269414060727091,
            "[24, 30)": 0.08614351200472019,
            "[30, 45)": 0.24231834067081195,
            "[45, 65)": 0.31162347388008893,
            "[6, 15)": 0.1045704171016203,
            "[65, 80)": 0.14024417918576682
        },
        "Microcensus": {
            "[15, 18)": 0.0363142813538573,
            "[18, 24)": 0.07704442157945685,
            "[24, 30)": 0.10016698294978726,
            "[30, 45)": 0.23692336521264176,
            "[45, 65)": 0.32081742702431937,
            "[6, 15)": 0.09705158405364456,
            "[65, 80)": 0.13168193782629276
        }
    },
    "Ticino": {
        "Synthetic": {
            "[15, 18)": 0.029700899393432335,
            "[18, 24)": 0.061807153315206025,
            "[24, 30)": 0.07331102279857771,
            "[30, 45)": 0.20320016732901067,
            "[45, 65)": 0.3479397615561598,
            "[6, 15)": 0.09255385902530851,
            "[65, 80)": 0.19148713658230496
        },
        "Microcensus": {
            "[15, 18)": 0.025335560435429786,
            "[18, 24)": 0.05681884192803076,
            "[24, 30)": 0.06066376161265766,
            "[30, 45)": 0.21728224207332164,
            "[45, 65)": 0.36403563572932246,
            "[6, 15)": 0.1002015704192037,
            "[65, 80)": 0.175662387802034
        }
    },
    "Aargau": {
        "Synthetic": {
            "[15, 18)": 0.03201835864932794,
            "[18, 24)": 0.06600371544093542,
            "[24, 30)": 0.07643973336247405,
            "[30, 45)": 0.23702327614468363,
            "[45, 65)": 0.31941864277128185,
            "[6, 15)": 0.09998907223254289,
            "[65, 80)": 0.16910720139875424
        },
        "Microcensus": {
            "[15, 18)": 0.03223331829570438,
            "[18, 24)": 0.07966176171566154,
            "[24, 30)": 0.08109089473727037,
            "[30, 45)": 0.22592135192192547,
            "[45, 65)": 0.3442287424716901,
            "[6, 15)": 0.09451157987522185,
            "[65, 80)": 0.14235235098252616
        }
    },
    "Geneve": {
        "Synthetic": {
            "[15, 18)": 0.032293658967191406,
            "[18, 24)": 0.0757687214947771,
            "[24, 30)": 0.08989259967632779,
            "[30, 45)": 0.26136530822421655,
            "[45, 65)": 0.3052817419449757,
            "[6, 15)": 0.10019126085037516,
            "[65, 80)": 0.13520670884213623
        },
        "Microcensus": {
            "[15, 18)": 0.04401423958252739,
            "[18, 24)": 0.06700017602020777,
            "[24, 30)": 0.0879354833157942,
            "[30, 45)": 0.26823151077538737,
            "[45, 65)": 0.27996387524911825,
            "[6, 15)": 0.10425187659551775,
            "[65, 80)": 0.1486028384614473
        }
    },
    "Solothurn": {
        "Synthetic": {
            "[15, 18)": 0.031178605026206153,
            "[18, 24)": 0.06329794382475473,
            "[24, 30)": 0.0779465125655154,
            "[30, 45)": 0.22134121757828248,
            "[45, 65)": 0.32630022846391615,
            "[6, 15)": 0.10200241902970031,
            "[65, 80)": 0.1779330735116248
        },
        "Microcensus": {
            "[15, 18)": 0.02909781434029056,
            "[18, 24)": 0.09230169325106363,
            "[24, 30)": 0.06951329484165869,
            "[30, 45)": 0.21141264194085868,
            "[45, 65)": 0.3453750213066415,
            "[6, 15)": 0.0982229035007073,
            "[65, 80)": 0.15407663081877981
        }
    },
    "Jura": {
        "Synthetic": {
            "[15, 18)": 0.03719224724986904,
            "[18, 24)": 0.07438449449973808,
            "[24, 30)": 0.09324253535882661,
            "[30, 45)": 0.21215295966474593,
            "[45, 65)": 0.2975379779989523,
            "[6, 15)": 0.09009952854897853,
            "[65, 80)": 0.19539025667888948
        },
        "Microcensus": {
            "[15, 18)": 0.04444556511741227,
            "[18, 24)": 0.06670023464580332,
            "[24, 30)": 0.06430776293706393,
            "[30, 45)": 0.23453222634015775,
            "[45, 65)": 0.3277026096220005,
            "[6, 15)": 0.10863869174159302,
            "[65, 80)": 0.1536729095959693
        }
    },
    "Valais": {
        "Synthetic": {
            "[15, 18)": 0.029875347687236015,