{
    "Zurich": {
        "Synthetic": {
            "0": 0.2855970257351166,
            "1": 0.4743373086765487,
            "2": 0.1933272174206943,
            "3": 0.04673844816764038
        },
        "Microcensus": {
            "0": 0.28982315032443623,
            "1": 0.48501666390828835,
            "2": 0.18093139954253393,
            "3": 0.044228786224741544
        }
    },
    "Basel-Stadt": {
        "Synthetic": {
            "0": 0.432145305003427,
            "1": 0.45133653187114464,
            "2": 0.09218642906100069,
            "3": 0.02433173406442769
        },
        "Microcensus": {
            "0": 0.49455789506165004,
            "1": 0.42016823464411823,
            "2": 0.0713451421271404,
            "3": 0.013928728167091328
        }
    },
    "St. Gallen": {
        "Synthetic": {
            "0": 0.19865671641791044,
            "1": 0.4949253731343284,
            "2": 0.2282089552238806,
            "3": 0.07820895522388059
        },
        "Microcensus": {
            "0": 0.19096587400321627,
            "1": 0.4976242509319998,
            "2": 0.24226289572920287,
            "3": 0.06914697933558109
        }
    },
    "Bern": {
        "Synthetic": {
            "0": 0.2301293900184843,
            "1": 0.5093132375941988,
            "2": 0.20339826532063132,
            "3": 0.05715910706668562
        },
        "Microcensus": {
            "0": 0.24897259131868635,
            "1": 0.4943907111482736,
            "2": 0.20313777892068308,
            "3": 0.053498918612357026
        }
    },
    "Fribourg": {
        "Synthetic": {
            "0": 0.1492462311557789,
            "1": 0.4733668341708543,
            "2": 0.27738693467336684,
            "3": 0.1
        },
        "Microcensus": {
            "0": 0.11605073118604091,
            "1": 0.4948109091076509,
            "2": 0.30436411674001806,
            "3": 0.08477424296628998
        }
    },
    "Vaud": {
        "Synthetic": {
            "0": 0.22003329633740287,
            "1": 0.4770625231224565,
            "2": 0.23732889382167963,
            "3": 0.06557528671846097
        },
        "Microcensus": {
            "0": 0.20833644296084267,
            "1": 0.472382435198633,
            "2": 0.25757545465255327,
            "3": 0.0617056671879709
        }
    },
    "Ticino": {
        "Synthetic": {
            "0": 0.18678046843985707,
            "1": 0.481341802302501,
            "2": 0.26776498610559746,
            "3": 0.06411274315204446
        },
        "Microcensus": {
            "0": 0.1742059566902462,
            "1": 0.47739451433485924,
            "2": 0.2691608792675964,
            "3": 0.07923864970729799
        }
    },
    "Aargau": {
        "Synthetic": {
            "0": 0.17202014549524342,
            "1": 0.4805819809736989,
            "2": 0.28147733631785116,
            "3": 0.0659205372132065
        },
        "Microcensus": {
            "0": 0.14557914692473514,
            "1": 0.48685212011189555,
            "2": 0.29684845840480945,
            "3": 0.07072027455855989
        }
    },
    "Geneve": {
        "Synthetic": {
            "0": 0.2963457366928083,
            "1": 0.47538795261137995,
            "2": 0.17270148506591024,
            "3": 0.05556482562990155
        },
        "Microcensus": {
            "0": 0.2776807965324759,
            "1": 0.4882428032715719,
            "2": 0.1904782285582816,
            "3": 0.043598171637670664
        }
    },
    "Solothurn": {
        "Synthetic": {
            "0": 0.17117856166256495,
            "1": 0.4856439704675964,
            "2": 0.27372162975116215,
            "3": 0.0694558381186765
        },
        "Microcensus": {
            "0": 0.1585011115173755,
            "1": 0.5010245791555663,
            "2": 0.26421407841250655,
            "3": 0.07626023091455156
        }
    },
    "Jura": {
        "Synthetic": {
            "0": 0.14715359828141783,
            "1": 0.48442534908700324,
            "2": 0.2878625134264232,
            "3": 0.08055853920515575
        },
        "Microcensus": {
            "0": 0.13456198594199814,
            "1": 0.5014659476191518,
            "2": 0.2975023960345718,
            "3": 0.06646967040427829
        }
    },
    "Valais": {
        "Synthetic": {
            "0": 0.1547745077281389,
            "1": 0.48253228879949184,
            "2": 0.2826593266991319,
            "3": 0.08003387677323735
        },
        "Microcensus": {
            "0": 0.14138525434196325,
            "1": 0.4544752854810203,
            "2": 0.3032851411974552,
            "3": 0.1008543189795612
        }
    },
    "Luzern": {
        "Synthetic": {
            "0": 0.20470236984512036,
            "1": 0.4868445605523419,
            "2": 0.2319462586303415,
            "3": 0.0765068109721963
        },
        "Microcensus": {
            "0": 0.2021836155468258,
            "1": 0.4941553097079188,
            "2": 0.24441175850472394,
            "3": 0.0592493162405315
        }
    },
    "Basel-Landschaft": {
        "Synthetic": {
            "0": 0.21986549405069838,
            "1": 0.49715468184169687,
            "2": 0.2240041386445939,
            "3": 0.058975685463010866
        },
        "Microcensus": {
            "0": 0.20924054711346005,
            "1": 0.5258246585555543,
            "2": 0.22295699113429565,
            "3": 0.041977803196690144
        }
    },
    "Neuchatel": {
        "Synthetic": {
            "0": 0.2294493216280926,
            "1": 0.48723064644852354,
            "2": 0.22106943335993615,
            "3": 0.06225059856344772
        },
        "Microcensus": {
            "0": 0.2101577038786757,
            "1": 0.4946477042334319,
            "2": 0.24266784473330089,
            "3": 0.052526747154591415
        }
    },
    "Thurgau": {
        "Synthetic": {
            "0": 0.14578280786849906,
            "1": 0.48773915386688227,
            "2": 0.27270277553220157,
            "3": 0.09377526273241714
        },
        "Microcensus": {
            "0": 0.12994993883613534,
            "1": 0.48053080137613197,
            "2": 0.292510080053199,
            "3": 0.0970091797345336
        }
    },
    "Uri": {
        "Synthetic": {
            "0": 0.1488095238095238,
            "1": 0.5337301587301587,
            "2": 0.24603174603174602,
            "3": 0.07142857142857142
        },
        "Microcensus": {
            "0": 0.1395147770009871,
            "1": 0.5973668073593057,
            "2": 0.2112369391752325,
            "3": 0.05188147646447474
        }
    },
    "Schwyz": {
        "Synthetic": {
            "0": 0.15113471752776436,
            "1": 0.4809270883631096,
            "2": 0.2901979719942057,
            "3": 0.07774022211492033
        },
        "Microcensus": {
            "0": 0.143050212000198,
            "1": 0.4606488753316202,
            "2": 0.3076800998865885,
            "3": 0.08862081278159327
        }
    },
    "Nidwalden": {
        "Synthetic": {
            "0": 0.15863453815261044,
            "1": 0.4859437751004016,
            "2": 0.2570281124497992,
            "3": 0.09839357429718876
        },
        "Microcensus": {
            "0": 0.10795721871995276,
            "1": 0.5340947892929658,
            "2": 0.26747017049103805,
            "3": 0.09047782149604339
        }
    },
    "Glarus": {
        "Synthetic": {
            "0": 0.13904761904761906,
            "1": 0.5085714285714286,
            "2": 0.2704761904761905,
            "3": 0.08190476190476191
        },
        "Microcensus": {
            "0": 0.2021806199798748,
            "1": 0.4684747842900743,
            "2": 0.2629323491056843,
            "3": 0.06641224662436662
        }
    },
    "Graubunden": {
        "Synthetic": {
            "0": 0.18745387453874537,
            "1": 0.544280442804428,
            "2": 0.2095940959409594,