{
    "Zurich": {
        "Synthetic": {
            "0": 0.49963072378138845,
            "1": 0.5003692762186115
        },
        "Microcensus": {
            "0": 0.5009089050782781,
            "1": 0.4990910949217219
        }
    },
    "Basel-Stadt": {
        "Synthetic": {
            "0": 0.47939818772439735,
            "1": 0.5206018122756026
        },
        "Microcensus": {
            "0": 0.47318191054349434,
            "1": 0.5268180894565058
        }
    },
    "St. Gallen": {
        "Synthetic": {
            "0": 0.5026293579172888,
            "1": 0.49737064208271115
        },
        "Microcensus": {
            "0": 0.4940818860988613,
            "1": 0.5059181139011387
        }
    },
    "Bern": {
        "Synthetic": {
            "0": 0.48829183331183074,
            "1": 0.5117081666881693
        },
        "Microcensus": {
            "0": 0.4881771148563954,
            "1": 0.5118228851436046
        }
    },
    "Fribourg": {
        "Synthetic": {
            "0": 0.4963216247021034,
            "1": 0.5036783752978966
        },
        "Microcensus": {
            "0": 0.46652026383289646,
            "1": 0.5334797361671035
        }
    },
    "Vaud": {
        "Synthetic": {
            "0": 0.4909407806736654,
            "1": 0.5090592193263346
        },
        "Microcensus": {
            "0": 0.47930378718242594,
            "1": 0.5206962128175742
        }
    },
    "Ticino": {
        "Synthetic": {
            "0": 0.4860027535566774,
            "1": 0.5139972464433227
        },
        "Microcensus": {
            "0": 0.4399019954463871,
            "1": 0.5600980045536129
        }
    },
    "Aargau": {
        "Synthetic": {
            "0": 0.5020286454514347,
            "1": 0.4979713545485653
        },
        "Microcensus": {
            "0": 0.4886172516331874,
            "1": 0.5113827483668125
        }
    },
    "Geneve": {
        "Synthetic": {
            "0": 0.47993716043725865,
            "1": 0.5200628395627414
        },
        "Microcensus": {
            "0": 0.4672622301152859,
            "1": 0.5327377698847141
        }
    },
    "Solothurn": {
        "Synthetic": {
            "0": 0.49680991934513064,
            "1": 0.5031900806548694
        },
        "Microcensus": {
            "0": 0.5270564541842501,
            "1": 0.47294354581575004
        }
    },
    "Jura": {
        "Synthetic": {
            "0": 0.49930907415937353,
            "1": 0.5006909258406265
        },
        "Microcensus": {
            "0": 0.5021598721555484,
            "1": 0.4978401278444516
        }
    },
    "Valais": {
        "Synthetic": {
            "0": 0.5011511188875587,
            "1": 0.4988488811124413
        },
        "Microcensus": {
            "0": 0.49309982632311666,
            "1": 0.5069001736768833
        }
    },
    "Luzern": {
        "Synthetic": {
            "0": 0.4963457760314342,
            "1": 0.5036542239685659
        },
        "Microcensus": {
            "0": 0.4913796299415567,
            "1": 0.5086203700584434
        }
    },
    "Basel-Landschaft": {
        "Synthetic": {
            "0": 0.49130938586326767,
            "1": 0.5086906141367323
        },
        "Microcensus": {
            "0": 0.504465947036257,
            "1": 0.4955340529637431
        }
    },
    "Neuchatel": {
        "Synthetic": {
            "0": 0.4867869509750319,
            "1": 0.5132130490249681
        },
        "Microcensus": {
            "0": 0.48781916461164315,
            "1": 0.5121808353883568
        }
    },
    "Thurgau": {
        "Synthetic": {
            "0": 0.5096609973388869,
            "1": 0.490339002661113
        },
        "Microcensus": {
            "0": 0.5027307179339978,
            "1": 0.4972692820660023
        }
    },
    "Uri": {
        "Synthetic": {
            "0": 0.5108333333333334,
            "1": 0.4891666666666667
        },
        "Microcensus": {
            "0": 0.5338685699056244,
            "1": 0.4661314300943756
        }
    },
    "Schwyz": {
        "Synthetic": {
            "0": 0.5205020920502093,
            "1": 0.4794979079497908
        },
        "Microcensus": {
            "0": 0.4794519972979871,
            "1": 0.520548002702013
        }
    },
    "Nidwalden": {
        "Synthetic": {
            "0": 0.5308219178082192,
            "1": 0.4691780821917808
        },
        "Microcensus": {
            "0": 0.5125251293108558,
            "1": 0.4874748706891442
        }
    },
    "Glarus": {
        "Synthetic": {
            "0": 0.5190194420963652,
            "1": 0.4809805579036348
        },
        "Microcensus": {
            "0": 0.498554193660572,
            "1": 0.5014458063394279
        }
    },
    "Graubunden": {
        "Synthetic": {
            "0": 0.4992253399896712,
            "1": 0.5007746600103288
        },
        "Microcensus": {
            "0": 0.5058754593269001,
            "1": 0.49412454067309974
        }
    },
    "Schaffhausen": {
        "Synthetic": {
            "0": 0.4860606060606061,
            "1": 0.5139393939393939
        },
        "Microcensus": {
            "0": 0.49585505926544227,
            "1": 0.5041449407345576
        }
    },
    "Zug": {
        "Synthetic": {
            "0": 0.5092172054501737,
            "1": 0.4907827945498263
        },
        "Microcensus": {
            "0": 0.5262753018553112,
            "1": 0.47372469814468887
        }
    },
    "Obwalden": {
        "Synthetic": {
            "0": 0.5221843003412969,
            "1": 0.4778156996587031
        },
        "Microcensus": {
            "0": 0.462452967614349,
            "1": 0.537547032385651
        }
    },
    "Appenzell Ausserrhoden": {
        "Synthetic": {
            "0": 0.49142857142857144,
            "1": 0.5085714285714286
        },
        "Microcensus": {
            "0": 0.4792569488761393,
            "1": 0.5207430511238607
        }
    },
    "Appenzell Innerrhoden": {
        "Synthetic": {
            "0": 0.5186721991701245,
            "1": 0.48132780082987553
        },
        "Microcensus": {
            "0": 0.6064224721216896,
            "1": 0.3935775278783104
        }
    },
    "All": {
        "Synthetic": {
            "0": 0.49585599186603607,
            "1": 0.5041440081339639
        },
        "Microcensus": {
            "0": 0.48959126732084374,
            "1": 0.5104087326791563
        }
    }
}