{
    "Zurich": {
        "Synthetic": {
            "0": {
                "0": 0.185731,
                "1": 0.476718,
                "2": 0.266988,
                "3": 0.070562
            },
            "1": {
                "0": 0.210853,
                "1": 0.4715,
                "2": 0.24975,
                "3": 0.067897
            }
        },
        "Microcensus": {
            "0": {
                "0": 0.21278,
                "1": 0.475333,
                "2": 0.237971,
                "3": 0.073916
            },
            "1": {
                "0": 0.255956,
                "1": 0.487503,
                "2": 0.211692,
                "3": 0.044849
            }
        }
    },
    "Basel-Stadt": {
        "Synthetic": {
            "0": {
                "0": 0.306348,
                "1": 0.497504,
                "2": 0.152996,
                "3": 0.043153
            },
            "1": {
                "0": 0.336289,
                "1": 0.472906,
                "2": 0.146141,
                "3": 0.044663
            }
        },
        "Microcensus": {
            "0": {
                "0": 0.38862,
                "1": 0.468144,
                "2": 0.107437,
                "3": 0.0358
            },
            "1": {
                "0": 0.494324,
                "1": 0.392797,
                "2": 0.104024,
                "3": 0.008855
            }
        }
    },
    "St. Gallen": {
        "Synthetic": {
            "0": {
                "0": 0.111987,
                "1": 0.45505,
                "2": 0.305218,
                "3": 0.127745
            },
            "1": {
                "0": 0.142149,
                "1": 0.440021,
                "2": 0.291998,
                "3": 0.125832
            }
        },
        "Microcensus": {
            "0": {
                "0": 0.101745,
                "1": 0.486205,
                "2": 0.290705,
                "3": 0.121345
            },
            "1": {
                "0": 0.153644,
                "1": 0.474932,
                "2": 0.288862,
                "3": 0.082562
            }
        }
    },
    "Bern": {
        "Synthetic": {
            "0": {
                "0": 0.140828,
                "1": 0.482132,
                "2": 0.279873,
                "3": 0.097166
            },
            "1": {
                "0": 0.166026,
                "1": 0.484715,
                "2": 0.261015,
                "3": 0.088245
            }
        },
        "Microcensus": {
            "0": {
                "0": 0.154651,
                "1": 0.511406,
                "2": 0.26601,
                "3": 0.067933
            },
            "1": {
                "0": 0.205544,
                "1": 0.506141,
                "2": 0.236089,
                "3": 0.052226
            }
        }
    },
    "Fribourg": {
        "Synthetic": {
            "0": {
                "0": 0.081211,
                "1": 0.416075,
                "2": 0.343006,
                "3": 0.159708
            },
            "1": {
                "0": 0.100597,
                "1": 0.411849,
                "2": 0.346842,
                "3": 0.140712
            }
        },
        "Microcensus": {
            "0": {
                "0": 0.069722,
                "1": 0.39718,
                "2": 0.388025,
                "3": 0.145072
            },
            "1": {
                "0": 0.101457,
                "1": 0.435222,
                "2": 0.352741,
                "3": 0.110581
            }
        }
    },
    "Vaud": {
        "Synthetic": {
            "0": {
                "0": 0.129211,
                "1": 0.436757,
                "2": 0.322408,
                "3": 0.111625
            },
            "1": {
                "0": 0.15264,
                "1": 0.437376,
                "2": 0.307668,
                "3": 0.102317
            }
        },
        "Microcensus": {
            "0": {
                "0": 0.13413,
                "1": 0.435029,
                "2": 0.3177,
                "3": 0.113141
            },
            "1": {
                "0": 0.17953,
                "1": 0.443198,
                "2": 0.311244,
                "3": 0.066029
            }
        }
    },
    "Ticino": {
        "Synthetic": {
            "0": {
                "0": 0.100472,
                "1": 0.434183,
                "2": 0.358451,
                "3": 0.106893
            },
            "1": {
                "0": 0.126607,
                "1": 0.440893,
                "2": 0.336786,
                "3": 0.095714
            }
        },
        "Microcensus": {
            "0": {
                "0": 0.0666,
                "1": 0.455068,
                "2": 0.366809,
                "3": 0.111523
            },
            "1": {
                "0": 0.145887,
                "1": 0.423954,
                "2": 0.336227,
                "3": 0.093933
            }
        }
    },
    "Aargau": {
        "Synthetic": {
            "0": {
                "0": 0.101753,
                "1": 0.430867,
                "2": 0.362415,
                "3": 0.104966
            },
            "1": {
                "0": 0.118386,
                "1": 0.431236,
                "2": 0.358202,
                "3": 0.092176
            }
        },
        "Microcensus": {
            "0": {
                "0": 0.086769,
                "1": 0.42571,
                "2": 0.379209,
                "3": 0.108312
            },
            "1": {
                "0": 0.124586,
                "1": 0.474698,
                "2": 0.32643,
                "3": 0.074285
            }
        }
    },
    "Geneve": {
        "Synthetic": {
            "0": {
                "0": 0.170758,
                "1": 0.471904,
                "2": 0.250273,
                "3": 0.107065
            },
            "1": {
                "0": 0.194462,
                "1": 0.464443,
                "2": 0.246193,
                "3": 0.094902
            }
        },
        "Microcensus": {
            "0": {
                "0": 0.188122,
                "1": 0.482714,
                "2": 0.260019,
                "3": 0.069146
            },
            "1": {
                "0": 0.244522,
                "1": 0.519336,
                "2": 0.187929,
                "3": 0.048213
            }
        }
    },
    "Solothurn": {
        "Synthetic": {
            "0": {
                "0": 0.093773,
                "1": 0.431791,
                "2": 0.355706,
                "3": 0.11873
            },
            "1": {
                "0": 0.116746,
                "1": 0.432297,
                "2": 0.347368,
                "3": 0.103589
            }
        },
        "Microcensus": {
            "0": {
                "0": 0.104096,
                "1": 0.458003,
                "2": 0.325656,
                "3": 0.112245
            },
            "1": {
                "0": 0.140327,
                "1": 0.45371,
                "2": 0.334391,
                "3": 0.071572
            }
        }
    },
    "Jura": {
        "Synthetic": {
            "0": {
                "0": 0.073801,
                "1": 0.425277,
                "2": 0.374539,
                "3": 0.126384
            },
            "1": {
                "0": 0.104876,
                "1": 0.405704,
                "2": 0.374425,
                "3": 0.114995
            }
        },
        "Microcensus": {
            "0": {
                "0": 0.082232,
                "1": 0.383305,
                "2": 0.437182,
                "3": 0.097281
            },
            "1": {
                "0": 0.079163,
                "1": 0.48927,
                "2": 0.309511,
                "3": 0.122056
            }
        }
    },
    "Valais": {
        "Synthetic": {
            "0": {
                "0": 0.088754,