{"type": "FeatureCollection", "features": [{"id": "2898", "type": "Feature", "properties": {"name": "Betschwanden, Schulhaus", "lon": 9.02724272791785, "lat": 46.946200275763886, "stop_id": ["8503246.link:7163", "8503246.link:7164"], "lines": [{"line_id": "92-546-A-j24-1", "route_id": "5.TA.92-546-A-j24-1.1.H", "mode": "bus", "line_name": "546"}, {"line_id": "96-243-6-j24-1", "route_id": "2.TA.96-243-6-j24-1.15.H", "mode": "bus", "line_name": "536"}, {"line_id": "96-243-6-j24-1", "route_id": "4.TA.96-243-6-j24-1.16.H", "mode": "bus", "line_name": "536"}, {"line_id": "92-546-A-j24-1", "route_id": "6.TA.92-546-A-j24-1.2.R", "mode": "bus", "line_name": "546"}, {"line_id": "96-243-6-j24-1", "route_id": "19.TA.96-243-6-j24-1.17.R", "mode": "bus", "line_name": "536"}], "predominant_mode": "bus", "assigned_canton": "Glarus", "modes_list": ["bus"]}, "geometry": {"type": "Point", "coordinates": [9.027242736909137, 46.94620028563384]}}, {"id": "3246", "type": "Feature", "properties": {"name": "Bilten", "lon": 9.028739924681453, "lat": 47.15307890575494, "stop_id": ["8503224:0:3.link:1360792", "8503224:0:4.link:1360718", "8503224:0:4.link:1360719"], "lines": [{"line_id": "91-2-B-j24-1", "route_id": "902.TA.91-2-B-j24-1.511.R", "mode": "rail", "line_name": "S2"}, {"line_id": "91-27-B-j24-1", "route_id": "1.TA.91-27-B-j24-1.2.H", "mode": "rail", "line_name": "S27"}, {"line_id": "91-27-B-j24-1", "route_id": "13.TA.91-27-B-j24-1.4.H", "mode": "rail", "line_name": "S27"}, {"line_id": "91-2-B-j24-1", "route_id": "889.TA.91-2-B-j24-1.510.R", "mode": "rail", "line_name": "S2"}, {"line_id": "91-2-B-j24-1", "route_id": "908.TA.91-2-B-j24-1.513.R", "mode": "rail", "line_name": "S2"}, {"line_id": "91-8-C-j24-1", "route_id": "459.TA.91-8-C-j24-1.76.H", "mode": "rail", "line_name": "S8"}, {"line_id": "91-27-B-j24-1", "route_id": "7.TA.91-27-B-j24-1.3.H", "mode": "rail", "line_name": "S27"}, {"line_id": "91-2-B-j24-1", "route_id": "379.TA.91-2-B-j24-1.35.H", "mode": "rail", "line_name": "S2"}, {"line_id": "91-2-B-j24-1", "route_id": "462.TA.91-2-B-j24-1.66.H", "mode": "rail", "line_name": "S2"}, {"line_id": "91-27-B-j24-1", "route_id": "22.TA.91-27-B-j24-1.6.R", "mode": "rail", "line_name": "S27"}, {"line_id": "91-8-C-j24-1", "route_id": "1013.TA.91-8-C-j24-1.206.R", "mode": "rail", "line_name": "S8"}, {"line_id": "91-27-B-j24-1", "route_id": "26.TA.91-27-B-j24-1.6.R", "mode": "rail", "line_name": "S27"}, {"line_id": "91-2-B-j24-1", "route_id": "466.TA.91-2-B-j24-1.67.H", "mode": "rail", "line_name": "S2"}, {"line_id": "91-27-B-j24-1", "route_id": "27.TA.91-27-B-j24-1.7.R", "mode": "rail", "line_name": "S27"}, {"line_id": "91-8-C-j24-1", "route_id": "1033.TA.91-8-C-j24-1.228.R", "mode": "rail", "line_name": "S8"}, {"line_id": "91-27-B-j24-1", "route_id": "17.TA.91-27-B-j24-1.5.R", "mode": "rail", "line_name": "S27"}, {"line_id": "91-4H-Y-j24-1", "route_id": "287.TA.91-4H-Y-j24-1.729.H", "mode": "rail", "line_name": "S"}, {"line_id": "91-2-B-j24-1", "route_id": "892.TA.91-2-B-j24-1.662.R", "mode": "rail", "line_name": "S2"}], "predominant_mode": "rail", "assigned_canton": "Glarus", "modes_list": ["rail"]}, "geometry": {"type": "Point", "coordinates": [9.028739933609447, 47.15307891569961]}}, {"id": "3247", "type": "Feature", "properties": {"name": "Bilten, Abzw. Seggenstrasse", "lon": 9.025005924419219, "lat": 47.14514078581333, "stop_id": ["8577666.link:1086575", "8577666.link:1086576"], "lines": [{"line_id": "96-245-5-j24-1", "route_id": "77.TA.96-245-5-j24-1.2.R", "mode": "bus", "line_name": "513"}, {"line_id": "96-245-5-j24-1", "route_id": "109.TA.96-245-5-j24-1.3.R", "mode": "bus", "line_name": "513"}, {"line_id": "96-245-5-j24-1", "route_id": "27.TA.96-245-5-j24-1.1.H", "mode": "bus", "line_name": "513"}, {"line_id": "96-243-6-j24-1", "route_id": "22.TA.96-243-6-j24-1.25.R", "mode": "bus", "line_name": "536"}, {"line_id": "96-243-6-j24-1", "route_id": "25.TA.96-243-6-j24-1.26.R", "mode": "bus", "line_name": "536"}, {"line_id": "96-243-6-j24-1", "route_id": "12.TA.96-243-6-j24-1.24.H", "mode": "bus", "line_name": "536"}], "predominant_mode": "bus", "assigned_canton": "Glarus", "modes_list": ["bus"]}, "geometry": {"type": "Point", "coordinates": [9.025005933346225, 47.14514079575638]}}, {"id": "3248", "type": "Feature", "properties": {"name": "Bilten, Bahnhof", "lon": 9.029587334655337, "lat": 47.15227048574161, "stop_id": ["8587512.link:913694"], "lines": [{"line_id": "96-245-5-j24-1", "route_id": "27.TA.96-245-5-j24-1.1.H", "mode": "bus", "line_name": "513"}], "predominant_mode": "bus", "assigned_canton": "Glarus", "modes_list": ["bus"]}, "geometry": {"type": "Point", "coordinates": [9.029587343584385, 47.15227049568571]}}, {"id": "3249", "type": "Feature", "properties": {"name": "Bilten, Gerbi", "lon": 9.002395334902538, "lat": 47.16020550616941, "stop_id": ["8594389.link:1784128", "8594389.link:1784129"], "lines": [{"line_id": "96-245-5-j24-1", "route_id": "27.TA.96-245-5-j24-1.1.H", "mode": "bus", "line_name": "513"}, {"line_id": "96-245-5-j24-1", "route_id": "77.TA.96-245-5-j24-1.2.R", "mode": "bus", "line_name": "513"}, {"line_id": "96-245-5-j24-1", "route_id": "109.TA.96-245-5-j24-1.3.R", "mode": "bus", "line_name": "513"}], "predominant_mode": "bus", "assigned_canton": "Glarus", "modes_list": ["bus"]}, "geometry": {"type": "Point", "coordinates": [9.002395343803421, 47.16020551612457]}}, {"id": "3250", "type": "Feature", "properties": {"name": "Bilten, Grabenstrasse", "lon": 9.02420642467098, "lat": 47.15282640582622, "stop_id": ["8506537.link:176374", "8506537.link:176375"], "lines": [{"line_id": "96-245-5-j24-1", "route_id": "27.TA.96-245-5-j24-1.1.H", "mode": "bus", "line_name": "513"}, {"line_id": "96-243-6-j24-1", "route_id": "22.TA.96-243-6-j24-1.25.R", "mode": "bus", "line_name": "536"}, {"line_id": "96-245-5-j24-1", "route_id": "77.TA.96-245-5-j24-1.2.R", "mode": "bus", "line_name": "513"}, {"line_id": "96-243-6-j24-1", "route_id": "25.TA.96-243-6-j24-1.26.R", "mode": "bus", "line_name": "536"}, {"line_id": "96-245-5-j24-1", "route_id": "109.TA.96-245-5-j24-1.3.R", "mode": "bus", "line_name": "513"}, {"line_id": "96-243-6-j24-1", "route_id": "12.TA.96-243-6-j24-1.24.H", "mode": "bus", "line_name": "536"}], "predominant_mode": "bus", "assigned_canton": "Glarus", "modes_list": ["bus"]}, "geometry": {"type": "Point", "coordinates": [9.024206433594788, 47.15282641577218]}}, {"id": "3251", "type": "Feature", "properties": {"name": "Bilten, Linth-Escherstrasse", "lon": 9.026910354650843, "lat": 47.152172745783695, "stop_id": ["8588818.link:1810152"], "lines": [{"line_id": "96-243-6-j24-1", "route_id": "22.TA.96-243-6-j24-1.25.R", "mode": "bus", "line_name": "536"}, {"line_id": "96-245-5-j24-1", "route_id": "77.TA.96-245-5-j24-1.2.R", "mode": "bus", "line_name": "513"}, {"line_id": "96-243-6-j24-1", "route_id": "25.TA.96-243-6-j24-1.26.R", "mode": "bus", "line_name": "536"}, {"line_id": "96-245-5-j24-1", "route_id": "109.TA.96-245-5-j24-1.3.R", "mode": "bus", "line_name": "513"}, {"line_id": "96-243-6-j24-1", "route_id": "12.TA.96-243-6-j24-1.24.H", "mode": "bus", "line_name": "536"}], "predominant_mode": "bus", "assigned_canton": "Glarus", "modes_list": ["bus"]}, "geometry": {"type": "Point", "coordinates": [9.026910363577407, 47.152172755728635]}}, {"id": "3252", "type": "Feature", "properties": {"name": "Bilten, S\u00e4gestrasse", "lon": 9.02080181462303, "lat": 47.15141521587969, "stop_id": ["8577680.link:176378", "8577680.link:176379"], "lines": [{"line_id": "96-245-5-j24-1", "route_id": "27.TA.96-245-5-j24-1.1.H", "mode": "bus", "line_name": "513"}, {"line_id": "96-243-6-j24-1", "route_id": "22.TA.96-243-6-j24-1.25.R", "mode": "bus", "line_name": "536"}, {"line_id": "96-245-5-j24-1", "route_id": "77.TA.96-245-5-j24-1.2.R", "mode": "bus", "line_name": "513"}, {"line_id": "96-243-6-j24-1", "route_id": "25.TA.96-243-6-j24-1.26.R", "mode": "bus", "line_name": "536"}, {"line_id": "96-245-5-j24-1", "route_id": "109.TA.96-245-5-j24-1.3.R", "mode": "bus", "line_name": "513"}, {"line_id": "96-243-6-j24-1", "route_id": "12.TA.96-243-6-j24-1.24.H", "mode": "bus", "line_name": "536"}], "predominant_mode": "bus", "assigned_canton": "Glarus", "modes_list": ["bus"]}, "geometry": {"type": "Point", "coordinates": [9.020801823544074, 47.151415225826206]}}, {"id": "3253", "type": "Feature", "properties": {"name": "Bilten, Unterbilten", "lon": 9.018654834668123, "lat": 47.15282029591348, "stop_id": ["8577685.link:230885", "8577685.link:230886"], "lines": [{"line_id": "96-245-5-j24-1", "route_id": "27.TA.96-245-5-j24-1.1.H", "mode": "bus", "line_name": "513"}, {"line_id": "96-245-5-j24-1", "route_id": "77.TA.96-245-5-j24-1.2.R", "mode": "bus", "line_name": "513"}, {"line_id": "96-245-5-j24-1", "route_id": "109.TA.96-245-5-j24-1.3.R", "mode": "bus", "line_name": "513"}], "predominant_mode": "bus", "assigned_canton": "Glarus", "modes_list": ["bus"]}, "geometry": {"type": "Point", "coordinates": [9.018654843586694, 47.15282030586113]}}, {"id": "3254", "type": "Feature", "properties": {"name": "Bilten, Ussb\u00fchl", "lon": 8.998002564962308, "lat": 47.16209287623858, "stop_id": ["8577687.link:1784132", "8577687.link:1784133"], "lines": [{"line_id": "96-245-5-j24-1", "route_id": "27.TA.96-245-5-j24-1.1.H", "mode": "bus", "line_name": "513"}, {"line_id": "96-245-5-j24-1", "route_id": "77.TA.96-245-5-j24-1.2.R", "mode": "bus", "line_name": "513"}, {"line_id": "96-245-5-j24-1", "route_id": "109.TA.96-245-5-j24-1.3.R", "mode": "bus", "line_name": "513"}], "predominant_mode": "bus", "assigned_canton": "Glarus", "modes_list": ["bus"]}, "geometry": {"type": "Point", "coordinates": [8.998002573858447, 47.16209288619572]}}, {"id": "3255", "type": "Feature", "properties": {"name": "Bilten, Zentrum", "lon": 9.022041484507792, "lat": 47.14788403586006, "stop_id": ["8587511.link:1086587", "8587511.link:1086588"], "lines": [{"line_id": "96-245-5-j24-1", "route_id": "77.TA.96-245-5-j24-1.2.R", "mode": "bus", "line_name": "513"}, {"line_id": "96-245-5-j24-1", "route_id": "109.TA.96-245-5-j24-1.3.R", "mode": "bus", "line_name": "513"}, {"line_id": "96-245-5-j24-1", "route_id": "27.TA.96-245-5-j24-1.1.H", "mode": "bus", "line_name": "513"}, {"line_id": "96-243-6-j24-1", "route_id": "22.TA.96-243-6-j24-1.25.R", "mode": "bus", "line_name": "536"}, {"line_id": "96-243-6-j24-1", "route_id": "25.TA.96-243-6-j24-1.26.R", "mode": "bus", "line_name": "536"}, {"line_id": "96-243-6-j24-1", "route_id": "12.TA.96-243-6-j24-1.24.H", "mode": "bus", "line_name": "536"}], "predominant_mode": "bus", "assigned_canton": "Glarus", "modes_list": ["bus"]}, "geometry": {"type": "Point", "coordinates": [9.022041493431125, 47.147884045804936]}}, {"id": "3861", "type": "Feature", "properties": {"name": "Braunwald", "lon": 8.998595447659458, "lat": 46.9387056362134, "stop_id": ["8503261.link:291617", "8503261.link:291618"], "lines": [{"line_id": "93-284-0-j24-1", "route_id": "65.TA.93-284-0-j24-1.1.H", "mode": "funicular", "line_name": "2840"}, {"line_id": "93-284-0-j24-1", "route_id": "132.TA.93-284-0-j24-1.2.R", "mode": "funicular", "line_name": "2840"}], "predominant_mode": "funicular", "assigned_canton": "Glarus", "modes_list": ["funicular"]}, "geometry": {"type": "Point", "coordinates": [8.998595456625768, 46.93870564608912]}}, {"id": "6812", "type": "Feature", "properties": {"name": "Diesbach GL, Feldstrasse", "lon": 9.031446838074691, "lat": 46.95095287569825, "stop_id": ["8503325.link:1941328", "8503325.link:1941329"], "lines": [{"line_id": "92-546-A-j24-1", "route_id": "5.TA.92-546-A-j24-1.1.H", "mode": "bus", "line_name": "546"}, {"line_id": "96-243-6-j24-1", "route_id": "2.TA.96-243-6-j24-1.15.H", "mode": "bus", "line_name": "536"}, {"line_id": "96-243-6-j24-1", "route_id": "4.TA.96-243-6-j24-1.16.H", "mode": "bus", "line_name": "536"}, {"line_id": "92-546-A-j24-1", "route_id": "6.TA.92-546-A-j24-1.2.R", "mode": "bus", "line_name": "546"}, {"line_id": "96-243-6-j24-1", "route_id": "19.TA.96-243-6-j24-1.17.R", "mode": "bus", "line_name": "536"}], "predominant_mode": "bus", "assigned_canton": "Glarus", "modes_list": ["bus"]}, "geometry": {"type": "Point", "coordinates": [9.031446847068509, 46.950952885568725]}}, {"id": "6813", "type": "Feature", "properties": {"name": "Diesbach-Betschwanden", "lon": 9.024925067940657, "lat": 46.94693618580037, "stop_id": ["8503237:0:1.link:1381503", "8503237:0:1.link:1381504"], "lines": [{"line_id": "91-6-G-j24-1", "route_id": "101.TA.91-6-G-j24-1.131.H", "mode": "rail", "line_name": "S6"}, {"line_id": "91-6-G-j24-1", "route_id": "74.TA.91-6-G-j24-1.24.H", "mode": "rail", "line_name": "S6"}, {"line_id": "91-6-G-j24-1", "route_id": "75.TA.91-6-G-j24-1.25.H", "mode": "rail", "line_name": "S6"}, {"line_id": "91-25-j24-1", "route_id": "488.TA.91-25-j24-1.45.R", "mode": "rail", "line_name": "S25"}, {"line_id": "91-25-j24-1", "route_id": "450.TA.91-25-j24-1.41.R", "mode": "rail", "line_name": "S25"}, {"line_id": "91-25-j24-1", "route_id": "519.TA.91-25-j24-1.47.R", "mode": "rail", "line_name": "S25"}, {"line_id": "91-25-j24-1", "route_id": "509.TA.91-25-j24-1.46.R", "mode": "rail", "line_name": "S25"}, {"line_id": "91-25-j24-1", "route_id": "372.TA.91-25-j24-1.39.R", "mode": "rail", "line_name": "S25"}, {"line_id": "91-25-j24-1", "route_id": "101.TA.91-25-j24-1.21.H", "mode": "rail", "line_name": "S25"}, {"line_id": "91-25-j24-1", "route_id": "214.TA.91-25-j24-1.27.H", "mode": "rail", "line_name": "S25"}, {"line_id": "91-25-j24-1", "route_id": "98.TA.91-25-j24-1.20.H", "mode": "rail", "line_name": "S25"}, {"line_id": "91-25-j24-1", "route_id": "247.TA.91-25-j24-1.29.H", "mode": "rail", "line_name": "S25"}, {"line_id": "91-25-j24-1", "route_id": "184.TA.91-25-j24-1.23.H", "mode": "rail", "line_name": "S25"}, {"line_id": "91-6-G-j24-1", "route_id": "174.TA.91-6-G-j24-1.52.R", "mode": "rail", "line_name": "S6"}, {"line_id": "91-25-j24-1", "route_id": "228.TA.91-25-j24-1.28.H", "mode": "rail", "line_name": "S25"}, {"line_id": "91-6-G-j24-1", "route_id": "173.TA.91-6-G-j24-1.51.R", "mode": "rail", "line_name": "S6"}, {"line_id": "91-6-G-j24-1", "route_id": "178.TA.91-6-G-j24-1.138.R", "mode": "rail", "line_name": "S6"}], "predominant_mode": "rail", "assigned_canton": "Glarus", "modes_list": ["rail"]}, "geometry": {"type": "Point", "coordinates": [9.024925076929517, 46.946936195671235]}}, {"id": "7685", "type": "Feature", "properties": {"name": "Elm (Talstation)", "lon": 9.162304426926251, "lat": 46.91377934363714, "stop_id": ["8530521.link:pt_8530521"], "lines": [{"line_id": "93-4T-Y-j24-1", "route_id": "944.TA.93-4T-Y-j24-1.2.R", "mode": "cable car", "line_name": "GB"}, {"line_id": "93-4T-Y-j24-1", "route_id": "54.TA.93-4T-Y-j24-1.1.H", "mode": "cable car", "line_name": "GB"}], "predominant_mode": "cable car", "assigned_canton": "Glarus", "modes_list": ["cable car"]}, "geometry": {"type": "Point", "coordinates": [9.162304436055313, 46.913779353453826]}}, {"id": "7686", "type": "Feature", "properties": {"name": "Elm Tschinglenalp", "lon": 9.19318850667747, "lat": 46.90570940315065, "stop_id": ["8531255.link:pt_8531255"], "lines": [{"line_id": "93-TBE-j24-1", "route_id": "72.TA.93-TBE-j24-1.1.H", "mode": "cable car", "line_name": "TBE"}, {"line_id": "93-TBE-j24-1", "route_id": "136.TA.93-TBE-j24-1.2.R", "mode": "cable car", "line_name": "TBE"}], "predominant_mode": "cable car", "assigned_canton": "Glarus", "modes_list": ["cable car"]}, "geometry": {"type": "Point", "coordinates": [9.193188515838077, 46.90570941295481]}}, {"id": "7687", "type": "Feature", "properties": {"name": "Elm T\u00f6niberg (Tschinglenbahn)", "lon": 9.185355197055795, "lat": 46.91744877327511, "stop_id": ["8531254.link:pt_8531254"], "lines": [{"line_id": "93-TBE-j24-1", "route_id": "72.TA.93-TBE-j24-1.1.H", "mode": "cable car", "line_name": "TBE"}, {"line_id": "93-TBE-j24-1", "route_id": "136.TA.93-TBE-j24-1.2.R", "mode": "cable car", "line_name": "TBE"}], "predominant_mode": "cable car", "assigned_canton": "Glarus", "modes_list": ["cable car"]}, "geometry": {"type": "Point", "coordinates": [9.185355206205385, 46.917448783086115]}}, {"id": "7688", "type": "Feature", "properties": {"name": "Elm, Altersheim", "lon": 9.168305177004745, "lat": 46.91611111354304, "stop_id": ["8503615.link:451259", "8503615.link:451260"], "lines": [{"line_id": "92-541-j24-1", "route_id": "135.TA.92-541-j24-1.13.R", "mode": "bus", "line_name": "541"}, {"line_id": "92-541-j24-1", "route_id": "43.TA.92-541-j24-1.11.H", "mode": "bus", "line_name": "541"}], "predominant_mode": "bus", "assigned_canton": "Glarus", "modes_list": ["bus"]}, "geometry": {"type": "Point", "coordinates": [9.168305186138726, 46.91611112335877]}}, {"id": "7689", "type": "Feature", "properties": {"name": "Elm, B\u00fcelstafel", "lon": 9.131896456436166, "lat": 46.89912981411363, "stop_id": ["8595523.link:1185455", "8595523.link:1185456"], "lines": [{"line_id": "92-545-A-j24-1", "route_id": "8.TA.92-545-A-j24-1.2.H", "mode": "bus", "line_name": "545"}, {"line_id": "92-545-A-j24-1", "route_id": "24.TA.92-545-A-j24-1.4.R", "mode": "bus", "line_name": "545"}], "predominant_mode": "bus", "assigned_canton": "Glarus", "modes_list": ["bus"]}, "geometry": {"type": "Point", "coordinates": [9.131896465541109, 46.89912982393393]}}, {"id": "7690", "type": "Feature", "properties": {"name": "Elm, Chappelen", "lon": 9.154039926802024, "lat": 46.910072843766635, "stop_id": ["8503619.link:1201798", "8503619.link:1201799"], "lines": [{"line_id": "92-545-A-j24-1", "route_id": "8.TA.92-545-A-j24-1.2.H", "mode": "bus", "line_name": "545"}, {"line_id": "92-545-A-j24-1", "route_id": "5.TA.92-545-A-j24-1.1.H", "mode": "bus", "line_name": "545"}, {"line_id": "92-545-A-j24-1", "route_id": "24.TA.92-545-A-j24-1.4.R", "mode": "bus", "line_name": "545"}, {"line_id": "92-545-A-j24-1", "route_id": "16.TA.92-545-A-j24-1.3.R", "mode": "bus", "line_name": "545"}], "predominant_mode": "bus", "assigned_canton": "Glarus", "modes_list": ["bus"]}, "geometry": {"type": "Point", "coordinates": [9.154039935924457, 46.91007285358443]}}, {"id": "7691", "type": "Feature", "properties": {"name": "Elm, Dorf", "lon": 9.171889447097765, "lat": 46.91892138348698, "stop_id": ["8503616.link:1201778", "8503616.link:1201779"], "lines": [{"line_id": "92-541-j24-1", "route_id": "135.TA.92-541-j24-1.13.R", "mode": "bus", "line_name": "541"}, {"line_id": "92-541-j24-1", "route_id": "43.TA.92-541-j24-1.11.H", "mode": "bus", "line_name": "541"}], "predominant_mode": "bus", "assigned_canton": "Glarus", "modes_list": ["bus"]}, "geometry": {"type": "Point", "coordinates": [9.171889456234247, 46.91892139330269]}}, {"id": "7692", "type": "Feature", "properties": {"name": "Elm, Meissenboden", "lon": 9.169356197793526, "lat": 46.94033712352904, "stop_id": ["8503258.link:1576560", "8503258.link:1576561"], "lines": [{"line_id": "92-541-j24-1", "route_id": "43.TA.92-541-j24-1.11.H", "mode": "bus", "line_name": "541"}, {"line_id": "92-541-j24-1", "route_id": "13.TA.92-541-j24-1.10.H", "mode": "bus", "line_name": "541"}, {"line_id": "92-541-j24-1", "route_id": "135.TA.92-541-j24-1.13.R", "mode": "bus", "line_name": "541"}, {"line_id": "92-541-j24-1", "route_id": "97.TA.92-541-j24-1.12.R", "mode": "bus", "line_name": "541"}], "predominant_mode": "bus", "assigned_canton": "Glarus", "modes_list": ["bus"]}, "geometry": {"type": "Point", "coordinates": [9.169356206920936, 46.94033713335361]}}, {"id": "7693", "type": "Feature", "properties": {"name": "Elm, Obererbs H\u00f6henweg", "lon": 9.11693051643607, "lat": 46.899338504348904, "stop_id": ["8585332.link:1185583", "8585332.link:1185584"], "lines": [{"line_id": "92-545-A-j24-1", "route_id": "8.TA.92-545-A-j24-1.2.H", "mode": "bus", "line_name": "545"}, {"line_id": "92-545-A-j24-1", "route_id": "24.TA.92-545-A-j24-1.4.R", "mode": "bus", "line_name": "545"}], "predominant_mode": "bus", "assigned_canton": "Glarus", "modes_list": ["bus"]}, "geometry": {"type": "Point", "coordinates": [9.116930525526808, 46.8993385141739]}}, {"id": "7694", "type": "Feature", "properties": {"name": "Elm, Obererbs Skih\u00fctte", "lon": 9.112807256446313, "lat": 46.899712924413784, "stop_id": ["8585333.link:1839255", "8585333.link:1839256"], "lines": [{"line_id": "92-545-A-j24-1", "route_id": "8.TA.92-545-A-j24-1.2.H", "mode": "bus", "line_name": "545"}, {"line_id": "92-545-A-j24-1", "route_id": "24.TA.92-545-A-j24-1.4.R", "mode": "bus", "line_name": "545"}], "predominant_mode": "bus", "assigned_canton": "Glarus", "modes_list": ["bus"]}, "geometry": {"type": "Point", "coordinates": [9.112807265533045, 46.89971293424017]}}, {"id": "7695", "type": "Feature", "properties": {"name": "Elm, Obmoos", "lon": 9.165493446951626, "lat": 46.914515703587085, "stop_id": ["8588281.link:1638426", "8588281.link:1638427"], "lines": [{"line_id": "92-541-j24-1", "route_id": "43.TA.92-541-j24-1.11.H", "mode": "bus", "line_name": "541"}, {"line_id": "92-541-j24-1", "route_id": "135.TA.92-541-j24-1.13.R", "mode": "bus", "line_name": "541"}], "predominant_mode": "bus", "assigned_canton": "Glarus", "modes_list": ["bus"]}, "geometry": {"type": "Point", "coordinates": [9.165493456083459, 46.91451571340304]}}, {"id": "7696", "type": "Feature", "properties": {"name": "Elm, R\u00fcfi", "lon": 9.149952586764043, "lat": 46.9089620738308, "stop_id": ["8503614.link:1563769", "8503614.link:1563770"], "lines": [{"line_id": "92-545-A-j24-1", "route_id": "8.TA.92-545-A-j24-1.2.H", "mode": "bus", "line_name": "545"}, {"line_id": "92-545-A-j24-1", "route_id": "5.TA.92-545-A-j24-1.1.H", "mode": "bus", "line_name": "545"}, {"line_id": "92-545-A-j24-1", "route_id": "24.TA.92-545-A-j24-1.4.R", "mode": "bus", "line_name": "545"}, {"line_id": "92-545-A-j24-1", "route_id": "16.TA.92-545-A-j24-1.3.R", "mode": "bus", "line_name": "545"}], "predominant_mode": "bus", "assigned_canton": "Glarus", "modes_list": ["bus"]}, "geometry": {"type": "Point", "coordinates": [9.149952595882972, 46.90896208364942]}}, {"id": "7697", "type": "Feature", "properties": {"name": "Elm, Schw\u00e4ndi", "lon": 9.172554207460342, "lat": 46.9300566734777, "stop_id": ["8503266.link:429734", "8503266.link:429735"], "lines": [{"line_id": "92-541-j24-1", "route_id": "43.TA.92-541-j24-1.11.H", "mode": "bus", "line_name": "541"}, {"line_id": "92-541-j24-1", "route_id": "13.TA.92-541-j24-1.10.H", "mode": "bus", "line_name": "541"}, {"line_id": "92-541-j24-1", "route_id": "135.TA.92-541-j24-1.13.R", "mode": "bus", "line_name": "541"}, {"line_id": "92-541-j24-1", "route_id": "97.TA.92-541-j24-1.12.R", "mode": "bus", "line_name": "541"}], "predominant_mode": "bus", "assigned_canton": "Glarus", "modes_list": ["bus"]}, "geometry": {"type": "Point", "coordinates": [9.172554216593973, 46.93005668329743]}}, {"id": "7698", "type": "Feature", "properties": {"name": "Elm, Sportbahnen", "lon": 9.162214596911456, "lat": 46.9133252536385, "stop_id": ["8503276.link:1024899", "8503276.link:1024900"], "lines": [{"line_id": "92-541-j24-1", "route_id": "43.TA.92-541-j24-1.11.H", "mode": "bus", "line_name": "541"}, {"line_id": "92-545-A-j24-1", "route_id": "8.TA.92-545-A-j24-1.2.H", "mode": "bus", "line_name": "545"}, {"line_id": "92-545-A-j24-1", "route_id": "5.TA.92-545-A-j24-1.1.H", "mode": "bus", "line_name": "545"}, {"line_id": "92-541-j24-1", "route_id": "135.TA.92-541-j24-1.13.R", "mode": "bus", "line_name": "541"}, {"line_id": "92-545-A-j24-1", "route_id": "16.TA.92-545-A-j24-1.3.R", "mode": "bus", "line_name": "545"}, {"line_id": "92-545-A-j24-1", "route_id": "24.TA.92-545-A-j24-1.4.R", "mode": "bus", "line_name": "545"}], "predominant_mode": "bus", "assigned_canton": "Glarus", "modes_list": ["bus"]}, "geometry": {"type": "Point", "coordinates": [9.162214606040573, 46.91332526345502]}}, {"id": "7699", "type": "Feature", "properties": {"name": "Elm, Station", "lon": 9.17305725720704, "lat": 46.922265273469016, "stop_id": ["8503277.link:1638420", "8503277.link:1638421"], "lines": [{"line_id": "92-541-j24-1", "route_id": "135.TA.92-541-j24-1.13.R", "mode": "bus", "line_name": "541"}, {"line_id": "92-541-j24-1", "route_id": "97.TA.92-541-j24-1.12.R", "mode": "bus", "line_name": "541"}, {"line_id": "92-541-j24-1", "route_id": "43.TA.92-541-j24-1.11.H", "mode": "bus", "line_name": "541"}, {"line_id": "92-541-j24-1", "route_id": "13.TA.92-541-j24-1.10.H", "mode": "bus", "line_name": "541"}], "predominant_mode": "bus", "assigned_canton": "Glarus", "modes_list": ["bus"]}, "geometry": {"type": "Point", "coordinates": [9.173057266343571, 46.92226528328564]}}, {"id": "7700", "type": "Feature", "properties": {"name": "Elm, Steinibach", "lon": 9.145613726720196, "lat": 46.907673303898875, "stop_id": ["8503613.link:1563773", "8503613.link:1563774"], "lines": [{"line_id": "92-545-A-j24-1", "route_id": "8.TA.92-545-A-j24-1.2.H", "mode": "bus", "line_name": "545"}, {"line_id": "92-545-A-j24-1", "route_id": "5.TA.92-545-A-j24-1.1.H", "mode": "bus", "line_name": "545"}, {"line_id": "92-545-A-j24-1", "route_id": "24.TA.92-545-A-j24-1.4.R", "mode": "bus", "line_name": "545"}, {"line_id": "92-545-A-j24-1", "route_id": "16.TA.92-545-A-j24-1.3.R", "mode": "bus", "line_name": "545"}], "predominant_mode": "bus", "assigned_canton": "Glarus", "modes_list": ["bus"]}, "geometry": {"type": "Point", "coordinates": [9.145613735835438, 46.907673313718284]}}, {"id": "7800", "type": "Feature", "properties": {"name": "Emp\u00e4chli", "lon": 9.155252647183557, "lat": 46.92178671374889, "stop_id": ["8530522.link:pt_8530522"], "lines": [{"line_id": "93-4T-Y-j24-1", "route_id": "944.TA.93-4T-Y-j24-1.2.R", "mode": "cable car", "line_name": "GB"}, {"line_id": "93-4T-Y-j24-1", "route_id": "54.TA.93-4T-Y-j24-1.1.H", "mode": "cable car", "line_name": "GB"}], "predominant_mode": "cable car", "assigned_canton": "Glarus", "modes_list": ["cable car"]}, "geometry": {"type": "Point", "coordinates": [9.15525265630349, 46.92178672357077]}}, {"id": "7882", "type": "Feature", "properties": {"name": "Engi, Dorf", "lon": 9.153725519096211, "lat": 46.98053829377863, "stop_id": ["8503270.link:1305305", "8503270.link:1305306"], "lines": [{"line_id": "92-541-j24-1", "route_id": "43.TA.92-541-j24-1.11.H", "mode": "bus", "line_name": "541"}, {"line_id": "92-541-j24-1", "route_id": "13.TA.92-541-j24-1.10.H", "mode": "bus", "line_name": "541"}, {"line_id": "92-541-j24-1", "route_id": "135.TA.92-541-j24-1.13.R", "mode": "bus", "line_name": "541"}, {"line_id": "92-541-j24-1", "route_id": "97.TA.92-541-j24-1.12.R", "mode": "bus", "line_name": "541"}], "predominant_mode": "bus", "assigned_canton": "Glarus", "modes_list": ["bus"]}, "geometry": {"type": "Point", "coordinates": [9.153725528196343, 46.980538303623035]}}, {"id": "7883", "type": "Feature", "properties": {"name": "Engi, Hinterdorf", "lon": 9.159232188921031, "lat": 46.97508957369154, "stop_id": ["8503273.link:1638434", "8503273.link:1638435"], "lines": [{"line_id": "92-541-j24-1", "route_id": "43.TA.92-541-j24-1.11.H", "mode": "bus", "line_name": "541"}, {"line_id": "92-541-j24-1", "route_id": "13.TA.92-541-j24-1.10.H", "mode": "bus", "line_name": "541"}, {"line_id": "92-541-j24-1", "route_id": "135.TA.92-541-j24-1.13.R", "mode": "bus", "line_name": "541"}, {"line_id": "92-541-j24-1", "route_id": "97.TA.92-541-j24-1.12.R", "mode": "bus", "line_name": "541"}], "predominant_mode": "bus", "assigned_canton": "Glarus", "modes_list": ["bus"]}, "geometry": {"type": "Point", "coordinates": [9.159232198028043, 46.975089583532245]}}, {"id": "7884", "type": "Feature", "properties": {"name": "Engi, Landesplattenberg", "lon": 9.162385278847307, "lat": 46.972784893641744, "stop_id": ["8589548.link:1638440", "8589548.link:1638441"], "lines": [{"line_id": "92-541-j24-1", "route_id": "43.TA.92-541-j24-1.11.H", "mode": "bus", "line_name": "541"}, {"line_id": "92-541-j24-1", "route_id": "13.TA.92-541-j24-1.10.H", "mode": "bus", "line_name": "541"}, {"line_id": "92-541-j24-1", "route_id": "135.TA.92-541-j24-1.13.R", "mode": "bus", "line_name": "541"}, {"line_id": "92-541-j24-1", "route_id": "97.TA.92-541-j24-1.12.R", "mode": "bus", "line_name": "541"}], "predominant_mode": "bus", "assigned_canton": "Glarus", "modes_list": ["bus"]}, "geometry": {"type": "Point", "coordinates": [9.162385287958006, 46.97278490348061]}}, {"id": "7885", "type": "Feature", "properties": {"name": "Engi, Vorderdorf", "lon": 9.144643549229611, "lat": 46.9847546939218, "stop_id": ["8503272.link:389363", "8503272.link:389364"], "lines": [{"line_id": "92-541-j24-1", "route_id": "135.TA.92-541-j24-1.13.R", "mode": "bus", "line_name": "541"}, {"line_id": "92-541-j24-1", "route_id": "97.TA.92-541-j24-1.12.R", "mode": "bus", "line_name": "541"}, {"line_id": "92-541-j24-1", "route_id": "43.TA.92-541-j24-1.11.H", "mode": "bus", "line_name": "541"}, {"line_id": "92-541-j24-1", "route_id": "13.TA.92-541-j24-1.10.H", "mode": "bus", "line_name": "541"}], "predominant_mode": "bus", "assigned_canton": "Glarus", "modes_list": ["bus"]}, "geometry": {"type": "Point", "coordinates": [9.144643558319888, 46.98475470377057]}}, {"id": "7886", "type": "Feature", "properties": {"name": "Engi, Weberei", "lon": 9.151704309238163, "lat": 46.984920153810776, "stop_id": ["8503271.link:1012104", "8503271.link:1012105"], "lines": [{"line_id": "92-541-j24-1", "route_id": "43.TA.92-541-j24-1.11.H", "mode": "bus", "line_name": "541"}, {"line_id": "92-541-j24-1", "route_id": "13.TA.92-541-j24-1.10.H", "mode": "bus", "line_name": "541"}, {"line_id": "92-541-j24-1", "route_id": "135.TA.92-541-j24-1.13.R", "mode": "bus", "line_name": "541"}, {"line_id": "92-541-j24-1", "route_id": "97.TA.92-541-j24-1.12.R", "mode": "bus", "line_name": "541"}], "predominant_mode": "bus", "assigned_canton": "Glarus", "modes_list": ["bus"]}, "geometry": {"type": "Point", "coordinates": [9.151704318335021, 46.984920163657456]}}, {"id": "7899", "type": "Feature", "properties": {"name": "Ennenda", "lon": 9.076362610786125, "lat": 47.033409164999306, "stop_id": ["8503231:0:1.link:1723719", "8503231:0:1.link:1723720"], "lines": [{"line_id": "91-6-G-j24-1", "route_id": "101.TA.91-6-G-j24-1.131.H", "mode": "rail", "line_name": "S6"}, {"line_id": "91-6-G-j24-1", "route_id": "74.TA.91-6-G-j24-1.24.H", "mode": "rail", "line_name": "S6"}, {"line_id": "91-6-G-j24-1", "route_id": "75.TA.91-6-G-j24-1.25.H", "mode": "rail", "line_name": "S6"}, {"line_id": "91-25-j24-1", "route_id": "488.TA.91-25-j24-1.45.R", "mode": "rail", "line_name": "S25"}, {"line_id": "91-25-j24-1", "route_id": "450.TA.91-25-j24-1.41.R", "mode": "rail", "line_name": "S25"}, {"line_id": "91-6-G-j24-1", "route_id": "25.TA.91-6-G-j24-1.128.H", "mode": "rail", "line_name": "S6"}, {"line_id": "91-6-G-j24-1", "route_id": "61.TA.91-6-G-j24-1.129.H", "mode": "rail", "line_name": "S6"}, {"line_id": "91-25-j24-1", "route_id": "519.TA.91-25-j24-1.47.R", "mode": "rail", "line_name": "S25"}, {"line_id": "91-25-j24-1", "route_id": "509.TA.91-25-j24-1.46.R", "mode": "rail", "line_name": "S25"}, {"line_id": "91-25-j24-1", "route_id": "372.TA.91-25-j24-1.39.R", "mode": "rail", "line_name": "S25"}, {"line_id": "91-25-j24-1", "route_id": "101.TA.91-25-j24-1.21.H", "mode": "rail", "line_name": "S25"}, {"line_id": "91-25-j24-1", "route_id": "214.TA.91-25-j24-1.27.H", "mode": "rail", "line_name": "S25"}, {"line_id": "91-6-G-j24-1", "route_id": "140.TA.91-6-G-j24-1.132.R", "mode": "rail", "line_name": "S6"}, {"line_id": "91-6-G-j24-1", "route_id": "144.TA.91-6-G-j24-1.41.R", "mode": "rail", "line_name": "S6"}, {"line_id": "91-25-j24-1", "route_id": "98.TA.91-25-j24-1.20.H", "mode": "rail", "line_name": "S25"}, {"line_id": "91-25-j24-1", "route_id": "184.TA.91-25-j24-1.23.H", "mode": "rail", "line_name": "S25"}, {"line_id": "91-25-j24-1", "route_id": "247.TA.91-25-j24-1.29.H", "mode": "rail", "line_name": "S25"}, {"line_id": "91-6-G-j24-1", "route_id": "174.TA.91-6-G-j24-1.52.R", "mode": "rail", "line_name": "S6"}, {"line_id": "91-25-j24-1", "route_id": "228.TA.91-25-j24-1.28.H", "mode": "rail", "line_name": "S25"}, {"line_id": "91-6-G-j24-1", "route_id": "173.TA.91-6-G-j24-1.51.R", "mode": "rail", "line_name": "S6"}, {"line_id": "91-6-G-j24-1", "route_id": "130.TA.91-6-G-j24-1.37.R", "mode": "rail", "line_name": "S6"}, {"line_id": "91-6-G-j24-1", "route_id": "141.TA.91-6-G-j24-1.39.R", "mode": "rail", "line_name": "S6"}, {"line_id": "91-6-G-j24-1", "route_id": "178.TA.91-6-G-j24-1.138.R", "mode": "rail", "line_name": "S6"}, {"line_id": "91-25-j24-1", "route_id": "83.TA.91-25-j24-1.17.H", "mode": "rail", "line_name": "S25"}], "predominant_mode": "rail", "assigned_canton": "Glarus", "modes_list": ["rail"]}, "geometry": {"type": "Point", "coordinates": [9.076362619796841, 47.033409174886785]}}, {"id": "7900", "type": "Feature", "properties": {"name": "Ennenda, Bahnhof", "lon": 9.077305840774763, "lat": 47.033047924984466, "stop_id": ["8595716.link:1939686", "8595716.link:1939687"], "lines": [{"line_id": "96-243-6-j24-1", "route_id": "22.TA.96-243-6-j24-1.25.R", "mode": "bus", "line_name": "536"}, {"line_id": "96-243-6-j24-1", "route_id": "25.TA.96-243-6-j24-1.26.R", "mode": "bus", "line_name": "536"}, {"line_id": "96-243-6-j24-1", "route_id": "17.TA.96-243-6-j24-1.8.R", "mode": "bus", "line_name": "536"}, {"line_id": "96-243-6-j24-1", "route_id": "9.TA.96-243-6-j24-1.23.H", "mode": "bus", "line_name": "536"}, {"line_id": "96-243-6-j24-1", "route_id": "4.TA.96-243-6-j24-1.16.H", "mode": "bus", "line_name": "536"}, {"line_id": "96-243-6-j24-1", "route_id": "12.TA.96-243-6-j24-1.24.H", "mode": "bus", "line_name": "536"}], "predominant_mode": "bus", "assigned_canton": "Glarus", "modes_list": ["bus"]}, "geometry": {"type": "Point", "coordinates": [9.077305849786478, 47.03304793487154]}}, {"id": "7901", "type": "Feature", "properties": {"name": "Ennenda, Gemeindehaus", "lon": 9.07801551079052, "lat": 47.03351937497333, "stop_id": ["8580252.link:476721", "8580252.link:476722"], "lines": [{"line_id": "96-241-5-j24-1", "route_id": "18.TA.96-241-5-j24-1.2.H", "mode": "bus", "line_name": "503"}, {"line_id": "96-241-5-j24-1", "route_id": "38.TA.96-241-5-j24-1.3.R", "mode": "bus", "line_name": "503"}], "predominant_mode": "bus", "assigned_canton": "Glarus", "modes_list": ["bus"]}, "geometry": {"type": "Point", "coordinates": [9.078015519802763, 47.0335193848604]}}, {"id": "7902", "type": "Feature", "properties": {"name": "Ennenda, Seilbahn", "lon": 9.083108950725295, "lat": 47.03144987489309, "stop_id": ["8580032.link:867263", "8580032.link:867264"], "lines": [{"line_id": "96-241-5-j24-1", "route_id": "18.TA.96-241-5-j24-1.2.H", "mode": "bus", "line_name": "503"}, {"line_id": "96-241-5-j24-1", "route_id": "38.TA.96-241-5-j24-1.3.R", "mode": "bus", "line_name": "503"}], "predominant_mode": "bus", "assigned_canton": "Glarus", "modes_list": ["bus"]}, "geometry": {"type": "Point", "coordinates": [9.08310895974299, 47.03144988477782]}}, {"id": "7903", "type": "Feature", "properties": {"name": "Ennenda, Villastrasse", "lon": 9.076686000860299, "lat": 47.03567450499442, "stop_id": ["8580486.link:1631092"], "lines": [{"line_id": "96-241-5-j24-1", "route_id": "18.TA.96-241-5-j24-1.2.H", "mode": "bus", "line_name": "503"}], "predominant_mode": "bus", "assigned_canton": "Glarus", "modes_list": ["bus"]}, "geometry": {"type": "Point", "coordinates": [9.07668600987061, 47.03567451488261]}}, {"id": "7904", "type": "Feature", "properties": {"name": "Ennenda, Wiese/Salem", "lon": 9.081006900756709, "lat": 47.03244177492624, "stop_id": ["8580487.link:1939651", "8580487.link:1939652"], "lines": [{"line_id": "96-241-5-j24-1", "route_id": "18.TA.96-241-5-j24-1.2.H", "mode": "bus", "line_name": "503"}, {"line_id": "96-241-5-j24-1", "route_id": "38.TA.96-241-5-j24-1.3.R", "mode": "bus", "line_name": "503"}], "predominant_mode": "bus", "assigned_canton": "Glarus", "modes_list": ["bus"]}, "geometry": {"type": "Point", "coordinates": [9.081006909772109, 47.03244178481198]}}, {"id": "8584", "type": "Feature", "properties": {"name": "Filzbach (Habergschw\u00e4nd Talst)", "lon": 9.127952853572578, "lat": 47.117853384193424, "stop_id": ["8530513.link:pt_8530513"], "lines": [{"line_id": "93-37-Y-j24-1", "route_id": "1259.TA.93-37-Y-j24-1.2.R", "mode": "cable car", "line_name": "SL"}, {"line_id": "93-37-Y-j24-1", "route_id": "680.TA.93-37-Y-j24-1.1.H", "mode": "cable car", "line_name": "SL"}], "predominant_mode": "cable car", "assigned_canton": "Glarus", "modes_list": ["cable car"]}, "geometry": {"type": "Point", "coordinates": [9.127952862604984, 47.11785339409543]}}, {"id": "8585", "type": "Feature", "properties": {"name": "Filzbach, Garage", "lon": 9.121898213677415, "lat": 47.1211359442888, "stop_id": ["8573892.link:141309", "8573892.link:141310", "8573892.link:141311"], "lines": [{"line_id": "96-245-2-j24-1", "route_id": "5.TA.96-245-2-j24-1.1.H", "mode": "bus", "line_name": "511"}, {"line_id": "96-245-2-j24-1", "route_id": "127.TA.96-245-2-j24-1.7.R", "mode": "bus", "line_name": "511"}, {"line_id": "96-245-4-j24-1", "route_id": "40.TA.96-245-4-j24-1.8.R", "mode": "bus", "line_name": "512"}, {"line_id": "96-245-2-j24-1", "route_id": "84.TA.96-245-2-j24-1.4.R", "mode": "bus", "line_name": "511"}, {"line_id": "96-245-2-j24-1", "route_id": "61.TA.96-245-2-j24-1.3.R", "mode": "bus", "line_name": "511"}, {"line_id": "96-243-6-j24-1", "route_id": "6.TA.96-243-6-j24-1.3.H", "mode": "bus", "line_name": "536"}, {"line_id": "96-245-2-j24-1", "route_id": "106.TA.96-245-2-j24-1.5.R", "mode": "bus", "line_name": "511"}, {"line_id": "96-245-2-j24-1", "route_id": "135.TA.96-245-2-j24-1.8.R", "mode": "bus", "line_name": "511"}, {"line_id": "96-245-2-j24-1", "route_id": "48.TA.96-245-2-j24-1.2.H", "mode": "bus", "line_name": "511"}, {"line_id": "96-245-4-j24-1", "route_id": "21.TA.96-245-4-j24-1.5.H", "mode": "bus", "line_name": "512"}, {"line_id": "96-245-2-j24-1", "route_id": "38.TA.96-245-2-j24-1.17.H", "mode": "bus", "line_name": "511"}], "predominant_mode": "bus", "assigned_canton": "Glarus", "modes_list": ["bus"]}, "geometry": {"type": "Point", "coordinates": [9.121898222703106, 47.12113595419384]}}, {"id": "8586", "type": "Feature", "properties": {"name": "Filzbach, Milchzentrale", "lon": 9.131734763625538, "lat": 47.11941827413403, "stop_id": ["8573893.link:298305", "8573893.link:298306"], "lines": [{"line_id": "96-245-2-j24-1", "route_id": "127.TA.96-245-2-j24-1.7.R", "mode": "bus", "line_name": "511"}, {"line_id": "96-245-2-j24-1", "route_id": "84.TA.96-245-2-j24-1.4.R", "mode": "bus", "line_name": "511"}, {"line_id": "96-245-2-j24-1", "route_id": "61.TA.96-245-2-j24-1.3.R", "mode": "bus", "line_name": "511"}, {"line_id": "96-243-6-j24-1", "route_id": "6.TA.96-243-6-j24-1.3.H", "mode": "bus", "line_name": "536"}, {"line_id": "96-245-2-j24-1", "route_id": "135.TA.96-245-2-j24-1.8.R", "mode": "bus", "line_name": "511"}, {"line_id": "96-245-2-j24-1", "route_id": "48.TA.96-245-2-j24-1.2.H", "mode": "bus", "line_name": "511"}, {"line_id": "96-245-2-j24-1", "route_id": "5.TA.96-245-2-j24-1.1.H", "mode": "bus", "line_name": "511"}, {"line_id": "96-245-2-j24-1", "route_id": "38.TA.96-245-2-j24-1.17.H", "mode": "bus", "line_name": "511"}], "predominant_mode": "bus", "assigned_canton": "Glarus", "modes_list": ["bus"]}, "geometry": {"type": "Point", "coordinates": [9.131734772660977, 47.11941828403542]}}, {"id": "8587", "type": "Feature", "properties": {"name": "Filzbach, Reutegg", "lon": 9.140017233676891, "lat": 47.12087310400388, "stop_id": ["8573894.link:594346", "8573894.link:594347"], "lines": [{"line_id": "96-245-2-j24-1", "route_id": "127.TA.96-245-2-j24-1.7.R", "mode": "bus", "line_name": "511"}, {"line_id": "96-245-2-j24-1", "route_id": "84.TA.96-245-2-j24-1.4.R", "mode": "bus", "line_name": "511"}, {"line_id": "96-245-2-j24-1", "route_id": "61.TA.96-245-2-j24-1.3.R", "mode": "bus", "line_name": "511"}, {"line_id": "96-243-6-j24-1", "route_id": "6.TA.96-243-6-j24-1.3.H", "mode": "bus", "line_name": "536"}, {"line_id": "96-245-2-j24-1", "route_id": "135.TA.96-245-2-j24-1.8.R", "mode": "bus", "line_name": "511"}, {"line_id": "96-245-2-j24-1", "route_id": "48.TA.96-245-2-j24-1.2.H", "mode": "bus", "line_name": "511"}, {"line_id": "96-245-2-j24-1", "route_id": "5.TA.96-245-2-j24-1.1.H", "mode": "bus", "line_name": "511"}, {"line_id": "96-245-2-j24-1", "route_id": "38.TA.96-245-2-j24-1.17.H", "mode": "bus", "line_name": "511"}], "predominant_mode": "bus", "assigned_canton": "Glarus", "modes_list": ["bus"]}, "geometry": {"type": "Point", "coordinates": [9.140017242719612, 47.12087311390326]}}, {"id": "8588", "type": "Feature", "properties": {"name": "Filzbach, R\u00f6merturm", "lon": 9.117945623677649, "lat": 47.12119707435095, "stop_id": ["8573891.link:594360", "8573891.link:594361"], "lines": [{"line_id": "96-245-2-j24-1", "route_id": "127.TA.96-245-2-j24-1.7.R", "mode": "bus", "line_name": "511"}, {"line_id": "96-245-4-j24-1", "route_id": "40.TA.96-245-4-j24-1.8.R", "mode": "bus", "line_name": "512"}, {"line_id": "96-245-2-j24-1", "route_id": "84.TA.96-245-2-j24-1.4.R", "mode": "bus", "line_name": "511"}, {"line_id": "96-245-2-j24-1", "route_id": "106.TA.96-245-2-j24-1.5.R", "mode": "bus", "line_name": "511"}, {"line_id": "96-245-2-j24-1", "route_id": "135.TA.96-245-2-j24-1.8.R", "mode": "bus", "line_name": "511"}, {"line_id": "96-245-2-j24-1", "route_id": "48.TA.96-245-2-j24-1.2.H", "mode": "bus", "line_name": "511"}, {"line_id": "96-245-4-j24-1", "route_id": "21.TA.96-245-4-j24-1.5.H", "mode": "bus", "line_name": "512"}, {"line_id": "96-245-2-j24-1", "route_id": "38.TA.96-245-2-j24-1.17.H", "mode": "bus", "line_name": "511"}], "predominant_mode": "bus", "assigned_canton": "Glarus", "modes_list": ["bus"]}, "geometry": {"type": "Point", "coordinates": [9.117945632699614, 47.12119708425723]}}, {"id": "8589", "type": "Feature", "properties": {"name": "Filzbach, Sportzentrum", "lon": 9.128473883662537, "lat": 47.1205919241854, "stop_id": ["8509771.link:1056329", "8509771.link:1056330"], "lines": [{"line_id": "96-245-2-j24-1", "route_id": "127.TA.96-245-2-j24-1.7.R", "mode": "bus", "line_name": "511"}, {"line_id": "96-245-2-j24-1", "route_id": "84.TA.96-245-2-j24-1.4.R", "mode": "bus", "line_name": "511"}, {"line_id": "96-245-2-j24-1", "route_id": "61.TA.96-245-2-j24-1.3.R", "mode": "bus", "line_name": "511"}, {"line_id": "96-243-6-j24-1", "route_id": "6.TA.96-243-6-j24-1.3.H", "mode": "bus", "line_name": "536"}, {"line_id": "96-245-2-j24-1", "route_id": "135.TA.96-245-2-j24-1.8.R", "mode": "bus", "line_name": "511"}, {"line_id": "96-245-2-j24-1", "route_id": "48.TA.96-245-2-j24-1.2.H", "mode": "bus", "line_name": "511"}, {"line_id": "96-245-2-j24-1", "route_id": "5.TA.96-245-2-j24-1.1.H", "mode": "bus", "line_name": "511"}, {"line_id": "96-245-2-j24-1", "route_id": "38.TA.96-245-2-j24-1.17.H", "mode": "bus", "line_name": "511"}], "predominant_mode": "bus", "assigned_canton": "Glarus", "modes_list": ["bus"]}, "geometry": {"type": "Point", "coordinates": [9.128473892694553, 47.12059193408823]}}, {"id": "9182", "type": "Feature", "properties": {"name": "Fronalp (GL), Unter Stafel", "lon": 9.091157862024122, "lat": 47.07106862476935, "stop_id": ["8588333.link:1968725", "8588333.link:1968726"], "lines": [{"line_id": "92-519-A-j24-1", "route_id": "2.TA.92-519-A-j24-1.1.H", "mode": "bus", "line_name": "519"}, {"line_id": "92-519-A-j24-1", "route_id": "3.TA.92-519-A-j24-1.2.R", "mode": "bus", "line_name": "519"}], "predominant_mode": "bus", "assigned_canton": "Glarus", "modes_list": ["bus"]}, "geometry": {"type": "Point", "coordinates": [9.091157871036907, 47.07106863466597]}}, {"id": "9884", "type": "Feature", "properties": {"name": "Glarus", "lon": 9.0714667910192, "lat": 47.04061301507682, "stop_id": ["8503230:0:1.link:1722807", "8503230:0:1.link:1722808", "8503230:0:2.link:1951683"], "lines": [{"line_id": "91-6-G-j24-1", "route_id": "101.TA.91-6-G-j24-1.131.H", "mode": "rail", "line_name": "S6"}, {"line_id": "91-6-G-j24-1", "route_id": "74.TA.91-6-G-j24-1.24.H", "mode": "rail", "line_name": "S6"}, {"line_id": "91-6-G-j24-1", "route_id": "75.TA.91-6-G-j24-1.25.H", "mode": "rail", "line_name": "S6"}, {"line_id": "91-25-j24-1", "route_id": "488.TA.91-25-j24-1.45.R", "mode": "rail", "line_name": "S25"}, {"line_id": "91-25-j24-1", "route_id": "450.TA.91-25-j24-1.41.R", "mode": "rail", "line_name": "S25"}, {"line_id": "91-6-G-j24-1", "route_id": "25.TA.91-6-G-j24-1.128.H", "mode": "rail", "line_name": "S6"}, {"line_id": "91-6-G-j24-1", "route_id": "61.TA.91-6-G-j24-1.129.H", "mode": "rail", "line_name": "S6"}, {"line_id": "91-25-j24-1", "route_id": "519.TA.91-25-j24-1.47.R", "mode": "rail", "line_name": "S25"}, {"line_id": "91-25-j24-1", "route_id": "509.TA.91-25-j24-1.46.R", "mode": "rail", "line_name": "S25"}, {"line_id": "91-25-j24-1", "route_id": "372.TA.91-25-j24-1.39.R", "mode": "rail", "line_name": "S25"}, {"line_id": "91-6-G-j24-1", "route_id": "173.TA.91-6-G-j24-1.51.R", "mode": "rail", "line_name": "S6"}, {"line_id": "91-25-j24-1", "route_id": "98.TA.91-25-j24-1.20.H", "mode": "rail", "line_name": "S25"}, {"line_id": "91-6-G-j24-1", "route_id": "141.TA.91-6-G-j24-1.39.R", "mode": "rail", "line_name": "S6"}, {"line_id": "91-25-j24-1", "route_id": "101.TA.91-25-j24-1.21.H", "mode": "rail", "line_name": "S25"}, {"line_id": "91-25-j24-1", "route_id": "214.TA.91-25-j24-1.27.H", "mode": "rail", "line_name": "S25"}, {"line_id": "91-6-G-j24-1", "route_id": "140.TA.91-6-G-j24-1.132.R", "mode": "rail", "line_name": "S6"}, {"line_id": "91-6-G-j24-1", "route_id": "144.TA.91-6-G-j24-1.41.R", "mode": "rail", "line_name": "S6"}, {"line_id": "91-25-j24-1", "route_id": "184.TA.91-25-j24-1.23.H", "mode": "rail", "line_name": "S25"}, {"line_id": "91-25-j24-1", "route_id": "247.TA.91-25-j24-1.29.H", "mode": "rail", "line_name": "S25"}, {"line_id": "91-6-G-j24-1", "route_id": "174.TA.91-6-G-j24-1.52.R", "mode": "rail", "line_name": "S6"}, {"line_id": "91-6-G-j24-1", "route_id": "130.TA.91-6-G-j24-1.37.R", "mode": "rail", "line_name": "S6"}, {"line_id": "91-25-j24-1", "route_id": "228.TA.91-25-j24-1.28.H", "mode": "rail", "line_name": "S25"}, {"line_id": "91-6-G-j24-1", "route_id": "178.TA.91-6-G-j24-1.138.R", "mode": "rail", "line_name": "S6"}, {"line_id": "91-25-j24-1", "route_id": "83.TA.91-25-j24-1.17.H", "mode": "rail", "line_name": "S25"}], "predominant_mode": "rail", "assigned_canton": "Glarus", "modes_list": ["rail"]}, "geometry": {"type": "Point", "coordinates": [9.071466800023039, 47.04061302496842]}}, {"id": "9885", "type": "Feature", "properties": {"name": "Glarus, Bahnhof", "lon": 9.07148475099106, "lat": 47.039751875076504, "stop_id": ["8573902.link:496821", "8573902.link:715125", "8573902.link:715126", "8573902.link:715127"], "lines": [{"line_id": "96-243-6-j24-1", "route_id": "16.TA.96-243-6-j24-1.7.R", "mode": "bus", "line_name": "536"}, {"line_id": "96-243-6-j24-1", "route_id": "17.TA.96-243-6-j24-1.8.R", "mode": "bus", "line_name": "536"}, {"line_id": "96-241-5-j24-1", "route_id": "18.TA.96-241-5-j24-1.2.H", "mode": "bus", "line_name": "503"}, {"line_id": "96-241-6-j24-1", "route_id": "26.TA.96-241-6-j24-1.8.R", "mode": "bus", "line_name": "504"}, {"line_id": "96-241-5-j24-1", "route_id": "58.TA.96-241-5-j24-1.4.R", "mode": "bus", "line_name": "503"}, {"line_id": "96-241-7-j24-1", "route_id": "39.TA.96-241-7-j24-1.4.R", "mode": "bus", "line_name": "501"}, {"line_id": "96-241-8-j24-1", "route_id": "32.TA.96-241-8-j24-1.3.R", "mode": "bus", "line_name": "502"}, {"line_id": "96-243-6-j24-1", "route_id": "12.TA.96-243-6-j24-1.24.H", "mode": "bus", "line_name": "536"}, {"line_id": "96-243-6-j24-1", "route_id": "9.TA.96-243-6-j24-1.23.H", "mode": "bus", "line_name": "536"}, {"line_id": "96-241-6-j24-1", "route_id": "32.TA.96-241-6-j24-1.8.R", "mode": "bus", "line_name": "504"}, {"line_id": "96-241-8-j24-1", "route_id": "1.TA.96-241-8-j24-1.1.H", "mode": "bus", "line_name": "502"}, {"line_id": "96-241-6-j24-1", "route_id": "8.TA.96-241-6-j24-1.6.H", "mode": "bus", "line_name": "504"}, {"line_id": "96-243-6-j24-1", "route_id": "22.TA.96-243-6-j24-1.25.R", "mode": "bus", "line_name": "536"}, {"line_id": "96-241-7-j24-1", "route_id": "7.TA.96-241-7-j24-1.3.H", "mode": "bus", "line_name": "501"}, {"line_id": "96-241-5-j24-1", "route_id": "14.TA.96-241-5-j24-1.1.H", "mode": "bus", "line_name": "503"}, {"line_id": "96-243-6-j24-1", "route_id": "25.TA.96-243-6-j24-1.26.R", "mode": "bus", "line_name": "536"}, {"line_id": "96-241-6-j24-1", "route_id": "16.TA.96-241-6-j24-1.7.H", "mode": "bus", "line_name": "504"}, {"line_id": "96-241-8-j24-1", "route_id": "5.TA.96-241-8-j24-1.2.H", "mode": "bus", "line_name": "502"}, {"line_id": "96-241-5-j24-1", "route_id": "38.TA.96-241-5-j24-1.3.R", "mode": "bus", "line_name": "503"}, {"line_id": "96-243-6-j24-1", "route_id": "4.TA.96-243-6-j24-1.16.H", "mode": "bus", "line_name": "536"}], "predominant_mode": "bus", "assigned_canton": "Glarus", "modes_list": ["bus"]}, "geometry": {"type": "Point", "coordinates": [9.071484759995183, 47.03975188496781]}}, {"id": "9886", "type": "Feature", "properties": {"name": "Glarus, Buchholz", "lon": 9.062681261259957, "lat": 47.04810765521549, "stop_id": ["8580493.link:476552", "8580493.link:476553"], "lines": [{"line_id": "96-241-6-j24-1", "route_id": "26.TA.96-241-6-j24-1.8.R", "mode": "bus", "line_name": "504"}, {"line_id": "96-241-7-j24-1", "route_id": "39.TA.96-241-7-j24-1.4.R", "mode": "bus", "line_name": "501"}, {"line_id": "96-241-8-j24-1", "route_id": "32.TA.96-241-8-j24-1.3.R", "mode": "bus", "line_name": "502"}, {"line_id": "96-243-6-j24-1", "route_id": "12.TA.96-243-6-j24-1.24.H", "mode": "bus", "line_name": "536"}, {"line_id": "96-243-6-j24-1", "route_id": "9.TA.96-243-6-j24-1.23.H", "mode": "bus", "line_name": "536"}, {"line_id": "96-241-6-j24-1", "route_id": "32.TA.96-241-6-j24-1.8.R", "mode": "bus", "line_name": "504"}, {"line_id": "96-241-8-j24-1", "route_id": "1.TA.96-241-8-j24-1.1.H", "mode": "bus", "line_name": "502"}, {"line_id": "96-241-6-j24-1", "route_id": "8.TA.96-241-6-j24-1.6.H", "mode": "bus", "line_name": "504"}, {"line_id": "96-243-6-j24-1", "route_id": "22.TA.96-243-6-j24-1.25.R", "mode": "bus", "line_name": "536"}, {"line_id": "96-241-7-j24-1", "route_id": "7.TA.96-241-7-j24-1.3.H", "mode": "bus", "line_name": "501"}, {"line_id": "96-243-6-j24-1", "route_id": "25.TA.96-243-6-j24-1.26.R", "mode": "bus", "line_name": "536"}, {"line_id": "96-241-6-j24-1", "route_id": "16.TA.96-241-6-j24-1.7.H", "mode": "bus", "line_name": "504"}, {"line_id": "96-241-8-j24-1", "route_id": "5.TA.96-241-8-j24-1.2.H", "mode": "bus", "line_name": "502"}], "predominant_mode": "bus", "assigned_canton": "Glarus", "modes_list": ["bus"]}, "geometry": {"type": "Point", "coordinates": [9.062681270253153, 47.04810766511251]}}, {"id": "9887", "type": "Feature", "properties": {"name": "Glarus, Friedhof", "lon": 9.063040590972436, "lat": 47.03930496520922, "stop_id": ["8580903.link:377426", "8580903.link:377427"], "lines": [{"line_id": "96-241-5-j24-1", "route_id": "58.TA.96-241-5-j24-1.4.R", "mode": "bus", "line_name": "503"}, {"line_id": "96-241-5-j24-1", "route_id": "14.TA.96-241-5-j24-1.1.H", "mode": "bus", "line_name": "503"}], "predominant_mode": "bus", "assigned_canton": "Glarus", "modes_list": ["bus"]}, "geometry": {"type": "Point", "coordinates": [9.063040599968732, 47.03930497510287]}}, {"id": "9888", "type": "Feature", "properties": {"name": "Glarus, Kantonsschule/Spital", "lon": 9.06630148114142, "lat": 47.044428825158306, "stop_id": ["8580494.link:297767", "8580494.link:297768"], "lines": [{"line_id": "96-241-6-j24-1", "route_id": "26.TA.96-241-6-j24-1.8.R", "mode": "bus", "line_name": "504"}, {"line_id": "96-241-7-j24-1", "route_id": "39.TA.96-241-7-j24-1.4.R", "mode": "bus", "line_name": "501"}, {"line_id": "96-241-8-j24-1", "route_id": "32.TA.96-241-8-j24-1.3.R", "mode": "bus", "line_name": "502"}, {"line_id": "96-243-6-j24-1", "route_id": "12.TA.96-243-6-j24-1.24.H", "mode": "bus", "line_name": "536"}, {"line_id": "96-243-6-j24-1", "route_id": "9.TA.96-243-6-j24-1.23.H", "mode": "bus", "line_name": "536"}, {"line_id": "96-241-6-j24-1", "route_id": "32.TA.96-241-6-j24-1.8.R", "mode": "bus", "line_name": "504"}, {"line_id": "96-241-8-j24-1", "route_id": "1.TA.96-241-8-j24-1.1.H", "mode": "bus", "line_name": "502"}, {"line_id": "96-241-6-j24-1", "route_id": "8.TA.96-241-6-j24-1.6.H", "mode": "bus", "line_name": "504"}, {"line_id": "96-243-6-j24-1", "route_id": "22.TA.96-243-6-j24-1.25.R", "mode": "bus", "line_name": "536"}, {"line_id": "96-241-7-j24-1", "route_id": "7.TA.96-241-7-j24-1.3.H", "mode": "bus", "line_name": "501"}, {"line_id": "96-243-6-j24-1", "route_id": "25.TA.96-243-6-j24-1.26.R", "mode": "bus", "line_name": "536"}, {"line_id": "96-241-6-j24-1", "route_id": "16.TA.96-241-6-j24-1.7.H", "mode": "bus", "line_name": "504"}, {"line_id": "96-241-8-j24-1", "route_id": "5.TA.96-241-8-j24-1.2.H", "mode": "bus", "line_name": "502"}], "predominant_mode": "bus", "assigned_canton": "Glarus", "modes_list": ["bus"]}, "geometry": {"type": "Point", "coordinates": [9.06630149013919, 47.0444288350529]}}, {"id": "9889", "type": "Feature", "properties": {"name": "Glarus, Lurigenstrasse", "lon": 9.057821381210221, "lat": 47.046656965291774, "stop_id": ["8580271.link:448333", "8580271.link:448334"], "lines": [{"line_id": "96-241-6-j24-1", "route_id": "26.TA.96-241-6-j24-1.8.R", "mode": "bus", "line_name": "504"}, {"line_id": "96-241-7-j24-1", "route_id": "39.TA.96-241-7-j24-1.4.R", "mode": "bus", "line_name": "501"}, {"line_id": "96-243-6-j24-1", "route_id": "12.TA.96-243-6-j24-1.24.H", "mode": "bus", "line_name": "536"}, {"line_id": "96-243-6-j24-1", "route_id": "9.TA.96-243-6-j24-1.23.H", "mode": "bus", "line_name": "536"}, {"line_id": "96-241-6-j24-1", "route_id": "32.TA.96-241-6-j24-1.8.R", "mode": "bus", "line_name": "504"}, {"line_id": "96-241-6-j24-1", "route_id": "8.TA.96-241-6-j24-1.6.H", "mode": "bus", "line_name": "504"}, {"line_id": "96-243-6-j24-1", "route_id": "22.TA.96-243-6-j24-1.25.R", "mode": "bus", "line_name": "536"}, {"line_id": "96-241-7-j24-1", "route_id": "7.TA.96-241-7-j24-1.3.H", "mode": "bus", "line_name": "501"}, {"line_id": "96-243-6-j24-1", "route_id": "25.TA.96-243-6-j24-1.26.R", "mode": "bus", "line_name": "536"}, {"line_id": "96-241-6-j24-1", "route_id": "16.TA.96-241-6-j24-1.7.H", "mode": "bus", "line_name": "504"}], "predominant_mode": "bus", "assigned_canton": "Glarus", "modes_list": ["bus"]}, "geometry": {"type": "Point", "coordinates": [9.05782139019928, 47.0466569751897]}}, {"id": "9890", "type": "Feature", "properties": {"name": "Glarus, Pfrundhaus", "lon": 9.05973479098207, "lat": 47.03964779526118, "stop_id": ["8582609.link:1854970", "8582609.link:1854971"], "lines": [{"line_id": "96-241-5-j24-1", "route_id": "14.TA.96-241-5-j24-1.1.H", "mode": "bus", "line_name": "503"}, {"line_id": "96-241-5-j24-1", "route_id": "58.TA.96-241-5-j24-1.4.R", "mode": "bus", "line_name": "503"}], "predominant_mode": "bus", "assigned_canton": "Glarus", "modes_list": ["bus"]}, "geometry": {"type": "Point", "coordinates": [9.059734799975136, 47.03964780515599]}}, {"id": "9891", "type": "Feature", "properties": {"name": "Glarus, Rathaus", "lon": 9.067388441000913, "lat": 47.04011306514093, "stop_id": ["8580288.link:1084894", "8580288.link:1084895"], "lines": [{"line_id": "96-241-5-j24-1", "route_id": "58.TA.96-241-5-j24-1.4.R", "mode": "bus", "line_name": "503"}, {"line_id": "96-241-5-j24-1", "route_id": "14.TA.96-241-5-j24-1.1.H", "mode": "bus", "line_name": "503"}], "predominant_mode": "bus", "assigned_canton": "Glarus", "modes_list": ["bus"]}, "geometry": {"type": "Point", "coordinates": [9.067388450001058, 47.040113075033574]}}, {"id": "9892", "type": "Feature", "properties": {"name": "Glarus, Sch\u00fctzenhaus", "lon": 9.064900100946911, "lat": 47.038496855179915, "stop_id": ["8580904.link:39016", "8580904.link:39017"], "lines": [{"line_id": "96-241-5-j24-1", "route_id": "58.TA.96-241-5-j24-1.4.R", "mode": "bus", "line_name": "503"}, {"line_id": "96-241-5-j24-1", "route_id": "14.TA.96-241-5-j24-1.1.H", "mode": "bus", "line_name": "503"}], "predominant_mode": "bus", "assigned_canton": "Glarus", "modes_list": ["bus"]}, "geometry": {"type": "Point", "coordinates": [9.064900109945217, 47.038496865072744]}}, {"id": "9893", "type": "Feature", "properties": {"name": "Glarus, Stampf", "lon": 9.068529301041869, "lat": 47.041349675123065, "stop_id": ["8580266.link:1000635", "8580266.link:1000636"], "lines": [{"line_id": "96-241-6-j24-1", "route_id": "26.TA.96-241-6-j24-1.8.R", "mode": "bus", "line_name": "504"}, {"line_id": "96-241-7-j24-1", "route_id": "39.TA.96-241-7-j24-1.4.R", "mode": "bus", "line_name": "501"}, {"line_id": "96-241-8-j24-1", "route_id": "32.TA.96-241-8-j24-1.3.R", "mode": "bus", "line_name": "502"}, {"line_id": "96-243-6-j24-1", "route_id": "12.TA.96-243-6-j24-1.24.H", "mode": "bus", "line_name": "536"}, {"line_id": "96-243-6-j24-1", "route_id": "9.TA.96-243-6-j24-1.23.H", "mode": "bus", "line_name": "536"}, {"line_id": "96-241-6-j24-1", "route_id": "32.TA.96-241-6-j24-1.8.R", "mode": "bus", "line_name": "504"}, {"line_id": "96-241-8-j24-1", "route_id": "1.TA.96-241-8-j24-1.1.H", "mode": "bus", "line_name": "502"}, {"line_id": "96-241-6-j24-1", "route_id": "8.TA.96-241-6-j24-1.6.H", "mode": "bus", "line_name": "504"}, {"line_id": "96-243-6-j24-1", "route_id": "22.TA.96-243-6-j24-1.25.R", "mode": "bus", "line_name": "536"}, {"line_id": "96-241-7-j24-1", "route_id": "7.TA.96-241-7-j24-1.3.H", "mode": "bus", "line_name": "501"}, {"line_id": "96-243-6-j24-1", "route_id": "25.TA.96-243-6-j24-1.26.R", "mode": "bus", "line_name": "536"}, {"line_id": "96-241-6-j24-1", "route_id": "16.TA.96-241-6-j24-1.7.H", "mode": "bus", "line_name": "504"}, {"line_id": "96-241-8-j24-1", "route_id": "5.TA.96-241-8-j24-1.2.H", "mode": "bus", "line_name": "502"}], "predominant_mode": "bus", "assigned_canton": "Glarus", "modes_list": ["bus"]}, "geometry": {"type": "Point", "coordinates": [9.068529310042699, 47.04134968501584]}}, {"id": "10967", "type": "Feature", "properties": {"name": "Habergschw\u00e4nd", "lon": 9.124808753124743, "lat": 47.10422583424218, "stop_id": ["8530514.link:pt_8530514"], "lines": [{"line_id": "93-37-Y-j24-1", "route_id": "1259.TA.93-37-Y-j24-1.2.R", "mode": "cable car", "line_name": "SL"}, {"line_id": "93-37-Y-j24-1", "route_id": "680.TA.93-37-Y-j24-1.1.H", "mode": "cable car", "line_name": "SL"}], "predominant_mode": "cable car", "assigned_canton": "Glarus", "modes_list": ["cable car"]}, "geometry": {"type": "Point", "coordinates": [9.124808762158564, 47.10422584414036]}}, {"id": "11091", "type": "Feature", "properties": {"name": "Haslen GL, Chappeli", "lon": 9.06217820916175, "lat": 46.983847705218196, "stop_id": ["8503244.link:767128", "8503244.link:767129"], "lines": [{"line_id": "92-546-A-j24-1", "route_id": "5.TA.92-546-A-j24-1.1.H", "mode": "bus", "line_name": "546"}, {"line_id": "92-544-A-j24-1", "route_id": "17.TA.92-544-A-j24-1.7.H", "mode": "bus", "line_name": "544"}, {"line_id": "92-546-A-j24-1", "route_id": "6.TA.92-546-A-j24-1.2.R", "mode": "bus", "line_name": "546"}, {"line_id": "92-544-A-j24-1", "route_id": "28.TA.92-544-A-j24-1.8.R", "mode": "bus", "line_name": "544"}], "predominant_mode": "bus", "assigned_canton": "Glarus", "modes_list": ["bus"]}, "geometry": {"type": "Point", "coordinates": [9.062178218174544, 46.98384771509171]}}, {"id": "11092", "type": "Feature", "properties": {"name": "Haslen GL, Hinterhaslen", "lon": 9.058144769116833, "lat": 46.982530095281554, "stop_id": ["8588556.link:1333618", "8588556.link:1333619"], "lines": [{"line_id": "92-546-A-j24-1", "route_id": "5.TA.92-546-A-j24-1.1.H", "mode": "bus", "line_name": "546"}, {"line_id": "92-546-A-j24-1", "route_id": "6.TA.92-546-A-j24-1.2.R", "mode": "bus", "line_name": "546"}], "predominant_mode": "bus", "assigned_canton": "Glarus", "modes_list": ["bus"]}, "geometry": {"type": "Point", "coordinates": [9.058144778126216, 46.9825301051558]}}, {"id": "11093", "type": "Feature", "properties": {"name": "Haslen GL, Tannenberg", "lon": 9.067981319007643, "lat": 46.97903673512661, "stop_id": ["8510044.link:463201", "8510044.link:463202"], "lines": [{"line_id": "92-544-A-j24-1", "route_id": "17.TA.92-544-A-j24-1.7.H", "mode": "bus", "line_name": "544"}, {"line_id": "92-544-A-j24-1", "route_id": "28.TA.92-544-A-j24-1.8.R", "mode": "bus", "line_name": "544"}], "predominant_mode": "bus", "assigned_canton": "Glarus", "modes_list": ["bus"]}, "geometry": {"type": "Point", "coordinates": [9.067981328027424, 46.97903674499654]}}, {"id": "11094", "type": "Feature", "properties": {"name": "Haslen GL, Z\u00fcnli", "lon": 9.053931669010886, "lat": 46.97934317534748, "stop_id": ["8588557.link:948132", "8588557.link:948133"], "lines": [{"line_id": "92-546-A-j24-1", "route_id": "5.TA.92-546-A-j24-1.1.H", "mode": "bus", "line_name": "546"}, {"line_id": "92-546-A-j24-1", "route_id": "6.TA.92-546-A-j24-1.2.R", "mode": "bus", "line_name": "546"}], "predominant_mode": "bus", "assigned_canton": "Glarus", "modes_list": ["bus"]}, "geometry": {"type": "Point", "coordinates": [9.053931678017271, 46.979343185221836]}}, {"id": "12057", "type": "Feature", "properties": {"name": "H\u00e4tzingen, Feuerwehr", "lon": 9.035318578395232, "lat": 46.96073271563836, "stop_id": ["8595526.link:1526792"], "lines": [{"line_id": "92-546-A-j24-1", "route_id": "5.TA.92-546-A-j24-1.1.H", "mode": "bus", "line_name": "546"}, {"line_id": "96-243-6-j24-1", "route_id": "2.TA.96-243-6-j24-1.15.H", "mode": "bus", "line_name": "536"}, {"line_id": "96-243-6-j24-1", "route_id": "4.TA.96-243-6-j24-1.16.H", "mode": "bus", "line_name": "536"}], "predominant_mode": "bus", "assigned_canton": "Glarus", "modes_list": ["bus"]}, "geometry": {"type": "Point", "coordinates": [9.035318587389723, 46.96073272551135]}}, {"id": "12058", "type": "Feature", "properties": {"name": "H\u00e4tzingen, R\u00f6ssliplatz", "lon": 9.0365672384132, "lat": 46.96126610561873, "stop_id": ["8503245.link:1941343"], "lines": [{"line_id": "92-546-A-j24-1", "route_id": "6.TA.92-546-A-j24-1.2.R", "mode": "bus", "line_name": "546"}, {"line_id": "96-243-6-j24-1", "route_id": "19.TA.96-243-6-j24-1.17.R", "mode": "bus", "line_name": "536"}], "predominant_mode": "bus", "assigned_canton": "Glarus", "modes_list": ["bus"]}, "geometry": {"type": "Point", "coordinates": [9.036567247408708, 46.96126611549154]}}, {"id": "12880", "type": "Feature", "properties": {"name": "Kies (Niederental)", "lon": 9.090798528655812, "lat": 46.96791162476685, "stop_id": ["8503275.link:1095549", "8503275.link:629807"], "lines": [{"line_id": "92-544-A-j24-1", "route_id": "28.TA.92-544-A-j24-1.8.R", "mode": "bus", "line_name": "544"}, {"line_id": "92-544-A-j24-1", "route_id": "17.TA.92-544-A-j24-1.7.H", "mode": "bus", "line_name": "544"}], "predominant_mode": "bus", "assigned_canton": "Glarus", "modes_list": ["bus"]}, "geometry": {"type": "Point", "coordinates": [9.09079853770062, 46.96791163462573]}}, {"id": "12881", "type": "Feature", "properties": {"name": "Kies (Talstation)", "lon": 9.090906328658054, "lat": 46.96797905476513, "stop_id": ["8530517.link:pt_8530517"], "lines": [{"line_id": "93-LKM-j24-1", "route_id": "94.TA.93-LKM-j24-1.1.H", "mode": "cable car", "line_name": "LKM"}, {"line_id": "93-LKM-j24-1", "route_id": "169.TA.93-LKM-j24-1.2.R", "mode": "cable car", "line_name": "LKM"}], "predominant_mode": "cable car", "assigned_canton": "Glarus", "modes_list": ["cable car"]}, "geometry": {"type": "Point", "coordinates": [9.090906337702942, 46.96797906462402]}}, {"id": "13111", "type": "Feature", "properties": {"name": "Kl\u00f6ntal, Eggliberg", "lon": 8.935704400478295, "lat": 47.02612882720986, "stop_id": ["8583653.link:363054", "8583653.link:363055"], "lines": [{"line_id": "96-241-6-j24-1", "route_id": "16.TA.96-241-6-j24-1.7.H", "mode": "bus", "line_name": "504"}, {"line_id": "96-241-6-j24-1", "route_id": "8.TA.96-241-6-j24-1.6.H", "mode": "bus", "line_name": "504"}, {"line_id": "96-241-6-j24-1", "route_id": "26.TA.96-241-6-j24-1.8.R", "mode": "bus", "line_name": "504"}, {"line_id": "96-241-6-j24-1", "route_id": "32.TA.96-241-6-j24-1.8.R", "mode": "bus", "line_name": "504"}], "predominant_mode": "bus", "assigned_canton": "Glarus", "modes_list": ["bus"]}, "geometry": {"type": "Point", "coordinates": [8.935704409357776, 47.026128837137094]}}, {"id": "13112", "type": "Feature", "properties": {"name": "Kl\u00f6ntal, L\u00f6ntschtobel", "lon": 9.030467681299859, "lat": 47.04980314572208, "stop_id": ["8583654.link:1411036", "8583654.link:1411037"], "lines": [{"line_id": "96-241-6-j24-1", "route_id": "26.TA.96-241-6-j24-1.8.R", "mode": "bus", "line_name": "504"}, {"line_id": "96-241-6-j24-1", "route_id": "32.TA.96-241-6-j24-1.8.R", "mode": "bus", "line_name": "504"}, {"line_id": "96-241-6-j24-1", "route_id": "16.TA.96-241-6-j24-1.7.H", "mode": "bus", "line_name": "504"}, {"line_id": "96-241-6-j24-1", "route_id": "8.TA.96-241-6-j24-1.6.H", "mode": "bus", "line_name": "504"}], "predominant_mode": "bus", "assigned_canton": "Glarus", "modes_list": ["bus"]}, "geometry": {"type": "Point", "coordinates": [9.030467690262078, 47.04980315562947]}}, {"id": "13113", "type": "Feature", "properties": {"name": "Kl\u00f6ntal, Pl\u00e4tz", "lon": 8.940231910406645, "lat": 47.023863087138544, "stop_id": ["8503756.link:959037", "8503756.link:959038"], "lines": [{"line_id": "96-241-6-j24-1", "route_id": "16.TA.96-241-6-j24-1.7.H", "mode": "bus", "line_name": "504"}, {"line_id": "96-241-6-j24-1", "route_id": "26.TA.96-241-6-j24-1.8.R", "mode": "bus", "line_name": "504"}, {"line_id": "96-241-6-j24-1", "route_id": "32.TA.96-241-6-j24-1.8.R", "mode": "bus", "line_name": "504"}], "predominant_mode": "bus", "assigned_canton": "Glarus", "modes_list": ["bus"]}, "geometry": {"type": "Point", "coordinates": [8.940231919291149, 47.02386309706355]}}, {"id": "13114", "type": "Feature", "properties": {"name": "Kl\u00f6ntal, Rhodannenberg", "lon": 9.004946540837315, "lat": 47.03603572612222, "stop_id": ["8503765.link:177086", "8503765.link:177087"], "lines": [{"line_id": "96-241-6-j24-1", "route_id": "26.TA.96-241-6-j24-1.8.R", "mode": "bus", "line_name": "504"}, {"line_id": "96-241-6-j24-1", "route_id": "32.TA.96-241-6-j24-1.8.R", "mode": "bus", "line_name": "504"}, {"line_id": "96-241-6-j24-1", "route_id": "16.TA.96-241-6-j24-1.7.H", "mode": "bus", "line_name": "504"}, {"line_id": "96-241-6-j24-1", "route_id": "8.TA.96-241-6-j24-1.6.H", "mode": "bus", "line_name": "504"}], "predominant_mode": "bus", "assigned_canton": "Glarus", "modes_list": ["bus"]}, "geometry": {"type": "Point", "coordinates": [9.004946549779643, 47.036035736032304]}}, {"id": "13115", "type": "Feature", "properties": {"name": "Kl\u00f6ntal, Richisau", "lon": 8.911710400357801, "lat": 47.02282815758673, "stop_id": ["8503762.link:264068", "8503762.link:264069"], "lines": [{"line_id": "96-241-6-j24-1", "route_id": "16.TA.96-241-6-j24-1.7.H", "mode": "bus", "line_name": "504"}, {"line_id": "96-241-6-j24-1", "route_id": "8.TA.96-241-6-j24-1.6.H", "mode": "bus", "line_name": "504"}, {"line_id": "96-241-6-j24-1", "route_id": "26.TA.96-241-6-j24-1.8.R", "mode": "bus", "line_name": "504"}, {"line_id": "96-241-6-j24-1", "route_id": "32.TA.96-241-6-j24-1.8.R", "mode": "bus", "line_name": "504"}], "predominant_mode": "bus", "assigned_canton": "Glarus", "modes_list": ["bus"]}, "geometry": {"type": "Point", "coordinates": [8.911710409215361, 47.02282816751997]}}, {"id": "13116", "type": "Feature", "properties": {"name": "Kl\u00f6ntal, Schw\u00e4ndeli", "lon": 8.924843770521804, "lat": 47.027635187380724, "stop_id": ["8573906.link:1673300", "8573906.link:1673301"], "lines": [{"line_id": "96-241-6-j24-1", "route_id": "16.TA.96-241-6-j24-1.7.H", "mode": "bus", "line_name": "504"}, {"line_id": "96-241-6-j24-1", "route_id": "8.TA.96-241-6-j24-1.6.H", "mode": "bus", "line_name": "504"}, {"line_id": "96-241-6-j24-1", "route_id": "26.TA.96-241-6-j24-1.8.R", "mode": "bus", "line_name": "504"}, {"line_id": "96-241-6-j24-1", "route_id": "32.TA.96-241-6-j24-1.8.R", "mode": "bus", "line_name": "504"}], "predominant_mode": "bus", "assigned_canton": "Glarus", "modes_list": ["bus"]}, "geometry": {"type": "Point", "coordinates": [8.924843779390446, 47.02763519731177]}}, {"id": "13117", "type": "Feature", "properties": {"name": "Kl\u00f6ntal, Vorauen", "lon": 8.946115870487537, "lat": 47.02624517704624, "stop_id": ["8503774.link:1743518", "8503774.link:1743519", "8503774.link:954442"], "lines": [{"line_id": "96-241-6-j24-1", "route_id": "26.TA.96-241-6-j24-1.8.R", "mode": "bus", "line_name": "504"}, {"line_id": "96-241-6-j24-1", "route_id": "32.TA.96-241-6-j24-1.8.R", "mode": "bus", "line_name": "504"}, {"line_id": "96-241-6-j24-1", "route_id": "16.TA.96-241-6-j24-1.7.H", "mode": "bus", "line_name": "504"}, {"line_id": "96-241-6-j24-1", "route_id": "8.TA.96-241-6-j24-1.6.H", "mode": "bus", "line_name": "504"}], "predominant_mode": "bus", "assigned_canton": "Glarus", "modes_list": ["bus"]}, "geometry": {"type": "Point", "coordinates": [8.94611587937692, 47.02624518697041]}}, {"id": "15302", "type": "Feature", "properties": {"name": "Leuggelbach", "lon": 9.047472788936822, "lat": 46.97716738544881, "stop_id": ["8503235:0:1.link:807445", "8503235:0:1.link:807446"], "lines": [{"line_id": "91-6-G-j24-1", "route_id": "101.TA.91-6-G-j24-1.131.H", "mode": "rail", "line_name": "S6"}, {"line_id": "91-6-G-j24-1", "route_id": "74.TA.91-6-G-j24-1.24.H", "mode": "rail", "line_name": "S6"}, {"line_id": "91-6-G-j24-1", "route_id": "75.TA.91-6-G-j24-1.25.H", "mode": "rail", "line_name": "S6"}, {"line_id": "91-25-j24-1", "route_id": "488.TA.91-25-j24-1.45.R", "mode": "rail", "line_name": "S25"}, {"line_id": "91-25-j24-1", "route_id": "450.TA.91-25-j24-1.41.R", "mode": "rail", "line_name": "S25"}, {"line_id": "91-25-j24-1", "route_id": "519.TA.91-25-j24-1.47.R", "mode": "rail", "line_name": "S25"}, {"line_id": "91-25-j24-1", "route_id": "509.TA.91-25-j24-1.46.R", "mode": "rail", "line_name": "S25"}, {"line_id": "91-25-j24-1", "route_id": "372.TA.91-25-j24-1.39.R", "mode": "rail", "line_name": "S25"}, {"line_id": "91-25-j24-1", "route_id": "101.TA.91-25-j24-1.21.H", "mode": "rail", "line_name": "S25"}, {"line_id": "91-25-j24-1", "route_id": "214.TA.91-25-j24-1.27.H", "mode": "rail", "line_name": "S25"}, {"line_id": "91-25-j24-1", "route_id": "98.TA.91-25-j24-1.20.H", "mode": "rail", "line_name": "S25"}, {"line_id": "91-25-j24-1", "route_id": "247.TA.91-25-j24-1.29.H", "mode": "rail", "line_name": "S25"}, {"line_id": "91-25-j24-1", "route_id": "184.TA.91-25-j24-1.23.H", "mode": "rail", "line_name": "S25"}, {"line_id": "91-6-G-j24-1", "route_id": "174.TA.91-6-G-j24-1.52.R", "mode": "rail", "line_name": "S6"}, {"line_id": "91-25-j24-1", "route_id": "228.TA.91-25-j24-1.28.H", "mode": "rail", "line_name": "S25"}, {"line_id": "91-6-G-j24-1", "route_id": "173.TA.91-6-G-j24-1.51.R", "mode": "rail", "line_name": "S6"}, {"line_id": "91-6-G-j24-1", "route_id": "178.TA.91-6-G-j24-1.138.R", "mode": "rail", "line_name": "S6"}], "predominant_mode": "rail", "assigned_canton": "Glarus", "modes_list": ["rail"]}, "geometry": {"type": "Point", "coordinates": [9.04747279793776, 46.97716739532427]}}, {"id": "15303", "type": "Feature", "properties": {"name": "Leuggelbach, Abzw. Haslen", "lon": 9.044166988895634, "lat": 46.97595380550065, "stop_id": ["8588558.link:1941565", "8588558.link:1941566"], "lines": [{"line_id": "92-546-A-j24-1", "route_id": "5.TA.92-546-A-j24-1.1.H", "mode": "bus", "line_name": "546"}, {"line_id": "96-243-6-j24-1", "route_id": "2.TA.96-243-6-j24-1.15.H", "mode": "bus", "line_name": "536"}, {"line_id": "96-243-6-j24-1", "route_id": "4.TA.96-243-6-j24-1.16.H", "mode": "bus", "line_name": "536"}, {"line_id": "92-546-A-j24-1", "route_id": "6.TA.92-546-A-j24-1.2.R", "mode": "bus", "line_name": "546"}, {"line_id": "96-243-6-j24-1", "route_id": "19.TA.96-243-6-j24-1.17.R", "mode": "bus", "line_name": "536"}], "predominant_mode": "bus", "assigned_canton": "Glarus", "modes_list": ["bus"]}, "geometry": {"type": "Point", "coordinates": [9.044166997893809, 46.97595381537661]}}, {"id": "15647", "type": "Feature", "properties": {"name": "Linthal", "lon": 8.997795947231323, "lat": 46.92556602622462, "stop_id": ["8503239.link:1441597", "8503239.link:1441598"], "lines": [{"line_id": "91-25-j24-1", "route_id": "101.TA.91-25-j24-1.21.H", "mode": "rail", "line_name": "S25"}, {"line_id": "91-25-j24-1", "route_id": "214.TA.91-25-j24-1.27.H", "mode": "rail", "line_name": "S25"}, {"line_id": "91-25-j24-1", "route_id": "98.TA.91-25-j24-1.20.H", "mode": "rail", "line_name": "S25"}, {"line_id": "91-25-j24-1", "route_id": "247.TA.91-25-j24-1.29.H", "mode": "rail", "line_name": "S25"}, {"line_id": "91-25-j24-1", "route_id": "184.TA.91-25-j24-1.23.H", "mode": "rail", "line_name": "S25"}, {"line_id": "91-6-G-j24-1", "route_id": "174.TA.91-6-G-j24-1.52.R", "mode": "rail", "line_name": "S6"}, {"line_id": "91-25-j24-1", "route_id": "228.TA.91-25-j24-1.28.H", "mode": "rail", "line_name": "S25"}, {"line_id": "91-6-G-j24-1", "route_id": "173.TA.91-6-G-j24-1.51.R", "mode": "rail", "line_name": "S6"}, {"line_id": "91-6-G-j24-1", "route_id": "178.TA.91-6-G-j24-1.138.R", "mode": "rail", "line_name": "S6"}, {"line_id": "91-6-G-j24-1", "route_id": "101.TA.91-6-G-j24-1.131.H", "mode": "rail", "line_name": "S6"}, {"line_id": "91-6-G-j24-1", "route_id": "74.TA.91-6-G-j24-1.24.H", "mode": "rail", "line_name": "S6"}, {"line_id": "91-6-G-j24-1", "route_id": "75.TA.91-6-G-j24-1.25.H", "mode": "rail", "line_name": "S6"}, {"line_id": "91-25-j24-1", "route_id": "488.TA.91-25-j24-1.45.R", "mode": "rail", "line_name": "S25"}, {"line_id": "91-25-j24-1", "route_id": "450.TA.91-25-j24-1.41.R", "mode": "rail", "line_name": "S25"}, {"line_id": "91-25-j24-1", "route_id": "519.TA.91-25-j24-1.47.R", "mode": "rail", "line_name": "S25"}, {"line_id": "91-25-j24-1", "route_id": "509.TA.91-25-j24-1.46.R", "mode": "rail", "line_name": "S25"}, {"line_id": "91-25-j24-1", "route_id": "372.TA.91-25-j24-1.39.R", "mode": "rail", "line_name": "S25"}], "predominant_mode": "rail", "assigned_canton": "Glarus", "modes_list": ["rail"]}, "geometry": {"type": "Point", "coordinates": [8.997795956200893, 46.92556603609559]}}, {"id": "15648", "type": "Feature", "properties": {"name": "Linthal Braunwaldbahn", "lon": 9.003194827339081, "lat": 46.92879295614006, "stop_id": ["8503240:0:1.link:807407", "8503240:0:1.link:807408"], "lines": [{"line_id": "91-25-j24-1", "route_id": "101.TA.91-25-j24-1.21.H", "mode": "rail", "line_name": "S25"}, {"line_id": "91-25-j24-1", "route_id": "214.TA.91-25-j24-1.27.H", "mode": "rail", "line_name": "S25"}, {"line_id": "91-25-j24-1", "route_id": "98.TA.91-25-j24-1.20.H", "mode": "rail", "line_name": "S25"}, {"line_id": "91-25-j24-1", "route_id": "247.TA.91-25-j24-1.29.H", "mode": "rail", "line_name": "S25"}, {"line_id": "91-25-j24-1", "route_id": "184.TA.91-25-j24-1.23.H", "mode": "rail", "line_name": "S25"}, {"line_id": "91-6-G-j24-1", "route_id": "174.TA.91-6-G-j24-1.52.R", "mode": "rail", "line_name": "S6"}, {"line_id": "91-25-j24-1", "route_id": "228.TA.91-25-j24-1.28.H", "mode": "rail", "line_name": "S25"}, {"line_id": "91-6-G-j24-1", "route_id": "173.TA.91-6-G-j24-1.51.R", "mode": "rail", "line_name": "S6"}, {"line_id": "91-6-G-j24-1", "route_id": "178.TA.91-6-G-j24-1.138.R", "mode": "rail", "line_name": "S6"}, {"line_id": "91-6-G-j24-1", "route_id": "101.TA.91-6-G-j24-1.131.H", "mode": "rail", "line_name": "S6"}, {"line_id": "91-6-G-j24-1", "route_id": "74.TA.91-6-G-j24-1.24.H", "mode": "rail", "line_name": "S6"}, {"line_id": "91-6-G-j24-1", "route_id": "75.TA.91-6-G-j24-1.25.H", "mode": "rail", "line_name": "S6"}, {"line_id": "91-25-j24-1", "route_id": "488.TA.91-25-j24-1.45.R", "mode": "rail", "line_name": "S25"}, {"line_id": "91-25-j24-1", "route_id": "450.TA.91-25-j24-1.41.R", "mode": "rail", "line_name": "S25"}, {"line_id": "91-25-j24-1", "route_id": "519.TA.91-25-j24-1.47.R", "mode": "rail", "line_name": "S25"}, {"line_id": "91-25-j24-1", "route_id": "509.TA.91-25-j24-1.46.R", "mode": "rail", "line_name": "S25"}, {"line_id": "91-25-j24-1", "route_id": "372.TA.91-25-j24-1.39.R", "mode": "rail", "line_name": "S25"}], "predominant_mode": "rail", "assigned_canton": "Glarus", "modes_list": ["rail"]}, "geometry": {"type": "Point", "coordinates": [9.003194836312808, 46.92879296601065]}}, {"id": "15649", "type": "Feature", "properties": {"name": "Linthal Braunwaldbahn (Talst.)", "lon": 9.002314477330442, "lat": 46.92854142615388, "stop_id": ["8503260.link:418691", "8503260.link:418692"], "lines": [{"line_id": "93-284-0-j24-1", "route_id": "132.TA.93-284-0-j24-1.2.R", "mode": "funicular", "line_name": "2840"}, {"line_id": "93-284-0-j24-1", "route_id": "65.TA.93-284-0-j24-1.1.H", "mode": "funicular", "line_name": "2840"}], "predominant_mode": "funicular", "assigned_canton": "Glarus", "modes_list": ["funicular"]}, "geometry": {"type": "Point", "coordinates": [9.002314486303408, 46.928541436024645]}}, {"id": "15650", "type": "Feature", "properties": {"name": "Linthal, Bahnhof", "lon": 8.998074427224475, "lat": 46.92535129622019, "stop_id": ["8573131.link:1612123", "8573131.link:1612124", "8573131.link:1680338", "8573131.link:1680339", "8573131:0:Bfpl.link:1680338", "8573131:0:Bfpl.link:1680339"], "lines": [{"line_id": "92-408-j24-1", "route_id": "44.TA.92-408-j24-1.91.H", "mode": "bus", "line_name": "408"}, {"line_id": "92-408-j24-1", "route_id": "4.TA.92-408-j24-1.3.H", "mode": "bus", "line_name": "408"}, {"line_id": "92-408-j24-1", "route_id": "1.TA.92-408-j24-1.1.H", "mode": "bus", "line_name": "408"}, {"line_id": "92-408-j24-1", "route_id": "50.TA.92-408-j24-1.16.R", "mode": "bus", "line_name": "408"}, {"line_id": "92-408-j24-1", "route_id": "47.TA.92-408-j24-1.14.R", "mode": "bus", "line_name": "408"}, {"line_id": "92-408-j24-1", "route_id": "87.TA.92-408-j24-1.109.R", "mode": "bus", "line_name": "408"}, {"line_id": "96-243-6-j24-1", "route_id": "15.TA.96-243-6-j24-1.6.R", "mode": "bus", "line_name": "536"}, {"line_id": "96-243-6-j24-1", "route_id": "17.TA.96-243-6-j24-1.8.R", "mode": "bus", "line_name": "536"}, {"line_id": "96-243-6-j24-1", "route_id": "19.TA.96-243-6-j24-1.17.R", "mode": "bus", "line_name": "536"}, {"line_id": "96-243-6-j24-1", "route_id": "2.TA.96-243-6-j24-1.15.H", "mode": "bus", "line_name": "536"}, {"line_id": "96-243-6-j24-1", "route_id": "4.TA.96-243-6-j24-1.16.H", "mode": "bus", "line_name": "536"}, {"line_id": "92-546-A-j24-1", "route_id": "6.TA.92-546-A-j24-1.2.R", "mode": "bus", "line_name": "546"}, {"line_id": "92-546-A-j24-1", "route_id": "5.TA.92-546-A-j24-1.1.H", "mode": "bus", "line_name": "546"}], "predominant_mode": "bus", "assigned_canton": "Glarus", "modes_list": ["bus"]}, "geometry": {"type": "Point", "coordinates": [8.99807443619437, 46.92535130609098]}}, {"id": "15651", "type": "Feature", "properties": {"name": "Linthal, Bebie", "lon": 8.99608016702501, "lat": 46.91925271625086, "stop_id": ["8579872.link:1487649", "8579872.link:1487650"], "lines": [{"line_id": "92-546-A-j24-1", "route_id": "6.TA.92-546-A-j24-1.2.R", "mode": "bus", "line_name": "546"}, {"line_id": "92-408-j24-1", "route_id": "44.TA.92-408-j24-1.91.H", "mode": "bus", "line_name": "408"}, {"line_id": "92-408-j24-1", "route_id": "4.TA.92-408-j24-1.3.H", "mode": "bus", "line_name": "408"}, {"line_id": "92-408-j24-1", "route_id": "1.TA.92-408-j24-1.1.H", "mode": "bus", "line_name": "408"}, {"line_id": "92-408-j24-1", "route_id": "50.TA.92-408-j24-1.16.R", "mode": "bus", "line_name": "408"}, {"line_id": "92-408-j24-1", "route_id": "47.TA.92-408-j24-1.14.R", "mode": "bus", "line_name": "408"}, {"line_id": "92-408-j24-1", "route_id": "87.TA.92-408-j24-1.109.R", "mode": "bus", "line_name": "408"}], "predominant_mode": "bus", "assigned_canton": "Glarus", "modes_list": ["bus"]}, "geometry": {"type": "Point", "coordinates": [8.996080175994864, 46.919252726119936]}}, {"id": "15652", "type": "Feature", "properties": {"name": "Linthal, Bergli", "lon": 8.97909302667476, "lat": 46.908753416516724, "stop_id": ["8505699.link:1180315", "8505699.link:1180316"], "lines": [{"line_id": "92-408-j24-1", "route_id": "44.TA.92-408-j24-1.91.H", "mode": "bus", "line_name": "408"}, {"line_id": "92-408-j24-1", "route_id": "4.TA.92-408-j24-1.3.H", "mode": "bus", "line_name": "408"}, {"line_id": "92-408-j24-1", "route_id": "1.TA.92-408-j24-1.1.H", "mode": "bus", "line_name": "408"}, {"line_id": "92-408-j24-1", "route_id": "50.TA.92-408-j24-1.16.R", "mode": "bus", "line_name": "408"}, {"line_id": "92-408-j24-1", "route_id": "47.TA.92-408-j24-1.14.R", "mode": "bus", "line_name": "408"}, {"line_id": "92-408-j24-1", "route_id": "87.TA.92-408-j24-1.109.R", "mode": "bus", "line_name": "408"}], "predominant_mode": "bus", "assigned_canton": "Glarus", "modes_list": ["bus"]}, "geometry": {"type": "Point", "coordinates": [8.979093035631584, 46.90875342638686]}}, {"id": "15653", "type": "Feature", "properties": {"name": "Linthal, Braunwaldbahn", "lon": 9.002098877326342, "lat": 46.92841873615728, "stop_id": ["8503327.link:1567261", "8503327.link:1567262"], "lines": [{"line_id": "92-546-A-j24-1", "route_id": "5.TA.92-546-A-j24-1.1.H", "mode": "bus", "line_name": "546"}, {"line_id": "92-546-A-j24-1", "route_id": "6.TA.92-546-A-j24-1.2.R", "mode": "bus", "line_name": "546"}], "predominant_mode": "bus", "assigned_canton": "Glarus", "modes_list": ["bus"]}, "geometry": {"type": "Point", "coordinates": [9.00209888629914, 46.92841874602806]}}, {"id": "15654", "type": "Feature", "properties": {"name": "Linthal, Frittern", "lon": 8.960327216659268, "lat": 46.908575446811646, "stop_id": ["8505740.link:1811465", "8505740.link:1811466"], "lines": [{"line_id": "92-408-j24-1", "route_id": "44.TA.92-408-j24-1.91.H", "mode": "bus", "line_name": "408"}, {"line_id": "92-408-j24-1", "route_id": "4.TA.92-408-j24-1.3.H", "mode": "bus", "line_name": "408"}, {"line_id": "92-408-j24-1", "route_id": "1.TA.92-408-j24-1.1.H", "mode": "bus", "line_name": "408"}, {"line_id": "92-408-j24-1", "route_id": "50.TA.92-408-j24-1.16.R", "mode": "bus", "line_name": "408"}, {"line_id": "92-408-j24-1", "route_id": "47.TA.92-408-j24-1.14.R", "mode": "bus", "line_name": "408"}, {"line_id": "92-408-j24-1", "route_id": "87.TA.92-408-j24-1.109.R", "mode": "bus", "line_name": "408"}], "predominant_mode": "bus", "assigned_canton": "Glarus", "modes_list": ["bus"]}, "geometry": {"type": "Point", "coordinates": [8.96032722559819, 46.90857545668733]}}, {"id": "15655", "type": "Feature", "properties": {"name": "Linthal, Kantonsgrenze", "lon": 8.944112626589883, "lat": 46.90670363706631, "stop_id": ["8505739.link:162777", "8505739.link:162778"], "lines": [{"line_id": "92-408-j24-1", "route_id": "44.TA.92-408-j24-1.91.H", "mode": "bus", "line_name": "408"}, {"line_id": "92-408-j24-1", "route_id": "4.TA.92-408-j24-1.3.H", "mode": "bus", "line_name": "408"}, {"line_id": "92-408-j24-1", "route_id": "1.TA.92-408-j24-1.1.H", "mode": "bus", "line_name": "408"}, {"line_id": "92-408-j24-1", "route_id": "50.TA.92-408-j24-1.16.R", "mode": "bus", "line_name": "408"}, {"line_id": "92-408-j24-1", "route_id": "47.TA.92-408-j24-1.14.R", "mode": "bus", "line_name": "408"}, {"line_id": "92-408-j24-1", "route_id": "87.TA.92-408-j24-1.109.R", "mode": "bus", "line_name": "408"}], "predominant_mode": "bus", "assigned_canton": "Glarus", "modes_list": ["bus"]}, "geometry": {"type": "Point", "coordinates": [8.94411263551383, 46.90670364694609]}}, {"id": "15656", "type": "Feature", "properties": {"name": "Linthal, Oberberg", "lon": 8.974538566749091, "lat": 46.91110995658857, "stop_id": ["8573129.link:55477", "8573129.link:55478"], "lines": [{"line_id": "92-408-j24-1", "route_id": "44.TA.92-408-j24-1.91.H", "mode": "bus", "line_name": "408"}, {"line_id": "92-408-j24-1", "route_id": "4.TA.92-408-j24-1.3.H", "mode": "bus", "line_name": "408"}, {"line_id": "92-408-j24-1", "route_id": "1.TA.92-408-j24-1.1.H", "mode": "bus", "line_name": "408"}, {"line_id": "92-408-j24-1", "route_id": "50.TA.92-408-j24-1.16.R", "mode": "bus", "line_name": "408"}, {"line_id": "92-408-j24-1", "route_id": "47.TA.92-408-j24-1.14.R", "mode": "bus", "line_name": "408"}, {"line_id": "92-408-j24-1", "route_id": "87.TA.92-408-j24-1.109.R", "mode": "bus", "line_name": "408"}], "predominant_mode": "bus", "assigned_canton": "Glarus", "modes_list": ["bus"]}, "geometry": {"type": "Point", "coordinates": [8.974538575700844, 46.91110996646097]}}, {"id": "15657", "type": "Feature", "properties": {"name": "Linthal, Post", "lon": 8.99994292709485, "lat": 46.921338826190386, "stop_id": ["8573130.link:31182", "8573130.link:31183", "8573130.link:31184"], "lines": [{"line_id": "92-408-j24-1", "route_id": "50.TA.92-408-j24-1.16.R", "mode": "bus", "line_name": "408"}, {"line_id": "92-408-j24-1", "route_id": "47.TA.92-408-j24-1.14.R", "mode": "bus", "line_name": "408"}, {"line_id": "92-408-j24-1", "route_id": "87.TA.92-408-j24-1.109.R", "mode": "bus", "line_name": "408"}, {"line_id": "92-546-A-j24-1", "route_id": "6.TA.92-546-A-j24-1.2.R", "mode": "bus", "line_name": "546"}, {"line_id": "92-408-j24-1", "route_id": "44.TA.92-408-j24-1.91.H", "mode": "bus", "line_name": "408"}, {"line_id": "92-408-j24-1", "route_id": "4.TA.92-408-j24-1.3.H", "mode": "bus", "line_name": "408"}, {"line_id": "92-408-j24-1", "route_id": "1.TA.92-408-j24-1.1.H", "mode": "bus", "line_name": "408"}, {"line_id": "92-546-A-j24-1", "route_id": "5.TA.92-546-A-j24-1.1.H", "mode": "bus", "line_name": "546"}], "predominant_mode": "bus", "assigned_canton": "Glarus", "modes_list": ["bus"]}, "geometry": {"type": "Point", "coordinates": [8.999942936067754, 46.92133883605908]}}, {"id": "15658", "type": "Feature", "properties": {"name": "Linthal, Stichplattenkehre", "lon": 8.97765571688842, "lat": 46.91534409654003, "stop_id": ["8505741.link:1662724", "8505741.link:1662725"], "lines": [{"line_id": "92-408-j24-1", "route_id": "44.TA.92-408-j24-1.91.H", "mode": "bus", "line_name": "408"}, {"line_id": "92-408-j24-1", "route_id": "4.TA.92-408-j24-1.3.H", "mode": "bus", "line_name": "408"}, {"line_id": "92-408-j24-1", "route_id": "1.TA.92-408-j24-1.1.H", "mode": "bus", "line_name": "408"}, {"line_id": "92-408-j24-1", "route_id": "50.TA.92-408-j24-1.16.R", "mode": "bus", "line_name": "408"}, {"line_id": "92-408-j24-1", "route_id": "47.TA.92-408-j24-1.14.R", "mode": "bus", "line_name": "408"}, {"line_id": "92-408-j24-1", "route_id": "87.TA.92-408-j24-1.109.R", "mode": "bus", "line_name": "408"}], "predominant_mode": "bus", "assigned_canton": "Glarus", "modes_list": ["bus"]}, "geometry": {"type": "Point", "coordinates": [8.97765572584186, 46.915344106413116]}}, {"id": "15862", "type": "Feature", "properties": {"name": "Luchsingen, Dorfplatz", "lon": 9.037088258609652, "lat": 46.96728634561116, "stop_id": ["8595527.link:1104530", "8595527.link:1104531"], "lines": [{"line_id": "92-546-A-j24-1", "route_id": "5.TA.92-546-A-j24-1.1.H", "mode": "bus", "line_name": "546"}, {"line_id": "96-243-6-j24-1", "route_id": "2.TA.96-243-6-j24-1.15.H", "mode": "bus", "line_name": "536"}, {"line_id": "96-243-6-j24-1", "route_id": "4.TA.96-243-6-j24-1.16.H", "mode": "bus", "line_name": "536"}, {"line_id": "92-546-A-j24-1", "route_id": "6.TA.92-546-A-j24-1.2.R", "mode": "bus", "line_name": "546"}, {"line_id": "96-243-6-j24-1", "route_id": "19.TA.96-243-6-j24-1.17.R", "mode": "bus", "line_name": "536"}], "predominant_mode": "bus", "assigned_canton": "Glarus", "modes_list": ["bus"]}, "geometry": {"type": "Point", "coordinates": [9.03708826760379, 46.96728635548608]}}, {"id": "15863", "type": "Feature", "properties": {"name": "Luchsingen-H\u00e4tzingen", "lon": 9.039549648547528, "lat": 46.965343025572295, "stop_id": ["8503236:0:1.link:1381473", "8503236:0:1.link:1381474"], "lines": [{"line_id": "91-6-G-j24-1", "route_id": "101.TA.91-6-G-j24-1.131.H", "mode": "rail", "line_name": "S6"}, {"line_id": "91-6-G-j24-1", "route_id": "74.TA.91-6-G-j24-1.24.H", "mode": "rail", "line_name": "S6"}, {"line_id": "91-6-G-j24-1", "route_id": "75.TA.91-6-G-j24-1.25.H", "mode": "rail", "line_name": "S6"}, {"line_id": "91-25-j24-1", "route_id": "488.TA.91-25-j24-1.45.R", "mode": "rail", "line_name": "S25"}, {"line_id": "91-25-j24-1", "route_id": "450.TA.91-25-j24-1.41.R", "mode": "rail", "line_name": "S25"}, {"line_id": "91-25-j24-1", "route_id": "519.TA.91-25-j24-1.47.R", "mode": "rail", "line_name": "S25"}, {"line_id": "91-25-j24-1", "route_id": "509.TA.91-25-j24-1.46.R", "mode": "rail", "line_name": "S25"}, {"line_id": "91-25-j24-1", "route_id": "372.TA.91-25-j24-1.39.R", "mode": "rail", "line_name": "S25"}, {"line_id": "91-25-j24-1", "route_id": "101.TA.91-25-j24-1.21.H", "mode": "rail", "line_name": "S25"}, {"line_id": "91-25-j24-1", "route_id": "214.TA.91-25-j24-1.27.H", "mode": "rail", "line_name": "S25"}, {"line_id": "91-25-j24-1", "route_id": "98.TA.91-25-j24-1.20.H", "mode": "rail", "line_name": "S25"}, {"line_id": "91-25-j24-1", "route_id": "247.TA.91-25-j24-1.29.H", "mode": "rail", "line_name": "S25"}, {"line_id": "91-25-j24-1", "route_id": "184.TA.91-25-j24-1.23.H", "mode": "rail", "line_name": "S25"}, {"line_id": "91-6-G-j24-1", "route_id": "174.TA.91-6-G-j24-1.52.R", "mode": "rail", "line_name": "S6"}, {"line_id": "91-25-j24-1", "route_id": "228.TA.91-25-j24-1.28.H", "mode": "rail", "line_name": "S25"}, {"line_id": "91-6-G-j24-1", "route_id": "173.TA.91-6-G-j24-1.51.R", "mode": "rail", "line_name": "S6"}, {"line_id": "91-6-G-j24-1", "route_id": "178.TA.91-6-G-j24-1.138.R", "mode": "rail", "line_name": "S6"}], "predominant_mode": "rail", "assigned_canton": "Glarus", "modes_list": ["rail"]}, "geometry": {"type": "Point", "coordinates": [9.039549657544605, 46.96534303544574]}}, {"id": "16828", "type": "Feature", "properties": {"name": "Matt (Seilbahn)", "lon": 9.171467248438445, "lat": 46.96011347349776, "stop_id": ["8530519.link:pt_8530519"], "lines": [{"line_id": "93-LMW-j24-1", "route_id": "25.TA.93-LMW-j24-1.2.R", "mode": "cable car", "line_name": "LMW"}, {"line_id": "93-LMW-j24-1", "route_id": "19.TA.93-LMW-j24-1.1.H", "mode": "cable car", "line_name": "LMW"}], "predominant_mode": "cable car", "assigned_canton": "Glarus", "modes_list": ["cable car"]}, "geometry": {"type": "Point", "coordinates": [9.171467257561643, 46.960113483329096]}}, {"id": "16829", "type": "Feature", "properties": {"name": "Matt, Brummbach", "lon": 9.171197748257388, "lat": 46.9545584435015, "stop_id": ["8589545.link:850815", "8589545.link:850816"], "lines": [{"line_id": "92-541-j24-1", "route_id": "43.TA.92-541-j24-1.11.H", "mode": "bus", "line_name": "541"}, {"line_id": "92-541-j24-1", "route_id": "13.TA.92-541-j24-1.10.H", "mode": "bus", "line_name": "541"}, {"line_id": "92-541-j24-1", "route_id": "135.TA.92-541-j24-1.13.R", "mode": "bus", "line_name": "541"}, {"line_id": "92-541-j24-1", "route_id": "97.TA.92-541-j24-1.12.R", "mode": "bus", "line_name": "541"}], "predominant_mode": "bus", "assigned_canton": "Glarus", "modes_list": ["bus"]}, "geometry": {"type": "Point", "coordinates": [9.17119775738208, 46.954558453330854]}}, {"id": "16830", "type": "Feature", "properties": {"name": "Matt, Dorf", "lon": 9.170470118487561, "lat": 46.961633953513605, "stop_id": ["8503255.link:671612", "8503255.link:671613"], "lines": [{"line_id": "92-541-j24-1", "route_id": "135.TA.92-541-j24-1.13.R", "mode": "bus", "line_name": "541"}, {"line_id": "92-541-j24-1", "route_id": "97.TA.92-541-j24-1.12.R", "mode": "bus", "line_name": "541"}, {"line_id": "92-541-j24-1", "route_id": "43.TA.92-541-j24-1.11.H", "mode": "bus", "line_name": "541"}, {"line_id": "92-541-j24-1", "route_id": "13.TA.92-541-j24-1.10.H", "mode": "bus", "line_name": "541"}], "predominant_mode": "bus", "assigned_canton": "Glarus", "modes_list": ["bus"]}, "geometry": {"type": "Point", "coordinates": [9.170470127609349, 46.96163396334581]}}, {"id": "16831", "type": "Feature", "properties": {"name": "Matt, Station", "lon": 9.171386398367897, "lat": 46.9579491634989, "stop_id": ["8503274.link:684548", "8503274.link:684549"], "lines": [{"line_id": "92-541-j24-1", "route_id": "135.TA.92-541-j24-1.13.R", "mode": "bus", "line_name": "541"}, {"line_id": "92-541-j24-1", "route_id": "97.TA.92-541-j24-1.12.R", "mode": "bus", "line_name": "541"}, {"line_id": "92-541-j24-1", "route_id": "43.TA.92-541-j24-1.11.H", "mode": "bus", "line_name": "541"}, {"line_id": "92-541-j24-1", "route_id": "13.TA.92-541-j24-1.10.H", "mode": "bus", "line_name": "541"}], "predominant_mode": "bus", "assigned_canton": "Glarus", "modes_list": ["bus"]}, "geometry": {"type": "Point", "coordinates": [9.171386407491697, 46.95794917332948]}}, {"id": "17320", "type": "Feature", "properties": {"name": "Mettmen", "lon": 9.095918928357358, "lat": 46.95867878468545, "stop_id": ["8530518.link:pt_8530518"], "lines": [{"line_id": "93-LKM-j24-1", "route_id": "94.TA.93-LKM-j24-1.1.H", "mode": "cable car", "line_name": "LKM"}, {"line_id": "93-LKM-j24-1", "route_id": "169.TA.93-LKM-j24-1.2.R", "mode": "cable car", "line_name": "LKM"}], "predominant_mode": "cable car", "assigned_canton": "Glarus", "modes_list": ["cable car"]}, "geometry": {"type": "Point", "coordinates": [9.095918937409873, 46.95867879453935]}}, {"id": "17463", "type": "Feature", "properties": {"name": "Mitl\u00f6di", "lon": 9.08181538004739, "lat": 47.0107076249118, "stop_id": ["8503232:0:2.link:808232", "8503232:0:2.link:808233"], "lines": [{"line_id": "91-25-j24-1", "route_id": "101.TA.91-25-j24-1.21.H", "mode": "rail", "line_name": "S25"}, {"line_id": "91-25-j24-1", "route_id": "214.TA.91-25-j24-1.27.H", "mode": "rail", "line_name": "S25"}, {"line_id": "91-6-G-j24-1", "route_id": "140.TA.91-6-G-j24-1.132.R", "mode": "rail", "line_name": "S6"}, {"line_id": "91-6-G-j24-1", "route_id": "144.TA.91-6-G-j24-1.41.R", "mode": "rail", "line_name": "S6"}, {"line_id": "91-25-j24-1", "route_id": "98.TA.91-25-j24-1.20.H", "mode": "rail", "line_name": "S25"}, {"line_id": "91-25-j24-1", "route_id": "184.TA.91-25-j24-1.23.H", "mode": "rail", "line_name": "S25"}, {"line_id": "91-25-j24-1", "route_id": "247.TA.91-25-j24-1.29.H", "mode": "rail", "line_name": "S25"}, {"line_id": "91-6-G-j24-1", "route_id": "174.TA.91-6-G-j24-1.52.R", "mode": "rail", "line_name": "S6"}, {"line_id": "91-25-j24-1", "route_id": "228.TA.91-25-j24-1.28.H", "mode": "rail", "line_name": "S25"}, {"line_id": "91-6-G-j24-1", "route_id": "173.TA.91-6-G-j24-1.51.R", "mode": "rail", "line_name": "S6"}, {"line_id": "91-6-G-j24-1", "route_id": "130.TA.91-6-G-j24-1.37.R", "mode": "rail", "line_name": "S6"}, {"line_id": "91-6-G-j24-1", "route_id": "141.TA.91-6-G-j24-1.39.R", "mode": "rail", "line_name": "S6"}, {"line_id": "91-6-G-j24-1", "route_id": "178.TA.91-6-G-j24-1.138.R", "mode": "rail", "line_name": "S6"}, {"line_id": "91-25-j24-1", "route_id": "83.TA.91-25-j24-1.17.H", "mode": "rail", "line_name": "S25"}, {"line_id": "91-6-G-j24-1", "route_id": "101.TA.91-6-G-j24-1.131.H", "mode": "rail", "line_name": "S6"}, {"line_id": "91-6-G-j24-1", "route_id": "74.TA.91-6-G-j24-1.24.H", "mode": "rail", "line_name": "S6"}, {"line_id": "91-6-G-j24-1", "route_id": "75.TA.91-6-G-j24-1.25.H", "mode": "rail", "line_name": "S6"}, {"line_id": "91-25-j24-1", "route_id": "488.TA.91-25-j24-1.45.R", "mode": "rail", "line_name": "S25"}, {"line_id": "91-25-j24-1", "route_id": "450.TA.91-25-j24-1.41.R", "mode": "rail", "line_name": "S25"}, {"line_id": "91-6-G-j24-1", "route_id": "25.TA.91-6-G-j24-1.128.H", "mode": "rail", "line_name": "S6"}, {"line_id": "91-6-G-j24-1", "route_id": "61.TA.91-6-G-j24-1.129.H", "mode": "rail", "line_name": "S6"}, {"line_id": "91-25-j24-1", "route_id": "519.TA.91-25-j24-1.47.R", "mode": "rail", "line_name": "S25"}, {"line_id": "91-25-j24-1", "route_id": "509.TA.91-25-j24-1.46.R", "mode": "rail", "line_name": "S25"}, {"line_id": "91-25-j24-1", "route_id": "372.TA.91-25-j24-1.39.R", "mode": "rail", "line_name": "S25"}], "predominant_mode": "rail", "assigned_canton": "Glarus", "modes_list": ["rail"]}, "geometry": {"type": "Point", "coordinates": [9.081815389070366, 47.01070763478934]}}, {"id": "17464", "type": "Feature", "properties": {"name": "Mitl\u00f6di, Hauptstrasse", "lon": 9.080485870068982, "lat": 47.01138752493279, "stop_id": ["8595528.link:1867232", "8595528.link:1867233"], "lines": [{"line_id": "96-243-6-j24-1", "route_id": "4.TA.96-243-6-j24-1.16.H", "mode": "bus", "line_name": "536"}, {"line_id": "96-243-6-j24-1", "route_id": "16.TA.96-243-6-j24-1.7.R", "mode": "bus", "line_name": "536"}, {"line_id": "96-243-6-j24-1", "route_id": "17.TA.96-243-6-j24-1.8.R", "mode": "bus", "line_name": "536"}], "predominant_mode": "bus", "assigned_canton": "Glarus", "modes_list": ["bus"]}, "geometry": {"type": "Point", "coordinates": [9.08048587909049, 47.01138753481096]}}, {"id": "17465", "type": "Feature", "properties": {"name": "Mitl\u00f6di, Kirche", "lon": 9.079318060032838, "lat": 47.010297234951025, "stop_id": ["8505621.link:1530819"], "lines": [{"line_id": "92-543-j24-1", "route_id": "2.TA.92-543-j24-1.7.H", "mode": "bus", "line_name": "543"}, {"line_id": "92-543-j24-1", "route_id": "15.TA.92-543-j24-1.9.H", "mode": "bus", "line_name": "543"}], "predominant_mode": "bus", "assigned_canton": "Glarus", "modes_list": ["bus"]}, "geometry": {"type": "Point", "coordinates": [9.079318069053587, 47.010297244829125]}}, {"id": "17466", "type": "Feature", "properties": {"name": "Mitl\u00f6di, Schulhaus", "lon": 9.07979417009403, "lat": 47.01216542494372, "stop_id": ["8505925.link:1530824", "8505925.link:1530825"], "lines": [{"line_id": "92-543-j24-1", "route_id": "31.TA.92-543-j24-1.12.R", "mode": "bus", "line_name": "543"}, {"line_id": "92-543-j24-1", "route_id": "17.TA.92-543-j24-1.10.R", "mode": "bus", "line_name": "543"}, {"line_id": "92-543-j24-1", "route_id": "2.TA.92-543-j24-1.7.H", "mode": "bus", "line_name": "543"}, {"line_id": "92-543-j24-1", "route_id": "15.TA.92-543-j24-1.9.H", "mode": "bus", "line_name": "543"}], "predominant_mode": "bus", "assigned_canton": "Glarus", "modes_list": ["bus"]}, "geometry": {"type": "Point", "coordinates": [9.079794179114645, 47.012165434822364]}}, {"id": "17521", "type": "Feature", "properties": {"name": "Mollis, Baumgartenstrasse", "lon": 9.072320192628284, "lat": 47.08979968506662, "stop_id": ["8579953.link:355627", "8579953.link:38832"], "lines": [{"line_id": "96-243-6-j24-1", "route_id": "9.TA.96-243-6-j24-1.23.H", "mode": "bus", "line_name": "536"}, {"line_id": "96-243-6-j24-1", "route_id": "12.TA.96-243-6-j24-1.24.H", "mode": "bus", "line_name": "536"}, {"line_id": "96-243-6-j24-1", "route_id": "22.TA.96-243-6-j24-1.25.R", "mode": "bus", "line_name": "536"}, {"line_id": "96-243-6-j24-1", "route_id": "25.TA.96-243-6-j24-1.26.R", "mode": "bus", "line_name": "536"}, {"line_id": "96-245-4-j24-1", "route_id": "32.TA.96-245-4-j24-1.7.R", "mode": "bus", "line_name": "512"}], "predominant_mode": "bus", "assigned_canton": "Glarus", "modes_list": ["bus"]}, "geometry": {"type": "Point", "coordinates": [9.07232020161741, 47.08979969497569]}}, {"id": "17522", "type": "Feature", "properties": {"name": "Mollis, Beglingen", "lon": 9.077287873098964, "lat": 47.10410353498934, "stop_id": ["8503612.link:916333", "8503612.link:916334"], "lines": [{"line_id": "96-245-2-j24-1", "route_id": "127.TA.96-245-2-j24-1.7.R", "mode": "bus", "line_name": "511"}, {"line_id": "96-245-4-j24-1", "route_id": "40.TA.96-245-4-j24-1.8.R", "mode": "bus", "line_name": "512"}, {"line_id": "96-245-2-j24-1", "route_id": "84.TA.96-245-2-j24-1.4.R", "mode": "bus", "line_name": "511"}, {"line_id": "96-245-2-j24-1", "route_id": "106.TA.96-245-2-j24-1.5.R", "mode": "bus", "line_name": "511"}, {"line_id": "96-245-2-j24-1", "route_id": "135.TA.96-245-2-j24-1.8.R", "mode": "bus", "line_name": "511"}, {"line_id": "96-245-2-j24-1", "route_id": "48.TA.96-245-2-j24-1.2.H", "mode": "bus", "line_name": "511"}, {"line_id": "96-245-4-j24-1", "route_id": "21.TA.96-245-4-j24-1.5.H", "mode": "bus", "line_name": "512"}, {"line_id": "96-245-2-j24-1", "route_id": "38.TA.96-245-2-j24-1.17.H", "mode": "bus", "line_name": "511"}], "predominant_mode": "bus", "assigned_canton": "Glarus", "modes_list": ["bus"]}, "geometry": {"type": "Point", "coordinates": [9.07728788208823, 47.10410354490202]}}, {"id": "17523", "type": "Feature", "properties": {"name": "Mollis, Chapellenstutz", "lon": 9.078608393169677, "lat": 47.10624358496871, "stop_id": ["8573889.link:415118", "8573889.link:415119"], "lines": [{"line_id": "96-245-2-j24-1", "route_id": "127.TA.96-245-2-j24-1.7.R", "mode": "bus", "line_name": "511"}, {"line_id": "96-245-4-j24-1", "route_id": "40.TA.96-245-4-j24-1.8.R", "mode": "bus", "line_name": "512"}, {"line_id": "96-245-2-j24-1", "route_id": "84.TA.96-245-2-j24-1.4.R", "mode": "bus", "line_name": "511"}, {"line_id": "96-245-2-j24-1", "route_id": "106.TA.96-245-2-j24-1.5.R", "mode": "bus", "line_name": "511"}, {"line_id": "96-245-2-j24-1", "route_id": "135.TA.96-245-2-j24-1.8.R", "mode": "bus", "line_name": "511"}, {"line_id": "96-245-2-j24-1", "route_id": "48.TA.96-245-2-j24-1.2.H", "mode": "bus", "line_name": "511"}, {"line_id": "96-245-4-j24-1", "route_id": "21.TA.96-245-4-j24-1.5.H", "mode": "bus", "line_name": "512"}, {"line_id": "96-245-2-j24-1", "route_id": "38.TA.96-245-2-j24-1.17.H", "mode": "bus", "line_name": "511"}], "predominant_mode": "bus", "assigned_canton": "Glarus", "modes_list": ["bus"]}, "geometry": {"type": "Point", "coordinates": [9.078608402159505, 47.10624359488175]}}, {"id": "17524", "type": "Feature", "properties": {"name": "Mollis, Haltli", "lon": 9.076057182922778, "lat": 47.09874081500842, "stop_id": ["8589197.link:594312", "8589197.link:594313"], "lines": [{"line_id": "96-245-2-j24-1", "route_id": "127.TA.96-245-2-j24-1.7.R", "mode": "bus", "line_name": "511"}, {"line_id": "96-245-4-j24-1", "route_id": "40.TA.96-245-4-j24-1.8.R", "mode": "bus", "line_name": "512"}, {"line_id": "96-245-2-j24-1", "route_id": "84.TA.96-245-2-j24-1.4.R", "mode": "bus", "line_name": "511"}, {"line_id": "96-245-2-j24-1", "route_id": "106.TA.96-245-2-j24-1.5.R", "mode": "bus", "line_name": "511"}, {"line_id": "96-245-2-j24-1", "route_id": "135.TA.96-245-2-j24-1.8.R", "mode": "bus", "line_name": "511"}, {"line_id": "96-245-2-j24-1", "route_id": "48.TA.96-245-2-j24-1.2.H", "mode": "bus", "line_name": "511"}, {"line_id": "96-245-4-j24-1", "route_id": "21.TA.96-245-4-j24-1.5.H", "mode": "bus", "line_name": "512"}, {"line_id": "96-245-2-j24-1", "route_id": "38.TA.96-245-2-j24-1.17.H", "mode": "bus", "line_name": "511"}], "predominant_mode": "bus", "assigned_canton": "Glarus", "modes_list": ["bus"]}, "geometry": {"type": "Point", "coordinates": [9.076057191912588, 47.09874082491954]}}, {"id": "17525", "type": "Feature", "properties": {"name": "Mollis, Kanalstrasse", "lon": 9.07131407280821, "lat": 47.09531009508277, "stop_id": ["8579951.link:1728350", "8579951.link:1728351"], "lines": [{"line_id": "96-245-4-j24-1", "route_id": "12.TA.96-245-4-j24-1.4.H", "mode": "bus", "line_name": "512"}, {"line_id": "96-243-6-j24-1", "route_id": "9.TA.96-243-6-j24-1.23.H", "mode": "bus", "line_name": "536"}, {"line_id": "96-245-4-j24-1", "route_id": "1.TA.96-245-4-j24-1.1.H", "mode": "bus", "line_name": "512"}, {"line_id": "96-243-6-j24-1", "route_id": "12.TA.96-243-6-j24-1.24.H", "mode": "bus", "line_name": "536"}, {"line_id": "96-243-6-j24-1", "route_id": "22.TA.96-243-6-j24-1.25.R", "mode": "bus", "line_name": "536"}, {"line_id": "96-243-6-j24-1", "route_id": "25.TA.96-243-6-j24-1.26.R", "mode": "bus", "line_name": "536"}, {"line_id": "96-245-4-j24-1", "route_id": "32.TA.96-245-4-j24-1.7.R", "mode": "bus", "line_name": "512"}], "predominant_mode": "bus", "assigned_canton": "Glarus", "modes_list": ["bus"]}, "geometry": {"type": "Point", "coordinates": [9.071314081794652, 47.09531010499409]}}, {"id": "17526", "type": "Feature", "properties": {"name": "Mollis, Kirchplatz", "lon": 9.075931422771934, "lat": 47.09413589501009, "stop_id": ["8573888.link:594326", "8573888.link:594327"], "lines": [{"line_id": "96-245-2-j24-1", "route_id": "127.TA.96-245-2-j24-1.7.R", "mode": "bus", "line_name": "511"}, {"line_id": "96-245-4-j24-1", "route_id": "40.TA.96-245-4-j24-1.8.R", "mode": "bus", "line_name": "512"}, {"line_id": "96-245-2-j24-1", "route_id": "84.TA.96-245-2-j24-1.4.R", "mode": "bus", "line_name": "511"}, {"line_id": "92-519-A-j24-1", "route_id": "3.TA.92-519-A-j24-1.2.R", "mode": "bus", "line_name": "519"}, {"line_id": "96-245-2-j24-1", "route_id": "106.TA.96-245-2-j24-1.5.R", "mode": "bus", "line_name": "511"}, {"line_id": "96-245-2-j24-1", "route_id": "135.TA.96-245-2-j24-1.8.R", "mode": "bus", "line_name": "511"}, {"line_id": "96-245-2-j24-1", "route_id": "48.TA.96-245-2-j24-1.2.H", "mode": "bus", "line_name": "511"}, {"line_id": "96-245-4-j24-1", "route_id": "21.TA.96-245-4-j24-1.5.H", "mode": "bus", "line_name": "512"}, {"line_id": "92-519-A-j24-1", "route_id": "2.TA.92-519-A-j24-1.1.H", "mode": "bus", "line_name": "519"}, {"line_id": "96-245-2-j24-1", "route_id": "38.TA.96-245-2-j24-1.17.H", "mode": "bus", "line_name": "511"}], "predominant_mode": "bus", "assigned_canton": "Glarus", "modes_list": ["bus"]}, "geometry": {"type": "Point", "coordinates": [9.075931431763093, 47.094135904919604]}}, {"id": "17527", "type": "Feature", "properties": {"name": "Mollis, Oberr\u00fctelistrasse", "lon": 9.069858802701217, "lat": 47.09206263510548, "stop_id": ["8579952.link:1728364", "8579952.link:1728365"], "lines": [{"line_id": "96-245-4-j24-1", "route_id": "12.TA.96-245-4-j24-1.4.H", "mode": "bus", "line_name": "512"}, {"line_id": "96-243-6-j24-1", "route_id": "9.TA.96-243-6-j24-1.23.H", "mode": "bus", "line_name": "536"}, {"line_id": "96-245-4-j24-1", "route_id": "1.TA.96-245-4-j24-1.1.H", "mode": "bus", "line_name": "512"}, {"line_id": "96-243-6-j24-1", "route_id": "12.TA.96-243-6-j24-1.24.H", "mode": "bus", "line_name": "536"}, {"line_id": "96-243-6-j24-1", "route_id": "22.TA.96-243-6-j24-1.25.R", "mode": "bus", "line_name": "536"}, {"line_id": "96-243-6-j24-1", "route_id": "25.TA.96-243-6-j24-1.26.R", "mode": "bus", "line_name": "536"}, {"line_id": "96-245-4-j24-1", "route_id": "32.TA.96-245-4-j24-1.7.R", "mode": "bus", "line_name": "512"}], "predominant_mode": "bus", "assigned_canton": "Glarus", "modes_list": ["bus"]}, "geometry": {"type": "Point", "coordinates": [9.06985881168731, 47.092062645016114]}}, {"id": "17528", "type": "Feature", "properties": {"name": "Mollis, Post", "lon": 9.073002912808814, "lat": 47.0953039750562, "stop_id": ["8503973.link:221370", "8503973.link:221371"], "lines": [{"line_id": "96-245-2-j24-1", "route_id": "127.TA.96-245-2-j24-1.7.R", "mode": "bus", "line_name": "511"}, {"line_id": "96-245-4-j24-1", "route_id": "40.TA.96-245-4-j24-1.8.R", "mode": "bus", "line_name": "512"}, {"line_id": "96-245-2-j24-1", "route_id": "84.TA.96-245-2-j24-1.4.R", "mode": "bus", "line_name": "511"}, {"line_id": "96-245-2-j24-1", "route_id": "106.TA.96-245-2-j24-1.5.R", "mode": "bus", "line_name": "511"}, {"line_id": "96-245-2-j24-1", "route_id": "135.TA.96-245-2-j24-1.8.R", "mode": "bus", "line_name": "511"}, {"line_id": "96-245-2-j24-1", "route_id": "48.TA.96-245-2-j24-1.2.H", "mode": "bus", "line_name": "511"}, {"line_id": "96-245-4-j24-1", "route_id": "21.TA.96-245-4-j24-1.5.H", "mode": "bus", "line_name": "512"}, {"line_id": "96-245-2-j24-1", "route_id": "38.TA.96-245-2-j24-1.17.H", "mode": "bus", "line_name": "511"}], "predominant_mode": "bus", "assigned_canton": "Glarus", "modes_list": ["bus"]}, "geometry": {"type": "Point", "coordinates": [9.073002921796846, 47.09530398496703]}}, {"id": "17529", "type": "Feature", "properties": {"name": "Mollis, Vorderdorf", "lon": 9.074377332647883, "lat": 47.09036849503433, "stop_id": ["8595715.link:1130483"], "lines": [{"line_id": "96-245-4-j24-1", "route_id": "12.TA.96-245-4-j24-1.4.H", "mode": "bus", "line_name": "512"}, {"line_id": "96-245-4-j24-1", "route_id": "32.TA.96-245-4-j24-1.7.R", "mode": "bus", "line_name": "512"}, {"line_id": "96-245-4-j24-1", "route_id": "1.TA.96-245-4-j24-1.1.H", "mode": "bus", "line_name": "512"}], "predominant_mode": "bus", "assigned_canton": "Glarus", "modes_list": ["bus"]}, "geometry": {"type": "Point", "coordinates": [9.07437734163877, 47.09036850494301]}}, {"id": "17530", "type": "Feature", "properties": {"name": "Mollis, Winden", "lon": 9.086046453376019, "lat": 47.11243701485207, "stop_id": ["8573890.link:1720515", "8573890.link:1720518"], "lines": [{"line_id": "96-245-2-j24-1", "route_id": "127.TA.96-245-2-j24-1.7.R", "mode": "bus", "line_name": "511"}, {"line_id": "96-245-4-j24-1", "route_id": "40.TA.96-245-4-j24-1.8.R", "mode": "bus", "line_name": "512"}, {"line_id": "96-245-2-j24-1", "route_id": "84.TA.96-245-2-j24-1.4.R", "mode": "bus", "line_name": "511"}, {"line_id": "96-245-2-j24-1", "route_id": "106.TA.96-245-2-j24-1.5.R", "mode": "bus", "line_name": "511"}, {"line_id": "96-245-2-j24-1", "route_id": "135.TA.96-245-2-j24-1.8.R", "mode": "bus", "line_name": "511"}, {"line_id": "96-245-2-j24-1", "route_id": "48.TA.96-245-2-j24-1.2.H", "mode": "bus", "line_name": "511"}, {"line_id": "96-245-4-j24-1", "route_id": "21.TA.96-245-4-j24-1.5.H", "mode": "bus", "line_name": "512"}, {"line_id": "96-245-2-j24-1", "route_id": "38.TA.96-245-2-j24-1.17.H", "mode": "bus", "line_name": "511"}], "predominant_mode": "bus", "assigned_canton": "Glarus", "modes_list": ["bus"]}, "geometry": {"type": "Point", "coordinates": [9.086046462370867, 47.11243702476506]}}, {"id": "17820", "type": "Feature", "properties": {"name": "Morgenholz", "lon": 9.020146043773982, "lat": 47.12553682588881, "stop_id": ["8530516.link:pt_8530516"], "lines": [{"line_id": "93-6R-Y-j24-1", "route_id": "99.TA.93-6R-Y-j24-1.2.R", "mode": "cable car", "line_name": "PB"}, {"line_id": "93-6R-Y-j24-1", "route_id": "49.TA.93-6R-Y-j24-1.1.H", "mode": "cable car", "line_name": "PB"}], "predominant_mode": "cable car", "assigned_canton": "Glarus", "modes_list": ["cable car"]}, "geometry": {"type": "Point", "coordinates": [9.020146052702616, 47.12553683582642]}}, {"id": "18286", "type": "Feature", "properties": {"name": "M\u00fchlehorn", "lon": 9.172877603594301, "lat": 47.11791451348704, "stop_id": ["8509418:0:1.link:1266008", "8509418:0:1.link:1266009"], "lines": [{"line_id": "91-17-M-j24-1", "route_id": "153.TA.91-17-M-j24-1.64.H", "mode": "rail", "line_name": "S17"}, {"line_id": "91-17-M-j24-1", "route_id": "84.TA.91-17-M-j24-1.8.H", "mode": "rail", "line_name": "S17"}, {"line_id": "91-17-M-j24-1", "route_id": "152.TA.91-17-M-j24-1.63.H", "mode": "rail", "line_name": "S17"}, {"line_id": "91-17-M-j24-1", "route_id": "93.TA.91-17-M-j24-1.9.H", "mode": "rail", "line_name": "S17"}, {"line_id": "91-17-M-j24-1", "route_id": "167.TA.91-17-M-j24-1.19.H", "mode": "rail", "line_name": "S17"}, {"line_id": "91-17-M-j24-1", "route_id": "276.TA.91-17-M-j24-1.41.R", "mode": "rail", "line_name": "S17"}, {"line_id": "91-17-M-j24-1", "route_id": "241.TA.91-17-M-j24-1.25.R", "mode": "rail", "line_name": "S17"}], "predominant_mode": "rail", "assigned_canton": "Glarus", "modes_list": ["rail"]}, "geometry": {"type": "Point", "coordinates": [9.172877612668639, 47.117914523375255]}}, {"id": "18287", "type": "Feature", "properties": {"name": "M\u00fchlehorn (See)", "lon": 9.174305923607545, "lat": 47.11829962346459, "stop_id": ["8530660.link:pt_8530660"], "lines": [{"line_id": "94-R-Y-j24-1", "route_id": "4.TA.94-R-Y-j24-1.2.H", "mode": "ferry", "line_name": "BAT"}, {"line_id": "94-R-Y-j24-1", "route_id": "13.TA.94-R-Y-j24-1.5.H", "mode": "ferry", "line_name": "BAT"}, {"line_id": "94-R-Y-j24-1", "route_id": "24.TA.94-R-Y-j24-1.9.R", "mode": "ferry", "line_name": "BAT"}, {"line_id": "94-R-Y-j24-1", "route_id": "18.TA.94-R-Y-j24-1.7.R", "mode": "ferry", "line_name": "BAT"}], "predominant_mode": "ferry", "assigned_canton": "Glarus", "modes_list": ["ferry"]}, "geometry": {"type": "Point", "coordinates": [9.17430593268309, 47.118299633352514]}}, {"id": "18288", "type": "Feature", "properties": {"name": "M\u00fchlehorn, Bahnhof", "lon": 9.173174043588045, "lat": 47.11771889348235, "stop_id": ["8573901.link:355597", "8573901.link:355598"], "lines": [{"line_id": "96-245-2-j24-1", "route_id": "135.TA.96-245-2-j24-1.8.R", "mode": "bus", "line_name": "511"}, {"line_id": "96-245-2-j24-1", "route_id": "127.TA.96-245-2-j24-1.7.R", "mode": "bus", "line_name": "511"}, {"line_id": "96-245-2-j24-1", "route_id": "84.TA.96-245-2-j24-1.4.R", "mode": "bus", "line_name": "511"}, {"line_id": "96-245-2-j24-1", "route_id": "61.TA.96-245-2-j24-1.3.R", "mode": "bus", "line_name": "511"}, {"line_id": "96-245-2-j24-1", "route_id": "48.TA.96-245-2-j24-1.2.H", "mode": "bus", "line_name": "511"}, {"line_id": "96-245-2-j24-1", "route_id": "5.TA.96-245-2-j24-1.1.H", "mode": "bus", "line_name": "511"}, {"line_id": "96-245-2-j24-1", "route_id": "38.TA.96-245-2-j24-1.17.H", "mode": "bus", "line_name": "511"}], "predominant_mode": "bus", "assigned_canton": "Glarus", "modes_list": ["bus"]}, "geometry": {"type": "Point", "coordinates": [9.173174052662725, 47.11771890337038]}}, {"id": "18289", "type": "Feature", "properties": {"name": "M\u00fchlehorn, Beerenboden", "lon": 9.17073961343198, "lat": 47.11298723352039, "stop_id": ["8573897.link:428695", "8573897.link:428696"], "lines": [{"line_id": "96-245-2-j24-1", "route_id": "127.TA.96-245-2-j24-1.7.R", "mode": "bus", "line_name": "511"}, {"line_id": "96-245-2-j24-1", "route_id": "84.TA.96-245-2-j24-1.4.R", "mode": "bus", "line_name": "511"}, {"line_id": "96-245-2-j24-1", "route_id": "61.TA.96-245-2-j24-1.3.R", "mode": "bus", "line_name": "511"}, {"line_id": "96-243-6-j24-1", "route_id": "6.TA.96-243-6-j24-1.3.H", "mode": "bus", "line_name": "536"}, {"line_id": "96-245-2-j24-1", "route_id": "135.TA.96-245-2-j24-1.8.R", "mode": "bus", "line_name": "511"}, {"line_id": "96-245-2-j24-1", "route_id": "48.TA.96-245-2-j24-1.2.H", "mode": "bus", "line_name": "511"}, {"line_id": "96-245-2-j24-1", "route_id": "5.TA.96-245-2-j24-1.1.H", "mode": "bus", "line_name": "511"}, {"line_id": "96-245-2-j24-1", "route_id": "38.TA.96-245-2-j24-1.17.H", "mode": "bus", "line_name": "511"}], "predominant_mode": "bus", "assigned_canton": "Glarus", "modes_list": ["bus"]}, "geometry": {"type": "Point", "coordinates": [9.170739622505913, 47.112987243407524]}}, {"id": "18290", "type": "Feature", "properties": {"name": "M\u00fchlehorn, Dorf", "lon": 9.173766933564464, "lat": 47.11699144347303, "stop_id": ["8589107.link:1033233", "8589107.link:1033234"], "lines": [{"line_id": "96-245-2-j24-1", "route_id": "127.TA.96-245-2-j24-1.7.R", "mode": "bus", "line_name": "511"}, {"line_id": "96-245-2-j24-1", "route_id": "84.TA.96-245-2-j24-1.4.R", "mode": "bus", "line_name": "511"}, {"line_id": "96-245-2-j24-1", "route_id": "61.TA.96-245-2-j24-1.3.R", "mode": "bus", "line_name": "511"}, {"line_id": "96-243-6-j24-1", "route_id": "6.TA.96-243-6-j24-1.3.H", "mode": "bus", "line_name": "536"}, {"line_id": "96-245-2-j24-1", "route_id": "135.TA.96-245-2-j24-1.8.R", "mode": "bus", "line_name": "511"}, {"line_id": "96-245-2-j24-1", "route_id": "48.TA.96-245-2-j24-1.2.H", "mode": "bus", "line_name": "511"}, {"line_id": "96-245-2-j24-1", "route_id": "5.TA.96-245-2-j24-1.1.H", "mode": "bus", "line_name": "511"}, {"line_id": "96-245-2-j24-1", "route_id": "38.TA.96-245-2-j24-1.17.H", "mode": "bus", "line_name": "511"}], "predominant_mode": "bus", "assigned_canton": "Glarus", "modes_list": ["bus"]}, "geometry": {"type": "Point", "coordinates": [9.173766942639931, 47.11699145336067]}}, {"id": "18291", "type": "Feature", "properties": {"name": "M\u00fchlehorn, Hohrain", "lon": 9.178087833534658, "lat": 47.11602557340499, "stop_id": ["8573898.link:428685", "8573898.link:428686"], "lines": [{"line_id": "96-245-2-j24-1", "route_id": "127.TA.96-245-2-j24-1.7.R", "mode": "bus", "line_name": "511"}, {"line_id": "96-245-2-j24-1", "route_id": "84.TA.96-245-2-j24-1.4.R", "mode": "bus", "line_name": "511"}, {"line_id": "96-245-2-j24-1", "route_id": "61.TA.96-245-2-j24-1.3.R", "mode": "bus", "line_name": "511"}, {"line_id": "96-243-6-j24-1", "route_id": "6.TA.96-243-6-j24-1.3.H", "mode": "bus", "line_name": "536"}, {"line_id": "96-245-2-j24-1", "route_id": "135.TA.96-245-2-j24-1.8.R", "mode": "bus", "line_name": "511"}, {"line_id": "96-245-2-j24-1", "route_id": "48.TA.96-245-2-j24-1.2.H", "mode": "bus", "line_name": "511"}, {"line_id": "96-245-2-j24-1", "route_id": "5.TA.96-245-2-j24-1.1.H", "mode": "bus", "line_name": "511"}, {"line_id": "96-245-2-j24-1", "route_id": "38.TA.96-245-2-j24-1.17.H", "mode": "bus", "line_name": "511"}], "predominant_mode": "bus", "assigned_canton": "Glarus", "modes_list": ["bus"]}, "geometry": {"type": "Point", "coordinates": [9.178087842614461, 47.116025583290934]}}, {"id": "18292", "type": "Feature", "properties": {"name": "M\u00fchlehorn, Oberdorf", "lon": 9.17367710354499, "lat": 47.11639847347439, "stop_id": ["8573900.link:1315448", "8573900.link:1315449"], "lines": [{"line_id": "96-245-2-j24-1", "route_id": "127.TA.96-245-2-j24-1.7.R", "mode": "bus", "line_name": "511"}, {"line_id": "96-245-2-j24-1", "route_id": "84.TA.96-245-2-j24-1.4.R", "mode": "bus", "line_name": "511"}, {"line_id": "96-245-2-j24-1", "route_id": "61.TA.96-245-2-j24-1.3.R", "mode": "bus", "line_name": "511"}, {"line_id": "96-243-6-j24-1", "route_id": "6.TA.96-243-6-j24-1.3.H", "mode": "bus", "line_name": "536"}, {"line_id": "96-245-2-j24-1", "route_id": "135.TA.96-245-2-j24-1.8.R", "mode": "bus", "line_name": "511"}, {"line_id": "96-245-2-j24-1", "route_id": "48.TA.96-245-2-j24-1.2.H", "mode": "bus", "line_name": "511"}, {"line_id": "96-245-2-j24-1", "route_id": "5.TA.96-245-2-j24-1.1.H", "mode": "bus", "line_name": "511"}, {"line_id": "96-245-2-j24-1", "route_id": "38.TA.96-245-2-j24-1.17.H", "mode": "bus", "line_name": "511"}], "predominant_mode": "bus", "assigned_canton": "Glarus", "modes_list": ["bus"]}, "geometry": {"type": "Point", "coordinates": [9.173677112620565, 47.11639848336182]}}, {"id": "18293", "type": "Feature", "properties": {"name": "M\u00fchlehorn, Stutz", "lon": 9.182992633504933, "lat": 47.1150535633278, "stop_id": ["8573899.link:1809350", "8573899.link:428683"], "lines": [{"line_id": "96-245-2-j24-1", "route_id": "48.TA.96-245-2-j24-1.2.H", "mode": "bus", "line_name": "511"}, {"line_id": "96-245-2-j24-1", "route_id": "5.TA.96-245-2-j24-1.1.H", "mode": "bus", "line_name": "511"}, {"line_id": "96-245-2-j24-1", "route_id": "38.TA.96-245-2-j24-1.17.H", "mode": "bus", "line_name": "511"}, {"line_id": "96-245-2-j24-1", "route_id": "127.TA.96-245-2-j24-1.7.R", "mode": "bus", "line_name": "511"}, {"line_id": "96-245-2-j24-1", "route_id": "84.TA.96-245-2-j24-1.4.R", "mode": "bus", "line_name": "511"}, {"line_id": "96-245-2-j24-1", "route_id": "61.TA.96-245-2-j24-1.3.R", "mode": "bus", "line_name": "511"}, {"line_id": "96-243-6-j24-1", "route_id": "6.TA.96-243-6-j24-1.3.H", "mode": "bus", "line_name": "536"}, {"line_id": "96-245-2-j24-1", "route_id": "135.TA.96-245-2-j24-1.8.R", "mode": "bus", "line_name": "511"}], "predominant_mode": "bus", "assigned_canton": "Glarus", "modes_list": ["bus"]}, "geometry": {"type": "Point", "coordinates": [9.182992642589616, 47.11505357321186]}}, {"id": "18589", "type": "Feature", "properties": {"name": "Netstal", "lon": 9.059492251835346, "lat": 47.06575151526687, "stop_id": ["8503228:0:1.link:1677947", "8503228:0:1.link:1677948"], "lines": [{"line_id": "91-6-G-j24-1", "route_id": "101.TA.91-6-G-j24-1.131.H", "mode": "rail", "line_name": "S6"}, {"line_id": "91-6-G-j24-1", "route_id": "74.TA.91-6-G-j24-1.24.H", "mode": "rail", "line_name": "S6"}, {"line_id": "91-6-G-j24-1", "route_id": "75.TA.91-6-G-j24-1.25.H", "mode": "rail", "line_name": "S6"}, {"line_id": "91-25-j24-1", "route_id": "488.TA.91-25-j24-1.45.R", "mode": "rail", "line_name": "S25"}, {"line_id": "91-25-j24-1", "route_id": "450.TA.91-25-j24-1.41.R", "mode": "rail", "line_name": "S25"}, {"line_id": "91-6-G-j24-1", "route_id": "25.TA.91-6-G-j24-1.128.H", "mode": "rail", "line_name": "S6"}, {"line_id": "91-6-G-j24-1", "route_id": "61.TA.91-6-G-j24-1.129.H", "mode": "rail", "line_name": "S6"}, {"line_id": "91-25-j24-1", "route_id": "519.TA.91-25-j24-1.47.R", "mode": "rail", "line_name": "S25"}, {"line_id": "91-25-j24-1", "route_id": "509.TA.91-25-j24-1.46.R", "mode": "rail", "line_name": "S25"}, {"line_id": "91-25-j24-1", "route_id": "372.TA.91-25-j24-1.39.R", "mode": "rail", "line_name": "S25"}, {"line_id": "91-25-j24-1", "route_id": "101.TA.91-25-j24-1.21.H", "mode": "rail", "line_name": "S25"}, {"line_id": "91-25-j24-1", "route_id": "214.TA.91-25-j24-1.27.H", "mode": "rail", "line_name": "S25"}, {"line_id": "91-6-G-j24-1", "route_id": "140.TA.91-6-G-j24-1.132.R", "mode": "rail", "line_name": "S6"}, {"line_id": "91-6-G-j24-1", "route_id": "144.TA.91-6-G-j24-1.41.R", "mode": "rail", "line_name": "S6"}, {"line_id": "91-25-j24-1", "route_id": "98.TA.91-25-j24-1.20.H", "mode": "rail", "line_name": "S25"}, {"line_id": "91-25-j24-1", "route_id": "184.TA.91-25-j24-1.23.H", "mode": "rail", "line_name": "S25"}, {"line_id": "91-25-j24-1", "route_id": "247.TA.91-25-j24-1.29.H", "mode": "rail", "line_name": "S25"}, {"line_id": "91-6-G-j24-1", "route_id": "174.TA.91-6-G-j24-1.52.R", "mode": "rail", "line_name": "S6"}, {"line_id": "91-25-j24-1", "route_id": "228.TA.91-25-j24-1.28.H", "mode": "rail", "line_name": "S25"}, {"line_id": "91-6-G-j24-1", "route_id": "173.TA.91-6-G-j24-1.51.R", "mode": "rail", "line_name": "S6"}, {"line_id": "91-6-G-j24-1", "route_id": "130.TA.91-6-G-j24-1.37.R", "mode": "rail", "line_name": "S6"}, {"line_id": "91-6-G-j24-1", "route_id": "141.TA.91-6-G-j24-1.39.R", "mode": "rail", "line_name": "S6"}, {"line_id": "91-6-G-j24-1", "route_id": "178.TA.91-6-G-j24-1.138.R", "mode": "rail", "line_name": "S6"}, {"line_id": "91-25-j24-1", "route_id": "83.TA.91-25-j24-1.17.H", "mode": "rail", "line_name": "S25"}], "predominant_mode": "rail", "assigned_canton": "Glarus", "modes_list": ["rail"]}, "geometry": {"type": "Point", "coordinates": [9.059492260819983, 47.06575152517124]}}, {"id": "18590", "type": "Feature", "properties": {"name": "Netstal, Altersheim", "lon": 9.052916581583837, "lat": 47.0581573553697, "stop_id": ["8580501.link:834893", "8580501.link:834894"], "lines": [{"line_id": "96-241-7-j24-1", "route_id": "39.TA.96-241-7-j24-1.4.R", "mode": "bus", "line_name": "501"}, {"line_id": "96-243-6-j24-1", "route_id": "9.TA.96-243-6-j24-1.23.H", "mode": "bus", "line_name": "536"}, {"line_id": "96-243-6-j24-1", "route_id": "12.TA.96-243-6-j24-1.24.H", "mode": "bus", "line_name": "536"}, {"line_id": "96-243-6-j24-1", "route_id": "25.TA.96-243-6-j24-1.26.R", "mode": "bus", "line_name": "536"}, {"line_id": "96-243-6-j24-1", "route_id": "22.TA.96-243-6-j24-1.25.R", "mode": "bus", "line_name": "536"}, {"line_id": "96-241-7-j24-1", "route_id": "7.TA.96-241-7-j24-1.3.H", "mode": "bus", "line_name": "501"}], "predominant_mode": "bus", "assigned_canton": "Glarus", "modes_list": ["bus"]}, "geometry": {"type": "Point", "coordinates": [9.052916590564655, 47.058157365273296]}}, {"id": "18591", "type": "Feature", "properties": {"name": "Netstal, Bahnhof", "lon": 9.059276651816418, "lat": 47.06517633527019, "stop_id": ["8583669.link:1673318", "8583669.link:1673319"], "lines": [{"line_id": "96-241-8-j24-1", "route_id": "1.TA.96-241-8-j24-1.1.H", "mode": "bus", "line_name": "502"}, {"line_id": "96-241-8-j24-1", "route_id": "5.TA.96-241-8-j24-1.2.H", "mode": "bus", "line_name": "502"}, {"line_id": "96-241-8-j24-1", "route_id": "32.TA.96-241-8-j24-1.3.R", "mode": "bus", "line_name": "502"}], "predominant_mode": "bus", "assigned_canton": "Glarus", "modes_list": ["bus"]}, "geometry": {"type": "Point", "coordinates": [9.05927666080103, 47.065176345174436]}}, {"id": "18592", "type": "Feature", "properties": {"name": "Netstal, Gemeinde", "lon": 9.054308971727583, "lat": 47.06253285534811, "stop_id": ["8580502.link:1000679", "8580502.link:1000680"], "lines": [{"line_id": "96-241-7-j24-1", "route_id": "39.TA.96-241-7-j24-1.4.R", "mode": "bus", "line_name": "501"}, {"line_id": "96-243-6-j24-1", "route_id": "9.TA.96-243-6-j24-1.23.H", "mode": "bus", "line_name": "536"}, {"line_id": "96-243-6-j24-1", "route_id": "12.TA.96-243-6-j24-1.24.H", "mode": "bus", "line_name": "536"}, {"line_id": "96-243-6-j24-1", "route_id": "25.TA.96-243-6-j24-1.26.R", "mode": "bus", "line_name": "536"}, {"line_id": "96-243-6-j24-1", "route_id": "22.TA.96-243-6-j24-1.25.R", "mode": "bus", "line_name": "536"}, {"line_id": "96-241-7-j24-1", "route_id": "7.TA.96-241-7-j24-1.3.H", "mode": "bus", "line_name": "501"}], "predominant_mode": "bus", "assigned_canton": "Glarus", "modes_list": ["bus"]}, "geometry": {"type": "Point", "coordinates": [9.054308980708342, 47.06253286525288]}}, {"id": "18593", "type": "Feature", "properties": {"name": "Netstal, Kublihoschet", "lon": 9.058540031580723, "lat": 47.0579798852813, "stop_id": ["8557123.link:297325", "8557123.link:297326"], "lines": [{"line_id": "96-241-8-j24-1", "route_id": "1.TA.96-241-8-j24-1.1.H", "mode": "bus", "line_name": "502"}, {"line_id": "96-241-8-j24-1", "route_id": "5.TA.96-241-8-j24-1.2.H", "mode": "bus", "line_name": "502"}, {"line_id": "96-241-8-j24-1", "route_id": "32.TA.96-241-8-j24-1.3.R", "mode": "bus", "line_name": "502"}], "predominant_mode": "bus", "assigned_canton": "Glarus", "modes_list": ["bus"]}, "geometry": {"type": "Point", "coordinates": [9.058540040566903, 47.05797989518314]}}, {"id": "18594", "type": "Feature", "properties": {"name": "Netstal, Post", "lon": 9.05571034179089, "lat": 47.06444816532619, "stop_id": ["8580907.link:1000667", "8580907.link:1000668"], "lines": [{"line_id": "96-241-7-j24-1", "route_id": "39.TA.96-241-7-j24-1.4.R", "mode": "bus", "line_name": "501"}, {"line_id": "96-243-6-j24-1", "route_id": "9.TA.96-243-6-j24-1.23.H", "mode": "bus", "line_name": "536"}, {"line_id": "96-243-6-j24-1", "route_id": "12.TA.96-243-6-j24-1.24.H", "mode": "bus", "line_name": "536"}, {"line_id": "96-243-6-j24-1", "route_id": "25.TA.96-243-6-j24-1.26.R", "mode": "bus", "line_name": "536"}, {"line_id": "96-243-6-j24-1", "route_id": "22.TA.96-243-6-j24-1.25.R", "mode": "bus", "line_name": "536"}, {"line_id": "96-241-7-j24-1", "route_id": "7.TA.96-241-7-j24-1.3.H", "mode": "bus", "line_name": "501"}], "predominant_mode": "bus", "assigned_canton": "Glarus", "modes_list": ["bus"]}, "geometry": {"type": "Point", "coordinates": [9.055710350772369, 47.06444817523125]}}, {"id": "18595", "type": "Feature", "properties": {"name": "Netstal, Wiggis Park", "lon": 9.05754290188084, "lat": 47.06717109529756, "stop_id": ["8580503.link:1698629", "8580503.link:1698630"], "lines": [{"line_id": "96-241-7-j24-1", "route_id": "39.TA.96-241-7-j24-1.4.R", "mode": "bus", "line_name": "501"}, {"line_id": "96-241-8-j24-1", "route_id": "32.TA.96-241-8-j24-1.3.R", "mode": "bus", "line_name": "502"}, {"line_id": "96-243-6-j24-1", "route_id": "9.TA.96-243-6-j24-1.23.H", "mode": "bus", "line_name": "536"}, {"line_id": "96-243-6-j24-1", "route_id": "12.TA.96-243-6-j24-1.24.H", "mode": "bus", "line_name": "536"}, {"line_id": "96-241-8-j24-1", "route_id": "1.TA.96-241-8-j24-1.1.H", "mode": "bus", "line_name": "502"}, {"line_id": "96-243-6-j24-1", "route_id": "22.TA.96-243-6-j24-1.25.R", "mode": "bus", "line_name": "536"}, {"line_id": "96-241-7-j24-1", "route_id": "7.TA.96-241-7-j24-1.3.H", "mode": "bus", "line_name": "501"}, {"line_id": "96-243-6-j24-1", "route_id": "25.TA.96-243-6-j24-1.26.R", "mode": "bus", "line_name": "536"}, {"line_id": "96-241-8-j24-1", "route_id": "5.TA.96-241-8-j24-1.2.H", "mode": "bus", "line_name": "502"}], "predominant_mode": "bus", "assigned_canton": "Glarus", "modes_list": ["bus"]}, "geometry": {"type": "Point", "coordinates": [9.057542910863189, 47.06717110520302]}}, {"id": "18596", "type": "Feature", "properties": {"name": "Netstal, Wydeli", "lon": 9.058279521671656, "lat": 47.06076433528559, "stop_id": ["8583667.link:297341", "8583667.link:297342"], "lines": [{"line_id": "96-241-8-j24-1", "route_id": "1.TA.96-241-8-j24-1.1.H", "mode": "bus", "line_name": "502"}, {"line_id": "96-241-8-j24-1", "route_id": "5.TA.96-241-8-j24-1.2.H", "mode": "bus", "line_name": "502"}, {"line_id": "96-241-8-j24-1", "route_id": "32.TA.96-241-8-j24-1.3.R", "mode": "bus", "line_name": "502"}], "predominant_mode": "bus", "assigned_canton": "Glarus", "modes_list": ["bus"]}, "geometry": {"type": "Point", "coordinates": [9.058279530656717, 47.06076434518849]}}, {"id": "18875", "type": "Feature", "properties": {"name": "Nidfurn, Abzw. Bahnhof", "lon": 9.057210519268862, "lat": 46.987205935296636, "stop_id": ["8503322.link:501246", "8503322.link:501247", "8503322.link:525131", "8503322.link:525132"], "lines": [{"line_id": "92-546-A-j24-1", "route_id": "5.TA.92-546-A-j24-1.1.H", "mode": "bus", "line_name": "546"}, {"line_id": "92-544-A-j24-1", "route_id": "17.TA.92-544-A-j24-1.7.H", "mode": "bus", "line_name": "544"}, {"line_id": "92-546-A-j24-1", "route_id": "6.TA.92-546-A-j24-1.2.R", "mode": "bus", "line_name": "546"}, {"line_id": "92-544-A-j24-1", "route_id": "28.TA.92-544-A-j24-1.8.R", "mode": "bus", "line_name": "544"}, {"line_id": "96-243-6-j24-1", "route_id": "2.TA.96-243-6-j24-1.15.H", "mode": "bus", "line_name": "536"}, {"line_id": "96-243-6-j24-1", "route_id": "4.TA.96-243-6-j24-1.16.H", "mode": "bus", "line_name": "536"}, {"line_id": "96-243-6-j24-1", "route_id": "19.TA.96-243-6-j24-1.17.R", "mode": "bus", "line_name": "536"}], "predominant_mode": "bus", "assigned_canton": "Glarus", "modes_list": ["bus"]}, "geometry": {"type": "Point", "coordinates": [9.057210528275908, 46.98720594517292]}}, {"id": "18876", "type": "Feature", "properties": {"name": "Nidfurn-Haslen", "lon": 9.059420379232774, "lat": 46.9860661152618, "stop_id": ["8503234:0:1.link:808144", "8503234:0:1.link:808145"], "lines": [{"line_id": "91-6-G-j24-1", "route_id": "101.TA.91-6-G-j24-1.131.H", "mode": "rail", "line_name": "S6"}, {"line_id": "91-6-G-j24-1", "route_id": "74.TA.91-6-G-j24-1.24.H", "mode": "rail", "line_name": "S6"}, {"line_id": "91-6-G-j24-1", "route_id": "75.TA.91-6-G-j24-1.25.H", "mode": "rail", "line_name": "S6"}, {"line_id": "91-25-j24-1", "route_id": "488.TA.91-25-j24-1.45.R", "mode": "rail", "line_name": "S25"}, {"line_id": "91-25-j24-1", "route_id": "450.TA.91-25-j24-1.41.R", "mode": "rail", "line_name": "S25"}, {"line_id": "91-25-j24-1", "route_id": "519.TA.91-25-j24-1.47.R", "mode": "rail", "line_name": "S25"}, {"line_id": "91-25-j24-1", "route_id": "509.TA.91-25-j24-1.46.R", "mode": "rail", "line_name": "S25"}, {"line_id": "91-25-j24-1", "route_id": "372.TA.91-25-j24-1.39.R", "mode": "rail", "line_name": "S25"}, {"line_id": "91-25-j24-1", "route_id": "101.TA.91-25-j24-1.21.H", "mode": "rail", "line_name": "S25"}, {"line_id": "91-25-j24-1", "route_id": "214.TA.91-25-j24-1.27.H", "mode": "rail", "line_name": "S25"}, {"line_id": "91-25-j24-1", "route_id": "98.TA.91-25-j24-1.20.H", "mode": "rail", "line_name": "S25"}, {"line_id": "91-25-j24-1", "route_id": "247.TA.91-25-j24-1.29.H", "mode": "rail", "line_name": "S25"}, {"line_id": "91-25-j24-1", "route_id": "184.TA.91-25-j24-1.23.H", "mode": "rail", "line_name": "S25"}, {"line_id": "91-6-G-j24-1", "route_id": "174.TA.91-6-G-j24-1.52.R", "mode": "rail", "line_name": "S6"}, {"line_id": "91-25-j24-1", "route_id": "228.TA.91-25-j24-1.28.H", "mode": "rail", "line_name": "S25"}, {"line_id": "91-6-G-j24-1", "route_id": "173.TA.91-6-G-j24-1.51.R", "mode": "rail", "line_name": "S6"}, {"line_id": "91-6-G-j24-1", "route_id": "178.TA.91-6-G-j24-1.138.R", "mode": "rail", "line_name": "S6"}], "predominant_mode": "rail", "assigned_canton": "Glarus", "modes_list": ["rail"]}, "geometry": {"type": "Point", "coordinates": [9.059420388242264, 46.98606612513697]}}, {"id": "18877", "type": "Feature", "properties": {"name": "Nidfurn-Haslen, Bahnhof", "lon": 9.059618009229679, "lat": 46.98596806525872, "stop_id": ["8509639.link:501250", "8509639.link:501251"], "lines": [{"line_id": "92-544-A-j24-1", "route_id": "17.TA.92-544-A-j24-1.7.H", "mode": "bus", "line_name": "544"}, {"line_id": "92-544-A-j24-1", "route_id": "28.TA.92-544-A-j24-1.8.R", "mode": "bus", "line_name": "544"}], "predominant_mode": "bus", "assigned_canton": "Glarus", "modes_list": ["bus"]}, "geometry": {"type": "Point", "coordinates": [9.05961801823939, 46.9859680751338]}}, {"id": "18878", "type": "Feature", "properties": {"name": "Nieder- und Oberurnen", "lon": 9.062393803690263, "lat": 47.12236456522446, "stop_id": ["8503226.link:1910967", "8503226.link:1910968"], "lines": [{"line_id": "91-6-G-j24-1", "route_id": "101.TA.91-6-G-j24-1.131.H", "mode": "rail", "line_name": "S6"}, {"line_id": "91-6-G-j24-1", "route_id": "74.TA.91-6-G-j24-1.24.H", "mode": "rail", "line_name": "S6"}, {"line_id": "91-6-G-j24-1", "route_id": "75.TA.91-6-G-j24-1.25.H", "mode": "rail", "line_name": "S6"}, {"line_id": "91-6-G-j24-1", "route_id": "25.TA.91-6-G-j24-1.128.H", "mode": "rail", "line_name": "S6"}, {"line_id": "91-6-G-j24-1", "route_id": "61.TA.91-6-G-j24-1.129.H", "mode": "rail", "line_name": "S6"}, {"line_id": "91-6-G-j24-1", "route_id": "140.TA.91-6-G-j24-1.132.R", "mode": "rail", "line_name": "S6"}, {"line_id": "91-6-G-j24-1", "route_id": "144.TA.91-6-G-j24-1.41.R", "mode": "rail", "line_name": "S6"}, {"line_id": "91-6-G-j24-1", "route_id": "174.TA.91-6-G-j24-1.52.R", "mode": "rail", "line_name": "S6"}, {"line_id": "91-6-G-j24-1", "route_id": "130.TA.91-6-G-j24-1.37.R", "mode": "rail", "line_name": "S6"}, {"line_id": "91-6-G-j24-1", "route_id": "173.TA.91-6-G-j24-1.51.R", "mode": "rail", "line_name": "S6"}, {"line_id": "91-6-G-j24-1", "route_id": "141.TA.91-6-G-j24-1.39.R", "mode": "rail", "line_name": "S6"}, {"line_id": "91-6-G-j24-1", "route_id": "178.TA.91-6-G-j24-1.138.R", "mode": "rail", "line_name": "S6"}], "predominant_mode": "rail", "assigned_canton": "Glarus", "modes_list": ["rail"]}, "geometry": {"type": "Point", "coordinates": [9.062393812659716, 47.12236457514809]}}, {"id": "18982", "type": "Feature", "properties": {"name": "Niederurnen", "lon": 9.046700243770793, "lat": 47.125047865471316, "stop_id": ["8530515.link:pt_8530515"], "lines": [{"line_id": "93-6R-Y-j24-1", "route_id": "99.TA.93-6R-Y-j24-1.2.R", "mode": "cable car", "line_name": "PB"}, {"line_id": "93-6R-Y-j24-1", "route_id": "49.TA.93-6R-Y-j24-1.1.H", "mode": "cable car", "line_name": "PB"}], "predominant_mode": "cable car", "assigned_canton": "Glarus", "modes_list": ["cable car"]}, "geometry": {"type": "Point", "coordinates": [9.046700252724618, 47.12504787540068]}}, {"id": "18983", "type": "Feature", "properties": {"name": "Niederurnen, Badstrasse", "lon": 9.05216199390101, "lat": 47.128941155385654, "stop_id": ["8505198.link:1809389", "8505198.link:1809390"], "lines": [{"line_id": "96-245-5-j24-1", "route_id": "27.TA.96-245-5-j24-1.1.H", "mode": "bus", "line_name": "513"}, {"line_id": "96-243-6-j24-1", "route_id": "22.TA.96-243-6-j24-1.25.R", "mode": "bus", "line_name": "536"}, {"line_id": "96-243-6-j24-1", "route_id": "25.TA.96-243-6-j24-1.26.R", "mode": "bus", "line_name": "536"}, {"line_id": "96-243-6-j24-1", "route_id": "12.TA.96-243-6-j24-1.24.H", "mode": "bus", "line_name": "536"}, {"line_id": "96-245-5-j24-1", "route_id": "77.TA.96-245-5-j24-1.2.R", "mode": "bus", "line_name": "513"}, {"line_id": "96-243-6-j24-1", "route_id": "25.TA.96-243-6-j24-1.26.R", "mode": "bus", "line_name": "536"}, {"line_id": "96-245-5-j24-1", "route_id": "109.TA.96-245-5-j24-1.3.R", "mode": "bus", "line_name": "513"}, {"line_id": "96-243-6-j24-1", "route_id": "12.TA.96-243-6-j24-1.24.H", "mode": "bus", "line_name": "536"}], "predominant_mode": "bus", "assigned_canton": "Glarus", "modes_list": ["bus"]}, "geometry": {"type": "Point", "coordinates": [9.052162002858738, 47.128941165314735]}}, {"id": "18984", "type": "Feature", "properties": {"name": "Niederurnen, Friedhof", "lon": 9.053581333673696, "lat": 47.12198558536302, "stop_id": ["8577809.link:252929", "8577809.link:252930"], "lines": [{"line_id": "96-245-2-j24-1", "route_id": "127.TA.96-245-2-j24-1.7.R", "mode": "bus", "line_name": "511"}, {"line_id": "96-245-4-j24-1", "route_id": "40.TA.96-245-4-j24-1.8.R", "mode": "bus", "line_name": "512"}, {"line_id": "96-243-6-j24-1", "route_id": "22.TA.96-243-6-j24-1.25.R", "mode": "bus", "line_name": "536"}, {"line_id": "96-245-4-j24-1", "route_id": "32.TA.96-245-4-j24-1.7.R", "mode": "bus", "line_name": "512"}, {"line_id": "96-243-6-j24-1", "route_id": "25.TA.96-243-6-j24-1.26.R", "mode": "bus", "line_name": "536"}, {"line_id": "96-245-2-j24-1", "route_id": "106.TA.96-245-2-j24-1.5.R", "mode": "bus", "line_name": "511"}, {"line_id": "96-245-2-j24-1", "route_id": "135.TA.96-245-2-j24-1.8.R", "mode": "bus", "line_name": "511"}, {"line_id": "96-245-2-j24-1", "route_id": "48.TA.96-245-2-j24-1.2.H", "mode": "bus", "line_name": "511"}, {"line_id": "96-245-4-j24-1", "route_id": "5.TA.96-245-4-j24-1.3.H", "mode": "bus", "line_name": "512"}, {"line_id": "96-245-4-j24-1", "route_id": "12.TA.96-245-4-j24-1.4.H", "mode": "bus", "line_name": "512"}, {"line_id": "96-245-2-j24-1", "route_id": "38.TA.96-245-2-j24-1.17.H", "mode": "bus", "line_name": "511"}, {"line_id": "96-245-4-j24-1", "route_id": "21.TA.96-245-4-j24-1.5.H", "mode": "bus", "line_name": "512"}, {"line_id": "96-243-6-j24-1", "route_id": "12.TA.96-243-6-j24-1.24.H", "mode": "bus", "line_name": "536"}, {"line_id": "96-243-6-j24-1", "route_id": "9.TA.96-243-6-j24-1.23.H", "mode": "bus", "line_name": "536"}], "predominant_mode": "bus", "assigned_canton": "Glarus", "modes_list": ["bus"]}, "geometry": {"type": "Point", "coordinates": [9.053581342634972, 47.121985595289225]}}, {"id": "18985", "type": "Feature", "properties": {"name": "Niederurnen, Ochsenplatz", "lon": 9.053266923802754, "lat": 47.12592800536815, "stop_id": ["8587510.link:733717", "8587510.link:733718"], "lines": [{"line_id": "96-245-2-j24-1", "route_id": "127.TA.96-245-2-j24-1.7.R", "mode": "bus", "line_name": "511"}, {"line_id": "96-245-4-j24-1", "route_id": "40.TA.96-245-4-j24-1.8.R", "mode": "bus", "line_name": "512"}, {"line_id": "96-243-6-j24-1", "route_id": "22.TA.96-243-6-j24-1.25.R", "mode": "bus", "line_name": "536"}, {"line_id": "96-245-4-j24-1", "route_id": "32.TA.96-245-4-j24-1.7.R", "mode": "bus", "line_name": "512"}, {"line_id": "96-243-6-j24-1", "route_id": "25.TA.96-243-6-j24-1.26.R", "mode": "bus", "line_name": "536"}, {"line_id": "96-245-2-j24-1", "route_id": "106.TA.96-245-2-j24-1.5.R", "mode": "bus", "line_name": "511"}, {"line_id": "96-245-2-j24-1", "route_id": "135.TA.96-245-2-j24-1.8.R", "mode": "bus", "line_name": "511"}, {"line_id": "96-245-2-j24-1", "route_id": "48.TA.96-245-2-j24-1.2.H", "mode": "bus", "line_name": "511"}, {"line_id": "96-245-4-j24-1", "route_id": "5.TA.96-245-4-j24-1.3.H", "mode": "bus", "line_name": "512"}, {"line_id": "96-245-4-j24-1", "route_id": "12.TA.96-245-4-j24-1.4.H", "mode": "bus", "line_name": "512"}, {"line_id": "96-245-2-j24-1", "route_id": "38.TA.96-245-2-j24-1.17.H", "mode": "bus", "line_name": "511"}, {"line_id": "96-245-4-j24-1", "route_id": "21.TA.96-245-4-j24-1.5.H", "mode": "bus", "line_name": "512"}, {"line_id": "96-243-6-j24-1", "route_id": "12.TA.96-243-6-j24-1.24.H", "mode": "bus", "line_name": "536"}, {"line_id": "96-243-6-j24-1", "route_id": "9.TA.96-243-6-j24-1.23.H", "mode": "bus", "line_name": "536"}], "predominant_mode": "bus", "assigned_canton": "Glarus", "modes_list": ["bus"]}, "geometry": {"type": "Point", "coordinates": [9.053266932762485, 47.125928015295855]}}, {"id": "18986", "type": "Feature", "properties": {"name": "Niederurnen, Ziegelbr\u00fcckstr.", "lon": 9.055961873875951, "lat": 47.12812217532588, "stop_id": ["8587509.link:587870", "8587509.link:587871", "8587509.link:587873"], "lines": [{"line_id": "96-245-2-j24-1", "route_id": "127.TA.96-245-2-j24-1.7.R", "mode": "bus", "line_name": "511"}, {"line_id": "96-245-4-j24-1", "route_id": "40.TA.96-245-4-j24-1.8.R", "mode": "bus", "line_name": "512"}, {"line_id": "96-243-6-j24-1", "route_id": "22.TA.96-243-6-j24-1.25.R", "mode": "bus", "line_name": "536"}, {"line_id": "96-245-4-j24-1", "route_id": "32.TA.96-245-4-j24-1.7.R", "mode": "bus", "line_name": "512"}, {"line_id": "96-243-6-j24-1", "route_id": "25.TA.96-243-6-j24-1.26.R", "mode": "bus", "line_name": "536"}, {"line_id": "96-245-2-j24-1", "route_id": "106.TA.96-245-2-j24-1.5.R", "mode": "bus", "line_name": "511"}, {"line_id": "96-245-2-j24-1", "route_id": "135.TA.96-245-2-j24-1.8.R", "mode": "bus", "line_name": "511"}, {"line_id": "96-245-2-j24-1", "route_id": "48.TA.96-245-2-j24-1.2.H", "mode": "bus", "line_name": "511"}, {"line_id": "96-245-4-j24-1", "route_id": "5.TA.96-245-4-j24-1.3.H", "mode": "bus", "line_name": "512"}, {"line_id": "96-245-4-j24-1", "route_id": "12.TA.96-245-4-j24-1.4.H", "mode": "bus", "line_name": "512"}, {"line_id": "96-245-2-j24-1", "route_id": "38.TA.96-245-2-j24-1.17.H", "mode": "bus", "line_name": "511"}, {"line_id": "96-245-4-j24-1", "route_id": "21.TA.96-245-4-j24-1.5.H", "mode": "bus", "line_name": "512"}, {"line_id": "96-243-6-j24-1", "route_id": "9.TA.96-243-6-j24-1.23.H", "mode": "bus", "line_name": "536"}, {"line_id": "96-245-5-j24-1", "route_id": "27.TA.96-245-5-j24-1.1.H", "mode": "bus", "line_name": "513"}, {"line_id": "96-245-5-j24-1", "route_id": "77.TA.96-245-5-j24-1.2.R", "mode": "bus", "line_name": "513"}, {"line_id": "96-243-6-j24-1", "route_id": "25.TA.96-243-6-j24-1.26.R", "mode": "bus", "line_name": "536"}, {"line_id": "96-245-5-j24-1", "route_id": "109.TA.96-245-5-j24-1.3.R", "mode": "bus", "line_name": "513"}, {"line_id": "96-243-6-j24-1", "route_id": "12.TA.96-243-6-j24-1.24.H", "mode": "bus", "line_name": "536"}], "predominant_mode": "bus", "assigned_canton": "Glarus", "modes_list": ["bus"]}, "geometry": {"type": "Point", "coordinates": [9.055961882837522, 47.128122185253524]}}, {"id": "19186", "type": "Feature", "properties": {"name": "N\u00e4fels, Freulerpalast", "lon": 9.062699232949926, "lat": 47.099762035218475, "stop_id": ["8573886.link:587860", "8573886.link:587861"], "lines": [{"line_id": "96-245-2-j24-1", "route_id": "127.TA.96-245-2-j24-1.7.R", "mode": "bus", "line_name": "511"}, {"line_id": "96-245-4-j24-1", "route_id": "40.TA.96-245-4-j24-1.8.R", "mode": "bus", "line_name": "512"}, {"line_id": "96-243-6-j24-1", "route_id": "22.TA.96-243-6-j24-1.25.R", "mode": "bus", "line_name": "536"}, {"line_id": "96-245-4-j24-1", "route_id": "32.TA.96-245-4-j24-1.7.R", "mode": "bus", "line_name": "512"}, {"line_id": "96-243-6-j24-1", "route_id": "25.TA.96-243-6-j24-1.26.R", "mode": "bus", "line_name": "536"}, {"line_id": "96-245-2-j24-1", "route_id": "106.TA.96-245-2-j24-1.5.R", "mode": "bus", "line_name": "511"}, {"line_id": "96-245-2-j24-1", "route_id": "135.TA.96-245-2-j24-1.8.R", "mode": "bus", "line_name": "511"}, {"line_id": "96-245-2-j24-1", "route_id": "48.TA.96-245-2-j24-1.2.H", "mode": "bus", "line_name": "511"}, {"line_id": "96-245-4-j24-1", "route_id": "5.TA.96-245-4-j24-1.3.H", "mode": "bus", "line_name": "512"}, {"line_id": "96-245-4-j24-1", "route_id": "12.TA.96-245-4-j24-1.4.H", "mode": "bus", "line_name": "512"}, {"line_id": "96-245-2-j24-1", "route_id": "38.TA.96-245-2-j24-1.17.H", "mode": "bus", "line_name": "511"}, {"line_id": "96-245-4-j24-1", "route_id": "21.TA.96-245-4-j24-1.5.H", "mode": "bus", "line_name": "512"}, {"line_id": "96-243-6-j24-1", "route_id": "12.TA.96-243-6-j24-1.24.H", "mode": "bus", "line_name": "536"}, {"line_id": "96-243-6-j24-1", "route_id": "9.TA.96-243-6-j24-1.23.H", "mode": "bus", "line_name": "536"}], "predominant_mode": "bus", "assigned_canton": "Glarus", "modes_list": ["bus"]}, "geometry": {"type": "Point", "coordinates": [9.062699241926842, 47.099762045134014]}}, {"id": "19187", "type": "Feature", "properties": {"name": "N\u00e4fels, Kino", "lon": 9.063103472865011, "lat": 47.09716307521197, "stop_id": ["8579949.link:1502066", "8579949.link:1502067"], "lines": [{"line_id": "96-241-8-j24-1", "route_id": "1.TA.96-241-8-j24-1.1.H", "mode": "bus", "line_name": "502"}, {"line_id": "96-241-7-j24-1", "route_id": "7.TA.96-241-7-j24-1.3.H", "mode": "bus", "line_name": "501"}, {"line_id": "96-241-8-j24-1", "route_id": "5.TA.96-241-8-j24-1.2.H", "mode": "bus", "line_name": "502"}, {"line_id": "96-241-7-j24-1", "route_id": "39.TA.96-241-7-j24-1.4.R", "mode": "bus", "line_name": "501"}, {"line_id": "96-241-8-j24-1", "route_id": "32.TA.96-241-8-j24-1.3.R", "mode": "bus", "line_name": "502"}], "predominant_mode": "bus", "assigned_canton": "Glarus", "modes_list": ["bus"]}, "geometry": {"type": "Point", "coordinates": [9.06310348184313, 47.097163085126496]}}, {"id": "19188", "type": "Feature", "properties": {"name": "N\u00e4fels, Krumm", "lon": 9.059213772706787, "lat": 47.092386775272836, "stop_id": ["8582765.link:920298", "8582765.link:920299"], "lines": [{"line_id": "96-241-8-j24-1", "route_id": "1.TA.96-241-8-j24-1.1.H", "mode": "bus", "line_name": "502"}, {"line_id": "96-241-7-j24-1", "route_id": "7.TA.96-241-7-j24-1.3.H", "mode": "bus", "line_name": "501"}, {"line_id": "96-241-8-j24-1", "route_id": "5.TA.96-241-8-j24-1.2.H", "mode": "bus", "line_name": "502"}, {"line_id": "96-241-7-j24-1", "route_id": "39.TA.96-241-7-j24-1.4.R", "mode": "bus", "line_name": "501"}, {"line_id": "96-241-8-j24-1", "route_id": "32.TA.96-241-8-j24-1.3.R", "mode": "bus", "line_name": "502"}], "predominant_mode": "bus", "assigned_canton": "Glarus", "modes_list": ["bus"]}, "geometry": {"type": "Point", "coordinates": [9.059213781682754, 47.092386785186825]}}, {"id": "19189", "type": "Feature", "properties": {"name": "N\u00e4fels, Letz", "lon": 9.063220253023085, "lat": 47.1019878652104, "stop_id": ["8577734.link:1673268", "8577734.link:1673269"], "lines": [{"line_id": "96-245-2-j24-1", "route_id": "127.TA.96-245-2-j24-1.7.R", "mode": "bus", "line_name": "511"}, {"line_id": "96-245-4-j24-1", "route_id": "40.TA.96-245-4-j24-1.8.R", "mode": "bus", "line_name": "512"}, {"line_id": "96-243-6-j24-1", "route_id": "22.TA.96-243-6-j24-1.25.R", "mode": "bus", "line_name": "536"}, {"line_id": "96-245-4-j24-1", "route_id": "32.TA.96-245-4-j24-1.7.R", "mode": "bus", "line_name": "512"}, {"line_id": "96-243-6-j24-1", "route_id": "25.TA.96-243-6-j24-1.26.R", "mode": "bus", "line_name": "536"}, {"line_id": "96-245-2-j24-1", "route_id": "106.TA.96-245-2-j24-1.5.R", "mode": "bus", "line_name": "511"}, {"line_id": "96-245-2-j24-1", "route_id": "135.TA.96-245-2-j24-1.8.R", "mode": "bus", "line_name": "511"}, {"line_id": "96-245-2-j24-1", "route_id": "48.TA.96-245-2-j24-1.2.H", "mode": "bus", "line_name": "511"}, {"line_id": "96-245-4-j24-1", "route_id": "5.TA.96-245-4-j24-1.3.H", "mode": "bus", "line_name": "512"}, {"line_id": "96-245-4-j24-1", "route_id": "12.TA.96-245-4-j24-1.4.H", "mode": "bus", "line_name": "512"}, {"line_id": "96-245-2-j24-1", "route_id": "38.TA.96-245-2-j24-1.17.H", "mode": "bus", "line_name": "511"}, {"line_id": "96-245-4-j24-1", "route_id": "21.TA.96-245-4-j24-1.5.H", "mode": "bus", "line_name": "512"}, {"line_id": "96-243-6-j24-1", "route_id": "12.TA.96-243-6-j24-1.24.H", "mode": "bus", "line_name": "536"}, {"line_id": "96-243-6-j24-1", "route_id": "9.TA.96-243-6-j24-1.23.H", "mode": "bus", "line_name": "536"}], "predominant_mode": "bus", "assigned_canton": "Glarus", "modes_list": ["bus"]}, "geometry": {"type": "Point", "coordinates": [9.063220261999792, 47.101987875126596]}}, {"id": "19190", "type": "Feature", "properties": {"name": "N\u00e4fels, Lintharena", "lon": 9.063947893202046, "lat": 47.10744197519925, "stop_id": ["8573885.link:14771", "8573885.link:14772"], "lines": [{"line_id": "96-245-2-j24-1", "route_id": "127.TA.96-245-2-j24-1.7.R", "mode": "bus", "line_name": "511"}, {"line_id": "96-245-4-j24-1", "route_id": "40.TA.96-245-4-j24-1.8.R", "mode": "bus", "line_name": "512"}, {"line_id": "96-243-6-j24-1", "route_id": "22.TA.96-243-6-j24-1.25.R", "mode": "bus", "line_name": "536"}, {"line_id": "96-245-4-j24-1", "route_id": "32.TA.96-245-4-j24-1.7.R", "mode": "bus", "line_name": "512"}, {"line_id": "96-243-6-j24-1", "route_id": "25.TA.96-243-6-j24-1.26.R", "mode": "bus", "line_name": "536"}, {"line_id": "96-245-2-j24-1", "route_id": "106.TA.96-245-2-j24-1.5.R", "mode": "bus", "line_name": "511"}, {"line_id": "96-245-2-j24-1", "route_id": "135.TA.96-245-2-j24-1.8.R", "mode": "bus", "line_name": "511"}, {"line_id": "96-245-2-j24-1", "route_id": "48.TA.96-245-2-j24-1.2.H", "mode": "bus", "line_name": "511"}, {"line_id": "96-245-4-j24-1", "route_id": "5.TA.96-245-4-j24-1.3.H", "mode": "bus", "line_name": "512"}, {"line_id": "96-245-4-j24-1", "route_id": "12.TA.96-245-4-j24-1.4.H", "mode": "bus", "line_name": "512"}, {"line_id": "96-245-2-j24-1", "route_id": "38.TA.96-245-2-j24-1.17.H", "mode": "bus", "line_name": "511"}, {"line_id": "96-245-4-j24-1", "route_id": "21.TA.96-245-4-j24-1.5.H", "mode": "bus", "line_name": "512"}, {"line_id": "96-243-6-j24-1", "route_id": "12.TA.96-243-6-j24-1.24.H", "mode": "bus", "line_name": "536"}, {"line_id": "96-243-6-j24-1", "route_id": "9.TA.96-243-6-j24-1.23.H", "mode": "bus", "line_name": "536"}], "predominant_mode": "bus", "assigned_canton": "Glarus", "modes_list": ["bus"]}, "geometry": {"type": "Point", "coordinates": [9.0639479021777, 47.10744198511714]}}, {"id": "19191", "type": "Feature", "properties": {"name": "N\u00e4fels, Oberdorf", "lon": 9.060857682774843, "lat": 47.0944416752471, "stop_id": ["8579947.link:1502058", "8579947.link:1502059"], "lines": [{"line_id": "96-241-8-j24-1", "route_id": "1.TA.96-241-8-j24-1.1.H", "mode": "bus", "line_name": "502"}, {"line_id": "96-241-7-j24-1", "route_id": "7.TA.96-241-7-j24-1.3.H", "mode": "bus", "line_name": "501"}, {"line_id": "96-241-8-j24-1", "route_id": "5.TA.96-241-8-j24-1.2.H", "mode": "bus", "line_name": "502"}, {"line_id": "96-241-7-j24-1", "route_id": "39.TA.96-241-7-j24-1.4.R", "mode": "bus", "line_name": "501"}, {"line_id": "96-241-8-j24-1", "route_id": "32.TA.96-241-8-j24-1.3.R", "mode": "bus", "line_name": "502"}], "predominant_mode": "bus", "assigned_canton": "Glarus", "modes_list": ["bus"]}, "geometry": {"type": "Point", "coordinates": [9.060857691751709, 47.094441685161314]}}, {"id": "19192", "type": "Feature", "properties": {"name": "N\u00e4fels, Post", "lon": 9.064253322943458, "lat": 47.099541895194, "stop_id": ["8579950.link:1502078", "8579950.link:1502079"], "lines": [{"line_id": "96-245-2-j24-1", "route_id": "127.TA.96-245-2-j24-1.7.R", "mode": "bus", "line_name": "511"}, {"line_id": "96-245-4-j24-1", "route_id": "40.TA.96-245-4-j24-1.8.R", "mode": "bus", "line_name": "512"}, {"line_id": "96-243-6-j24-1", "route_id": "22.TA.96-243-6-j24-1.25.R", "mode": "bus", "line_name": "536"}, {"line_id": "96-241-7-j24-1", "route_id": "39.TA.96-241-7-j24-1.4.R", "mode": "bus", "line_name": "501"}, {"line_id": "96-241-8-j24-1", "route_id": "32.TA.96-241-8-j24-1.3.R", "mode": "bus", "line_name": "502"}, {"line_id": "96-245-4-j24-1", "route_id": "32.TA.96-245-4-j24-1.7.R", "mode": "bus", "line_name": "512"}, {"line_id": "96-243-6-j24-1", "route_id": "25.TA.96-243-6-j24-1.26.R", "mode": "bus", "line_name": "536"}, {"line_id": "96-245-2-j24-1", "route_id": "106.TA.96-245-2-j24-1.5.R", "mode": "bus", "line_name": "511"}, {"line_id": "96-245-2-j24-1", "route_id": "135.TA.96-245-2-j24-1.8.R", "mode": "bus", "line_name": "511"}, {"line_id": "96-245-2-j24-1", "route_id": "48.TA.96-245-2-j24-1.2.H", "mode": "bus", "line_name": "511"}, {"line_id": "96-241-8-j24-1", "route_id": "1.TA.96-241-8-j24-1.1.H", "mode": "bus", "line_name": "502"}, {"line_id": "96-245-4-j24-1", "route_id": "5.TA.96-245-4-j24-1.3.H", "mode": "bus", "line_name": "512"}, {"line_id": "96-245-4-j24-1", "route_id": "12.TA.96-245-4-j24-1.4.H", "mode": "bus", "line_name": "512"}, {"line_id": "96-241-7-j24-1", "route_id": "7.TA.96-241-7-j24-1.3.H", "mode": "bus", "line_name": "501"}, {"line_id": "96-245-2-j24-1", "route_id": "38.TA.96-245-2-j24-1.17.H", "mode": "bus", "line_name": "511"}, {"line_id": "96-245-4-j24-1", "route_id": "21.TA.96-245-4-j24-1.5.H", "mode": "bus", "line_name": "512"}, {"line_id": "96-243-6-j24-1", "route_id": "12.TA.96-243-6-j24-1.24.H", "mode": "bus", "line_name": "536"}, {"line_id": "96-243-6-j24-1", "route_id": "9.TA.96-243-6-j24-1.23.H", "mode": "bus", "line_name": "536"}, {"line_id": "96-241-8-j24-1", "route_id": "5.TA.96-241-8-j24-1.2.H", "mode": "bus", "line_name": "502"}], "predominant_mode": "bus", "assigned_canton": "Glarus", "modes_list": ["bus"]}, "geometry": {"type": "Point", "coordinates": [9.064253331921906, 47.099541905109]}}, {"id": "19193", "type": "Feature", "properties": {"name": "N\u00e4fels, Sch\u00f6negg", "lon": 9.065726553125392, "lat": 47.105075745171185, "stop_id": ["8579532.link:1502072", "8579532.link:1502073"], "lines": [{"line_id": "96-245-2-j24-1", "route_id": "127.TA.96-245-2-j24-1.7.R", "mode": "bus", "line_name": "511"}, {"line_id": "96-245-4-j24-1", "route_id": "40.TA.96-245-4-j24-1.8.R", "mode": "bus", "line_name": "512"}, {"line_id": "96-243-6-j24-1", "route_id": "22.TA.96-243-6-j24-1.25.R", "mode": "bus", "line_name": "536"}, {"line_id": "96-245-4-j24-1", "route_id": "32.TA.96-245-4-j24-1.7.R", "mode": "bus", "line_name": "512"}, {"line_id": "96-243-6-j24-1", "route_id": "25.TA.96-243-6-j24-1.26.R", "mode": "bus", "line_name": "536"}, {"line_id": "96-245-2-j24-1", "route_id": "106.TA.96-245-2-j24-1.5.R", "mode": "bus", "line_name": "511"}, {"line_id": "96-245-2-j24-1", "route_id": "135.TA.96-245-2-j24-1.8.R", "mode": "bus", "line_name": "511"}, {"line_id": "96-245-2-j24-1", "route_id": "48.TA.96-245-2-j24-1.2.H", "mode": "bus", "line_name": "511"}, {"line_id": "96-245-4-j24-1", "route_id": "5.TA.96-245-4-j24-1.3.H", "mode": "bus", "line_name": "512"}, {"line_id": "96-245-4-j24-1", "route_id": "12.TA.96-245-4-j24-1.4.H", "mode": "bus", "line_name": "512"}, {"line_id": "96-245-2-j24-1", "route_id": "38.TA.96-245-2-j24-1.17.H", "mode": "bus", "line_name": "511"}, {"line_id": "96-245-4-j24-1", "route_id": "21.TA.96-245-4-j24-1.5.H", "mode": "bus", "line_name": "512"}, {"line_id": "96-243-6-j24-1", "route_id": "12.TA.96-243-6-j24-1.24.H", "mode": "bus", "line_name": "536"}, {"line_id": "96-243-6-j24-1", "route_id": "9.TA.96-243-6-j24-1.23.H", "mode": "bus", "line_name": "536"}], "predominant_mode": "bus", "assigned_canton": "Glarus", "modes_list": ["bus"]}, "geometry": {"type": "Point", "coordinates": [9.065726562103478, 47.105075755087704]}}, {"id": "19194", "type": "Feature", "properties": {"name": "N\u00e4fels-Mollis", "lon": 9.07028101293028, "lat": 47.09905268509925, "stop_id": ["8503227:0:1.link:1266246", "8503227:0:1.link:1266247"], "lines": [{"line_id": "91-6-G-j24-1", "route_id": "101.TA.91-6-G-j24-1.131.H", "mode": "rail", "line_name": "S6"}, {"line_id": "91-6-G-j24-1", "route_id": "74.TA.91-6-G-j24-1.24.H", "mode": "rail", "line_name": "S6"}, {"line_id": "91-6-G-j24-1", "route_id": "75.TA.91-6-G-j24-1.25.H", "mode": "rail", "line_name": "S6"}, {"line_id": "91-25-j24-1", "route_id": "488.TA.91-25-j24-1.45.R", "mode": "rail", "line_name": "S25"}, {"line_id": "91-25-j24-1", "route_id": "450.TA.91-25-j24-1.41.R", "mode": "rail", "line_name": "S25"}, {"line_id": "91-6-G-j24-1", "route_id": "25.TA.91-6-G-j24-1.128.H", "mode": "rail", "line_name": "S6"}, {"line_id": "91-6-G-j24-1", "route_id": "61.TA.91-6-G-j24-1.129.H", "mode": "rail", "line_name": "S6"}, {"line_id": "91-25-j24-1", "route_id": "519.TA.91-25-j24-1.47.R", "mode": "rail", "line_name": "S25"}, {"line_id": "91-25-j24-1", "route_id": "509.TA.91-25-j24-1.46.R", "mode": "rail", "line_name": "S25"}, {"line_id": "91-25-j24-1", "route_id": "372.TA.91-25-j24-1.39.R", "mode": "rail", "line_name": "S25"}, {"line_id": "91-25-j24-1", "route_id": "101.TA.91-25-j24-1.21.H", "mode": "rail", "line_name": "S25"}, {"line_id": "91-25-j24-1", "route_id": "214.TA.91-25-j24-1.27.H", "mode": "rail", "line_name": "S25"}, {"line_id": "91-6-G-j24-1", "route_id": "140.TA.91-6-G-j24-1.132.R", "mode": "rail", "line_name": "S6"}, {"line_id": "91-6-G-j24-1", "route_id": "144.TA.91-6-G-j24-1.41.R", "mode": "rail", "line_name": "S6"}, {"line_id": "91-25-j24-1", "route_id": "98.TA.91-25-j24-1.20.H", "mode": "rail", "line_name": "S25"}, {"line_id": "91-25-j24-1", "route_id": "184.TA.91-25-j24-1.23.H", "mode": "rail", "line_name": "S25"}, {"line_id": "91-25-j24-1", "route_id": "247.TA.91-25-j24-1.29.H", "mode": "rail", "line_name": "S25"}, {"line_id": "91-6-G-j24-1", "route_id": "174.TA.91-6-G-j24-1.52.R", "mode": "rail", "line_name": "S6"}, {"line_id": "91-25-j24-1", "route_id": "228.TA.91-25-j24-1.28.H", "mode": "rail", "line_name": "S25"}, {"line_id": "91-6-G-j24-1", "route_id": "173.TA.91-6-G-j24-1.51.R", "mode": "rail", "line_name": "S6"}, {"line_id": "91-6-G-j24-1", "route_id": "130.TA.91-6-G-j24-1.37.R", "mode": "rail", "line_name": "S6"}, {"line_id": "91-6-G-j24-1", "route_id": "141.TA.91-6-G-j24-1.39.R", "mode": "rail", "line_name": "S6"}, {"line_id": "91-6-G-j24-1", "route_id": "178.TA.91-6-G-j24-1.138.R", "mode": "rail", "line_name": "S6"}, {"line_id": "91-25-j24-1", "route_id": "83.TA.91-25-j24-1.17.H", "mode": "rail", "line_name": "S25"}], "predominant_mode": "rail", "assigned_canton": "Glarus", "modes_list": ["rail"]}, "geometry": {"type": "Point", "coordinates": [9.070281021914559, 47.099052695012226]}}, {"id": "19195", "type": "Feature", "properties": {"name": "N\u00e4fels-Mollis, Bahnhof", "lon": 9.069773462913075, "lat": 47.09853442510718, "stop_id": ["8573887.link:1090164", "8573887.link:1090165", "8573887:0:A.link:1090164", "8573887:0:A.link:1090165", "8573887:0:B.link:1090164", "8573887:0:B.link:1090165", "8573887:0:C.link:1090164", "8573887:0:D.link:1090164"], "lines": [{"line_id": "92-519-A-j24-1", "route_id": "2.TA.92-519-A-j24-1.1.H", "mode": "bus", "line_name": "519"}, {"line_id": "92-519-A-j24-1", "route_id": "3.TA.92-519-A-j24-1.2.R", "mode": "bus", "line_name": "519"}, {"line_id": "96-245-2-j24-1", "route_id": "38.TA.96-245-2-j24-1.17.H", "mode": "bus", "line_name": "511"}, {"line_id": "96-245-2-j24-1", "route_id": "127.TA.96-245-2-j24-1.7.R", "mode": "bus", "line_name": "511"}, {"line_id": "96-245-4-j24-1", "route_id": "40.TA.96-245-4-j24-1.8.R", "mode": "bus", "line_name": "512"}, {"line_id": "96-245-2-j24-1", "route_id": "84.TA.96-245-2-j24-1.4.R", "mode": "bus", "line_name": "511"}, {"line_id": "96-243-6-j24-1", "route_id": "22.TA.96-243-6-j24-1.25.R", "mode": "bus", "line_name": "536"}, {"line_id": "96-245-4-j24-1", "route_id": "32.TA.96-245-4-j24-1.7.R", "mode": "bus", "line_name": "512"}, {"line_id": "96-243-6-j24-1", "route_id": "25.TA.96-243-6-j24-1.26.R", "mode": "bus", "line_name": "536"}, {"line_id": "96-245-2-j24-1", "route_id": "106.TA.96-245-2-j24-1.5.R", "mode": "bus", "line_name": "511"}, {"line_id": "96-245-2-j24-1", "route_id": "135.TA.96-245-2-j24-1.8.R", "mode": "bus", "line_name": "511"}, {"line_id": "96-245-4-j24-1", "route_id": "5.TA.96-245-4-j24-1.3.H", "mode": "bus", "line_name": "512"}, {"line_id": "96-241-7-j24-1", "route_id": "7.TA.96-241-7-j24-1.3.H", "mode": "bus", "line_name": "501"}, {"line_id": "96-241-8-j24-1", "route_id": "5.TA.96-241-8-j24-1.2.H", "mode": "bus", "line_name": "502"}, {"line_id": "96-241-7-j24-1", "route_id": "39.TA.96-241-7-j24-1.4.R", "mode": "bus", "line_name": "501"}, {"line_id": "96-241-8-j24-1", "route_id": "32.TA.96-241-8-j24-1.3.R", "mode": "bus", "line_name": "502"}, {"line_id": "96-245-4-j24-1", "route_id": "12.TA.96-245-4-j24-1.4.H", "mode": "bus", "line_name": "512"}, {"line_id": "96-241-8-j24-1", "route_id": "1.TA.96-241-8-j24-1.1.H", "mode": "bus", "line_name": "502"}, {"line_id": "96-245-4-j24-1", "route_id": "1.TA.96-245-4-j24-1.1.H", "mode": "bus", "line_name": "512"}, {"line_id": "96-245-4-j24-1", "route_id": "21.TA.96-245-4-j24-1.5.H", "mode": "bus", "line_name": "512"}, {"line_id": "96-243-6-j24-1", "route_id": "9.TA.96-243-6-j24-1.23.H", "mode": "bus", "line_name": "536"}, {"line_id": "96-245-2-j24-1", "route_id": "48.TA.96-245-2-j24-1.2.H", "mode": "bus", "line_name": "511"}, {"line_id": "96-243-6-j24-1", "route_id": "12.TA.96-243-6-j24-1.24.H", "mode": "bus", "line_name": "536"}], "predominant_mode": "bus", "assigned_canton": "Glarus", "modes_list": ["bus"]}, "geometry": {"type": "Point", "coordinates": [9.069773471897044, 47.098534435020134]}}, {"id": "19528", "type": "Feature", "properties": {"name": "Oberurnen, Feuerwehrplatz", "lon": 9.059941403423085, "lat": 47.11424660526263, "stop_id": ["8573884.link:905435", "8573884.link:905436"], "lines": [{"line_id": "96-245-2-j24-1", "route_id": "127.TA.96-245-2-j24-1.7.R", "mode": "bus", "line_name": "511"}, {"line_id": "96-245-4-j24-1", "route_id": "40.TA.96-245-4-j24-1.8.R", "mode": "bus", "line_name": "512"}, {"line_id": "96-243-6-j24-1", "route_id": "22.TA.96-243-6-j24-1.25.R", "mode": "bus", "line_name": "536"}, {"line_id": "96-245-4-j24-1", "route_id": "32.TA.96-245-4-j24-1.7.R", "mode": "bus", "line_name": "512"}, {"line_id": "96-243-6-j24-1", "route_id": "25.TA.96-243-6-j24-1.26.R", "mode": "bus", "line_name": "536"}, {"line_id": "96-245-2-j24-1", "route_id": "106.TA.96-245-2-j24-1.5.R", "mode": "bus", "line_name": "511"}, {"line_id": "96-245-2-j24-1", "route_id": "135.TA.96-245-2-j24-1.8.R", "mode": "bus", "line_name": "511"}, {"line_id": "96-245-2-j24-1", "route_id": "48.TA.96-245-2-j24-1.2.H", "mode": "bus", "line_name": "511"}, {"line_id": "96-245-4-j24-1", "route_id": "5.TA.96-245-4-j24-1.3.H", "mode": "bus", "line_name": "512"}, {"line_id": "96-245-4-j24-1", "route_id": "12.TA.96-245-4-j24-1.4.H", "mode": "bus", "line_name": "512"}, {"line_id": "96-245-2-j24-1", "route_id": "38.TA.96-245-2-j24-1.17.H", "mode": "bus", "line_name": "511"}, {"line_id": "96-245-4-j24-1", "route_id": "21.TA.96-245-4-j24-1.5.H", "mode": "bus", "line_name": "512"}, {"line_id": "96-243-6-j24-1", "route_id": "12.TA.96-243-6-j24-1.24.H", "mode": "bus", "line_name": "536"}, {"line_id": "96-243-6-j24-1", "route_id": "9.TA.96-243-6-j24-1.23.H", "mode": "bus", "line_name": "536"}], "predominant_mode": "bus", "assigned_canton": "Glarus", "modes_list": ["bus"]}, "geometry": {"type": "Point", "coordinates": [9.05994141239281, 47.11424661518418]}}, {"id": "19529", "type": "Feature", "properties": {"name": "Oberurnen, im Gr\u00fctli", "lon": 9.061495493339692, "lat": 47.111678925238024, "stop_id": ["8579534.link:1269740", "8579534.link:1269741"], "lines": [{"line_id": "96-245-2-j24-1", "route_id": "127.TA.96-245-2-j24-1.7.R", "mode": "bus", "line_name": "511"}, {"line_id": "96-245-4-j24-1", "route_id": "40.TA.96-245-4-j24-1.8.R", "mode": "bus", "line_name": "512"}, {"line_id": "96-243-6-j24-1", "route_id": "22.TA.96-243-6-j24-1.25.R", "mode": "bus", "line_name": "536"}, {"line_id": "96-245-4-j24-1", "route_id": "32.TA.96-245-4-j24-1.7.R", "mode": "bus", "line_name": "512"}, {"line_id": "96-243-6-j24-1", "route_id": "25.TA.96-243-6-j24-1.26.R", "mode": "bus", "line_name": "536"}, {"line_id": "96-245-2-j24-1", "route_id": "106.TA.96-245-2-j24-1.5.R", "mode": "bus", "line_name": "511"}, {"line_id": "96-245-2-j24-1", "route_id": "135.TA.96-245-2-j24-1.8.R", "mode": "bus", "line_name": "511"}, {"line_id": "96-245-2-j24-1", "route_id": "48.TA.96-245-2-j24-1.2.H", "mode": "bus", "line_name": "511"}, {"line_id": "96-245-4-j24-1", "route_id": "5.TA.96-245-4-j24-1.3.H", "mode": "bus", "line_name": "512"}, {"line_id": "96-245-4-j24-1", "route_id": "12.TA.96-245-4-j24-1.4.H", "mode": "bus", "line_name": "512"}, {"line_id": "96-245-2-j24-1", "route_id": "38.TA.96-245-2-j24-1.17.H", "mode": "bus", "line_name": "511"}, {"line_id": "96-245-4-j24-1", "route_id": "21.TA.96-245-4-j24-1.5.H", "mode": "bus", "line_name": "512"}, {"line_id": "96-243-6-j24-1", "route_id": "12.TA.96-243-6-j24-1.24.H", "mode": "bus", "line_name": "536"}, {"line_id": "96-243-6-j24-1", "route_id": "9.TA.96-243-6-j24-1.23.H", "mode": "bus", "line_name": "536"}], "predominant_mode": "bus", "assigned_canton": "Glarus", "modes_list": ["bus"]}, "geometry": {"type": "Point", "coordinates": [9.06149550231169, 47.11167893515814]}}, {"id": "19530", "type": "Feature", "properties": {"name": "Oberurnen, im Horn", "lon": 9.059519193535083, "lat": 47.11766999526946, "stop_id": ["8577863.link:252993", "8577863.link:252994"], "lines": [{"line_id": "96-245-2-j24-1", "route_id": "127.TA.96-245-2-j24-1.7.R", "mode": "bus", "line_name": "511"}, {"line_id": "96-245-4-j24-1", "route_id": "40.TA.96-245-4-j24-1.8.R", "mode": "bus", "line_name": "512"}, {"line_id": "96-243-6-j24-1", "route_id": "22.TA.96-243-6-j24-1.25.R", "mode": "bus", "line_name": "536"}, {"line_id": "96-245-4-j24-1", "route_id": "32.TA.96-245-4-j24-1.7.R", "mode": "bus", "line_name": "512"}, {"line_id": "96-243-6-j24-1", "route_id": "25.TA.96-243-6-j24-1.26.R", "mode": "bus", "line_name": "536"}, {"line_id": "96-245-2-j24-1", "route_id": "106.TA.96-245-2-j24-1.5.R", "mode": "bus", "line_name": "511"}, {"line_id": "96-245-2-j24-1", "route_id": "135.TA.96-245-2-j24-1.8.R", "mode": "bus", "line_name": "511"}, {"line_id": "96-245-2-j24-1", "route_id": "48.TA.96-245-2-j24-1.2.H", "mode": "bus", "line_name": "511"}, {"line_id": "96-245-4-j24-1", "route_id": "5.TA.96-245-4-j24-1.3.H", "mode": "bus", "line_name": "512"}, {"line_id": "96-245-4-j24-1", "route_id": "12.TA.96-245-4-j24-1.4.H", "mode": "bus", "line_name": "512"}, {"line_id": "96-245-2-j24-1", "route_id": "38.TA.96-245-2-j24-1.17.H", "mode": "bus", "line_name": "511"}, {"line_id": "96-245-4-j24-1", "route_id": "21.TA.96-245-4-j24-1.5.H", "mode": "bus", "line_name": "512"}, {"line_id": "96-243-6-j24-1", "route_id": "12.TA.96-243-6-j24-1.24.H", "mode": "bus", "line_name": "536"}, {"line_id": "96-243-6-j24-1", "route_id": "9.TA.96-243-6-j24-1.23.H", "mode": "bus", "line_name": "536"}], "predominant_mode": "bus", "assigned_canton": "Glarus", "modes_list": ["bus"]}, "geometry": {"type": "Point", "coordinates": [9.059519202503324, 47.117670005192345]}}, {"id": "19631", "type": "Feature", "properties": {"name": "Obstalden, B\u00f6deli", "lon": 9.162618843550415, "lat": 47.116710243648306, "stop_id": ["8573896.link:733664"], "lines": [{"line_id": "96-245-2-j24-1", "route_id": "48.TA.96-245-2-j24-1.2.H", "mode": "bus", "line_name": "511"}, {"line_id": "96-245-2-j24-1", "route_id": "5.TA.96-245-2-j24-1.1.H", "mode": "bus", "line_name": "511"}, {"line_id": "96-245-2-j24-1", "route_id": "38.TA.96-245-2-j24-1.17.H", "mode": "bus", "line_name": "511"}], "predominant_mode": "bus", "assigned_canton": "Glarus", "modes_list": ["bus"]}, "geometry": {"type": "Point", "coordinates": [9.162618852615578, 47.11671025353923]}}, {"id": "19632", "type": "Feature", "properties": {"name": "Obstalden, Post", "lon": 9.14946750357332, "lat": 47.11758441385515, "stop_id": ["8509852.link:1809265", "8509852.link:1809266"], "lines": [{"line_id": "96-245-2-j24-1", "route_id": "127.TA.96-245-2-j24-1.7.R", "mode": "bus", "line_name": "511"}, {"line_id": "96-245-2-j24-1", "route_id": "84.TA.96-245-2-j24-1.4.R", "mode": "bus", "line_name": "511"}, {"line_id": "96-245-2-j24-1", "route_id": "61.TA.96-245-2-j24-1.3.R", "mode": "bus", "line_name": "511"}, {"line_id": "96-243-6-j24-1", "route_id": "6.TA.96-243-6-j24-1.3.H", "mode": "bus", "line_name": "536"}, {"line_id": "96-245-2-j24-1", "route_id": "135.TA.96-245-2-j24-1.8.R", "mode": "bus", "line_name": "511"}, {"line_id": "96-245-2-j24-1", "route_id": "48.TA.96-245-2-j24-1.2.H", "mode": "bus", "line_name": "511"}, {"line_id": "96-245-2-j24-1", "route_id": "5.TA.96-245-2-j24-1.1.H", "mode": "bus", "line_name": "511"}, {"line_id": "96-245-2-j24-1", "route_id": "38.TA.96-245-2-j24-1.17.H", "mode": "bus", "line_name": "511"}], "predominant_mode": "bus", "assigned_canton": "Glarus", "modes_list": ["bus"]}, "geometry": {"type": "Point", "coordinates": [9.149467512625924, 47.117584423750436]}}, {"id": "19633", "type": "Feature", "properties": {"name": "Obstalden, Stocken", "lon": 9.165583283550301, "lat": 47.116667453601714, "stop_id": ["8503629.link:1056349"], "lines": [{"line_id": "96-245-2-j24-1", "route_id": "127.TA.96-245-2-j24-1.7.R", "mode": "bus", "line_name": "511"}, {"line_id": "96-245-2-j24-1", "route_id": "84.TA.96-245-2-j24-1.4.R", "mode": "bus", "line_name": "511"}, {"line_id": "96-245-2-j24-1", "route_id": "61.TA.96-245-2-j24-1.3.R", "mode": "bus", "line_name": "511"}, {"line_id": "96-243-6-j24-1", "route_id": "6.TA.96-243-6-j24-1.3.H", "mode": "bus", "line_name": "536"}, {"line_id": "96-245-2-j24-1", "route_id": "135.TA.96-245-2-j24-1.8.R", "mode": "bus", "line_name": "511"}], "predominant_mode": "bus", "assigned_canton": "Glarus", "modes_list": ["bus"]}, "geometry": {"type": "Point", "coordinates": [9.165583292618242, 47.11666746349175]}}, {"id": "19634", "type": "Feature", "properties": {"name": "Obstalden, Walenguflen", "lon": 9.157678113550668, "lat": 47.116783603725956, "stop_id": ["8573895.link:733669", "8573895.link:733670"], "lines": [{"line_id": "96-245-2-j24-1", "route_id": "127.TA.96-245-2-j24-1.7.R", "mode": "bus", "line_name": "511"}, {"line_id": "96-245-2-j24-1", "route_id": "84.TA.96-245-2-j24-1.4.R", "mode": "bus", "line_name": "511"}, {"line_id": "96-245-2-j24-1", "route_id": "61.TA.96-245-2-j24-1.3.R", "mode": "bus", "line_name": "511"}, {"line_id": "96-243-6-j24-1", "route_id": "6.TA.96-243-6-j24-1.3.H", "mode": "bus", "line_name": "536"}, {"line_id": "96-245-2-j24-1", "route_id": "135.TA.96-245-2-j24-1.8.R", "mode": "bus", "line_name": "511"}, {"line_id": "96-245-2-j24-1", "route_id": "48.TA.96-245-2-j24-1.2.H", "mode": "bus", "line_name": "511"}, {"line_id": "96-245-2-j24-1", "route_id": "5.TA.96-245-2-j24-1.1.H", "mode": "bus", "line_name": "511"}, {"line_id": "96-245-2-j24-1", "route_id": "38.TA.96-245-2-j24-1.17.H", "mode": "bus", "line_name": "511"}], "predominant_mode": "bus", "assigned_canton": "Glarus", "modes_list": ["bus"]}, "geometry": {"type": "Point", "coordinates": [9.1576781226112, 47.116783613618466]}}, {"id": "21743", "type": "Feature", "properties": {"name": "Riedern GL, Lerchen", "lon": 9.052081141428557, "lat": 47.0534204053825, "stop_id": ["8580906.link:448367", "8580906.link:448368"], "lines": [{"line_id": "96-243-6-j24-1", "route_id": "25.TA.96-243-6-j24-1.26.R", "mode": "bus", "line_name": "536"}, {"line_id": "96-243-6-j24-1", "route_id": "22.TA.96-243-6-j24-1.25.R", "mode": "bus", "line_name": "536"}, {"line_id": "96-241-7-j24-1", "route_id": "7.TA.96-241-7-j24-1.3.H", "mode": "bus", "line_name": "501"}, {"line_id": "96-241-7-j24-1", "route_id": "39.TA.96-241-7-j24-1.4.R", "mode": "bus", "line_name": "501"}, {"line_id": "96-243-6-j24-1", "route_id": "9.TA.96-243-6-j24-1.23.H", "mode": "bus", "line_name": "536"}, {"line_id": "96-243-6-j24-1", "route_id": "12.TA.96-243-6-j24-1.24.H", "mode": "bus", "line_name": "536"}], "predominant_mode": "bus", "assigned_canton": "Glarus", "modes_list": ["bus"]}, "geometry": {"type": "Point", "coordinates": [9.052081150410075, 47.05342041528464]}}, {"id": "21744", "type": "Feature", "properties": {"name": "Riedern GL, Schulhaus", "lon": 9.052449451294878, "lat": 47.04932571537643, "stop_id": ["8573904.link:448381", "8573904.link:448382"], "lines": [{"line_id": "96-241-6-j24-1", "route_id": "8.TA.96-241-6-j24-1.6.H", "mode": "bus", "line_name": "504"}, {"line_id": "96-243-6-j24-1", "route_id": "22.TA.96-243-6-j24-1.25.R", "mode": "bus", "line_name": "536"}, {"line_id": "96-241-7-j24-1", "route_id": "7.TA.96-241-7-j24-1.3.H", "mode": "bus", "line_name": "501"}, {"line_id": "96-243-6-j24-1", "route_id": "25.TA.96-243-6-j24-1.26.R", "mode": "bus", "line_name": "536"}, {"line_id": "96-241-6-j24-1", "route_id": "16.TA.96-241-6-j24-1.7.H", "mode": "bus", "line_name": "504"}, {"line_id": "96-241-6-j24-1", "route_id": "26.TA.96-241-6-j24-1.8.R", "mode": "bus", "line_name": "504"}, {"line_id": "96-241-7-j24-1", "route_id": "39.TA.96-241-7-j24-1.4.R", "mode": "bus", "line_name": "501"}, {"line_id": "96-243-6-j24-1", "route_id": "12.TA.96-243-6-j24-1.24.H", "mode": "bus", "line_name": "536"}, {"line_id": "96-243-6-j24-1", "route_id": "9.TA.96-243-6-j24-1.23.H", "mode": "bus", "line_name": "536"}, {"line_id": "96-241-6-j24-1", "route_id": "32.TA.96-241-6-j24-1.8.R", "mode": "bus", "line_name": "504"}], "predominant_mode": "bus", "assigned_canton": "Glarus", "modes_list": ["bus"]}, "geometry": {"type": "Point", "coordinates": [9.05244946027803, 47.04932572527697]}}, {"id": "21745", "type": "Feature", "properties": {"name": "Riedern GL, Staldengarten", "lon": 9.038283021239835, "lat": 47.04785057559903, "stop_id": ["8573905.link:765583", "8573905.link:765584"], "lines": [{"line_id": "96-241-6-j24-1", "route_id": "26.TA.96-241-6-j24-1.8.R", "mode": "bus", "line_name": "504"}, {"line_id": "96-241-6-j24-1", "route_id": "32.TA.96-241-6-j24-1.8.R", "mode": "bus", "line_name": "504"}, {"line_id": "96-241-6-j24-1", "route_id": "16.TA.96-241-6-j24-1.7.H", "mode": "bus", "line_name": "504"}, {"line_id": "96-241-6-j24-1", "route_id": "8.TA.96-241-6-j24-1.6.H", "mode": "bus", "line_name": "504"}], "predominant_mode": "bus", "assigned_canton": "Glarus", "modes_list": ["bus"]}, "geometry": {"type": "Point", "coordinates": [9.038283030210057, 47.04785058550334]}}, {"id": "22641", "type": "Feature", "properties": {"name": "R\u00fcti GL", "lon": 9.013570367539785, "lat": 46.93479844597761, "stop_id": ["8503238:0:1.link:1381509", "8503238:0:1.link:1381510"], "lines": [{"line_id": "91-6-G-j24-1", "route_id": "101.TA.91-6-G-j24-1.131.H", "mode": "rail", "line_name": "S6"}, {"line_id": "91-6-G-j24-1", "route_id": "74.TA.91-6-G-j24-1.24.H", "mode": "rail", "line_name": "S6"}, {"line_id": "91-6-G-j24-1", "route_id": "75.TA.91-6-G-j24-1.25.H", "mode": "rail", "line_name": "S6"}, {"line_id": "91-25-j24-1", "route_id": "488.TA.91-25-j24-1.45.R", "mode": "rail", "line_name": "S25"}, {"line_id": "91-25-j24-1", "route_id": "450.TA.91-25-j24-1.41.R", "mode": "rail", "line_name": "S25"}, {"line_id": "91-25-j24-1", "route_id": "519.TA.91-25-j24-1.47.R", "mode": "rail", "line_name": "S25"}, {"line_id": "91-25-j24-1", "route_id": "509.TA.91-25-j24-1.46.R", "mode": "rail", "line_name": "S25"}, {"line_id": "91-25-j24-1", "route_id": "372.TA.91-25-j24-1.39.R", "mode": "rail", "line_name": "S25"}, {"line_id": "91-25-j24-1", "route_id": "101.TA.91-25-j24-1.21.H", "mode": "rail", "line_name": "S25"}, {"line_id": "91-25-j24-1", "route_id": "214.TA.91-25-j24-1.27.H", "mode": "rail", "line_name": "S25"}, {"line_id": "91-25-j24-1", "route_id": "98.TA.91-25-j24-1.20.H", "mode": "rail", "line_name": "S25"}, {"line_id": "91-25-j24-1", "route_id": "247.TA.91-25-j24-1.29.H", "mode": "rail", "line_name": "S25"}, {"line_id": "91-25-j24-1", "route_id": "184.TA.91-25-j24-1.23.H", "mode": "rail", "line_name": "S25"}, {"line_id": "91-6-G-j24-1", "route_id": "174.TA.91-6-G-j24-1.52.R", "mode": "rail", "line_name": "S6"}, {"line_id": "91-25-j24-1", "route_id": "228.TA.91-25-j24-1.28.H", "mode": "rail", "line_name": "S25"}, {"line_id": "91-6-G-j24-1", "route_id": "173.TA.91-6-G-j24-1.51.R", "mode": "rail", "line_name": "S6"}, {"line_id": "91-6-G-j24-1", "route_id": "178.TA.91-6-G-j24-1.138.R", "mode": "rail", "line_name": "S6"}], "predominant_mode": "rail", "assigned_canton": "Glarus", "modes_list": ["rail"]}, "geometry": {"type": "Point", "coordinates": [9.01357037652156, 46.934798455847364]}}, {"id": "22642", "type": "Feature", "properties": {"name": "R\u00fcti GL, Dorfmitte", "lon": 9.014765127585907, "lat": 46.93619696595896, "stop_id": ["8503326.link:327065", "8503326.link:327066"], "lines": [{"line_id": "92-546-A-j24-1", "route_id": "6.TA.92-546-A-j24-1.2.R", "mode": "bus", "line_name": "546"}, {"line_id": "96-243-6-j24-1", "route_id": "19.TA.96-243-6-j24-1.17.R", "mode": "bus", "line_name": "536"}, {"line_id": "92-546-A-j24-1", "route_id": "5.TA.92-546-A-j24-1.1.H", "mode": "bus", "line_name": "546"}, {"line_id": "96-243-6-j24-1", "route_id": "2.TA.96-243-6-j24-1.15.H", "mode": "bus", "line_name": "536"}, {"line_id": "96-243-6-j24-1", "route_id": "4.TA.96-243-6-j24-1.16.H", "mode": "bus", "line_name": "536"}], "predominant_mode": "bus", "assigned_canton": "Glarus", "modes_list": ["bus"]}, "geometry": {"type": "Point", "coordinates": [9.014765136568391, 46.93619697582887]}}, {"id": "23889", "type": "Feature", "properties": {"name": "Schwanden GL", "lon": 9.078064909655996, "lat": 46.99876814496979, "stop_id": ["8503233:0:2.link:1768106", "8503233:0:2.link:1768107", "8503233:0:3.link:807423", "8503233:0:3.link:807424"], "lines": [{"line_id": "91-6-G-j24-1", "route_id": "25.TA.91-6-G-j24-1.128.H", "mode": "rail", "line_name": "S6"}, {"line_id": "91-25-j24-1", "route_id": "101.TA.91-25-j24-1.21.H", "mode": "rail", "line_name": "S25"}, {"line_id": "91-25-j24-1", "route_id": "214.TA.91-25-j24-1.27.H", "mode": "rail", "line_name": "S25"}, {"line_id": "91-25-j24-1", "route_id": "98.TA.91-25-j24-1.20.H", "mode": "rail", "line_name": "S25"}, {"line_id": "91-25-j24-1", "route_id": "184.TA.91-25-j24-1.23.H", "mode": "rail", "line_name": "S25"}, {"line_id": "91-25-j24-1", "route_id": "247.TA.91-25-j24-1.29.H", "mode": "rail", "line_name": "S25"}, {"line_id": "91-6-G-j24-1", "route_id": "174.TA.91-6-G-j24-1.52.R", "mode": "rail", "line_name": "S6"}, {"line_id": "91-25-j24-1", "route_id": "228.TA.91-25-j24-1.28.H", "mode": "rail", "line_name": "S25"}, {"line_id": "91-6-G-j24-1", "route_id": "173.TA.91-6-G-j24-1.51.R", "mode": "rail", "line_name": "S6"}, {"line_id": "91-6-G-j24-1", "route_id": "141.TA.91-6-G-j24-1.39.R", "mode": "rail", "line_name": "S6"}, {"line_id": "91-25-j24-1", "route_id": "83.TA.91-25-j24-1.17.H", "mode": "rail", "line_name": "S25"}, {"line_id": "91-6-G-j24-1", "route_id": "101.TA.91-6-G-j24-1.131.H", "mode": "rail", "line_name": "S6"}, {"line_id": "91-6-G-j24-1", "route_id": "74.TA.91-6-G-j24-1.24.H", "mode": "rail", "line_name": "S6"}, {"line_id": "91-6-G-j24-1", "route_id": "75.TA.91-6-G-j24-1.25.H", "mode": "rail", "line_name": "S6"}, {"line_id": "91-25-j24-1", "route_id": "488.TA.91-25-j24-1.45.R", "mode": "rail", "line_name": "S25"}, {"line_id": "91-25-j24-1", "route_id": "450.TA.91-25-j24-1.41.R", "mode": "rail", "line_name": "S25"}, {"line_id": "91-6-G-j24-1", "route_id": "61.TA.91-6-G-j24-1.129.H", "mode": "rail", "line_name": "S6"}, {"line_id": "91-25-j24-1", "route_id": "519.TA.91-25-j24-1.47.R", "mode": "rail", "line_name": "S25"}, {"line_id": "91-25-j24-1", "route_id": "509.TA.91-25-j24-1.46.R", "mode": "rail", "line_name": "S25"}, {"line_id": "91-25-j24-1", "route_id": "372.TA.91-25-j24-1.39.R", "mode": "rail", "line_name": "S25"}, {"line_id": "91-6-G-j24-1", "route_id": "178.TA.91-6-G-j24-1.138.R", "mode": "rail", "line_name": "S6"}, {"line_id": "91-6-G-j24-1", "route_id": "130.TA.91-6-G-j24-1.37.R", "mode": "rail", "line_name": "S6"}, {"line_id": "91-6-G-j24-1", "route_id": "140.TA.91-6-G-j24-1.132.R", "mode": "rail", "line_name": "S6"}, {"line_id": "91-6-G-j24-1", "route_id": "144.TA.91-6-G-j24-1.41.R", "mode": "rail", "line_name": "S6"}], "predominant_mode": "rail", "assigned_canton": "Glarus", "modes_list": ["rail"]}, "geometry": {"type": "Point", "coordinates": [9.078064918679164, 46.998768154844015]}}, {"id": "23890", "type": "Feature", "properties": {"name": "Schwanden GL, Alpsteg", "lon": 9.089127669033644, "lat": 46.97952704479418, "stop_id": ["8507548.link:1815122", "8507548.link:1815123"], "lines": [{"line_id": "92-544-A-j24-1", "route_id": "17.TA.92-544-A-j24-1.7.H", "mode": "bus", "line_name": "544"}, {"line_id": "92-544-A-j24-1", "route_id": "28.TA.92-544-A-j24-1.8.R", "mode": "bus", "line_name": "544"}], "predominant_mode": "bus", "assigned_canton": "Glarus", "modes_list": ["bus"]}, "geometry": {"type": "Point", "coordinates": [9.089127678073257, 46.979527054657865]}}, {"id": "23891", "type": "Feature", "properties": {"name": "Schwanden GL, Au", "lon": 9.084339649575774, "lat": 46.99621940487092, "stop_id": ["8503618.link:1580624", "8503618.link:1580625"], "lines": [{"line_id": "92-541-j24-1", "route_id": "43.TA.92-541-j24-1.11.H", "mode": "bus", "line_name": "541"}, {"line_id": "92-541-j24-1", "route_id": "13.TA.92-541-j24-1.10.H", "mode": "bus", "line_name": "541"}, {"line_id": "92-541-j24-1", "route_id": "135.TA.92-541-j24-1.13.R", "mode": "bus", "line_name": "541"}, {"line_id": "92-541-j24-1", "route_id": "97.TA.92-541-j24-1.12.R", "mode": "bus", "line_name": "541"}], "predominant_mode": "bus", "assigned_canton": "Glarus", "modes_list": ["bus"]}, "geometry": {"type": "Point", "coordinates": [9.084339658605659, 46.996219414742306]}}, {"id": "23892", "type": "Feature", "properties": {"name": "Schwanden GL, Bahnhof", "lon": 9.077629229591821, "lat": 46.99680758497647, "stop_id": ["8577526.link:1635287", "8577526.link:1832517", "8577526:0:A.link:1635286", "8577526:0:A.link:1635287", "8577526:0:A.link:1832517"], "lines": [{"line_id": "96-243-6-j24-1", "route_id": "16.TA.96-243-6-j24-1.7.R", "mode": "bus", "line_name": "536"}, {"line_id": "96-243-6-j24-1", "route_id": "15.TA.96-243-6-j24-1.6.R", "mode": "bus", "line_name": "536"}, {"line_id": "96-243-6-j24-1", "route_id": "19.TA.96-243-6-j24-1.17.R", "mode": "bus", "line_name": "536"}, {"line_id": "96-243-6-j24-1", "route_id": "2.TA.96-243-6-j24-1.15.H", "mode": "bus", "line_name": "536"}, {"line_id": "92-543-j24-1", "route_id": "7.TA.92-543-j24-1.8.H", "mode": "bus", "line_name": "543"}, {"line_id": "92-541-j24-1", "route_id": "43.TA.92-541-j24-1.11.H", "mode": "bus", "line_name": "541"}, {"line_id": "92-543-j24-1", "route_id": "15.TA.92-543-j24-1.9.H", "mode": "bus", "line_name": "543"}, {"line_id": "92-541-j24-1", "route_id": "13.TA.92-541-j24-1.10.H", "mode": "bus", "line_name": "541"}, {"line_id": "92-541-j24-1", "route_id": "135.TA.92-541-j24-1.13.R", "mode": "bus", "line_name": "541"}, {"line_id": "92-544-A-j24-1", "route_id": "17.TA.92-544-A-j24-1.7.H", "mode": "bus", "line_name": "544"}, {"line_id": "92-543-j24-1", "route_id": "17.TA.92-543-j24-1.10.R", "mode": "bus", "line_name": "543"}, {"line_id": "92-542-j24-1", "route_id": "37.TA.92-542-j24-1.8.R", "mode": "bus", "line_name": "542"}, {"line_id": "92-543-j24-1", "route_id": "31.TA.92-543-j24-1.12.R", "mode": "bus", "line_name": "543"}, {"line_id": "92-541-j24-1", "route_id": "97.TA.92-541-j24-1.12.R", "mode": "bus", "line_name": "541"}, {"line_id": "92-542-j24-1", "route_id": "23.TA.92-542-j24-1.7.R", "mode": "bus", "line_name": "542"}, {"line_id": "92-546-A-j24-1", "route_id": "6.TA.92-546-A-j24-1.2.R", "mode": "bus", "line_name": "546"}, {"line_id": "92-543-j24-1", "route_id": "28.TA.92-543-j24-1.11.R", "mode": "bus", "line_name": "543"}, {"line_id": "92-544-A-j24-1", "route_id": "28.TA.92-544-A-j24-1.8.R", "mode": "bus", "line_name": "544"}, {"line_id": "92-542-j24-1", "route_id": "3.TA.92-542-j24-1.5.H", "mode": "bus", "line_name": "542"}, {"line_id": "92-546-A-j24-1", "route_id": "5.TA.92-546-A-j24-1.1.H", "mode": "bus", "line_name": "546"}, {"line_id": "92-542-j24-1", "route_id": "14.TA.92-542-j24-1.6.H", "mode": "bus", "line_name": "542"}, {"line_id": "92-543-j24-1", "route_id": "2.TA.92-543-j24-1.7.H", "mode": "bus", "line_name": "543"}], "predominant_mode": "bus", "assigned_canton": "Glarus", "modes_list": ["bus"]}, "geometry": {"type": "Point", "coordinates": [9.077629238615186, 46.99680759485012]}}, {"id": "23893", "type": "Feature", "properties": {"name": "Schwanden GL, Buchen", "lon": 9.068682009526409, "lat": 46.99493273511698, "stop_id": ["8577527.link:841465", "8577527.link:841466"], "lines": [{"line_id": "92-542-j24-1", "route_id": "37.TA.92-542-j24-1.8.R", "mode": "bus", "line_name": "542"}, {"line_id": "92-542-j24-1", "route_id": "23.TA.92-542-j24-1.7.R", "mode": "bus", "line_name": "542"}, {"line_id": "92-542-j24-1", "route_id": "14.TA.92-542-j24-1.6.H", "mode": "bus", "line_name": "542"}, {"line_id": "92-542-j24-1", "route_id": "3.TA.92-542-j24-1.5.H", "mode": "bus", "line_name": "542"}], "predominant_mode": "bus", "assigned_canton": "Glarus", "modes_list": ["bus"]}, "geometry": {"type": "Point", "coordinates": [9.068682018541907, 46.994932744992646]}}, {"id": "23894", "type": "Feature", "properties": {"name": "Schwanden GL, D\u00e4niberg P+R", "lon": 9.076811759751154, "lat": 47.00170272498975, "stop_id": ["8511217.link:1221601", "8511217.link:1635285"], "lines": [{"line_id": "92-544-A-j24-1", "route_id": "28.TA.92-544-A-j24-1.8.R", "mode": "bus", "line_name": "544"}, {"line_id": "92-544-A-j24-1", "route_id": "17.TA.92-544-A-j24-1.7.H", "mode": "bus", "line_name": "544"}], "predominant_mode": "bus", "assigned_canton": "Glarus", "modes_list": ["bus"]}, "geometry": {"type": "Point", "coordinates": [9.076811768772222, 47.001702734865475]}}, {"id": "23895", "type": "Feature", "properties": {"name": "Schwanden GL, Fryberg", "lon": 9.089891228904131, "lat": 46.975543144781824, "stop_id": ["8507547.link:1952023", "8507547.link:1952024"], "lines": [{"line_id": "92-544-A-j24-1", "route_id": "17.TA.92-544-A-j24-1.7.H", "mode": "bus", "line_name": "544"}, {"line_id": "92-544-A-j24-1", "route_id": "28.TA.92-544-A-j24-1.8.R", "mode": "bus", "line_name": "544"}], "predominant_mode": "bus", "assigned_canton": "Glarus", "modes_list": ["bus"]}, "geometry": {"type": "Point", "coordinates": [9.08989123794571, 46.97554315464386]}}, {"id": "23896", "type": "Feature", "properties": {"name": "Schwanden GL, Hauptstrasse", "lon": 9.074610889500844, "lat": 46.99406268502368, "stop_id": ["8588554.link:1813126", "8588554.link:1813127"], "lines": [{"line_id": "96-243-6-j24-1", "route_id": "4.TA.96-243-6-j24-1.16.H", "mode": "bus", "line_name": "536"}, {"line_id": "92-544-A-j24-1", "route_id": "17.TA.92-544-A-j24-1.7.H", "mode": "bus", "line_name": "544"}, {"line_id": "92-542-j24-1", "route_id": "3.TA.92-542-j24-1.5.H", "mode": "bus", "line_name": "542"}, {"line_id": "92-546-A-j24-1", "route_id": "5.TA.92-546-A-j24-1.1.H", "mode": "bus", "line_name": "546"}, {"line_id": "92-542-j24-1", "route_id": "14.TA.92-542-j24-1.6.H", "mode": "bus", "line_name": "542"}, {"line_id": "96-243-6-j24-1", "route_id": "2.TA.96-243-6-j24-1.15.H", "mode": "bus", "line_name": "536"}, {"line_id": "92-544-A-j24-1", "route_id": "28.TA.92-544-A-j24-1.8.R", "mode": "bus", "line_name": "544"}, {"line_id": "92-542-j24-1", "route_id": "37.TA.92-542-j24-1.8.R", "mode": "bus", "line_name": "542"}, {"line_id": "92-542-j24-1", "route_id": "23.TA.92-542-j24-1.7.R", "mode": "bus", "line_name": "542"}, {"line_id": "96-243-6-j24-1", "route_id": "19.TA.96-243-6-j24-1.17.R", "mode": "bus", "line_name": "536"}, {"line_id": "96-243-6-j24-1", "route_id": "17.TA.96-243-6-j24-1.8.R", "mode": "bus", "line_name": "536"}, {"line_id": "92-546-A-j24-1", "route_id": "6.TA.92-546-A-j24-1.2.R", "mode": "bus", "line_name": "546"}], "predominant_mode": "bus", "assigned_canton": "Glarus", "modes_list": ["bus"]}, "geometry": {"type": "Point", "coordinates": [9.074610898522213, 46.99406269489722]}}, {"id": "23897", "type": "Feature", "properties": {"name": "Schwanden GL, Schulhausstrasse", "lon": 9.070020499476493, "lat": 46.993382565095814, "stop_id": ["8589544.link:1309368", "8589544.link:1309369"], "lines": [{"line_id": "92-542-j24-1", "route_id": "37.TA.92-542-j24-1.8.R", "mode": "bus", "line_name": "542"}, {"line_id": "92-542-j24-1", "route_id": "23.TA.92-542-j24-1.7.R", "mode": "bus", "line_name": "542"}, {"line_id": "92-542-j24-1", "route_id": "14.TA.92-542-j24-1.6.H", "mode": "bus", "line_name": "542"}, {"line_id": "92-542-j24-1", "route_id": "3.TA.92-542-j24-1.5.H", "mode": "bus", "line_name": "542"}], "predominant_mode": "bus", "assigned_canton": "Glarus", "modes_list": ["bus"]}, "geometry": {"type": "Point", "coordinates": [9.07002050849374, 46.99338257497052]}}, {"id": "23898", "type": "Feature", "properties": {"name": "Schwanden GL, Spittel", "lon": 9.066094859430027, "lat": 46.99201616515739, "stop_id": ["8588555.link:1296533", "8588555.link:1296534"], "lines": [{"line_id": "92-546-A-j24-1", "route_id": "5.TA.92-546-A-j24-1.1.H", "mode": "bus", "line_name": "546"}, {"line_id": "96-243-6-j24-1", "route_id": "4.TA.96-243-6-j24-1.16.H", "mode": "bus", "line_name": "536"}, {"line_id": "96-243-6-j24-1", "route_id": "2.TA.96-243-6-j24-1.15.H", "mode": "bus", "line_name": "536"}, {"line_id": "92-544-A-j24-1", "route_id": "17.TA.92-544-A-j24-1.7.H", "mode": "bus", "line_name": "544"}, {"line_id": "92-546-A-j24-1", "route_id": "6.TA.92-546-A-j24-1.2.R", "mode": "bus", "line_name": "546"}, {"line_id": "92-544-A-j24-1", "route_id": "28.TA.92-544-A-j24-1.8.R", "mode": "bus", "line_name": "544"}, {"line_id": "96-243-6-j24-1", "route_id": "19.TA.96-243-6-j24-1.17.R", "mode": "bus", "line_name": "536"}], "predominant_mode": "bus", "assigned_canton": "Glarus", "modes_list": ["bus"]}, "geometry": {"type": "Point", "coordinates": [9.066094868443985, 46.99201617503275]}}, {"id": "23899", "type": "Feature", "properties": {"name": "Schwanden GL, Thon", "lon": 9.06575349957298, "lat": 46.99640321516317, "stop_id": ["8503279.link:387403", "8503279.link:387404"], "lines": [{"line_id": "92-542-j24-1", "route_id": "37.TA.92-542-j24-1.8.R", "mode": "bus", "line_name": "542"}, {"line_id": "92-542-j24-1", "route_id": "23.TA.92-542-j24-1.7.R", "mode": "bus", "line_name": "542"}, {"line_id": "92-542-j24-1", "route_id": "14.TA.92-542-j24-1.6.H", "mode": "bus", "line_name": "542"}, {"line_id": "92-542-j24-1", "route_id": "3.TA.92-542-j24-1.5.H", "mode": "bus", "line_name": "542"}], "predominant_mode": "bus", "assigned_canton": "Glarus", "modes_list": ["bus"]}, "geometry": {"type": "Point", "coordinates": [9.065753508585246, 46.99640322504029]}}, {"id": "24049", "type": "Feature", "properties": {"name": "Schw\u00e4ndi b. Schwanden GL, Post", "lon": 9.06671469987771, "lat": 47.0057275551488, "stop_id": ["8503278.link:1002105", "8503278.link:1002106", "8503278.link:1002107", "8503278.link:1002108"], "lines": [{"line_id": "92-542-j24-1", "route_id": "37.TA.92-542-j24-1.8.R", "mode": "bus", "line_name": "542"}, {"line_id": "92-542-j24-1", "route_id": "14.TA.92-542-j24-1.6.H", "mode": "bus", "line_name": "542"}, {"line_id": "92-542-j24-1", "route_id": "23.TA.92-542-j24-1.7.R", "mode": "bus", "line_name": "542"}, {"line_id": "92-542-j24-1", "route_id": "3.TA.92-542-j24-1.5.H", "mode": "bus", "line_name": "542"}], "predominant_mode": "bus", "assigned_canton": "Glarus", "modes_list": ["bus"]}, "geometry": {"type": "Point", "coordinates": [9.066714708887979, 47.005727565029076]}}, {"id": "24050", "type": "Feature", "properties": {"name": "Schw\u00e4ndi b. Schwanden GL,Adler", "lon": 9.067163859842529, "lat": 47.004643265141674, "stop_id": ["8577528.link:1002109", "8577528.link:1546140"], "lines": [{"line_id": "92-542-j24-1", "route_id": "37.TA.92-542-j24-1.8.R", "mode": "bus", "line_name": "542"}, {"line_id": "92-542-j24-1", "route_id": "23.TA.92-542-j24-1.7.R", "mode": "bus", "line_name": "542"}, {"line_id": "92-542-j24-1", "route_id": "14.TA.92-542-j24-1.6.H", "mode": "bus", "line_name": "542"}, {"line_id": "92-542-j24-1", "route_id": "3.TA.92-542-j24-1.5.H", "mode": "bus", "line_name": "542"}], "predominant_mode": "bus", "assigned_canton": "Glarus", "modes_list": ["bus"]}, "geometry": {"type": "Point", "coordinates": [9.067163868853562, 47.00464327502138]}}, {"id": "24051", "type": "Feature", "properties": {"name": "Schw\u00e4ndi b. Schwanden, G\u00fcetli", "lon": 9.06997557990043, "lat": 47.0063768850976, "stop_id": ["8589547.link:1002141", "8589547.link:1002142"], "lines": [{"line_id": "92-542-j24-1", "route_id": "37.TA.92-542-j24-1.8.R", "mode": "bus", "line_name": "542"}, {"line_id": "92-542-j24-1", "route_id": "14.TA.92-542-j24-1.6.H", "mode": "bus", "line_name": "542"}], "predominant_mode": "bus", "assigned_canton": "Glarus", "modes_list": ["bus"]}, "geometry": {"type": "Point", "coordinates": [9.06997558891358, 47.00637689497709]}}, {"id": "24052", "type": "Feature", "properties": {"name": "Schw\u00e4ndi b. Schwanden,Lassigen", "lon": 9.07005643012541, "lat": 47.01326792509692, "stop_id": ["8589546.link:1291386", "8589546.link:1291387"], "lines": [{"line_id": "92-542-j24-1", "route_id": "37.TA.92-542-j24-1.8.R", "mode": "bus", "line_name": "542"}, {"line_id": "92-542-j24-1", "route_id": "14.TA.92-542-j24-1.6.H", "mode": "bus", "line_name": "542"}], "predominant_mode": "bus", "assigned_canton": "Glarus", "modes_list": ["bus"]}, "geometry": {"type": "Point", "coordinates": [9.070056439136485, 47.01326793497892]}}, {"id": "24929", "type": "Feature", "properties": {"name": "Sool, Dorfmitte", "lon": 9.085741019707378, "lat": 47.00023239484921, "stop_id": ["8595188.link:614823", "8595188.link:614824"], "lines": [{"line_id": "92-543-j24-1", "route_id": "7.TA.92-543-j24-1.8.H", "mode": "bus", "line_name": "543"}, {"line_id": "92-543-j24-1", "route_id": "15.TA.92-543-j24-1.9.H", "mode": "bus", "line_name": "543"}, {"line_id": "92-543-j24-1", "route_id": "28.TA.92-543-j24-1.11.R", "mode": "bus", "line_name": "543"}, {"line_id": "92-543-j24-1", "route_id": "31.TA.92-543-j24-1.12.R", "mode": "bus", "line_name": "543"}], "predominant_mode": "bus", "assigned_canton": "Glarus", "modes_list": ["bus"]}, "geometry": {"type": "Point", "coordinates": [9.085741028737337, 47.00023240472167]}}, {"id": "24930", "type": "Feature", "properties": {"name": "Sool, Schulhaus", "lon": 9.08534575967121, "lat": 46.999129614855335, "stop_id": ["8503256.link:614825", "8503256.link:614826"], "lines": [{"line_id": "92-543-j24-1", "route_id": "7.TA.92-543-j24-1.8.H", "mode": "bus", "line_name": "543"}, {"line_id": "92-543-j24-1", "route_id": "15.TA.92-543-j24-1.9.H", "mode": "bus", "line_name": "543"}, {"line_id": "92-543-j24-1", "route_id": "28.TA.92-543-j24-1.11.R", "mode": "bus", "line_name": "543"}, {"line_id": "92-543-j24-1", "route_id": "31.TA.92-543-j24-1.12.R", "mode": "bus", "line_name": "543"}], "predominant_mode": "bus", "assigned_canton": "Glarus", "modes_list": ["bus"]}, "geometry": {"type": "Point", "coordinates": [9.085345768701142, 46.99912962472749]}}, {"id": "24931", "type": "Feature", "properties": {"name": "Sool, Untersool", "lon": 9.086818999652317, "lat": 46.99852920483213, "stop_id": ["8595189.link:1332580", "8595189.link:1332581"], "lines": [{"line_id": "92-543-j24-1", "route_id": "7.TA.92-543-j24-1.8.H", "mode": "bus", "line_name": "543"}, {"line_id": "92-543-j24-1", "route_id": "15.TA.92-543-j24-1.9.H", "mode": "bus", "line_name": "543"}, {"line_id": "92-543-j24-1", "route_id": "28.TA.92-543-j24-1.11.R", "mode": "bus", "line_name": "543"}, {"line_id": "92-543-j24-1", "route_id": "31.TA.92-543-j24-1.12.R", "mode": "bus", "line_name": "543"}], "predominant_mode": "bus", "assigned_canton": "Glarus", "modes_list": ["bus"]}, "geometry": {"type": "Point", "coordinates": [9.086819008683825, 46.99852921470362]}}, {"id": "29343", "type": "Feature", "properties": {"name": "Wart", "lon": 9.113058789678512, "lat": 46.99895807441961, "stop_id": ["8503259.link:859937", "8503259.link:859938"], "lines": [{"line_id": "92-541-j24-1", "route_id": "43.TA.92-541-j24-1.11.H", "mode": "bus", "line_name": "541"}, {"line_id": "92-541-j24-1", "route_id": "13.TA.92-541-j24-1.10.H", "mode": "bus", "line_name": "541"}, {"line_id": "92-541-j24-1", "route_id": "135.TA.92-541-j24-1.13.R", "mode": "bus", "line_name": "541"}, {"line_id": "92-541-j24-1", "route_id": "97.TA.92-541-j24-1.12.R", "mode": "bus", "line_name": "541"}], "predominant_mode": "bus", "assigned_canton": "Glarus", "modes_list": ["bus"]}, "geometry": {"type": "Point", "coordinates": [9.113058798734619, 46.99895808428327]}}, {"id": "29588", "type": "Feature", "properties": {"name": "Weissenberge", "lon": 9.179579028532077, "lat": 46.96287851337046, "stop_id": ["8530520.link:pt_8530520"], "lines": [{"line_id": "93-LMW-j24-1", "route_id": "25.TA.93-LMW-j24-1.2.R", "mode": "cable car", "line_name": "LMW"}, {"line_id": "93-LMW-j24-1", "route_id": "19.TA.93-LMW-j24-1.1.H", "mode": "cable car", "line_name": "LMW"}], "predominant_mode": "cable car", "assigned_canton": "Glarus", "modes_list": ["cable car"]}, "geometry": {"type": "Point", "coordinates": [9.179579037662014, 46.962878523200374]}}, {"id": "30797", "type": "Feature", "properties": {"name": "Ziegelbr\u00fccke, Post", "lon": 9.060911584046405, "lat": 47.1332497252483, "stop_id": ["8579550.link:743587", "8579550.link:743588"], "lines": [{"line_id": "96-245-2-j24-1", "route_id": "127.TA.96-245-2-j24-1.7.R", "mode": "bus", "line_name": "511"}, {"line_id": "96-245-4-j24-1", "route_id": "40.TA.96-245-4-j24-1.8.R", "mode": "bus", "line_name": "512"}, {"line_id": "96-245-5-j24-1", "route_id": "77.TA.96-245-5-j24-1.2.R", "mode": "bus", "line_name": "513"}, {"line_id": "96-245-4-j24-1", "route_id": "32.TA.96-245-4-j24-1.7.R", "mode": "bus", "line_name": "512"}, {"line_id": "96-243-6-j24-1", "route_id": "25.TA.96-243-6-j24-1.26.R", "mode": "bus", "line_name": "536"}, {"line_id": "96-245-2-j24-1", "route_id": "106.TA.96-245-2-j24-1.5.R", "mode": "bus", "line_name": "511"}, {"line_id": "96-245-5-j24-1", "route_id": "109.TA.96-245-5-j24-1.3.R", "mode": "bus", "line_name": "513"}, {"line_id": "96-245-2-j24-1", "route_id": "135.TA.96-245-2-j24-1.8.R", "mode": "bus", "line_name": "511"}, {"line_id": "96-245-2-j24-1", "route_id": "48.TA.96-245-2-j24-1.2.H", "mode": "bus", "line_name": "511"}, {"line_id": "96-245-4-j24-1", "route_id": "5.TA.96-245-4-j24-1.3.H", "mode": "bus", "line_name": "512"}, {"line_id": "96-245-4-j24-1", "route_id": "12.TA.96-245-4-j24-1.4.H", "mode": "bus", "line_name": "512"}, {"line_id": "96-245-5-j24-1", "route_id": "27.TA.96-245-5-j24-1.1.H", "mode": "bus", "line_name": "513"}, {"line_id": "96-245-2-j24-1", "route_id": "38.TA.96-245-2-j24-1.17.H", "mode": "bus", "line_name": "511"}, {"line_id": "96-245-4-j24-1", "route_id": "21.TA.96-245-4-j24-1.5.H", "mode": "bus", "line_name": "512"}, {"line_id": "96-243-6-j24-1", "route_id": "12.TA.96-243-6-j24-1.24.H", "mode": "bus", "line_name": "536"}, {"line_id": "96-243-6-j24-1", "route_id": "9.TA.96-243-6-j24-1.23.H", "mode": "bus", "line_name": "536"}], "predominant_mode": "bus", "assigned_canton": "Glarus", "modes_list": ["bus"]}, "geometry": {"type": "Point", "coordinates": [9.060911593011, 47.13324973517622]}}]}