{"type": "FeatureCollection", "features": [{"id": "495", "type": "Feature", "properties": {"name": "Alle, centre sportif / loisirs", "lon": 7.121386012087535, "lat": 47.42485475568848, "stop_id": ["8583356.link:1955178", "8583356.link:1955179"], "lines": [{"line_id": "96-127-7-j24-1", "route_id": "76.TA.96-127-7-j24-1.11.R", "mode": "bus", "line_name": "77"}, {"line_id": "96-127-7-j24-1", "route_id": "17.TA.96-127-7-j24-1.9.H", "mode": "bus", "line_name": "77"}], "predominant_mode": "bus", "assigned_canton": "Jura", "modes_list": ["bus"]}, "geometry": {"type": "Point", "coordinates": [7.121386019016401, 47.42485476624198]}}, {"id": "496", "type": "Feature", "properties": {"name": "Alle, poste/gare", "lon": 7.128653382084214, "lat": 47.42450225557467, "stop_id": ["8572096.link:326835", "8572096.link:326836"], "lines": [{"line_id": "96-127-7-j24-1", "route_id": "76.TA.96-127-7-j24-1.11.R", "mode": "bus", "line_name": "77"}, {"line_id": "96-128-7-j24-1", "route_id": "17.TA.96-128-7-j24-1.3.R", "mode": "bus", "line_name": "24"}, {"line_id": "96-127-7-j24-1", "route_id": "17.TA.96-127-7-j24-1.9.H", "mode": "bus", "line_name": "77"}], "predominant_mode": "bus", "assigned_canton": "Jura", "modes_list": ["bus"]}, "geometry": {"type": "Point", "coordinates": [7.128653389020916, 47.42450226612634]}}, {"id": "497", "type": "Feature", "properties": {"name": "Alle, rue de l'\u00e9glise", "lon": 7.128851012149482, "lat": 47.42645922557154, "stop_id": ["8583343.link:973862", "8583343.link:973863"], "lines": [{"line_id": "92-A01-J-j24-1", "route_id": "61.TA.92-A01-J-j24-1.4.H", "mode": "bus", "line_name": "EV"}, {"line_id": "92-A01-J-j24-1", "route_id": "9.TA.92-A01-J-j24-1.2.H", "mode": "bus", "line_name": "EV"}, {"line_id": "96-127-7-j24-1", "route_id": "17.TA.96-127-7-j24-1.9.H", "mode": "bus", "line_name": "77"}, {"line_id": "92-A01-J-j24-1", "route_id": "34.TA.92-A01-J-j24-1.4.H", "mode": "bus", "line_name": "EV"}, {"line_id": "92-A01-J-j24-1", "route_id": "89.TA.92-A01-J-j24-1.6.R", "mode": "bus", "line_name": "EV"}, {"line_id": "92-A01-J-j24-1", "route_id": "128.TA.92-A01-J-j24-1.8.R", "mode": "bus", "line_name": "EV"}, {"line_id": "96-127-7-j24-1", "route_id": "76.TA.96-127-7-j24-1.11.R", "mode": "bus", "line_name": "77"}, {"line_id": "92-A01-J-j24-1", "route_id": "116.TA.92-A01-J-j24-1.8.R", "mode": "bus", "line_name": "EV"}], "predominant_mode": "bus", "assigned_canton": "Jura", "modes_list": ["bus"]}, "geometry": {"type": "Point", "coordinates": [7.128851019085902, 47.426459236123776]}}, {"id": "498", "type": "Feature", "properties": {"name": "Alle, zone industrielle", "lon": 7.146350192289862, "lat": 47.43007516529739, "stop_id": ["8583345.link:1117462", "8583345.link:1117463"], "lines": [{"line_id": "96-127-7-j24-1", "route_id": "76.TA.96-127-7-j24-1.11.R", "mode": "bus", "line_name": "77"}, {"line_id": "96-127-7-j24-1", "route_id": "17.TA.96-127-7-j24-1.9.H", "mode": "bus", "line_name": "77"}], "predominant_mode": "bus", "assigned_canton": "Jura", "modes_list": ["bus"]}, "geometry": {"type": "Point", "coordinates": [7.14635019924401, 47.43007517584671]}}, {"id": "1223", "type": "Feature", "properties": {"name": "Asuel, La Malc\u00f4te", "lon": 7.1947244713454825, "lat": 47.39998537454044, "stop_id": ["8583346.link:1777085", "8583346.link:1777086"], "lines": [{"line_id": "96-127-6-j24-1", "route_id": "28.TA.96-127-6-j24-1.1.H", "mode": "bus", "line_name": "76"}, {"line_id": "96-127-6-j24-1", "route_id": "47.TA.96-127-6-j24-1.2.R", "mode": "bus", "line_name": "76"}], "predominant_mode": "bus", "assigned_canton": "Jura", "modes_list": ["bus"]}, "geometry": {"type": "Point", "coordinates": [7.194724478358699, 47.39998538506827]}}, {"id": "1224", "type": "Feature", "properties": {"name": "Asuel, Maison communale", "lon": 7.21137924131425, "lat": 47.39847739427959, "stop_id": ["8572095.link:1747576", "8572095.link:1747577"], "lines": [{"line_id": "96-127-6-j24-1", "route_id": "28.TA.96-127-6-j24-1.1.H", "mode": "bus", "line_name": "76"}, {"line_id": "96-127-6-j24-1", "route_id": "47.TA.96-127-6-j24-1.2.R", "mode": "bus", "line_name": "76"}], "predominant_mode": "bus", "assigned_canton": "Jura", "modes_list": ["bus"]}, "geometry": {"type": "Point", "coordinates": [7.211379248345544, 47.39847740480289]}}, {"id": "1225", "type": "Feature", "properties": {"name": "Asuel, \u00e9cole", "lon": 7.2107953314306705, "lat": 47.40200406428869, "stop_id": ["8572094.link:1747564", "8572094.link:1747565"], "lines": [{"line_id": "96-127-6-j24-1", "route_id": "28.TA.96-127-6-j24-1.1.H", "mode": "bus", "line_name": "76"}, {"line_id": "96-127-6-j24-1", "route_id": "47.TA.96-127-6-j24-1.2.R", "mode": "bus", "line_name": "76"}], "predominant_mode": "bus", "assigned_canton": "Jura", "modes_list": ["bus"]}, "geometry": {"type": "Point", "coordinates": [7.210795338460453, 47.40200407481333]}}, {"id": "2206", "type": "Feature", "properties": {"name": "Bassecourt", "lon": 7.249103989305154, "lat": 47.33661300868914, "stop_id": ["8500122:0:1.link:1546881", "8500122:0:2.link:322978"], "lines": [{"line_id": "91-56-B-j24-1", "route_id": "361.TA.91-56-B-j24-1.25.R", "mode": "rail", "line_name": "RE56"}, {"line_id": "91-3-B-j24-1", "route_id": "3718.TA.91-3-B-j24-1.705.R", "mode": "rail", "line_name": "S3"}, {"line_id": "91-56-B-j24-1", "route_id": "330.TA.91-56-B-j24-1.18.R", "mode": "rail", "line_name": "RE56"}, {"line_id": "91-56-B-j24-1", "route_id": "451.TA.91-56-B-j24-1.27.R", "mode": "rail", "line_name": "RE56"}, {"line_id": "91-3-B-j24-1", "route_id": "5388.TA.91-3-B-j24-1.638.R", "mode": "rail", "line_name": "S3"}, {"line_id": "91-3-B-j24-1", "route_id": "3687.TA.91-3-B-j24-1.372.R", "mode": "rail", "line_name": "S3"}, {"line_id": "91-56-B-j24-1", "route_id": "363.TA.91-56-B-j24-1.25.R", "mode": "rail", "line_name": "RE56"}, {"line_id": "91-56-B-j24-1", "route_id": "347.TA.91-56-B-j24-1.142.R", "mode": "rail", "line_name": "RE56"}, {"line_id": "91-3-B-j24-1", "route_id": "3736.TA.91-3-B-j24-1.705.R", "mode": "rail", "line_name": "S3"}, {"line_id": "91-56-B-j24-1", "route_id": "385.TA.91-56-B-j24-1.26.R", "mode": "rail", "line_name": "RE56"}, {"line_id": "91-56-B-j24-1", "route_id": "99.TA.91-56-B-j24-1.6.H", "mode": "rail", "line_name": "RE56"}, {"line_id": "91-3-B-j24-1", "route_id": "3250.TA.91-3-B-j24-1.2653.H", "mode": "rail", "line_name": "S3"}, {"line_id": "91-56-B-j24-1", "route_id": "133.TA.91-56-B-j24-1.11.H", "mode": "rail", "line_name": "RE56"}, {"line_id": "91-56-B-j24-1", "route_id": "103.TA.91-56-B-j24-1.7.H", "mode": "rail", "line_name": "RE56"}, {"line_id": "91-56-B-j24-1", "route_id": "120.TA.91-56-B-j24-1.10.H", "mode": "rail", "line_name": "RE56"}, {"line_id": "91-3-B-j24-1", "route_id": "503.TA.91-3-B-j24-1.20.H", "mode": "rail", "line_name": "S3"}, {"line_id": "91-56-B-j24-1", "route_id": "204.TA.91-56-B-j24-1.71.H", "mode": "rail", "line_name": "RE56"}, {"line_id": "91-3-B-j24-1", "route_id": "3246.TA.91-3-B-j24-1.2652.H", "mode": "rail", "line_name": "S3"}, {"line_id": "91-56-B-j24-1", "route_id": "149.TA.91-56-B-j24-1.11.H", "mode": "rail", "line_name": "RE56"}, {"line_id": "91-3-B-j24-1", "route_id": "3302.TA.91-3-B-j24-1.2961.H", "mode": "rail", "line_name": "S3"}, {"line_id": "91-56-B-j24-1", "route_id": "107.TA.91-56-B-j24-1.8.H", "mode": "rail", "line_name": "RE56"}, {"line_id": "91-56-B-j24-1", "route_id": "227.TA.91-56-B-j24-1.14.H", "mode": "rail", "line_name": "RE56"}, {"line_id": "91-3-B-j24-1", "route_id": "533.TA.91-3-B-j24-1.24.H", "mode": "rail", "line_name": "S3"}, {"line_id": "91-3-B-j24-1", "route_id": "3214.TA.91-3-B-j24-1.2650.H", "mode": "rail", "line_name": "S3"}, {"line_id": "91-3-B-j24-1", "route_id": "3233.TA.91-3-B-j24-1.4244.H", "mode": "rail", "line_name": "S3"}], "predominant_mode": "rail", "assigned_canton": "Jura", "modes_list": ["rail"]}, "geometry": {"type": "Point", "coordinates": [7.249103996392192, 47.33661301918255]}}, {"id": "2207", "type": "Feature", "properties": {"name": "Bassecourt, Centre commercial", "lon": 7.252180719347501, "lat": 47.337787943640926, "stop_id": ["8505814.link:672699"], "lines": [{"line_id": "96-125-0-j24-1", "route_id": "26.TA.96-125-0-j24-1.3.R", "mode": "bus", "line_name": "50"}, {"line_id": "96-125-0-j24-1", "route_id": "18.TA.96-125-0-j24-1.2.H", "mode": "bus", "line_name": "50"}], "predominant_mode": "bus", "assigned_canton": "Jura", "modes_list": ["bus"]}, "geometry": {"type": "Point", "coordinates": [7.252180726437508, 47.33778795413398]}}, {"id": "2208", "type": "Feature", "properties": {"name": "Bassecourt, Claire-Fontaine", "lon": 7.25172257940689, "lat": 47.33959594364809, "stop_id": ["8505033.link:672701"], "lines": [{"line_id": "96-125-0-j24-1", "route_id": "26.TA.96-125-0-j24-1.3.R", "mode": "bus", "line_name": "50"}, {"line_id": "96-125-0-j24-1", "route_id": "18.TA.96-125-0-j24-1.2.H", "mode": "bus", "line_name": "50"}], "predominant_mode": "bus", "assigned_canton": "Jura", "modes_list": ["bus"]}, "geometry": {"type": "Point", "coordinates": [7.251722586495956, 47.339595954141906]}}, {"id": "2209", "type": "Feature", "properties": {"name": "Bassecourt, Colonel-Hoffmeyer", "lon": 7.242946039353719, "lat": 47.338287123785584, "stop_id": ["8582973.link:1951537", "8582973.link:1951538"], "lines": [{"line_id": "96-125-1-j24-1", "route_id": "12.TA.96-125-1-j24-1.1.H", "mode": "bus", "line_name": "51"}, {"line_id": "96-123-3-j24-1", "route_id": "20.TA.96-123-3-j24-1.6.R", "mode": "bus", "line_name": "33"}, {"line_id": "96-128-0-j24-1", "route_id": "6.TA.96-128-0-j24-1.2.H", "mode": "bus", "line_name": "N10"}, {"line_id": "96-123-3-j24-1", "route_id": "24.TA.96-123-3-j24-1.7.R", "mode": "bus", "line_name": "33"}, {"line_id": "96-128-0-j24-1", "route_id": "8.TA.96-128-0-j24-1.2.H", "mode": "bus", "line_name": "N10"}, {"line_id": "96-125-2-j24-1", "route_id": "11.TA.96-125-2-j24-1.1.H", "mode": "bus", "line_name": "52"}, {"line_id": "96-123-3-j24-1", "route_id": "21.TA.96-123-3-j24-1.7.R", "mode": "bus", "line_name": "33"}, {"line_id": "96-125-1-j24-1", "route_id": "16.TA.96-125-1-j24-1.2.H", "mode": "bus", "line_name": "51"}, {"line_id": "96-123-3-j24-1", "route_id": "25.TA.96-123-3-j24-1.7.R", "mode": "bus", "line_name": "33"}, {"line_id": "96-123-3-j24-1", "route_id": "29.TA.96-123-3-j24-1.7.R", "mode": "bus", "line_name": "33"}, {"line_id": "96-123-3-j24-1", "route_id": "14.TA.96-123-3-j24-1.9.R", "mode": "bus", "line_name": "33"}, {"line_id": "96-128-0-j24-1", "route_id": "9.TA.96-128-0-j24-1.4.R", "mode": "bus", "line_name": "N10"}, {"line_id": "96-123-3-j24-1", "route_id": "10.TA.96-123-3-j24-1.4.H", "mode": "bus", "line_name": "33"}, {"line_id": "96-123-3-j24-1", "route_id": "5.TA.96-123-3-j24-1.8.H", "mode": "bus", "line_name": "33"}, {"line_id": "96-123-3-j24-1", "route_id": "13.TA.96-123-3-j24-1.4.H", "mode": "bus", "line_name": "33"}, {"line_id": "96-123-3-j24-1", "route_id": "6.TA.96-123-3-j24-1.4.H", "mode": "bus", "line_name": "33"}, {"line_id": "96-128-0-j24-1", "route_id": "13.TA.96-128-0-j24-1.4.R", "mode": "bus", "line_name": "N10"}, {"line_id": "96-125-1-j24-1", "route_id": "36.TA.96-125-1-j24-1.3.R", "mode": "bus", "line_name": "51"}, {"line_id": "96-125-2-j24-1", "route_id": "34.TA.96-125-2-j24-1.2.R", "mode": "bus", "line_name": "52"}, {"line_id": "96-123-3-j24-1", "route_id": "9.TA.96-123-3-j24-1.4.H", "mode": "bus", "line_name": "33"}, {"line_id": "96-123-3-j24-1", "route_id": "11.TA.96-123-3-j24-1.4.H", "mode": "bus", "line_name": "33"}, {"line_id": "96-125-1-j24-1", "route_id": "60.TA.96-125-1-j24-1.4.R", "mode": "bus", "line_name": "51"}], "predominant_mode": "bus", "assigned_canton": "Jura", "modes_list": ["bus"]}, "geometry": {"type": "Point", "coordinates": [7.242946046433795, 47.33828713428104]}}, {"id": "2210", "type": "Feature", "properties": {"name": "Bassecourt, Combe", "lon": 7.2384185292052745, "lat": 47.3339586638565, "stop_id": ["8505023.link:1635053"], "lines": [{"line_id": "96-125-0-j24-1", "route_id": "2.TA.96-125-0-j24-1.1.H", "mode": "bus", "line_name": "50"}, {"line_id": "96-125-0-j24-1", "route_id": "26.TA.96-125-0-j24-1.3.R", "mode": "bus", "line_name": "50"}, {"line_id": "96-125-0-j24-1", "route_id": "18.TA.96-125-0-j24-1.2.H", "mode": "bus", "line_name": "50"}], "predominant_mode": "bus", "assigned_canton": "Jura", "modes_list": ["bus"]}, "geometry": {"type": "Point", "coordinates": [7.238418536281632, 47.33395867435157]}}, {"id": "2211", "type": "Feature", "properties": {"name": "Bassecourt, EFEJ", "lon": 7.247015409435109, "lat": 47.34060645372182, "stop_id": ["8505030.link:313776"], "lines": [{"line_id": "96-125-0-j24-1", "route_id": "26.TA.96-125-0-j24-1.3.R", "mode": "bus", "line_name": "50"}, {"line_id": "96-125-0-j24-1", "route_id": "18.TA.96-125-0-j24-1.2.H", "mode": "bus", "line_name": "50"}], "predominant_mode": "bus", "assigned_canton": "Jura", "modes_list": ["bus"]}, "geometry": {"type": "Point", "coordinates": [7.247015416518924, 47.340606464217096]}}, {"id": "2212", "type": "Feature", "properties": {"name": "Bassecourt, Eglise", "lon": 7.244419269283379, "lat": 47.336113803762515, "stop_id": ["8505022.link:1635151"], "lines": [{"line_id": "96-125-0-j24-1", "route_id": "2.TA.96-125-0-j24-1.1.H", "mode": "bus", "line_name": "50"}, {"line_id": "96-125-0-j24-1", "route_id": "26.TA.96-125-0-j24-1.3.R", "mode": "bus", "line_name": "50"}, {"line_id": "96-125-0-j24-1", "route_id": "18.TA.96-125-0-j24-1.2.H", "mode": "bus", "line_name": "50"}], "predominant_mode": "bus", "assigned_canton": "Jura", "modes_list": ["bus"]}, "geometry": {"type": "Point", "coordinates": [7.244419276365567, 47.336113814256876]}}, {"id": "2213", "type": "Feature", "properties": {"name": "Bassecourt, Etangs", "lon": 7.236505119339443, "lat": 47.33807405388649, "stop_id": ["8505025.link:1635022"], "lines": [{"line_id": "96-125-0-j24-1", "route_id": "2.TA.96-125-0-j24-1.1.H", "mode": "bus", "line_name": "50"}, {"line_id": "96-125-0-j24-1", "route_id": "26.TA.96-125-0-j24-1.3.R", "mode": "bus", "line_name": "50"}, {"line_id": "96-125-0-j24-1", "route_id": "18.TA.96-125-0-j24-1.2.H", "mode": "bus", "line_name": "50"}], "predominant_mode": "bus", "assigned_canton": "Jura", "modes_list": ["bus"]}, "geometry": {"type": "Point", "coordinates": [7.236505126412727, 47.3380740643834]}}, {"id": "2214", "type": "Feature", "properties": {"name": "Bassecourt, Foug\u00e8res", "lon": 7.246467429476436, "lat": 47.341872593730436, "stop_id": ["8505029.link:1635634"], "lines": [{"line_id": "96-125-0-j24-1", "route_id": "26.TA.96-125-0-j24-1.3.R", "mode": "bus", "line_name": "50"}, {"line_id": "96-125-0-j24-1", "route_id": "18.TA.96-125-0-j24-1.2.H", "mode": "bus", "line_name": "50"}], "predominant_mode": "bus", "assigned_canton": "Jura", "modes_list": ["bus"]}, "geometry": {"type": "Point", "coordinates": [7.246467436559345, 47.341872604226275]}}, {"id": "2215", "type": "Feature", "properties": {"name": "Bassecourt, Halle des F\u00eates", "lon": 7.242811289457817, "lat": 47.34143432378769, "stop_id": ["8505028.link:470474"], "lines": [{"line_id": "96-125-0-j24-1", "route_id": "26.TA.96-125-0-j24-1.3.R", "mode": "bus", "line_name": "50"}, {"line_id": "96-125-0-j24-1", "route_id": "18.TA.96-125-0-j24-1.2.H", "mode": "bus", "line_name": "50"}], "predominant_mode": "bus", "assigned_canton": "Jura", "modes_list": ["bus"]}, "geometry": {"type": "Point", "coordinates": [7.242811296536953, 47.34143433428424]}}, {"id": "2216", "type": "Feature", "properties": {"name": "Bassecourt, Jura Centre", "lon": 7.252782589318959, "lat": 47.33690522363153, "stop_id": ["8582972.link:470449", "8582972.link:470450"], "lines": [{"line_id": "96-125-0-j24-1", "route_id": "26.TA.96-125-0-j24-1.3.R", "mode": "bus", "line_name": "50"}, {"line_id": "96-123-3-j24-1", "route_id": "20.TA.96-123-3-j24-1.6.R", "mode": "bus", "line_name": "33"}, {"line_id": "96-128-0-j24-1", "route_id": "6.TA.96-128-0-j24-1.2.H", "mode": "bus", "line_name": "N10"}, {"line_id": "96-123-3-j24-1", "route_id": "24.TA.96-123-3-j24-1.7.R", "mode": "bus", "line_name": "33"}, {"line_id": "96-128-0-j24-1", "route_id": "8.TA.96-128-0-j24-1.2.H", "mode": "bus", "line_name": "N10"}, {"line_id": "96-123-3-j24-1", "route_id": "21.TA.96-123-3-j24-1.7.R", "mode": "bus", "line_name": "33"}, {"line_id": "96-123-3-j24-1", "route_id": "25.TA.96-123-3-j24-1.7.R", "mode": "bus", "line_name": "33"}, {"line_id": "96-123-3-j24-1", "route_id": "29.TA.96-123-3-j24-1.7.R", "mode": "bus", "line_name": "33"}, {"line_id": "96-123-3-j24-1", "route_id": "14.TA.96-123-3-j24-1.9.R", "mode": "bus", "line_name": "33"}, {"line_id": "96-128-0-j24-1", "route_id": "9.TA.96-128-0-j24-1.4.R", "mode": "bus", "line_name": "N10"}, {"line_id": "96-123-3-j24-1", "route_id": "10.TA.96-123-3-j24-1.4.H", "mode": "bus", "line_name": "33"}, {"line_id": "96-123-3-j24-1", "route_id": "5.TA.96-123-3-j24-1.8.H", "mode": "bus", "line_name": "33"}, {"line_id": "96-123-3-j24-1", "route_id": "13.TA.96-123-3-j24-1.4.H", "mode": "bus", "line_name": "33"}, {"line_id": "96-123-3-j24-1", "route_id": "6.TA.96-123-3-j24-1.4.H", "mode": "bus", "line_name": "33"}, {"line_id": "96-128-0-j24-1", "route_id": "13.TA.96-128-0-j24-1.4.R", "mode": "bus", "line_name": "N10"}, {"line_id": "96-123-3-j24-1", "route_id": "9.TA.96-123-3-j24-1.4.H", "mode": "bus", "line_name": "33"}, {"line_id": "96-123-3-j24-1", "route_id": "11.TA.96-123-3-j24-1.4.H", "mode": "bus", "line_name": "33"}, {"line_id": "96-125-0-j24-1", "route_id": "2.TA.96-125-0-j24-1.1.H", "mode": "bus", "line_name": "50"}, {"line_id": "96-125-0-j24-1", "route_id": "18.TA.96-125-0-j24-1.2.H", "mode": "bus", "line_name": "50"}], "predominant_mode": "bus", "assigned_canton": "Jura", "modes_list": ["bus"]}, "geometry": {"type": "Point", "coordinates": [7.252782596409827, 47.33690523412415]}}, {"id": "2217", "type": "Feature", "properties": {"name": "Bassecourt, Paddock", "lon": 7.236612909249215, "lat": 47.33534673388479, "stop_id": ["8505024.link:1634979"], "lines": [{"line_id": "96-125-0-j24-1", "route_id": "2.TA.96-125-0-j24-1.1.H", "mode": "bus", "line_name": "50"}, {"line_id": "96-125-0-j24-1", "route_id": "26.TA.96-125-0-j24-1.3.R", "mode": "bus", "line_name": "50"}, {"line_id": "96-125-0-j24-1", "route_id": "18.TA.96-125-0-j24-1.2.H", "mode": "bus", "line_name": "50"}], "predominant_mode": "bus", "assigned_canton": "Jura", "modes_list": ["bus"]}, "geometry": {"type": "Point", "coordinates": [7.236612916323303, 47.33534674438075]}}, {"id": "2218", "type": "Feature", "properties": {"name": "Bassecourt, P\u00e2querettes", "lon": 7.238131069366075, "lat": 47.338822833860995, "stop_id": ["8505026.link:470462"], "lines": [{"line_id": "96-125-0-j24-1", "route_id": "2.TA.96-125-0-j24-1.1.H", "mode": "bus", "line_name": "50"}, {"line_id": "96-125-0-j24-1", "route_id": "26.TA.96-125-0-j24-1.3.R", "mode": "bus", "line_name": "50"}, {"line_id": "96-125-0-j24-1", "route_id": "18.TA.96-125-0-j24-1.2.H", "mode": "bus", "line_name": "50"}], "predominant_mode": "bus", "assigned_canton": "Jura", "modes_list": ["bus"]}, "geometry": {"type": "Point", "coordinates": [7.238131076440901, 47.3388228443578]}}, {"id": "2219", "type": "Feature", "properties": {"name": "Bassecourt, Vieux-Moulin", "lon": 7.247886769389285, "lat": 47.33919417370819, "stop_id": ["8505031.link:470488"], "lines": [{"line_id": "96-125-0-j24-1", "route_id": "26.TA.96-125-0-j24-1.3.R", "mode": "bus", "line_name": "50"}, {"line_id": "96-125-0-j24-1", "route_id": "18.TA.96-125-0-j24-1.2.H", "mode": "bus", "line_name": "50"}], "predominant_mode": "bus", "assigned_canton": "Jura", "modes_list": ["bus"]}, "geometry": {"type": "Point", "coordinates": [7.247886776474381, 47.33919418420276]}}, {"id": "2220", "type": "Feature", "properties": {"name": "Bassecourt, bif. sur Glovelier", "lon": 7.222724959118877, "lat": 47.33188258410227, "stop_id": ["8572027.link:1558065", "8572027.link:1558066"], "lines": [{"line_id": "96-125-2-j24-1", "route_id": "11.TA.96-125-2-j24-1.1.H", "mode": "bus", "line_name": "52"}, {"line_id": "96-125-2-j24-1", "route_id": "34.TA.96-125-2-j24-1.2.R", "mode": "bus", "line_name": "52"}], "predominant_mode": "bus", "assigned_canton": "Jura", "modes_list": ["bus"]}, "geometry": {"type": "Point", "coordinates": [7.2227249661790625, 47.33188259460038]}}, {"id": "2221", "type": "Feature", "properties": {"name": "Bassecourt, garage St-Hubert", "lon": 7.236576979286498, "lat": 47.33647299388534, "stop_id": ["8572026.link:437516", "8572026.link:437517"], "lines": [{"line_id": "96-123-3-j24-1", "route_id": "20.TA.96-123-3-j24-1.6.R", "mode": "bus", "line_name": "33"}, {"line_id": "96-128-0-j24-1", "route_id": "6.TA.96-128-0-j24-1.2.H", "mode": "bus", "line_name": "N10"}, {"line_id": "96-123-3-j24-1", "route_id": "24.TA.96-123-3-j24-1.7.R", "mode": "bus", "line_name": "33"}, {"line_id": "96-128-0-j24-1", "route_id": "8.TA.96-128-0-j24-1.2.H", "mode": "bus", "line_name": "N10"}, {"line_id": "96-125-2-j24-1", "route_id": "11.TA.96-125-2-j24-1.1.H", "mode": "bus", "line_name": "52"}, {"line_id": "96-123-3-j24-1", "route_id": "21.TA.96-123-3-j24-1.7.R", "mode": "bus", "line_name": "33"}, {"line_id": "96-123-3-j24-1", "route_id": "25.TA.96-123-3-j24-1.7.R", "mode": "bus", "line_name": "33"}, {"line_id": "96-123-3-j24-1", "route_id": "29.TA.96-123-3-j24-1.7.R", "mode": "bus", "line_name": "33"}, {"line_id": "96-123-3-j24-1", "route_id": "14.TA.96-123-3-j24-1.9.R", "mode": "bus", "line_name": "33"}, {"line_id": "96-128-0-j24-1", "route_id": "9.TA.96-128-0-j24-1.4.R", "mode": "bus", "line_name": "N10"}, {"line_id": "96-125-0-j24-1", "route_id": "26.TA.96-125-0-j24-1.3.R", "mode": "bus", "line_name": "50"}, {"line_id": "96-123-3-j24-1", "route_id": "10.TA.96-123-3-j24-1.4.H", "mode": "bus", "line_name": "33"}, {"line_id": "96-123-3-j24-1", "route_id": "5.TA.96-123-3-j24-1.8.H", "mode": "bus", "line_name": "33"}, {"line_id": "96-123-3-j24-1", "route_id": "13.TA.96-123-3-j24-1.4.H", "mode": "bus", "line_name": "33"}, {"line_id": "96-123-3-j24-1", "route_id": "6.TA.96-123-3-j24-1.4.H", "mode": "bus", "line_name": "33"}, {"line_id": "96-128-0-j24-1", "route_id": "13.TA.96-128-0-j24-1.4.R", "mode": "bus", "line_name": "N10"}, {"line_id": "96-125-2-j24-1", "route_id": "34.TA.96-125-2-j24-1.2.R", "mode": "bus", "line_name": "52"}, {"line_id": "96-123-3-j24-1", "route_id": "9.TA.96-123-3-j24-1.4.H", "mode": "bus", "line_name": "33"}, {"line_id": "96-123-3-j24-1", "route_id": "11.TA.96-123-3-j24-1.4.H", "mode": "bus", "line_name": "33"}, {"line_id": "96-125-0-j24-1", "route_id": "2.TA.96-125-0-j24-1.1.H", "mode": "bus", "line_name": "50"}, {"line_id": "96-125-0-j24-1", "route_id": "18.TA.96-125-0-j24-1.2.H", "mode": "bus", "line_name": "50"}], "predominant_mode": "bus", "assigned_canton": "Jura", "modes_list": ["bus"]}, "geometry": {"type": "Point", "coordinates": [7.236576986360263, 47.33647300438172]}}, {"id": "2222", "type": "Feature", "properties": {"name": "Bassecourt, gare", "lon": 7.2473926993100815, "lat": 47.336819993715935, "stop_id": ["8572021.link:470376", "8572021.link:470377"], "lines": [{"line_id": "92-EV1-L-j24-1", "route_id": "146.TA.92-EV1-L-j24-1.7.H", "mode": "bus", "line_name": "EV1"}, {"line_id": "96-125-1-j24-1", "route_id": "12.TA.96-125-1-j24-1.1.H", "mode": "bus", "line_name": "51"}, {"line_id": "96-125-0-j24-1", "route_id": "26.TA.96-125-0-j24-1.3.R", "mode": "bus", "line_name": "50"}, {"line_id": "96-123-3-j24-1", "route_id": "20.TA.96-123-3-j24-1.6.R", "mode": "bus", "line_name": "33"}, {"line_id": "96-128-0-j24-1", "route_id": "6.TA.96-128-0-j24-1.2.H", "mode": "bus", "line_name": "N10"}, {"line_id": "96-123-3-j24-1", "route_id": "24.TA.96-123-3-j24-1.7.R", "mode": "bus", "line_name": "33"}, {"line_id": "96-128-0-j24-1", "route_id": "8.TA.96-128-0-j24-1.2.H", "mode": "bus", "line_name": "N10"}, {"line_id": "96-125-2-j24-1", "route_id": "11.TA.96-125-2-j24-1.1.H", "mode": "bus", "line_name": "52"}, {"line_id": "96-123-3-j24-1", "route_id": "21.TA.96-123-3-j24-1.7.R", "mode": "bus", "line_name": "33"}, {"line_id": "96-125-1-j24-1", "route_id": "16.TA.96-125-1-j24-1.2.H", "mode": "bus", "line_name": "51"}, {"line_id": "96-123-3-j24-1", "route_id": "25.TA.96-123-3-j24-1.7.R", "mode": "bus", "line_name": "33"}, {"line_id": "96-125-0-j24-1", "route_id": "2.TA.96-125-0-j24-1.1.H", "mode": "bus", "line_name": "50"}, {"line_id": "96-123-3-j24-1", "route_id": "29.TA.96-123-3-j24-1.7.R", "mode": "bus", "line_name": "33"}, {"line_id": "96-123-3-j24-1", "route_id": "14.TA.96-123-3-j24-1.9.R", "mode": "bus", "line_name": "33"}, {"line_id": "96-125-0-j24-1", "route_id": "18.TA.96-125-0-j24-1.2.H", "mode": "bus", "line_name": "50"}, {"line_id": "96-128-0-j24-1", "route_id": "9.TA.96-128-0-j24-1.4.R", "mode": "bus", "line_name": "N10"}, {"line_id": "96-128-0-j24-1", "route_id": "13.TA.96-128-0-j24-1.4.R", "mode": "bus", "line_name": "N10"}, {"line_id": "96-125-1-j24-1", "route_id": "36.TA.96-125-1-j24-1.3.R", "mode": "bus", "line_name": "51"}, {"line_id": "96-125-2-j24-1", "route_id": "34.TA.96-125-2-j24-1.2.R", "mode": "bus", "line_name": "52"}, {"line_id": "96-125-1-j24-1", "route_id": "60.TA.96-125-1-j24-1.4.R", "mode": "bus", "line_name": "51"}, {"line_id": "96-125-0-j24-1", "route_id": "18.TA.96-125-0-j24-1.2.H", "mode": "bus", "line_name": "50"}], "predominant_mode": "bus", "assigned_canton": "Jura", "modes_list": ["bus"]}, "geometry": {"type": "Point", "coordinates": [7.247392706395246, 47.336820004209834]}}, {"id": "2223", "type": "Feature", "properties": {"name": "Bassecourt, rue du Nord", "lon": 7.2495576394776515, "lat": 47.34180564368201, "stop_id": ["8505815.link:470482"], "lines": [{"line_id": "96-125-0-j24-1", "route_id": "26.TA.96-125-0-j24-1.3.R", "mode": "bus", "line_name": "50"}, {"line_id": "96-125-0-j24-1", "route_id": "18.TA.96-125-0-j24-1.2.H", "mode": "bus", "line_name": "50"}], "predominant_mode": "bus", "assigned_canton": "Jura", "modes_list": ["bus"]}, "geometry": {"type": "Point", "coordinates": [7.24955764656386, 47.3418056541771]}}, {"id": "2224", "type": "Feature", "properties": {"name": "Bassecourt, stade", "lon": 7.2402510894341905, "lat": 47.34080733382781, "stop_id": ["8505027.link:470478"], "lines": [{"line_id": "96-125-0-j24-1", "route_id": "26.TA.96-125-0-j24-1.3.R", "mode": "bus", "line_name": "50"}, {"line_id": "96-125-0-j24-1", "route_id": "18.TA.96-125-0-j24-1.2.H", "mode": "bus", "line_name": "50"}], "predominant_mode": "bus", "assigned_canton": "Jura", "modes_list": ["bus"]}, "geometry": {"type": "Point", "coordinates": [7.240251096510761, 47.34080734432474]}}, {"id": "2225", "type": "Feature", "properties": {"name": "Bassecourt, \u00e9cole secondaire", "lon": 7.238184969353018, "lat": 47.338427143860194, "stop_id": ["8581963.link:1557579", "8581963.link:1557580", "8581963.link:470461", "8581963.link:470462"], "lines": [{"line_id": "96-123-3-j24-1", "route_id": "10.TA.96-123-3-j24-1.4.H", "mode": "bus", "line_name": "33"}, {"line_id": "96-123-3-j24-1", "route_id": "5.TA.96-123-3-j24-1.8.H", "mode": "bus", "line_name": "33"}, {"line_id": "96-123-3-j24-1", "route_id": "13.TA.96-123-3-j24-1.4.H", "mode": "bus", "line_name": "33"}, {"line_id": "96-123-3-j24-1", "route_id": "6.TA.96-123-3-j24-1.4.H", "mode": "bus", "line_name": "33"}, {"line_id": "96-125-2-j24-1", "route_id": "34.TA.96-125-2-j24-1.2.R", "mode": "bus", "line_name": "52"}, {"line_id": "96-123-3-j24-1", "route_id": "9.TA.96-123-3-j24-1.4.H", "mode": "bus", "line_name": "33"}, {"line_id": "96-123-3-j24-1", "route_id": "11.TA.96-123-3-j24-1.4.H", "mode": "bus", "line_name": "33"}, {"line_id": "96-123-3-j24-1", "route_id": "24.TA.96-123-3-j24-1.7.R", "mode": "bus", "line_name": "33"}, {"line_id": "96-125-2-j24-1", "route_id": "11.TA.96-125-2-j24-1.1.H", "mode": "bus", "line_name": "52"}, {"line_id": "96-123-3-j24-1", "route_id": "21.TA.96-123-3-j24-1.7.R", "mode": "bus", "line_name": "33"}, {"line_id": "96-123-3-j24-1", "route_id": "25.TA.96-123-3-j24-1.7.R", "mode": "bus", "line_name": "33"}, {"line_id": "96-123-3-j24-1", "route_id": "29.TA.96-123-3-j24-1.7.R", "mode": "bus", "line_name": "33"}, {"line_id": "96-123-3-j24-1", "route_id": "14.TA.96-123-3-j24-1.9.R", "mode": "bus", "line_name": "33"}, {"line_id": "96-125-1-j24-1", "route_id": "16.TA.96-125-1-j24-1.2.H", "mode": "bus", "line_name": "51"}, {"line_id": "96-125-1-j24-1", "route_id": "12.TA.96-125-1-j24-1.1.H", "mode": "bus", "line_name": "51"}, {"line_id": "96-125-1-j24-1", "route_id": "60.TA.96-125-1-j24-1.4.R", "mode": "bus", "line_name": "51"}, {"line_id": "96-125-1-j24-1", "route_id": "36.TA.96-125-1-j24-1.3.R", "mode": "bus", "line_name": "51"}], "predominant_mode": "bus", "assigned_canton": "Jura", "modes_list": ["bus"]}, "geometry": {"type": "Point", "coordinates": [7.238184976427993, 47.33842715435685]}}, {"id": "2607", "type": "Feature", "properties": {"name": "Berlincourt", "lon": 7.222635128991753, "lat": 47.32804679410368, "stop_id": ["8572028.link:53566", "8572028.link:53567"], "lines": [{"line_id": "96-125-2-j24-1", "route_id": "11.TA.96-125-2-j24-1.1.H", "mode": "bus", "line_name": "52"}, {"line_id": "96-125-2-j24-1", "route_id": "34.TA.96-125-2-j24-1.2.R", "mode": "bus", "line_name": "52"}], "predominant_mode": "bus", "assigned_canton": "Jura", "modes_list": ["bus"]}, "geometry": {"type": "Point", "coordinates": [7.22263513605281, 47.32804680460045]}}, {"id": "2962", "type": "Feature", "properties": {"name": "Beurnev\u00e9sin, Couronne", "lon": 7.1396038543310025, "lat": 47.491641755401, "stop_id": ["8572075.link:1576286", "8572075.link:1576287"], "lines": [{"line_id": "96-127-2-j24-1", "route_id": "79.TA.96-127-2-j24-1.5.R", "mode": "bus", "line_name": "72"}, {"line_id": "96-127-2-j24-1", "route_id": "106.TA.96-127-2-j24-1.8.R", "mode": "bus", "line_name": "72"}, {"line_id": "96-127-2-j24-1", "route_id": "55.TA.96-127-2-j24-1.7.H", "mode": "bus", "line_name": "72"}, {"line_id": "96-127-2-j24-1", "route_id": "27.TA.96-127-2-j24-1.3.H", "mode": "bus", "line_name": "72"}], "predominant_mode": "bus", "assigned_canton": "Jura", "modes_list": ["bus"]}, "geometry": {"type": "Point", "coordinates": [7.139603861262365, 47.49164176597186]}}, {"id": "2963", "type": "Feature", "properties": {"name": "Beurnev\u00e9sin, Le P\u00e9qui", "lon": 7.123236544248807, "lat": 47.48974184565738, "stop_id": ["8583564.link:1386938", "8583564.link:1386939"], "lines": [{"line_id": "96-127-2-j24-1", "route_id": "79.TA.96-127-2-j24-1.5.R", "mode": "bus", "line_name": "72"}, {"line_id": "96-127-2-j24-1", "route_id": "106.TA.96-127-2-j24-1.8.R", "mode": "bus", "line_name": "72"}, {"line_id": "96-127-2-j24-1", "route_id": "55.TA.96-127-2-j24-1.7.H", "mode": "bus", "line_name": "72"}, {"line_id": "96-127-2-j24-1", "route_id": "27.TA.96-127-2-j24-1.3.H", "mode": "bus", "line_name": "72"}], "predominant_mode": "bus", "assigned_canton": "Jura", "modes_list": ["bus"]}, "geometry": {"type": "Point", "coordinates": [7.1232365511632585, 47.4897418562315]}}, {"id": "2964", "type": "Feature", "properties": {"name": "Beurnev\u00e9sin, poste", "lon": 7.135669234344857, "lat": 47.49219411546258, "stop_id": ["8572074.link:1386920", "8572074.link:1386921"], "lines": [{"line_id": "96-127-2-j24-1", "route_id": "79.TA.96-127-2-j24-1.5.R", "mode": "bus", "line_name": "72"}, {"line_id": "96-127-2-j24-1", "route_id": "106.TA.96-127-2-j24-1.8.R", "mode": "bus", "line_name": "72"}, {"line_id": "96-127-2-j24-1", "route_id": "55.TA.96-127-2-j24-1.7.H", "mode": "bus", "line_name": "72"}, {"line_id": "96-127-2-j24-1", "route_id": "27.TA.96-127-2-j24-1.3.H", "mode": "bus", "line_name": "72"}], "predominant_mode": "bus", "assigned_canton": "Jura", "modes_list": ["bus"]}, "geometry": {"type": "Point", "coordinates": [7.1356692412719, 47.492194126034505]}}, {"id": "3595", "type": "Feature", "properties": {"name": "Bollement", "lon": 7.1238653578486195, "lat": 47.296923965650166, "stop_id": ["8500196.link:421013", "8500196.link:421014"], "lines": [{"line_id": "91-36-C-j24-1", "route_id": "121.TA.91-36-C-j24-1.13.R", "mode": "rail", "line_name": "R36"}, {"line_id": "91-36-C-j24-1", "route_id": "110.TA.91-36-C-j24-1.13.R", "mode": "rail", "line_name": "R36"}, {"line_id": "91-36-C-j24-1", "route_id": "90.TA.91-36-C-j24-1.11.R", "mode": "rail", "line_name": "R36"}, {"line_id": "91-36-C-j24-1", "route_id": "107.TA.91-36-C-j24-1.13.R", "mode": "rail", "line_name": "R36"}, {"line_id": "91-36-C-j24-1", "route_id": "120.TA.91-36-C-j24-1.13.R", "mode": "rail", "line_name": "R36"}, {"line_id": "91-36-C-j24-1", "route_id": "62.TA.91-36-C-j24-1.7.H", "mode": "rail", "line_name": "R36"}, {"line_id": "91-36-C-j24-1", "route_id": "63.TA.91-36-C-j24-1.7.H", "mode": "rail", "line_name": "R36"}, {"line_id": "91-36-C-j24-1", "route_id": "25.TA.91-36-C-j24-1.4.H", "mode": "rail", "line_name": "R36"}, {"line_id": "91-36-C-j24-1", "route_id": "26.TA.91-36-C-j24-1.4.H", "mode": "rail", "line_name": "R36"}, {"line_id": "91-36-C-j24-1", "route_id": "59.TA.91-36-C-j24-1.7.H", "mode": "rail", "line_name": "R36"}], "predominant_mode": "rail", "assigned_canton": "Jura", "modes_list": ["rail"]}, "geometry": {"type": "Point", "coordinates": [7.123865364811942, 47.296923976159675]}}, {"id": "3644", "type": "Feature", "properties": {"name": "Boncourt", "lon": 7.0166738991927184, "lat": 47.49181475232581, "stop_id": ["8500128:0:2.link:936215", "8500128:0:2.link:936216", "8500128:0:3.link:936215", "8500128:0:3.link:936216"], "lines": [{"line_id": "91-56-B-j24-1", "route_id": "248.TA.91-56-B-j24-1.17.R", "mode": "rail", "line_name": "RE56"}, {"line_id": "91-56-B-j24-1", "route_id": "8.TA.91-56-B-j24-1.2.H", "mode": "rail", "line_name": "RE56"}, {"line_id": "91-56-B-j24-1", "route_id": "361.TA.91-56-B-j24-1.25.R", "mode": "rail", "line_name": "RE56"}, {"line_id": "91-56-B-j24-1", "route_id": "451.TA.91-56-B-j24-1.27.R", "mode": "rail", "line_name": "RE56"}, {"line_id": "91-56-B-j24-1", "route_id": "363.TA.91-56-B-j24-1.25.R", "mode": "rail", "line_name": "RE56"}, {"line_id": "91-56-B-j24-1", "route_id": "347.TA.91-56-B-j24-1.142.R", "mode": "rail", "line_name": "RE56"}, {"line_id": "91-56-B-j24-1", "route_id": "385.TA.91-56-B-j24-1.26.R", "mode": "rail", "line_name": "RE56"}, {"line_id": "91-56-B-j24-1", "route_id": "133.TA.91-56-B-j24-1.11.H", "mode": "rail", "line_name": "RE56"}, {"line_id": "91-56-B-j24-1", "route_id": "103.TA.91-56-B-j24-1.7.H", "mode": "rail", "line_name": "RE56"}, {"line_id": "91-56-B-j24-1", "route_id": "120.TA.91-56-B-j24-1.10.H", "mode": "rail", "line_name": "RE56"}, {"line_id": "91-56-B-j24-1", "route_id": "204.TA.91-56-B-j24-1.71.H", "mode": "rail", "line_name": "RE56"}, {"line_id": "91-56-B-j24-1", "route_id": "149.TA.91-56-B-j24-1.11.H", "mode": "rail", "line_name": "RE56"}, {"line_id": "91-56-B-j24-1", "route_id": "107.TA.91-56-B-j24-1.8.H", "mode": "rail", "line_name": "RE56"}, {"line_id": "91-56-B-j24-1", "route_id": "227.TA.91-56-B-j24-1.14.H", "mode": "rail", "line_name": "RE56"}], "predominant_mode": "rail", "assigned_canton": "Jura", "modes_list": ["rail"]}, "geometry": {"type": "Point", "coordinates": [7.0166739059929855, 47.49181476292567]}}, {"id": "3645", "type": "Feature", "properties": {"name": "Boncourt, bif. Stand", "lon": 7.016723304250307, "lat": 47.49354159732496, "stop_id": ["8582145.link:792704"], "lines": [{"line_id": "96-128-7-j24-1", "route_id": "10.TA.96-128-7-j24-1.2.H", "mode": "bus", "line_name": "24"}], "predominant_mode": "bus", "assigned_canton": "Jura", "modes_list": ["bus"]}, "geometry": {"type": "Point", "coordinates": [7.016723311050196, 47.49354160792534]}}, {"id": "3646", "type": "Feature", "properties": {"name": "Boncourt, piscine", "lon": 7.010578824335411, "lat": 47.496315367421005, "stop_id": ["8582147.link:1344352"], "lines": [{"line_id": "96-128-7-j24-1", "route_id": "10.TA.96-128-7-j24-1.2.H", "mode": "bus", "line_name": "24"}], "predominant_mode": "bus", "assigned_canton": "Jura", "modes_list": ["bus"]}, "geometry": {"type": "Point", "coordinates": [7.0105788311280355, 47.49631537802371]}}, {"id": "3647", "type": "Feature", "properties": {"name": "Boncourt, poste", "lon": 7.013902594327648, "lat": 47.49596334736901, "stop_id": ["8582146.link:1344344"], "lines": [{"line_id": "96-128-7-j24-1", "route_id": "10.TA.96-128-7-j24-1.2.H", "mode": "bus", "line_name": "24"}], "predominant_mode": "bus", "assigned_canton": "Jura", "modes_list": ["bus"]}, "geometry": {"type": "Point", "coordinates": [7.013902601123915, 47.49596335797083]}}, {"id": "3648", "type": "Feature", "properties": {"name": "Bonfol, gare", "lon": 7.154947073768466, "lat": 47.47422433516143, "stop_id": ["8582183.link:803204", "8582183.link:803205"], "lines": [{"line_id": "92-A01-J-j24-1", "route_id": "61.TA.92-A01-J-j24-1.4.H", "mode": "bus", "line_name": "EV"}, {"line_id": "96-127-2-j24-1", "route_id": "106.TA.96-127-2-j24-1.8.R", "mode": "bus", "line_name": "72"}, {"line_id": "96-128-7-j24-1", "route_id": "17.TA.96-128-7-j24-1.3.R", "mode": "bus", "line_name": "24"}, {"line_id": "92-A01-J-j24-1", "route_id": "34.TA.92-A01-J-j24-1.4.H", "mode": "bus", "line_name": "EV"}, {"line_id": "92-A01-J-j24-1", "route_id": "128.TA.92-A01-J-j24-1.8.R", "mode": "bus", "line_name": "EV"}, {"line_id": "96-127-2-j24-1", "route_id": "55.TA.96-127-2-j24-1.7.H", "mode": "bus", "line_name": "72"}, {"line_id": "92-A01-J-j24-1", "route_id": "116.TA.92-A01-J-j24-1.8.R", "mode": "bus", "line_name": "EV"}], "predominant_mode": "bus", "assigned_canton": "Jura", "modes_list": ["bus"]}, "geometry": {"type": "Point", "coordinates": [7.154947080720562, 47.47422434572304]}}, {"id": "3795", "type": "Feature", "properties": {"name": "Bourrignon, Lotissement", "lon": 7.2489018711462, "lat": 47.392147053691986, "stop_id": ["8572018.link:851215", "8572018.link:851216"], "lines": [{"line_id": "96-120-8-j24-1", "route_id": "504.TA.96-120-8-j24-1.41.R", "mode": "bus", "line_name": "8"}, {"line_id": "96-120-8-j24-1", "route_id": "565.TA.96-120-8-j24-1.50.R", "mode": "bus", "line_name": "8"}, {"line_id": "96-120-8-j24-1", "route_id": "575.TA.96-120-8-j24-1.53.R", "mode": "bus", "line_name": "8"}, {"line_id": "96-120-8-j24-1", "route_id": "573.TA.96-120-8-j24-1.52.R", "mode": "bus", "line_name": "8"}, {"line_id": "96-120-8-j24-1", "route_id": "478.TA.96-120-8-j24-1.38.R", "mode": "bus", "line_name": "8"}, {"line_id": "96-120-8-j24-1", "route_id": "586.TA.96-120-8-j24-1.190.R", "mode": "bus", "line_name": "8"}, {"line_id": "96-120-8-j24-1", "route_id": "397.TA.96-120-8-j24-1.34.R", "mode": "bus", "line_name": "8"}, {"line_id": "96-120-8-j24-1", "route_id": "527.TA.96-120-8-j24-1.44.R", "mode": "bus", "line_name": "8"}, {"line_id": "96-120-8-j24-1", "route_id": "435.TA.96-120-8-j24-1.36.R", "mode": "bus", "line_name": "8"}, {"line_id": "96-120-8-j24-1", "route_id": "576.TA.96-120-8-j24-1.188.R", "mode": "bus", "line_name": "8"}, {"line_id": "96-120-8-j24-1", "route_id": "572.TA.96-120-8-j24-1.51.R", "mode": "bus", "line_name": "8"}, {"line_id": "96-120-8-j24-1", "route_id": "582.TA.96-120-8-j24-1.56.R", "mode": "bus", "line_name": "8"}, {"line_id": "96-120-8-j24-1", "route_id": "585.TA.96-120-8-j24-1.189.R", "mode": "bus", "line_name": "8"}, {"line_id": "96-120-8-j24-1", "route_id": "580.TA.96-120-8-j24-1.188.R", "mode": "bus", "line_name": "8"}, {"line_id": "96-120-8-j24-1", "route_id": "564.TA.96-120-8-j24-1.50.R", "mode": "bus", "line_name": "8"}, {"line_id": "96-120-8-j24-1", "route_id": "442.TA.96-120-8-j24-1.36.R", "mode": "bus", "line_name": "8"}, {"line_id": "96-120-8-j24-1", "route_id": "264.TA.96-120-8-j24-1.25.H", "mode": "bus", "line_name": "8"}, {"line_id": "96-120-8-j24-1", "route_id": "144.TA.96-120-8-j24-1.11.H", "mode": "bus", "line_name": "8"}, {"line_id": "96-120-8-j24-1", "route_id": "187.TA.96-120-8-j24-1.16.H", "mode": "bus", "line_name": "8"}, {"line_id": "96-120-8-j24-1", "route_id": "281.TA.96-120-8-j24-1.27.H", "mode": "bus", "line_name": "8"}, {"line_id": "96-120-8-j24-1", "route_id": "291.TA.96-120-8-j24-1.176.H", "mode": "bus", "line_name": "8"}, {"line_id": "96-120-8-j24-1", "route_id": "101.TA.96-120-8-j24-1.9.H", "mode": "bus", "line_name": "8"}, {"line_id": "96-120-8-j24-1", "route_id": "269.TA.96-120-8-j24-1.175.H", "mode": "bus", "line_name": "8"}, {"line_id": "96-120-8-j24-1", "route_id": "155.TA.96-120-8-j24-1.13.H", "mode": "bus", "line_name": "8"}, {"line_id": "96-120-8-j24-1", "route_id": "156.TA.96-120-8-j24-1.13.H", "mode": "bus", "line_name": "8"}], "predominant_mode": "bus", "assigned_canton": "Jura", "modes_list": ["bus"]}, "geometry": {"type": "Point", "coordinates": [7.248901878218909, 47.392147064204174]}}, {"id": "3796", "type": "Feature", "properties": {"name": "Bourrignon, Pr\u00e9 Poussin", "lon": 7.24565895152089, "lat": 47.40354234374261, "stop_id": ["8580762.link:142744", "8580762.link:142745"], "lines": [{"line_id": "96-120-8-j24-1", "route_id": "504.TA.96-120-8-j24-1.41.R", "mode": "bus", "line_name": "8"}, {"line_id": "96-120-8-j24-1", "route_id": "527.TA.96-120-8-j24-1.44.R", "mode": "bus", "line_name": "8"}, {"line_id": "96-120-8-j24-1", "route_id": "572.TA.96-120-8-j24-1.51.R", "mode": "bus", "line_name": "8"}, {"line_id": "96-120-8-j24-1", "route_id": "582.TA.96-120-8-j24-1.56.R", "mode": "bus", "line_name": "8"}, {"line_id": "96-120-8-j24-1", "route_id": "586.TA.96-120-8-j24-1.190.R", "mode": "bus", "line_name": "8"}, {"line_id": "96-120-8-j24-1", "route_id": "281.TA.96-120-8-j24-1.27.H", "mode": "bus", "line_name": "8"}, {"line_id": "96-120-8-j24-1", "route_id": "291.TA.96-120-8-j24-1.176.H", "mode": "bus", "line_name": "8"}, {"line_id": "96-120-8-j24-1", "route_id": "187.TA.96-120-8-j24-1.16.H", "mode": "bus", "line_name": "8"}], "predominant_mode": "bus", "assigned_canton": "Jura", "modes_list": ["bus"]}, "geometry": {"type": "Point", "coordinates": [7.2456589585872555, 47.40354235425938]}}, {"id": "3797", "type": "Feature", "properties": {"name": "Bourrignon, bif. B\u00fcrgisberg", "lon": 7.267173600858554, "lat": 47.38286604340588, "stop_id": ["8572017.link:807662", "8572017.link:807663"], "lines": [{"line_id": "96-120-8-j24-1", "route_id": "504.TA.96-120-8-j24-1.41.R", "mode": "bus", "line_name": "8"}, {"line_id": "96-120-8-j24-1", "route_id": "565.TA.96-120-8-j24-1.50.R", "mode": "bus", "line_name": "8"}, {"line_id": "96-120-8-j24-1", "route_id": "575.TA.96-120-8-j24-1.53.R", "mode": "bus", "line_name": "8"}, {"line_id": "96-120-8-j24-1", "route_id": "573.TA.96-120-8-j24-1.52.R", "mode": "bus", "line_name": "8"}, {"line_id": "96-120-8-j24-1", "route_id": "478.TA.96-120-8-j24-1.38.R", "mode": "bus", "line_name": "8"}, {"line_id": "96-120-8-j24-1", "route_id": "586.TA.96-120-8-j24-1.190.R", "mode": "bus", "line_name": "8"}, {"line_id": "96-120-8-j24-1", "route_id": "397.TA.96-120-8-j24-1.34.R", "mode": "bus", "line_name": "8"}, {"line_id": "96-120-8-j24-1", "route_id": "527.TA.96-120-8-j24-1.44.R", "mode": "bus", "line_name": "8"}, {"line_id": "96-120-8-j24-1", "route_id": "435.TA.96-120-8-j24-1.36.R", "mode": "bus", "line_name": "8"}, {"line_id": "96-120-8-j24-1", "route_id": "576.TA.96-120-8-j24-1.188.R", "mode": "bus", "line_name": "8"}, {"line_id": "96-120-8-j24-1", "route_id": "572.TA.96-120-8-j24-1.51.R", "mode": "bus", "line_name": "8"}, {"line_id": "96-120-8-j24-1", "route_id": "582.TA.96-120-8-j24-1.56.R", "mode": "bus", "line_name": "8"}, {"line_id": "96-120-8-j24-1", "route_id": "585.TA.96-120-8-j24-1.189.R", "mode": "bus", "line_name": "8"}, {"line_id": "96-120-8-j24-1", "route_id": "580.TA.96-120-8-j24-1.188.R", "mode": "bus", "line_name": "8"}, {"line_id": "96-120-8-j24-1", "route_id": "564.TA.96-120-8-j24-1.50.R", "mode": "bus", "line_name": "8"}, {"line_id": "96-120-8-j24-1", "route_id": "442.TA.96-120-8-j24-1.36.R", "mode": "bus", "line_name": "8"}, {"line_id": "96-120-8-j24-1", "route_id": "264.TA.96-120-8-j24-1.25.H", "mode": "bus", "line_name": "8"}, {"line_id": "96-120-8-j24-1", "route_id": "144.TA.96-120-8-j24-1.11.H", "mode": "bus", "line_name": "8"}, {"line_id": "96-120-8-j24-1", "route_id": "187.TA.96-120-8-j24-1.16.H", "mode": "bus", "line_name": "8"}, {"line_id": "96-120-8-j24-1", "route_id": "281.TA.96-120-8-j24-1.27.H", "mode": "bus", "line_name": "8"}, {"line_id": "96-120-8-j24-1", "route_id": "291.TA.96-120-8-j24-1.176.H", "mode": "bus", "line_name": "8"}, {"line_id": "96-120-8-j24-1", "route_id": "101.TA.96-120-8-j24-1.9.H", "mode": "bus", "line_name": "8"}, {"line_id": "96-120-8-j24-1", "route_id": "269.TA.96-120-8-j24-1.175.H", "mode": "bus", "line_name": "8"}, {"line_id": "96-120-8-j24-1", "route_id": "155.TA.96-120-8-j24-1.13.H", "mode": "bus", "line_name": "8"}, {"line_id": "96-120-8-j24-1", "route_id": "156.TA.96-120-8-j24-1.13.H", "mode": "bus", "line_name": "8"}], "predominant_mode": "bus", "assigned_canton": "Jura", "modes_list": ["bus"]}, "geometry": {"type": "Point", "coordinates": [7.2671736079529925, 47.38286605391057]}}, {"id": "3798", "type": "Feature", "properties": {"name": "Bourrignon, haut du village", "lon": 7.245057081231734, "lat": 47.3948532037522, "stop_id": ["8580764.link:851207", "8580764.link:851208"], "lines": [{"line_id": "96-120-8-j24-1", "route_id": "504.TA.96-120-8-j24-1.41.R", "mode": "bus", "line_name": "8"}, {"line_id": "96-120-8-j24-1", "route_id": "565.TA.96-120-8-j24-1.50.R", "mode": "bus", "line_name": "8"}, {"line_id": "96-120-8-j24-1", "route_id": "575.TA.96-120-8-j24-1.53.R", "mode": "bus", "line_name": "8"}, {"line_id": "96-120-8-j24-1", "route_id": "573.TA.96-120-8-j24-1.52.R", "mode": "bus", "line_name": "8"}, {"line_id": "96-120-8-j24-1", "route_id": "478.TA.96-120-8-j24-1.38.R", "mode": "bus", "line_name": "8"}, {"line_id": "96-120-8-j24-1", "route_id": "586.TA.96-120-8-j24-1.190.R", "mode": "bus", "line_name": "8"}, {"line_id": "96-120-8-j24-1", "route_id": "397.TA.96-120-8-j24-1.34.R", "mode": "bus", "line_name": "8"}, {"line_id": "96-120-8-j24-1", "route_id": "527.TA.96-120-8-j24-1.44.R", "mode": "bus", "line_name": "8"}, {"line_id": "96-120-8-j24-1", "route_id": "435.TA.96-120-8-j24-1.36.R", "mode": "bus", "line_name": "8"}, {"line_id": "96-120-8-j24-1", "route_id": "576.TA.96-120-8-j24-1.188.R", "mode": "bus", "line_name": "8"}, {"line_id": "96-120-8-j24-1", "route_id": "572.TA.96-120-8-j24-1.51.R", "mode": "bus", "line_name": "8"}, {"line_id": "96-120-8-j24-1", "route_id": "582.TA.96-120-8-j24-1.56.R", "mode": "bus", "line_name": "8"}, {"line_id": "96-120-8-j24-1", "route_id": "585.TA.96-120-8-j24-1.189.R", "mode": "bus", "line_name": "8"}, {"line_id": "96-120-8-j24-1", "route_id": "580.TA.96-120-8-j24-1.188.R", "mode": "bus", "line_name": "8"}, {"line_id": "96-120-8-j24-1", "route_id": "564.TA.96-120-8-j24-1.50.R", "mode": "bus", "line_name": "8"}, {"line_id": "96-120-8-j24-1", "route_id": "442.TA.96-120-8-j24-1.36.R", "mode": "bus", "line_name": "8"}, {"line_id": "96-120-8-j24-1", "route_id": "264.TA.96-120-8-j24-1.25.H", "mode": "bus", "line_name": "8"}, {"line_id": "96-120-8-j24-1", "route_id": "144.TA.96-120-8-j24-1.11.H", "mode": "bus", "line_name": "8"}, {"line_id": "96-120-8-j24-1", "route_id": "187.TA.96-120-8-j24-1.16.H", "mode": "bus", "line_name": "8"}, {"line_id": "96-120-8-j24-1", "route_id": "281.TA.96-120-8-j24-1.27.H", "mode": "bus", "line_name": "8"}, {"line_id": "96-120-8-j24-1", "route_id": "291.TA.96-120-8-j24-1.176.H", "mode": "bus", "line_name": "8"}, {"line_id": "96-120-8-j24-1", "route_id": "101.TA.96-120-8-j24-1.9.H", "mode": "bus", "line_name": "8"}, {"line_id": "96-120-8-j24-1", "route_id": "269.TA.96-120-8-j24-1.175.H", "mode": "bus", "line_name": "8"}, {"line_id": "96-120-8-j24-1", "route_id": "155.TA.96-120-8-j24-1.13.H", "mode": "bus", "line_name": "8"}, {"line_id": "96-120-8-j24-1", "route_id": "156.TA.96-120-8-j24-1.13.H", "mode": "bus", "line_name": "8"}], "predominant_mode": "bus", "assigned_canton": "Jura", "modes_list": ["bus"]}, "geometry": {"type": "Point", "coordinates": [7.245057088299686, 47.3948532142662]}}, {"id": "3799", "type": "Feature", "properties": {"name": "Bourrignon, poste", "lon": 7.244365381312101, "lat": 47.39729773376295, "stop_id": ["8572019.link:1660060", "8572019.link:1660061"], "lines": [{"line_id": "96-120-8-j24-1", "route_id": "504.TA.96-120-8-j24-1.41.R", "mode": "bus", "line_name": "8"}, {"line_id": "96-120-8-j24-1", "route_id": "565.TA.96-120-8-j24-1.50.R", "mode": "bus", "line_name": "8"}, {"line_id": "96-120-8-j24-1", "route_id": "575.TA.96-120-8-j24-1.53.R", "mode": "bus", "line_name": "8"}, {"line_id": "96-120-8-j24-1", "route_id": "573.TA.96-120-8-j24-1.52.R", "mode": "bus", "line_name": "8"}, {"line_id": "96-120-8-j24-1", "route_id": "478.TA.96-120-8-j24-1.38.R", "mode": "bus", "line_name": "8"}, {"line_id": "96-120-8-j24-1", "route_id": "586.TA.96-120-8-j24-1.190.R", "mode": "bus", "line_name": "8"}, {"line_id": "96-120-8-j24-1", "route_id": "397.TA.96-120-8-j24-1.34.R", "mode": "bus", "line_name": "8"}, {"line_id": "96-120-8-j24-1", "route_id": "527.TA.96-120-8-j24-1.44.R", "mode": "bus", "line_name": "8"}, {"line_id": "96-120-8-j24-1", "route_id": "435.TA.96-120-8-j24-1.36.R", "mode": "bus", "line_name": "8"}, {"line_id": "96-120-8-j24-1", "route_id": "576.TA.96-120-8-j24-1.188.R", "mode": "bus", "line_name": "8"}, {"line_id": "96-120-8-j24-1", "route_id": "572.TA.96-120-8-j24-1.51.R", "mode": "bus", "line_name": "8"}, {"line_id": "96-120-8-j24-1", "route_id": "582.TA.96-120-8-j24-1.56.R", "mode": "bus", "line_name": "8"}, {"line_id": "96-120-8-j24-1", "route_id": "585.TA.96-120-8-j24-1.189.R", "mode": "bus", "line_name": "8"}, {"line_id": "96-120-8-j24-1", "route_id": "580.TA.96-120-8-j24-1.188.R", "mode": "bus", "line_name": "8"}, {"line_id": "96-120-8-j24-1", "route_id": "564.TA.96-120-8-j24-1.50.R", "mode": "bus", "line_name": "8"}, {"line_id": "96-120-8-j24-1", "route_id": "442.TA.96-120-8-j24-1.36.R", "mode": "bus", "line_name": "8"}, {"line_id": "96-120-8-j24-1", "route_id": "264.TA.96-120-8-j24-1.25.H", "mode": "bus", "line_name": "8"}, {"line_id": "96-120-8-j24-1", "route_id": "144.TA.96-120-8-j24-1.11.H", "mode": "bus", "line_name": "8"}, {"line_id": "96-120-8-j24-1", "route_id": "187.TA.96-120-8-j24-1.16.H", "mode": "bus", "line_name": "8"}, {"line_id": "96-120-8-j24-1", "route_id": "281.TA.96-120-8-j24-1.27.H", "mode": "bus", "line_name": "8"}, {"line_id": "96-120-8-j24-1", "route_id": "291.TA.96-120-8-j24-1.176.H", "mode": "bus", "line_name": "8"}, {"line_id": "96-120-8-j24-1", "route_id": "101.TA.96-120-8-j24-1.9.H", "mode": "bus", "line_name": "8"}, {"line_id": "96-120-8-j24-1", "route_id": "269.TA.96-120-8-j24-1.175.H", "mode": "bus", "line_name": "8"}, {"line_id": "96-120-8-j24-1", "route_id": "155.TA.96-120-8-j24-1.13.H", "mode": "bus", "line_name": "8"}, {"line_id": "96-120-8-j24-1", "route_id": "156.TA.96-120-8-j24-1.13.H", "mode": "bus", "line_name": "8"}], "predominant_mode": "bus", "assigned_canton": "Jura", "modes_list": ["bus"]}, "geometry": {"type": "Point", "coordinates": [7.244365388378693, 47.39729774427799]}}, {"id": "3821", "type": "Feature", "properties": {"name": "Bo\u00e9court, Chez le Minet", "lon": 7.21339145958689, "lat": 47.34632823424853, "stop_id": ["8582084.link:987279"], "lines": [{"line_id": "96-128-0-j24-1", "route_id": "9.TA.96-128-0-j24-1.4.R", "mode": "bus", "line_name": "N10"}, {"line_id": "96-128-0-j24-1", "route_id": "6.TA.96-128-0-j24-1.2.H", "mode": "bus", "line_name": "N10"}, {"line_id": "96-128-0-j24-1", "route_id": "13.TA.96-128-0-j24-1.4.R", "mode": "bus", "line_name": "N10"}, {"line_id": "96-128-0-j24-1", "route_id": "8.TA.96-128-0-j24-1.2.H", "mode": "bus", "line_name": "N10"}], "predominant_mode": "bus", "assigned_canton": "Jura", "modes_list": ["bus"]}, "geometry": {"type": "Point", "coordinates": [7.213391466633509, 47.34632824475383]}}, {"id": "3822", "type": "Feature", "properties": {"name": "Bo\u00e9court, Ch\u00eanois", "lon": 7.214720969748307, "lat": 47.351154744227664, "stop_id": ["8505036.link:470296"], "lines": [{"line_id": "96-125-1-j24-1", "route_id": "12.TA.96-125-1-j24-1.1.H", "mode": "bus", "line_name": "51"}], "predominant_mode": "bus", "assigned_canton": "Jura", "modes_list": ["bus"]}, "geometry": {"type": "Point", "coordinates": [7.214720976795125, 47.351154754734274]}}, {"id": "3823", "type": "Feature", "properties": {"name": "Bo\u00e9court, Dos l'Essert", "lon": 7.212726709718047, "lat": 47.35030876425894, "stop_id": ["8505034.link:1636265"], "lines": [{"line_id": "96-125-1-j24-1", "route_id": "12.TA.96-125-1-j24-1.1.H", "mode": "bus", "line_name": "51"}], "predominant_mode": "bus", "assigned_canton": "Jura", "modes_list": ["bus"]}, "geometry": {"type": "Point", "coordinates": [7.212726716762961, 47.35030877476573]}}, {"id": "3824", "type": "Feature", "properties": {"name": "Bo\u00e9court, La Monte", "lon": 7.2153497897157575, "lat": 47.35015052421783, "stop_id": ["8572023.link:470392", "8572023.link:470393"], "lines": [{"line_id": "96-125-1-j24-1", "route_id": "16.TA.96-125-1-j24-1.2.H", "mode": "bus", "line_name": "51"}, {"line_id": "96-125-1-j24-1", "route_id": "60.TA.96-125-1-j24-1.4.R", "mode": "bus", "line_name": "51"}, {"line_id": "96-125-1-j24-1", "route_id": "36.TA.96-125-1-j24-1.3.R", "mode": "bus", "line_name": "51"}], "predominant_mode": "bus", "assigned_canton": "Jura", "modes_list": ["bus"]}, "geometry": {"type": "Point", "coordinates": [7.2153497967634985, 47.35015053472392]}}, {"id": "3825", "type": "Feature", "properties": {"name": "Bo\u00e9court, Les Esserts", "lon": 7.22118883954545, "lat": 47.34481262412637, "stop_id": ["8510479.link:1613746", "8510479.link:1613747"], "lines": [{"line_id": "96-125-1-j24-1", "route_id": "16.TA.96-125-1-j24-1.2.H", "mode": "bus", "line_name": "51"}, {"line_id": "96-125-1-j24-1", "route_id": "12.TA.96-125-1-j24-1.1.H", "mode": "bus", "line_name": "51"}, {"line_id": "96-125-1-j24-1", "route_id": "60.TA.96-125-1-j24-1.4.R", "mode": "bus", "line_name": "51"}, {"line_id": "96-125-1-j24-1", "route_id": "36.TA.96-125-1-j24-1.3.R", "mode": "bus", "line_name": "51"}], "predominant_mode": "bus", "assigned_canton": "Jura", "modes_list": ["bus"]}, "geometry": {"type": "Point", "coordinates": [7.2211888466007474, 47.344812634629285]}}, {"id": "3826", "type": "Feature", "properties": {"name": "Bo\u00e9court, P\u00e2querettes", "lon": 7.212960269796542, "lat": 47.352670164255244, "stop_id": ["8505035.link:470294"], "lines": [{"line_id": "96-125-1-j24-1", "route_id": "12.TA.96-125-1-j24-1.1.H", "mode": "bus", "line_name": "51"}], "predominant_mode": "bus", "assigned_canton": "Jura", "modes_list": ["bus"]}, "geometry": {"type": "Point", "coordinates": [7.212960276841108, 47.35267017476278]}}, {"id": "3827", "type": "Feature", "properties": {"name": "Bo\u00e9court, bureau communal", "lon": 7.214388589658411, "lat": 47.34845243423289, "stop_id": ["8500659.link:597391", "8500659.link:597392"], "lines": [{"line_id": "96-125-1-j24-1", "route_id": "16.TA.96-125-1-j24-1.2.H", "mode": "bus", "line_name": "51"}, {"line_id": "96-125-1-j24-1", "route_id": "60.TA.96-125-1-j24-1.4.R", "mode": "bus", "line_name": "51"}, {"line_id": "96-125-1-j24-1", "route_id": "36.TA.96-125-1-j24-1.3.R", "mode": "bus", "line_name": "51"}], "predominant_mode": "bus", "assigned_canton": "Jura", "modes_list": ["bus"]}, "geometry": {"type": "Point", "coordinates": [7.214388596705561, 47.34845244473867]}}, {"id": "3828", "type": "Feature", "properties": {"name": "Bo\u00e9court, coll\u00e8ge", "lon": 7.217164389804334, "lat": 47.352761454189405, "stop_id": ["8572024.link:1847553", "8572024.link:1847554", "8572024.link:470346", "8572024.link:470347"], "lines": [{"line_id": "96-125-1-j24-1", "route_id": "12.TA.96-125-1-j24-1.1.H", "mode": "bus", "line_name": "51"}, {"line_id": "96-125-1-j24-1", "route_id": "36.TA.96-125-1-j24-1.3.R", "mode": "bus", "line_name": "51"}, {"line_id": "96-125-1-j24-1", "route_id": "16.TA.96-125-1-j24-1.2.H", "mode": "bus", "line_name": "51"}, {"line_id": "96-125-1-j24-1", "route_id": "60.TA.96-125-1-j24-1.4.R", "mode": "bus", "line_name": "51"}], "predominant_mode": "bus", "assigned_canton": "Jura", "modes_list": ["bus"]}, "geometry": {"type": "Point", "coordinates": [7.21716439685335, 47.352761464696]}}, {"id": "3936", "type": "Feature", "properties": {"name": "Bressaucourt, Les Brussattes", "lon": 7.0338272206948735, "lat": 47.38602274706004, "stop_id": ["8572081.link:574838", "8572081.link:574839"], "lines": [{"line_id": "96-127-4-j24-1", "route_id": "11.TA.96-127-4-j24-1.1.H", "mode": "bus", "line_name": "74"}, {"line_id": "96-127-4-j24-1", "route_id": "39.TA.96-127-4-j24-1.2.R", "mode": "bus", "line_name": "74"}], "predominant_mode": "bus", "assigned_canton": "Jura", "modes_list": ["bus"]}, "geometry": {"type": "Point", "coordinates": [7.0338272275397165, 47.3860227576211]}}, {"id": "3937", "type": "Feature", "properties": {"name": "Bressaucourt, bas du village", "lon": 7.041489850787553, "lat": 47.38854066694002, "stop_id": ["8572079.link:819715", "8572079.link:819716"], "lines": [{"line_id": "96-127-4-j24-1", "route_id": "11.TA.96-127-4-j24-1.1.H", "mode": "bus", "line_name": "74"}, {"line_id": "96-127-4-j24-1", "route_id": "39.TA.96-127-4-j24-1.2.R", "mode": "bus", "line_name": "74"}], "predominant_mode": "bus", "assigned_canton": "Jura", "modes_list": ["bus"]}, "geometry": {"type": "Point", "coordinates": [7.041489857639998, 47.38854067750017]}}, {"id": "3938", "type": "Feature", "properties": {"name": "Bressaucourt, poste", "lon": 7.0363155607428585, "lat": 47.38737903702109, "stop_id": ["8572080.link:891661", "8572080.link:891662"], "lines": [{"line_id": "96-127-4-j24-1", "route_id": "11.TA.96-127-4-j24-1.1.H", "mode": "bus", "line_name": "74"}, {"line_id": "96-127-4-j24-1", "route_id": "39.TA.96-127-4-j24-1.2.R", "mode": "bus", "line_name": "74"}], "predominant_mode": "bus", "assigned_canton": "Jura", "modes_list": ["bus"]}, "geometry": {"type": "Point", "coordinates": [7.03631556759004, 47.38737904758206]}}, {"id": "4380", "type": "Feature", "properties": {"name": "Buix", "lon": 7.030907703766256, "lat": 47.47850485710349, "stop_id": ["8500144:0:1.link:936193", "8500144:0:1.link:936194"], "lines": [{"line_id": "91-56-B-j24-1", "route_id": "133.TA.91-56-B-j24-1.11.H", "mode": "rail", "line_name": "RE56"}, {"line_id": "91-56-B-j24-1", "route_id": "103.TA.91-56-B-j24-1.7.H", "mode": "rail", "line_name": "RE56"}, {"line_id": "91-56-B-j24-1", "route_id": "120.TA.91-56-B-j24-1.10.H", "mode": "rail", "line_name": "RE56"}, {"line_id": "91-56-B-j24-1", "route_id": "8.TA.91-56-B-j24-1.2.H", "mode": "rail", "line_name": "RE56"}, {"line_id": "91-56-B-j24-1", "route_id": "204.TA.91-56-B-j24-1.71.H", "mode": "rail", "line_name": "RE56"}, {"line_id": "91-56-B-j24-1", "route_id": "149.TA.91-56-B-j24-1.11.H", "mode": "rail", "line_name": "RE56"}, {"line_id": "91-56-B-j24-1", "route_id": "107.TA.91-56-B-j24-1.8.H", "mode": "rail", "line_name": "RE56"}, {"line_id": "91-56-B-j24-1", "route_id": "227.TA.91-56-B-j24-1.14.H", "mode": "rail", "line_name": "RE56"}, {"line_id": "91-56-B-j24-1", "route_id": "248.TA.91-56-B-j24-1.17.R", "mode": "rail", "line_name": "RE56"}, {"line_id": "91-56-B-j24-1", "route_id": "361.TA.91-56-B-j24-1.25.R", "mode": "rail", "line_name": "RE56"}, {"line_id": "91-56-B-j24-1", "route_id": "451.TA.91-56-B-j24-1.27.R", "mode": "rail", "line_name": "RE56"}, {"line_id": "91-56-B-j24-1", "route_id": "363.TA.91-56-B-j24-1.25.R", "mode": "rail", "line_name": "RE56"}, {"line_id": "91-56-B-j24-1", "route_id": "347.TA.91-56-B-j24-1.142.R", "mode": "rail", "line_name": "RE56"}, {"line_id": "91-56-B-j24-1", "route_id": "385.TA.91-56-B-j24-1.26.R", "mode": "rail", "line_name": "RE56"}], "predominant_mode": "rail", "assigned_canton": "Jura", "modes_list": ["rail"]}, "geometry": {"type": "Point", "coordinates": [7.030907710585073, 47.47850486769575]}}, {"id": "4381", "type": "Feature", "properties": {"name": "Buix, village", "lon": 7.0307190538356, "lat": 47.48059338710641, "stop_id": ["8580738.link:1693428"], "lines": [{"line_id": "96-128-7-j24-1", "route_id": "10.TA.96-128-7-j24-1.2.H", "mode": "bus", "line_name": "24"}], "predominant_mode": "bus", "assigned_canton": "Jura", "modes_list": ["bus"]}, "geometry": {"type": "Point", "coordinates": [7.03071906065369, 47.48059339769937]}}, {"id": "4436", "type": "Feature", "properties": {"name": "Bure, Buratte", "lon": 7.008961852638537, "lat": 47.44541130744814, "stop_id": ["8572050.link:1415247", "8572050.link:1415248"], "lines": [{"line_id": "96-127-1-j24-1", "route_id": "52.TA.96-127-1-j24-1.7.R", "mode": "bus", "line_name": "71"}, {"line_id": "96-127-1-j24-1", "route_id": "24.TA.96-127-1-j24-1.3.H", "mode": "bus", "line_name": "71"}, {"line_id": "96-127-1-j24-1", "route_id": "52.TA.96-127-1-j24-1.7.R", "mode": "bus", "line_name": "71"}, {"line_id": "96-127-1-j24-1", "route_id": "24.TA.96-127-1-j24-1.3.H", "mode": "bus", "line_name": "71"}], "predominant_mode": "bus", "assigned_canton": "Jura", "modes_list": ["bus"]}, "geometry": {"type": "Point", "coordinates": [7.008961859442064, 47.44541131803475]}}, {"id": "4437", "type": "Feature", "properties": {"name": "Bure, Casernes", "lon": 7.0107764528676935, "lat": 47.452233357419594, "stop_id": ["8583303.link:711725"], "lines": [{"line_id": "96-127-1-j24-1", "route_id": "52.TA.96-127-1-j24-1.7.R", "mode": "bus", "line_name": "71"}, {"line_id": "96-127-1-j24-1", "route_id": "24.TA.96-127-1-j24-1.3.H", "mode": "bus", "line_name": "71"}], "predominant_mode": "bus", "assigned_canton": "Jura", "modes_list": ["bus"]}, "geometry": {"type": "Point", "coordinates": [7.010776459671478, 47.45223336800802]}}, {"id": "4438", "type": "Feature", "properties": {"name": "Bure, Mairie", "lon": 7.006266912494043, "lat": 47.44116454749047, "stop_id": ["8583304.link:994402", "8583304.link:994403"], "lines": [{"line_id": "96-127-1-j24-1", "route_id": "24.TA.96-127-1-j24-1.3.H", "mode": "bus", "line_name": "71"}, {"line_id": "96-127-1-j24-1", "route_id": "52.TA.96-127-1-j24-1.7.R", "mode": "bus", "line_name": "71"}], "predominant_mode": "bus", "assigned_canton": "Jura", "modes_list": ["bus"]}, "geometry": {"type": "Point", "coordinates": [7.006266919295728, 47.4411645580763]}}, {"id": "4439", "type": "Feature", "properties": {"name": "Bure, haut du village", "lon": 7.008386932385657, "lat": 47.43782885745737, "stop_id": ["8572048.link:994394", "8572048.link:994395"], "lines": [{"line_id": "96-127-1-j24-1", "route_id": "24.TA.96-127-1-j24-1.3.H", "mode": "bus", "line_name": "71"}, {"line_id": "96-127-1-j24-1", "route_id": "52.TA.96-127-1-j24-1.7.R", "mode": "bus", "line_name": "71"}], "predominant_mode": "bus", "assigned_canton": "Jura", "modes_list": ["bus"]}, "geometry": {"type": "Point", "coordinates": [7.008386939190442, 47.437828868041606]}}, {"id": "5348", "type": "Feature", "properties": {"name": "Charmoille, Pr\u00e8s de l'Epine", "lon": 7.199755042032669, "lat": 47.420503004461274, "stop_id": ["8583257.link:1693202", "8583257.link:1693203"], "lines": [{"line_id": "96-127-7-j24-1", "route_id": "17.TA.96-127-7-j24-1.9.H", "mode": "bus", "line_name": "77"}, {"line_id": "96-127-6-j24-1", "route_id": "28.TA.96-127-6-j24-1.1.H", "mode": "bus", "line_name": "76"}, {"line_id": "96-127-6-j24-1", "route_id": "47.TA.96-127-6-j24-1.2.R", "mode": "bus", "line_name": "76"}, {"line_id": "96-127-7-j24-1", "route_id": "76.TA.96-127-7-j24-1.11.R", "mode": "bus", "line_name": "77"}], "predominant_mode": "bus", "assigned_canton": "Jura", "modes_list": ["bus"]}, "geometry": {"type": "Point", "coordinates": [7.199755049046019, 47.420503014994665]}}, {"id": "5349", "type": "Feature", "properties": {"name": "Charmoille, anc. poste", "lon": 7.203905252101769, "lat": 47.4224418943962, "stop_id": ["8572099.link:929454", "8572099.link:929455"], "lines": [{"line_id": "96-127-7-j24-1", "route_id": "17.TA.96-127-7-j24-1.9.H", "mode": "bus", "line_name": "77"}, {"line_id": "96-127-6-j24-1", "route_id": "28.TA.96-127-6-j24-1.1.H", "mode": "bus", "line_name": "76"}, {"line_id": "96-127-6-j24-1", "route_id": "47.TA.96-127-6-j24-1.2.R", "mode": "bus", "line_name": "76"}, {"line_id": "96-127-7-j24-1", "route_id": "76.TA.96-127-7-j24-1.11.R", "mode": "bus", "line_name": "77"}], "predominant_mode": "bus", "assigned_canton": "Jura", "modes_list": ["bus"]}, "geometry": {"type": "Point", "coordinates": [7.203905259119034, 47.42244190492924]}}, {"id": "5350", "type": "Feature", "properties": {"name": "Charmoille, douane", "lon": 7.219976122183115, "lat": 47.42434423414445, "stop_id": ["8572101.link:1158177", "8572101.link:1158178", "8572101.link:915110", "8572101.link:915112", "8572101.link:915113"], "lines": [{"line_id": "96-127-7-j24-1", "route_id": "17.TA.96-127-7-j24-1.9.H", "mode": "bus", "line_name": "77"}, {"line_id": "96-127-6-j24-1", "route_id": "28.TA.96-127-6-j24-1.1.H", "mode": "bus", "line_name": "76"}, {"line_id": "96-127-6-j24-1", "route_id": "47.TA.96-127-6-j24-1.2.R", "mode": "bus", "line_name": "76"}, {"line_id": "96-127-7-j24-1", "route_id": "76.TA.96-127-7-j24-1.11.R", "mode": "bus", "line_name": "77"}, {"line_id": "96-120-8-j24-1", "route_id": "187.TA.96-120-8-j24-1.16.H", "mode": "bus", "line_name": "8"}, {"line_id": "96-120-8-j24-1", "route_id": "527.TA.96-120-8-j24-1.44.R", "mode": "bus", "line_name": "8"}, {"line_id": "96-120-8-j24-1", "route_id": "504.TA.96-120-8-j24-1.41.R", "mode": "bus", "line_name": "8"}, {"line_id": "96-120-8-j24-1", "route_id": "586.TA.96-120-8-j24-1.190.R", "mode": "bus", "line_name": "8"}, {"line_id": "96-120-8-j24-1", "route_id": "582.TA.96-120-8-j24-1.56.R", "mode": "bus", "line_name": "8"}, {"line_id": "96-120-8-j24-1", "route_id": "572.TA.96-120-8-j24-1.51.R", "mode": "bus", "line_name": "8"}, {"line_id": "96-120-8-j24-1", "route_id": "281.TA.96-120-8-j24-1.27.H", "mode": "bus", "line_name": "8"}, {"line_id": "96-120-8-j24-1", "route_id": "291.TA.96-120-8-j24-1.176.H", "mode": "bus", "line_name": "8"}], "predominant_mode": "bus", "assigned_canton": "Jura", "modes_list": ["bus"]}, "geometry": {"type": "Point", "coordinates": [7.219976129216944, 47.424344244674245]}}, {"id": "5351", "type": "Feature", "properties": {"name": "Charmoille, place de l'\u00e9cole", "lon": 7.207426652143733, "lat": 47.423584524341, "stop_id": ["8583347.link:915154", "8583347.link:915155"], "lines": [{"line_id": "96-127-7-j24-1", "route_id": "17.TA.96-127-7-j24-1.9.H", "mode": "bus", "line_name": "77"}, {"line_id": "96-127-6-j24-1", "route_id": "28.TA.96-127-6-j24-1.1.H", "mode": "bus", "line_name": "76"}, {"line_id": "96-127-6-j24-1", "route_id": "47.TA.96-127-6-j24-1.2.R", "mode": "bus", "line_name": "76"}, {"line_id": "96-127-7-j24-1", "route_id": "76.TA.96-127-7-j24-1.11.R", "mode": "bus", "line_name": "77"}], "predominant_mode": "bus", "assigned_canton": "Jura", "modes_list": ["bus"]}, "geometry": {"type": "Point", "coordinates": [7.207426659164443, 47.42358453487355]}}, {"id": "5352", "type": "Feature", "properties": {"name": "Charmoille, village", "lon": 7.210651602148771, "lat": 47.423627064290514, "stop_id": ["8572100.link:915160", "8572100.link:915161"], "lines": [{"line_id": "96-127-7-j24-1", "route_id": "17.TA.96-127-7-j24-1.9.H", "mode": "bus", "line_name": "77"}, {"line_id": "96-127-6-j24-1", "route_id": "28.TA.96-127-6-j24-1.1.H", "mode": "bus", "line_name": "76"}, {"line_id": "96-127-6-j24-1", "route_id": "47.TA.96-127-6-j24-1.2.R", "mode": "bus", "line_name": "76"}, {"line_id": "96-127-7-j24-1", "route_id": "76.TA.96-127-7-j24-1.11.R", "mode": "bus", "line_name": "77"}], "predominant_mode": "bus", "assigned_canton": "Jura", "modes_list": ["bus"]}, "geometry": {"type": "Point", "coordinates": [7.210651609172889, 47.42362707482235]}}, {"id": "5454", "type": "Feature", "properties": {"name": "Chevenez, Les Moissons", "lon": 7.003661791000583, "lat": 47.39631872753216, "stop_id": ["8583566.link:1138817", "8583566.link:1138818"], "lines": [{"line_id": "96-127-3-j24-1", "route_id": "142.TA.96-127-3-j24-1.4.R", "mode": "bus", "line_name": "73"}, {"line_id": "96-127-3-j24-1", "route_id": "23.TA.96-127-3-j24-1.1.H", "mode": "bus", "line_name": "73"}, {"line_id": "96-127-3-j24-1", "route_id": "45.TA.96-127-3-j24-1.1.H", "mode": "bus", "line_name": "73"}, {"line_id": "96-127-3-j24-1", "route_id": "70.TA.96-127-3-j24-1.2.H", "mode": "bus", "line_name": "73"}], "predominant_mode": "bus", "assigned_canton": "Jura", "modes_list": ["bus"]}, "geometry": {"type": "Point", "coordinates": [7.0036617978105, 47.396318738103744]}}, {"id": "5455", "type": "Feature", "properties": {"name": "Chevenez, Pal\u00e9o Jura", "lon": 7.020613001147507, "lat": 47.400131317266755, "stop_id": ["8583565.link:428889"], "lines": [{"line_id": "96-127-3-j24-1", "route_id": "23.TA.96-127-3-j24-1.1.H", "mode": "bus", "line_name": "73"}, {"line_id": "96-127-3-j24-1", "route_id": "45.TA.96-127-3-j24-1.1.H", "mode": "bus", "line_name": "73"}, {"line_id": "96-127-3-j24-1", "route_id": "142.TA.96-127-3-j24-1.4.R", "mode": "bus", "line_name": "73"}, {"line_id": "96-127-3-j24-1", "route_id": "70.TA.96-127-3-j24-1.2.H", "mode": "bus", "line_name": "73"}], "predominant_mode": "bus", "assigned_canton": "Jura", "modes_list": ["bus"]}, "geometry": {"type": "Point", "coordinates": [7.020613007974694, 47.400131327835666]}}, {"id": "5456", "type": "Feature", "properties": {"name": "Chevenez, St-Maurice", "lon": 6.996457310823518, "lat": 47.391247007644985, "stop_id": ["8572059.link:1126050", "8572059.link:1126051"], "lines": [{"line_id": "96-127-3-j24-1", "route_id": "142.TA.96-127-3-j24-1.4.R", "mode": "bus", "line_name": "73"}, {"line_id": "96-127-3-j24-1", "route_id": "23.TA.96-127-3-j24-1.1.H", "mode": "bus", "line_name": "73"}, {"line_id": "96-127-3-j24-1", "route_id": "45.TA.96-127-3-j24-1.1.H", "mode": "bus", "line_name": "73"}, {"line_id": "96-127-3-j24-1", "route_id": "70.TA.96-127-3-j24-1.2.H", "mode": "bus", "line_name": "73"}], "predominant_mode": "bus", "assigned_canton": "Jura", "modes_list": ["bus"]}, "geometry": {"type": "Point", "coordinates": [6.996457317626932, 47.39124701821653]}}, {"id": "5457", "type": "Feature", "properties": {"name": "Chevenez, place la Grangette", "lon": 7.000068530869051, "lat": 47.39248761758845, "stop_id": ["8583305.link:1661171", "8583305.link:1661172"], "lines": [{"line_id": "96-127-3-j24-1", "route_id": "142.TA.96-127-3-j24-1.4.R", "mode": "bus", "line_name": "73"}, {"line_id": "96-127-3-j24-1", "route_id": "23.TA.96-127-3-j24-1.1.H", "mode": "bus", "line_name": "73"}, {"line_id": "96-127-3-j24-1", "route_id": "45.TA.96-127-3-j24-1.1.H", "mode": "bus", "line_name": "73"}, {"line_id": "96-127-3-j24-1", "route_id": "70.TA.96-127-3-j24-1.2.H", "mode": "bus", "line_name": "73"}], "predominant_mode": "bus", "assigned_canton": "Jura", "modes_list": ["bus"]}, "geometry": {"type": "Point", "coordinates": [7.000068537676048, 47.39248762815957]}}, {"id": "5473", "type": "Feature", "properties": {"name": "Chez-le-Baron", "lon": 7.1334683495027065, "lat": 47.346547355500114, "stop_id": ["8572105.link:1240248", "8572105.link:1240249"], "lines": [{"line_id": "96-126-2-j24-1", "route_id": "42.TA.96-126-2-j24-1.5.R", "mode": "bus", "line_name": "62"}, {"line_id": "96-126-2-j24-1", "route_id": "25.TA.96-126-2-j24-1.4.R", "mode": "bus", "line_name": "62"}, {"line_id": "96-126-2-j24-1", "route_id": "4.TA.96-126-2-j24-1.1.H", "mode": "bus", "line_name": "62"}, {"line_id": "96-126-2-j24-1", "route_id": "11.TA.96-126-2-j24-1.2.H", "mode": "bus", "line_name": "62"}], "predominant_mode": "bus", "assigned_canton": "Jura", "modes_list": ["bus"]}, "geometry": {"type": "Point", "coordinates": [7.1334683564640375, 47.346547366024495]}}, {"id": "5520", "type": "Feature", "properties": {"name": "Choindez, La Verrerie", "lon": 7.389057018768516, "lat": 47.315782561496505, "stop_id": ["8571993.link:1808375", "8571993.link:704359", "8571993.link:846858", "8571993.link:846859"], "lines": [{"line_id": "96-129-0-j24-1", "route_id": "12.TA.96-129-0-j24-1.17.R", "mode": "bus", "line_name": "M31"}, {"line_id": "96-120-8-j24-1", "route_id": "113.TA.96-120-8-j24-1.164.H", "mode": "bus", "line_name": "8"}, {"line_id": "96-120-8-j24-1", "route_id": "152.TA.96-120-8-j24-1.165.H", "mode": "bus", "line_name": "8"}, {"line_id": "96-120-8-j24-1", "route_id": "230.TA.96-120-8-j24-1.171.H", "mode": "bus", "line_name": "8"}, {"line_id": "96-120-8-j24-1", "route_id": "166.TA.96-120-8-j24-1.167.H", "mode": "bus", "line_name": "8"}, {"line_id": "96-120-8-j24-1", "route_id": "269.TA.96-120-8-j24-1.175.H", "mode": "bus", "line_name": "8"}, {"line_id": "96-120-8-j24-1", "route_id": "291.TA.96-120-8-j24-1.176.H", "mode": "bus", "line_name": "8"}, {"line_id": "96-120-8-j24-1", "route_id": "203.TA.96-120-8-j24-1.170.H", "mode": "bus", "line_name": "8"}, {"line_id": "96-120-8-j24-1", "route_id": "117.TA.96-120-8-j24-1.164.H", "mode": "bus", "line_name": "8"}, {"line_id": "96-120-8-j24-1", "route_id": "246.TA.96-120-8-j24-1.173.H", "mode": "bus", "line_name": "8"}, {"line_id": "96-120-8-j24-1", "route_id": "264.TA.96-120-8-j24-1.25.H", "mode": "bus", "line_name": "8"}, {"line_id": "96-120-8-j24-1", "route_id": "221.TA.96-120-8-j24-1.22.H", "mode": "bus", "line_name": "8"}, {"line_id": "96-120-8-j24-1", "route_id": "202.TA.96-120-8-j24-1.19.H", "mode": "bus", "line_name": "8"}, {"line_id": "96-120-8-j24-1", "route_id": "281.TA.96-120-8-j24-1.27.H", "mode": "bus", "line_name": "8"}, {"line_id": "96-120-8-j24-1", "route_id": "206.TA.96-120-8-j24-1.21.H", "mode": "bus", "line_name": "8"}, {"line_id": "96-120-8-j24-1", "route_id": "575.TA.96-120-8-j24-1.53.R", "mode": "bus", "line_name": "8"}, {"line_id": "96-120-8-j24-1", "route_id": "573.TA.96-120-8-j24-1.52.R", "mode": "bus", "line_name": "8"}, {"line_id": "96-120-8-j24-1", "route_id": "539.TA.96-120-8-j24-1.47.R", "mode": "bus", "line_name": "8"}, {"line_id": "96-120-8-j24-1", "route_id": "586.TA.96-120-8-j24-1.190.R", "mode": "bus", "line_name": "8"}, {"line_id": "96-120-8-j24-1", "route_id": "295.TA.96-120-8-j24-1.29.R", "mode": "bus", "line_name": "8"}, {"line_id": "96-120-8-j24-1", "route_id": "428.TA.96-120-8-j24-1.35.R", "mode": "bus", "line_name": "8"}, {"line_id": "96-120-8-j24-1", "route_id": "462.TA.96-120-8-j24-1.179.R", "mode": "bus", "line_name": "8"}, {"line_id": "96-120-8-j24-1", "route_id": "576.TA.96-120-8-j24-1.188.R", "mode": "bus", "line_name": "8"}, {"line_id": "96-120-8-j24-1", "route_id": "561.TA.96-120-8-j24-1.185.R", "mode": "bus", "line_name": "8"}, {"line_id": "96-120-8-j24-1", "route_id": "535.TA.96-120-8-j24-1.46.R", "mode": "bus", "line_name": "8"}, {"line_id": "96-129-0-j24-1", "route_id": "4.TA.96-129-0-j24-1.13.H", "mode": "bus", "line_name": "M31"}, {"line_id": "96-120-8-j24-1", "route_id": "510.TA.96-120-8-j24-1.181.R", "mode": "bus", "line_name": "8"}, {"line_id": "96-120-8-j24-1", "route_id": "582.TA.96-120-8-j24-1.56.R", "mode": "bus", "line_name": "8"}, {"line_id": "96-120-8-j24-1", "route_id": "585.TA.96-120-8-j24-1.189.R", "mode": "bus", "line_name": "8"}, {"line_id": "96-120-8-j24-1", "route_id": "580.TA.96-120-8-j24-1.188.R", "mode": "bus", "line_name": "8"}, {"line_id": "96-120-8-j24-1", "route_id": "100.TA.96-120-8-j24-1.8.H", "mode": "bus", "line_name": "8"}, {"line_id": "96-120-8-j24-1", "route_id": "16.TA.96-120-8-j24-1.1.H", "mode": "bus", "line_name": "8"}, {"line_id": "96-120-8-j24-1", "route_id": "99.TA.96-120-8-j24-1.8.H", "mode": "bus", "line_name": "8"}], "predominant_mode": "bus", "assigned_canton": "Jura", "modes_list": ["bus"]}, "geometry": {"type": "Point", "coordinates": [7.38905702600898, 47.31578257194876]}}, {"id": "5521", "type": "Feature", "properties": {"name": "Choindez, gare", "lon": 7.378807238982259, "lat": 47.322572691657165, "stop_id": ["8571992.link:333511", "8571992.link:333512"], "lines": [{"line_id": "96-120-8-j24-1", "route_id": "575.TA.96-120-8-j24-1.53.R", "mode": "bus", "line_name": "8"}, {"line_id": "96-120-8-j24-1", "route_id": "573.TA.96-120-8-j24-1.52.R", "mode": "bus", "line_name": "8"}, {"line_id": "96-120-8-j24-1", "route_id": "539.TA.96-120-8-j24-1.47.R", "mode": "bus", "line_name": "8"}, {"line_id": "96-120-8-j24-1", "route_id": "586.TA.96-120-8-j24-1.190.R", "mode": "bus", "line_name": "8"}, {"line_id": "96-120-8-j24-1", "route_id": "295.TA.96-120-8-j24-1.29.R", "mode": "bus", "line_name": "8"}, {"line_id": "96-120-8-j24-1", "route_id": "428.TA.96-120-8-j24-1.35.R", "mode": "bus", "line_name": "8"}, {"line_id": "96-120-8-j24-1", "route_id": "462.TA.96-120-8-j24-1.179.R", "mode": "bus", "line_name": "8"}, {"line_id": "96-120-8-j24-1", "route_id": "576.TA.96-120-8-j24-1.188.R", "mode": "bus", "line_name": "8"}, {"line_id": "96-120-8-j24-1", "route_id": "561.TA.96-120-8-j24-1.185.R", "mode": "bus", "line_name": "8"}, {"line_id": "96-120-8-j24-1", "route_id": "535.TA.96-120-8-j24-1.46.R", "mode": "bus", "line_name": "8"}, {"line_id": "96-129-0-j24-1", "route_id": "4.TA.96-129-0-j24-1.13.H", "mode": "bus", "line_name": "M31"}, {"line_id": "96-120-8-j24-1", "route_id": "510.TA.96-120-8-j24-1.181.R", "mode": "bus", "line_name": "8"}, {"line_id": "96-120-8-j24-1", "route_id": "582.TA.96-120-8-j24-1.56.R", "mode": "bus", "line_name": "8"}, {"line_id": "96-120-8-j24-1", "route_id": "585.TA.96-120-8-j24-1.189.R", "mode": "bus", "line_name": "8"}, {"line_id": "96-120-8-j24-1", "route_id": "580.TA.96-120-8-j24-1.188.R", "mode": "bus", "line_name": "8"}, {"line_id": "96-120-8-j24-1", "route_id": "264.TA.96-120-8-j24-1.25.H", "mode": "bus", "line_name": "8"}, {"line_id": "96-129-0-j24-1", "route_id": "12.TA.96-129-0-j24-1.17.R", "mode": "bus", "line_name": "M31"}, {"line_id": "96-120-8-j24-1", "route_id": "113.TA.96-120-8-j24-1.164.H", "mode": "bus", "line_name": "8"}, {"line_id": "96-120-8-j24-1", "route_id": "152.TA.96-120-8-j24-1.165.H", "mode": "bus", "line_name": "8"}, {"line_id": "96-120-8-j24-1", "route_id": "230.TA.96-120-8-j24-1.171.H", "mode": "bus", "line_name": "8"}, {"line_id": "96-120-8-j24-1", "route_id": "221.TA.96-120-8-j24-1.22.H", "mode": "bus", "line_name": "8"}, {"line_id": "96-120-8-j24-1", "route_id": "99.TA.96-120-8-j24-1.8.H", "mode": "bus", "line_name": "8"}, {"line_id": "96-120-8-j24-1", "route_id": "100.TA.96-120-8-j24-1.8.H", "mode": "bus", "line_name": "8"}, {"line_id": "96-120-8-j24-1", "route_id": "281.TA.96-120-8-j24-1.27.H", "mode": "bus", "line_name": "8"}, {"line_id": "96-120-8-j24-1", "route_id": "202.TA.96-120-8-j24-1.19.H", "mode": "bus", "line_name": "8"}, {"line_id": "96-120-8-j24-1", "route_id": "166.TA.96-120-8-j24-1.167.H", "mode": "bus", "line_name": "8"}, {"line_id": "96-120-8-j24-1", "route_id": "269.TA.96-120-8-j24-1.175.H", "mode": "bus", "line_name": "8"}, {"line_id": "96-120-8-j24-1", "route_id": "291.TA.96-120-8-j24-1.176.H", "mode": "bus", "line_name": "8"}, {"line_id": "96-120-8-j24-1", "route_id": "203.TA.96-120-8-j24-1.170.H", "mode": "bus", "line_name": "8"}, {"line_id": "96-120-8-j24-1", "route_id": "117.TA.96-120-8-j24-1.164.H", "mode": "bus", "line_name": "8"}, {"line_id": "96-120-8-j24-1", "route_id": "206.TA.96-120-8-j24-1.21.H", "mode": "bus", "line_name": "8"}, {"line_id": "96-120-8-j24-1", "route_id": "16.TA.96-120-8-j24-1.1.H", "mode": "bus", "line_name": "8"}, {"line_id": "96-120-8-j24-1", "route_id": "246.TA.96-120-8-j24-1.173.H", "mode": "bus", "line_name": "8"}], "predominant_mode": "bus", "assigned_canton": "Jura", "modes_list": ["bus"]}, "geometry": {"type": "Point", "coordinates": [7.378807246210165, 47.322572702114236]}}, {"id": "5716", "type": "Feature", "properties": {"name": "Ch\u00e2tillon JU, bas du village", "lon": 7.345605509209137, "lat": 47.330506602177394, "stop_id": ["8500666.link:1328680", "8500666.link:1328681"], "lines": [{"line_id": "96-120-6-j24-1", "route_id": "395.TA.96-120-6-j24-1.21.R", "mode": "bus", "line_name": "6"}, {"line_id": "96-120-6-j24-1", "route_id": "439.TA.96-120-6-j24-1.26.R", "mode": "bus", "line_name": "6"}, {"line_id": "96-120-6-j24-1", "route_id": "325.TA.96-120-6-j24-1.16.R", "mode": "bus", "line_name": "6"}, {"line_id": "96-120-6-j24-1", "route_id": "392.TA.96-120-6-j24-1.21.R", "mode": "bus", "line_name": "6"}, {"line_id": "96-120-6-j24-1", "route_id": "452.TA.96-120-6-j24-1.24.R", "mode": "bus", "line_name": "6"}, {"line_id": "96-120-6-j24-1", "route_id": "350.TA.96-120-6-j24-1.18.R", "mode": "bus", "line_name": "6"}, {"line_id": "96-120-6-j24-1", "route_id": "393.TA.96-120-6-j24-1.21.R", "mode": "bus", "line_name": "6"}, {"line_id": "96-120-6-j24-1", "route_id": "382.TA.96-120-6-j24-1.21.R", "mode": "bus", "line_name": "6"}, {"line_id": "96-120-6-j24-1", "route_id": "442.TA.96-120-6-j24-1.24.R", "mode": "bus", "line_name": "6"}, {"line_id": "96-120-6-j24-1", "route_id": "54.TA.96-120-6-j24-1.6.H", "mode": "bus", "line_name": "6"}, {"line_id": "96-120-6-j24-1", "route_id": "85.TA.96-120-6-j24-1.6.H", "mode": "bus", "line_name": "6"}, {"line_id": "96-120-6-j24-1", "route_id": "164.TA.96-120-6-j24-1.10.H", "mode": "bus", "line_name": "6"}, {"line_id": "96-120-6-j24-1", "route_id": "250.TA.96-120-6-j24-1.12.H", "mode": "bus", "line_name": "6"}, {"line_id": "96-120-6-j24-1", "route_id": "171.TA.96-120-6-j24-1.10.H", "mode": "bus", "line_name": "6"}, {"line_id": "96-120-6-j24-1", "route_id": "206.TA.96-120-6-j24-1.11.H", "mode": "bus", "line_name": "6"}], "predominant_mode": "bus", "assigned_canton": "Jura", "modes_list": ["bus"]}, "geometry": {"type": "Point", "coordinates": [7.3456055163999565, 47.33050661264534]}}, {"id": "5717", "type": "Feature", "properties": {"name": "Ch\u00e2tillon JU, bif. Court\u00e9telle", "lon": 7.3432698891715225, "lat": 47.32944719221396, "stop_id": ["8582076.link:124922", "8582076.link:124923"], "lines": [{"line_id": "96-120-6-j24-1", "route_id": "42.TA.96-120-6-j24-1.3.H", "mode": "bus", "line_name": "6"}, {"line_id": "96-120-6-j24-1", "route_id": "325.TA.96-120-6-j24-1.16.R", "mode": "bus", "line_name": "6"}], "predominant_mode": "bus", "assigned_canton": "Jura", "modes_list": ["bus"]}, "geometry": {"type": "Point", "coordinates": [7.3432698963601455, 47.32944720268209]}}, {"id": "5718", "type": "Feature", "properties": {"name": "Ch\u00e2tillon JU, haut du village", "lon": 7.342533269115902, "lat": 47.32779106222548, "stop_id": ["8572000.link:1878238", "8572000.link:1878244"], "lines": [{"line_id": "96-120-6-j24-1", "route_id": "395.TA.96-120-6-j24-1.21.R", "mode": "bus", "line_name": "6"}, {"line_id": "96-120-6-j24-1", "route_id": "439.TA.96-120-6-j24-1.26.R", "mode": "bus", "line_name": "6"}, {"line_id": "96-120-6-j24-1", "route_id": "392.TA.96-120-6-j24-1.21.R", "mode": "bus", "line_name": "6"}, {"line_id": "96-120-6-j24-1", "route_id": "452.TA.96-120-6-j24-1.24.R", "mode": "bus", "line_name": "6"}, {"line_id": "96-120-6-j24-1", "route_id": "350.TA.96-120-6-j24-1.18.R", "mode": "bus", "line_name": "6"}, {"line_id": "96-120-6-j24-1", "route_id": "393.TA.96-120-6-j24-1.21.R", "mode": "bus", "line_name": "6"}, {"line_id": "96-120-6-j24-1", "route_id": "382.TA.96-120-6-j24-1.21.R", "mode": "bus", "line_name": "6"}, {"line_id": "96-120-6-j24-1", "route_id": "442.TA.96-120-6-j24-1.24.R", "mode": "bus", "line_name": "6"}, {"line_id": "96-120-6-j24-1", "route_id": "54.TA.96-120-6-j24-1.6.H", "mode": "bus", "line_name": "6"}, {"line_id": "96-120-6-j24-1", "route_id": "85.TA.96-120-6-j24-1.6.H", "mode": "bus", "line_name": "6"}, {"line_id": "96-120-6-j24-1", "route_id": "164.TA.96-120-6-j24-1.10.H", "mode": "bus", "line_name": "6"}, {"line_id": "96-120-6-j24-1", "route_id": "250.TA.96-120-6-j24-1.12.H", "mode": "bus", "line_name": "6"}, {"line_id": "96-120-6-j24-1", "route_id": "171.TA.96-120-6-j24-1.10.H", "mode": "bus", "line_name": "6"}, {"line_id": "96-120-6-j24-1", "route_id": "206.TA.96-120-6-j24-1.11.H", "mode": "bus", "line_name": "6"}], "predominant_mode": "bus", "assigned_canton": "Jura", "modes_list": ["bus"]}, "geometry": {"type": "Point", "coordinates": [7.342533276304177, 47.32779107269324]}}, {"id": "5828", "type": "Feature", "properties": {"name": "Coeuve, Le Cr\u00eat", "lon": 7.098496942769633, "lat": 47.44617070604633, "stop_id": ["8583671.link:1894647", "8583671.link:1894648"], "lines": [{"line_id": "96-127-2-j24-1", "route_id": "14.TA.96-127-2-j24-1.1.H", "mode": "bus", "line_name": "72"}, {"line_id": "96-127-2-j24-1", "route_id": "55.TA.96-127-2-j24-1.7.H", "mode": "bus", "line_name": "72"}, {"line_id": "96-127-2-j24-1", "route_id": "27.TA.96-127-2-j24-1.3.H", "mode": "bus", "line_name": "72"}, {"line_id": "96-127-2-j24-1", "route_id": "79.TA.96-127-2-j24-1.5.R", "mode": "bus", "line_name": "72"}, {"line_id": "96-127-2-j24-1", "route_id": "106.TA.96-127-2-j24-1.8.R", "mode": "bus", "line_name": "72"}], "predominant_mode": "bus", "assigned_canton": "Jura", "modes_list": ["bus"]}, "geometry": {"type": "Point", "coordinates": [7.098496949668733, 47.44617071661222]}}, {"id": "5829", "type": "Feature", "properties": {"name": "Coeuve, rte de Porrentruy", "lon": 7.098514912861827, "lat": 47.44894089604599, "stop_id": ["8572068.link:1894653", "8572068.link:1894654"], "lines": [{"line_id": "96-127-2-j24-1", "route_id": "14.TA.96-127-2-j24-1.1.H", "mode": "bus", "line_name": "72"}, {"line_id": "96-127-2-j24-1", "route_id": "55.TA.96-127-2-j24-1.7.H", "mode": "bus", "line_name": "72"}, {"line_id": "96-127-2-j24-1", "route_id": "27.TA.96-127-2-j24-1.3.H", "mode": "bus", "line_name": "72"}, {"line_id": "96-127-2-j24-1", "route_id": "79.TA.96-127-2-j24-1.5.R", "mode": "bus", "line_name": "72"}, {"line_id": "96-127-2-j24-1", "route_id": "106.TA.96-127-2-j24-1.8.R", "mode": "bus", "line_name": "72"}], "predominant_mode": "bus", "assigned_canton": "Jura", "modes_list": ["bus"]}, "geometry": {"type": "Point", "coordinates": [7.098514919760252, 47.44894090661278]}}, {"id": "5830", "type": "Feature", "properties": {"name": "Coeuve, \u00e9cole", "lon": 7.098550842999681, "lat": 47.453083766045296, "stop_id": ["8572069.link:1963856", "8572069.link:1963857"], "lines": [{"line_id": "96-127-2-j24-1", "route_id": "106.TA.96-127-2-j24-1.8.R", "mode": "bus", "line_name": "72"}, {"line_id": "96-127-2-j24-1", "route_id": "14.TA.96-127-2-j24-1.1.H", "mode": "bus", "line_name": "72"}, {"line_id": "96-127-2-j24-1", "route_id": "79.TA.96-127-2-j24-1.5.R", "mode": "bus", "line_name": "72"}, {"line_id": "96-127-2-j24-1", "route_id": "55.TA.96-127-2-j24-1.7.H", "mode": "bus", "line_name": "72"}, {"line_id": "96-127-2-j24-1", "route_id": "27.TA.96-127-2-j24-1.3.H", "mode": "bus", "line_name": "72"}], "predominant_mode": "bus", "assigned_canton": "Jura", "modes_list": ["bus"]}, "geometry": {"type": "Point", "coordinates": [7.098550849897106, 47.45308377661344]}}, {"id": "5940", "type": "Feature", "properties": {"name": "Combe-Tabeillon", "lon": 7.1578665984384084, "lat": 47.31355959511794, "stop_id": ["8500199.link:369136"], "lines": [{"line_id": "91-36-C-j24-1", "route_id": "62.TA.91-36-C-j24-1.7.H", "mode": "rail", "line_name": "R36"}, {"line_id": "91-36-C-j24-1", "route_id": "63.TA.91-36-C-j24-1.7.H", "mode": "rail", "line_name": "R36"}, {"line_id": "91-36-C-j24-1", "route_id": "121.TA.91-36-C-j24-1.13.R", "mode": "rail", "line_name": "R36"}, {"line_id": "91-36-C-j24-1", "route_id": "110.TA.91-36-C-j24-1.13.R", "mode": "rail", "line_name": "R36"}, {"line_id": "91-36-C-j24-1", "route_id": "90.TA.91-36-C-j24-1.11.R", "mode": "rail", "line_name": "R36"}, {"line_id": "91-36-C-j24-1", "route_id": "120.TA.91-36-C-j24-1.13.R", "mode": "rail", "line_name": "R36"}, {"line_id": "91-36-C-j24-1", "route_id": "25.TA.91-36-C-j24-1.4.H", "mode": "rail", "line_name": "R36"}, {"line_id": "91-36-C-j24-1", "route_id": "26.TA.91-36-C-j24-1.4.H", "mode": "rail", "line_name": "R36"}, {"line_id": "91-36-C-j24-1", "route_id": "107.TA.91-36-C-j24-1.13.R", "mode": "rail", "line_name": "R36"}, {"line_id": "91-36-C-j24-1", "route_id": "59.TA.91-36-C-j24-1.7.H", "mode": "rail", "line_name": "R36"}], "predominant_mode": "rail", "assigned_canton": "Jura", "modes_list": ["rail"]}, "geometry": {"type": "Point", "coordinates": [7.157866605434008, 47.313559605625194]}}, {"id": "6029", "type": "Feature", "properties": {"name": "Corban, Sous-Vassa", "lon": 7.472402710103484, "lat": 47.353449150190485, "stop_id": ["8581811.link:245248", "8581811.link:245249"], "lines": [{"line_id": "96-120-7-j24-1", "route_id": "40.TA.96-120-7-j24-1.2.H", "mode": "bus", "line_name": "7"}, {"line_id": "96-120-7-j24-1", "route_id": "66.TA.96-120-7-j24-1.3.H", "mode": "bus", "line_name": "7"}, {"line_id": "96-120-7-j24-1", "route_id": "41.TA.96-120-7-j24-1.2.H", "mode": "bus", "line_name": "7"}, {"line_id": "96-120-7-j24-1", "route_id": "150.TA.96-120-7-j24-1.7.R", "mode": "bus", "line_name": "7"}, {"line_id": "96-120-7-j24-1", "route_id": "187.TA.96-120-7-j24-1.8.R", "mode": "bus", "line_name": "7"}, {"line_id": "96-120-7-j24-1", "route_id": "145.TA.96-120-7-j24-1.7.R", "mode": "bus", "line_name": "7"}, {"line_id": "96-120-7-j24-1", "route_id": "184.TA.96-120-7-j24-1.8.R", "mode": "bus", "line_name": "7"}, {"line_id": "96-120-7-j24-1", "route_id": "181.TA.96-120-7-j24-1.8.R", "mode": "bus", "line_name": "7"}, {"line_id": "96-120-7-j24-1", "route_id": "160.TA.96-120-7-j24-1.8.R", "mode": "bus", "line_name": "7"}], "predominant_mode": "bus", "assigned_canton": "Jura", "modes_list": ["bus"]}, "geometry": {"type": "Point", "coordinates": [7.472402717421707, 47.3534491606349]}}, {"id": "6030", "type": "Feature", "properties": {"name": "Corban, bas du village", "lon": 7.474343069898223, "lat": 47.34719253016006, "stop_id": ["8571977.link:139658", "8571977.link:139659"], "lines": [{"line_id": "96-120-7-j24-1", "route_id": "208.TA.96-120-7-j24-1.9.R", "mode": "bus", "line_name": "7"}, {"line_id": "96-120-7-j24-1", "route_id": "222.TA.96-120-7-j24-1.10.R", "mode": "bus", "line_name": "7"}, {"line_id": "96-120-7-j24-1", "route_id": "245.TA.96-120-7-j24-1.10.R", "mode": "bus", "line_name": "7"}, {"line_id": "96-120-7-j24-1", "route_id": "83.TA.96-120-7-j24-1.4.H", "mode": "bus", "line_name": "7"}, {"line_id": "96-120-7-j24-1", "route_id": "74.TA.96-120-7-j24-1.4.H", "mode": "bus", "line_name": "7"}, {"line_id": "96-120-7-j24-1", "route_id": "90.TA.96-120-7-j24-1.4.H", "mode": "bus", "line_name": "7"}, {"line_id": "96-120-7-j24-1", "route_id": "115.TA.96-120-7-j24-1.5.H", "mode": "bus", "line_name": "7"}, {"line_id": "96-120-7-j24-1", "route_id": "88.TA.96-120-7-j24-1.4.H", "mode": "bus", "line_name": "7"}], "predominant_mode": "bus", "assigned_canton": "Jura", "modes_list": ["bus"]}, "geometry": {"type": "Point", "coordinates": [7.474343077220127, 47.34719254060187]}}, {"id": "6031", "type": "Feature", "properties": {"name": "Corban, place du 23 juin", "lon": 7.476220549871566, "lat": 47.34632823013065, "stop_id": ["8571978.link:1226661", "8571978.link:1226662"], "lines": [{"line_id": "96-120-7-j24-1", "route_id": "208.TA.96-120-7-j24-1.9.R", "mode": "bus", "line_name": "7"}, {"line_id": "96-120-7-j24-1", "route_id": "222.TA.96-120-7-j24-1.10.R", "mode": "bus", "line_name": "7"}, {"line_id": "96-120-7-j24-1", "route_id": "245.TA.96-120-7-j24-1.10.R", "mode": "bus", "line_name": "7"}, {"line_id": "96-120-7-j24-1", "route_id": "83.TA.96-120-7-j24-1.4.H", "mode": "bus", "line_name": "7"}, {"line_id": "96-120-7-j24-1", "route_id": "74.TA.96-120-7-j24-1.4.H", "mode": "bus", "line_name": "7"}, {"line_id": "96-120-7-j24-1", "route_id": "90.TA.96-120-7-j24-1.4.H", "mode": "bus", "line_name": "7"}, {"line_id": "96-120-7-j24-1", "route_id": "115.TA.96-120-7-j24-1.5.H", "mode": "bus", "line_name": "7"}, {"line_id": "96-120-7-j24-1", "route_id": "88.TA.96-120-7-j24-1.4.H", "mode": "bus", "line_name": "7"}], "predominant_mode": "bus", "assigned_canton": "Jura", "modes_list": ["bus"]}, "geometry": {"type": "Point", "coordinates": [7.476220557195659, 47.34632824057174]}}, {"id": "6103", "type": "Feature", "properties": {"name": "Cornol, bas du village", "lon": 7.159124241590399, "lat": 47.4085824750978, "stop_id": ["8572089.link:199709", "8572089.link:199710"], "lines": [{"line_id": "96-127-6-j24-1", "route_id": "28.TA.96-127-6-j24-1.1.H", "mode": "bus", "line_name": "76"}, {"line_id": "96-127-6-j24-1", "route_id": "47.TA.96-127-6-j24-1.2.R", "mode": "bus", "line_name": "76"}], "predominant_mode": "bus", "assigned_canton": "Jura", "modes_list": ["bus"]}, "geometry": {"type": "Point", "coordinates": [7.159124248563569, 47.40858248563694]}}, {"id": "6104", "type": "Feature", "properties": {"name": "Cornol, haut du village", "lon": 7.169293171374884, "lat": 47.40174260493871, "stop_id": ["8583307.link:824501", "8583307.link:824502"], "lines": [{"line_id": "96-127-6-j24-1", "route_id": "28.TA.96-127-6-j24-1.1.H", "mode": "bus", "line_name": "76"}, {"line_id": "96-127-6-j24-1", "route_id": "47.TA.96-127-6-j24-1.2.R", "mode": "bus", "line_name": "76"}], "predominant_mode": "bus", "assigned_canton": "Jura", "modes_list": ["bus"]}, "geometry": {"type": "Point", "coordinates": [7.169293178360606, 47.40174261547314]}}, {"id": "6105", "type": "Feature", "properties": {"name": "Cornol, \u00e9glise", "lon": 7.1632475015034265, "lat": 47.405822315033305, "stop_id": ["8583306.link:824483", "8583306.link:824484"], "lines": [{"line_id": "96-127-6-j24-1", "route_id": "28.TA.96-127-6-j24-1.1.H", "mode": "bus", "line_name": "76"}, {"line_id": "96-127-6-j24-1", "route_id": "47.TA.96-127-6-j24-1.2.R", "mode": "bus", "line_name": "76"}], "predominant_mode": "bus", "assigned_canton": "Jura", "modes_list": ["bus"]}, "geometry": {"type": "Point", "coordinates": [7.163247508481683, 47.405822325570576]}}, {"id": "6190", "type": "Feature", "properties": {"name": "Courcelon", "lon": 7.3900451602846795, "lat": 47.36153054148103, "stop_id": ["8500667.link:1955426", "8500667.link:1955427"], "lines": [{"line_id": "96-120-7-j24-1", "route_id": "83.TA.96-120-7-j24-1.4.H", "mode": "bus", "line_name": "7"}, {"line_id": "96-120-7-j24-1", "route_id": "74.TA.96-120-7-j24-1.4.H", "mode": "bus", "line_name": "7"}, {"line_id": "96-120-7-j24-1", "route_id": "40.TA.96-120-7-j24-1.2.H", "mode": "bus", "line_name": "7"}, {"line_id": "96-120-7-j24-1", "route_id": "90.TA.96-120-7-j24-1.4.H", "mode": "bus", "line_name": "7"}, {"line_id": "96-120-7-j24-1", "route_id": "4.TA.96-120-7-j24-1.1.H", "mode": "bus", "line_name": "7"}, {"line_id": "96-120-7-j24-1", "route_id": "41.TA.96-120-7-j24-1.2.H", "mode": "bus", "line_name": "7"}, {"line_id": "96-120-7-j24-1", "route_id": "88.TA.96-120-7-j24-1.4.H", "mode": "bus", "line_name": "7"}, {"line_id": "96-120-7-j24-1", "route_id": "145.TA.96-120-7-j24-1.7.R", "mode": "bus", "line_name": "7"}, {"line_id": "96-120-7-j24-1", "route_id": "121.TA.96-120-7-j24-1.6.R", "mode": "bus", "line_name": "7"}, {"line_id": "96-120-7-j24-1", "route_id": "150.TA.96-120-7-j24-1.7.R", "mode": "bus", "line_name": "7"}, {"line_id": "96-120-7-j24-1", "route_id": "208.TA.96-120-7-j24-1.9.R", "mode": "bus", "line_name": "7"}], "predominant_mode": "bus", "assigned_canton": "Jura", "modes_list": ["bus"]}, "geometry": {"type": "Point", "coordinates": [7.390045167514333, 47.36153055194855]}}, {"id": "6191", "type": "Feature", "properties": {"name": "Courchapoix, bas du village", "lon": 7.450762289921493, "lat": 47.348635020529635, "stop_id": ["8571975.link:1226629", "8571975.link:1226630"], "lines": [{"line_id": "96-120-7-j24-1", "route_id": "208.TA.96-120-7-j24-1.9.R", "mode": "bus", "line_name": "7"}, {"line_id": "96-120-7-j24-1", "route_id": "222.TA.96-120-7-j24-1.10.R", "mode": "bus", "line_name": "7"}, {"line_id": "96-120-7-j24-1", "route_id": "245.TA.96-120-7-j24-1.10.R", "mode": "bus", "line_name": "7"}, {"line_id": "96-120-7-j24-1", "route_id": "150.TA.96-120-7-j24-1.7.R", "mode": "bus", "line_name": "7"}, {"line_id": "96-120-7-j24-1", "route_id": "187.TA.96-120-7-j24-1.8.R", "mode": "bus", "line_name": "7"}, {"line_id": "96-120-7-j24-1", "route_id": "145.TA.96-120-7-j24-1.7.R", "mode": "bus", "line_name": "7"}, {"line_id": "96-120-7-j24-1", "route_id": "184.TA.96-120-7-j24-1.8.R", "mode": "bus", "line_name": "7"}, {"line_id": "96-120-7-j24-1", "route_id": "181.TA.96-120-7-j24-1.8.R", "mode": "bus", "line_name": "7"}, {"line_id": "96-120-7-j24-1", "route_id": "160.TA.96-120-7-j24-1.8.R", "mode": "bus", "line_name": "7"}, {"line_id": "96-120-7-j24-1", "route_id": "83.TA.96-120-7-j24-1.4.H", "mode": "bus", "line_name": "7"}, {"line_id": "96-120-7-j24-1", "route_id": "74.TA.96-120-7-j24-1.4.H", "mode": "bus", "line_name": "7"}, {"line_id": "96-120-7-j24-1", "route_id": "40.TA.96-120-7-j24-1.2.H", "mode": "bus", "line_name": "7"}, {"line_id": "96-120-7-j24-1", "route_id": "90.TA.96-120-7-j24-1.4.H", "mode": "bus", "line_name": "7"}, {"line_id": "96-120-7-j24-1", "route_id": "115.TA.96-120-7-j24-1.5.H", "mode": "bus", "line_name": "7"}, {"line_id": "96-120-7-j24-1", "route_id": "66.TA.96-120-7-j24-1.3.H", "mode": "bus", "line_name": "7"}, {"line_id": "96-120-7-j24-1", "route_id": "41.TA.96-120-7-j24-1.2.H", "mode": "bus", "line_name": "7"}, {"line_id": "96-120-7-j24-1", "route_id": "88.TA.96-120-7-j24-1.4.H", "mode": "bus", "line_name": "7"}], "predominant_mode": "bus", "assigned_canton": "Jura", "modes_list": ["bus"]}, "geometry": {"type": "Point", "coordinates": [7.450762297218296, 47.348635030977796]}}, {"id": "6192", "type": "Feature", "properties": {"name": "Courchapoix, village", "lon": 7.456825919921552, "lat": 47.34844635043463, "stop_id": ["8571976.link:261150", "8571976.link:261151"], "lines": [{"line_id": "96-120-7-j24-1", "route_id": "208.TA.96-120-7-j24-1.9.R", "mode": "bus", "line_name": "7"}, {"line_id": "96-120-7-j24-1", "route_id": "222.TA.96-120-7-j24-1.10.R", "mode": "bus", "line_name": "7"}, {"line_id": "96-120-7-j24-1", "route_id": "245.TA.96-120-7-j24-1.10.R", "mode": "bus", "line_name": "7"}, {"line_id": "96-120-7-j24-1", "route_id": "150.TA.96-120-7-j24-1.7.R", "mode": "bus", "line_name": "7"}, {"line_id": "96-120-7-j24-1", "route_id": "187.TA.96-120-7-j24-1.8.R", "mode": "bus", "line_name": "7"}, {"line_id": "96-120-7-j24-1", "route_id": "145.TA.96-120-7-j24-1.7.R", "mode": "bus", "line_name": "7"}, {"line_id": "96-120-7-j24-1", "route_id": "184.TA.96-120-7-j24-1.8.R", "mode": "bus", "line_name": "7"}, {"line_id": "96-120-7-j24-1", "route_id": "181.TA.96-120-7-j24-1.8.R", "mode": "bus", "line_name": "7"}, {"line_id": "96-120-7-j24-1", "route_id": "160.TA.96-120-7-j24-1.8.R", "mode": "bus", "line_name": "7"}, {"line_id": "96-120-7-j24-1", "route_id": "83.TA.96-120-7-j24-1.4.H", "mode": "bus", "line_name": "7"}, {"line_id": "96-120-7-j24-1", "route_id": "74.TA.96-120-7-j24-1.4.H", "mode": "bus", "line_name": "7"}, {"line_id": "96-120-7-j24-1", "route_id": "40.TA.96-120-7-j24-1.2.H", "mode": "bus", "line_name": "7"}, {"line_id": "96-120-7-j24-1", "route_id": "90.TA.96-120-7-j24-1.4.H", "mode": "bus", "line_name": "7"}, {"line_id": "96-120-7-j24-1", "route_id": "115.TA.96-120-7-j24-1.5.H", "mode": "bus", "line_name": "7"}, {"line_id": "96-120-7-j24-1", "route_id": "66.TA.96-120-7-j24-1.3.H", "mode": "bus", "line_name": "7"}, {"line_id": "96-120-7-j24-1", "route_id": "41.TA.96-120-7-j24-1.2.H", "mode": "bus", "line_name": "7"}, {"line_id": "96-120-7-j24-1", "route_id": "88.TA.96-120-7-j24-1.4.H", "mode": "bus", "line_name": "7"}], "predominant_mode": "bus", "assigned_canton": "Jura", "modes_list": ["bus"]}, "geometry": {"type": "Point", "coordinates": [7.4568259272247674, 47.34844636088123]}}, {"id": "6193", "type": "Feature", "properties": {"name": "Courchavon", "lon": 7.058144622473123, "lat": 47.43867950667838, "stop_id": ["8500141:0:1.link:1703089", "8500141:0:1.link:1703090"], "lines": [{"line_id": "91-56-B-j24-1", "route_id": "133.TA.91-56-B-j24-1.11.H", "mode": "rail", "line_name": "RE56"}, {"line_id": "91-56-B-j24-1", "route_id": "103.TA.91-56-B-j24-1.7.H", "mode": "rail", "line_name": "RE56"}, {"line_id": "91-56-B-j24-1", "route_id": "120.TA.91-56-B-j24-1.10.H", "mode": "rail", "line_name": "RE56"}, {"line_id": "91-56-B-j24-1", "route_id": "8.TA.91-56-B-j24-1.2.H", "mode": "rail", "line_name": "RE56"}, {"line_id": "91-56-B-j24-1", "route_id": "204.TA.91-56-B-j24-1.71.H", "mode": "rail", "line_name": "RE56"}, {"line_id": "91-56-B-j24-1", "route_id": "149.TA.91-56-B-j24-1.11.H", "mode": "rail", "line_name": "RE56"}, {"line_id": "91-56-B-j24-1", "route_id": "107.TA.91-56-B-j24-1.8.H", "mode": "rail", "line_name": "RE56"}, {"line_id": "91-56-B-j24-1", "route_id": "227.TA.91-56-B-j24-1.14.H", "mode": "rail", "line_name": "RE56"}, {"line_id": "91-56-B-j24-1", "route_id": "248.TA.91-56-B-j24-1.17.R", "mode": "rail", "line_name": "RE56"}, {"line_id": "91-56-B-j24-1", "route_id": "361.TA.91-56-B-j24-1.25.R", "mode": "rail", "line_name": "RE56"}, {"line_id": "91-56-B-j24-1", "route_id": "451.TA.91-56-B-j24-1.27.R", "mode": "rail", "line_name": "RE56"}, {"line_id": "91-56-B-j24-1", "route_id": "363.TA.91-56-B-j24-1.25.R", "mode": "rail", "line_name": "RE56"}, {"line_id": "91-56-B-j24-1", "route_id": "347.TA.91-56-B-j24-1.142.R", "mode": "rail", "line_name": "RE56"}, {"line_id": "91-56-B-j24-1", "route_id": "385.TA.91-56-B-j24-1.26.R", "mode": "rail", "line_name": "RE56"}], "predominant_mode": "rail", "assigned_canton": "Jura", "modes_list": ["rail"]}, "geometry": {"type": "Point", "coordinates": [7.058144629330989, 47.43867951725131]}}, {"id": "6194", "type": "Feature", "properties": {"name": "Courchavon, route de la Gare", "lon": 7.056042562516122, "lat": 47.440046596711234, "stop_id": ["8582087.link:880659"], "lines": [{"line_id": "96-128-7-j24-1", "route_id": "10.TA.96-128-7-j24-1.2.H", "mode": "bus", "line_name": "24"}], "predominant_mode": "bus", "assigned_canton": "Jura", "modes_list": ["bus"]}, "geometry": {"type": "Point", "coordinates": [7.056042569371403, 47.440046607285105]}}, {"id": "6196", "type": "Feature", "properties": {"name": "Courfaivre", "lon": 7.293233729309156, "lat": 47.33525541299788, "stop_id": ["8500121:0:2.link:1292191", "8500121:0:2.link:1292192"], "lines": [{"line_id": "91-56-B-j24-1", "route_id": "361.TA.91-56-B-j24-1.25.R", "mode": "rail", "line_name": "RE56"}, {"line_id": "91-3-B-j24-1", "route_id": "3718.TA.91-3-B-j24-1.705.R", "mode": "rail", "line_name": "S3"}, {"line_id": "91-56-B-j24-1", "route_id": "330.TA.91-56-B-j24-1.18.R", "mode": "rail", "line_name": "RE56"}, {"line_id": "91-56-B-j24-1", "route_id": "451.TA.91-56-B-j24-1.27.R", "mode": "rail", "line_name": "RE56"}, {"line_id": "91-3-B-j24-1", "route_id": "5388.TA.91-3-B-j24-1.638.R", "mode": "rail", "line_name": "S3"}, {"line_id": "91-3-B-j24-1", "route_id": "3687.TA.91-3-B-j24-1.372.R", "mode": "rail", "line_name": "S3"}, {"line_id": "91-56-B-j24-1", "route_id": "363.TA.91-56-B-j24-1.25.R", "mode": "rail", "line_name": "RE56"}, {"line_id": "91-56-B-j24-1", "route_id": "347.TA.91-56-B-j24-1.142.R", "mode": "rail", "line_name": "RE56"}, {"line_id": "91-3-B-j24-1", "route_id": "3736.TA.91-3-B-j24-1.705.R", "mode": "rail", "line_name": "S3"}, {"line_id": "91-56-B-j24-1", "route_id": "385.TA.91-56-B-j24-1.26.R", "mode": "rail", "line_name": "RE56"}, {"line_id": "91-56-B-j24-1", "route_id": "99.TA.91-56-B-j24-1.6.H", "mode": "rail", "line_name": "RE56"}, {"line_id": "91-3-B-j24-1", "route_id": "3250.TA.91-3-B-j24-1.2653.H", "mode": "rail", "line_name": "S3"}, {"line_id": "91-56-B-j24-1", "route_id": "133.TA.91-56-B-j24-1.11.H", "mode": "rail", "line_name": "RE56"}, {"line_id": "91-56-B-j24-1", "route_id": "103.TA.91-56-B-j24-1.7.H", "mode": "rail", "line_name": "RE56"}, {"line_id": "91-56-B-j24-1", "route_id": "120.TA.91-56-B-j24-1.10.H", "mode": "rail", "line_name": "RE56"}, {"line_id": "91-3-B-j24-1", "route_id": "503.TA.91-3-B-j24-1.20.H", "mode": "rail", "line_name": "S3"}, {"line_id": "91-56-B-j24-1", "route_id": "204.TA.91-56-B-j24-1.71.H", "mode": "rail", "line_name": "RE56"}, {"line_id": "91-3-B-j24-1", "route_id": "3246.TA.91-3-B-j24-1.2652.H", "mode": "rail", "line_name": "S3"}, {"line_id": "91-56-B-j24-1", "route_id": "149.TA.91-56-B-j24-1.11.H", "mode": "rail", "line_name": "RE56"}, {"line_id": "91-3-B-j24-1", "route_id": "3302.TA.91-3-B-j24-1.2961.H", "mode": "rail", "line_name": "S3"}, {"line_id": "91-56-B-j24-1", "route_id": "107.TA.91-56-B-j24-1.8.H", "mode": "rail", "line_name": "RE56"}, {"line_id": "91-56-B-j24-1", "route_id": "227.TA.91-56-B-j24-1.14.H", "mode": "rail", "line_name": "RE56"}, {"line_id": "91-3-B-j24-1", "route_id": "533.TA.91-3-B-j24-1.24.H", "mode": "rail", "line_name": "S3"}, {"line_id": "91-3-B-j24-1", "route_id": "3214.TA.91-3-B-j24-1.2650.H", "mode": "rail", "line_name": "S3"}, {"line_id": "91-3-B-j24-1", "route_id": "3233.TA.91-3-B-j24-1.4244.H", "mode": "rail", "line_name": "S3"}], "predominant_mode": "rail", "assigned_canton": "Jura", "modes_list": ["rail"]}, "geometry": {"type": "Point", "coordinates": [7.293233736443359, 47.33525542348018]}}, {"id": "6197", "type": "Feature", "properties": {"name": "Courfaivre, Tuilerie", "lon": 7.271889759259944, "lat": 47.3344822333322, "stop_id": ["8582152.link:591479", "8582152.link:591480"], "lines": [{"line_id": "96-125-0-j24-1", "route_id": "2.TA.96-125-0-j24-1.1.H", "mode": "bus", "line_name": "50"}, {"line_id": "96-128-0-j24-1", "route_id": "9.TA.96-128-0-j24-1.4.R", "mode": "bus", "line_name": "N10"}, {"line_id": "96-128-0-j24-1", "route_id": "13.TA.96-128-0-j24-1.4.R", "mode": "bus", "line_name": "N10"}, {"line_id": "96-125-0-j24-1", "route_id": "18.TA.96-125-0-j24-1.2.H", "mode": "bus", "line_name": "50"}, {"line_id": "96-128-0-j24-1", "route_id": "6.TA.96-128-0-j24-1.2.H", "mode": "bus", "line_name": "N10"}, {"line_id": "96-128-0-j24-1", "route_id": "8.TA.96-128-0-j24-1.2.H", "mode": "bus", "line_name": "N10"}, {"line_id": "96-125-0-j24-1", "route_id": "26.TA.96-125-0-j24-1.3.R", "mode": "bus", "line_name": "50"}], "predominant_mode": "bus", "assigned_canton": "Jura", "modes_list": ["bus"]}, "geometry": {"type": "Point", "coordinates": [7.2718897663717135, 47.33448224381942]}}, {"id": "6198", "type": "Feature", "properties": {"name": "Courfaivre, centre", "lon": 7.283990059272363, "lat": 47.334451793142684, "stop_id": ["8582150.link:364474", "8582150.link:364475"], "lines": [{"line_id": "96-125-0-j24-1", "route_id": "2.TA.96-125-0-j24-1.1.H", "mode": "bus", "line_name": "50"}, {"line_id": "96-128-0-j24-1", "route_id": "9.TA.96-128-0-j24-1.4.R", "mode": "bus", "line_name": "N10"}, {"line_id": "96-128-0-j24-1", "route_id": "13.TA.96-128-0-j24-1.4.R", "mode": "bus", "line_name": "N10"}, {"line_id": "96-125-0-j24-1", "route_id": "18.TA.96-125-0-j24-1.2.H", "mode": "bus", "line_name": "50"}, {"line_id": "96-128-0-j24-1", "route_id": "6.TA.96-128-0-j24-1.2.H", "mode": "bus", "line_name": "N10"}, {"line_id": "96-128-0-j24-1", "route_id": "8.TA.96-128-0-j24-1.2.H", "mode": "bus", "line_name": "N10"}, {"line_id": "96-125-0-j24-1", "route_id": "26.TA.96-125-0-j24-1.3.R", "mode": "bus", "line_name": "50"}], "predominant_mode": "bus", "assigned_canton": "Jura", "modes_list": ["bus"]}, "geometry": {"type": "Point", "coordinates": [7.28399006639697, 47.33445180362692]}}, {"id": "6199", "type": "Feature", "properties": {"name": "Courfaivre, centre sportif", "lon": 7.277890499264785, "lat": 47.334427443238205, "stop_id": ["8582151.link:591489", "8582151.link:591490"], "lines": [{"line_id": "96-125-0-j24-1", "route_id": "2.TA.96-125-0-j24-1.1.H", "mode": "bus", "line_name": "50"}, {"line_id": "96-128-0-j24-1", "route_id": "9.TA.96-128-0-j24-1.4.R", "mode": "bus", "line_name": "N10"}, {"line_id": "96-128-0-j24-1", "route_id": "13.TA.96-128-0-j24-1.4.R", "mode": "bus", "line_name": "N10"}, {"line_id": "96-125-0-j24-1", "route_id": "18.TA.96-125-0-j24-1.2.H", "mode": "bus", "line_name": "50"}, {"line_id": "96-128-0-j24-1", "route_id": "6.TA.96-128-0-j24-1.2.H", "mode": "bus", "line_name": "N10"}, {"line_id": "96-128-0-j24-1", "route_id": "8.TA.96-128-0-j24-1.2.H", "mode": "bus", "line_name": "N10"}, {"line_id": "96-125-0-j24-1", "route_id": "26.TA.96-125-0-j24-1.3.R", "mode": "bus", "line_name": "50"}], "predominant_mode": "bus", "assigned_canton": "Jura", "modes_list": ["bus"]}, "geometry": {"type": "Point", "coordinates": [7.277890506382929, 47.33442745372389]}}, {"id": "6200", "type": "Feature", "properties": {"name": "Courfaivre, gare", "lon": 7.290960989296578, "lat": 47.33495101303346, "stop_id": ["8581130.link:358771", "8581130.link:358772"], "lines": [{"line_id": "96-125-0-j24-1", "route_id": "2.TA.96-125-0-j24-1.1.H", "mode": "bus", "line_name": "50"}, {"line_id": "96-125-0-j24-1", "route_id": "18.TA.96-125-0-j24-1.2.H", "mode": "bus", "line_name": "50"}, {"line_id": "96-125-0-j24-1", "route_id": "26.TA.96-125-0-j24-1.3.R", "mode": "bus", "line_name": "50"}], "predominant_mode": "bus", "assigned_canton": "Jura", "modes_list": ["bus"]}, "geometry": {"type": "Point", "coordinates": [7.290960996428449, 47.33495102351614]}}, {"id": "6201", "type": "Feature", "properties": {"name": "Courfaivre, rue du Ch\u00e9telay", "lon": 7.2910148892806985, "lat": 47.33447006303262, "stop_id": ["8582149.link:896247", "8582149.link:896248"], "lines": [{"line_id": "96-128-0-j24-1", "route_id": "9.TA.96-128-0-j24-1.4.R", "mode": "bus", "line_name": "N10"}, {"line_id": "96-128-0-j24-1", "route_id": "13.TA.96-128-0-j24-1.4.R", "mode": "bus", "line_name": "N10"}, {"line_id": "92-EV1-L-j24-1", "route_id": "146.TA.92-EV1-L-j24-1.7.H", "mode": "bus", "line_name": "EV1"}, {"line_id": "96-128-0-j24-1", "route_id": "6.TA.96-128-0-j24-1.2.H", "mode": "bus", "line_name": "N10"}, {"line_id": "96-128-0-j24-1", "route_id": "8.TA.96-128-0-j24-1.2.H", "mode": "bus", "line_name": "N10"}], "predominant_mode": "bus", "assigned_canton": "Jura", "modes_list": ["bus"]}, "geometry": {"type": "Point", "coordinates": [7.291014896412746, 47.334470073515185]}}, {"id": "6202", "type": "Feature", "properties": {"name": "Courgenay", "lon": 7.124040536437577, "lat": 47.40519913564732, "stop_id": ["8500125:0:1.link:1895468", "8500125:0:2.link:1950911"], "lines": [{"line_id": "91-56-B-j24-1", "route_id": "361.TA.91-56-B-j24-1.25.R", "mode": "rail", "line_name": "RE56"}, {"line_id": "91-3-B-j24-1", "route_id": "3718.TA.91-3-B-j24-1.705.R", "mode": "rail", "line_name": "S3"}, {"line_id": "91-56-B-j24-1", "route_id": "330.TA.91-56-B-j24-1.18.R", "mode": "rail", "line_name": "RE56"}, {"line_id": "91-56-B-j24-1", "route_id": "451.TA.91-56-B-j24-1.27.R", "mode": "rail", "line_name": "RE56"}, {"line_id": "91-3-B-j24-1", "route_id": "5388.TA.91-3-B-j24-1.638.R", "mode": "rail", "line_name": "S3"}, {"line_id": "91-3-B-j24-1", "route_id": "3687.TA.91-3-B-j24-1.372.R", "mode": "rail", "line_name": "S3"}, {"line_id": "91-56-B-j24-1", "route_id": "363.TA.91-56-B-j24-1.25.R", "mode": "rail", "line_name": "RE56"}, {"line_id": "91-56-B-j24-1", "route_id": "347.TA.91-56-B-j24-1.142.R", "mode": "rail", "line_name": "RE56"}, {"line_id": "91-3-B-j24-1", "route_id": "3736.TA.91-3-B-j24-1.705.R", "mode": "rail", "line_name": "S3"}, {"line_id": "91-56-B-j24-1", "route_id": "385.TA.91-56-B-j24-1.26.R", "mode": "rail", "line_name": "RE56"}, {"line_id": "91-56-B-j24-1", "route_id": "99.TA.91-56-B-j24-1.6.H", "mode": "rail", "line_name": "RE56"}, {"line_id": "91-3-B-j24-1", "route_id": "3250.TA.91-3-B-j24-1.2653.H", "mode": "rail", "line_name": "S3"}, {"line_id": "91-56-B-j24-1", "route_id": "133.TA.91-56-B-j24-1.11.H", "mode": "rail", "line_name": "RE56"}, {"line_id": "91-56-B-j24-1", "route_id": "103.TA.91-56-B-j24-1.7.H", "mode": "rail", "line_name": "RE56"}, {"line_id": "91-56-B-j24-1", "route_id": "120.TA.91-56-B-j24-1.10.H", "mode": "rail", "line_name": "RE56"}, {"line_id": "91-3-B-j24-1", "route_id": "503.TA.91-3-B-j24-1.20.H", "mode": "rail", "line_name": "S3"}, {"line_id": "91-56-B-j24-1", "route_id": "204.TA.91-56-B-j24-1.71.H", "mode": "rail", "line_name": "RE56"}, {"line_id": "91-3-B-j24-1", "route_id": "3246.TA.91-3-B-j24-1.2652.H", "mode": "rail", "line_name": "S3"}, {"line_id": "91-56-B-j24-1", "route_id": "149.TA.91-56-B-j24-1.11.H", "mode": "rail", "line_name": "RE56"}, {"line_id": "91-3-B-j24-1", "route_id": "3302.TA.91-3-B-j24-1.2961.H", "mode": "rail", "line_name": "S3"}, {"line_id": "91-56-B-j24-1", "route_id": "107.TA.91-56-B-j24-1.8.H", "mode": "rail", "line_name": "RE56"}, {"line_id": "91-56-B-j24-1", "route_id": "227.TA.91-56-B-j24-1.14.H", "mode": "rail", "line_name": "RE56"}, {"line_id": "91-3-B-j24-1", "route_id": "533.TA.91-3-B-j24-1.24.H", "mode": "rail", "line_name": "S3"}, {"line_id": "91-3-B-j24-1", "route_id": "3214.TA.91-3-B-j24-1.2650.H", "mode": "rail", "line_name": "S3"}, {"line_id": "91-3-B-j24-1", "route_id": "3233.TA.91-3-B-j24-1.4244.H", "mode": "rail", "line_name": "S3"}], "predominant_mode": "rail", "assigned_canton": "Jura", "modes_list": ["rail"]}, "geometry": {"type": "Point", "coordinates": [7.124040543374206, 47.4051991461937]}}, {"id": "6203", "type": "Feature", "properties": {"name": "Courgenay, Noires Terres", "lon": 7.098272361575112, "lat": 47.41024215605067, "stop_id": ["8583349.link:491088"], "lines": [{"line_id": "96-127-6-j24-1", "route_id": "47.TA.96-127-6-j24-1.2.R", "mode": "bus", "line_name": "76"}, {"line_id": "96-128-0-j24-1", "route_id": "6.TA.96-128-0-j24-1.2.H", "mode": "bus", "line_name": "N10"}, {"line_id": "96-128-0-j24-1", "route_id": "8.TA.96-128-0-j24-1.2.H", "mode": "bus", "line_name": "N10"}], "predominant_mode": "bus", "assigned_canton": "Jura", "modes_list": ["bus"]}, "geometry": {"type": "Point", "coordinates": [7.098272368482965, 47.41024216660477]}}, {"id": "6204", "type": "Feature", "properties": {"name": "Courgenay, Petite Gilberte", "lon": 7.124233671432235, "lat": 47.40503193564424, "stop_id": ["8581833.link:1952319", "8581833.link:1952320"], "lines": [{"line_id": "96-127-6-j24-1", "route_id": "28.TA.96-127-6-j24-1.1.H", "mode": "bus", "line_name": "76"}, {"line_id": "96-127-6-j24-1", "route_id": "47.TA.96-127-6-j24-1.2.R", "mode": "bus", "line_name": "76"}], "predominant_mode": "bus", "assigned_canton": "Jura", "modes_list": ["bus"]}, "geometry": {"type": "Point", "coordinates": [7.124233678369114, 47.40503194619051]}}, {"id": "6205", "type": "Feature", "properties": {"name": "Courgenay, Pierre Perc\u00e9e", "lon": 7.1195534514484144, "lat": 47.40568248571755, "stop_id": ["8572086.link:460208", "8572086.link:460209"], "lines": [{"line_id": "96-127-6-j24-1", "route_id": "47.TA.96-127-6-j24-1.2.R", "mode": "bus", "line_name": "76"}, {"line_id": "96-128-0-j24-1", "route_id": "6.TA.96-128-0-j24-1.2.H", "mode": "bus", "line_name": "N10"}, {"line_id": "96-128-0-j24-1", "route_id": "8.TA.96-128-0-j24-1.2.H", "mode": "bus", "line_name": "N10"}, {"line_id": "96-128-0-j24-1", "route_id": "9.TA.96-128-0-j24-1.4.R", "mode": "bus", "line_name": "N10"}, {"line_id": "96-128-0-j24-1", "route_id": "13.TA.96-128-0-j24-1.4.R", "mode": "bus", "line_name": "N10"}, {"line_id": "96-127-6-j24-1", "route_id": "28.TA.96-127-6-j24-1.1.H", "mode": "bus", "line_name": "76"}], "predominant_mode": "bus", "assigned_canton": "Jura", "modes_list": ["bus"]}, "geometry": {"type": "Point", "coordinates": [7.119553458380135, 47.40568249626513]}}, {"id": "6206", "type": "Feature", "properties": {"name": "Courgenay, gare", "lon": 7.123730621407629, "lat": 47.404308425652154, "stop_id": ["8504114.link:973882", "8504114.link:973883"], "lines": [{"line_id": "92-EV1-L-j24-1", "route_id": "146.TA.92-EV1-L-j24-1.7.H", "mode": "bus", "line_name": "EV1"}, {"line_id": "96-128-0-j24-1", "route_id": "6.TA.96-128-0-j24-1.2.H", "mode": "bus", "line_name": "N10"}, {"line_id": "96-128-0-j24-1", "route_id": "8.TA.96-128-0-j24-1.2.H", "mode": "bus", "line_name": "N10"}, {"line_id": "96-128-0-j24-1", "route_id": "9.TA.96-128-0-j24-1.4.R", "mode": "bus", "line_name": "N10"}, {"line_id": "96-128-0-j24-1", "route_id": "13.TA.96-128-0-j24-1.4.R", "mode": "bus", "line_name": "N10"}], "predominant_mode": "bus", "assigned_canton": "Jura", "modes_list": ["bus"]}, "geometry": {"type": "Point", "coordinates": [7.1237306283441475, 47.404308436198285]}}, {"id": "6207", "type": "Feature", "properties": {"name": "Courgenay, haut du village", "lon": 7.134213951405222, "lat": 47.403870665488, "stop_id": ["8572088.link:821958", "8572088.link:821959"], "lines": [{"line_id": "96-128-0-j24-1", "route_id": "9.TA.96-128-0-j24-1.4.R", "mode": "bus", "line_name": "N10"}, {"line_id": "96-128-0-j24-1", "route_id": "13.TA.96-128-0-j24-1.4.R", "mode": "bus", "line_name": "N10"}, {"line_id": "96-127-6-j24-1", "route_id": "28.TA.96-127-6-j24-1.1.H", "mode": "bus", "line_name": "76"}, {"line_id": "96-127-6-j24-1", "route_id": "47.TA.96-127-6-j24-1.2.R", "mode": "bus", "line_name": "76"}, {"line_id": "96-128-0-j24-1", "route_id": "6.TA.96-128-0-j24-1.2.H", "mode": "bus", "line_name": "N10"}, {"line_id": "96-128-0-j24-1", "route_id": "8.TA.96-128-0-j24-1.2.H", "mode": "bus", "line_name": "N10"}], "predominant_mode": "bus", "assigned_canton": "Jura", "modes_list": ["bus"]}, "geometry": {"type": "Point", "coordinates": [7.134213958353037, 47.40387067603149]}}, {"id": "6208", "type": "Feature", "properties": {"name": "Courgenay, zone industrielle", "lon": 7.128707281545861, "lat": 47.40829674557417, "stop_id": ["8583350.link:1219162", "8583350.link:1219163"], "lines": [{"line_id": "96-127-6-j24-1", "route_id": "28.TA.96-127-6-j24-1.1.H", "mode": "bus", "line_name": "76"}, {"line_id": "96-127-6-j24-1", "route_id": "47.TA.96-127-6-j24-1.2.R", "mode": "bus", "line_name": "76"}], "predominant_mode": "bus", "assigned_canton": "Jura", "modes_list": ["bus"]}, "geometry": {"type": "Point", "coordinates": [7.128707288486693, 47.408296756120464]}}, {"id": "6213", "type": "Feature", "properties": {"name": "Courrendlin, casino", "lon": 7.369473739650413, "lat": 47.34305350180343, "stop_id": ["8579793.link:1876972", "8579793.link:987458", "8579793.link:987481"], "lines": [{"line_id": "96-120-8-j24-1", "route_id": "565.TA.96-120-8-j24-1.50.R", "mode": "bus", "line_name": "8"}, {"line_id": "96-120-8-j24-1", "route_id": "575.TA.96-120-8-j24-1.53.R", "mode": "bus", "line_name": "8"}, {"line_id": "96-120-8-j24-1", "route_id": "573.TA.96-120-8-j24-1.52.R", "mode": "bus", "line_name": "8"}, {"line_id": "96-120-8-j24-1", "route_id": "539.TA.96-120-8-j24-1.47.R", "mode": "bus", "line_name": "8"}, {"line_id": "96-120-8-j24-1", "route_id": "528.TA.96-120-8-j24-1.45.R", "mode": "bus", "line_name": "8"}, {"line_id": "96-120-8-j24-1", "route_id": "586.TA.96-120-8-j24-1.190.R", "mode": "bus", "line_name": "8"}, {"line_id": "96-120-8-j24-1", "route_id": "576.TA.96-120-8-j24-1.188.R", "mode": "bus", "line_name": "8"}, {"line_id": "96-120-8-j24-1", "route_id": "479.TA.96-120-8-j24-1.39.R", "mode": "bus", "line_name": "8"}, {"line_id": "96-120-8-j24-1", "route_id": "561.TA.96-120-8-j24-1.185.R", "mode": "bus", "line_name": "8"}, {"line_id": "96-120-8-j24-1", "route_id": "535.TA.96-120-8-j24-1.46.R", "mode": "bus", "line_name": "8"}, {"line_id": "96-120-8-j24-1", "route_id": "572.TA.96-120-8-j24-1.51.R", "mode": "bus", "line_name": "8"}, {"line_id": "96-120-8-j24-1", "route_id": "480.TA.96-120-8-j24-1.39.R", "mode": "bus", "line_name": "8"}, {"line_id": "96-120-8-j24-1", "route_id": "523.TA.96-120-8-j24-1.43.R", "mode": "bus", "line_name": "8"}, {"line_id": "96-120-8-j24-1", "route_id": "582.TA.96-120-8-j24-1.56.R", "mode": "bus", "line_name": "8"}, {"line_id": "96-120-8-j24-1", "route_id": "580.TA.96-120-8-j24-1.188.R", "mode": "bus", "line_name": "8"}, {"line_id": "96-120-8-j24-1", "route_id": "564.TA.96-120-8-j24-1.50.R", "mode": "bus", "line_name": "8"}, {"line_id": "96-120-8-j24-1", "route_id": "313.TA.96-120-8-j24-1.30.R", "mode": "bus", "line_name": "8"}, {"line_id": "96-120-8-j24-1", "route_id": "428.TA.96-120-8-j24-1.35.R", "mode": "bus", "line_name": "8"}, {"line_id": "96-120-8-j24-1", "route_id": "462.TA.96-120-8-j24-1.179.R", "mode": "bus", "line_name": "8"}, {"line_id": "96-129-0-j24-1", "route_id": "4.TA.96-129-0-j24-1.13.H", "mode": "bus", "line_name": "M31"}, {"line_id": "96-120-8-j24-1", "route_id": "361.TA.96-120-8-j24-1.33.R", "mode": "bus", "line_name": "8"}, {"line_id": "96-120-8-j24-1", "route_id": "510.TA.96-120-8-j24-1.181.R", "mode": "bus", "line_name": "8"}, {"line_id": "96-120-8-j24-1", "route_id": "585.TA.96-120-8-j24-1.189.R", "mode": "bus", "line_name": "8"}, {"line_id": "96-120-8-j24-1", "route_id": "264.TA.96-120-8-j24-1.25.H", "mode": "bus", "line_name": "8"}, {"line_id": "96-120-8-j24-1", "route_id": "99.TA.96-120-8-j24-1.8.H", "mode": "bus", "line_name": "8"}, {"line_id": "96-120-8-j24-1", "route_id": "281.TA.96-120-8-j24-1.27.H", "mode": "bus", "line_name": "8"}, {"line_id": "96-120-8-j24-1", "route_id": "202.TA.96-120-8-j24-1.19.H", "mode": "bus", "line_name": "8"}, {"line_id": "96-120-8-j24-1", "route_id": "24.TA.96-120-8-j24-1.2.H", "mode": "bus", "line_name": "8"}, {"line_id": "96-120-8-j24-1", "route_id": "152.TA.96-120-8-j24-1.165.H", "mode": "bus", "line_name": "8"}, {"line_id": "96-120-8-j24-1", "route_id": "100.TA.96-120-8-j24-1.8.H", "mode": "bus", "line_name": "8"}, {"line_id": "96-120-8-j24-1", "route_id": "269.TA.96-120-8-j24-1.175.H", "mode": "bus", "line_name": "8"}, {"line_id": "96-120-8-j24-1", "route_id": "113.TA.96-120-8-j24-1.164.H", "mode": "bus", "line_name": "8"}, {"line_id": "96-120-8-j24-1", "route_id": "230.TA.96-120-8-j24-1.171.H", "mode": "bus", "line_name": "8"}, {"line_id": "96-120-8-j24-1", "route_id": "189.TA.96-120-8-j24-1.17.H", "mode": "bus", "line_name": "8"}, {"line_id": "96-120-8-j24-1", "route_id": "157.TA.96-120-8-j24-1.14.H", "mode": "bus", "line_name": "8"}, {"line_id": "96-120-8-j24-1", "route_id": "291.TA.96-120-8-j24-1.176.H", "mode": "bus", "line_name": "8"}, {"line_id": "96-129-0-j24-1", "route_id": "12.TA.96-129-0-j24-1.17.R", "mode": "bus", "line_name": "M31"}, {"line_id": "96-120-8-j24-1", "route_id": "117.TA.96-120-8-j24-1.164.H", "mode": "bus", "line_name": "8"}, {"line_id": "96-120-8-j24-1", "route_id": "47.TA.96-120-8-j24-1.6.H", "mode": "bus", "line_name": "8"}, {"line_id": "96-120-8-j24-1", "route_id": "221.TA.96-120-8-j24-1.22.H", "mode": "bus", "line_name": "8"}, {"line_id": "96-120-8-j24-1", "route_id": "206.TA.96-120-8-j24-1.21.H", "mode": "bus", "line_name": "8"}, {"line_id": "96-120-8-j24-1", "route_id": "197.TA.96-120-8-j24-1.18.H", "mode": "bus", "line_name": "8"}, {"line_id": "96-120-8-j24-1", "route_id": "203.TA.96-120-8-j24-1.170.H", "mode": "bus", "line_name": "8"}, {"line_id": "96-120-8-j24-1", "route_id": "166.TA.96-120-8-j24-1.167.H", "mode": "bus", "line_name": "8"}, {"line_id": "96-120-8-j24-1", "route_id": "246.TA.96-120-8-j24-1.173.H", "mode": "bus", "line_name": "8"}], "predominant_mode": "bus", "assigned_canton": "Jura", "modes_list": ["bus"]}, "geometry": {"type": "Point", "coordinates": [7.369473746863191, 47.34305351226979]}}, {"id": "6214", "type": "Feature", "properties": {"name": "Courrendlin, centre", "lon": 7.373004119553992, "lat": 47.34002815174813, "stop_id": ["8571990.link:1902685", "8571990.link:1902686", "8571990.link:1915912"], "lines": [{"line_id": "96-120-8-j24-1", "route_id": "561.TA.96-120-8-j24-1.185.R", "mode": "bus", "line_name": "8"}, {"line_id": "96-120-8-j24-1", "route_id": "523.TA.96-120-8-j24-1.43.R", "mode": "bus", "line_name": "8"}, {"line_id": "96-120-8-j24-1", "route_id": "582.TA.96-120-8-j24-1.56.R", "mode": "bus", "line_name": "8"}, {"line_id": "96-120-8-j24-1", "route_id": "565.TA.96-120-8-j24-1.50.R", "mode": "bus", "line_name": "8"}, {"line_id": "96-120-8-j24-1", "route_id": "313.TA.96-120-8-j24-1.30.R", "mode": "bus", "line_name": "8"}, {"line_id": "96-120-8-j24-1", "route_id": "528.TA.96-120-8-j24-1.45.R", "mode": "bus", "line_name": "8"}, {"line_id": "96-120-8-j24-1", "route_id": "539.TA.96-120-8-j24-1.47.R", "mode": "bus", "line_name": "8"}, {"line_id": "96-120-8-j24-1", "route_id": "428.TA.96-120-8-j24-1.35.R", "mode": "bus", "line_name": "8"}, {"line_id": "96-120-8-j24-1", "route_id": "462.TA.96-120-8-j24-1.179.R", "mode": "bus", "line_name": "8"}, {"line_id": "96-120-8-j24-1", "route_id": "585.TA.96-120-8-j24-1.189.R", "mode": "bus", "line_name": "8"}, {"line_id": "96-120-8-j24-1", "route_id": "575.TA.96-120-8-j24-1.53.R", "mode": "bus", "line_name": "8"}, {"line_id": "96-120-8-j24-1", "route_id": "295.TA.96-120-8-j24-1.29.R", "mode": "bus", "line_name": "8"}, {"line_id": "96-120-8-j24-1", "route_id": "576.TA.96-120-8-j24-1.188.R", "mode": "bus", "line_name": "8"}, {"line_id": "96-120-8-j24-1", "route_id": "535.TA.96-120-8-j24-1.46.R", "mode": "bus", "line_name": "8"}, {"line_id": "96-129-0-j24-1", "route_id": "4.TA.96-129-0-j24-1.13.H", "mode": "bus", "line_name": "M31"}, {"line_id": "96-120-8-j24-1", "route_id": "572.TA.96-120-8-j24-1.51.R", "mode": "bus", "line_name": "8"}, {"line_id": "96-120-8-j24-1", "route_id": "361.TA.96-120-8-j24-1.33.R", "mode": "bus", "line_name": "8"}, {"line_id": "96-120-8-j24-1", "route_id": "480.TA.96-120-8-j24-1.39.R", "mode": "bus", "line_name": "8"}, {"line_id": "96-120-8-j24-1", "route_id": "580.TA.96-120-8-j24-1.188.R", "mode": "bus", "line_name": "8"}, {"line_id": "96-120-8-j24-1", "route_id": "564.TA.96-120-8-j24-1.50.R", "mode": "bus", "line_name": "8"}, {"line_id": "96-120-8-j24-1", "route_id": "573.TA.96-120-8-j24-1.52.R", "mode": "bus", "line_name": "8"}, {"line_id": "96-120-8-j24-1", "route_id": "479.TA.96-120-8-j24-1.39.R", "mode": "bus", "line_name": "8"}, {"line_id": "96-120-8-j24-1", "route_id": "510.TA.96-120-8-j24-1.181.R", "mode": "bus", "line_name": "8"}, {"line_id": "96-120-8-j24-1", "route_id": "586.TA.96-120-8-j24-1.190.R", "mode": "bus", "line_name": "8"}, {"line_id": "96-120-8-j24-1", "route_id": "264.TA.96-120-8-j24-1.25.H", "mode": "bus", "line_name": "8"}, {"line_id": "96-120-8-j24-1", "route_id": "99.TA.96-120-8-j24-1.8.H", "mode": "bus", "line_name": "8"}, {"line_id": "96-120-8-j24-1", "route_id": "281.TA.96-120-8-j24-1.27.H", "mode": "bus", "line_name": "8"}, {"line_id": "96-120-8-j24-1", "route_id": "202.TA.96-120-8-j24-1.19.H", "mode": "bus", "line_name": "8"}, {"line_id": "96-120-8-j24-1", "route_id": "152.TA.96-120-8-j24-1.165.H", "mode": "bus", "line_name": "8"}, {"line_id": "96-120-8-j24-1", "route_id": "100.TA.96-120-8-j24-1.8.H", "mode": "bus", "line_name": "8"}, {"line_id": "96-120-8-j24-1", "route_id": "269.TA.96-120-8-j24-1.175.H", "mode": "bus", "line_name": "8"}, {"line_id": "96-120-8-j24-1", "route_id": "113.TA.96-120-8-j24-1.164.H", "mode": "bus", "line_name": "8"}, {"line_id": "96-120-8-j24-1", "route_id": "230.TA.96-120-8-j24-1.171.H", "mode": "bus", "line_name": "8"}, {"line_id": "96-120-8-j24-1", "route_id": "157.TA.96-120-8-j24-1.14.H", "mode": "bus", "line_name": "8"}, {"line_id": "96-120-8-j24-1", "route_id": "291.TA.96-120-8-j24-1.176.H", "mode": "bus", "line_name": "8"}, {"line_id": "96-129-0-j24-1", "route_id": "12.TA.96-129-0-j24-1.17.R", "mode": "bus", "line_name": "M31"}, {"line_id": "96-120-8-j24-1", "route_id": "117.TA.96-120-8-j24-1.164.H", "mode": "bus", "line_name": "8"}, {"line_id": "96-120-8-j24-1", "route_id": "16.TA.96-120-8-j24-1.1.H", "mode": "bus", "line_name": "8"}, {"line_id": "96-120-8-j24-1", "route_id": "47.TA.96-120-8-j24-1.6.H", "mode": "bus", "line_name": "8"}, {"line_id": "96-120-8-j24-1", "route_id": "221.TA.96-120-8-j24-1.22.H", "mode": "bus", "line_name": "8"}, {"line_id": "96-120-8-j24-1", "route_id": "206.TA.96-120-8-j24-1.21.H", "mode": "bus", "line_name": "8"}, {"line_id": "96-120-8-j24-1", "route_id": "197.TA.96-120-8-j24-1.18.H", "mode": "bus", "line_name": "8"}, {"line_id": "96-120-8-j24-1", "route_id": "203.TA.96-120-8-j24-1.170.H", "mode": "bus", "line_name": "8"}, {"line_id": "96-120-8-j24-1", "route_id": "166.TA.96-120-8-j24-1.167.H", "mode": "bus", "line_name": "8"}, {"line_id": "96-120-8-j24-1", "route_id": "246.TA.96-120-8-j24-1.173.H", "mode": "bus", "line_name": "8"}, {"line_id": "96-120-8-j24-1", "route_id": "24.TA.96-120-8-j24-1.2.H", "mode": "bus", "line_name": "8"}, {"line_id": "96-120-8-j24-1", "route_id": "189.TA.96-120-8-j24-1.17.H", "mode": "bus", "line_name": "8"}], "predominant_mode": "bus", "assigned_canton": "Jura", "modes_list": ["bus"]}, "geometry": {"type": "Point", "coordinates": [7.37300412677127, 47.340028162212576]}}, {"id": "6215", "type": "Feature", "properties": {"name": "Courrendlin, \u00e9coles", "lon": 7.373174799387235, "lat": 47.334987541745434, "stop_id": ["8571991.link:1902703", "8571991.link:1902704", "8571991.link:1902705", "8571991.link:1902706"], "lines": [{"line_id": "96-120-8-j24-1", "route_id": "565.TA.96-120-8-j24-1.50.R", "mode": "bus", "line_name": "8"}, {"line_id": "96-120-8-j24-1", "route_id": "528.TA.96-120-8-j24-1.45.R", "mode": "bus", "line_name": "8"}, {"line_id": "96-120-8-j24-1", "route_id": "479.TA.96-120-8-j24-1.39.R", "mode": "bus", "line_name": "8"}, {"line_id": "96-120-8-j24-1", "route_id": "572.TA.96-120-8-j24-1.51.R", "mode": "bus", "line_name": "8"}, {"line_id": "96-120-8-j24-1", "route_id": "480.TA.96-120-8-j24-1.39.R", "mode": "bus", "line_name": "8"}, {"line_id": "96-120-8-j24-1", "route_id": "523.TA.96-120-8-j24-1.43.R", "mode": "bus", "line_name": "8"}, {"line_id": "96-120-8-j24-1", "route_id": "564.TA.96-120-8-j24-1.50.R", "mode": "bus", "line_name": "8"}, {"line_id": "96-120-8-j24-1", "route_id": "157.TA.96-120-8-j24-1.14.H", "mode": "bus", "line_name": "8"}, {"line_id": "96-120-8-j24-1", "route_id": "197.TA.96-120-8-j24-1.18.H", "mode": "bus", "line_name": "8"}, {"line_id": "96-120-8-j24-1", "route_id": "575.TA.96-120-8-j24-1.53.R", "mode": "bus", "line_name": "8"}, {"line_id": "96-120-8-j24-1", "route_id": "573.TA.96-120-8-j24-1.52.R", "mode": "bus", "line_name": "8"}, {"line_id": "96-120-8-j24-1", "route_id": "539.TA.96-120-8-j24-1.47.R", "mode": "bus", "line_name": "8"}, {"line_id": "96-120-8-j24-1", "route_id": "586.TA.96-120-8-j24-1.190.R", "mode": "bus", "line_name": "8"}, {"line_id": "96-120-8-j24-1", "route_id": "295.TA.96-120-8-j24-1.29.R", "mode": "bus", "line_name": "8"}, {"line_id": "96-120-8-j24-1", "route_id": "428.TA.96-120-8-j24-1.35.R", "mode": "bus", "line_name": "8"}, {"line_id": "96-120-8-j24-1", "route_id": "462.TA.96-120-8-j24-1.179.R", "mode": "bus", "line_name": "8"}, {"line_id": "96-120-8-j24-1", "route_id": "576.TA.96-120-8-j24-1.188.R", "mode": "bus", "line_name": "8"}, {"line_id": "96-120-8-j24-1", "route_id": "561.TA.96-120-8-j24-1.185.R", "mode": "bus", "line_name": "8"}, {"line_id": "96-120-8-j24-1", "route_id": "535.TA.96-120-8-j24-1.46.R", "mode": "bus", "line_name": "8"}, {"line_id": "96-129-0-j24-1", "route_id": "4.TA.96-129-0-j24-1.13.H", "mode": "bus", "line_name": "M31"}, {"line_id": "96-120-8-j24-1", "route_id": "361.TA.96-120-8-j24-1.33.R", "mode": "bus", "line_name": "8"}, {"line_id": "96-120-8-j24-1", "route_id": "510.TA.96-120-8-j24-1.181.R", "mode": "bus", "line_name": "8"}, {"line_id": "96-120-8-j24-1", "route_id": "582.TA.96-120-8-j24-1.56.R", "mode": "bus", "line_name": "8"}, {"line_id": "96-120-8-j24-1", "route_id": "585.TA.96-120-8-j24-1.189.R", "mode": "bus", "line_name": "8"}, {"line_id": "96-120-8-j24-1", "route_id": "580.TA.96-120-8-j24-1.188.R", "mode": "bus", "line_name": "8"}, {"line_id": "96-120-8-j24-1", "route_id": "264.TA.96-120-8-j24-1.25.H", "mode": "bus", "line_name": "8"}, {"line_id": "96-120-8-j24-1", "route_id": "99.TA.96-120-8-j24-1.8.H", "mode": "bus", "line_name": "8"}, {"line_id": "96-120-8-j24-1", "route_id": "281.TA.96-120-8-j24-1.27.H", "mode": "bus", "line_name": "8"}, {"line_id": "96-120-8-j24-1", "route_id": "202.TA.96-120-8-j24-1.19.H", "mode": "bus", "line_name": "8"}, {"line_id": "96-120-8-j24-1", "route_id": "152.TA.96-120-8-j24-1.165.H", "mode": "bus", "line_name": "8"}, {"line_id": "96-120-8-j24-1", "route_id": "100.TA.96-120-8-j24-1.8.H", "mode": "bus", "line_name": "8"}, {"line_id": "96-120-8-j24-1", "route_id": "269.TA.96-120-8-j24-1.175.H", "mode": "bus", "line_name": "8"}, {"line_id": "96-120-8-j24-1", "route_id": "113.TA.96-120-8-j24-1.164.H", "mode": "bus", "line_name": "8"}, {"line_id": "96-120-8-j24-1", "route_id": "230.TA.96-120-8-j24-1.171.H", "mode": "bus", "line_name": "8"}, {"line_id": "96-120-8-j24-1", "route_id": "291.TA.96-120-8-j24-1.176.H", "mode": "bus", "line_name": "8"}, {"line_id": "96-129-0-j24-1", "route_id": "12.TA.96-129-0-j24-1.17.R", "mode": "bus", "line_name": "M31"}, {"line_id": "96-120-8-j24-1", "route_id": "117.TA.96-120-8-j24-1.164.H", "mode": "bus", "line_name": "8"}, {"line_id": "96-120-8-j24-1", "route_id": "16.TA.96-120-8-j24-1.1.H", "mode": "bus", "line_name": "8"}, {"line_id": "96-120-8-j24-1", "route_id": "47.TA.96-120-8-j24-1.6.H", "mode": "bus", "line_name": "8"}, {"line_id": "96-120-8-j24-1", "route_id": "221.TA.96-120-8-j24-1.22.H", "mode": "bus", "line_name": "8"}, {"line_id": "96-120-8-j24-1", "route_id": "206.TA.96-120-8-j24-1.21.H", "mode": "bus", "line_name": "8"}, {"line_id": "96-120-8-j24-1", "route_id": "203.TA.96-120-8-j24-1.170.H", "mode": "bus", "line_name": "8"}, {"line_id": "96-120-8-j24-1", "route_id": "166.TA.96-120-8-j24-1.167.H", "mode": "bus", "line_name": "8"}, {"line_id": "96-120-8-j24-1", "route_id": "246.TA.96-120-8-j24-1.173.H", "mode": "bus", "line_name": "8"}], "predominant_mode": "bus", "assigned_canton": "Jura", "modes_list": ["bus"]}, "geometry": {"type": "Point", "coordinates": [7.3731748066059986, 47.334987552208155]}}, {"id": "6216", "type": "Feature", "properties": {"name": "Courroux, Birse", "lon": 7.370758340288862, "lat": 47.36227898178325, "stop_id": ["8500650.link:1736851", "8500650.link:1736852"], "lines": [{"line_id": "96-120-7-j24-1", "route_id": "208.TA.96-120-7-j24-1.9.R", "mode": "bus", "line_name": "7"}, {"line_id": "96-120-7-j24-1", "route_id": "222.TA.96-120-7-j24-1.10.R", "mode": "bus", "line_name": "7"}, {"line_id": "96-120-7-j24-1", "route_id": "121.TA.96-120-7-j24-1.6.R", "mode": "bus", "line_name": "7"}, {"line_id": "96-120-7-j24-1", "route_id": "245.TA.96-120-7-j24-1.10.R", "mode": "bus", "line_name": "7"}, {"line_id": "96-120-7-j24-1", "route_id": "150.TA.96-120-7-j24-1.7.R", "mode": "bus", "line_name": "7"}, {"line_id": "96-120-7-j24-1", "route_id": "187.TA.96-120-7-j24-1.8.R", "mode": "bus", "line_name": "7"}, {"line_id": "96-120-7-j24-1", "route_id": "145.TA.96-120-7-j24-1.7.R", "mode": "bus", "line_name": "7"}, {"line_id": "96-120-7-j24-1", "route_id": "184.TA.96-120-7-j24-1.8.R", "mode": "bus", "line_name": "7"}, {"line_id": "96-120-7-j24-1", "route_id": "181.TA.96-120-7-j24-1.8.R", "mode": "bus", "line_name": "7"}, {"line_id": "96-120-7-j24-1", "route_id": "160.TA.96-120-7-j24-1.8.R", "mode": "bus", "line_name": "7"}, {"line_id": "96-120-7-j24-1", "route_id": "83.TA.96-120-7-j24-1.4.H", "mode": "bus", "line_name": "7"}, {"line_id": "96-120-7-j24-1", "route_id": "74.TA.96-120-7-j24-1.4.H", "mode": "bus", "line_name": "7"}, {"line_id": "96-120-7-j24-1", "route_id": "40.TA.96-120-7-j24-1.2.H", "mode": "bus", "line_name": "7"}, {"line_id": "96-120-7-j24-1", "route_id": "90.TA.96-120-7-j24-1.4.H", "mode": "bus", "line_name": "7"}, {"line_id": "96-120-7-j24-1", "route_id": "115.TA.96-120-7-j24-1.5.H", "mode": "bus", "line_name": "7"}, {"line_id": "96-120-7-j24-1", "route_id": "4.TA.96-120-7-j24-1.1.H", "mode": "bus", "line_name": "7"}, {"line_id": "96-120-7-j24-1", "route_id": "66.TA.96-120-7-j24-1.3.H", "mode": "bus", "line_name": "7"}, {"line_id": "96-120-7-j24-1", "route_id": "41.TA.96-120-7-j24-1.2.H", "mode": "bus", "line_name": "7"}, {"line_id": "96-120-7-j24-1", "route_id": "88.TA.96-120-7-j24-1.4.H", "mode": "bus", "line_name": "7"}], "predominant_mode": "bus", "assigned_canton": "Jura", "modes_list": ["bus"]}, "geometry": {"type": "Point", "coordinates": [7.370758347498015, 47.36227899225579]}}, {"id": "6217", "type": "Feature", "properties": {"name": "Courroux, La Forge", "lon": 7.380424210265534, "lat": 47.36126281163179, "stop_id": ["8571970.link:1906253", "8571970.link:1906254"], "lines": [{"line_id": "96-120-7-j24-1", "route_id": "208.TA.96-120-7-j24-1.9.R", "mode": "bus", "line_name": "7"}, {"line_id": "96-120-7-j24-1", "route_id": "222.TA.96-120-7-j24-1.10.R", "mode": "bus", "line_name": "7"}, {"line_id": "96-120-7-j24-1", "route_id": "121.TA.96-120-7-j24-1.6.R", "mode": "bus", "line_name": "7"}, {"line_id": "96-120-7-j24-1", "route_id": "245.TA.96-120-7-j24-1.10.R", "mode": "bus", "line_name": "7"}, {"line_id": "96-120-7-j24-1", "route_id": "150.TA.96-120-7-j24-1.7.R", "mode": "bus", "line_name": "7"}, {"line_id": "96-120-7-j24-1", "route_id": "187.TA.96-120-7-j24-1.8.R", "mode": "bus", "line_name": "7"}, {"line_id": "96-120-7-j24-1", "route_id": "145.TA.96-120-7-j24-1.7.R", "mode": "bus", "line_name": "7"}, {"line_id": "96-120-7-j24-1", "route_id": "184.TA.96-120-7-j24-1.8.R", "mode": "bus", "line_name": "7"}, {"line_id": "96-120-7-j24-1", "route_id": "181.TA.96-120-7-j24-1.8.R", "mode": "bus", "line_name": "7"}, {"line_id": "96-120-7-j24-1", "route_id": "160.TA.96-120-7-j24-1.8.R", "mode": "bus", "line_name": "7"}, {"line_id": "96-120-7-j24-1", "route_id": "83.TA.96-120-7-j24-1.4.H", "mode": "bus", "line_name": "7"}, {"line_id": "96-120-7-j24-1", "route_id": "74.TA.96-120-7-j24-1.4.H", "mode": "bus", "line_name": "7"}, {"line_id": "96-120-7-j24-1", "route_id": "40.TA.96-120-7-j24-1.2.H", "mode": "bus", "line_name": "7"}, {"line_id": "96-120-7-j24-1", "route_id": "90.TA.96-120-7-j24-1.4.H", "mode": "bus", "line_name": "7"}, {"line_id": "96-120-7-j24-1", "route_id": "115.TA.96-120-7-j24-1.5.H", "mode": "bus", "line_name": "7"}, {"line_id": "96-120-7-j24-1", "route_id": "4.TA.96-120-7-j24-1.1.H", "mode": "bus", "line_name": "7"}, {"line_id": "96-120-7-j24-1", "route_id": "66.TA.96-120-7-j24-1.3.H", "mode": "bus", "line_name": "7"}, {"line_id": "96-120-7-j24-1", "route_id": "41.TA.96-120-7-j24-1.2.H", "mode": "bus", "line_name": "7"}, {"line_id": "96-120-7-j24-1", "route_id": "88.TA.96-120-7-j24-1.4.H", "mode": "bus", "line_name": "7"}], "predominant_mode": "bus", "assigned_canton": "Jura", "modes_list": ["bus"]}, "geometry": {"type": "Point", "coordinates": [7.380424217485131, 47.36126282210162]}}, {"id": "6218", "type": "Feature", "properties": {"name": "Courroux, Les 3 Farine", "lon": 7.375842800275141, "lat": 47.36170092170356, "stop_id": ["8571969.link:1906263", "8571969.link:1906264"], "lines": [{"line_id": "96-120-7-j24-1", "route_id": "208.TA.96-120-7-j24-1.9.R", "mode": "bus", "line_name": "7"}, {"line_id": "96-120-7-j24-1", "route_id": "222.TA.96-120-7-j24-1.10.R", "mode": "bus", "line_name": "7"}, {"line_id": "96-120-7-j24-1", "route_id": "121.TA.96-120-7-j24-1.6.R", "mode": "bus", "line_name": "7"}, {"line_id": "96-120-7-j24-1", "route_id": "245.TA.96-120-7-j24-1.10.R", "mode": "bus", "line_name": "7"}, {"line_id": "96-120-7-j24-1", "route_id": "150.TA.96-120-7-j24-1.7.R", "mode": "bus", "line_name": "7"}, {"line_id": "96-120-7-j24-1", "route_id": "187.TA.96-120-7-j24-1.8.R", "mode": "bus", "line_name": "7"}, {"line_id": "96-120-7-j24-1", "route_id": "145.TA.96-120-7-j24-1.7.R", "mode": "bus", "line_name": "7"}, {"line_id": "96-120-7-j24-1", "route_id": "184.TA.96-120-7-j24-1.8.R", "mode": "bus", "line_name": "7"}, {"line_id": "96-120-7-j24-1", "route_id": "181.TA.96-120-7-j24-1.8.R", "mode": "bus", "line_name": "7"}, {"line_id": "96-120-7-j24-1", "route_id": "160.TA.96-120-7-j24-1.8.R", "mode": "bus", "line_name": "7"}, {"line_id": "96-120-7-j24-1", "route_id": "83.TA.96-120-7-j24-1.4.H", "mode": "bus", "line_name": "7"}, {"line_id": "96-120-7-j24-1", "route_id": "74.TA.96-120-7-j24-1.4.H", "mode": "bus", "line_name": "7"}, {"line_id": "96-120-7-j24-1", "route_id": "40.TA.96-120-7-j24-1.2.H", "mode": "bus", "line_name": "7"}, {"line_id": "96-120-7-j24-1", "route_id": "90.TA.96-120-7-j24-1.4.H", "mode": "bus", "line_name": "7"}, {"line_id": "96-120-7-j24-1", "route_id": "115.TA.96-120-7-j24-1.5.H", "mode": "bus", "line_name": "7"}, {"line_id": "96-120-7-j24-1", "route_id": "4.TA.96-120-7-j24-1.1.H", "mode": "bus", "line_name": "7"}, {"line_id": "96-120-7-j24-1", "route_id": "66.TA.96-120-7-j24-1.3.H", "mode": "bus", "line_name": "7"}, {"line_id": "96-120-7-j24-1", "route_id": "41.TA.96-120-7-j24-1.2.H", "mode": "bus", "line_name": "7"}, {"line_id": "96-120-7-j24-1", "route_id": "88.TA.96-120-7-j24-1.4.H", "mode": "bus", "line_name": "7"}], "predominant_mode": "bus", "assigned_canton": "Jura", "modes_list": ["bus"]}, "geometry": {"type": "Point", "coordinates": [7.375842807489804, 47.361700932174664]}}, {"id": "6219", "type": "Feature", "properties": {"name": "Courroux, Sous-Ros\u00e9", "lon": 7.382840680239084, "lat": 47.36038657159392, "stop_id": ["8579753.link:555390", "8579753.link:555391"], "lines": [{"line_id": "96-120-7-j24-1", "route_id": "222.TA.96-120-7-j24-1.10.R", "mode": "bus", "line_name": "7"}, {"line_id": "96-120-7-j24-1", "route_id": "245.TA.96-120-7-j24-1.10.R", "mode": "bus", "line_name": "7"}, {"line_id": "96-120-7-j24-1", "route_id": "187.TA.96-120-7-j24-1.8.R", "mode": "bus", "line_name": "7"}, {"line_id": "96-120-7-j24-1", "route_id": "184.TA.96-120-7-j24-1.8.R", "mode": "bus", "line_name": "7"}, {"line_id": "96-120-7-j24-1", "route_id": "181.TA.96-120-7-j24-1.8.R", "mode": "bus", "line_name": "7"}, {"line_id": "96-120-7-j24-1", "route_id": "160.TA.96-120-7-j24-1.8.R", "mode": "bus", "line_name": "7"}, {"line_id": "96-120-7-j24-1", "route_id": "66.TA.96-120-7-j24-1.3.H", "mode": "bus", "line_name": "7"}, {"line_id": "96-120-7-j24-1", "route_id": "115.TA.96-120-7-j24-1.5.H", "mode": "bus", "line_name": "7"}], "predominant_mode": "bus", "assigned_canton": "Jura", "modes_list": ["bus"]}, "geometry": {"type": "Point", "coordinates": [7.382840687461457, 47.36038658206289]}}, {"id": "6226", "type": "Feature", "properties": {"name": "Courtedoux, Place St. Martin", "lon": 7.042738511474346, "lat": 47.40917826692019, "stop_id": ["8583437.link:1040876", "8583437.link:1040877"], "lines": [{"line_id": "96-127-3-j24-1", "route_id": "142.TA.96-127-3-j24-1.4.R", "mode": "bus", "line_name": "73"}, {"line_id": "96-127-3-j24-1", "route_id": "23.TA.96-127-3-j24-1.1.H", "mode": "bus", "line_name": "73"}, {"line_id": "96-127-3-j24-1", "route_id": "45.TA.96-127-3-j24-1.1.H", "mode": "bus", "line_name": "73"}, {"line_id": "96-127-3-j24-1", "route_id": "70.TA.96-127-3-j24-1.2.H", "mode": "bus", "line_name": "73"}], "predominant_mode": "bus", "assigned_canton": "Jura", "modes_list": ["bus"]}, "geometry": {"type": "Point", "coordinates": [7.042738518323039, 47.40917827748694]}}, {"id": "6227", "type": "Feature", "properties": {"name": "Courtedoux, le Cl\u00f4tre", "lon": 7.0433673313448235, "lat": 47.40525689691044, "stop_id": ["8583420.link:1040883"], "lines": [{"line_id": "96-127-3-j24-1", "route_id": "23.TA.96-127-3-j24-1.1.H", "mode": "bus", "line_name": "73"}, {"line_id": "96-127-3-j24-1", "route_id": "45.TA.96-127-3-j24-1.1.H", "mode": "bus", "line_name": "73"}, {"line_id": "96-127-3-j24-1", "route_id": "142.TA.96-127-3-j24-1.4.R", "mode": "bus", "line_name": "73"}, {"line_id": "96-127-3-j24-1", "route_id": "70.TA.96-127-3-j24-1.2.H", "mode": "bus", "line_name": "73"}], "predominant_mode": "bus", "assigned_canton": "Jura", "modes_list": ["bus"]}, "geometry": {"type": "Point", "coordinates": [7.043367338195162, 47.40525690747575]}}, {"id": "6230", "type": "Feature", "properties": {"name": "Courtema\u00eeche", "lon": 7.055838946358821, "lat": 47.455365653380646, "stop_id": ["8500127.link:1292219", "8500127:0:1.link:1292221", "8500127:0:1.link:1292222"], "lines": [{"line_id": "91-56-B-j24-1", "route_id": "133.TA.91-56-B-j24-1.11.H", "mode": "rail", "line_name": "RE56"}, {"line_id": "91-56-B-j24-1", "route_id": "103.TA.91-56-B-j24-1.7.H", "mode": "rail", "line_name": "RE56"}, {"line_id": "91-56-B-j24-1", "route_id": "204.TA.91-56-B-j24-1.71.H", "mode": "rail", "line_name": "RE56"}, {"line_id": "91-56-B-j24-1", "route_id": "149.TA.91-56-B-j24-1.11.H", "mode": "rail", "line_name": "RE56"}, {"line_id": "91-56-B-j24-1", "route_id": "107.TA.91-56-B-j24-1.8.H", "mode": "rail", "line_name": "RE56"}, {"line_id": "91-56-B-j24-1", "route_id": "227.TA.91-56-B-j24-1.14.H", "mode": "rail", "line_name": "RE56"}, {"line_id": "91-56-B-j24-1", "route_id": "120.TA.91-56-B-j24-1.10.H", "mode": "rail", "line_name": "RE56"}, {"line_id": "91-56-B-j24-1", "route_id": "8.TA.91-56-B-j24-1.2.H", "mode": "rail", "line_name": "RE56"}, {"line_id": "91-56-B-j24-1", "route_id": "248.TA.91-56-B-j24-1.17.R", "mode": "rail", "line_name": "RE56"}, {"line_id": "91-56-B-j24-1", "route_id": "361.TA.91-56-B-j24-1.25.R", "mode": "rail", "line_name": "RE56"}, {"line_id": "91-56-B-j24-1", "route_id": "451.TA.91-56-B-j24-1.27.R", "mode": "rail", "line_name": "RE56"}, {"line_id": "91-56-B-j24-1", "route_id": "363.TA.91-56-B-j24-1.25.R", "mode": "rail", "line_name": "RE56"}, {"line_id": "91-56-B-j24-1", "route_id": "347.TA.91-56-B-j24-1.142.R", "mode": "rail", "line_name": "RE56"}, {"line_id": "91-56-B-j24-1", "route_id": "385.TA.91-56-B-j24-1.26.R", "mode": "rail", "line_name": "RE56"}], "predominant_mode": "rail", "assigned_canton": "Jura", "modes_list": ["rail"]}, "geometry": {"type": "Point", "coordinates": [7.055838953210066, 47.45536566395957]}}, {"id": "6231", "type": "Feature", "properties": {"name": "Courtema\u00eeche, Pont de la Gare", "lon": 7.050320293032777, "lat": 47.455780716800376, "stop_id": ["8583779.link:525675", "8583779.link:525676"], "lines": [{"line_id": "96-127-9-j24-1", "route_id": "10.TA.96-127-9-j24-1.1.H", "mode": "bus", "line_name": "81"}, {"line_id": "96-127-9-j24-1", "route_id": "38.TA.96-127-9-j24-1.2.R", "mode": "bus", "line_name": "81"}], "predominant_mode": "bus", "assigned_canton": "Jura", "modes_list": ["bus"]}, "geometry": {"type": "Point", "coordinates": [7.050320299878017, 47.455780727380734]}}, {"id": "6232", "type": "Feature", "properties": {"name": "Courtema\u00eeche, centre", "lon": 7.047571453122304, "lat": 47.458568626843324, "stop_id": ["8582088.link:637144", "8582088.link:637145"], "lines": [{"line_id": "96-127-9-j24-1", "route_id": "38.TA.96-127-9-j24-1.2.R", "mode": "bus", "line_name": "81"}, {"line_id": "96-128-7-j24-1", "route_id": "10.TA.96-128-7-j24-1.2.H", "mode": "bus", "line_name": "24"}, {"line_id": "96-127-9-j24-1", "route_id": "10.TA.96-127-9-j24-1.1.H", "mode": "bus", "line_name": "81"}], "predominant_mode": "bus", "assigned_canton": "Jura", "modes_list": ["bus"]}, "geometry": {"type": "Point", "coordinates": [7.047571459963911, 47.4585686374252]}}, {"id": "6233", "type": "Feature", "properties": {"name": "Courtema\u00eeche, gare", "lon": 7.055054413052526, "lat": 47.456205896726225, "stop_id": ["8581834.link:880552", "8581834.link:880553"], "lines": [{"line_id": "96-127-9-j24-1", "route_id": "10.TA.96-127-9-j24-1.1.H", "mode": "bus", "line_name": "81"}, {"line_id": "96-127-9-j24-1", "route_id": "38.TA.96-127-9-j24-1.2.R", "mode": "bus", "line_name": "81"}], "predominant_mode": "bus", "assigned_canton": "Jura", "modes_list": ["bus"]}, "geometry": {"type": "Point", "coordinates": [7.055054419902717, 47.4562059073056]}}, {"id": "6234", "type": "Feature", "properties": {"name": "Courtema\u00eeche, viaduc", "lon": 7.0473289032906, "lat": 47.46363385684692, "stop_id": ["8582143.link:1853196", "8582143.link:1853197"], "lines": [{"line_id": "96-127-9-j24-1", "route_id": "38.TA.96-127-9-j24-1.2.R", "mode": "bus", "line_name": "81"}, {"line_id": "96-128-7-j24-1", "route_id": "10.TA.96-128-7-j24-1.2.H", "mode": "bus", "line_name": "24"}, {"line_id": "96-127-9-j24-1", "route_id": "10.TA.96-127-9-j24-1.1.H", "mode": "bus", "line_name": "81"}], "predominant_mode": "bus", "assigned_canton": "Jura", "modes_list": ["bus"]}, "geometry": {"type": "Point", "coordinates": [7.047328910130685, 47.46363386743051]}}, {"id": "6242", "type": "Feature", "properties": {"name": "Court\u00e9telle", "lon": 7.319204019602184, "lat": 47.34324219259101, "stop_id": ["8500120:0:1.link:323019", "8500120:0:1.link:323020"], "lines": [{"line_id": "91-56-B-j24-1", "route_id": "361.TA.91-56-B-j24-1.25.R", "mode": "rail", "line_name": "RE56"}, {"line_id": "91-3-B-j24-1", "route_id": "3718.TA.91-3-B-j24-1.705.R", "mode": "rail", "line_name": "S3"}, {"line_id": "91-56-B-j24-1", "route_id": "330.TA.91-56-B-j24-1.18.R", "mode": "rail", "line_name": "RE56"}, {"line_id": "91-56-B-j24-1", "route_id": "451.TA.91-56-B-j24-1.27.R", "mode": "rail", "line_name": "RE56"}, {"line_id": "91-3-B-j24-1", "route_id": "5388.TA.91-3-B-j24-1.638.R", "mode": "rail", "line_name": "S3"}, {"line_id": "91-3-B-j24-1", "route_id": "3687.TA.91-3-B-j24-1.372.R", "mode": "rail", "line_name": "S3"}, {"line_id": "91-56-B-j24-1", "route_id": "363.TA.91-56-B-j24-1.25.R", "mode": "rail", "line_name": "RE56"}, {"line_id": "91-56-B-j24-1", "route_id": "347.TA.91-56-B-j24-1.142.R", "mode": "rail", "line_name": "RE56"}, {"line_id": "91-3-B-j24-1", "route_id": "3736.TA.91-3-B-j24-1.705.R", "mode": "rail", "line_name": "S3"}, {"line_id": "91-56-B-j24-1", "route_id": "385.TA.91-56-B-j24-1.26.R", "mode": "rail", "line_name": "RE56"}, {"line_id": "91-56-B-j24-1", "route_id": "99.TA.91-56-B-j24-1.6.H", "mode": "rail", "line_name": "RE56"}, {"line_id": "91-3-B-j24-1", "route_id": "3250.TA.91-3-B-j24-1.2653.H", "mode": "rail", "line_name": "S3"}, {"line_id": "91-56-B-j24-1", "route_id": "133.TA.91-56-B-j24-1.11.H", "mode": "rail", "line_name": "RE56"}, {"line_id": "91-56-B-j24-1", "route_id": "103.TA.91-56-B-j24-1.7.H", "mode": "rail", "line_name": "RE56"}, {"line_id": "91-56-B-j24-1", "route_id": "120.TA.91-56-B-j24-1.10.H", "mode": "rail", "line_name": "RE56"}, {"line_id": "91-3-B-j24-1", "route_id": "503.TA.91-3-B-j24-1.20.H", "mode": "rail", "line_name": "S3"}, {"line_id": "91-56-B-j24-1", "route_id": "204.TA.91-56-B-j24-1.71.H", "mode": "rail", "line_name": "RE56"}, {"line_id": "91-3-B-j24-1", "route_id": "3246.TA.91-3-B-j24-1.2652.H", "mode": "rail", "line_name": "S3"}, {"line_id": "91-56-B-j24-1", "route_id": "149.TA.91-56-B-j24-1.11.H", "mode": "rail", "line_name": "RE56"}, {"line_id": "91-3-B-j24-1", "route_id": "3302.TA.91-3-B-j24-1.2961.H", "mode": "rail", "line_name": "S3"}, {"line_id": "91-56-B-j24-1", "route_id": "107.TA.91-56-B-j24-1.8.H", "mode": "rail", "line_name": "RE56"}, {"line_id": "91-56-B-j24-1", "route_id": "227.TA.91-56-B-j24-1.14.H", "mode": "rail", "line_name": "RE56"}, {"line_id": "91-3-B-j24-1", "route_id": "533.TA.91-3-B-j24-1.24.H", "mode": "rail", "line_name": "S3"}, {"line_id": "91-3-B-j24-1", "route_id": "3214.TA.91-3-B-j24-1.2650.H", "mode": "rail", "line_name": "S3"}, {"line_id": "91-3-B-j24-1", "route_id": "3233.TA.91-3-B-j24-1.4244.H", "mode": "rail", "line_name": "S3"}], "predominant_mode": "rail", "assigned_canton": "Jura", "modes_list": ["rail"]}, "geometry": {"type": "Point", "coordinates": [7.319204026761834, 47.3432422030697]}}, {"id": "6243", "type": "Feature", "properties": {"name": "Court\u00e9telle, Courtemelon", "lon": 7.324117809921941, "lat": 47.35273102251404, "stop_id": ["8581837.link:1239960", "8581837.link:1239961"], "lines": [{"line_id": "96-128-0-j24-1", "route_id": "9.TA.96-128-0-j24-1.4.R", "mode": "bus", "line_name": "N10"}, {"line_id": "96-120-2-j24-1", "route_id": "360.TA.96-120-2-j24-1.10.R", "mode": "bus", "line_name": "2"}, {"line_id": "96-120-2-j24-1", "route_id": "335.TA.96-120-2-j24-1.9.R", "mode": "bus", "line_name": "2"}, {"line_id": "96-128-0-j24-1", "route_id": "13.TA.96-128-0-j24-1.4.R", "mode": "bus", "line_name": "N10"}, {"line_id": "96-128-0-j24-1", "route_id": "6.TA.96-128-0-j24-1.2.H", "mode": "bus", "line_name": "N10"}, {"line_id": "96-120-2-j24-1", "route_id": "177.TA.96-120-2-j24-1.5.H", "mode": "bus", "line_name": "2"}, {"line_id": "96-120-2-j24-1", "route_id": "203.TA.96-120-2-j24-1.5.H", "mode": "bus", "line_name": "2"}, {"line_id": "96-128-0-j24-1", "route_id": "8.TA.96-128-0-j24-1.2.H", "mode": "bus", "line_name": "N10"}], "predominant_mode": "bus", "assigned_canton": "Jura", "modes_list": ["bus"]}, "geometry": {"type": "Point", "coordinates": [7.324117817084345, 47.35273103299477]}}, {"id": "6244", "type": "Feature", "properties": {"name": "Court\u00e9telle, Eglise", "lon": 7.315997039482347, "lat": 47.339729862641285, "stop_id": ["8502490.link:922729"], "lines": [{"line_id": "96-120-2-j24-1", "route_id": "177.TA.96-120-2-j24-1.5.H", "mode": "bus", "line_name": "2"}, {"line_id": "96-120-2-j24-1", "route_id": "203.TA.96-120-2-j24-1.5.H", "mode": "bus", "line_name": "2"}, {"line_id": "96-120-2-j24-1", "route_id": "360.TA.96-120-2-j24-1.10.R", "mode": "bus", "line_name": "2"}], "predominant_mode": "bus", "assigned_canton": "Jura", "modes_list": ["bus"]}, "geometry": {"type": "Point", "coordinates": [7.315997046639502, 47.339729873119545]}}, {"id": "6245", "type": "Feature", "properties": {"name": "Court\u00e9telle, Forge", "lon": 7.318494349485888, "lat": 47.33975421260215, "stop_id": ["8502489.link:1158110"], "lines": [{"line_id": "96-120-2-j24-1", "route_id": "177.TA.96-120-2-j24-1.5.H", "mode": "bus", "line_name": "2"}, {"line_id": "96-120-2-j24-1", "route_id": "203.TA.96-120-2-j24-1.5.H", "mode": "bus", "line_name": "2"}, {"line_id": "96-120-2-j24-1", "route_id": "360.TA.96-120-2-j24-1.10.R", "mode": "bus", "line_name": "2"}], "predominant_mode": "bus", "assigned_canton": "Jura", "modes_list": ["bus"]}, "geometry": {"type": "Point", "coordinates": [7.3184943566456795, 47.33975422307984]}}, {"id": "6246", "type": "Feature", "properties": {"name": "Court\u00e9telle, Moulin", "lon": 7.309385439496266, "lat": 47.34036904274482, "stop_id": ["8582148.link:370215", "8582148.link:370216"], "lines": [{"line_id": "96-128-0-j24-1", "route_id": "9.TA.96-128-0-j24-1.4.R", "mode": "bus", "line_name": "N10"}, {"line_id": "96-128-0-j24-1", "route_id": "13.TA.96-128-0-j24-1.4.R", "mode": "bus", "line_name": "N10"}, {"line_id": "96-128-0-j24-1", "route_id": "6.TA.96-128-0-j24-1.2.H", "mode": "bus", "line_name": "N10"}, {"line_id": "96-128-0-j24-1", "route_id": "8.TA.96-128-0-j24-1.2.H", "mode": "bus", "line_name": "N10"}], "predominant_mode": "bus", "assigned_canton": "Jura", "modes_list": ["bus"]}, "geometry": {"type": "Point", "coordinates": [7.309385446646259, 47.340369053224904]}}, {"id": "6247", "type": "Feature", "properties": {"name": "Court\u00e9telle, Sorne", "lon": 7.31502685952462, "lat": 47.34103864265646, "stop_id": ["8582081.link:922727", "8582081.link:922735"], "lines": [{"line_id": "96-120-2-j24-1", "route_id": "360.TA.96-120-2-j24-1.10.R", "mode": "bus", "line_name": "2"}, {"line_id": "96-120-2-j24-1", "route_id": "177.TA.96-120-2-j24-1.5.H", "mode": "bus", "line_name": "2"}, {"line_id": "96-120-2-j24-1", "route_id": "203.TA.96-120-2-j24-1.5.H", "mode": "bus", "line_name": "2"}], "predominant_mode": "bus", "assigned_canton": "Jura", "modes_list": ["bus"]}, "geometry": {"type": "Point", "coordinates": [7.3150268666804115, 47.34103865313543]}}, {"id": "6248", "type": "Feature", "properties": {"name": "Court\u00e9telle, St.-Maurice", "lon": 7.318081129720335, "lat": 47.34684559260863, "stop_id": ["8583780.link:1568452", "8583780.link:1568453"], "lines": [{"line_id": "96-128-0-j24-1", "route_id": "9.TA.96-128-0-j24-1.4.R", "mode": "bus", "line_name": "N10"}, {"line_id": "96-120-2-j24-1", "route_id": "360.TA.96-120-2-j24-1.10.R", "mode": "bus", "line_name": "2"}, {"line_id": "96-120-2-j24-1", "route_id": "335.TA.96-120-2-j24-1.9.R", "mode": "bus", "line_name": "2"}, {"line_id": "96-128-0-j24-1", "route_id": "13.TA.96-128-0-j24-1.4.R", "mode": "bus", "line_name": "N10"}, {"line_id": "96-128-0-j24-1", "route_id": "6.TA.96-128-0-j24-1.2.H", "mode": "bus", "line_name": "N10"}, {"line_id": "96-120-2-j24-1", "route_id": "177.TA.96-120-2-j24-1.5.H", "mode": "bus", "line_name": "2"}, {"line_id": "96-120-2-j24-1", "route_id": "203.TA.96-120-2-j24-1.5.H", "mode": "bus", "line_name": "2"}, {"line_id": "96-128-0-j24-1", "route_id": "8.TA.96-128-0-j24-1.2.H", "mode": "bus", "line_name": "N10"}], "predominant_mode": "bus", "assigned_canton": "Jura", "modes_list": ["bus"]}, "geometry": {"type": "Point", "coordinates": [7.318081136877873, 47.34684560308882]}}, {"id": "6249", "type": "Feature", "properties": {"name": "Court\u00e9telle, gare", "lon": 7.31826078959471, "lat": 47.343047412605834, "stop_id": ["8579767.link:1066506", "8579767.link:1066507"], "lines": [{"line_id": "96-120-2-j24-1", "route_id": "177.TA.96-120-2-j24-1.5.H", "mode": "bus", "line_name": "2"}, {"line_id": "96-120-2-j24-1", "route_id": "203.TA.96-120-2-j24-1.5.H", "mode": "bus", "line_name": "2"}, {"line_id": "96-120-2-j24-1", "route_id": "360.TA.96-120-2-j24-1.10.R", "mode": "bus", "line_name": "2"}, {"line_id": "96-120-2-j24-1", "route_id": "335.TA.96-120-2-j24-1.9.R", "mode": "bus", "line_name": "2"}], "predominant_mode": "bus", "assigned_canton": "Jura", "modes_list": ["bus"]}, "geometry": {"type": "Point", "coordinates": [7.318260796753403, 47.343047423084705]}}, {"id": "6250", "type": "Feature", "properties": {"name": "Court\u00e9telle, village", "lon": 7.316527039575492, "lat": 47.342523922632964, "stop_id": ["8582562.link:1158078", "8582562.link:1158079"], "lines": [{"line_id": "96-128-0-j24-1", "route_id": "9.TA.96-128-0-j24-1.4.R", "mode": "bus", "line_name": "N10"}, {"line_id": "96-128-0-j24-1", "route_id": "13.TA.96-128-0-j24-1.4.R", "mode": "bus", "line_name": "N10"}, {"line_id": "92-EV1-L-j24-1", "route_id": "146.TA.92-EV1-L-j24-1.7.H", "mode": "bus", "line_name": "EV1"}, {"line_id": "96-128-0-j24-1", "route_id": "6.TA.96-128-0-j24-1.2.H", "mode": "bus", "line_name": "N10"}, {"line_id": "96-128-0-j24-1", "route_id": "8.TA.96-128-0-j24-1.2.H", "mode": "bus", "line_name": "N10"}], "predominant_mode": "bus", "assigned_canton": "Jura", "modes_list": ["bus"]}, "geometry": {"type": "Point", "coordinates": [7.316527046732492, 47.34252393311207]}}, {"id": "6484", "type": "Feature", "properties": {"name": "Damphreux, Le Coinat", "lon": 7.102171053838948, "lat": 47.47817092598773, "stop_id": ["8572070.link:917236", "8572070.link:917237"], "lines": [{"line_id": "96-127-2-j24-1", "route_id": "79.TA.96-127-2-j24-1.5.R", "mode": "bus", "line_name": "72"}, {"line_id": "96-127-2-j24-1", "route_id": "106.TA.96-127-2-j24-1.8.R", "mode": "bus", "line_name": "72"}, {"line_id": "96-127-2-j24-1", "route_id": "14.TA.96-127-2-j24-1.1.H", "mode": "bus", "line_name": "72"}, {"line_id": "96-127-2-j24-1", "route_id": "55.TA.96-127-2-j24-1.7.H", "mode": "bus", "line_name": "72"}, {"line_id": "96-127-2-j24-1", "route_id": "27.TA.96-127-2-j24-1.3.H", "mode": "bus", "line_name": "72"}], "predominant_mode": "bus", "assigned_canton": "Jura", "modes_list": ["bus"]}, "geometry": {"type": "Point", "coordinates": [7.102171060733905, 47.47817093656313]}}, {"id": "6485", "type": "Feature", "properties": {"name": "Damphreux, Sous la C\u00f4te", "lon": 7.103231063703725, "lat": 47.47407253597126, "stop_id": ["8500677.link:917250", "8500677.link:917251"], "lines": [{"line_id": "96-127-2-j24-1", "route_id": "79.TA.96-127-2-j24-1.5.R", "mode": "bus", "line_name": "72"}, {"line_id": "96-127-2-j24-1", "route_id": "106.TA.96-127-2-j24-1.8.R", "mode": "bus", "line_name": "72"}, {"line_id": "96-127-2-j24-1", "route_id": "14.TA.96-127-2-j24-1.1.H", "mode": "bus", "line_name": "72"}, {"line_id": "96-127-2-j24-1", "route_id": "55.TA.96-127-2-j24-1.7.H", "mode": "bus", "line_name": "72"}, {"line_id": "96-127-2-j24-1", "route_id": "27.TA.96-127-2-j24-1.3.H", "mode": "bus", "line_name": "72"}], "predominant_mode": "bus", "assigned_canton": "Jura", "modes_list": ["bus"]}, "geometry": {"type": "Point", "coordinates": [7.103231070600851, 47.47407254654507]}}, {"id": "6486", "type": "Feature", "properties": {"name": "Damvant, \u00e9glise", "lon": 6.897292280077914, "lat": 47.37243359919729, "stop_id": ["8572067.link:918664", "8572067.link:918665"], "lines": [{"line_id": "96-127-8-j24-1", "route_id": "18.TA.96-127-8-j24-1.4.R", "mode": "bus", "line_name": "78"}, {"line_id": "96-127-8-j24-1", "route_id": "27.TA.96-127-8-j24-1.5.R", "mode": "bus", "line_name": "78"}, {"line_id": "96-127-8-j24-1", "route_id": "15.TA.96-127-8-j24-1.3.R", "mode": "bus", "line_name": "78"}, {"line_id": "96-127-8-j24-1", "route_id": "20.TA.96-127-8-j24-1.4.R", "mode": "bus", "line_name": "78"}, {"line_id": "96-127-8-j24-1", "route_id": "12.TA.96-127-8-j24-1.2.H", "mode": "bus", "line_name": "78"}, {"line_id": "96-127-8-j24-1", "route_id": "4.TA.96-127-8-j24-1.1.H", "mode": "bus", "line_name": "78"}, {"line_id": "96-127-8-j24-1", "route_id": "14.TA.96-127-8-j24-1.2.H", "mode": "bus", "line_name": "78"}, {"line_id": "96-127-3-j24-1", "route_id": "70.TA.96-127-3-j24-1.2.H", "mode": "bus", "line_name": "73"}], "predominant_mode": "bus", "assigned_canton": "Jura", "modes_list": ["bus"]}, "geometry": {"type": "Point", "coordinates": [6.897292286778914, 47.37243360978525]}}, {"id": "6653", "type": "Feature", "properties": {"name": "Delle", "lon": 7.010174584650919, "lat": 47.50579484742694, "stop_id": ["8718444.link:588046", "8718444.link:588047"], "lines": [{"line_id": "91-56-B-j24-1", "route_id": "133.TA.91-56-B-j24-1.11.H", "mode": "rail", "line_name": "RE56"}, {"line_id": "91-56-B-j24-1", "route_id": "103.TA.91-56-B-j24-1.7.H", "mode": "rail", "line_name": "RE56"}, {"line_id": "91-C5-j24-1", "route_id": "141.TA.91-C5-j24-1.5.R", "mode": "rail", "line_name": "C5"}, {"line_id": "91-C5-j24-1", "route_id": "82.TA.91-C5-j24-1.3.H", "mode": "rail", "line_name": "C5"}, {"line_id": "91-56-B-j24-1", "route_id": "120.TA.91-56-B-j24-1.10.H", "mode": "rail", "line_name": "RE56"}, {"line_id": "91-C5-j24-1", "route_id": "73.TA.91-C5-j24-1.3.H", "mode": "rail", "line_name": "C5"}, {"line_id": "91-C5-j24-1", "route_id": "65.TA.91-C5-j24-1.2.H", "mode": "rail", "line_name": "C5"}, {"line_id": "91-C5-j24-1", "route_id": "84.TA.91-C5-j24-1.3.H", "mode": "rail", "line_name": "C5"}, {"line_id": "91-C5-j24-1", "route_id": "176.TA.91-C5-j24-1.6.R", "mode": "rail", "line_name": "C5"}, {"line_id": "91-C5-j24-1", "route_id": "132.TA.91-C5-j24-1.5.R", "mode": "rail", "line_name": "C5"}, {"line_id": "91-C5-j24-1", "route_id": "191.TA.91-C5-j24-1.6.R", "mode": "rail", "line_name": "C5"}, {"line_id": "91-C5-j24-1", "route_id": "88.TA.91-C5-j24-1.3.H", "mode": "rail", "line_name": "C5"}, {"line_id": "91-56-B-j24-1", "route_id": "204.TA.91-56-B-j24-1.71.H", "mode": "rail", "line_name": "RE56"}, {"line_id": "91-56-B-j24-1", "route_id": "149.TA.91-56-B-j24-1.11.H", "mode": "rail", "line_name": "RE56"}, {"line_id": "91-C5-j24-1", "route_id": "182.TA.91-C5-j24-1.6.R", "mode": "rail", "line_name": "C5"}, {"line_id": "91-56-B-j24-1", "route_id": "107.TA.91-56-B-j24-1.8.H", "mode": "rail", "line_name": "RE56"}, {"line_id": "91-56-B-j24-1", "route_id": "227.TA.91-56-B-j24-1.14.H", "mode": "rail", "line_name": "RE56"}, {"line_id": "91-C5-j24-1", "route_id": "76.TA.91-C5-j24-1.3.H", "mode": "rail", "line_name": "C5"}, {"line_id": "91-56-B-j24-1", "route_id": "361.TA.91-56-B-j24-1.25.R", "mode": "rail", "line_name": "RE56"}, {"line_id": "91-C5-j24-1", "route_id": "166.TA.91-C5-j24-1.6.R", "mode": "rail", "line_name": "C5"}, {"line_id": "91-C5-j24-1", "route_id": "137.TA.91-C5-j24-1.5.R", "mode": "rail", "line_name": "C5"}, {"line_id": "91-C5-j24-1", "route_id": "152.TA.91-C5-j24-1.5.R", "mode": "rail", "line_name": "C5"}, {"line_id": "91-C5-j24-1", "route_id": "56.TA.91-C5-j24-1.2.H", "mode": "rail", "line_name": "C5"}, {"line_id": "91-56-B-j24-1", "route_id": "451.TA.91-56-B-j24-1.27.R", "mode": "rail", "line_name": "RE56"}, {"line_id": "91-C5-j24-1", "route_id": "179.TA.91-C5-j24-1.6.R", "mode": "rail", "line_name": "C5"}, {"line_id": "91-C5-j24-1", "route_id": "62.TA.91-C5-j24-1.2.H", "mode": "rail", "line_name": "C5"}, {"line_id": "91-C5-j24-1", "route_id": "172.TA.91-C5-j24-1.6.R", "mode": "rail", "line_name": "C5"}, {"line_id": "91-56-B-j24-1", "route_id": "363.TA.91-56-B-j24-1.25.R", "mode": "rail", "line_name": "RE56"}, {"line_id": "91-C5-j24-1", "route_id": "79.TA.91-C5-j24-1.3.H", "mode": "rail", "line_name": "C5"}, {"line_id": "91-C5-j24-1", "route_id": "188.TA.91-C5-j24-1.6.R", "mode": "rail", "line_name": "C5"}, {"line_id": "91-56-B-j24-1", "route_id": "347.TA.91-56-B-j24-1.142.R", "mode": "rail", "line_name": "RE56"}, {"line_id": "91-56-B-j24-1", "route_id": "385.TA.91-56-B-j24-1.26.R", "mode": "rail", "line_name": "RE56"}], "predominant_mode": "rail", "assigned_canton": "Jura", "modes_list": ["rail"]}, "geometry": {"type": "Point", "coordinates": [7.010174591440749, 47.50579485803277]}}, {"id": "6657", "type": "Feature", "properties": {"name": "Del\u00e9mont", "lon": 7.352107238727549, "lat": 47.36219566976778, "stop_id": ["8500109:0:1.link:558306", "8500109:0:1.link:558307", "8500109:0:2.link:1297448", "8500109:0:2.link:500167", "8500109:0:2.link:500168", "8500109:0:2.link:558294", "8500109:0:3.link:500167", "8500109:0:3.link:558294", "8500109:0:3.link:558295", "8500109:0:4.link:1297458", "8500109:0:4.link:500170", "8500109:0:5.link:1297457", "8500109:0:5.link:1297458"], "lines": [{"line_id": "91-3-B-j24-1", "route_id": "3312.TA.91-3-B-j24-1.913.R", "mode": "rail", "line_name": "S3"}, {"line_id": "91-3-B-j24-1", "route_id": "3718.TA.91-3-B-j24-1.705.R", "mode": "rail", "line_name": "S3"}, {"line_id": "91-56-B-j24-1", "route_id": "330.TA.91-56-B-j24-1.18.R", "mode": "rail", "line_name": "RE56"}, {"line_id": "91-56-B-j24-1", "route_id": "451.TA.91-56-B-j24-1.27.R", "mode": "rail", "line_name": "RE56"}, {"line_id": "91-3-B-j24-1", "route_id": "5388.TA.91-3-B-j24-1.638.R", "mode": "rail", "line_name": "S3"}, {"line_id": "91-3-B-j24-1", "route_id": "3687.TA.91-3-B-j24-1.372.R", "mode": "rail", "line_name": "S3"}, {"line_id": "91-56-B-j24-1", "route_id": "347.TA.91-56-B-j24-1.142.R", "mode": "rail", "line_name": "RE56"}, {"line_id": "91-3-B-j24-1", "route_id": "3736.TA.91-3-B-j24-1.705.R", "mode": "rail", "line_name": "S3"}, {"line_id": "91-56-B-j24-1", "route_id": "385.TA.91-56-B-j24-1.26.R", "mode": "rail", "line_name": "RE56"}, {"line_id": "91-56-B-j24-1", "route_id": "99.TA.91-56-B-j24-1.6.H", "mode": "rail", "line_name": "RE56"}, {"line_id": "91-3-B-j24-1", "route_id": "3250.TA.91-3-B-j24-1.2653.H", "mode": "rail", "line_name": "S3"}, {"line_id": "91-56-B-j24-1", "route_id": "103.TA.91-56-B-j24-1.7.H", "mode": "rail", "line_name": "RE56"}, {"line_id": "91-3-B-j24-1", "route_id": "2583.TA.91-3-B-j24-1.2342.H", "mode": "rail", "line_name": "S3"}, {"line_id": "91-3-B-j24-1", "route_id": "3246.TA.91-3-B-j24-1.2652.H", "mode": "rail", "line_name": "S3"}, {"line_id": "91-56-B-j24-1", "route_id": "149.TA.91-56-B-j24-1.11.H", "mode": "rail", "line_name": "RE56"}, {"line_id": "91-3-B-j24-1", "route_id": "3302.TA.91-3-B-j24-1.2961.H", "mode": "rail", "line_name": "S3"}, {"line_id": "91-56-B-j24-1", "route_id": "133.TA.91-56-B-j24-1.11.H", "mode": "rail", "line_name": "RE56"}, {"line_id": "91-56-B-j24-1", "route_id": "227.TA.91-56-B-j24-1.14.H", "mode": "rail", "line_name": "RE56"}, {"line_id": "91-3-B-j24-1", "route_id": "533.TA.91-3-B-j24-1.24.H", "mode": "rail", "line_name": "S3"}, {"line_id": "91-3-B-j24-1", "route_id": "3214.TA.91-3-B-j24-1.2650.H", "mode": "rail", "line_name": "S3"}, {"line_id": "91-3-B-j24-1", "route_id": "3233.TA.91-3-B-j24-1.4244.H", "mode": "rail", "line_name": "S3"}, {"line_id": "91-56-B-j24-1", "route_id": "107.TA.91-56-B-j24-1.8.H", "mode": "rail", "line_name": "RE56"}, {"line_id": "91-56-B-j24-1", "route_id": "241.TA.91-56-B-j24-1.15.R", "mode": "rail", "line_name": "RE56"}, {"line_id": "91-3-B-j24-1", "route_id": "3972.TA.91-3-B-j24-1.2534.R", "mode": "rail", "line_name": "S3"}, {"line_id": "91-34-Y-j24-1", "route_id": "22.TA.91-34-Y-j24-1.72.H", "mode": "rail", "line_name": "S"}, {"line_id": "91-3-B-j24-1", "route_id": "2648.TA.91-3-B-j24-1.2620.H", "mode": "rail", "line_name": "S3"}, {"line_id": "91-56-B-j24-1", "route_id": "3.TA.91-56-B-j24-1.1.H", "mode": "rail", "line_name": "RE56"}, {"line_id": "91-3-B-j24-1", "route_id": "2630.TA.91-3-B-j24-1.2615.H", "mode": "rail", "line_name": "S3"}, {"line_id": "91-56-B-j24-1", "route_id": "204.TA.91-56-B-j24-1.71.H", "mode": "rail", "line_name": "RE56"}, {"line_id": "91-51-B-j24-1", "route_id": "279.TA.91-51-B-j24-1.24.R", "mode": "rail", "line_name": "IC51"}, {"line_id": "91-42-Y-j24-1", "route_id": "59.TA.91-42-Y-j24-1.15.R", "mode": "rail", "line_name": "IC"}, {"line_id": "91-51-B-j24-1", "route_id": "437.TA.91-51-B-j24-1.40.R", "mode": "rail", "line_name": "IC51"}, {"line_id": "91-51-B-j24-1", "route_id": "270.TA.91-51-B-j24-1.135.H", "mode": "rail", "line_name": "IC51"}, {"line_id": "91-51-B-j24-1", "route_id": "61.TA.91-51-B-j24-1.6.H", "mode": "rail", "line_name": "IC51"}, {"line_id": "91-51-B-j24-1", "route_id": "72.TA.91-51-B-j24-1.6.H", "mode": "rail", "line_name": "IC51"}, {"line_id": "91-51-B-j24-1", "route_id": "249.TA.91-51-B-j24-1.134.H", "mode": "rail", "line_name": "IC51"}, {"line_id": "91-51-B-j24-1", "route_id": "170.TA.91-51-B-j24-1.17.H", "mode": "rail", "line_name": "IC51"}, {"line_id": "91-51-B-j24-1", "route_id": "536.TA.91-51-B-j24-1.141.R", "mode": "rail", "line_name": "IC51"}, {"line_id": "91-51-B-j24-1", "route_id": "348.TA.91-51-B-j24-1.73.R", "mode": "rail", "line_name": "IC51"}, {"line_id": "91-3-B-j24-1", "route_id": "503.TA.91-3-B-j24-1.20.H", "mode": "rail", "line_name": "S3"}, {"line_id": "91-42-Y-j24-1", "route_id": "10.TA.91-42-Y-j24-1.94.H", "mode": "rail", "line_name": "IC"}, {"line_id": "91-56-B-j24-1", "route_id": "361.TA.91-56-B-j24-1.25.R", "mode": "rail", "line_name": "RE56"}, {"line_id": "91-56-B-j24-1", "route_id": "363.TA.91-56-B-j24-1.25.R", "mode": "rail", "line_name": "RE56"}, {"line_id": "91-56-B-j24-1", "route_id": "120.TA.91-56-B-j24-1.10.H", "mode": "rail", "line_name": "RE56"}], "predominant_mode": "rail", "assigned_canton": "Jura", "modes_list": ["rail"]}, "geometry": {"type": "Point", "coordinates": [7.352107245917069, 47.36219568024487]}}, {"id": "6658", "type": "Feature", "properties": {"name": "Del\u00e9mont, Av. de la gare", "lon": 7.349351480325082, "lat": 47.364067892118655, "stop_id": ["8571982.link:921949", "8571982.link:921950"], "lines": [{"line_id": "96-120-2-j24-1", "route_id": "259.TA.96-120-2-j24-1.7.R", "mode": "bus", "line_name": "2"}, {"line_id": "96-120-2-j24-1", "route_id": "335.TA.96-120-2-j24-1.9.R", "mode": "bus", "line_name": "2"}, {"line_id": "96-120-1-j24-1", "route_id": "44.TA.96-120-1-j24-1.2.H", "mode": "bus", "line_name": "1"}, {"line_id": "96-120-2-j24-1", "route_id": "277.TA.96-120-2-j24-1.8.R", "mode": "bus", "line_name": "2"}, {"line_id": "96-120-2-j24-1", "route_id": "360.TA.96-120-2-j24-1.10.R", "mode": "bus", "line_name": "2"}, {"line_id": "96-120-1-j24-1", "route_id": "84.TA.96-120-1-j24-1.4.R", "mode": "bus", "line_name": "1"}, {"line_id": "96-120-2-j24-1", "route_id": "203.TA.96-120-2-j24-1.5.H", "mode": "bus", "line_name": "2"}, {"line_id": "96-120-2-j24-1", "route_id": "51.TA.96-120-2-j24-1.2.H", "mode": "bus", "line_name": "2"}, {"line_id": "96-120-2-j24-1", "route_id": "95.TA.96-120-2-j24-1.3.H", "mode": "bus", "line_name": "2"}, {"line_id": "96-120-2-j24-1", "route_id": "103.TA.96-120-2-j24-1.3.H", "mode": "bus", "line_name": "2"}, {"line_id": "96-120-2-j24-1", "route_id": "177.TA.96-120-2-j24-1.5.H", "mode": "bus", "line_name": "2"}], "predominant_mode": "bus", "assigned_canton": "Jura", "modes_list": ["bus"]}, "geometry": {"type": "Point", "coordinates": [7.349351487511207, 47.36406790259705]}}, {"id": "6659", "type": "Feature", "properties": {"name": "Del\u00e9mont, Bellerive", "lon": 7.362978931012223, "lat": 47.38434405190492, "stop_id": ["8572001.link:743272", "8572001.link:743273"], "lines": [{"line_id": "96-120-6-j24-1", "route_id": "5.TA.96-120-6-j24-1.1.H", "mode": "bus", "line_name": "6"}, {"line_id": "96-120-6-j24-1", "route_id": "164.TA.96-120-6-j24-1.10.H", "mode": "bus", "line_name": "6"}, {"line_id": "96-120-6-j24-1", "route_id": "250.TA.96-120-6-j24-1.12.H", "mode": "bus", "line_name": "6"}, {"line_id": "96-120-6-j24-1", "route_id": "142.TA.96-120-6-j24-1.25.H", "mode": "bus", "line_name": "6"}, {"line_id": "96-120-6-j24-1", "route_id": "149.TA.96-120-6-j24-1.9.H", "mode": "bus", "line_name": "6"}, {"line_id": "96-120-6-j24-1", "route_id": "171.TA.96-120-6-j24-1.10.H", "mode": "bus", "line_name": "6"}, {"line_id": "96-120-6-j24-1", "route_id": "206.TA.96-120-6-j24-1.11.H", "mode": "bus", "line_name": "6"}, {"line_id": "96-120-6-j24-1", "route_id": "53.TA.96-120-6-j24-1.5.H", "mode": "bus", "line_name": "6"}, {"line_id": "96-120-6-j24-1", "route_id": "395.TA.96-120-6-j24-1.21.R", "mode": "bus", "line_name": "6"}, {"line_id": "96-120-6-j24-1", "route_id": "279.TA.96-120-6-j24-1.13.R", "mode": "bus", "line_name": "6"}, {"line_id": "96-120-6-j24-1", "route_id": "439.TA.96-120-6-j24-1.26.R", "mode": "bus", "line_name": "6"}, {"line_id": "96-120-6-j24-1", "route_id": "353.TA.96-120-6-j24-1.19.R", "mode": "bus", "line_name": "6"}, {"line_id": "96-120-6-j24-1", "route_id": "392.TA.96-120-6-j24-1.21.R", "mode": "bus", "line_name": "6"}, {"line_id": "96-120-6-j24-1", "route_id": "452.TA.96-120-6-j24-1.24.R", "mode": "bus", "line_name": "6"}, {"line_id": "96-120-6-j24-1", "route_id": "356.TA.96-120-6-j24-1.19.R", "mode": "bus", "line_name": "6"}, {"line_id": "96-120-6-j24-1", "route_id": "393.TA.96-120-6-j24-1.21.R", "mode": "bus", "line_name": "6"}, {"line_id": "96-120-6-j24-1", "route_id": "382.TA.96-120-6-j24-1.21.R", "mode": "bus", "line_name": "6"}, {"line_id": "96-120-6-j24-1", "route_id": "370.TA.96-120-6-j24-1.20.R", "mode": "bus", "line_name": "6"}, {"line_id": "96-120-6-j24-1", "route_id": "442.TA.96-120-6-j24-1.24.R", "mode": "bus", "line_name": "6"}], "predominant_mode": "bus", "assigned_canton": "Jura", "modes_list": ["bus"]}, "geometry": {"type": "Point", "coordinates": [7.362978938207457, 47.38434406238676]}}, {"id": "6660", "type": "Feature", "properties": {"name": "Del\u00e9mont, Bellevoie", "lon": 7.351561340313764, "lat": 47.363654142084, "stop_id": ["8510380.link:1091231"], "lines": [{"line_id": "96-120-3-j24-1", "route_id": "51.TA.96-120-3-j24-1.4.R", "mode": "bus", "line_name": "3"}], "predominant_mode": "bus", "assigned_canton": "Jura", "modes_list": ["bus"]}, "geometry": {"type": "Point", "coordinates": [7.351561347502333, 47.36365415256172]}}, {"id": "6661", "type": "Feature", "properties": {"name": "Del\u00e9mont, Ch\u00e2teau-Mus\u00e9e", "lon": 7.342120040340072, "lat": 47.36475545223193, "stop_id": ["8510379.link:1108144"], "lines": [{"line_id": "96-120-1-j24-1", "route_id": "84.TA.96-120-1-j24-1.4.R", "mode": "bus", "line_name": "1"}, {"line_id": "96-120-3-j24-1", "route_id": "51.TA.96-120-3-j24-1.4.R", "mode": "bus", "line_name": "3"}], "predominant_mode": "bus", "assigned_canton": "Jura", "modes_list": ["bus"]}, "geometry": {"type": "Point", "coordinates": [7.342120047518391, 47.36475546271232]}}, {"id": "6662", "type": "Feature", "properties": {"name": "Del\u00e9mont, Communance Sud", "lon": 7.333397399847149, "lat": 47.35016878236863, "stop_id": ["8583866.link:642441", "8583866.link:642442"], "lines": [{"line_id": "96-128-0-j24-1", "route_id": "9.TA.96-128-0-j24-1.4.R", "mode": "bus", "line_name": "N10"}, {"line_id": "96-120-2-j24-1", "route_id": "212.TA.96-120-2-j24-1.6.R", "mode": "bus", "line_name": "2"}, {"line_id": "96-120-2-j24-1", "route_id": "335.TA.96-120-2-j24-1.9.R", "mode": "bus", "line_name": "2"}, {"line_id": "96-128-0-j24-1", "route_id": "13.TA.96-128-0-j24-1.4.R", "mode": "bus", "line_name": "N10"}, {"line_id": "96-120-2-j24-1", "route_id": "277.TA.96-120-2-j24-1.8.R", "mode": "bus", "line_name": "2"}, {"line_id": "96-120-2-j24-1", "route_id": "360.TA.96-120-2-j24-1.10.R", "mode": "bus", "line_name": "2"}, {"line_id": "96-120-2-j24-1", "route_id": "203.TA.96-120-2-j24-1.5.H", "mode": "bus", "line_name": "2"}, {"line_id": "96-128-0-j24-1", "route_id": "8.TA.96-128-0-j24-1.2.H", "mode": "bus", "line_name": "N10"}, {"line_id": "96-128-0-j24-1", "route_id": "6.TA.96-128-0-j24-1.2.H", "mode": "bus", "line_name": "N10"}, {"line_id": "96-120-2-j24-1", "route_id": "95.TA.96-120-2-j24-1.3.H", "mode": "bus", "line_name": "2"}, {"line_id": "96-120-2-j24-1", "route_id": "103.TA.96-120-2-j24-1.3.H", "mode": "bus", "line_name": "2"}, {"line_id": "96-120-2-j24-1", "route_id": "30.TA.96-120-2-j24-1.1.H", "mode": "bus", "line_name": "2"}, {"line_id": "96-120-2-j24-1", "route_id": "177.TA.96-120-2-j24-1.5.H", "mode": "bus", "line_name": "2"}], "predominant_mode": "bus", "assigned_canton": "Jura", "modes_list": ["bus"]}, "geometry": {"type": "Point", "coordinates": [7.333397407020018, 47.350168792846226]}}, {"id": "6663", "type": "Feature", "properties": {"name": "Del\u00e9mont, Cras-des-Fourches", "lon": 7.356996150701327, "lat": 47.37516508199879, "stop_id": ["8581137.link:1020189", "8581137.link:772050"], "lines": [{"line_id": "96-120-2-j24-1", "route_id": "277.TA.96-120-2-j24-1.8.R", "mode": "bus", "line_name": "2"}, {"line_id": "96-120-2-j24-1", "route_id": "360.TA.96-120-2-j24-1.10.R", "mode": "bus", "line_name": "2"}, {"line_id": "96-120-2-j24-1", "route_id": "259.TA.96-120-2-j24-1.7.R", "mode": "bus", "line_name": "2"}, {"line_id": "96-120-2-j24-1", "route_id": "335.TA.96-120-2-j24-1.9.R", "mode": "bus", "line_name": "2"}, {"line_id": "96-120-2-j24-1", "route_id": "203.TA.96-120-2-j24-1.5.H", "mode": "bus", "line_name": "2"}, {"line_id": "96-120-2-j24-1", "route_id": "51.TA.96-120-2-j24-1.2.H", "mode": "bus", "line_name": "2"}, {"line_id": "96-120-2-j24-1", "route_id": "95.TA.96-120-2-j24-1.3.H", "mode": "bus", "line_name": "2"}, {"line_id": "96-120-2-j24-1", "route_id": "103.TA.96-120-2-j24-1.3.H", "mode": "bus", "line_name": "2"}, {"line_id": "96-120-2-j24-1", "route_id": "177.TA.96-120-2-j24-1.5.H", "mode": "bus", "line_name": "2"}], "predominant_mode": "bus", "assigned_canton": "Jura", "modes_list": ["bus"]}, "geometry": {"type": "Point", "coordinates": [7.356996157892642, 47.375165092479016]}}, {"id": "6664", "type": "Feature", "properties": {"name": "Del\u00e9mont, Emile-Bo\u00e9chat", "lon": 7.354579680238772, "lat": 47.361293232036715, "stop_id": ["8582586.link:451356", "8582586.link:451357"], "lines": [{"line_id": "96-120-8-j24-1", "route_id": "264.TA.96-120-8-j24-1.25.H", "mode": "bus", "line_name": "8"}, {"line_id": "96-120-8-j24-1", "route_id": "99.TA.96-120-8-j24-1.8.H", "mode": "bus", "line_name": "8"}, {"line_id": "96-120-8-j24-1", "route_id": "281.TA.96-120-8-j24-1.27.H", "mode": "bus", "line_name": "8"}, {"line_id": "96-120-8-j24-1", "route_id": "202.TA.96-120-8-j24-1.19.H", "mode": "bus", "line_name": "8"}, {"line_id": "96-120-8-j24-1", "route_id": "24.TA.96-120-8-j24-1.2.H", "mode": "bus", "line_name": "8"}, {"line_id": "96-120-8-j24-1", "route_id": "152.TA.96-120-8-j24-1.165.H", "mode": "bus", "line_name": "8"}, {"line_id": "96-120-8-j24-1", "route_id": "100.TA.96-120-8-j24-1.8.H", "mode": "bus", "line_name": "8"}, {"line_id": "96-120-8-j24-1", "route_id": "269.TA.96-120-8-j24-1.175.H", "mode": "bus", "line_name": "8"}, {"line_id": "96-120-8-j24-1", "route_id": "113.TA.96-120-8-j24-1.164.H", "mode": "bus", "line_name": "8"}, {"line_id": "96-120-8-j24-1", "route_id": "230.TA.96-120-8-j24-1.171.H", "mode": "bus", "line_name": "8"}, {"line_id": "96-120-8-j24-1", "route_id": "189.TA.96-120-8-j24-1.17.H", "mode": "bus", "line_name": "8"}, {"line_id": "96-120-8-j24-1", "route_id": "157.TA.96-120-8-j24-1.14.H", "mode": "bus", "line_name": "8"}, {"line_id": "96-120-8-j24-1", "route_id": "291.TA.96-120-8-j24-1.176.H", "mode": "bus", "line_name": "8"}, {"line_id": "96-129-0-j24-1", "route_id": "12.TA.96-129-0-j24-1.17.R", "mode": "bus", "line_name": "M31"}, {"line_id": "96-120-8-j24-1", "route_id": "117.TA.96-120-8-j24-1.164.H", "mode": "bus", "line_name": "8"}, {"line_id": "96-120-8-j24-1", "route_id": "47.TA.96-120-8-j24-1.6.H", "mode": "bus", "line_name": "8"}, {"line_id": "96-120-8-j24-1", "route_id": "221.TA.96-120-8-j24-1.22.H", "mode": "bus", "line_name": "8"}, {"line_id": "96-120-8-j24-1", "route_id": "206.TA.96-120-8-j24-1.21.H", "mode": "bus", "line_name": "8"}, {"line_id": "96-120-8-j24-1", "route_id": "197.TA.96-120-8-j24-1.18.H", "mode": "bus", "line_name": "8"}, {"line_id": "96-120-8-j24-1", "route_id": "203.TA.96-120-8-j24-1.170.H", "mode": "bus", "line_name": "8"}, {"line_id": "96-120-8-j24-1", "route_id": "166.TA.96-120-8-j24-1.167.H", "mode": "bus", "line_name": "8"}, {"line_id": "96-120-8-j24-1", "route_id": "246.TA.96-120-8-j24-1.173.H", "mode": "bus", "line_name": "8"}, {"line_id": "96-120-8-j24-1", "route_id": "561.TA.96-120-8-j24-1.185.R", "mode": "bus", "line_name": "8"}, {"line_id": "96-120-8-j24-1", "route_id": "523.TA.96-120-8-j24-1.43.R", "mode": "bus", "line_name": "8"}, {"line_id": "96-120-8-j24-1", "route_id": "582.TA.96-120-8-j24-1.56.R", "mode": "bus", "line_name": "8"}, {"line_id": "96-120-8-j24-1", "route_id": "565.TA.96-120-8-j24-1.50.R", "mode": "bus", "line_name": "8"}, {"line_id": "96-120-8-j24-1", "route_id": "313.TA.96-120-8-j24-1.30.R", "mode": "bus", "line_name": "8"}, {"line_id": "96-120-8-j24-1", "route_id": "528.TA.96-120-8-j24-1.45.R", "mode": "bus", "line_name": "8"}, {"line_id": "96-120-8-j24-1", "route_id": "539.TA.96-120-8-j24-1.47.R", "mode": "bus", "line_name": "8"}, {"line_id": "96-120-8-j24-1", "route_id": "428.TA.96-120-8-j24-1.35.R", "mode": "bus", "line_name": "8"}, {"line_id": "96-120-8-j24-1", "route_id": "462.TA.96-120-8-j24-1.179.R", "mode": "bus", "line_name": "8"}, {"line_id": "96-120-8-j24-1", "route_id": "585.TA.96-120-8-j24-1.189.R", "mode": "bus", "line_name": "8"}, {"line_id": "96-120-8-j24-1", "route_id": "575.TA.96-120-8-j24-1.53.R", "mode": "bus", "line_name": "8"}, {"line_id": "96-120-8-j24-1", "route_id": "576.TA.96-120-8-j24-1.188.R", "mode": "bus", "line_name": "8"}, {"line_id": "96-120-8-j24-1", "route_id": "535.TA.96-120-8-j24-1.46.R", "mode": "bus", "line_name": "8"}, {"line_id": "96-129-0-j24-1", "route_id": "4.TA.96-129-0-j24-1.13.H", "mode": "bus", "line_name": "M31"}, {"line_id": "96-120-8-j24-1", "route_id": "572.TA.96-120-8-j24-1.51.R", "mode": "bus", "line_name": "8"}, {"line_id": "96-120-8-j24-1", "route_id": "361.TA.96-120-8-j24-1.33.R", "mode": "bus", "line_name": "8"}, {"line_id": "96-120-8-j24-1", "route_id": "480.TA.96-120-8-j24-1.39.R", "mode": "bus", "line_name": "8"}, {"line_id": "96-120-8-j24-1", "route_id": "580.TA.96-120-8-j24-1.188.R", "mode": "bus", "line_name": "8"}, {"line_id": "96-120-8-j24-1", "route_id": "564.TA.96-120-8-j24-1.50.R", "mode": "bus", "line_name": "8"}, {"line_id": "96-120-8-j24-1", "route_id": "573.TA.96-120-8-j24-1.52.R", "mode": "bus", "line_name": "8"}, {"line_id": "96-120-8-j24-1", "route_id": "479.TA.96-120-8-j24-1.39.R", "mode": "bus", "line_name": "8"}, {"line_id": "96-120-8-j24-1", "route_id": "510.TA.96-120-8-j24-1.181.R", "mode": "bus", "line_name": "8"}, {"line_id": "96-120-8-j24-1", "route_id": "586.TA.96-120-8-j24-1.190.R", "mode": "bus", "line_name": "8"}], "predominant_mode": "bus", "assigned_canton": "Jura", "modes_list": ["bus"]}, "geometry": {"type": "Point", "coordinates": [7.354579687431132, 47.36129324251289]}}, {"id": "6665", "type": "Feature", "properties": {"name": "Del\u00e9mont, Giratoire Vorbourg", "lon": 7.351013370629877, "lat": 47.37320621209253, "stop_id": ["8579764.link:857319"], "lines": [{"line_id": "96-120-2-j24-1", "route_id": "203.TA.96-120-2-j24-1.5.H", "mode": "bus", "line_name": "2"}, {"line_id": "96-120-2-j24-1", "route_id": "51.TA.96-120-2-j24-1.2.H", "mode": "bus", "line_name": "2"}, {"line_id": "96-120-2-j24-1", "route_id": "95.TA.96-120-2-j24-1.3.H", "mode": "bus", "line_name": "2"}, {"line_id": "96-120-2-j24-1", "route_id": "103.TA.96-120-2-j24-1.3.H", "mode": "bus", "line_name": "2"}, {"line_id": "96-120-2-j24-1", "route_id": "177.TA.96-120-2-j24-1.5.H", "mode": "bus", "line_name": "2"}], "predominant_mode": "bus", "assigned_canton": "Jura", "modes_list": ["bus"]}, "geometry": {"type": "Point", "coordinates": [7.351013377815389, 47.373206222573586]}}, {"id": "6666", "type": "Feature", "properties": {"name": "Del\u00e9mont, Gros-Seuc", "lon": 7.357364450512066, "lat": 47.369446431993055, "stop_id": ["8510184.link:1863977", "8510184.link:1863978"], "lines": [{"line_id": "96-120-6-j24-1", "route_id": "395.TA.96-120-6-j24-1.21.R", "mode": "bus", "line_name": "6"}, {"line_id": "96-120-6-j24-1", "route_id": "279.TA.96-120-6-j24-1.13.R", "mode": "bus", "line_name": "6"}, {"line_id": "96-120-6-j24-1", "route_id": "439.TA.96-120-6-j24-1.26.R", "mode": "bus", "line_name": "6"}, {"line_id": "96-120-6-j24-1", "route_id": "353.TA.96-120-6-j24-1.19.R", "mode": "bus", "line_name": "6"}, {"line_id": "96-120-6-j24-1", "route_id": "392.TA.96-120-6-j24-1.21.R", "mode": "bus", "line_name": "6"}, {"line_id": "96-120-6-j24-1", "route_id": "452.TA.96-120-6-j24-1.24.R", "mode": "bus", "line_name": "6"}, {"line_id": "96-120-6-j24-1", "route_id": "356.TA.96-120-6-j24-1.19.R", "mode": "bus", "line_name": "6"}, {"line_id": "96-120-6-j24-1", "route_id": "393.TA.96-120-6-j24-1.21.R", "mode": "bus", "line_name": "6"}, {"line_id": "96-120-6-j24-1", "route_id": "382.TA.96-120-6-j24-1.21.R", "mode": "bus", "line_name": "6"}, {"line_id": "96-120-6-j24-1", "route_id": "370.TA.96-120-6-j24-1.20.R", "mode": "bus", "line_name": "6"}, {"line_id": "96-120-6-j24-1", "route_id": "442.TA.96-120-6-j24-1.24.R", "mode": "bus", "line_name": "6"}, {"line_id": "96-120-6-j24-1", "route_id": "5.TA.96-120-6-j24-1.1.H", "mode": "bus", "line_name": "6"}, {"line_id": "96-120-6-j24-1", "route_id": "164.TA.96-120-6-j24-1.10.H", "mode": "bus", "line_name": "6"}, {"line_id": "96-120-6-j24-1", "route_id": "250.TA.96-120-6-j24-1.12.H", "mode": "bus", "line_name": "6"}, {"line_id": "96-120-6-j24-1", "route_id": "142.TA.96-120-6-j24-1.25.H", "mode": "bus", "line_name": "6"}, {"line_id": "96-120-6-j24-1", "route_id": "149.TA.96-120-6-j24-1.9.H", "mode": "bus", "line_name": "6"}, {"line_id": "96-120-6-j24-1", "route_id": "171.TA.96-120-6-j24-1.10.H", "mode": "bus", "line_name": "6"}, {"line_id": "96-120-6-j24-1", "route_id": "206.TA.96-120-6-j24-1.11.H", "mode": "bus", "line_name": "6"}, {"line_id": "96-120-6-j24-1", "route_id": "53.TA.96-120-6-j24-1.5.H", "mode": "bus", "line_name": "6"}], "predominant_mode": "bus", "assigned_canton": "Jura", "modes_list": ["bus"]}, "geometry": {"type": "Point", "coordinates": [7.357364457705253, 47.369446442471286]}}, {"id": "6667", "type": "Feature", "properties": {"name": "Del\u00e9mont, H\u00f4pital", "lon": 7.337951860461835, "lat": 47.36856424229717, "stop_id": ["8581136.link:1962687"], "lines": [{"line_id": "96-120-1-j24-1", "route_id": "44.TA.96-120-1-j24-1.2.H", "mode": "bus", "line_name": "1"}, {"line_id": "96-120-1-j24-1", "route_id": "84.TA.96-120-1-j24-1.4.R", "mode": "bus", "line_name": "1"}], "predominant_mode": "bus", "assigned_canton": "Jura", "modes_list": ["bus"]}, "geometry": {"type": "Point", "coordinates": [7.337951867634776, 47.368564252779855]}}, {"id": "6668", "type": "Feature", "properties": {"name": "Del\u00e9mont, H\u00f4tel de Ville", "lon": 7.34390769035976, "lat": 47.36529089220392, "stop_id": ["8510378.link:1131257"], "lines": [{"line_id": "96-120-1-j24-1", "route_id": "84.TA.96-120-1-j24-1.4.R", "mode": "bus", "line_name": "1"}, {"line_id": "96-120-3-j24-1", "route_id": "51.TA.96-120-3-j24-1.4.R", "mode": "bus", "line_name": "3"}], "predominant_mode": "bus", "assigned_canton": "Jura", "modes_list": ["bus"]}, "geometry": {"type": "Point", "coordinates": [7.3439076975398265, 47.36529090268403]}}, {"id": "6669", "type": "Feature", "properties": {"name": "Del\u00e9mont, Innodel", "lon": 7.364955220006295, "lat": 47.35394210187419, "stop_id": ["8582563.link:1196349"], "lines": [{"line_id": "96-120-8-j24-1", "route_id": "264.TA.96-120-8-j24-1.25.H", "mode": "bus", "line_name": "8"}, {"line_id": "96-120-8-j24-1", "route_id": "99.TA.96-120-8-j24-1.8.H", "mode": "bus", "line_name": "8"}, {"line_id": "96-120-8-j24-1", "route_id": "281.TA.96-120-8-j24-1.27.H", "mode": "bus", "line_name": "8"}, {"line_id": "96-120-8-j24-1", "route_id": "561.TA.96-120-8-j24-1.185.R", "mode": "bus", "line_name": "8"}, {"line_id": "96-120-8-j24-1", "route_id": "202.TA.96-120-8-j24-1.19.H", "mode": "bus", "line_name": "8"}, {"line_id": "96-120-8-j24-1", "route_id": "523.TA.96-120-8-j24-1.43.R", "mode": "bus", "line_name": "8"}, {"line_id": "96-120-8-j24-1", "route_id": "24.TA.96-120-8-j24-1.2.H", "mode": "bus", "line_name": "8"}, {"line_id": "96-120-8-j24-1", "route_id": "582.TA.96-120-8-j24-1.56.R", "mode": "bus", "line_name": "8"}, {"line_id": "96-120-8-j24-1", "route_id": "565.TA.96-120-8-j24-1.50.R", "mode": "bus", "line_name": "8"}, {"line_id": "96-120-8-j24-1", "route_id": "313.TA.96-120-8-j24-1.30.R", "mode": "bus", "line_name": "8"}, {"line_id": "96-120-8-j24-1", "route_id": "528.TA.96-120-8-j24-1.45.R", "mode": "bus", "line_name": "8"}, {"line_id": "96-120-8-j24-1", "route_id": "152.TA.96-120-8-j24-1.165.H", "mode": "bus", "line_name": "8"}, {"line_id": "96-120-8-j24-1", "route_id": "539.TA.96-120-8-j24-1.47.R", "mode": "bus", "line_name": "8"}, {"line_id": "96-120-8-j24-1", "route_id": "428.TA.96-120-8-j24-1.35.R", "mode": "bus", "line_name": "8"}, {"line_id": "96-120-8-j24-1", "route_id": "100.TA.96-120-8-j24-1.8.H", "mode": "bus", "line_name": "8"}, {"line_id": "96-120-8-j24-1", "route_id": "166.TA.96-120-8-j24-1.167.H", "mode": "bus", "line_name": "8"}, {"line_id": "96-120-8-j24-1", "route_id": "462.TA.96-120-8-j24-1.179.R", "mode": "bus", "line_name": "8"}, {"line_id": "96-120-8-j24-1", "route_id": "269.TA.96-120-8-j24-1.175.H", "mode": "bus", "line_name": "8"}, {"line_id": "96-120-8-j24-1", "route_id": "585.TA.96-120-8-j24-1.189.R", "mode": "bus", "line_name": "8"}, {"line_id": "96-120-8-j24-1", "route_id": "575.TA.96-120-8-j24-1.53.R", "mode": "bus", "line_name": "8"}, {"line_id": "96-120-8-j24-1", "route_id": "113.TA.96-120-8-j24-1.164.H", "mode": "bus", "line_name": "8"}, {"line_id": "96-120-8-j24-1", "route_id": "230.TA.96-120-8-j24-1.171.H", "mode": "bus", "line_name": "8"}, {"line_id": "96-120-8-j24-1", "route_id": "189.TA.96-120-8-j24-1.17.H", "mode": "bus", "line_name": "8"}, {"line_id": "96-120-8-j24-1", "route_id": "157.TA.96-120-8-j24-1.14.H", "mode": "bus", "line_name": "8"}, {"line_id": "96-120-8-j24-1", "route_id": "576.TA.96-120-8-j24-1.188.R", "mode": "bus", "line_name": "8"}, {"line_id": "96-120-8-j24-1", "route_id": "535.TA.96-120-8-j24-1.46.R", "mode": "bus", "line_name": "8"}, {"line_id": "96-129-0-j24-1", "route_id": "4.TA.96-129-0-j24-1.13.H", "mode": "bus", "line_name": "M31"}, {"line_id": "96-120-8-j24-1", "route_id": "572.TA.96-120-8-j24-1.51.R", "mode": "bus", "line_name": "8"}, {"line_id": "96-120-8-j24-1", "route_id": "361.TA.96-120-8-j24-1.33.R", "mode": "bus", "line_name": "8"}, {"line_id": "96-120-8-j24-1", "route_id": "291.TA.96-120-8-j24-1.176.H", "mode": "bus", "line_name": "8"}, {"line_id": "96-120-8-j24-1", "route_id": "480.TA.96-120-8-j24-1.39.R", "mode": "bus", "line_name": "8"}, {"line_id": "96-120-8-j24-1", "route_id": "117.TA.96-120-8-j24-1.164.H", "mode": "bus", "line_name": "8"}, {"line_id": "96-129-0-j24-1", "route_id": "12.TA.96-129-0-j24-1.17.R", "mode": "bus", "line_name": "M31"}, {"line_id": "96-120-8-j24-1", "route_id": "580.TA.96-120-8-j24-1.188.R", "mode": "bus", "line_name": "8"}, {"line_id": "96-120-8-j24-1", "route_id": "564.TA.96-120-8-j24-1.50.R", "mode": "bus", "line_name": "8"}, {"line_id": "96-120-8-j24-1", "route_id": "47.TA.96-120-8-j24-1.6.H", "mode": "bus", "line_name": "8"}, {"line_id": "96-120-8-j24-1", "route_id": "573.TA.96-120-8-j24-1.52.R", "mode": "bus", "line_name": "8"}, {"line_id": "96-120-8-j24-1", "route_id": "221.TA.96-120-8-j24-1.22.H", "mode": "bus", "line_name": "8"}, {"line_id": "96-120-8-j24-1", "route_id": "479.TA.96-120-8-j24-1.39.R", "mode": "bus", "line_name": "8"}, {"line_id": "96-120-8-j24-1", "route_id": "206.TA.96-120-8-j24-1.21.H", "mode": "bus", "line_name": "8"}, {"line_id": "96-120-8-j24-1", "route_id": "197.TA.96-120-8-j24-1.18.H", "mode": "bus", "line_name": "8"}, {"line_id": "96-120-8-j24-1", "route_id": "203.TA.96-120-8-j24-1.170.H", "mode": "bus", "line_name": "8"}, {"line_id": "96-120-8-j24-1", "route_id": "510.TA.96-120-8-j24-1.181.R", "mode": "bus", "line_name": "8"}, {"line_id": "96-120-8-j24-1", "route_id": "586.TA.96-120-8-j24-1.190.R", "mode": "bus", "line_name": "8"}, {"line_id": "96-120-8-j24-1", "route_id": "246.TA.96-120-8-j24-1.173.H", "mode": "bus", "line_name": "8"}], "predominant_mode": "bus", "assigned_canton": "Jura", "modes_list": ["bus"]}, "geometry": {"type": "Point", "coordinates": [7.364955227211492, 47.353942112345344]}}, {"id": "6670", "type": "Feature", "properties": {"name": "Del\u00e9mont, Jolimont", "lon": 7.338553730258547, "lat": 47.362412852287825, "stop_id": ["8579768.link:1158164", "8579768.link:1158165"], "lines": [{"line_id": "96-120-8-j24-1", "route_id": "573.TA.96-120-8-j24-1.52.R", "mode": "bus", "line_name": "8"}, {"line_id": "96-120-8-j24-1", "route_id": "39.TA.96-120-8-j24-1.4.H", "mode": "bus", "line_name": "8"}], "predominant_mode": "bus", "assigned_canton": "Jura", "modes_list": ["bus"]}, "geometry": {"type": "Point", "coordinates": [7.338553737433708, 47.362412862768295]}}, {"id": "6671", "type": "Feature", "properties": {"name": "Del\u00e9mont, La Deute", "lon": 7.346270259989575, "lat": 47.354045562166924, "stop_id": ["8583555.link:1158057", "8583555.link:1158058"], "lines": [{"line_id": "96-120-6-j24-1", "route_id": "54.TA.96-120-6-j24-1.6.H", "mode": "bus", "line_name": "6"}, {"line_id": "96-120-6-j24-1", "route_id": "85.TA.96-120-6-j24-1.6.H", "mode": "bus", "line_name": "6"}, {"line_id": "96-120-6-j24-1", "route_id": "164.TA.96-120-6-j24-1.10.H", "mode": "bus", "line_name": "6"}, {"line_id": "96-120-6-j24-1", "route_id": "250.TA.96-120-6-j24-1.12.H", "mode": "bus", "line_name": "6"}, {"line_id": "96-120-6-j24-1", "route_id": "42.TA.96-120-6-j24-1.3.H", "mode": "bus", "line_name": "6"}, {"line_id": "96-120-6-j24-1", "route_id": "171.TA.96-120-6-j24-1.10.H", "mode": "bus", "line_name": "6"}, {"line_id": "96-120-6-j24-1", "route_id": "206.TA.96-120-6-j24-1.11.H", "mode": "bus", "line_name": "6"}, {"line_id": "96-120-6-j24-1", "route_id": "395.TA.96-120-6-j24-1.21.R", "mode": "bus", "line_name": "6"}, {"line_id": "96-120-6-j24-1", "route_id": "439.TA.96-120-6-j24-1.26.R", "mode": "bus", "line_name": "6"}, {"line_id": "96-120-6-j24-1", "route_id": "325.TA.96-120-6-j24-1.16.R", "mode": "bus", "line_name": "6"}, {"line_id": "96-120-6-j24-1", "route_id": "392.TA.96-120-6-j24-1.21.R", "mode": "bus", "line_name": "6"}, {"line_id": "96-120-6-j24-1", "route_id": "452.TA.96-120-6-j24-1.24.R", "mode": "bus", "line_name": "6"}, {"line_id": "96-120-6-j24-1", "route_id": "350.TA.96-120-6-j24-1.18.R", "mode": "bus", "line_name": "6"}, {"line_id": "96-120-6-j24-1", "route_id": "393.TA.96-120-6-j24-1.21.R", "mode": "bus", "line_name": "6"}, {"line_id": "96-120-6-j24-1", "route_id": "382.TA.96-120-6-j24-1.21.R", "mode": "bus", "line_name": "6"}, {"line_id": "96-120-6-j24-1", "route_id": "442.TA.96-120-6-j24-1.24.R", "mode": "bus", "line_name": "6"}], "predominant_mode": "bus", "assigned_canton": "Jura", "modes_list": ["bus"]}, "geometry": {"type": "Point", "coordinates": [7.346270267175043, 47.35404557264269]}}, {"id": "6672", "type": "Feature", "properties": {"name": "Del\u00e9mont, La Mandchourie", "lon": 7.345129400079091, "lat": 47.356784092184824, "stop_id": ["8571997.link:1417050", "8571997.link:1417051"], "lines": [{"line_id": "96-128-0-j24-1", "route_id": "9.TA.96-128-0-j24-1.4.R", "mode": "bus", "line_name": "N10"}, {"line_id": "96-120-2-j24-1", "route_id": "212.TA.96-120-2-j24-1.6.R", "mode": "bus", "line_name": "2"}, {"line_id": "96-120-6-j24-1", "route_id": "54.TA.96-120-6-j24-1.6.H", "mode": "bus", "line_name": "6"}, {"line_id": "96-120-6-j24-1", "route_id": "85.TA.96-120-6-j24-1.6.H", "mode": "bus", "line_name": "6"}, {"line_id": "96-120-2-j24-1", "route_id": "335.TA.96-120-2-j24-1.9.R", "mode": "bus", "line_name": "2"}, {"line_id": "96-120-6-j24-1", "route_id": "164.TA.96-120-6-j24-1.10.H", "mode": "bus", "line_name": "6"}, {"line_id": "96-120-6-j24-1", "route_id": "250.TA.96-120-6-j24-1.12.H", "mode": "bus", "line_name": "6"}, {"line_id": "96-128-0-j24-1", "route_id": "13.TA.96-128-0-j24-1.4.R", "mode": "bus", "line_name": "N10"}, {"line_id": "96-120-6-j24-1", "route_id": "42.TA.96-120-6-j24-1.3.H", "mode": "bus", "line_name": "6"}, {"line_id": "96-120-2-j24-1", "route_id": "277.TA.96-120-2-j24-1.8.R", "mode": "bus", "line_name": "2"}, {"line_id": "96-120-6-j24-1", "route_id": "171.TA.96-120-6-j24-1.10.H", "mode": "bus", "line_name": "6"}, {"line_id": "96-120-6-j24-1", "route_id": "206.TA.96-120-6-j24-1.11.H", "mode": "bus", "line_name": "6"}, {"line_id": "96-120-2-j24-1", "route_id": "360.TA.96-120-2-j24-1.10.R", "mode": "bus", "line_name": "2"}, {"line_id": "96-120-6-j24-1", "route_id": "395.TA.96-120-6-j24-1.21.R", "mode": "bus", "line_name": "6"}, {"line_id": "96-120-6-j24-1", "route_id": "439.TA.96-120-6-j24-1.26.R", "mode": "bus", "line_name": "6"}, {"line_id": "96-120-6-j24-1", "route_id": "325.TA.96-120-6-j24-1.16.R", "mode": "bus", "line_name": "6"}, {"line_id": "96-120-6-j24-1", "route_id": "392.TA.96-120-6-j24-1.21.R", "mode": "bus", "line_name": "6"}, {"line_id": "96-120-2-j24-1", "route_id": "203.TA.96-120-2-j24-1.5.H", "mode": "bus", "line_name": "2"}, {"line_id": "96-128-0-j24-1", "route_id": "8.TA.96-128-0-j24-1.2.H", "mode": "bus", "line_name": "N10"}, {"line_id": "96-128-0-j24-1", "route_id": "6.TA.96-128-0-j24-1.2.H", "mode": "bus", "line_name": "N10"}, {"line_id": "96-120-6-j24-1", "route_id": "452.TA.96-120-6-j24-1.24.R", "mode": "bus", "line_name": "6"}, {"line_id": "96-120-6-j24-1", "route_id": "350.TA.96-120-6-j24-1.18.R", "mode": "bus", "line_name": "6"}, {"line_id": "96-120-6-j24-1", "route_id": "393.TA.96-120-6-j24-1.21.R", "mode": "bus", "line_name": "6"}, {"line_id": "96-120-6-j24-1", "route_id": "382.TA.96-120-6-j24-1.21.R", "mode": "bus", "line_name": "6"}, {"line_id": "96-120-2-j24-1", "route_id": "95.TA.96-120-2-j24-1.3.H", "mode": "bus", "line_name": "2"}, {"line_id": "96-120-2-j24-1", "route_id": "103.TA.96-120-2-j24-1.3.H", "mode": "bus", "line_name": "2"}, {"line_id": "96-120-2-j24-1", "route_id": "30.TA.96-120-2-j24-1.1.H", "mode": "bus", "line_name": "2"}, {"line_id": "96-120-2-j24-1", "route_id": "177.TA.96-120-2-j24-1.5.H", "mode": "bus", "line_name": "2"}, {"line_id": "96-120-6-j24-1", "route_id": "442.TA.96-120-6-j24-1.24.R", "mode": "bus", "line_name": "6"}], "predominant_mode": "bus", "assigned_canton": "Jura", "modes_list": ["bus"]}, "geometry": {"type": "Point", "coordinates": [7.345129407262644, 47.35678410266179]}}, {"id": "6673", "type": "Feature", "properties": {"name": "Del\u00e9mont, La Promenade", "lon": 7.34071867034804, "lat": 47.3650414222539, "stop_id": ["8581218.link:1158154", "8581218.link:1158155"], "lines": [{"line_id": "96-120-1-j24-1", "route_id": "44.TA.96-120-1-j24-1.2.H", "mode": "bus", "line_name": "1"}, {"line_id": "96-120-1-j24-1", "route_id": "84.TA.96-120-1-j24-1.4.R", "mode": "bus", "line_name": "1"}], "predominant_mode": "bus", "assigned_canton": "Jura", "modes_list": ["bus"]}, "geometry": {"type": "Point", "coordinates": [7.34071867752481, 47.365041432734685]}}, {"id": "6674", "type": "Feature", "properties": {"name": "Del\u00e9mont, Le Ticle", "lon": 7.348911310369605, "lat": 47.36542475212554, "stop_id": ["8571983.link:772008", "8571983.link:772009"], "lines": [{"line_id": "96-120-2-j24-1", "route_id": "259.TA.96-120-2-j24-1.7.R", "mode": "bus", "line_name": "2"}, {"line_id": "96-120-2-j24-1", "route_id": "335.TA.96-120-2-j24-1.9.R", "mode": "bus", "line_name": "2"}, {"line_id": "96-120-1-j24-1", "route_id": "44.TA.96-120-1-j24-1.2.H", "mode": "bus", "line_name": "1"}, {"line_id": "96-120-2-j24-1", "route_id": "277.TA.96-120-2-j24-1.8.R", "mode": "bus", "line_name": "2"}, {"line_id": "96-120-2-j24-1", "route_id": "360.TA.96-120-2-j24-1.10.R", "mode": "bus", "line_name": "2"}, {"line_id": "96-120-1-j24-1", "route_id": "84.TA.96-120-1-j24-1.4.R", "mode": "bus", "line_name": "1"}, {"line_id": "96-120-2-j24-1", "route_id": "203.TA.96-120-2-j24-1.5.H", "mode": "bus", "line_name": "2"}, {"line_id": "96-120-2-j24-1", "route_id": "51.TA.96-120-2-j24-1.2.H", "mode": "bus", "line_name": "2"}, {"line_id": "96-120-2-j24-1", "route_id": "95.TA.96-120-2-j24-1.3.H", "mode": "bus", "line_name": "2"}, {"line_id": "96-120-2-j24-1", "route_id": "103.TA.96-120-2-j24-1.3.H", "mode": "bus", "line_name": "2"}, {"line_id": "96-120-2-j24-1", "route_id": "177.TA.96-120-2-j24-1.5.H", "mode": "bus", "line_name": "2"}], "predominant_mode": "bus", "assigned_canton": "Jura", "modes_list": ["bus"]}, "geometry": {"type": "Point", "coordinates": [7.3489113175549186, 47.36542476260453]}}, {"id": "6675", "type": "Feature", "properties": {"name": "Del\u00e9mont, Lilas", "lon": 7.358568200422572, "lat": 47.36670855197421, "stop_id": ["8581221.link:1863985", "8581221.link:1863986"], "lines": [{"line_id": "96-120-6-j24-1", "route_id": "395.TA.96-120-6-j24-1.21.R", "mode": "bus", "line_name": "6"}, {"line_id": "96-120-6-j24-1", "route_id": "279.TA.96-120-6-j24-1.13.R", "mode": "bus", "line_name": "6"}, {"line_id": "96-120-6-j24-1", "route_id": "439.TA.96-120-6-j24-1.26.R", "mode": "bus", "line_name": "6"}, {"line_id": "96-120-6-j24-1", "route_id": "353.TA.96-120-6-j24-1.19.R", "mode": "bus", "line_name": "6"}, {"line_id": "96-120-6-j24-1", "route_id": "392.TA.96-120-6-j24-1.21.R", "mode": "bus", "line_name": "6"}, {"line_id": "96-120-6-j24-1", "route_id": "452.TA.96-120-6-j24-1.24.R", "mode": "bus", "line_name": "6"}, {"line_id": "96-120-6-j24-1", "route_id": "356.TA.96-120-6-j24-1.19.R", "mode": "bus", "line_name": "6"}, {"line_id": "96-120-6-j24-1", "route_id": "393.TA.96-120-6-j24-1.21.R", "mode": "bus", "line_name": "6"}, {"line_id": "96-120-6-j24-1", "route_id": "382.TA.96-120-6-j24-1.21.R", "mode": "bus", "line_name": "6"}, {"line_id": "96-120-6-j24-1", "route_id": "370.TA.96-120-6-j24-1.20.R", "mode": "bus", "line_name": "6"}, {"line_id": "96-120-6-j24-1", "route_id": "442.TA.96-120-6-j24-1.24.R", "mode": "bus", "line_name": "6"}, {"line_id": "96-120-6-j24-1", "route_id": "5.TA.96-120-6-j24-1.1.H", "mode": "bus", "line_name": "6"}, {"line_id": "96-120-6-j24-1", "route_id": "164.TA.96-120-6-j24-1.10.H", "mode": "bus", "line_name": "6"}, {"line_id": "96-120-6-j24-1", "route_id": "250.TA.96-120-6-j24-1.12.H", "mode": "bus", "line_name": "6"}, {"line_id": "96-120-6-j24-1", "route_id": "142.TA.96-120-6-j24-1.25.H", "mode": "bus", "line_name": "6"}, {"line_id": "96-120-6-j24-1", "route_id": "149.TA.96-120-6-j24-1.9.H", "mode": "bus", "line_name": "6"}, {"line_id": "96-120-6-j24-1", "route_id": "171.TA.96-120-6-j24-1.10.H", "mode": "bus", "line_name": "6"}, {"line_id": "96-120-6-j24-1", "route_id": "206.TA.96-120-6-j24-1.11.H", "mode": "bus", "line_name": "6"}, {"line_id": "96-120-6-j24-1", "route_id": "53.TA.96-120-6-j24-1.5.H", "mode": "bus", "line_name": "6"}], "predominant_mode": "bus", "assigned_canton": "Jura", "modes_list": ["bus"]}, "geometry": {"type": "Point", "coordinates": [7.358568207617734, 47.36670856245121]}}, {"id": "6676", "type": "Feature", "properties": {"name": "Del\u00e9mont, Moli\u00e8re", "lon": 7.347617730307474, "lat": 47.36359329214579, "stop_id": ["8510381.link:1133178"], "lines": [{"line_id": "96-120-3-j24-1", "route_id": "16.TA.96-120-3-j24-1.1.H", "mode": "bus", "line_name": "3"}], "predominant_mode": "bus", "assigned_canton": "Jura", "modes_list": ["bus"]}, "geometry": {"type": "Point", "coordinates": [7.347617737491892, 47.36359330262441]}}, {"id": "6677", "type": "Feature", "properties": {"name": "Del\u00e9mont, Mor\u00e9pont", "lon": 7.355019850513369, "lat": 47.36956202202976, "stop_id": ["8571966.link:878019", "8571966.link:878020"], "lines": [{"line_id": "96-120-2-j24-1", "route_id": "203.TA.96-120-2-j24-1.5.H", "mode": "bus", "line_name": "2"}, {"line_id": "96-120-2-j24-1", "route_id": "51.TA.96-120-2-j24-1.2.H", "mode": "bus", "line_name": "2"}, {"line_id": "96-120-2-j24-1", "route_id": "95.TA.96-120-2-j24-1.3.H", "mode": "bus", "line_name": "2"}, {"line_id": "96-120-2-j24-1", "route_id": "103.TA.96-120-2-j24-1.3.H", "mode": "bus", "line_name": "2"}, {"line_id": "96-120-2-j24-1", "route_id": "177.TA.96-120-2-j24-1.5.H", "mode": "bus", "line_name": "2"}, {"line_id": "96-120-2-j24-1", "route_id": "277.TA.96-120-2-j24-1.8.R", "mode": "bus", "line_name": "2"}, {"line_id": "96-120-2-j24-1", "route_id": "360.TA.96-120-2-j24-1.10.R", "mode": "bus", "line_name": "2"}, {"line_id": "96-120-2-j24-1", "route_id": "259.TA.96-120-2-j24-1.7.R", "mode": "bus", "line_name": "2"}, {"line_id": "96-120-2-j24-1", "route_id": "335.TA.96-120-2-j24-1.9.R", "mode": "bus", "line_name": "2"}], "predominant_mode": "bus", "assigned_canton": "Jura", "modes_list": ["bus"]}, "geometry": {"type": "Point", "coordinates": [7.355019857704054, 47.36956203250861]}}, {"id": "6678", "type": "Feature", "properties": {"name": "Del\u00e9mont, Pont La Blancherie", "lon": 7.345857040192839, "lat": 47.360191842173386, "stop_id": ["8583088.link:355463", "8583088.link:355464"], "lines": [{"line_id": "96-120-8-j24-1", "route_id": "561.TA.96-120-8-j24-1.185.R", "mode": "bus", "line_name": "8"}, {"line_id": "96-120-8-j24-1", "route_id": "523.TA.96-120-8-j24-1.43.R", "mode": "bus", "line_name": "8"}, {"line_id": "96-120-8-j24-1", "route_id": "582.TA.96-120-8-j24-1.56.R", "mode": "bus", "line_name": "8"}, {"line_id": "96-120-8-j24-1", "route_id": "565.TA.96-120-8-j24-1.50.R", "mode": "bus", "line_name": "8"}, {"line_id": "96-120-8-j24-1", "route_id": "313.TA.96-120-8-j24-1.30.R", "mode": "bus", "line_name": "8"}, {"line_id": "96-120-8-j24-1", "route_id": "528.TA.96-120-8-j24-1.45.R", "mode": "bus", "line_name": "8"}, {"line_id": "96-120-8-j24-1", "route_id": "539.TA.96-120-8-j24-1.47.R", "mode": "bus", "line_name": "8"}, {"line_id": "96-120-8-j24-1", "route_id": "428.TA.96-120-8-j24-1.35.R", "mode": "bus", "line_name": "8"}, {"line_id": "96-120-8-j24-1", "route_id": "462.TA.96-120-8-j24-1.179.R", "mode": "bus", "line_name": "8"}, {"line_id": "96-120-8-j24-1", "route_id": "585.TA.96-120-8-j24-1.189.R", "mode": "bus", "line_name": "8"}, {"line_id": "96-120-8-j24-1", "route_id": "575.TA.96-120-8-j24-1.53.R", "mode": "bus", "line_name": "8"}, {"line_id": "96-120-8-j24-1", "route_id": "576.TA.96-120-8-j24-1.188.R", "mode": "bus", "line_name": "8"}, {"line_id": "96-120-8-j24-1", "route_id": "535.TA.96-120-8-j24-1.46.R", "mode": "bus", "line_name": "8"}, {"line_id": "96-129-0-j24-1", "route_id": "4.TA.96-129-0-j24-1.13.H", "mode": "bus", "line_name": "M31"}, {"line_id": "96-120-8-j24-1", "route_id": "572.TA.96-120-8-j24-1.51.R", "mode": "bus", "line_name": "8"}, {"line_id": "96-120-8-j24-1", "route_id": "361.TA.96-120-8-j24-1.33.R", "mode": "bus", "line_name": "8"}, {"line_id": "96-120-8-j24-1", "route_id": "480.TA.96-120-8-j24-1.39.R", "mode": "bus", "line_name": "8"}, {"line_id": "96-120-8-j24-1", "route_id": "580.TA.96-120-8-j24-1.188.R", "mode": "bus", "line_name": "8"}, {"line_id": "96-120-8-j24-1", "route_id": "564.TA.96-120-8-j24-1.50.R", "mode": "bus", "line_name": "8"}, {"line_id": "96-120-8-j24-1", "route_id": "573.TA.96-120-8-j24-1.52.R", "mode": "bus", "line_name": "8"}, {"line_id": "96-120-8-j24-1", "route_id": "479.TA.96-120-8-j24-1.39.R", "mode": "bus", "line_name": "8"}, {"line_id": "96-120-8-j24-1", "route_id": "510.TA.96-120-8-j24-1.181.R", "mode": "bus", "line_name": "8"}, {"line_id": "96-120-8-j24-1", "route_id": "586.TA.96-120-8-j24-1.190.R", "mode": "bus", "line_name": "8"}, {"line_id": "96-120-8-j24-1", "route_id": "264.TA.96-120-8-j24-1.25.H", "mode": "bus", "line_name": "8"}, {"line_id": "96-120-8-j24-1", "route_id": "99.TA.96-120-8-j24-1.8.H", "mode": "bus", "line_name": "8"}, {"line_id": "96-120-8-j24-1", "route_id": "281.TA.96-120-8-j24-1.27.H", "mode": "bus", "line_name": "8"}, {"line_id": "96-120-8-j24-1", "route_id": "202.TA.96-120-8-j24-1.19.H", "mode": "bus", "line_name": "8"}, {"line_id": "96-120-8-j24-1", "route_id": "24.TA.96-120-8-j24-1.2.H", "mode": "bus", "line_name": "8"}, {"line_id": "96-120-8-j24-1", "route_id": "152.TA.96-120-8-j24-1.165.H", "mode": "bus", "line_name": "8"}, {"line_id": "96-120-8-j24-1", "route_id": "100.TA.96-120-8-j24-1.8.H", "mode": "bus", "line_name": "8"}, {"line_id": "96-120-8-j24-1", "route_id": "269.TA.96-120-8-j24-1.175.H", "mode": "bus", "line_name": "8"}, {"line_id": "96-120-8-j24-1", "route_id": "113.TA.96-120-8-j24-1.164.H", "mode": "bus", "line_name": "8"}, {"line_id": "96-120-8-j24-1", "route_id": "230.TA.96-120-8-j24-1.171.H", "mode": "bus", "line_name": "8"}, {"line_id": "96-120-8-j24-1", "route_id": "189.TA.96-120-8-j24-1.17.H", "mode": "bus", "line_name": "8"}, {"line_id": "96-120-8-j24-1", "route_id": "157.TA.96-120-8-j24-1.14.H", "mode": "bus", "line_name": "8"}, {"line_id": "96-120-8-j24-1", "route_id": "291.TA.96-120-8-j24-1.176.H", "mode": "bus", "line_name": "8"}, {"line_id": "96-129-0-j24-1", "route_id": "12.TA.96-129-0-j24-1.17.R", "mode": "bus", "line_name": "M31"}, {"line_id": "96-120-8-j24-1", "route_id": "117.TA.96-120-8-j24-1.164.H", "mode": "bus", "line_name": "8"}, {"line_id": "96-120-8-j24-1", "route_id": "47.TA.96-120-8-j24-1.6.H", "mode": "bus", "line_name": "8"}, {"line_id": "96-120-8-j24-1", "route_id": "221.TA.96-120-8-j24-1.22.H", "mode": "bus", "line_name": "8"}, {"line_id": "96-120-8-j24-1", "route_id": "206.TA.96-120-8-j24-1.21.H", "mode": "bus", "line_name": "8"}, {"line_id": "96-120-8-j24-1", "route_id": "197.TA.96-120-8-j24-1.18.H", "mode": "bus", "line_name": "8"}, {"line_id": "96-120-8-j24-1", "route_id": "203.TA.96-120-8-j24-1.170.H", "mode": "bus", "line_name": "8"}, {"line_id": "96-120-8-j24-1", "route_id": "166.TA.96-120-8-j24-1.167.H", "mode": "bus", "line_name": "8"}, {"line_id": "96-120-8-j24-1", "route_id": "246.TA.96-120-8-j24-1.173.H", "mode": "bus", "line_name": "8"}], "predominant_mode": "bus", "assigned_canton": "Jura", "modes_list": ["bus"]}, "geometry": {"type": "Point", "coordinates": [7.34585704737628, 47.36019185265132]}}, {"id": "6679", "type": "Feature", "properties": {"name": "Del\u00e9mont, Pont RDU", "lon": 7.359727020296963, "lat": 47.36288138195607, "stop_id": ["8582394.link:70946", "8582394.link:70947"], "lines": [{"line_id": "96-120-8-j24-1", "route_id": "264.TA.96-120-8-j24-1.25.H", "mode": "bus", "line_name": "8"}, {"line_id": "96-120-8-j24-1", "route_id": "99.TA.96-120-8-j24-1.8.H", "mode": "bus", "line_name": "8"}, {"line_id": "96-120-8-j24-1", "route_id": "281.TA.96-120-8-j24-1.27.H", "mode": "bus", "line_name": "8"}, {"line_id": "96-120-8-j24-1", "route_id": "202.TA.96-120-8-j24-1.19.H", "mode": "bus", "line_name": "8"}, {"line_id": "96-120-8-j24-1", "route_id": "24.TA.96-120-8-j24-1.2.H", "mode": "bus", "line_name": "8"}, {"line_id": "96-120-8-j24-1", "route_id": "152.TA.96-120-8-j24-1.165.H", "mode": "bus", "line_name": "8"}, {"line_id": "96-120-8-j24-1", "route_id": "100.TA.96-120-8-j24-1.8.H", "mode": "bus", "line_name": "8"}, {"line_id": "96-120-8-j24-1", "route_id": "269.TA.96-120-8-j24-1.175.H", "mode": "bus", "line_name": "8"}, {"line_id": "96-120-8-j24-1", "route_id": "113.TA.96-120-8-j24-1.164.H", "mode": "bus", "line_name": "8"}, {"line_id": "96-120-8-j24-1", "route_id": "230.TA.96-120-8-j24-1.171.H", "mode": "bus", "line_name": "8"}, {"line_id": "96-120-8-j24-1", "route_id": "189.TA.96-120-8-j24-1.17.H", "mode": "bus", "line_name": "8"}, {"line_id": "96-120-8-j24-1", "route_id": "157.TA.96-120-8-j24-1.14.H", "mode": "bus", "line_name": "8"}, {"line_id": "96-120-8-j24-1", "route_id": "291.TA.96-120-8-j24-1.176.H", "mode": "bus", "line_name": "8"}, {"line_id": "96-129-0-j24-1", "route_id": "12.TA.96-129-0-j24-1.17.R", "mode": "bus", "line_name": "M31"}, {"line_id": "96-120-8-j24-1", "route_id": "117.TA.96-120-8-j24-1.164.H", "mode": "bus", "line_name": "8"}, {"line_id": "96-120-8-j24-1", "route_id": "47.TA.96-120-8-j24-1.6.H", "mode": "bus", "line_name": "8"}, {"line_id": "96-120-8-j24-1", "route_id": "221.TA.96-120-8-j24-1.22.H", "mode": "bus", "line_name": "8"}, {"line_id": "96-120-8-j24-1", "route_id": "206.TA.96-120-8-j24-1.21.H", "mode": "bus", "line_name": "8"}, {"line_id": "96-120-8-j24-1", "route_id": "197.TA.96-120-8-j24-1.18.H", "mode": "bus", "line_name": "8"}, {"line_id": "96-120-8-j24-1", "route_id": "203.TA.96-120-8-j24-1.170.H", "mode": "bus", "line_name": "8"}, {"line_id": "96-120-8-j24-1", "route_id": "166.TA.96-120-8-j24-1.167.H", "mode": "bus", "line_name": "8"}, {"line_id": "96-120-8-j24-1", "route_id": "246.TA.96-120-8-j24-1.173.H", "mode": "bus", "line_name": "8"}, {"line_id": "96-120-8-j24-1", "route_id": "561.TA.96-120-8-j24-1.185.R", "mode": "bus", "line_name": "8"}, {"line_id": "96-120-8-j24-1", "route_id": "523.TA.96-120-8-j24-1.43.R", "mode": "bus", "line_name": "8"}, {"line_id": "96-120-8-j24-1", "route_id": "582.TA.96-120-8-j24-1.56.R", "mode": "bus", "line_name": "8"}, {"line_id": "96-120-8-j24-1", "route_id": "565.TA.96-120-8-j24-1.50.R", "mode": "bus", "line_name": "8"}, {"line_id": "96-120-8-j24-1", "route_id": "313.TA.96-120-8-j24-1.30.R", "mode": "bus", "line_name": "8"}, {"line_id": "96-120-8-j24-1", "route_id": "528.TA.96-120-8-j24-1.45.R", "mode": "bus", "line_name": "8"}, {"line_id": "96-120-8-j24-1", "route_id": "539.TA.96-120-8-j24-1.47.R", "mode": "bus", "line_name": "8"}, {"line_id": "96-120-8-j24-1", "route_id": "428.TA.96-120-8-j24-1.35.R", "mode": "bus", "line_name": "8"}, {"line_id": "96-120-8-j24-1", "route_id": "462.TA.96-120-8-j24-1.179.R", "mode": "bus", "line_name": "8"}, {"line_id": "96-120-8-j24-1", "route_id": "585.TA.96-120-8-j24-1.189.R", "mode": "bus", "line_name": "8"}, {"line_id": "96-120-8-j24-1", "route_id": "575.TA.96-120-8-j24-1.53.R", "mode": "bus", "line_name": "8"}, {"line_id": "96-120-8-j24-1", "route_id": "576.TA.96-120-8-j24-1.188.R", "mode": "bus", "line_name": "8"}, {"line_id": "96-120-8-j24-1", "route_id": "535.TA.96-120-8-j24-1.46.R", "mode": "bus", "line_name": "8"}, {"line_id": "96-129-0-j24-1", "route_id": "4.TA.96-129-0-j24-1.13.H", "mode": "bus", "line_name": "M31"}, {"line_id": "96-120-8-j24-1", "route_id": "572.TA.96-120-8-j24-1.51.R", "mode": "bus", "line_name": "8"}, {"line_id": "96-120-8-j24-1", "route_id": "361.TA.96-120-8-j24-1.33.R", "mode": "bus", "line_name": "8"}, {"line_id": "96-120-8-j24-1", "route_id": "480.TA.96-120-8-j24-1.39.R", "mode": "bus", "line_name": "8"}, {"line_id": "96-120-8-j24-1", "route_id": "580.TA.96-120-8-j24-1.188.R", "mode": "bus", "line_name": "8"}, {"line_id": "96-120-8-j24-1", "route_id": "564.TA.96-120-8-j24-1.50.R", "mode": "bus", "line_name": "8"}, {"line_id": "96-120-8-j24-1", "route_id": "573.TA.96-120-8-j24-1.52.R", "mode": "bus", "line_name": "8"}, {"line_id": "96-120-8-j24-1", "route_id": "479.TA.96-120-8-j24-1.39.R", "mode": "bus", "line_name": "8"}, {"line_id": "96-120-8-j24-1", "route_id": "510.TA.96-120-8-j24-1.181.R", "mode": "bus", "line_name": "8"}, {"line_id": "96-120-8-j24-1", "route_id": "586.TA.96-120-8-j24-1.190.R", "mode": "bus", "line_name": "8"}], "predominant_mode": "bus", "assigned_canton": "Jura", "modes_list": ["bus"]}, "geometry": {"type": "Point", "coordinates": [7.359727027494334, 47.362881392431504]}}, {"id": "6680", "type": "Feature", "properties": {"name": "Del\u00e9mont, Pont de Rossemaison", "lon": 7.345488730163389, "lat": 47.3593155921792, "stop_id": ["8581234.link:1417058", "8581234.link:1417059"], "lines": [{"line_id": "96-128-0-j24-1", "route_id": "9.TA.96-128-0-j24-1.4.R", "mode": "bus", "line_name": "N10"}, {"line_id": "96-120-2-j24-1", "route_id": "212.TA.96-120-2-j24-1.6.R", "mode": "bus", "line_name": "2"}, {"line_id": "96-120-6-j24-1", "route_id": "54.TA.96-120-6-j24-1.6.H", "mode": "bus", "line_name": "6"}, {"line_id": "96-120-6-j24-1", "route_id": "85.TA.96-120-6-j24-1.6.H", "mode": "bus", "line_name": "6"}, {"line_id": "96-120-2-j24-1", "route_id": "335.TA.96-120-2-j24-1.9.R", "mode": "bus", "line_name": "2"}, {"line_id": "96-120-6-j24-1", "route_id": "164.TA.96-120-6-j24-1.10.H", "mode": "bus", "line_name": "6"}, {"line_id": "96-120-6-j24-1", "route_id": "250.TA.96-120-6-j24-1.12.H", "mode": "bus", "line_name": "6"}, {"line_id": "96-128-0-j24-1", "route_id": "13.TA.96-128-0-j24-1.4.R", "mode": "bus", "line_name": "N10"}, {"line_id": "96-120-6-j24-1", "route_id": "42.TA.96-120-6-j24-1.3.H", "mode": "bus", "line_name": "6"}, {"line_id": "96-120-2-j24-1", "route_id": "277.TA.96-120-2-j24-1.8.R", "mode": "bus", "line_name": "2"}, {"line_id": "96-120-6-j24-1", "route_id": "171.TA.96-120-6-j24-1.10.H", "mode": "bus", "line_name": "6"}, {"line_id": "96-120-6-j24-1", "route_id": "206.TA.96-120-6-j24-1.11.H", "mode": "bus", "line_name": "6"}, {"line_id": "96-120-2-j24-1", "route_id": "360.TA.96-120-2-j24-1.10.R", "mode": "bus", "line_name": "2"}, {"line_id": "96-120-6-j24-1", "route_id": "395.TA.96-120-6-j24-1.21.R", "mode": "bus", "line_name": "6"}, {"line_id": "96-120-6-j24-1", "route_id": "439.TA.96-120-6-j24-1.26.R", "mode": "bus", "line_name": "6"}, {"line_id": "96-120-6-j24-1", "route_id": "325.TA.96-120-6-j24-1.16.R", "mode": "bus", "line_name": "6"}, {"line_id": "96-120-6-j24-1", "route_id": "392.TA.96-120-6-j24-1.21.R", "mode": "bus", "line_name": "6"}, {"line_id": "96-120-2-j24-1", "route_id": "203.TA.96-120-2-j24-1.5.H", "mode": "bus", "line_name": "2"}, {"line_id": "96-128-0-j24-1", "route_id": "8.TA.96-128-0-j24-1.2.H", "mode": "bus", "line_name": "N10"}, {"line_id": "96-128-0-j24-1", "route_id": "6.TA.96-128-0-j24-1.2.H", "mode": "bus", "line_name": "N10"}, {"line_id": "96-120-6-j24-1", "route_id": "452.TA.96-120-6-j24-1.24.R", "mode": "bus", "line_name": "6"}, {"line_id": "96-120-6-j24-1", "route_id": "350.TA.96-120-6-j24-1.18.R", "mode": "bus", "line_name": "6"}, {"line_id": "96-120-6-j24-1", "route_id": "393.TA.96-120-6-j24-1.21.R", "mode": "bus", "line_name": "6"}, {"line_id": "96-120-6-j24-1", "route_id": "382.TA.96-120-6-j24-1.21.R", "mode": "bus", "line_name": "6"}, {"line_id": "96-120-2-j24-1", "route_id": "95.TA.96-120-2-j24-1.3.H", "mode": "bus", "line_name": "2"}, {"line_id": "96-120-2-j24-1", "route_id": "103.TA.96-120-2-j24-1.3.H", "mode": "bus", "line_name": "2"}, {"line_id": "96-120-2-j24-1", "route_id": "30.TA.96-120-2-j24-1.1.H", "mode": "bus", "line_name": "2"}, {"line_id": "96-120-2-j24-1", "route_id": "177.TA.96-120-2-j24-1.5.H", "mode": "bus", "line_name": "2"}, {"line_id": "96-120-6-j24-1", "route_id": "442.TA.96-120-6-j24-1.24.R", "mode": "bus", "line_name": "6"}], "predominant_mode": "bus", "assigned_canton": "Jura", "modes_list": ["bus"]}, "geometry": {"type": "Point", "coordinates": [7.345488737346672, 47.35931560265692]}}, {"id": "6681", "type": "Feature", "properties": {"name": "Del\u00e9mont, Pr\u00e9 Mochel", "lon": 7.331483990158887, "lat": 47.35963810239863, "stop_id": ["8582814.link:1102039", "8582814.link:1102040"], "lines": [{"line_id": "96-120-8-j24-1", "route_id": "264.TA.96-120-8-j24-1.25.H", "mode": "bus", "line_name": "8"}, {"line_id": "96-120-8-j24-1", "route_id": "281.TA.96-120-8-j24-1.27.H", "mode": "bus", "line_name": "8"}, {"line_id": "96-120-8-j24-1", "route_id": "202.TA.96-120-8-j24-1.19.H", "mode": "bus", "line_name": "8"}, {"line_id": "96-120-8-j24-1", "route_id": "39.TA.96-120-8-j24-1.4.H", "mode": "bus", "line_name": "8"}, {"line_id": "96-120-8-j24-1", "route_id": "269.TA.96-120-8-j24-1.175.H", "mode": "bus", "line_name": "8"}, {"line_id": "96-120-8-j24-1", "route_id": "101.TA.96-120-8-j24-1.9.H", "mode": "bus", "line_name": "8"}, {"line_id": "96-120-8-j24-1", "route_id": "155.TA.96-120-8-j24-1.13.H", "mode": "bus", "line_name": "8"}, {"line_id": "96-120-8-j24-1", "route_id": "144.TA.96-120-8-j24-1.11.H", "mode": "bus", "line_name": "8"}, {"line_id": "96-120-8-j24-1", "route_id": "230.TA.96-120-8-j24-1.171.H", "mode": "bus", "line_name": "8"}, {"line_id": "96-120-8-j24-1", "route_id": "189.TA.96-120-8-j24-1.17.H", "mode": "bus", "line_name": "8"}, {"line_id": "96-120-8-j24-1", "route_id": "157.TA.96-120-8-j24-1.14.H", "mode": "bus", "line_name": "8"}, {"line_id": "96-120-8-j24-1", "route_id": "291.TA.96-120-8-j24-1.176.H", "mode": "bus", "line_name": "8"}, {"line_id": "96-120-8-j24-1", "route_id": "187.TA.96-120-8-j24-1.16.H", "mode": "bus", "line_name": "8"}, {"line_id": "96-120-8-j24-1", "route_id": "221.TA.96-120-8-j24-1.22.H", "mode": "bus", "line_name": "8"}, {"line_id": "96-120-8-j24-1", "route_id": "74.TA.96-120-8-j24-1.7.H", "mode": "bus", "line_name": "8"}, {"line_id": "96-120-8-j24-1", "route_id": "206.TA.96-120-8-j24-1.21.H", "mode": "bus", "line_name": "8"}, {"line_id": "96-120-8-j24-1", "route_id": "197.TA.96-120-8-j24-1.18.H", "mode": "bus", "line_name": "8"}, {"line_id": "96-120-8-j24-1", "route_id": "203.TA.96-120-8-j24-1.170.H", "mode": "bus", "line_name": "8"}, {"line_id": "96-120-8-j24-1", "route_id": "156.TA.96-120-8-j24-1.13.H", "mode": "bus", "line_name": "8"}, {"line_id": "96-120-8-j24-1", "route_id": "246.TA.96-120-8-j24-1.173.H", "mode": "bus", "line_name": "8"}, {"line_id": "96-120-8-j24-1", "route_id": "527.TA.96-120-8-j24-1.44.R", "mode": "bus", "line_name": "8"}, {"line_id": "96-120-8-j24-1", "route_id": "435.TA.96-120-8-j24-1.36.R", "mode": "bus", "line_name": "8"}, {"line_id": "96-120-8-j24-1", "route_id": "561.TA.96-120-8-j24-1.185.R", "mode": "bus", "line_name": "8"}, {"line_id": "96-120-8-j24-1", "route_id": "523.TA.96-120-8-j24-1.43.R", "mode": "bus", "line_name": "8"}, {"line_id": "96-120-8-j24-1", "route_id": "582.TA.96-120-8-j24-1.56.R", "mode": "bus", "line_name": "8"}, {"line_id": "96-120-8-j24-1", "route_id": "565.TA.96-120-8-j24-1.50.R", "mode": "bus", "line_name": "8"}, {"line_id": "96-120-8-j24-1", "route_id": "539.TA.96-120-8-j24-1.47.R", "mode": "bus", "line_name": "8"}, {"line_id": "96-120-8-j24-1", "route_id": "528.TA.96-120-8-j24-1.45.R", "mode": "bus", "line_name": "8"}, {"line_id": "96-120-8-j24-1", "route_id": "354.TA.96-120-8-j24-1.32.R", "mode": "bus", "line_name": "8"}, {"line_id": "96-120-8-j24-1", "route_id": "585.TA.96-120-8-j24-1.189.R", "mode": "bus", "line_name": "8"}, {"line_id": "96-120-8-j24-1", "route_id": "575.TA.96-120-8-j24-1.53.R", "mode": "bus", "line_name": "8"}, {"line_id": "96-120-8-j24-1", "route_id": "478.TA.96-120-8-j24-1.38.R", "mode": "bus", "line_name": "8"}, {"line_id": "96-120-8-j24-1", "route_id": "576.TA.96-120-8-j24-1.188.R", "mode": "bus", "line_name": "8"}, {"line_id": "96-120-8-j24-1", "route_id": "535.TA.96-120-8-j24-1.46.R", "mode": "bus", "line_name": "8"}, {"line_id": "96-120-8-j24-1", "route_id": "572.TA.96-120-8-j24-1.51.R", "mode": "bus", "line_name": "8"}, {"line_id": "96-120-8-j24-1", "route_id": "480.TA.96-120-8-j24-1.39.R", "mode": "bus", "line_name": "8"}, {"line_id": "96-120-8-j24-1", "route_id": "580.TA.96-120-8-j24-1.188.R", "mode": "bus", "line_name": "8"}, {"line_id": "96-120-8-j24-1", "route_id": "564.TA.96-120-8-j24-1.50.R", "mode": "bus", "line_name": "8"}, {"line_id": "96-120-8-j24-1", "route_id": "442.TA.96-120-8-j24-1.36.R", "mode": "bus", "line_name": "8"}, {"line_id": "96-120-8-j24-1", "route_id": "504.TA.96-120-8-j24-1.41.R", "mode": "bus", "line_name": "8"}, {"line_id": "96-120-8-j24-1", "route_id": "573.TA.96-120-8-j24-1.52.R", "mode": "bus", "line_name": "8"}, {"line_id": "96-120-8-j24-1", "route_id": "397.TA.96-120-8-j24-1.34.R", "mode": "bus", "line_name": "8"}, {"line_id": "96-120-8-j24-1", "route_id": "479.TA.96-120-8-j24-1.39.R", "mode": "bus", "line_name": "8"}, {"line_id": "96-120-8-j24-1", "route_id": "586.TA.96-120-8-j24-1.190.R", "mode": "bus", "line_name": "8"}], "predominant_mode": "bus", "assigned_canton": "Jura", "modes_list": ["bus"]}, "geometry": {"type": "Point", "coordinates": [7.3314839973273, 47.35963811287983]}}, {"id": "6682", "type": "Feature", "properties": {"name": "Del\u00e9mont, Pr\u00e9-Guillaume", "lon": 7.347465020334954, "lat": 47.3644268921482, "stop_id": ["8581220.link:1089084"], "lines": [{"line_id": "96-120-3-j24-1", "route_id": "51.TA.96-120-3-j24-1.4.R", "mode": "bus", "line_name": "3"}], "predominant_mode": "bus", "assigned_canton": "Jura", "modes_list": ["bus"]}, "geometry": {"type": "Point", "coordinates": [7.347465027519, 47.36442690262721]}}, {"id": "6683", "type": "Feature", "properties": {"name": "Del\u00e9mont, Righi", "lon": 7.35625054030977, "lat": 47.36338033201055, "stop_id": ["8571967.link:1747846", "8571967.link:1747847"], "lines": [{"line_id": "96-120-6-j24-1", "route_id": "395.TA.96-120-6-j24-1.21.R", "mode": "bus", "line_name": "6"}, {"line_id": "96-120-7-j24-1", "route_id": "145.TA.96-120-7-j24-1.7.R", "mode": "bus", "line_name": "7"}, {"line_id": "96-120-7-j24-1", "route_id": "181.TA.96-120-7-j24-1.8.R", "mode": "bus", "line_name": "7"}, {"line_id": "96-120-6-j24-1", "route_id": "393.TA.96-120-6-j24-1.21.R", "mode": "bus", "line_name": "6"}, {"line_id": "96-120-7-j24-1", "route_id": "208.TA.96-120-7-j24-1.9.R", "mode": "bus", "line_name": "7"}, {"line_id": "96-120-6-j24-1", "route_id": "439.TA.96-120-6-j24-1.26.R", "mode": "bus", "line_name": "6"}, {"line_id": "96-120-6-j24-1", "route_id": "353.TA.96-120-6-j24-1.19.R", "mode": "bus", "line_name": "6"}, {"line_id": "96-120-6-j24-1", "route_id": "392.TA.96-120-6-j24-1.21.R", "mode": "bus", "line_name": "6"}, {"line_id": "96-120-6-j24-1", "route_id": "452.TA.96-120-6-j24-1.24.R", "mode": "bus", "line_name": "6"}, {"line_id": "96-120-6-j24-1", "route_id": "382.TA.96-120-6-j24-1.21.R", "mode": "bus", "line_name": "6"}, {"line_id": "96-120-6-j24-1", "route_id": "370.TA.96-120-6-j24-1.20.R", "mode": "bus", "line_name": "6"}, {"line_id": "96-120-6-j24-1", "route_id": "442.TA.96-120-6-j24-1.24.R", "mode": "bus", "line_name": "6"}, {"line_id": "96-120-7-j24-1", "route_id": "121.TA.96-120-7-j24-1.6.R", "mode": "bus", "line_name": "7"}, {"line_id": "96-120-7-j24-1", "route_id": "245.TA.96-120-7-j24-1.10.R", "mode": "bus", "line_name": "7"}, {"line_id": "96-120-7-j24-1", "route_id": "150.TA.96-120-7-j24-1.7.R", "mode": "bus", "line_name": "7"}, {"line_id": "96-120-7-j24-1", "route_id": "187.TA.96-120-7-j24-1.8.R", "mode": "bus", "line_name": "7"}, {"line_id": "96-120-7-j24-1", "route_id": "184.TA.96-120-7-j24-1.8.R", "mode": "bus", "line_name": "7"}, {"line_id": "96-120-7-j24-1", "route_id": "160.TA.96-120-7-j24-1.8.R", "mode": "bus", "line_name": "7"}, {"line_id": "96-120-6-j24-1", "route_id": "279.TA.96-120-6-j24-1.13.R", "mode": "bus", "line_name": "6"}, {"line_id": "96-120-7-j24-1", "route_id": "222.TA.96-120-7-j24-1.10.R", "mode": "bus", "line_name": "7"}, {"line_id": "96-120-6-j24-1", "route_id": "356.TA.96-120-6-j24-1.19.R", "mode": "bus", "line_name": "6"}, {"line_id": "96-120-6-j24-1", "route_id": "5.TA.96-120-6-j24-1.1.H", "mode": "bus", "line_name": "6"}, {"line_id": "96-120-7-j24-1", "route_id": "83.TA.96-120-7-j24-1.4.H", "mode": "bus", "line_name": "7"}, {"line_id": "96-120-7-j24-1", "route_id": "74.TA.96-120-7-j24-1.4.H", "mode": "bus", "line_name": "7"}, {"line_id": "96-120-7-j24-1", "route_id": "40.TA.96-120-7-j24-1.2.H", "mode": "bus", "line_name": "7"}, {"line_id": "96-120-6-j24-1", "route_id": "164.TA.96-120-6-j24-1.10.H", "mode": "bus", "line_name": "6"}, {"line_id": "96-120-6-j24-1", "route_id": "250.TA.96-120-6-j24-1.12.H", "mode": "bus", "line_name": "6"}, {"line_id": "96-120-7-j24-1", "route_id": "115.TA.96-120-7-j24-1.5.H", "mode": "bus", "line_name": "7"}, {"line_id": "96-120-6-j24-1", "route_id": "142.TA.96-120-6-j24-1.25.H", "mode": "bus", "line_name": "6"}, {"line_id": "96-120-6-j24-1", "route_id": "149.TA.96-120-6-j24-1.9.H", "mode": "bus", "line_name": "6"}, {"line_id": "96-120-7-j24-1", "route_id": "4.TA.96-120-7-j24-1.1.H", "mode": "bus", "line_name": "7"}, {"line_id": "96-120-7-j24-1", "route_id": "90.TA.96-120-7-j24-1.4.H", "mode": "bus", "line_name": "7"}, {"line_id": "96-120-6-j24-1", "route_id": "171.TA.96-120-6-j24-1.10.H", "mode": "bus", "line_name": "6"}, {"line_id": "96-120-7-j24-1", "route_id": "66.TA.96-120-7-j24-1.3.H", "mode": "bus", "line_name": "7"}, {"line_id": "96-120-7-j24-1", "route_id": "41.TA.96-120-7-j24-1.2.H", "mode": "bus", "line_name": "7"}, {"line_id": "96-120-6-j24-1", "route_id": "206.TA.96-120-6-j24-1.11.H", "mode": "bus", "line_name": "6"}, {"line_id": "96-120-7-j24-1", "route_id": "88.TA.96-120-7-j24-1.4.H", "mode": "bus", "line_name": "7"}, {"line_id": "96-120-6-j24-1", "route_id": "53.TA.96-120-6-j24-1.5.H", "mode": "bus", "line_name": "6"}], "predominant_mode": "bus", "assigned_canton": "Jura", "modes_list": ["bus"]}, "geometry": {"type": "Point", "coordinates": [7.35625054750335, 47.36338034248703]}}, {"id": "6684", "type": "Feature", "properties": {"name": "Del\u00e9mont, Rue St-S\u00e9bastien", "lon": 7.342353609982498, "lat": 47.35396036222831, "stop_id": ["8582395.link:433417", "8582395.link:433418"], "lines": [{"line_id": "96-120-2-j24-1", "route_id": "203.TA.96-120-2-j24-1.5.H", "mode": "bus", "line_name": "2"}, {"line_id": "96-128-0-j24-1", "route_id": "8.TA.96-128-0-j24-1.2.H", "mode": "bus", "line_name": "N10"}, {"line_id": "96-128-0-j24-1", "route_id": "6.TA.96-128-0-j24-1.2.H", "mode": "bus", "line_name": "N10"}, {"line_id": "96-120-2-j24-1", "route_id": "95.TA.96-120-2-j24-1.3.H", "mode": "bus", "line_name": "2"}, {"line_id": "96-120-2-j24-1", "route_id": "103.TA.96-120-2-j24-1.3.H", "mode": "bus", "line_name": "2"}, {"line_id": "96-120-2-j24-1", "route_id": "30.TA.96-120-2-j24-1.1.H", "mode": "bus", "line_name": "2"}, {"line_id": "96-120-2-j24-1", "route_id": "177.TA.96-120-2-j24-1.5.H", "mode": "bus", "line_name": "2"}, {"line_id": "96-128-0-j24-1", "route_id": "9.TA.96-128-0-j24-1.4.R", "mode": "bus", "line_name": "N10"}, {"line_id": "96-120-2-j24-1", "route_id": "212.TA.96-120-2-j24-1.6.R", "mode": "bus", "line_name": "2"}, {"line_id": "96-120-2-j24-1", "route_id": "335.TA.96-120-2-j24-1.9.R", "mode": "bus", "line_name": "2"}, {"line_id": "96-128-0-j24-1", "route_id": "13.TA.96-128-0-j24-1.4.R", "mode": "bus", "line_name": "N10"}, {"line_id": "96-120-2-j24-1", "route_id": "277.TA.96-120-2-j24-1.8.R", "mode": "bus", "line_name": "2"}, {"line_id": "96-120-2-j24-1", "route_id": "360.TA.96-120-2-j24-1.10.R", "mode": "bus", "line_name": "2"}], "predominant_mode": "bus", "assigned_canton": "Jura", "modes_list": ["bus"]}, "geometry": {"type": "Point", "coordinates": [7.342353617163854, 47.35396037270502]}}, {"id": "6685", "type": "Feature", "properties": {"name": "Del\u00e9mont, Sainte-Catherine", "lon": 7.336882870204903, "lat": 47.360849032314015, "stop_id": ["8581815.link:1121579", "8581815.link:1121580"], "lines": [{"line_id": "96-120-8-j24-1", "route_id": "264.TA.96-120-8-j24-1.25.H", "mode": "bus", "line_name": "8"}, {"line_id": "96-120-8-j24-1", "route_id": "281.TA.96-120-8-j24-1.27.H", "mode": "bus", "line_name": "8"}, {"line_id": "96-120-8-j24-1", "route_id": "202.TA.96-120-8-j24-1.19.H", "mode": "bus", "line_name": "8"}, {"line_id": "96-120-8-j24-1", "route_id": "269.TA.96-120-8-j24-1.175.H", "mode": "bus", "line_name": "8"}, {"line_id": "96-120-8-j24-1", "route_id": "101.TA.96-120-8-j24-1.9.H", "mode": "bus", "line_name": "8"}, {"line_id": "96-120-8-j24-1", "route_id": "155.TA.96-120-8-j24-1.13.H", "mode": "bus", "line_name": "8"}, {"line_id": "96-120-8-j24-1", "route_id": "144.TA.96-120-8-j24-1.11.H", "mode": "bus", "line_name": "8"}, {"line_id": "96-120-8-j24-1", "route_id": "230.TA.96-120-8-j24-1.171.H", "mode": "bus", "line_name": "8"}, {"line_id": "96-120-8-j24-1", "route_id": "189.TA.96-120-8-j24-1.17.H", "mode": "bus", "line_name": "8"}, {"line_id": "96-120-8-j24-1", "route_id": "157.TA.96-120-8-j24-1.14.H", "mode": "bus", "line_name": "8"}, {"line_id": "96-120-8-j24-1", "route_id": "291.TA.96-120-8-j24-1.176.H", "mode": "bus", "line_name": "8"}, {"line_id": "96-120-8-j24-1", "route_id": "187.TA.96-120-8-j24-1.16.H", "mode": "bus", "line_name": "8"}, {"line_id": "96-120-8-j24-1", "route_id": "221.TA.96-120-8-j24-1.22.H", "mode": "bus", "line_name": "8"}, {"line_id": "96-120-8-j24-1", "route_id": "74.TA.96-120-8-j24-1.7.H", "mode": "bus", "line_name": "8"}, {"line_id": "96-120-8-j24-1", "route_id": "206.TA.96-120-8-j24-1.21.H", "mode": "bus", "line_name": "8"}, {"line_id": "96-120-8-j24-1", "route_id": "197.TA.96-120-8-j24-1.18.H", "mode": "bus", "line_name": "8"}, {"line_id": "96-120-8-j24-1", "route_id": "203.TA.96-120-8-j24-1.170.H", "mode": "bus", "line_name": "8"}, {"line_id": "96-120-8-j24-1", "route_id": "156.TA.96-120-8-j24-1.13.H", "mode": "bus", "line_name": "8"}, {"line_id": "96-120-8-j24-1", "route_id": "246.TA.96-120-8-j24-1.173.H", "mode": "bus", "line_name": "8"}, {"line_id": "96-120-8-j24-1", "route_id": "527.TA.96-120-8-j24-1.44.R", "mode": "bus", "line_name": "8"}, {"line_id": "96-120-8-j24-1", "route_id": "435.TA.96-120-8-j24-1.36.R", "mode": "bus", "line_name": "8"}, {"line_id": "96-120-8-j24-1", "route_id": "561.TA.96-120-8-j24-1.185.R", "mode": "bus", "line_name": "8"}, {"line_id": "96-120-8-j24-1", "route_id": "523.TA.96-120-8-j24-1.43.R", "mode": "bus", "line_name": "8"}, {"line_id": "96-120-8-j24-1", "route_id": "582.TA.96-120-8-j24-1.56.R", "mode": "bus", "line_name": "8"}, {"line_id": "96-120-8-j24-1", "route_id": "565.TA.96-120-8-j24-1.50.R", "mode": "bus", "line_name": "8"}, {"line_id": "96-120-8-j24-1", "route_id": "539.TA.96-120-8-j24-1.47.R", "mode": "bus", "line_name": "8"}, {"line_id": "96-120-8-j24-1", "route_id": "528.TA.96-120-8-j24-1.45.R", "mode": "bus", "line_name": "8"}, {"line_id": "96-120-8-j24-1", "route_id": "354.TA.96-120-8-j24-1.32.R", "mode": "bus", "line_name": "8"}, {"line_id": "96-120-8-j24-1", "route_id": "585.TA.96-120-8-j24-1.189.R", "mode": "bus", "line_name": "8"}, {"line_id": "96-120-8-j24-1", "route_id": "575.TA.96-120-8-j24-1.53.R", "mode": "bus", "line_name": "8"}, {"line_id": "96-120-8-j24-1", "route_id": "478.TA.96-120-8-j24-1.38.R", "mode": "bus", "line_name": "8"}, {"line_id": "96-120-8-j24-1", "route_id": "576.TA.96-120-8-j24-1.188.R", "mode": "bus", "line_name": "8"}, {"line_id": "96-120-8-j24-1", "route_id": "535.TA.96-120-8-j24-1.46.R", "mode": "bus", "line_name": "8"}, {"line_id": "96-120-8-j24-1", "route_id": "572.TA.96-120-8-j24-1.51.R", "mode": "bus", "line_name": "8"}, {"line_id": "96-120-8-j24-1", "route_id": "480.TA.96-120-8-j24-1.39.R", "mode": "bus", "line_name": "8"}, {"line_id": "96-120-8-j24-1", "route_id": "580.TA.96-120-8-j24-1.188.R", "mode": "bus", "line_name": "8"}, {"line_id": "96-120-8-j24-1", "route_id": "564.TA.96-120-8-j24-1.50.R", "mode": "bus", "line_name": "8"}, {"line_id": "96-120-8-j24-1", "route_id": "442.TA.96-120-8-j24-1.36.R", "mode": "bus", "line_name": "8"}, {"line_id": "96-120-8-j24-1", "route_id": "504.TA.96-120-8-j24-1.41.R", "mode": "bus", "line_name": "8"}, {"line_id": "96-120-8-j24-1", "route_id": "397.TA.96-120-8-j24-1.34.R", "mode": "bus", "line_name": "8"}, {"line_id": "96-120-8-j24-1", "route_id": "479.TA.96-120-8-j24-1.39.R", "mode": "bus", "line_name": "8"}, {"line_id": "96-120-8-j24-1", "route_id": "586.TA.96-120-8-j24-1.190.R", "mode": "bus", "line_name": "8"}], "predominant_mode": "bus", "assigned_canton": "Jura", "modes_list": ["bus"]}, "geometry": {"type": "Point", "coordinates": [7.3368828773787, 47.36084904279434]}}, {"id": "6686", "type": "Feature", "properties": {"name": "Del\u00e9mont, Sous-le-Mexique", "lon": 7.3535915306915784, "lat": 47.3749825820521, "stop_id": ["8581224.link:1145005"], "lines": [{"line_id": "96-120-2-j24-1", "route_id": "203.TA.96-120-2-j24-1.5.H", "mode": "bus", "line_name": "2"}, {"line_id": "96-120-2-j24-1", "route_id": "51.TA.96-120-2-j24-1.2.H", "mode": "bus", "line_name": "2"}, {"line_id": "96-120-2-j24-1", "route_id": "95.TA.96-120-2-j24-1.3.H", "mode": "bus", "line_name": "2"}, {"line_id": "96-120-2-j24-1", "route_id": "103.TA.96-120-2-j24-1.3.H", "mode": "bus", "line_name": "2"}, {"line_id": "96-120-2-j24-1", "route_id": "177.TA.96-120-2-j24-1.5.H", "mode": "bus", "line_name": "2"}], "predominant_mode": "bus", "assigned_canton": "Jura", "modes_list": ["bus"]}, "geometry": {"type": "Point", "coordinates": [7.353591537879354, 47.37498259253311]}}, {"id": "6687", "type": "Feature", "properties": {"name": "Del\u00e9mont, Th\u00e9\u00e2tre", "lon": 7.346135510392831, "lat": 47.36621572216903, "stop_id": ["8583087.link:872429", "8583087.link:872430"], "lines": [{"line_id": "96-120-1-j24-1", "route_id": "84.TA.96-120-1-j24-1.4.R", "mode": "bus", "line_name": "1"}, {"line_id": "96-120-1-j24-1", "route_id": "44.TA.96-120-1-j24-1.2.H", "mode": "bus", "line_name": "1"}], "predominant_mode": "bus", "assigned_canton": "Jura", "modes_list": ["bus"]}, "geometry": {"type": "Point", "coordinates": [7.346135517575011, 47.366215732648925]}}, {"id": "6688", "type": "Feature", "properties": {"name": "Del\u00e9mont, Vieille Ville", "lon": 7.343207010387233, "lat": 47.36614271221492, "stop_id": ["8580223.link:1066417", "8580223.link:1192419"], "lines": [{"line_id": "96-120-1-j24-1", "route_id": "44.TA.96-120-1-j24-1.2.H", "mode": "bus", "line_name": "1"}, {"line_id": "96-120-3-j24-1", "route_id": "16.TA.96-120-3-j24-1.1.H", "mode": "bus", "line_name": "3"}, {"line_id": "96-120-3-j24-1", "route_id": "51.TA.96-120-3-j24-1.4.R", "mode": "bus", "line_name": "3"}], "predominant_mode": "bus", "assigned_canton": "Jura", "modes_list": ["bus"]}, "geometry": {"type": "Point", "coordinates": [7.34320701756634, 47.36614272269553]}}, {"id": "6689", "type": "Feature", "properties": {"name": "Del\u00e9mont, Voirnet", "lon": 7.348821480211779, "lat": 47.36066648212696, "stop_id": ["8580606.link:451354", "8580606.link:451355"], "lines": [{"line_id": "96-120-8-j24-1", "route_id": "264.TA.96-120-8-j24-1.25.H", "mode": "bus", "line_name": "8"}, {"line_id": "96-120-8-j24-1", "route_id": "99.TA.96-120-8-j24-1.8.H", "mode": "bus", "line_name": "8"}, {"line_id": "96-120-8-j24-1", "route_id": "281.TA.96-120-8-j24-1.27.H", "mode": "bus", "line_name": "8"}, {"line_id": "96-120-8-j24-1", "route_id": "202.TA.96-120-8-j24-1.19.H", "mode": "bus", "line_name": "8"}, {"line_id": "96-120-8-j24-1", "route_id": "24.TA.96-120-8-j24-1.2.H", "mode": "bus", "line_name": "8"}, {"line_id": "96-120-8-j24-1", "route_id": "152.TA.96-120-8-j24-1.165.H", "mode": "bus", "line_name": "8"}, {"line_id": "96-120-8-j24-1", "route_id": "100.TA.96-120-8-j24-1.8.H", "mode": "bus", "line_name": "8"}, {"line_id": "96-120-8-j24-1", "route_id": "269.TA.96-120-8-j24-1.175.H", "mode": "bus", "line_name": "8"}, {"line_id": "96-120-8-j24-1", "route_id": "113.TA.96-120-8-j24-1.164.H", "mode": "bus", "line_name": "8"}, {"line_id": "96-120-8-j24-1", "route_id": "230.TA.96-120-8-j24-1.171.H", "mode": "bus", "line_name": "8"}, {"line_id": "96-120-8-j24-1", "route_id": "189.TA.96-120-8-j24-1.17.H", "mode": "bus", "line_name": "8"}, {"line_id": "96-120-8-j24-1", "route_id": "157.TA.96-120-8-j24-1.14.H", "mode": "bus", "line_name": "8"}, {"line_id": "96-120-8-j24-1", "route_id": "291.TA.96-120-8-j24-1.176.H", "mode": "bus", "line_name": "8"}, {"line_id": "96-129-0-j24-1", "route_id": "12.TA.96-129-0-j24-1.17.R", "mode": "bus", "line_name": "M31"}, {"line_id": "96-120-8-j24-1", "route_id": "117.TA.96-120-8-j24-1.164.H", "mode": "bus", "line_name": "8"}, {"line_id": "96-120-8-j24-1", "route_id": "47.TA.96-120-8-j24-1.6.H", "mode": "bus", "line_name": "8"}, {"line_id": "96-120-8-j24-1", "route_id": "221.TA.96-120-8-j24-1.22.H", "mode": "bus", "line_name": "8"}, {"line_id": "96-120-8-j24-1", "route_id": "206.TA.96-120-8-j24-1.21.H", "mode": "bus", "line_name": "8"}, {"line_id": "96-120-8-j24-1", "route_id": "197.TA.96-120-8-j24-1.18.H", "mode": "bus", "line_name": "8"}, {"line_id": "96-120-8-j24-1", "route_id": "203.TA.96-120-8-j24-1.170.H", "mode": "bus", "line_name": "8"}, {"line_id": "96-120-8-j24-1", "route_id": "166.TA.96-120-8-j24-1.167.H", "mode": "bus", "line_name": "8"}, {"line_id": "96-120-8-j24-1", "route_id": "246.TA.96-120-8-j24-1.173.H", "mode": "bus", "line_name": "8"}, {"line_id": "96-120-8-j24-1", "route_id": "561.TA.96-120-8-j24-1.185.R", "mode": "bus", "line_name": "8"}, {"line_id": "96-120-8-j24-1", "route_id": "523.TA.96-120-8-j24-1.43.R", "mode": "bus", "line_name": "8"}, {"line_id": "96-120-8-j24-1", "route_id": "582.TA.96-120-8-j24-1.56.R", "mode": "bus", "line_name": "8"}, {"line_id": "96-120-8-j24-1", "route_id": "565.TA.96-120-8-j24-1.50.R", "mode": "bus", "line_name": "8"}, {"line_id": "96-120-8-j24-1", "route_id": "313.TA.96-120-8-j24-1.30.R", "mode": "bus", "line_name": "8"}, {"line_id": "96-120-8-j24-1", "route_id": "528.TA.96-120-8-j24-1.45.R", "mode": "bus", "line_name": "8"}, {"line_id": "96-120-8-j24-1", "route_id": "539.TA.96-120-8-j24-1.47.R", "mode": "bus", "line_name": "8"}, {"line_id": "96-120-8-j24-1", "route_id": "428.TA.96-120-8-j24-1.35.R", "mode": "bus", "line_name": "8"}, {"line_id": "96-120-8-j24-1", "route_id": "462.TA.96-120-8-j24-1.179.R", "mode": "bus", "line_name": "8"}, {"line_id": "96-120-8-j24-1", "route_id": "585.TA.96-120-8-j24-1.189.R", "mode": "bus", "line_name": "8"}, {"line_id": "96-120-8-j24-1", "route_id": "575.TA.96-120-8-j24-1.53.R", "mode": "bus", "line_name": "8"}, {"line_id": "96-120-8-j24-1", "route_id": "576.TA.96-120-8-j24-1.188.R", "mode": "bus", "line_name": "8"}, {"line_id": "96-120-8-j24-1", "route_id": "535.TA.96-120-8-j24-1.46.R", "mode": "bus", "line_name": "8"}, {"line_id": "96-129-0-j24-1", "route_id": "4.TA.96-129-0-j24-1.13.H", "mode": "bus", "line_name": "M31"}, {"line_id": "96-120-8-j24-1", "route_id": "572.TA.96-120-8-j24-1.51.R", "mode": "bus", "line_name": "8"}, {"line_id": "96-120-8-j24-1", "route_id": "361.TA.96-120-8-j24-1.33.R", "mode": "bus", "line_name": "8"}, {"line_id": "96-120-8-j24-1", "route_id": "480.TA.96-120-8-j24-1.39.R", "mode": "bus", "line_name": "8"}, {"line_id": "96-120-8-j24-1", "route_id": "580.TA.96-120-8-j24-1.188.R", "mode": "bus", "line_name": "8"}, {"line_id": "96-120-8-j24-1", "route_id": "564.TA.96-120-8-j24-1.50.R", "mode": "bus", "line_name": "8"}, {"line_id": "96-120-8-j24-1", "route_id": "573.TA.96-120-8-j24-1.52.R", "mode": "bus", "line_name": "8"}, {"line_id": "96-120-8-j24-1", "route_id": "479.TA.96-120-8-j24-1.39.R", "mode": "bus", "line_name": "8"}, {"line_id": "96-120-8-j24-1", "route_id": "510.TA.96-120-8-j24-1.181.R", "mode": "bus", "line_name": "8"}, {"line_id": "96-120-8-j24-1", "route_id": "586.TA.96-120-8-j24-1.190.R", "mode": "bus", "line_name": "8"}], "predominant_mode": "bus", "assigned_canton": "Jura", "modes_list": ["bus"]}, "geometry": {"type": "Point", "coordinates": [7.348821487398225, 47.36066649260433]}}, {"id": "6690", "type": "Feature", "properties": {"name": "Del\u00e9mont, Von Roll", "lon": 7.359915670317732, "lat": 47.36350202195312, "stop_id": ["8579755.link:1863991", "8579755.link:1863992"], "lines": [{"line_id": "96-120-7-j24-1", "route_id": "208.TA.96-120-7-j24-1.9.R", "mode": "bus", "line_name": "7"}, {"line_id": "96-120-7-j24-1", "route_id": "222.TA.96-120-7-j24-1.10.R", "mode": "bus", "line_name": "7"}, {"line_id": "96-120-7-j24-1", "route_id": "121.TA.96-120-7-j24-1.6.R", "mode": "bus", "line_name": "7"}, {"line_id": "96-120-7-j24-1", "route_id": "245.TA.96-120-7-j24-1.10.R", "mode": "bus", "line_name": "7"}, {"line_id": "96-120-7-j24-1", "route_id": "150.TA.96-120-7-j24-1.7.R", "mode": "bus", "line_name": "7"}, {"line_id": "96-120-7-j24-1", "route_id": "187.TA.96-120-7-j24-1.8.R", "mode": "bus", "line_name": "7"}, {"line_id": "96-120-7-j24-1", "route_id": "145.TA.96-120-7-j24-1.7.R", "mode": "bus", "line_name": "7"}, {"line_id": "96-120-7-j24-1", "route_id": "184.TA.96-120-7-j24-1.8.R", "mode": "bus", "line_name": "7"}, {"line_id": "96-120-7-j24-1", "route_id": "181.TA.96-120-7-j24-1.8.R", "mode": "bus", "line_name": "7"}, {"line_id": "96-120-7-j24-1", "route_id": "160.TA.96-120-7-j24-1.8.R", "mode": "bus", "line_name": "7"}, {"line_id": "96-120-7-j24-1", "route_id": "83.TA.96-120-7-j24-1.4.H", "mode": "bus", "line_name": "7"}, {"line_id": "96-120-7-j24-1", "route_id": "74.TA.96-120-7-j24-1.4.H", "mode": "bus", "line_name": "7"}, {"line_id": "96-120-7-j24-1", "route_id": "40.TA.96-120-7-j24-1.2.H", "mode": "bus", "line_name": "7"}, {"line_id": "96-120-7-j24-1", "route_id": "90.TA.96-120-7-j24-1.4.H", "mode": "bus", "line_name": "7"}, {"line_id": "96-120-7-j24-1", "route_id": "115.TA.96-120-7-j24-1.5.H", "mode": "bus", "line_name": "7"}, {"line_id": "96-120-7-j24-1", "route_id": "4.TA.96-120-7-j24-1.1.H", "mode": "bus", "line_name": "7"}, {"line_id": "96-120-7-j24-1", "route_id": "66.TA.96-120-7-j24-1.3.H", "mode": "bus", "line_name": "7"}, {"line_id": "96-120-7-j24-1", "route_id": "41.TA.96-120-7-j24-1.2.H", "mode": "bus", "line_name": "7"}, {"line_id": "96-120-7-j24-1", "route_id": "88.TA.96-120-7-j24-1.4.H", "mode": "bus", "line_name": "7"}], "predominant_mode": "bus", "assigned_canton": "Jura", "modes_list": ["bus"]}, "geometry": {"type": "Point", "coordinates": [7.3599156775151435, 47.36350203242872]}}, {"id": "6691", "type": "Feature", "properties": {"name": "Del\u00e9mont, centre sportif", "lon": 7.34203021022844, "lat": 47.361390592233356, "stop_id": ["8510185.link:894480", "8510185.link:894481"], "lines": [{"line_id": "96-120-8-j24-1", "route_id": "264.TA.96-120-8-j24-1.25.H", "mode": "bus", "line_name": "8"}, {"line_id": "96-120-8-j24-1", "route_id": "281.TA.96-120-8-j24-1.27.H", "mode": "bus", "line_name": "8"}, {"line_id": "96-120-8-j24-1", "route_id": "202.TA.96-120-8-j24-1.19.H", "mode": "bus", "line_name": "8"}, {"line_id": "96-120-8-j24-1", "route_id": "39.TA.96-120-8-j24-1.4.H", "mode": "bus", "line_name": "8"}, {"line_id": "96-120-8-j24-1", "route_id": "269.TA.96-120-8-j24-1.175.H", "mode": "bus", "line_name": "8"}, {"line_id": "96-120-8-j24-1", "route_id": "101.TA.96-120-8-j24-1.9.H", "mode": "bus", "line_name": "8"}, {"line_id": "96-120-8-j24-1", "route_id": "155.TA.96-120-8-j24-1.13.H", "mode": "bus", "line_name": "8"}, {"line_id": "96-120-8-j24-1", "route_id": "144.TA.96-120-8-j24-1.11.H", "mode": "bus", "line_name": "8"}, {"line_id": "96-120-8-j24-1", "route_id": "230.TA.96-120-8-j24-1.171.H", "mode": "bus", "line_name": "8"}, {"line_id": "96-120-8-j24-1", "route_id": "189.TA.96-120-8-j24-1.17.H", "mode": "bus", "line_name": "8"}, {"line_id": "96-120-8-j24-1", "route_id": "157.TA.96-120-8-j24-1.14.H", "mode": "bus", "line_name": "8"}, {"line_id": "96-120-8-j24-1", "route_id": "291.TA.96-120-8-j24-1.176.H", "mode": "bus", "line_name": "8"}, {"line_id": "96-120-8-j24-1", "route_id": "187.TA.96-120-8-j24-1.16.H", "mode": "bus", "line_name": "8"}, {"line_id": "96-120-8-j24-1", "route_id": "221.TA.96-120-8-j24-1.22.H", "mode": "bus", "line_name": "8"}, {"line_id": "96-120-8-j24-1", "route_id": "74.TA.96-120-8-j24-1.7.H", "mode": "bus", "line_name": "8"}, {"line_id": "96-120-8-j24-1", "route_id": "206.TA.96-120-8-j24-1.21.H", "mode": "bus", "line_name": "8"}, {"line_id": "96-120-8-j24-1", "route_id": "197.TA.96-120-8-j24-1.18.H", "mode": "bus", "line_name": "8"}, {"line_id": "96-120-8-j24-1", "route_id": "203.TA.96-120-8-j24-1.170.H", "mode": "bus", "line_name": "8"}, {"line_id": "96-120-8-j24-1", "route_id": "156.TA.96-120-8-j24-1.13.H", "mode": "bus", "line_name": "8"}, {"line_id": "96-120-8-j24-1", "route_id": "246.TA.96-120-8-j24-1.173.H", "mode": "bus", "line_name": "8"}, {"line_id": "96-120-8-j24-1", "route_id": "527.TA.96-120-8-j24-1.44.R", "mode": "bus", "line_name": "8"}, {"line_id": "96-120-8-j24-1", "route_id": "435.TA.96-120-8-j24-1.36.R", "mode": "bus", "line_name": "8"}, {"line_id": "96-120-8-j24-1", "route_id": "561.TA.96-120-8-j24-1.185.R", "mode": "bus", "line_name": "8"}, {"line_id": "96-120-8-j24-1", "route_id": "523.TA.96-120-8-j24-1.43.R", "mode": "bus", "line_name": "8"}, {"line_id": "96-120-8-j24-1", "route_id": "582.TA.96-120-8-j24-1.56.R", "mode": "bus", "line_name": "8"}, {"line_id": "96-120-8-j24-1", "route_id": "565.TA.96-120-8-j24-1.50.R", "mode": "bus", "line_name": "8"}, {"line_id": "96-120-8-j24-1", "route_id": "539.TA.96-120-8-j24-1.47.R", "mode": "bus", "line_name": "8"}, {"line_id": "96-120-8-j24-1", "route_id": "528.TA.96-120-8-j24-1.45.R", "mode": "bus", "line_name": "8"}, {"line_id": "96-120-8-j24-1", "route_id": "354.TA.96-120-8-j24-1.32.R", "mode": "bus", "line_name": "8"}, {"line_id": "96-120-8-j24-1", "route_id": "585.TA.96-120-8-j24-1.189.R", "mode": "bus", "line_name": "8"}, {"line_id": "96-120-8-j24-1", "route_id": "575.TA.96-120-8-j24-1.53.R", "mode": "bus", "line_name": "8"}, {"line_id": "96-120-8-j24-1", "route_id": "478.TA.96-120-8-j24-1.38.R", "mode": "bus", "line_name": "8"}, {"line_id": "96-120-8-j24-1", "route_id": "576.TA.96-120-8-j24-1.188.R", "mode": "bus", "line_name": "8"}, {"line_id": "96-120-8-j24-1", "route_id": "535.TA.96-120-8-j24-1.46.R", "mode": "bus", "line_name": "8"}, {"line_id": "96-120-8-j24-1", "route_id": "572.TA.96-120-8-j24-1.51.R", "mode": "bus", "line_name": "8"}, {"line_id": "96-120-8-j24-1", "route_id": "480.TA.96-120-8-j24-1.39.R", "mode": "bus", "line_name": "8"}, {"line_id": "96-120-8-j24-1", "route_id": "580.TA.96-120-8-j24-1.188.R", "mode": "bus", "line_name": "8"}, {"line_id": "96-120-8-j24-1", "route_id": "564.TA.96-120-8-j24-1.50.R", "mode": "bus", "line_name": "8"}, {"line_id": "96-120-8-j24-1", "route_id": "442.TA.96-120-8-j24-1.36.R", "mode": "bus", "line_name": "8"}, {"line_id": "96-120-8-j24-1", "route_id": "504.TA.96-120-8-j24-1.41.R", "mode": "bus", "line_name": "8"}, {"line_id": "96-120-8-j24-1", "route_id": "573.TA.96-120-8-j24-1.52.R", "mode": "bus", "line_name": "8"}, {"line_id": "96-120-8-j24-1", "route_id": "397.TA.96-120-8-j24-1.34.R", "mode": "bus", "line_name": "8"}, {"line_id": "96-120-8-j24-1", "route_id": "479.TA.96-120-8-j24-1.39.R", "mode": "bus", "line_name": "8"}, {"line_id": "96-120-8-j24-1", "route_id": "586.TA.96-120-8-j24-1.190.R", "mode": "bus", "line_name": "8"}], "predominant_mode": "bus", "assigned_canton": "Jura", "modes_list": ["bus"]}, "geometry": {"type": "Point", "coordinates": [7.342030217407536, 47.36139060271264]}}, {"id": "6692", "type": "Feature", "properties": {"name": "Del\u00e9mont, ch. du Puits", "lon": 7.3458480502604, "lat": 47.36223030217354, "stop_id": ["8571996.link:1688675", "8571996.link:1688676"], "lines": [{"line_id": "96-120-8-j24-1", "route_id": "264.TA.96-120-8-j24-1.25.H", "mode": "bus", "line_name": "8"}, {"line_id": "96-120-6-j24-1", "route_id": "250.TA.96-120-6-j24-1.12.H", "mode": "bus", "line_name": "6"}, {"line_id": "96-120-8-j24-1", "route_id": "99.TA.96-120-8-j24-1.8.H", "mode": "bus", "line_name": "8"}, {"line_id": "96-120-8-j24-1", "route_id": "527.TA.96-120-8-j24-1.44.R", "mode": "bus", "line_name": "8"}, {"line_id": "96-120-8-j24-1", "route_id": "281.TA.96-120-8-j24-1.27.H", "mode": "bus", "line_name": "8"}, {"line_id": "96-120-8-j24-1", "route_id": "561.TA.96-120-8-j24-1.185.R", "mode": "bus", "line_name": "8"}, {"line_id": "96-120-8-j24-1", "route_id": "202.TA.96-120-8-j24-1.19.H", "mode": "bus", "line_name": "8"}, {"line_id": "96-120-8-j24-1", "route_id": "435.TA.96-120-8-j24-1.36.R", "mode": "bus", "line_name": "8"}, {"line_id": "96-120-8-j24-1", "route_id": "523.TA.96-120-8-j24-1.43.R", "mode": "bus", "line_name": "8"}, {"line_id": "96-120-8-j24-1", "route_id": "582.TA.96-120-8-j24-1.56.R", "mode": "bus", "line_name": "8"}, {"line_id": "96-120-2-j24-1", "route_id": "212.TA.96-120-2-j24-1.6.R", "mode": "bus", "line_name": "2"}, {"line_id": "96-120-6-j24-1", "route_id": "54.TA.96-120-6-j24-1.6.H", "mode": "bus", "line_name": "6"}, {"line_id": "96-120-8-j24-1", "route_id": "565.TA.96-120-8-j24-1.50.R", "mode": "bus", "line_name": "8"}, {"line_id": "96-120-8-j24-1", "route_id": "539.TA.96-120-8-j24-1.47.R", "mode": "bus", "line_name": "8"}, {"line_id": "96-120-8-j24-1", "route_id": "528.TA.96-120-8-j24-1.45.R", "mode": "bus", "line_name": "8"}, {"line_id": "96-120-8-j24-1", "route_id": "100.TA.96-120-8-j24-1.8.H", "mode": "bus", "line_name": "8"}, {"line_id": "96-120-2-j24-1", "route_id": "277.TA.96-120-2-j24-1.8.R", "mode": "bus", "line_name": "2"}, {"line_id": "96-120-6-j24-1", "route_id": "171.TA.96-120-6-j24-1.10.H", "mode": "bus", "line_name": "6"}, {"line_id": "96-120-8-j24-1", "route_id": "354.TA.96-120-8-j24-1.32.R", "mode": "bus", "line_name": "8"}, {"line_id": "96-120-8-j24-1", "route_id": "269.TA.96-120-8-j24-1.175.H", "mode": "bus", "line_name": "8"}, {"line_id": "96-120-6-j24-1", "route_id": "206.TA.96-120-6-j24-1.11.H", "mode": "bus", "line_name": "6"}, {"line_id": "96-120-8-j24-1", "route_id": "585.TA.96-120-8-j24-1.189.R", "mode": "bus", "line_name": "8"}, {"line_id": "96-120-2-j24-1", "route_id": "360.TA.96-120-2-j24-1.10.R", "mode": "bus", "line_name": "2"}, {"line_id": "96-120-8-j24-1", "route_id": "575.TA.96-120-8-j24-1.53.R", "mode": "bus", "line_name": "8"}, {"line_id": "96-120-8-j24-1", "route_id": "113.TA.96-120-8-j24-1.164.H", "mode": "bus", "line_name": "8"}, {"line_id": "96-120-8-j24-1", "route_id": "478.TA.96-120-8-j24-1.38.R", "mode": "bus", "line_name": "8"}, {"line_id": "96-120-8-j24-1", "route_id": "230.TA.96-120-8-j24-1.171.H", "mode": "bus", "line_name": "8"}, {"line_id": "96-120-6-j24-1", "route_id": "164.TA.96-120-6-j24-1.10.H", "mode": "bus", "line_name": "6"}, {"line_id": "96-120-8-j24-1", "route_id": "189.TA.96-120-8-j24-1.17.H", "mode": "bus", "line_name": "8"}, {"line_id": "96-120-8-j24-1", "route_id": "157.TA.96-120-8-j24-1.14.H", "mode": "bus", "line_name": "8"}, {"line_id": "96-120-8-j24-1", "route_id": "576.TA.96-120-8-j24-1.188.R", "mode": "bus", "line_name": "8"}, {"line_id": "96-120-8-j24-1", "route_id": "535.TA.96-120-8-j24-1.46.R", "mode": "bus", "line_name": "8"}, {"line_id": "96-120-8-j24-1", "route_id": "572.TA.96-120-8-j24-1.51.R", "mode": "bus", "line_name": "8"}, {"line_id": "96-120-8-j24-1", "route_id": "291.TA.96-120-8-j24-1.176.H", "mode": "bus", "line_name": "8"}, {"line_id": "96-120-8-j24-1", "route_id": "480.TA.96-120-8-j24-1.39.R", "mode": "bus", "line_name": "8"}, {"line_id": "96-129-0-j24-1", "route_id": "12.TA.96-129-0-j24-1.17.R", "mode": "bus", "line_name": "M31"}, {"line_id": "96-120-8-j24-1", "route_id": "117.TA.96-120-8-j24-1.164.H", "mode": "bus", "line_name": "8"}, {"line_id": "96-120-8-j24-1", "route_id": "580.TA.96-120-8-j24-1.188.R", "mode": "bus", "line_name": "8"}, {"line_id": "96-120-8-j24-1", "route_id": "564.TA.96-120-8-j24-1.50.R", "mode": "bus", "line_name": "8"}, {"line_id": "96-120-8-j24-1", "route_id": "442.TA.96-120-8-j24-1.36.R", "mode": "bus", "line_name": "8"}, {"line_id": "96-120-8-j24-1", "route_id": "504.TA.96-120-8-j24-1.41.R", "mode": "bus", "line_name": "8"}, {"line_id": "96-120-6-j24-1", "route_id": "85.TA.96-120-6-j24-1.6.H", "mode": "bus", "line_name": "6"}, {"line_id": "96-120-8-j24-1", "route_id": "573.TA.96-120-8-j24-1.52.R", "mode": "bus", "line_name": "8"}, {"line_id": "96-120-2-j24-1", "route_id": "335.TA.96-120-2-j24-1.9.R", "mode": "bus", "line_name": "2"}, {"line_id": "96-120-8-j24-1", "route_id": "47.TA.96-120-8-j24-1.6.H", "mode": "bus", "line_name": "8"}, {"line_id": "96-120-8-j24-1", "route_id": "221.TA.96-120-8-j24-1.22.H", "mode": "bus", "line_name": "8"}, {"line_id": "96-120-8-j24-1", "route_id": "479.TA.96-120-8-j24-1.39.R", "mode": "bus", "line_name": "8"}, {"line_id": "96-120-8-j24-1", "route_id": "206.TA.96-120-8-j24-1.21.H", "mode": "bus", "line_name": "8"}, {"line_id": "96-120-8-j24-1", "route_id": "197.TA.96-120-8-j24-1.18.H", "mode": "bus", "line_name": "8"}, {"line_id": "96-120-8-j24-1", "route_id": "203.TA.96-120-8-j24-1.170.H", "mode": "bus", "line_name": "8"}, {"line_id": "96-120-8-j24-1", "route_id": "166.TA.96-120-8-j24-1.167.H", "mode": "bus", "line_name": "8"}, {"line_id": "96-120-8-j24-1", "route_id": "586.TA.96-120-8-j24-1.190.R", "mode": "bus", "line_name": "8"}, {"line_id": "96-120-8-j24-1", "route_id": "246.TA.96-120-8-j24-1.173.H", "mode": "bus", "line_name": "8"}, {"line_id": "96-120-6-j24-1", "route_id": "395.TA.96-120-6-j24-1.21.R", "mode": "bus", "line_name": "6"}, {"line_id": "96-120-8-j24-1", "route_id": "264.TA.96-120-8-j24-1.25.H", "mode": "bus", "line_name": "8"}, {"line_id": "96-120-8-j24-1", "route_id": "281.TA.96-120-8-j24-1.27.H", "mode": "bus", "line_name": "8"}, {"line_id": "96-120-8-j24-1", "route_id": "561.TA.96-120-8-j24-1.185.R", "mode": "bus", "line_name": "8"}, {"line_id": "96-120-8-j24-1", "route_id": "202.TA.96-120-8-j24-1.19.H", "mode": "bus", "line_name": "8"}, {"line_id": "96-120-6-j24-1", "route_id": "393.TA.96-120-6-j24-1.21.R", "mode": "bus", "line_name": "6"}, {"line_id": "96-120-8-j24-1", "route_id": "39.TA.96-120-8-j24-1.4.H", "mode": "bus", "line_name": "8"}, {"line_id": "96-120-8-j24-1", "route_id": "523.TA.96-120-8-j24-1.43.R", "mode": "bus", "line_name": "8"}, {"line_id": "96-120-8-j24-1", "route_id": "197.TA.96-120-8-j24-1.18.H", "mode": "bus", "line_name": "8"}, {"line_id": "96-120-8-j24-1", "route_id": "582.TA.96-120-8-j24-1.56.R", "mode": "bus", "line_name": "8"}, {"line_id": "96-120-6-j24-1", "route_id": "439.TA.96-120-6-j24-1.26.R", "mode": "bus", "line_name": "6"}, {"line_id": "96-120-8-j24-1", "route_id": "565.TA.96-120-8-j24-1.50.R", "mode": "bus", "line_name": "8"}, {"line_id": "96-120-8-j24-1", "route_id": "539.TA.96-120-8-j24-1.47.R", "mode": "bus", "line_name": "8"}, {"line_id": "96-120-8-j24-1", "route_id": "528.TA.96-120-8-j24-1.45.R", "mode": "bus", "line_name": "8"}, {"line_id": "96-120-6-j24-1", "route_id": "392.TA.96-120-6-j24-1.21.R", "mode": "bus", "line_name": "6"}, {"line_id": "96-120-8-j24-1", "route_id": "428.TA.96-120-8-j24-1.35.R", "mode": "bus", "line_name": "8"}, {"line_id": "96-120-6-j24-1", "route_id": "452.TA.96-120-6-j24-1.24.R", "mode": "bus", "line_name": "6"}, {"line_id": "96-120-8-j24-1", "route_id": "462.TA.96-120-8-j24-1.179.R", "mode": "bus", "line_name": "8"}, {"line_id": "96-120-6-j24-1", "route_id": "382.TA.96-120-6-j24-1.21.R", "mode": "bus", "line_name": "6"}, {"line_id": "96-120-8-j24-1", "route_id": "269.TA.96-120-8-j24-1.175.H", "mode": "bus", "line_name": "8"}, {"line_id": "96-120-8-j24-1", "route_id": "155.TA.96-120-8-j24-1.13.H", "mode": "bus", "line_name": "8"}, {"line_id": "96-120-6-j24-1", "route_id": "442.TA.96-120-6-j24-1.24.R", "mode": "bus", "line_name": "6"}, {"line_id": "96-120-8-j24-1", "route_id": "575.TA.96-120-8-j24-1.53.R", "mode": "bus", "line_name": "8"}, {"line_id": "96-120-8-j24-1", "route_id": "144.TA.96-120-8-j24-1.11.H", "mode": "bus", "line_name": "8"}, {"line_id": "96-120-8-j24-1", "route_id": "230.TA.96-120-8-j24-1.171.H", "mode": "bus", "line_name": "8"}, {"line_id": "96-120-8-j24-1", "route_id": "189.TA.96-120-8-j24-1.17.H", "mode": "bus", "line_name": "8"}, {"line_id": "96-120-2-j24-1", "route_id": "103.TA.96-120-2-j24-1.3.H", "mode": "bus", "line_name": "2"}, {"line_id": "96-120-8-j24-1", "route_id": "576.TA.96-120-8-j24-1.188.R", "mode": "bus", "line_name": "8"}, {"line_id": "96-120-8-j24-1", "route_id": "535.TA.96-120-8-j24-1.46.R", "mode": "bus", "line_name": "8"}, {"line_id": "96-120-8-j24-1", "route_id": "157.TA.96-120-8-j24-1.14.H", "mode": "bus", "line_name": "8"}, {"line_id": "96-120-8-j24-1", "route_id": "572.TA.96-120-8-j24-1.51.R", "mode": "bus", "line_name": "8"}, {"line_id": "96-120-8-j24-1", "route_id": "361.TA.96-120-8-j24-1.33.R", "mode": "bus", "line_name": "8"}, {"line_id": "96-120-8-j24-1", "route_id": "291.TA.96-120-8-j24-1.176.H", "mode": "bus", "line_name": "8"}, {"line_id": "96-120-8-j24-1", "route_id": "480.TA.96-120-8-j24-1.39.R", "mode": "bus", "line_name": "8"}, {"line_id": "96-120-2-j24-1", "route_id": "30.TA.96-120-2-j24-1.1.H", "mode": "bus", "line_name": "2"}, {"line_id": "96-120-2-j24-1", "route_id": "177.TA.96-120-2-j24-1.5.H", "mode": "bus", "line_name": "2"}, {"line_id": "96-120-8-j24-1", "route_id": "580.TA.96-120-8-j24-1.188.R", "mode": "bus", "line_name": "8"}, {"line_id": "96-120-8-j24-1", "route_id": "564.TA.96-120-8-j24-1.50.R", "mode": "bus", "line_name": "8"}, {"line_id": "96-120-8-j24-1", "route_id": "573.TA.96-120-8-j24-1.52.R", "mode": "bus", "line_name": "8"}, {"line_id": "96-120-8-j24-1", "route_id": "187.TA.96-120-8-j24-1.16.H", "mode": "bus", "line_name": "8"}, {"line_id": "96-120-2-j24-1", "route_id": "203.TA.96-120-2-j24-1.5.H", "mode": "bus", "line_name": "2"}, {"line_id": "96-120-8-j24-1", "route_id": "221.TA.96-120-8-j24-1.22.H", "mode": "bus", "line_name": "8"}, {"line_id": "96-120-8-j24-1", "route_id": "74.TA.96-120-8-j24-1.7.H", "mode": "bus", "line_name": "8"}, {"line_id": "96-120-6-j24-1", "route_id": "350.TA.96-120-6-j24-1.18.R", "mode": "bus", "line_name": "6"}, {"line_id": "96-120-8-j24-1", "route_id": "479.TA.96-120-8-j24-1.39.R", "mode": "bus", "line_name": "8"}, {"line_id": "96-120-8-j24-1", "route_id": "206.TA.96-120-8-j24-1.21.H", "mode": "bus", "line_name": "8"}, {"line_id": "96-120-2-j24-1", "route_id": "95.TA.96-120-2-j24-1.3.H", "mode": "bus", "line_name": "2"}, {"line_id": "96-120-8-j24-1", "route_id": "203.TA.96-120-8-j24-1.170.H", "mode": "bus", "line_name": "8"}, {"line_id": "96-120-8-j24-1", "route_id": "156.TA.96-120-8-j24-1.13.H", "mode": "bus", "line_name": "8"}, {"line_id": "96-120-8-j24-1", "route_id": "586.TA.96-120-8-j24-1.190.R", "mode": "bus", "line_name": "8"}, {"line_id": "96-120-8-j24-1", "route_id": "246.TA.96-120-8-j24-1.173.H", "mode": "bus", "line_name": "8"}], "predominant_mode": "bus", "assigned_canton": "Jura", "modes_list": ["bus"]}, "geometry": {"type": "Point", "coordinates": [7.345848057443308, 47.36223031265217]}}, {"id": "6693", "type": "Feature", "properties": {"name": "Del\u00e9mont, gare", "lon": 7.349162840261964, "lat": 47.362169462121585, "stop_id": ["8571965.link:1158051", "8571965:0:A.link:113171", "8571965:0:A.link:1158051", "8571965:0:B.link:113171", "8571965:0:B.link:1158051", "8571965:0:C.link:113171", "8571965:0:C.link:1158051", "8571965:0:D.link:113171", "8571965:0:D.link:1158051", "8571965:0:E.link:113171", "8571965:0:E.link:1158051", "8571965:0:F.link:113171", "8571965:0:F.link:1158051", "8571965:0:G.link:113171", "8571965:0:G.link:1158051", "8571965:0:H.link:113171", "8571965:0:H.link:1158051", "8571965:0:K.link:1158051"], "lines": [{"line_id": "92-EV1-L-j24-1", "route_id": "146.TA.92-EV1-L-j24-1.7.H", "mode": "bus", "line_name": "EV1"}, {"line_id": "92-EV1-L-j24-1", "route_id": "127.TA.92-EV1-L-j24-1.3.H", "mode": "bus", "line_name": "EV1"}, {"line_id": "96-120-7-j24-1", "route_id": "83.TA.96-120-7-j24-1.4.H", "mode": "bus", "line_name": "7"}, {"line_id": "96-120-7-j24-1", "route_id": "74.TA.96-120-7-j24-1.4.H", "mode": "bus", "line_name": "7"}, {"line_id": "96-120-7-j24-1", "route_id": "40.TA.96-120-7-j24-1.2.H", "mode": "bus", "line_name": "7"}, {"line_id": "96-120-7-j24-1", "route_id": "90.TA.96-120-7-j24-1.4.H", "mode": "bus", "line_name": "7"}, {"line_id": "96-120-7-j24-1", "route_id": "115.TA.96-120-7-j24-1.5.H", "mode": "bus", "line_name": "7"}, {"line_id": "96-120-7-j24-1", "route_id": "4.TA.96-120-7-j24-1.1.H", "mode": "bus", "line_name": "7"}, {"line_id": "96-120-7-j24-1", "route_id": "66.TA.96-120-7-j24-1.3.H", "mode": "bus", "line_name": "7"}, {"line_id": "96-120-7-j24-1", "route_id": "41.TA.96-120-7-j24-1.2.H", "mode": "bus", "line_name": "7"}, {"line_id": "96-120-7-j24-1", "route_id": "88.TA.96-120-7-j24-1.4.H", "mode": "bus", "line_name": "7"}, {"line_id": "96-120-7-j24-1", "route_id": "208.TA.96-120-7-j24-1.9.R", "mode": "bus", "line_name": "7"}, {"line_id": "96-120-7-j24-1", "route_id": "222.TA.96-120-7-j24-1.10.R", "mode": "bus", "line_name": "7"}, {"line_id": "96-120-7-j24-1", "route_id": "121.TA.96-120-7-j24-1.6.R", "mode": "bus", "line_name": "7"}, {"line_id": "96-120-7-j24-1", "route_id": "245.TA.96-120-7-j24-1.10.R", "mode": "bus", "line_name": "7"}, {"line_id": "96-120-7-j24-1", "route_id": "150.TA.96-120-7-j24-1.7.R", "mode": "bus", "line_name": "7"}, {"line_id": "96-120-7-j24-1", "route_id": "187.TA.96-120-7-j24-1.8.R", "mode": "bus", "line_name": "7"}, {"line_id": "96-120-7-j24-1", "route_id": "145.TA.96-120-7-j24-1.7.R", "mode": "bus", "line_name": "7"}, {"line_id": "96-120-7-j24-1", "route_id": "184.TA.96-120-7-j24-1.8.R", "mode": "bus", "line_name": "7"}, {"line_id": "96-120-7-j24-1", "route_id": "181.TA.96-120-7-j24-1.8.R", "mode": "bus", "line_name": "7"}, {"line_id": "96-120-7-j24-1", "route_id": "160.TA.96-120-7-j24-1.8.R", "mode": "bus", "line_name": "7"}, {"line_id": "96-120-6-j24-1", "route_id": "350.TA.96-120-6-j24-1.18.R", "mode": "bus", "line_name": "6"}, {"line_id": "96-120-6-j24-1", "route_id": "325.TA.96-120-6-j24-1.16.R", "mode": "bus", "line_name": "6"}, {"line_id": "96-120-6-j24-1", "route_id": "395.TA.96-120-6-j24-1.21.R", "mode": "bus", "line_name": "6"}, {"line_id": "96-120-6-j24-1", "route_id": "279.TA.96-120-6-j24-1.13.R", "mode": "bus", "line_name": "6"}, {"line_id": "96-128-0-j24-1", "route_id": "9.TA.96-128-0-j24-1.4.R", "mode": "bus", "line_name": "N10"}, {"line_id": "96-120-6-j24-1", "route_id": "439.TA.96-120-6-j24-1.26.R", "mode": "bus", "line_name": "6"}, {"line_id": "96-129-0-j24-1", "route_id": "12.TA.96-129-0-j24-1.17.R", "mode": "bus", "line_name": "M31"}, {"line_id": "96-120-6-j24-1", "route_id": "353.TA.96-120-6-j24-1.19.R", "mode": "bus", "line_name": "6"}, {"line_id": "96-120-6-j24-1", "route_id": "392.TA.96-120-6-j24-1.21.R", "mode": "bus", "line_name": "6"}, {"line_id": "96-128-0-j24-1", "route_id": "13.TA.96-128-0-j24-1.4.R", "mode": "bus", "line_name": "N10"}, {"line_id": "96-120-6-j24-1", "route_id": "452.TA.96-120-6-j24-1.24.R", "mode": "bus", "line_name": "6"}, {"line_id": "96-120-6-j24-1", "route_id": "356.TA.96-120-6-j24-1.19.R", "mode": "bus", "line_name": "6"}, {"line_id": "96-120-6-j24-1", "route_id": "393.TA.96-120-6-j24-1.21.R", "mode": "bus", "line_name": "6"}, {"line_id": "96-120-6-j24-1", "route_id": "382.TA.96-120-6-j24-1.21.R", "mode": "bus", "line_name": "6"}, {"line_id": "96-120-6-j24-1", "route_id": "370.TA.96-120-6-j24-1.20.R", "mode": "bus", "line_name": "6"}, {"line_id": "96-120-6-j24-1", "route_id": "442.TA.96-120-6-j24-1.24.R", "mode": "bus", "line_name": "6"}, {"line_id": "96-120-2-j24-1", "route_id": "30.TA.96-120-2-j24-1.1.H", "mode": "bus", "line_name": "2"}, {"line_id": "96-128-0-j24-1", "route_id": "6.TA.96-128-0-j24-1.2.H", "mode": "bus", "line_name": "N10"}, {"line_id": "96-128-0-j24-1", "route_id": "8.TA.96-128-0-j24-1.2.H", "mode": "bus", "line_name": "N10"}, {"line_id": "96-120-2-j24-1", "route_id": "203.TA.96-120-2-j24-1.5.H", "mode": "bus", "line_name": "2"}, {"line_id": "96-120-2-j24-1", "route_id": "51.TA.96-120-2-j24-1.2.H", "mode": "bus", "line_name": "2"}, {"line_id": "96-120-2-j24-1", "route_id": "95.TA.96-120-2-j24-1.3.H", "mode": "bus", "line_name": "2"}, {"line_id": "96-120-2-j24-1", "route_id": "103.TA.96-120-2-j24-1.3.H", "mode": "bus", "line_name": "2"}, {"line_id": "96-120-2-j24-1", "route_id": "177.TA.96-120-2-j24-1.5.H", "mode": "bus", "line_name": "2"}, {"line_id": "96-120-8-j24-1", "route_id": "313.TA.96-120-8-j24-1.30.R", "mode": "bus", "line_name": "8"}, {"line_id": "96-120-8-j24-1", "route_id": "428.TA.96-120-8-j24-1.35.R", "mode": "bus", "line_name": "8"}, {"line_id": "96-120-8-j24-1", "route_id": "462.TA.96-120-8-j24-1.179.R", "mode": "bus", "line_name": "8"}, {"line_id": "96-120-8-j24-1", "route_id": "361.TA.96-120-8-j24-1.33.R", "mode": "bus", "line_name": "8"}, {"line_id": "96-120-8-j24-1", "route_id": "510.TA.96-120-8-j24-1.181.R", "mode": "bus", "line_name": "8"}, {"line_id": "96-120-8-j24-1", "route_id": "527.TA.96-120-8-j24-1.44.R", "mode": "bus", "line_name": "8"}, {"line_id": "96-120-8-j24-1", "route_id": "435.TA.96-120-8-j24-1.36.R", "mode": "bus", "line_name": "8"}, {"line_id": "96-120-8-j24-1", "route_id": "561.TA.96-120-8-j24-1.185.R", "mode": "bus", "line_name": "8"}, {"line_id": "96-120-8-j24-1", "route_id": "523.TA.96-120-8-j24-1.43.R", "mode": "bus", "line_name": "8"}, {"line_id": "96-120-8-j24-1", "route_id": "582.TA.96-120-8-j24-1.56.R", "mode": "bus", "line_name": "8"}, {"line_id": "96-120-8-j24-1", "route_id": "565.TA.96-120-8-j24-1.50.R", "mode": "bus", "line_name": "8"}, {"line_id": "96-120-8-j24-1", "route_id": "539.TA.96-120-8-j24-1.47.R", "mode": "bus", "line_name": "8"}, {"line_id": "96-120-8-j24-1", "route_id": "528.TA.96-120-8-j24-1.45.R", "mode": "bus", "line_name": "8"}, {"line_id": "96-120-8-j24-1", "route_id": "354.TA.96-120-8-j24-1.32.R", "mode": "bus", "line_name": "8"}, {"line_id": "96-120-8-j24-1", "route_id": "585.TA.96-120-8-j24-1.189.R", "mode": "bus", "line_name": "8"}, {"line_id": "96-120-8-j24-1", "route_id": "575.TA.96-120-8-j24-1.53.R", "mode": "bus", "line_name": "8"}, {"line_id": "96-120-8-j24-1", "route_id": "478.TA.96-120-8-j24-1.38.R", "mode": "bus", "line_name": "8"}, {"line_id": "96-120-8-j24-1", "route_id": "576.TA.96-120-8-j24-1.188.R", "mode": "bus", "line_name": "8"}, {"line_id": "96-120-8-j24-1", "route_id": "535.TA.96-120-8-j24-1.46.R", "mode": "bus", "line_name": "8"}, {"line_id": "96-120-8-j24-1", "route_id": "572.TA.96-120-8-j24-1.51.R", "mode": "bus", "line_name": "8"}, {"line_id": "96-120-8-j24-1", "route_id": "480.TA.96-120-8-j24-1.39.R", "mode": "bus", "line_name": "8"}, {"line_id": "96-120-8-j24-1", "route_id": "580.TA.96-120-8-j24-1.188.R", "mode": "bus", "line_name": "8"}, {"line_id": "96-120-8-j24-1", "route_id": "564.TA.96-120-8-j24-1.50.R", "mode": "bus", "line_name": "8"}, {"line_id": "96-120-8-j24-1", "route_id": "442.TA.96-120-8-j24-1.36.R", "mode": "bus", "line_name": "8"}, {"line_id": "96-120-8-j24-1", "route_id": "504.TA.96-120-8-j24-1.41.R", "mode": "bus", "line_name": "8"}, {"line_id": "96-120-8-j24-1", "route_id": "573.TA.96-120-8-j24-1.52.R", "mode": "bus", "line_name": "8"}, {"line_id": "96-120-8-j24-1", "route_id": "397.TA.96-120-8-j24-1.34.R", "mode": "bus", "line_name": "8"}, {"line_id": "96-120-8-j24-1", "route_id": "479.TA.96-120-8-j24-1.39.R", "mode": "bus", "line_name": "8"}, {"line_id": "96-120-8-j24-1", "route_id": "586.TA.96-120-8-j24-1.190.R", "mode": "bus", "line_name": "8"}, {"line_id": "96-120-8-j24-1", "route_id": "187.TA.96-120-8-j24-1.16.H", "mode": "bus", "line_name": "8"}, {"line_id": "96-120-8-j24-1", "route_id": "144.TA.96-120-8-j24-1.11.H", "mode": "bus", "line_name": "8"}, {"line_id": "96-120-8-j24-1", "route_id": "74.TA.96-120-8-j24-1.7.H", "mode": "bus", "line_name": "8"}, {"line_id": "96-120-8-j24-1", "route_id": "39.TA.96-120-8-j24-1.4.H", "mode": "bus", "line_name": "8"}, {"line_id": "96-120-8-j24-1", "route_id": "101.TA.96-120-8-j24-1.9.H", "mode": "bus", "line_name": "8"}, {"line_id": "96-120-8-j24-1", "route_id": "155.TA.96-120-8-j24-1.13.H", "mode": "bus", "line_name": "8"}, {"line_id": "96-120-8-j24-1", "route_id": "156.TA.96-120-8-j24-1.13.H", "mode": "bus", "line_name": "8"}, {"line_id": "96-120-8-j24-1", "route_id": "264.TA.96-120-8-j24-1.25.H", "mode": "bus", "line_name": "8"}, {"line_id": "96-120-8-j24-1", "route_id": "99.TA.96-120-8-j24-1.8.H", "mode": "bus", "line_name": "8"}, {"line_id": "96-120-8-j24-1", "route_id": "281.TA.96-120-8-j24-1.27.H", "mode": "bus", "line_name": "8"}, {"line_id": "96-120-8-j24-1", "route_id": "202.TA.96-120-8-j24-1.19.H", "mode": "bus", "line_name": "8"}, {"line_id": "96-120-8-j24-1", "route_id": "24.TA.96-120-8-j24-1.2.H", "mode": "bus", "line_name": "8"}, {"line_id": "96-120-8-j24-1", "route_id": "152.TA.96-120-8-j24-1.165.H", "mode": "bus", "line_name": "8"}, {"line_id": "96-120-8-j24-1", "route_id": "100.TA.96-120-8-j24-1.8.H", "mode": "bus", "line_name": "8"}, {"line_id": "96-120-8-j24-1", "route_id": "269.TA.96-120-8-j24-1.175.H", "mode": "bus", "line_name": "8"}, {"line_id": "96-120-8-j24-1", "route_id": "113.TA.96-120-8-j24-1.164.H", "mode": "bus", "line_name": "8"}, {"line_id": "96-120-8-j24-1", "route_id": "230.TA.96-120-8-j24-1.171.H", "mode": "bus", "line_name": "8"}, {"line_id": "96-120-8-j24-1", "route_id": "189.TA.96-120-8-j24-1.17.H", "mode": "bus", "line_name": "8"}, {"line_id": "96-120-8-j24-1", "route_id": "157.TA.96-120-8-j24-1.14.H", "mode": "bus", "line_name": "8"}, {"line_id": "96-120-8-j24-1", "route_id": "291.TA.96-120-8-j24-1.176.H", "mode": "bus", "line_name": "8"}, {"line_id": "96-120-8-j24-1", "route_id": "117.TA.96-120-8-j24-1.164.H", "mode": "bus", "line_name": "8"}, {"line_id": "96-120-8-j24-1", "route_id": "47.TA.96-120-8-j24-1.6.H", "mode": "bus", "line_name": "8"}, {"line_id": "96-120-8-j24-1", "route_id": "221.TA.96-120-8-j24-1.22.H", "mode": "bus", "line_name": "8"}, {"line_id": "96-120-8-j24-1", "route_id": "206.TA.96-120-8-j24-1.21.H", "mode": "bus", "line_name": "8"}, {"line_id": "96-120-8-j24-1", "route_id": "197.TA.96-120-8-j24-1.18.H", "mode": "bus", "line_name": "8"}, {"line_id": "96-120-8-j24-1", "route_id": "203.TA.96-120-8-j24-1.170.H", "mode": "bus", "line_name": "8"}, {"line_id": "96-120-8-j24-1", "route_id": "166.TA.96-120-8-j24-1.167.H", "mode": "bus", "line_name": "8"}, {"line_id": "96-120-8-j24-1", "route_id": "246.TA.96-120-8-j24-1.173.H", "mode": "bus", "line_name": "8"}, {"line_id": "96-120-1-j24-1", "route_id": "44.TA.96-120-1-j24-1.2.H", "mode": "bus", "line_name": "1"}, {"line_id": "96-129-0-j24-1", "route_id": "4.TA.96-129-0-j24-1.13.H", "mode": "bus", "line_name": "M31"}, {"line_id": "96-120-3-j24-1", "route_id": "16.TA.96-120-3-j24-1.1.H", "mode": "bus", "line_name": "3"}, {"line_id": "96-120-1-j24-1", "route_id": "84.TA.96-120-1-j24-1.4.R", "mode": "bus", "line_name": "1"}, {"line_id": "96-120-6-j24-1", "route_id": "5.TA.96-120-6-j24-1.1.H", "mode": "bus", "line_name": "6"}, {"line_id": "96-120-6-j24-1", "route_id": "142.TA.96-120-6-j24-1.25.H", "mode": "bus", "line_name": "6"}, {"line_id": "96-120-6-j24-1", "route_id": "149.TA.96-120-6-j24-1.9.H", "mode": "bus", "line_name": "6"}, {"line_id": "96-120-6-j24-1", "route_id": "53.TA.96-120-6-j24-1.5.H", "mode": "bus", "line_name": "6"}, {"line_id": "96-120-6-j24-1", "route_id": "54.TA.96-120-6-j24-1.6.H", "mode": "bus", "line_name": "6"}, {"line_id": "96-120-6-j24-1", "route_id": "85.TA.96-120-6-j24-1.6.H", "mode": "bus", "line_name": "6"}, {"line_id": "96-120-6-j24-1", "route_id": "164.TA.96-120-6-j24-1.10.H", "mode": "bus", "line_name": "6"}, {"line_id": "96-120-6-j24-1", "route_id": "250.TA.96-120-6-j24-1.12.H", "mode": "bus", "line_name": "6"}, {"line_id": "96-120-6-j24-1", "route_id": "42.TA.96-120-6-j24-1.3.H", "mode": "bus", "line_name": "6"}, {"line_id": "96-120-6-j24-1", "route_id": "171.TA.96-120-6-j24-1.10.H", "mode": "bus", "line_name": "6"}, {"line_id": "96-120-6-j24-1", "route_id": "206.TA.96-120-6-j24-1.11.H", "mode": "bus", "line_name": "6"}, {"line_id": "96-120-2-j24-1", "route_id": "259.TA.96-120-2-j24-1.7.R", "mode": "bus", "line_name": "2"}, {"line_id": "96-120-2-j24-1", "route_id": "212.TA.96-120-2-j24-1.6.R", "mode": "bus", "line_name": "2"}, {"line_id": "96-120-2-j24-1", "route_id": "277.TA.96-120-2-j24-1.8.R", "mode": "bus", "line_name": "2"}, {"line_id": "96-120-2-j24-1", "route_id": "360.TA.96-120-2-j24-1.10.R", "mode": "bus", "line_name": "2"}, {"line_id": "96-120-2-j24-1", "route_id": "335.TA.96-120-2-j24-1.9.R", "mode": "bus", "line_name": "2"}, {"line_id": "96-120-3-j24-1", "route_id": "51.TA.96-120-3-j24-1.4.R", "mode": "bus", "line_name": "3"}], "predominant_mode": "bus", "assigned_canton": "Jura", "modes_list": ["bus"]}, "geometry": {"type": "Point", "coordinates": [7.349162847448385, 47.36216947259939]}}, {"id": "6694", "type": "Feature", "properties": {"name": "Del\u00e9mont, gare CFF sud", "lon": 7.351246930223468, "lat": 47.36094030208894, "stop_id": ["8582587.link:1913147", "8582587.link:1913148"], "lines": [{"line_id": "96-120-8-j24-1", "route_id": "264.TA.96-120-8-j24-1.25.H", "mode": "bus", "line_name": "8"}, {"line_id": "96-120-8-j24-1", "route_id": "99.TA.96-120-8-j24-1.8.H", "mode": "bus", "line_name": "8"}, {"line_id": "96-120-8-j24-1", "route_id": "281.TA.96-120-8-j24-1.27.H", "mode": "bus", "line_name": "8"}, {"line_id": "96-120-8-j24-1", "route_id": "202.TA.96-120-8-j24-1.19.H", "mode": "bus", "line_name": "8"}, {"line_id": "96-120-8-j24-1", "route_id": "24.TA.96-120-8-j24-1.2.H", "mode": "bus", "line_name": "8"}, {"line_id": "96-120-8-j24-1", "route_id": "152.TA.96-120-8-j24-1.165.H", "mode": "bus", "line_name": "8"}, {"line_id": "96-120-8-j24-1", "route_id": "100.TA.96-120-8-j24-1.8.H", "mode": "bus", "line_name": "8"}, {"line_id": "96-120-8-j24-1", "route_id": "269.TA.96-120-8-j24-1.175.H", "mode": "bus", "line_name": "8"}, {"line_id": "96-120-8-j24-1", "route_id": "113.TA.96-120-8-j24-1.164.H", "mode": "bus", "line_name": "8"}, {"line_id": "96-120-8-j24-1", "route_id": "230.TA.96-120-8-j24-1.171.H", "mode": "bus", "line_name": "8"}, {"line_id": "96-120-8-j24-1", "route_id": "189.TA.96-120-8-j24-1.17.H", "mode": "bus", "line_name": "8"}, {"line_id": "96-120-8-j24-1", "route_id": "157.TA.96-120-8-j24-1.14.H", "mode": "bus", "line_name": "8"}, {"line_id": "96-120-8-j24-1", "route_id": "291.TA.96-120-8-j24-1.176.H", "mode": "bus", "line_name": "8"}, {"line_id": "96-129-0-j24-1", "route_id": "12.TA.96-129-0-j24-1.17.R", "mode": "bus", "line_name": "M31"}, {"line_id": "96-120-8-j24-1", "route_id": "117.TA.96-120-8-j24-1.164.H", "mode": "bus", "line_name": "8"}, {"line_id": "96-120-8-j24-1", "route_id": "47.TA.96-120-8-j24-1.6.H", "mode": "bus", "line_name": "8"}, {"line_id": "96-120-8-j24-1", "route_id": "221.TA.96-120-8-j24-1.22.H", "mode": "bus", "line_name": "8"}, {"line_id": "96-120-8-j24-1", "route_id": "206.TA.96-120-8-j24-1.21.H", "mode": "bus", "line_name": "8"}, {"line_id": "96-120-8-j24-1", "route_id": "197.TA.96-120-8-j24-1.18.H", "mode": "bus", "line_name": "8"}, {"line_id": "96-120-8-j24-1", "route_id": "203.TA.96-120-8-j24-1.170.H", "mode": "bus", "line_name": "8"}, {"line_id": "96-120-8-j24-1", "route_id": "166.TA.96-120-8-j24-1.167.H", "mode": "bus", "line_name": "8"}, {"line_id": "96-120-8-j24-1", "route_id": "246.TA.96-120-8-j24-1.173.H", "mode": "bus", "line_name": "8"}, {"line_id": "96-120-8-j24-1", "route_id": "561.TA.96-120-8-j24-1.185.R", "mode": "bus", "line_name": "8"}, {"line_id": "96-120-8-j24-1", "route_id": "523.TA.96-120-8-j24-1.43.R", "mode": "bus", "line_name": "8"}, {"line_id": "96-120-8-j24-1", "route_id": "582.TA.96-120-8-j24-1.56.R", "mode": "bus", "line_name": "8"}, {"line_id": "96-120-8-j24-1", "route_id": "565.TA.96-120-8-j24-1.50.R", "mode": "bus", "line_name": "8"}, {"line_id": "96-120-8-j24-1", "route_id": "313.TA.96-120-8-j24-1.30.R", "mode": "bus", "line_name": "8"}, {"line_id": "96-120-8-j24-1", "route_id": "528.TA.96-120-8-j24-1.45.R", "mode": "bus", "line_name": "8"}, {"line_id": "96-120-8-j24-1", "route_id": "539.TA.96-120-8-j24-1.47.R", "mode": "bus", "line_name": "8"}, {"line_id": "96-120-8-j24-1", "route_id": "428.TA.96-120-8-j24-1.35.R", "mode": "bus", "line_name": "8"}, {"line_id": "96-120-8-j24-1", "route_id": "462.TA.96-120-8-j24-1.179.R", "mode": "bus", "line_name": "8"}, {"line_id": "96-120-8-j24-1", "route_id": "585.TA.96-120-8-j24-1.189.R", "mode": "bus", "line_name": "8"}, {"line_id": "96-120-8-j24-1", "route_id": "575.TA.96-120-8-j24-1.53.R", "mode": "bus", "line_name": "8"}, {"line_id": "96-120-8-j24-1", "route_id": "576.TA.96-120-8-j24-1.188.R", "mode": "bus", "line_name": "8"}, {"line_id": "96-120-8-j24-1", "route_id": "535.TA.96-120-8-j24-1.46.R", "mode": "bus", "line_name": "8"}, {"line_id": "96-129-0-j24-1", "route_id": "4.TA.96-129-0-j24-1.13.H", "mode": "bus", "line_name": "M31"}, {"line_id": "96-120-8-j24-1", "route_id": "572.TA.96-120-8-j24-1.51.R", "mode": "bus", "line_name": "8"}, {"line_id": "96-120-8-j24-1", "route_id": "361.TA.96-120-8-j24-1.33.R", "mode": "bus", "line_name": "8"}, {"line_id": "96-120-8-j24-1", "route_id": "480.TA.96-120-8-j24-1.39.R", "mode": "bus", "line_name": "8"}, {"line_id": "96-120-8-j24-1", "route_id": "580.TA.96-120-8-j24-1.188.R", "mode": "bus", "line_name": "8"}, {"line_id": "96-120-8-j24-1", "route_id": "564.TA.96-120-8-j24-1.50.R", "mode": "bus", "line_name": "8"}, {"line_id": "96-120-8-j24-1", "route_id": "573.TA.96-120-8-j24-1.52.R", "mode": "bus", "line_name": "8"}, {"line_id": "96-120-8-j24-1", "route_id": "479.TA.96-120-8-j24-1.39.R", "mode": "bus", "line_name": "8"}, {"line_id": "96-120-8-j24-1", "route_id": "510.TA.96-120-8-j24-1.181.R", "mode": "bus", "line_name": "8"}, {"line_id": "96-120-8-j24-1", "route_id": "586.TA.96-120-8-j24-1.190.R", "mode": "bus", "line_name": "8"}], "predominant_mode": "bus", "assigned_canton": "Jura", "modes_list": ["bus"]}, "geometry": {"type": "Point", "coordinates": [7.351246937412404, 47.36094031256583]}}, {"id": "6695", "type": "Feature", "properties": {"name": "Del\u00e9mont, place de la Foire", "lon": 7.3448329604014955, "lat": 47.36651994218942, "stop_id": ["8510376.link:1117898"], "lines": [{"line_id": "96-120-1-j24-1", "route_id": "44.TA.96-120-1-j24-1.2.H", "mode": "bus", "line_name": "1"}, {"line_id": "96-120-3-j24-1", "route_id": "16.TA.96-120-3-j24-1.1.H", "mode": "bus", "line_name": "3"}], "predominant_mode": "bus", "assigned_canton": "Jura", "modes_list": ["bus"]}, "geometry": {"type": "Point", "coordinates": [7.344832967582221, 47.36651995266974]}}, {"id": "6696", "type": "Feature", "properties": {"name": "Del\u00e9mont, rte de B\u00e2le", "lon": 7.3530794904665004, "lat": 47.36821136206021, "stop_id": ["8571984.link:878025", "8571984.link:878026"], "lines": [{"line_id": "96-120-2-j24-1", "route_id": "203.TA.96-120-2-j24-1.5.H", "mode": "bus", "line_name": "2"}, {"line_id": "96-120-2-j24-1", "route_id": "51.TA.96-120-2-j24-1.2.H", "mode": "bus", "line_name": "2"}, {"line_id": "96-120-2-j24-1", "route_id": "95.TA.96-120-2-j24-1.3.H", "mode": "bus", "line_name": "2"}, {"line_id": "96-120-2-j24-1", "route_id": "103.TA.96-120-2-j24-1.3.H", "mode": "bus", "line_name": "2"}, {"line_id": "96-120-2-j24-1", "route_id": "177.TA.96-120-2-j24-1.5.H", "mode": "bus", "line_name": "2"}, {"line_id": "96-120-2-j24-1", "route_id": "277.TA.96-120-2-j24-1.8.R", "mode": "bus", "line_name": "2"}, {"line_id": "96-120-2-j24-1", "route_id": "360.TA.96-120-2-j24-1.10.R", "mode": "bus", "line_name": "2"}, {"line_id": "96-120-2-j24-1", "route_id": "259.TA.96-120-2-j24-1.7.R", "mode": "bus", "line_name": "2"}, {"line_id": "96-120-2-j24-1", "route_id": "335.TA.96-120-2-j24-1.9.R", "mode": "bus", "line_name": "2"}], "predominant_mode": "bus", "assigned_canton": "Jura", "modes_list": ["bus"]}, "geometry": {"type": "Point", "coordinates": [7.353079497655489, 47.36821137253908]}}, {"id": "6697", "type": "Feature", "properties": {"name": "Del\u00e9mont, rte de Courroux", "lon": 7.362062640273638, "lat": 47.3621025219195, "stop_id": ["8571968.link:707103", "8571968.link:707104"], "lines": [{"line_id": "96-120-7-j24-1", "route_id": "208.TA.96-120-7-j24-1.9.R", "mode": "bus", "line_name": "7"}, {"line_id": "96-120-7-j24-1", "route_id": "222.TA.96-120-7-j24-1.10.R", "mode": "bus", "line_name": "7"}, {"line_id": "96-120-7-j24-1", "route_id": "121.TA.96-120-7-j24-1.6.R", "mode": "bus", "line_name": "7"}, {"line_id": "96-120-7-j24-1", "route_id": "245.TA.96-120-7-j24-1.10.R", "mode": "bus", "line_name": "7"}, {"line_id": "96-120-7-j24-1", "route_id": "150.TA.96-120-7-j24-1.7.R", "mode": "bus", "line_name": "7"}, {"line_id": "96-120-7-j24-1", "route_id": "187.TA.96-120-7-j24-1.8.R", "mode": "bus", "line_name": "7"}, {"line_id": "96-120-7-j24-1", "route_id": "145.TA.96-120-7-j24-1.7.R", "mode": "bus", "line_name": "7"}, {"line_id": "96-120-7-j24-1", "route_id": "184.TA.96-120-7-j24-1.8.R", "mode": "bus", "line_name": "7"}, {"line_id": "96-120-7-j24-1", "route_id": "181.TA.96-120-7-j24-1.8.R", "mode": "bus", "line_name": "7"}, {"line_id": "96-120-7-j24-1", "route_id": "160.TA.96-120-7-j24-1.8.R", "mode": "bus", "line_name": "7"}, {"line_id": "96-120-7-j24-1", "route_id": "83.TA.96-120-7-j24-1.4.H", "mode": "bus", "line_name": "7"}, {"line_id": "96-120-7-j24-1", "route_id": "74.TA.96-120-7-j24-1.4.H", "mode": "bus", "line_name": "7"}, {"line_id": "96-120-7-j24-1", "route_id": "40.TA.96-120-7-j24-1.2.H", "mode": "bus", "line_name": "7"}, {"line_id": "96-120-7-j24-1", "route_id": "90.TA.96-120-7-j24-1.4.H", "mode": "bus", "line_name": "7"}, {"line_id": "96-120-7-j24-1", "route_id": "115.TA.96-120-7-j24-1.5.H", "mode": "bus", "line_name": "7"}, {"line_id": "96-120-7-j24-1", "route_id": "4.TA.96-120-7-j24-1.1.H", "mode": "bus", "line_name": "7"}, {"line_id": "96-120-7-j24-1", "route_id": "66.TA.96-120-7-j24-1.3.H", "mode": "bus", "line_name": "7"}, {"line_id": "96-120-7-j24-1", "route_id": "41.TA.96-120-7-j24-1.2.H", "mode": "bus", "line_name": "7"}, {"line_id": "96-120-7-j24-1", "route_id": "88.TA.96-120-7-j24-1.4.H", "mode": "bus", "line_name": "7"}], "predominant_mode": "bus", "assigned_canton": "Jura", "modes_list": ["bus"]}, "geometry": {"type": "Point", "coordinates": [7.362062647473675, 47.362102532394125]}}, {"id": "6698", "type": "Feature", "properties": {"name": "Del\u00e9mont, rue Meret-Oppenheim", "lon": 7.335795900424589, "lat": 47.367511682330985, "stop_id": ["8581890.link:1962641"], "lines": [{"line_id": "96-120-1-j24-1", "route_id": "84.TA.96-120-1-j24-1.4.R", "mode": "bus", "line_name": "1"}], "predominant_mode": "bus", "assigned_canton": "Jura", "modes_list": ["bus"]}, "geometry": {"type": "Point", "coordinates": [7.335795907595521, 47.36751169281385]}}, {"id": "6699", "type": "Feature", "properties": {"name": "Del\u00e9mont, rue St-Randoald", "lon": 7.340107819933686, "lat": 47.352560612263524, "stop_id": ["8581838.link:433419", "8581838.link:433420"], "lines": [{"line_id": "96-120-2-j24-1", "route_id": "203.TA.96-120-2-j24-1.5.H", "mode": "bus", "line_name": "2"}, {"line_id": "96-128-0-j24-1", "route_id": "8.TA.96-128-0-j24-1.2.H", "mode": "bus", "line_name": "N10"}, {"line_id": "96-128-0-j24-1", "route_id": "6.TA.96-128-0-j24-1.2.H", "mode": "bus", "line_name": "N10"}, {"line_id": "96-120-2-j24-1", "route_id": "95.TA.96-120-2-j24-1.3.H", "mode": "bus", "line_name": "2"}, {"line_id": "96-120-2-j24-1", "route_id": "103.TA.96-120-2-j24-1.3.H", "mode": "bus", "line_name": "2"}, {"line_id": "96-120-2-j24-1", "route_id": "30.TA.96-120-2-j24-1.1.H", "mode": "bus", "line_name": "2"}, {"line_id": "96-120-2-j24-1", "route_id": "177.TA.96-120-2-j24-1.5.H", "mode": "bus", "line_name": "2"}, {"line_id": "96-128-0-j24-1", "route_id": "9.TA.96-128-0-j24-1.4.R", "mode": "bus", "line_name": "N10"}, {"line_id": "96-120-2-j24-1", "route_id": "212.TA.96-120-2-j24-1.6.R", "mode": "bus", "line_name": "2"}, {"line_id": "96-120-2-j24-1", "route_id": "335.TA.96-120-2-j24-1.9.R", "mode": "bus", "line_name": "2"}, {"line_id": "96-128-0-j24-1", "route_id": "13.TA.96-128-0-j24-1.4.R", "mode": "bus", "line_name": "N10"}, {"line_id": "96-120-2-j24-1", "route_id": "277.TA.96-120-2-j24-1.8.R", "mode": "bus", "line_name": "2"}, {"line_id": "96-120-2-j24-1", "route_id": "360.TA.96-120-2-j24-1.10.R", "mode": "bus", "line_name": "2"}], "predominant_mode": "bus", "assigned_canton": "Jura", "modes_list": ["bus"]}, "geometry": {"type": "Point", "coordinates": [7.3401078271130284, 47.3525606227403]}}, {"id": "6700", "type": "Feature", "properties": {"name": "Del\u00e9mont, rue de l'Avenir", "lon": 7.349773690348549, "lat": 47.36476154211202, "stop_id": ["8510377.link:772034"], "lines": [{"line_id": "96-120-3-j24-1", "route_id": "51.TA.96-120-3-j24-1.4.R", "mode": "bus", "line_name": "3"}], "predominant_mode": "bus", "assigned_canton": "Jura", "modes_list": ["bus"]}, "geometry": {"type": "Point", "coordinates": [7.349773697534944, 47.36476155259057]}}, {"id": "6701", "type": "Feature", "properties": {"name": "Del\u00e9mont, rue des Andains", "lon": 7.351211000660554, "lat": 47.37412482208943, "stop_id": ["8581138.link:1144999"], "lines": [{"line_id": "96-120-2-j24-1", "route_id": "203.TA.96-120-2-j24-1.5.H", "mode": "bus", "line_name": "2"}, {"line_id": "96-120-2-j24-1", "route_id": "51.TA.96-120-2-j24-1.2.H", "mode": "bus", "line_name": "2"}, {"line_id": "96-120-2-j24-1", "route_id": "95.TA.96-120-2-j24-1.3.H", "mode": "bus", "line_name": "2"}, {"line_id": "96-120-2-j24-1", "route_id": "103.TA.96-120-2-j24-1.3.H", "mode": "bus", "line_name": "2"}, {"line_id": "96-120-2-j24-1", "route_id": "177.TA.96-120-2-j24-1.5.H", "mode": "bus", "line_name": "2"}], "predominant_mode": "bus", "assigned_canton": "Jura", "modes_list": ["bus"]}, "geometry": {"type": "Point", "coordinates": [7.351211007846041, 47.374124832570736]}}, {"id": "6702", "type": "Feature", "properties": {"name": "Del\u00e9mont, rue des Bordgeais", "lon": 7.356915300644321, "lat": 47.373449552000054, "stop_id": ["8581223.link:1020181"], "lines": [{"line_id": "96-120-2-j24-1", "route_id": "277.TA.96-120-2-j24-1.8.R", "mode": "bus", "line_name": "2"}, {"line_id": "96-120-2-j24-1", "route_id": "360.TA.96-120-2-j24-1.10.R", "mode": "bus", "line_name": "2"}, {"line_id": "96-120-2-j24-1", "route_id": "259.TA.96-120-2-j24-1.7.R", "mode": "bus", "line_name": "2"}, {"line_id": "96-120-2-j24-1", "route_id": "335.TA.96-120-2-j24-1.9.R", "mode": "bus", "line_name": "2"}], "predominant_mode": "bus", "assigned_canton": "Jura", "modes_list": ["bus"]}, "geometry": {"type": "Point", "coordinates": [7.356915307835996, 47.37344956247974]}}, {"id": "6703", "type": "Feature", "properties": {"name": "Del\u00e9mont, rue des Moissons", "lon": 7.354912050583862, "lat": 47.37169138203144, "stop_id": ["8581222.link:1020169"], "lines": [{"line_id": "96-120-2-j24-1", "route_id": "259.TA.96-120-2-j24-1.7.R", "mode": "bus", "line_name": "2"}, {"line_id": "96-120-2-j24-1", "route_id": "335.TA.96-120-2-j24-1.9.R", "mode": "bus", "line_name": "2"}, {"line_id": "96-120-2-j24-1", "route_id": "203.TA.96-120-2-j24-1.5.H", "mode": "bus", "line_name": "2"}, {"line_id": "96-120-2-j24-1", "route_id": "51.TA.96-120-2-j24-1.2.H", "mode": "bus", "line_name": "2"}, {"line_id": "96-120-2-j24-1", "route_id": "277.TA.96-120-2-j24-1.8.R", "mode": "bus", "line_name": "2"}, {"line_id": "96-120-2-j24-1", "route_id": "95.TA.96-120-2-j24-1.3.H", "mode": "bus", "line_name": "2"}, {"line_id": "96-120-2-j24-1", "route_id": "103.TA.96-120-2-j24-1.3.H", "mode": "bus", "line_name": "2"}, {"line_id": "96-120-2-j24-1", "route_id": "177.TA.96-120-2-j24-1.5.H", "mode": "bus", "line_name": "2"}, {"line_id": "96-120-2-j24-1", "route_id": "360.TA.96-120-2-j24-1.10.R", "mode": "bus", "line_name": "2"}], "predominant_mode": "bus", "assigned_canton": "Jura", "modes_list": ["bus"]}, "geometry": {"type": "Point", "coordinates": [7.354912057773881, 47.37169139251103]}}, {"id": "6704", "type": "Feature", "properties": {"name": "Del\u00e9mont, rue des Moulins", "lon": 7.345093470358015, "lat": 47.36519962218535, "stop_id": ["8510374.link:1134645"], "lines": [{"line_id": "96-120-3-j24-1", "route_id": "16.TA.96-120-3-j24-1.1.H", "mode": "bus", "line_name": "3"}], "predominant_mode": "bus", "assigned_canton": "Jura", "modes_list": ["bus"]}, "geometry": {"type": "Point", "coordinates": [7.345093477539359, 47.36519963266516]}}, {"id": "6705", "type": "Feature", "properties": {"name": "Del\u00e9mont, rue du Poujet", "lon": 7.335697090365787, "lat": 47.365741142332546, "stop_id": ["8581235.link:772047"], "lines": [{"line_id": "96-120-1-j24-1", "route_id": "84.TA.96-120-1-j24-1.4.R", "mode": "bus", "line_name": "1"}], "predominant_mode": "bus", "assigned_canton": "Jura", "modes_list": ["bus"]}, "geometry": {"type": "Point", "coordinates": [7.335697097537073, 47.365741152814806]}}, {"id": "6706", "type": "Feature", "properties": {"name": "Del\u00e9mont, rue du stand", "lon": 7.344904820304363, "lat": 47.36358721218831, "stop_id": ["8581316.link:1859746", "8581316.link:1859748"], "lines": [{"line_id": "96-120-3-j24-1", "route_id": "16.TA.96-120-3-j24-1.1.H", "mode": "bus", "line_name": "3"}, {"line_id": "96-120-3-j24-1", "route_id": "51.TA.96-120-3-j24-1.4.R", "mode": "bus", "line_name": "3"}], "predominant_mode": "bus", "assigned_canton": "Jura", "modes_list": ["bus"]}, "geometry": {"type": "Point", "coordinates": [7.344904827485921, 47.363587222667604]}}, {"id": "6707", "type": "Feature", "properties": {"name": "Del\u00e9mont, zi Communance A16", "lon": 7.337978809892449, "lat": 47.351386012296864, "stop_id": ["8582393.link:1158140", "8582393.link:1158141"], "lines": [{"line_id": "96-120-2-j24-1", "route_id": "203.TA.96-120-2-j24-1.5.H", "mode": "bus", "line_name": "2"}, {"line_id": "96-128-0-j24-1", "route_id": "8.TA.96-128-0-j24-1.2.H", "mode": "bus", "line_name": "N10"}, {"line_id": "96-128-0-j24-1", "route_id": "6.TA.96-128-0-j24-1.2.H", "mode": "bus", "line_name": "N10"}, {"line_id": "96-120-2-j24-1", "route_id": "95.TA.96-120-2-j24-1.3.H", "mode": "bus", "line_name": "2"}, {"line_id": "96-120-2-j24-1", "route_id": "103.TA.96-120-2-j24-1.3.H", "mode": "bus", "line_name": "2"}, {"line_id": "96-120-2-j24-1", "route_id": "30.TA.96-120-2-j24-1.1.H", "mode": "bus", "line_name": "2"}, {"line_id": "96-120-2-j24-1", "route_id": "177.TA.96-120-2-j24-1.5.H", "mode": "bus", "line_name": "2"}, {"line_id": "96-128-0-j24-1", "route_id": "9.TA.96-128-0-j24-1.4.R", "mode": "bus", "line_name": "N10"}, {"line_id": "96-120-2-j24-1", "route_id": "212.TA.96-120-2-j24-1.6.R", "mode": "bus", "line_name": "2"}, {"line_id": "96-120-2-j24-1", "route_id": "335.TA.96-120-2-j24-1.9.R", "mode": "bus", "line_name": "2"}, {"line_id": "96-128-0-j24-1", "route_id": "13.TA.96-128-0-j24-1.4.R", "mode": "bus", "line_name": "N10"}, {"line_id": "96-120-2-j24-1", "route_id": "277.TA.96-120-2-j24-1.8.R", "mode": "bus", "line_name": "2"}, {"line_id": "96-120-2-j24-1", "route_id": "360.TA.96-120-2-j24-1.10.R", "mode": "bus", "line_name": "2"}], "predominant_mode": "bus", "assigned_canton": "Jura", "modes_list": ["bus"]}, "geometry": {"type": "Point", "coordinates": [7.337978817069844, 47.35138602277371]}}, {"id": "6762", "type": "Feature", "properties": {"name": "Develier, Claude-Chappuis", "lon": 7.2737313006495015, "lat": 47.376345243303234, "stop_id": ["8572016.link:1281485", "8572016.link:1281486"], "lines": [{"line_id": "96-120-8-j24-1", "route_id": "504.TA.96-120-8-j24-1.41.R", "mode": "bus", "line_name": "8"}, {"line_id": "96-120-8-j24-1", "route_id": "565.TA.96-120-8-j24-1.50.R", "mode": "bus", "line_name": "8"}, {"line_id": "96-120-8-j24-1", "route_id": "575.TA.96-120-8-j24-1.53.R", "mode": "bus", "line_name": "8"}, {"line_id": "96-120-8-j24-1", "route_id": "573.TA.96-120-8-j24-1.52.R", "mode": "bus", "line_name": "8"}, {"line_id": "96-120-8-j24-1", "route_id": "478.TA.96-120-8-j24-1.38.R", "mode": "bus", "line_name": "8"}, {"line_id": "96-120-8-j24-1", "route_id": "586.TA.96-120-8-j24-1.190.R", "mode": "bus", "line_name": "8"}, {"line_id": "96-120-8-j24-1", "route_id": "397.TA.96-120-8-j24-1.34.R", "mode": "bus", "line_name": "8"}, {"line_id": "96-120-8-j24-1", "route_id": "527.TA.96-120-8-j24-1.44.R", "mode": "bus", "line_name": "8"}, {"line_id": "96-120-8-j24-1", "route_id": "435.TA.96-120-8-j24-1.36.R", "mode": "bus", "line_name": "8"}, {"line_id": "96-120-8-j24-1", "route_id": "576.TA.96-120-8-j24-1.188.R", "mode": "bus", "line_name": "8"}, {"line_id": "96-120-8-j24-1", "route_id": "572.TA.96-120-8-j24-1.51.R", "mode": "bus", "line_name": "8"}, {"line_id": "96-120-8-j24-1", "route_id": "582.TA.96-120-8-j24-1.56.R", "mode": "bus", "line_name": "8"}, {"line_id": "96-120-8-j24-1", "route_id": "585.TA.96-120-8-j24-1.189.R", "mode": "bus", "line_name": "8"}, {"line_id": "96-120-8-j24-1", "route_id": "580.TA.96-120-8-j24-1.188.R", "mode": "bus", "line_name": "8"}, {"line_id": "96-120-8-j24-1", "route_id": "564.TA.96-120-8-j24-1.50.R", "mode": "bus", "line_name": "8"}, {"line_id": "96-120-8-j24-1", "route_id": "442.TA.96-120-8-j24-1.36.R", "mode": "bus", "line_name": "8"}, {"line_id": "96-120-8-j24-1", "route_id": "264.TA.96-120-8-j24-1.25.H", "mode": "bus", "line_name": "8"}, {"line_id": "96-120-8-j24-1", "route_id": "144.TA.96-120-8-j24-1.11.H", "mode": "bus", "line_name": "8"}, {"line_id": "96-120-8-j24-1", "route_id": "187.TA.96-120-8-j24-1.16.H", "mode": "bus", "line_name": "8"}, {"line_id": "96-120-8-j24-1", "route_id": "281.TA.96-120-8-j24-1.27.H", "mode": "bus", "line_name": "8"}, {"line_id": "96-120-8-j24-1", "route_id": "291.TA.96-120-8-j24-1.176.H", "mode": "bus", "line_name": "8"}, {"line_id": "96-120-8-j24-1", "route_id": "101.TA.96-120-8-j24-1.9.H", "mode": "bus", "line_name": "8"}, {"line_id": "96-120-8-j24-1", "route_id": "269.TA.96-120-8-j24-1.175.H", "mode": "bus", "line_name": "8"}, {"line_id": "96-120-8-j24-1", "route_id": "155.TA.96-120-8-j24-1.13.H", "mode": "bus", "line_name": "8"}, {"line_id": "96-120-8-j24-1", "route_id": "156.TA.96-120-8-j24-1.13.H", "mode": "bus", "line_name": "8"}], "predominant_mode": "bus", "assigned_canton": "Jura", "modes_list": ["bus"]}, "geometry": {"type": "Point", "coordinates": [7.273731307752553, 47.376345253804175]}}, {"id": "6763", "type": "Feature", "properties": {"name": "Develier, Le Cerf", "lon": 7.292730669968653, "lat": 47.35517751300572, "stop_id": ["8572013.link:149888", "8572013.link:149889"], "lines": [{"line_id": "96-120-8-j24-1", "route_id": "264.TA.96-120-8-j24-1.25.H", "mode": "bus", "line_name": "8"}, {"line_id": "96-120-8-j24-1", "route_id": "144.TA.96-120-8-j24-1.11.H", "mode": "bus", "line_name": "8"}, {"line_id": "96-120-8-j24-1", "route_id": "187.TA.96-120-8-j24-1.16.H", "mode": "bus", "line_name": "8"}, {"line_id": "96-120-8-j24-1", "route_id": "230.TA.96-120-8-j24-1.171.H", "mode": "bus", "line_name": "8"}, {"line_id": "96-120-8-j24-1", "route_id": "189.TA.96-120-8-j24-1.17.H", "mode": "bus", "line_name": "8"}, {"line_id": "96-120-8-j24-1", "route_id": "221.TA.96-120-8-j24-1.22.H", "mode": "bus", "line_name": "8"}, {"line_id": "96-120-8-j24-1", "route_id": "74.TA.96-120-8-j24-1.7.H", "mode": "bus", "line_name": "8"}, {"line_id": "96-120-8-j24-1", "route_id": "156.TA.96-120-8-j24-1.13.H", "mode": "bus", "line_name": "8"}, {"line_id": "96-120-8-j24-1", "route_id": "281.TA.96-120-8-j24-1.27.H", "mode": "bus", "line_name": "8"}, {"line_id": "96-120-8-j24-1", "route_id": "101.TA.96-120-8-j24-1.9.H", "mode": "bus", "line_name": "8"}, {"line_id": "96-120-8-j24-1", "route_id": "197.TA.96-120-8-j24-1.18.H", "mode": "bus", "line_name": "8"}, {"line_id": "96-120-8-j24-1", "route_id": "269.TA.96-120-8-j24-1.175.H", "mode": "bus", "line_name": "8"}, {"line_id": "96-120-8-j24-1", "route_id": "291.TA.96-120-8-j24-1.176.H", "mode": "bus", "line_name": "8"}, {"line_id": "96-120-8-j24-1", "route_id": "206.TA.96-120-8-j24-1.21.H", "mode": "bus", "line_name": "8"}, {"line_id": "96-120-8-j24-1", "route_id": "155.TA.96-120-8-j24-1.13.H", "mode": "bus", "line_name": "8"}, {"line_id": "96-120-8-j24-1", "route_id": "39.TA.96-120-8-j24-1.4.H", "mode": "bus", "line_name": "8"}, {"line_id": "96-120-8-j24-1", "route_id": "246.TA.96-120-8-j24-1.173.H", "mode": "bus", "line_name": "8"}, {"line_id": "96-120-8-j24-1", "route_id": "527.TA.96-120-8-j24-1.44.R", "mode": "bus", "line_name": "8"}, {"line_id": "96-120-8-j24-1", "route_id": "435.TA.96-120-8-j24-1.36.R", "mode": "bus", "line_name": "8"}, {"line_id": "96-120-8-j24-1", "route_id": "561.TA.96-120-8-j24-1.185.R", "mode": "bus", "line_name": "8"}, {"line_id": "96-120-8-j24-1", "route_id": "523.TA.96-120-8-j24-1.43.R", "mode": "bus", "line_name": "8"}, {"line_id": "96-120-8-j24-1", "route_id": "582.TA.96-120-8-j24-1.56.R", "mode": "bus", "line_name": "8"}, {"line_id": "96-120-8-j24-1", "route_id": "565.TA.96-120-8-j24-1.50.R", "mode": "bus", "line_name": "8"}, {"line_id": "96-120-8-j24-1", "route_id": "539.TA.96-120-8-j24-1.47.R", "mode": "bus", "line_name": "8"}, {"line_id": "96-120-8-j24-1", "route_id": "528.TA.96-120-8-j24-1.45.R", "mode": "bus", "line_name": "8"}, {"line_id": "96-120-8-j24-1", "route_id": "354.TA.96-120-8-j24-1.32.R", "mode": "bus", "line_name": "8"}, {"line_id": "96-120-8-j24-1", "route_id": "585.TA.96-120-8-j24-1.189.R", "mode": "bus", "line_name": "8"}, {"line_id": "96-120-8-j24-1", "route_id": "575.TA.96-120-8-j24-1.53.R", "mode": "bus", "line_name": "8"}, {"line_id": "96-120-8-j24-1", "route_id": "478.TA.96-120-8-j24-1.38.R", "mode": "bus", "line_name": "8"}, {"line_id": "96-120-8-j24-1", "route_id": "576.TA.96-120-8-j24-1.188.R", "mode": "bus", "line_name": "8"}, {"line_id": "96-120-8-j24-1", "route_id": "535.TA.96-120-8-j24-1.46.R", "mode": "bus", "line_name": "8"}, {"line_id": "96-120-8-j24-1", "route_id": "572.TA.96-120-8-j24-1.51.R", "mode": "bus", "line_name": "8"}, {"line_id": "96-120-8-j24-1", "route_id": "580.TA.96-120-8-j24-1.188.R", "mode": "bus", "line_name": "8"}, {"line_id": "96-120-8-j24-1", "route_id": "564.TA.96-120-8-j24-1.50.R", "mode": "bus", "line_name": "8"}, {"line_id": "96-120-8-j24-1", "route_id": "442.TA.96-120-8-j24-1.36.R", "mode": "bus", "line_name": "8"}, {"line_id": "96-120-8-j24-1", "route_id": "504.TA.96-120-8-j24-1.41.R", "mode": "bus", "line_name": "8"}, {"line_id": "96-120-8-j24-1", "route_id": "573.TA.96-120-8-j24-1.52.R", "mode": "bus", "line_name": "8"}, {"line_id": "96-120-8-j24-1", "route_id": "397.TA.96-120-8-j24-1.34.R", "mode": "bus", "line_name": "8"}, {"line_id": "96-120-8-j24-1", "route_id": "586.TA.96-120-8-j24-1.190.R", "mode": "bus", "line_name": "8"}], "predominant_mode": "bus", "assigned_canton": "Jura", "modes_list": ["bus"]}, "geometry": {"type": "Point", "coordinates": [7.292730677097235, 47.3551775234949]}}, {"id": "6764", "type": "Feature", "properties": {"name": "Develier, Pr\u00e9 au Maire", "lon": 7.286909590057035, "lat": 47.35803768309691, "stop_id": ["8572014.link:1660028", "8572014.link:1660029", "8572014.link:1660044", "8572014.link:1660045", "8572014.link:199741", "8572014.link:199742"], "lines": [{"line_id": "96-120-8-j24-1", "route_id": "478.TA.96-120-8-j24-1.38.R", "mode": "bus", "line_name": "8"}, {"line_id": "96-120-8-j24-1", "route_id": "539.TA.96-120-8-j24-1.47.R", "mode": "bus", "line_name": "8"}, {"line_id": "96-120-8-j24-1", "route_id": "528.TA.96-120-8-j24-1.45.R", "mode": "bus", "line_name": "8"}, {"line_id": "96-120-8-j24-1", "route_id": "527.TA.96-120-8-j24-1.44.R", "mode": "bus", "line_name": "8"}, {"line_id": "96-120-8-j24-1", "route_id": "561.TA.96-120-8-j24-1.185.R", "mode": "bus", "line_name": "8"}, {"line_id": "96-120-8-j24-1", "route_id": "354.TA.96-120-8-j24-1.32.R", "mode": "bus", "line_name": "8"}, {"line_id": "96-120-8-j24-1", "route_id": "586.TA.96-120-8-j24-1.190.R", "mode": "bus", "line_name": "8"}, {"line_id": "96-120-8-j24-1", "route_id": "189.TA.96-120-8-j24-1.17.H", "mode": "bus", "line_name": "8"}, {"line_id": "96-120-8-j24-1", "route_id": "221.TA.96-120-8-j24-1.22.H", "mode": "bus", "line_name": "8"}, {"line_id": "96-120-8-j24-1", "route_id": "74.TA.96-120-8-j24-1.7.H", "mode": "bus", "line_name": "8"}, {"line_id": "96-120-8-j24-1", "route_id": "197.TA.96-120-8-j24-1.18.H", "mode": "bus", "line_name": "8"}, {"line_id": "96-120-8-j24-1", "route_id": "155.TA.96-120-8-j24-1.13.H", "mode": "bus", "line_name": "8"}, {"line_id": "96-120-8-j24-1", "route_id": "156.TA.96-120-8-j24-1.13.H", "mode": "bus", "line_name": "8"}, {"line_id": "96-120-8-j24-1", "route_id": "246.TA.96-120-8-j24-1.173.H", "mode": "bus", "line_name": "8"}, {"line_id": "96-120-8-j24-1", "route_id": "535.TA.96-120-8-j24-1.46.R", "mode": "bus", "line_name": "8"}, {"line_id": "96-120-8-j24-1", "route_id": "523.TA.96-120-8-j24-1.43.R", "mode": "bus", "line_name": "8"}, {"line_id": "96-120-8-j24-1", "route_id": "230.TA.96-120-8-j24-1.171.H", "mode": "bus", "line_name": "8"}, {"line_id": "96-120-8-j24-1", "route_id": "206.TA.96-120-8-j24-1.21.H", "mode": "bus", "line_name": "8"}, {"line_id": "96-120-8-j24-1", "route_id": "504.TA.96-120-8-j24-1.41.R", "mode": "bus", "line_name": "8"}, {"line_id": "96-120-8-j24-1", "route_id": "565.TA.96-120-8-j24-1.50.R", "mode": "bus", "line_name": "8"}, {"line_id": "96-120-8-j24-1", "route_id": "575.TA.96-120-8-j24-1.53.R", "mode": "bus", "line_name": "8"}, {"line_id": "96-120-8-j24-1", "route_id": "573.TA.96-120-8-j24-1.52.R", "mode": "bus", "line_name": "8"}, {"line_id": "96-120-8-j24-1", "route_id": "397.TA.96-120-8-j24-1.34.R", "mode": "bus", "line_name": "8"}, {"line_id": "96-120-8-j24-1", "route_id": "435.TA.96-120-8-j24-1.36.R", "mode": "bus", "line_name": "8"}, {"line_id": "96-120-8-j24-1", "route_id": "576.TA.96-120-8-j24-1.188.R", "mode": "bus", "line_name": "8"}, {"line_id": "96-120-8-j24-1", "route_id": "572.TA.96-120-8-j24-1.51.R", "mode": "bus", "line_name": "8"}, {"line_id": "96-120-8-j24-1", "route_id": "582.TA.96-120-8-j24-1.56.R", "mode": "bus", "line_name": "8"}, {"line_id": "96-120-8-j24-1", "route_id": "585.TA.96-120-8-j24-1.189.R", "mode": "bus", "line_name": "8"}, {"line_id": "96-120-8-j24-1", "route_id": "580.TA.96-120-8-j24-1.188.R", "mode": "bus", "line_name": "8"}, {"line_id": "96-120-8-j24-1", "route_id": "564.TA.96-120-8-j24-1.50.R", "mode": "bus", "line_name": "8"}, {"line_id": "96-120-8-j24-1", "route_id": "442.TA.96-120-8-j24-1.36.R", "mode": "bus", "line_name": "8"}, {"line_id": "96-120-8-j24-1", "route_id": "264.TA.96-120-8-j24-1.25.H", "mode": "bus", "line_name": "8"}, {"line_id": "96-120-8-j24-1", "route_id": "144.TA.96-120-8-j24-1.11.H", "mode": "bus", "line_name": "8"}, {"line_id": "96-120-8-j24-1", "route_id": "187.TA.96-120-8-j24-1.16.H", "mode": "bus", "line_name": "8"}, {"line_id": "96-120-8-j24-1", "route_id": "281.TA.96-120-8-j24-1.27.H", "mode": "bus", "line_name": "8"}, {"line_id": "96-120-8-j24-1", "route_id": "291.TA.96-120-8-j24-1.176.H", "mode": "bus", "line_name": "8"}, {"line_id": "96-120-8-j24-1", "route_id": "101.TA.96-120-8-j24-1.9.H", "mode": "bus", "line_name": "8"}, {"line_id": "96-120-8-j24-1", "route_id": "269.TA.96-120-8-j24-1.175.H", "mode": "bus", "line_name": "8"}, {"line_id": "96-120-8-j24-1", "route_id": "39.TA.96-120-8-j24-1.4.H", "mode": "bus", "line_name": "8"}], "predominant_mode": "bus", "assigned_canton": "Jura", "modes_list": ["bus"]}, "geometry": {"type": "Point", "coordinates": [7.286909597178721, 47.35803769358847]}}, {"id": "6765", "type": "Feature", "properties": {"name": "Develier, St-Christophe", "lon": 7.311020370186587, "lat": 47.36114719271918, "stop_id": ["8582813.link:99124", "8582813.link:99125"], "lines": [{"line_id": "96-120-8-j24-1", "route_id": "264.TA.96-120-8-j24-1.25.H", "mode": "bus", "line_name": "8"}, {"line_id": "96-120-8-j24-1", "route_id": "281.TA.96-120-8-j24-1.27.H", "mode": "bus", "line_name": "8"}, {"line_id": "96-120-8-j24-1", "route_id": "202.TA.96-120-8-j24-1.19.H", "mode": "bus", "line_name": "8"}, {"line_id": "96-120-8-j24-1", "route_id": "39.TA.96-120-8-j24-1.4.H", "mode": "bus", "line_name": "8"}, {"line_id": "96-120-8-j24-1", "route_id": "269.TA.96-120-8-j24-1.175.H", "mode": "bus", "line_name": "8"}, {"line_id": "96-120-8-j24-1", "route_id": "101.TA.96-120-8-j24-1.9.H", "mode": "bus", "line_name": "8"}, {"line_id": "96-120-8-j24-1", "route_id": "155.TA.96-120-8-j24-1.13.H", "mode": "bus", "line_name": "8"}, {"line_id": "96-120-8-j24-1", "route_id": "144.TA.96-120-8-j24-1.11.H", "mode": "bus", "line_name": "8"}, {"line_id": "96-120-8-j24-1", "route_id": "230.TA.96-120-8-j24-1.171.H", "mode": "bus", "line_name": "8"}, {"line_id": "96-120-8-j24-1", "route_id": "189.TA.96-120-8-j24-1.17.H", "mode": "bus", "line_name": "8"}, {"line_id": "96-120-8-j24-1", "route_id": "157.TA.96-120-8-j24-1.14.H", "mode": "bus", "line_name": "8"}, {"line_id": "96-120-8-j24-1", "route_id": "291.TA.96-120-8-j24-1.176.H", "mode": "bus", "line_name": "8"}, {"line_id": "96-120-8-j24-1", "route_id": "187.TA.96-120-8-j24-1.16.H", "mode": "bus", "line_name": "8"}, {"line_id": "96-120-8-j24-1", "route_id": "221.TA.96-120-8-j24-1.22.H", "mode": "bus", "line_name": "8"}, {"line_id": "96-120-8-j24-1", "route_id": "74.TA.96-120-8-j24-1.7.H", "mode": "bus", "line_name": "8"}, {"line_id": "96-120-8-j24-1", "route_id": "206.TA.96-120-8-j24-1.21.H", "mode": "bus", "line_name": "8"}, {"line_id": "96-120-8-j24-1", "route_id": "197.TA.96-120-8-j24-1.18.H", "mode": "bus", "line_name": "8"}, {"line_id": "96-120-8-j24-1", "route_id": "203.TA.96-120-8-j24-1.170.H", "mode": "bus", "line_name": "8"}, {"line_id": "96-120-8-j24-1", "route_id": "156.TA.96-120-8-j24-1.13.H", "mode": "bus", "line_name": "8"}, {"line_id": "96-120-8-j24-1", "route_id": "246.TA.96-120-8-j24-1.173.H", "mode": "bus", "line_name": "8"}, {"line_id": "96-120-8-j24-1", "route_id": "527.TA.96-120-8-j24-1.44.R", "mode": "bus", "line_name": "8"}, {"line_id": "96-120-8-j24-1", "route_id": "435.TA.96-120-8-j24-1.36.R", "mode": "bus", "line_name": "8"}, {"line_id": "96-120-8-j24-1", "route_id": "561.TA.96-120-8-j24-1.185.R", "mode": "bus", "line_name": "8"}, {"line_id": "96-120-8-j24-1", "route_id": "523.TA.96-120-8-j24-1.43.R", "mode": "bus", "line_name": "8"}, {"line_id": "96-120-8-j24-1", "route_id": "582.TA.96-120-8-j24-1.56.R", "mode": "bus", "line_name": "8"}, {"line_id": "96-120-8-j24-1", "route_id": "565.TA.96-120-8-j24-1.50.R", "mode": "bus", "line_name": "8"}, {"line_id": "96-120-8-j24-1", "route_id": "539.TA.96-120-8-j24-1.47.R", "mode": "bus", "line_name": "8"}, {"line_id": "96-120-8-j24-1", "route_id": "528.TA.96-120-8-j24-1.45.R", "mode": "bus", "line_name": "8"}, {"line_id": "96-120-8-j24-1", "route_id": "354.TA.96-120-8-j24-1.32.R", "mode": "bus", "line_name": "8"}, {"line_id": "96-120-8-j24-1", "route_id": "585.TA.96-120-8-j24-1.189.R", "mode": "bus", "line_name": "8"}, {"line_id": "96-120-8-j24-1", "route_id": "575.TA.96-120-8-j24-1.53.R", "mode": "bus", "line_name": "8"}, {"line_id": "96-120-8-j24-1", "route_id": "478.TA.96-120-8-j24-1.38.R", "mode": "bus", "line_name": "8"}, {"line_id": "96-120-8-j24-1", "route_id": "576.TA.96-120-8-j24-1.188.R", "mode": "bus", "line_name": "8"}, {"line_id": "96-120-8-j24-1", "route_id": "535.TA.96-120-8-j24-1.46.R", "mode": "bus", "line_name": "8"}, {"line_id": "96-120-8-j24-1", "route_id": "572.TA.96-120-8-j24-1.51.R", "mode": "bus", "line_name": "8"}, {"line_id": "96-120-8-j24-1", "route_id": "480.TA.96-120-8-j24-1.39.R", "mode": "bus", "line_name": "8"}, {"line_id": "96-120-8-j24-1", "route_id": "580.TA.96-120-8-j24-1.188.R", "mode": "bus", "line_name": "8"}, {"line_id": "96-120-8-j24-1", "route_id": "564.TA.96-120-8-j24-1.50.R", "mode": "bus", "line_name": "8"}, {"line_id": "96-120-8-j24-1", "route_id": "442.TA.96-120-8-j24-1.36.R", "mode": "bus", "line_name": "8"}, {"line_id": "96-120-8-j24-1", "route_id": "504.TA.96-120-8-j24-1.41.R", "mode": "bus", "line_name": "8"}, {"line_id": "96-120-8-j24-1", "route_id": "573.TA.96-120-8-j24-1.52.R", "mode": "bus", "line_name": "8"}, {"line_id": "96-120-8-j24-1", "route_id": "397.TA.96-120-8-j24-1.34.R", "mode": "bus", "line_name": "8"}, {"line_id": "96-120-8-j24-1", "route_id": "479.TA.96-120-8-j24-1.39.R", "mode": "bus", "line_name": "8"}, {"line_id": "96-120-8-j24-1", "route_id": "586.TA.96-120-8-j24-1.190.R", "mode": "bus", "line_name": "8"}], "predominant_mode": "bus", "assigned_canton": "Jura", "modes_list": ["bus"]}, "geometry": {"type": "Point", "coordinates": [7.311020377332991, 47.36114720320593]}}, {"id": "6766", "type": "Feature", "properties": {"name": "Develier, Sur Cr\u00e9", "lon": 7.291248450058187, "lat": 47.35792815302894, "stop_id": ["8500671.link:707771", "8500671.link:707772"], "lines": [{"line_id": "96-120-8-j24-1", "route_id": "528.TA.96-120-8-j24-1.45.R", "mode": "bus", "line_name": "8"}, {"line_id": "96-120-8-j24-1", "route_id": "561.TA.96-120-8-j24-1.185.R", "mode": "bus", "line_name": "8"}, {"line_id": "96-120-8-j24-1", "route_id": "354.TA.96-120-8-j24-1.32.R", "mode": "bus", "line_name": "8"}, {"line_id": "96-120-8-j24-1", "route_id": "539.TA.96-120-8-j24-1.47.R", "mode": "bus", "line_name": "8"}, {"line_id": "96-120-8-j24-1", "route_id": "478.TA.96-120-8-j24-1.38.R", "mode": "bus", "line_name": "8"}, {"line_id": "96-120-8-j24-1", "route_id": "189.TA.96-120-8-j24-1.17.H", "mode": "bus", "line_name": "8"}, {"line_id": "96-120-8-j24-1", "route_id": "221.TA.96-120-8-j24-1.22.H", "mode": "bus", "line_name": "8"}, {"line_id": "96-120-8-j24-1", "route_id": "74.TA.96-120-8-j24-1.7.H", "mode": "bus", "line_name": "8"}, {"line_id": "96-120-8-j24-1", "route_id": "527.TA.96-120-8-j24-1.44.R", "mode": "bus", "line_name": "8"}, {"line_id": "96-120-8-j24-1", "route_id": "197.TA.96-120-8-j24-1.18.H", "mode": "bus", "line_name": "8"}, {"line_id": "96-120-8-j24-1", "route_id": "155.TA.96-120-8-j24-1.13.H", "mode": "bus", "line_name": "8"}, {"line_id": "96-120-8-j24-1", "route_id": "156.TA.96-120-8-j24-1.13.H", "mode": "bus", "line_name": "8"}, {"line_id": "96-120-8-j24-1", "route_id": "586.TA.96-120-8-j24-1.190.R", "mode": "bus", "line_name": "8"}, {"line_id": "96-120-8-j24-1", "route_id": "246.TA.96-120-8-j24-1.173.H", "mode": "bus", "line_name": "8"}], "predominant_mode": "bus", "assigned_canton": "Jura", "modes_list": ["bus"]}, "geometry": {"type": "Point", "coordinates": [7.291248457184494, 47.357928163519425]}}, {"id": "6767", "type": "Feature", "properties": {"name": "Develier, bas du village", "lon": 7.301210770135077, "lat": 47.35991802287287, "stop_id": ["8572012.link:642413", "8572012.link:642414"], "lines": [{"line_id": "96-120-8-j24-1", "route_id": "264.TA.96-120-8-j24-1.25.H", "mode": "bus", "line_name": "8"}, {"line_id": "96-120-8-j24-1", "route_id": "281.TA.96-120-8-j24-1.27.H", "mode": "bus", "line_name": "8"}, {"line_id": "96-120-8-j24-1", "route_id": "202.TA.96-120-8-j24-1.19.H", "mode": "bus", "line_name": "8"}, {"line_id": "96-120-8-j24-1", "route_id": "39.TA.96-120-8-j24-1.4.H", "mode": "bus", "line_name": "8"}, {"line_id": "96-120-8-j24-1", "route_id": "269.TA.96-120-8-j24-1.175.H", "mode": "bus", "line_name": "8"}, {"line_id": "96-120-8-j24-1", "route_id": "101.TA.96-120-8-j24-1.9.H", "mode": "bus", "line_name": "8"}, {"line_id": "96-120-8-j24-1", "route_id": "155.TA.96-120-8-j24-1.13.H", "mode": "bus", "line_name": "8"}, {"line_id": "96-120-8-j24-1", "route_id": "144.TA.96-120-8-j24-1.11.H", "mode": "bus", "line_name": "8"}, {"line_id": "96-120-8-j24-1", "route_id": "230.TA.96-120-8-j24-1.171.H", "mode": "bus", "line_name": "8"}, {"line_id": "96-120-8-j24-1", "route_id": "189.TA.96-120-8-j24-1.17.H", "mode": "bus", "line_name": "8"}, {"line_id": "96-120-8-j24-1", "route_id": "157.TA.96-120-8-j24-1.14.H", "mode": "bus", "line_name": "8"}, {"line_id": "96-120-8-j24-1", "route_id": "291.TA.96-120-8-j24-1.176.H", "mode": "bus", "line_name": "8"}, {"line_id": "96-120-8-j24-1", "route_id": "187.TA.96-120-8-j24-1.16.H", "mode": "bus", "line_name": "8"}, {"line_id": "96-120-8-j24-1", "route_id": "221.TA.96-120-8-j24-1.22.H", "mode": "bus", "line_name": "8"}, {"line_id": "96-120-8-j24-1", "route_id": "74.TA.96-120-8-j24-1.7.H", "mode": "bus", "line_name": "8"}, {"line_id": "96-120-8-j24-1", "route_id": "206.TA.96-120-8-j24-1.21.H", "mode": "bus", "line_name": "8"}, {"line_id": "96-120-8-j24-1", "route_id": "197.TA.96-120-8-j24-1.18.H", "mode": "bus", "line_name": "8"}, {"line_id": "96-120-8-j24-1", "route_id": "203.TA.96-120-8-j24-1.170.H", "mode": "bus", "line_name": "8"}, {"line_id": "96-120-8-j24-1", "route_id": "156.TA.96-120-8-j24-1.13.H", "mode": "bus", "line_name": "8"}, {"line_id": "96-120-8-j24-1", "route_id": "246.TA.96-120-8-j24-1.173.H", "mode": "bus", "line_name": "8"}, {"line_id": "96-120-8-j24-1", "route_id": "527.TA.96-120-8-j24-1.44.R", "mode": "bus", "line_name": "8"}, {"line_id": "96-120-8-j24-1", "route_id": "435.TA.96-120-8-j24-1.36.R", "mode": "bus", "line_name": "8"}, {"line_id": "96-120-8-j24-1", "route_id": "561.TA.96-120-8-j24-1.185.R", "mode": "bus", "line_name": "8"}, {"line_id": "96-120-8-j24-1", "route_id": "523.TA.96-120-8-j24-1.43.R", "mode": "bus", "line_name": "8"}, {"line_id": "96-120-8-j24-1", "route_id": "582.TA.96-120-8-j24-1.56.R", "mode": "bus", "line_name": "8"}, {"line_id": "96-120-8-j24-1", "route_id": "565.TA.96-120-8-j24-1.50.R", "mode": "bus", "line_name": "8"}, {"line_id": "96-120-8-j24-1", "route_id": "539.TA.96-120-8-j24-1.47.R", "mode": "bus", "line_name": "8"}, {"line_id": "96-120-8-j24-1", "route_id": "528.TA.96-120-8-j24-1.45.R", "mode": "bus", "line_name": "8"}, {"line_id": "96-120-8-j24-1", "route_id": "354.TA.96-120-8-j24-1.32.R", "mode": "bus", "line_name": "8"}, {"line_id": "96-120-8-j24-1", "route_id": "585.TA.96-120-8-j24-1.189.R", "mode": "bus", "line_name": "8"}, {"line_id": "96-120-8-j24-1", "route_id": "575.TA.96-120-8-j24-1.53.R", "mode": "bus", "line_name": "8"}, {"line_id": "96-120-8-j24-1", "route_id": "478.TA.96-120-8-j24-1.38.R", "mode": "bus", "line_name": "8"}, {"line_id": "96-120-8-j24-1", "route_id": "576.TA.96-120-8-j24-1.188.R", "mode": "bus", "line_name": "8"}, {"line_id": "96-120-8-j24-1", "route_id": "535.TA.96-120-8-j24-1.46.R", "mode": "bus", "line_name": "8"}, {"line_id": "96-120-8-j24-1", "route_id": "572.TA.96-120-8-j24-1.51.R", "mode": "bus", "line_name": "8"}, {"line_id": "96-120-8-j24-1", "route_id": "480.TA.96-120-8-j24-1.39.R", "mode": "bus", "line_name": "8"}, {"line_id": "96-120-8-j24-1", "route_id": "580.TA.96-120-8-j24-1.188.R", "mode": "bus", "line_name": "8"}, {"line_id": "96-120-8-j24-1", "route_id": "564.TA.96-120-8-j24-1.50.R", "mode": "bus", "line_name": "8"}, {"line_id": "96-120-8-j24-1", "route_id": "442.TA.96-120-8-j24-1.36.R", "mode": "bus", "line_name": "8"}, {"line_id": "96-120-8-j24-1", "route_id": "504.TA.96-120-8-j24-1.41.R", "mode": "bus", "line_name": "8"}, {"line_id": "96-120-8-j24-1", "route_id": "573.TA.96-120-8-j24-1.52.R", "mode": "bus", "line_name": "8"}, {"line_id": "96-120-8-j24-1", "route_id": "397.TA.96-120-8-j24-1.34.R", "mode": "bus", "line_name": "8"}, {"line_id": "96-120-8-j24-1", "route_id": "479.TA.96-120-8-j24-1.39.R", "mode": "bus", "line_name": "8"}, {"line_id": "96-120-8-j24-1", "route_id": "586.TA.96-120-8-j24-1.190.R", "mode": "bus", "line_name": "8"}], "predominant_mode": "bus", "assigned_canton": "Jura", "modes_list": ["bus"]}, "geometry": {"type": "Point", "coordinates": [7.301210777271419, 47.359918033361566]}}, {"id": "6768", "type": "Feature", "properties": {"name": "Develier, dessus", "lon": 7.274090630269582, "lat": 47.3648771432977, "stop_id": ["8572015.link:199719", "8572015.link:199720"], "lines": [{"line_id": "96-120-8-j24-1", "route_id": "504.TA.96-120-8-j24-1.41.R", "mode": "bus", "line_name": "8"}, {"line_id": "96-120-8-j24-1", "route_id": "565.TA.96-120-8-j24-1.50.R", "mode": "bus", "line_name": "8"}, {"line_id": "96-120-8-j24-1", "route_id": "575.TA.96-120-8-j24-1.53.R", "mode": "bus", "line_name": "8"}, {"line_id": "96-120-8-j24-1", "route_id": "573.TA.96-120-8-j24-1.52.R", "mode": "bus", "line_name": "8"}, {"line_id": "96-120-8-j24-1", "route_id": "478.TA.96-120-8-j24-1.38.R", "mode": "bus", "line_name": "8"}, {"line_id": "96-120-8-j24-1", "route_id": "586.TA.96-120-8-j24-1.190.R", "mode": "bus", "line_name": "8"}, {"line_id": "96-120-8-j24-1", "route_id": "397.TA.96-120-8-j24-1.34.R", "mode": "bus", "line_name": "8"}, {"line_id": "96-120-8-j24-1", "route_id": "527.TA.96-120-8-j24-1.44.R", "mode": "bus", "line_name": "8"}, {"line_id": "96-120-8-j24-1", "route_id": "435.TA.96-120-8-j24-1.36.R", "mode": "bus", "line_name": "8"}, {"line_id": "96-120-8-j24-1", "route_id": "576.TA.96-120-8-j24-1.188.R", "mode": "bus", "line_name": "8"}, {"line_id": "96-120-8-j24-1", "route_id": "572.TA.96-120-8-j24-1.51.R", "mode": "bus", "line_name": "8"}, {"line_id": "96-120-8-j24-1", "route_id": "582.TA.96-120-8-j24-1.56.R", "mode": "bus", "line_name": "8"}, {"line_id": "96-120-8-j24-1", "route_id": "585.TA.96-120-8-j24-1.189.R", "mode": "bus", "line_name": "8"}, {"line_id": "96-120-8-j24-1", "route_id": "580.TA.96-120-8-j24-1.188.R", "mode": "bus", "line_name": "8"}, {"line_id": "96-120-8-j24-1", "route_id": "564.TA.96-120-8-j24-1.50.R", "mode": "bus", "line_name": "8"}, {"line_id": "96-120-8-j24-1", "route_id": "442.TA.96-120-8-j24-1.36.R", "mode": "bus", "line_name": "8"}, {"line_id": "96-120-8-j24-1", "route_id": "264.TA.96-120-8-j24-1.25.H", "mode": "bus", "line_name": "8"}, {"line_id": "96-120-8-j24-1", "route_id": "144.TA.96-120-8-j24-1.11.H", "mode": "bus", "line_name": "8"}, {"line_id": "96-120-8-j24-1", "route_id": "187.TA.96-120-8-j24-1.16.H", "mode": "bus", "line_name": "8"}, {"line_id": "96-120-8-j24-1", "route_id": "281.TA.96-120-8-j24-1.27.H", "mode": "bus", "line_name": "8"}, {"line_id": "96-120-8-j24-1", "route_id": "291.TA.96-120-8-j24-1.176.H", "mode": "bus", "line_name": "8"}, {"line_id": "96-120-8-j24-1", "route_id": "101.TA.96-120-8-j24-1.9.H", "mode": "bus", "line_name": "8"}, {"line_id": "96-120-8-j24-1", "route_id": "269.TA.96-120-8-j24-1.175.H", "mode": "bus", "line_name": "8"}, {"line_id": "96-120-8-j24-1", "route_id": "155.TA.96-120-8-j24-1.13.H", "mode": "bus", "line_name": "8"}, {"line_id": "96-120-8-j24-1", "route_id": "156.TA.96-120-8-j24-1.13.H", "mode": "bus", "line_name": "8"}], "predominant_mode": "bus", "assigned_canton": "Jura", "modes_list": ["bus"]}, "geometry": {"type": "Point", "coordinates": [7.274090637375944, 47.36487715379469]}}, {"id": "6769", "type": "Feature", "properties": {"name": "Develier, poste", "lon": 7.296171220070047, "lat": 47.3581228829518, "stop_id": ["8500668.link:149896", "8500668.link:149897", "8500668.link:149898", "8500668.link:149899"], "lines": [{"line_id": "96-120-8-j24-1", "route_id": "203.TA.96-120-8-j24-1.170.H", "mode": "bus", "line_name": "8"}, {"line_id": "96-120-8-j24-1", "route_id": "202.TA.96-120-8-j24-1.19.H", "mode": "bus", "line_name": "8"}, {"line_id": "96-120-8-j24-1", "route_id": "157.TA.96-120-8-j24-1.14.H", "mode": "bus", "line_name": "8"}, {"line_id": "96-120-8-j24-1", "route_id": "479.TA.96-120-8-j24-1.39.R", "mode": "bus", "line_name": "8"}, {"line_id": "96-120-8-j24-1", "route_id": "480.TA.96-120-8-j24-1.39.R", "mode": "bus", "line_name": "8"}, {"line_id": "96-120-8-j24-1", "route_id": "264.TA.96-120-8-j24-1.25.H", "mode": "bus", "line_name": "8"}, {"line_id": "96-120-8-j24-1", "route_id": "144.TA.96-120-8-j24-1.11.H", "mode": "bus", "line_name": "8"}, {"line_id": "96-120-8-j24-1", "route_id": "187.TA.96-120-8-j24-1.16.H", "mode": "bus", "line_name": "8"}, {"line_id": "96-120-8-j24-1", "route_id": "230.TA.96-120-8-j24-1.171.H", "mode": "bus", "line_name": "8"}, {"line_id": "96-120-8-j24-1", "route_id": "189.TA.96-120-8-j24-1.17.H", "mode": "bus", "line_name": "8"}, {"line_id": "96-120-8-j24-1", "route_id": "221.TA.96-120-8-j24-1.22.H", "mode": "bus", "line_name": "8"}, {"line_id": "96-120-8-j24-1", "route_id": "74.TA.96-120-8-j24-1.7.H", "mode": "bus", "line_name": "8"}, {"line_id": "96-120-8-j24-1", "route_id": "156.TA.96-120-8-j24-1.13.H", "mode": "bus", "line_name": "8"}, {"line_id": "96-120-8-j24-1", "route_id": "281.TA.96-120-8-j24-1.27.H", "mode": "bus", "line_name": "8"}, {"line_id": "96-120-8-j24-1", "route_id": "101.TA.96-120-8-j24-1.9.H", "mode": "bus", "line_name": "8"}, {"line_id": "96-120-8-j24-1", "route_id": "197.TA.96-120-8-j24-1.18.H", "mode": "bus", "line_name": "8"}, {"line_id": "96-120-8-j24-1", "route_id": "269.TA.96-120-8-j24-1.175.H", "mode": "bus", "line_name": "8"}, {"line_id": "96-120-8-j24-1", "route_id": "291.TA.96-120-8-j24-1.176.H", "mode": "bus", "line_name": "8"}, {"line_id": "96-120-8-j24-1", "route_id": "206.TA.96-120-8-j24-1.21.H", "mode": "bus", "line_name": "8"}, {"line_id": "96-120-8-j24-1", "route_id": "155.TA.96-120-8-j24-1.13.H", "mode": "bus", "line_name": "8"}, {"line_id": "96-120-8-j24-1", "route_id": "39.TA.96-120-8-j24-1.4.H", "mode": "bus", "line_name": "8"}, {"line_id": "96-120-8-j24-1", "route_id": "246.TA.96-120-8-j24-1.173.H", "mode": "bus", "line_name": "8"}, {"line_id": "96-120-8-j24-1", "route_id": "527.TA.96-120-8-j24-1.44.R", "mode": "bus", "line_name": "8"}, {"line_id": "96-120-8-j24-1", "route_id": "435.TA.96-120-8-j24-1.36.R", "mode": "bus", "line_name": "8"}, {"line_id": "96-120-8-j24-1", "route_id": "561.TA.96-120-8-j24-1.185.R", "mode": "bus", "line_name": "8"}, {"line_id": "96-120-8-j24-1", "route_id": "523.TA.96-120-8-j24-1.43.R", "mode": "bus", "line_name": "8"}, {"line_id": "96-120-8-j24-1", "route_id": "582.TA.96-120-8-j24-1.56.R", "mode": "bus", "line_name": "8"}, {"line_id": "96-120-8-j24-1", "route_id": "565.TA.96-120-8-j24-1.50.R", "mode": "bus", "line_name": "8"}, {"line_id": "96-120-8-j24-1", "route_id": "539.TA.96-120-8-j24-1.47.R", "mode": "bus", "line_name": "8"}, {"line_id": "96-120-8-j24-1", "route_id": "528.TA.96-120-8-j24-1.45.R", "mode": "bus", "line_name": "8"}, {"line_id": "96-120-8-j24-1", "route_id": "354.TA.96-120-8-j24-1.32.R", "mode": "bus", "line_name": "8"}, {"line_id": "96-120-8-j24-1", "route_id": "585.TA.96-120-8-j24-1.189.R", "mode": "bus", "line_name": "8"}, {"line_id": "96-120-8-j24-1", "route_id": "575.TA.96-120-8-j24-1.53.R", "mode": "bus", "line_name": "8"}, {"line_id": "96-120-8-j24-1", "route_id": "478.TA.96-120-8-j24-1.38.R", "mode": "bus", "line_name": "8"}, {"line_id": "96-120-8-j24-1", "route_id": "576.TA.96-120-8-j24-1.188.R", "mode": "bus", "line_name": "8"}, {"line_id": "96-120-8-j24-1", "route_id": "535.TA.96-120-8-j24-1.46.R", "mode": "bus", "line_name": "8"}, {"line_id": "96-120-8-j24-1", "route_id": "572.TA.96-120-8-j24-1.51.R", "mode": "bus", "line_name": "8"}, {"line_id": "96-120-8-j24-1", "route_id": "580.TA.96-120-8-j24-1.188.R", "mode": "bus", "line_name": "8"}, {"line_id": "96-120-8-j24-1", "route_id": "564.TA.96-120-8-j24-1.50.R", "mode": "bus", "line_name": "8"}, {"line_id": "96-120-8-j24-1", "route_id": "442.TA.96-120-8-j24-1.36.R", "mode": "bus", "line_name": "8"}, {"line_id": "96-120-8-j24-1", "route_id": "504.TA.96-120-8-j24-1.41.R", "mode": "bus", "line_name": "8"}, {"line_id": "96-120-8-j24-1", "route_id": "573.TA.96-120-8-j24-1.52.R", "mode": "bus", "line_name": "8"}, {"line_id": "96-120-8-j24-1", "route_id": "397.TA.96-120-8-j24-1.34.R", "mode": "bus", "line_name": "8"}, {"line_id": "96-120-8-j24-1", "route_id": "586.TA.96-120-8-j24-1.190.R", "mode": "bus", "line_name": "8"}], "predominant_mode": "bus", "assigned_canton": "Jura", "modes_list": ["bus"]}, "geometry": {"type": "Point", "coordinates": [7.296171227201515, 47.35812289344114]}}, {"id": "7419", "type": "Feature", "properties": {"name": "Ederswiler, Jurastrasse", "lon": 7.335643192375374, "lat": 47.42628905233243, "stop_id": ["8571988.link:1742036", "8571988.link:1742037"], "lines": [{"line_id": "96-120-6-j24-1", "route_id": "439.TA.96-120-6-j24-1.26.R", "mode": "bus", "line_name": "6"}, {"line_id": "96-131-2-j24-1", "route_id": "18.TA.96-131-2-j24-1.4.H", "mode": "bus", "line_name": "112"}, {"line_id": "96-131-2-j24-1", "route_id": "159.TA.96-131-2-j24-1.25.R", "mode": "bus", "line_name": "112"}, {"line_id": "96-131-2-j24-1", "route_id": "73.TA.96-131-2-j24-1.9.H", "mode": "bus", "line_name": "112"}, {"line_id": "96-120-6-j24-1", "route_id": "452.TA.96-120-6-j24-1.24.R", "mode": "bus", "line_name": "6"}, {"line_id": "96-120-6-j24-1", "route_id": "328.TA.96-120-6-j24-1.17.R", "mode": "bus", "line_name": "6"}, {"line_id": "96-131-2-j24-1", "route_id": "58.TA.96-131-2-j24-1.9.H", "mode": "bus", "line_name": "112"}, {"line_id": "96-131-2-j24-1", "route_id": "158.TA.96-131-2-j24-1.24.R", "mode": "bus", "line_name": "112"}, {"line_id": "96-120-6-j24-1", "route_id": "370.TA.96-120-6-j24-1.20.R", "mode": "bus", "line_name": "6"}, {"line_id": "96-120-6-j24-1", "route_id": "442.TA.96-120-6-j24-1.24.R", "mode": "bus", "line_name": "6"}, {"line_id": "96-131-2-j24-1", "route_id": "127.TA.96-131-2-j24-1.16.R", "mode": "bus", "line_name": "112"}, {"line_id": "96-120-6-j24-1", "route_id": "145.TA.96-120-6-j24-1.8.H", "mode": "bus", "line_name": "6"}, {"line_id": "96-120-6-j24-1", "route_id": "250.TA.96-120-6-j24-1.12.H", "mode": "bus", "line_name": "6"}, {"line_id": "96-120-6-j24-1", "route_id": "142.TA.96-120-6-j24-1.25.H", "mode": "bus", "line_name": "6"}, {"line_id": "96-120-6-j24-1", "route_id": "149.TA.96-120-6-j24-1.9.H", "mode": "bus", "line_name": "6"}, {"line_id": "96-131-2-j24-1", "route_id": "162.TA.96-131-2-j24-1.26.R", "mode": "bus", "line_name": "112"}, {"line_id": "96-120-6-j24-1", "route_id": "51.TA.96-120-6-j24-1.4.H", "mode": "bus", "line_name": "6"}], "predominant_mode": "bus", "assigned_canton": "Jura", "modes_list": ["bus"]}, "geometry": {"type": "Point", "coordinates": [7.335643199530917, 47.42628906283482]}}, {"id": "7420", "type": "Feature", "properties": {"name": "Ederswiler, Pr\u00e9 Strayat", "lon": 7.3379698320348306, "lat": 47.41596246229622, "stop_id": ["8582941.link:406758", "8582941.link:406759"], "lines": [{"line_id": "96-120-6-j24-1", "route_id": "439.TA.96-120-6-j24-1.26.R", "mode": "bus", "line_name": "6"}, {"line_id": "96-120-6-j24-1", "route_id": "452.TA.96-120-6-j24-1.24.R", "mode": "bus", "line_name": "6"}, {"line_id": "96-120-6-j24-1", "route_id": "328.TA.96-120-6-j24-1.17.R", "mode": "bus", "line_name": "6"}, {"line_id": "96-120-6-j24-1", "route_id": "370.TA.96-120-6-j24-1.20.R", "mode": "bus", "line_name": "6"}, {"line_id": "96-120-6-j24-1", "route_id": "442.TA.96-120-6-j24-1.24.R", "mode": "bus", "line_name": "6"}, {"line_id": "96-120-6-j24-1", "route_id": "145.TA.96-120-6-j24-1.8.H", "mode": "bus", "line_name": "6"}, {"line_id": "96-120-6-j24-1", "route_id": "250.TA.96-120-6-j24-1.12.H", "mode": "bus", "line_name": "6"}, {"line_id": "96-120-6-j24-1", "route_id": "142.TA.96-120-6-j24-1.25.H", "mode": "bus", "line_name": "6"}, {"line_id": "96-120-6-j24-1", "route_id": "149.TA.96-120-6-j24-1.9.H", "mode": "bus", "line_name": "6"}, {"line_id": "96-120-6-j24-1", "route_id": "51.TA.96-120-6-j24-1.4.H", "mode": "bus", "line_name": "6"}], "predominant_mode": "bus", "assigned_canton": "Jura", "modes_list": ["bus"]}, "geometry": {"type": "Point", "coordinates": [7.337969839195511, 47.41596247279466]}}, {"id": "7941", "type": "Feature", "properties": {"name": "Enson-la-Fin", "lon": 7.105440917944421, "lat": 47.3004696059387, "stop_id": ["8500868.link:475455", "8500868.link:475456"], "lines": [{"line_id": "96-123-4-j24-1", "route_id": "28.TA.96-123-4-j24-1.9.H", "mode": "bus", "line_name": "34"}, {"line_id": "96-123-4-j24-1", "route_id": "16.TA.96-123-4-j24-1.7.H", "mode": "bus", "line_name": "34"}, {"line_id": "96-123-4-j24-1", "route_id": "12.TA.96-123-4-j24-1.5.H", "mode": "bus", "line_name": "34"}, {"line_id": "96-123-4-j24-1", "route_id": "26.TA.96-123-4-j24-1.8.H", "mode": "bus", "line_name": "34"}, {"line_id": "96-123-4-j24-1", "route_id": "6.TA.96-123-4-j24-1.5.H", "mode": "bus", "line_name": "34"}, {"line_id": "96-123-4-j24-1", "route_id": "17.TA.96-123-4-j24-1.7.H", "mode": "bus", "line_name": "34"}, {"line_id": "96-123-4-j24-1", "route_id": "14.TA.96-123-4-j24-1.6.H", "mode": "bus", "line_name": "34"}, {"line_id": "96-123-4-j24-1", "route_id": "22.TA.96-123-4-j24-1.8.H", "mode": "bus", "line_name": "34"}, {"line_id": "96-123-4-j24-1", "route_id": "5.TA.96-123-4-j24-1.4.H", "mode": "bus", "line_name": "34"}, {"line_id": "96-123-4-j24-1", "route_id": "7.TA.96-123-4-j24-1.5.H", "mode": "bus", "line_name": "34"}, {"line_id": "96-123-4-j24-1", "route_id": "51.TA.96-123-4-j24-1.15.R", "mode": "bus", "line_name": "34"}, {"line_id": "96-123-4-j24-1", "route_id": "44.TA.96-123-4-j24-1.14.R", "mode": "bus", "line_name": "34"}, {"line_id": "96-123-4-j24-1", "route_id": "38.TA.96-123-4-j24-1.13.R", "mode": "bus", "line_name": "34"}, {"line_id": "96-123-4-j24-1", "route_id": "53.TA.96-123-4-j24-1.16.R", "mode": "bus", "line_name": "34"}, {"line_id": "96-123-4-j24-1", "route_id": "46.TA.96-123-4-j24-1.15.R", "mode": "bus", "line_name": "34"}, {"line_id": "96-123-4-j24-1", "route_id": "58.TA.96-123-4-j24-1.17.R", "mode": "bus", "line_name": "34"}, {"line_id": "96-123-4-j24-1", "route_id": "35.TA.96-123-4-j24-1.12.R", "mode": "bus", "line_name": "34"}], "predominant_mode": "bus", "assigned_canton": "Jura", "modes_list": ["bus"]}, "geometry": {"type": "Point", "coordinates": [7.10544092488712, 47.300469616453796]}}, {"id": "7981", "type": "Feature", "properties": {"name": "Epauvillers, bif. sur Le P\u00e9ca", "lon": 7.128940839396224, "lat": 47.343491765571045, "stop_id": ["8572106.link:1240236", "8572106.link:1240237"], "lines": [{"line_id": "96-126-2-j24-1", "route_id": "42.TA.96-126-2-j24-1.5.R", "mode": "bus", "line_name": "62"}, {"line_id": "96-126-2-j24-1", "route_id": "25.TA.96-126-2-j24-1.4.R", "mode": "bus", "line_name": "62"}, {"line_id": "96-126-2-j24-1", "route_id": "4.TA.96-126-2-j24-1.1.H", "mode": "bus", "line_name": "62"}, {"line_id": "96-126-2-j24-1", "route_id": "11.TA.96-126-2-j24-1.2.H", "mode": "bus", "line_name": "62"}], "predominant_mode": "bus", "assigned_canton": "Jura", "modes_list": ["bus"]}, "geometry": {"type": "Point", "coordinates": [7.128940846353471, 47.34349177609542]}}, {"id": "7982", "type": "Feature", "properties": {"name": "Epauvillers, haut du village", "lon": 7.111935739053176, "lat": 47.3337334058373, "stop_id": ["8572107.link:1240196", "8572107.link:1240197"], "lines": [{"line_id": "96-126-2-j24-1", "route_id": "42.TA.96-126-2-j24-1.5.R", "mode": "bus", "line_name": "62"}, {"line_id": "96-126-2-j24-1", "route_id": "25.TA.96-126-2-j24-1.4.R", "mode": "bus", "line_name": "62"}, {"line_id": "96-126-2-j24-1", "route_id": "4.TA.96-126-2-j24-1.1.H", "mode": "bus", "line_name": "62"}, {"line_id": "96-126-2-j24-1", "route_id": "11.TA.96-126-2-j24-1.2.H", "mode": "bus", "line_name": "62"}], "predominant_mode": "bus", "assigned_canton": "Jura", "modes_list": ["bus"]}, "geometry": {"type": "Point", "coordinates": [7.111935745994645, 47.33373341636235]}}, {"id": "7983", "type": "Feature", "properties": {"name": "Epauvillers, poste", "lon": 7.115025939093678, "lat": 47.33484752578894, "stop_id": ["8500658.link:1240200", "8500658.link:1240201"], "lines": [{"line_id": "96-126-2-j24-1", "route_id": "42.TA.96-126-2-j24-1.5.R", "mode": "bus", "line_name": "62"}, {"line_id": "96-126-2-j24-1", "route_id": "25.TA.96-126-2-j24-1.4.R", "mode": "bus", "line_name": "62"}, {"line_id": "96-126-2-j24-1", "route_id": "4.TA.96-126-2-j24-1.1.H", "mode": "bus", "line_name": "62"}, {"line_id": "96-126-2-j24-1", "route_id": "11.TA.96-126-2-j24-1.2.H", "mode": "bus", "line_name": "62"}], "predominant_mode": "bus", "assigned_canton": "Jura", "modes_list": ["bus"]}, "geometry": {"type": "Point", "coordinates": [7.115025946038182, 47.334847536313646]}}, {"id": "7996", "type": "Feature", "properties": {"name": "Epiquerez, Montbion", "lon": 7.079111298642653, "lat": 47.3224996263512, "stop_id": ["8572108.link:592286", "8572108.link:592287"], "lines": [{"line_id": "96-126-2-j24-1", "route_id": "42.TA.96-126-2-j24-1.5.R", "mode": "bus", "line_name": "62"}, {"line_id": "96-126-2-j24-1", "route_id": "25.TA.96-126-2-j24-1.4.R", "mode": "bus", "line_name": "62"}, {"line_id": "96-126-2-j24-1", "route_id": "4.TA.96-126-2-j24-1.1.H", "mode": "bus", "line_name": "62"}, {"line_id": "96-126-2-j24-1", "route_id": "11.TA.96-126-2-j24-1.2.H", "mode": "bus", "line_name": "62"}], "predominant_mode": "bus", "assigned_canton": "Jura", "modes_list": ["bus"]}, "geometry": {"type": "Point", "coordinates": [7.079111305551699, 47.322499636880075]}}, {"id": "7997", "type": "Feature", "properties": {"name": "Epiquerez, village", "lon": 7.057399008820874, "lat": 47.32865566669116, "stop_id": ["8500656.link:487473"], "lines": [{"line_id": "96-126-2-j24-1", "route_id": "42.TA.96-126-2-j24-1.5.R", "mode": "bus", "line_name": "62"}, {"line_id": "96-126-2-j24-1", "route_id": "11.TA.96-126-2-j24-1.2.H", "mode": "bus", "line_name": "62"}], "predominant_mode": "bus", "assigned_canton": "Jura", "modes_list": ["bus"]}, "geometry": {"type": "Point", "coordinates": [7.057399015705095, 47.32865567722727]}}, {"id": "8186", "type": "Feature", "properties": {"name": "Essertfallon", "lon": 7.070927638729802, "lat": 47.325422466479374, "stop_id": ["8572109.link:487387", "8572109.link:487388", "8572109.link:939998", "8572109.link:939999"], "lines": [{"line_id": "96-126-2-j24-1", "route_id": "25.TA.96-126-2-j24-1.4.R", "mode": "bus", "line_name": "62"}, {"line_id": "96-126-2-j24-1", "route_id": "4.TA.96-126-2-j24-1.1.H", "mode": "bus", "line_name": "62"}, {"line_id": "96-126-2-j24-1", "route_id": "11.TA.96-126-2-j24-1.2.H", "mode": "bus", "line_name": "62"}, {"line_id": "96-126-2-j24-1", "route_id": "42.TA.96-126-2-j24-1.5.R", "mode": "bus", "line_name": "62"}], "predominant_mode": "bus", "assigned_canton": "Jura", "modes_list": ["bus"]}, "geometry": {"type": "Point", "coordinates": [7.070927645629343, 47.32542247701119]}}, {"id": "8359", "type": "Feature", "properties": {"name": "Fahy, douane", "lon": 6.941624141808419, "lat": 47.4228977385028, "stop_id": ["8572053.link:1514074", "8572053.link:1514075"], "lines": [{"line_id": "96-127-1-j24-1", "route_id": "24.TA.96-127-1-j24-1.3.H", "mode": "bus", "line_name": "71"}, {"line_id": "96-127-1-j24-1", "route_id": "52.TA.96-127-1-j24-1.7.R", "mode": "bus", "line_name": "71"}], "predominant_mode": "bus", "assigned_canton": "Jura", "modes_list": ["bus"]}, "geometry": {"type": "Point", "coordinates": [6.9416241485450945, 47.4228977490975]}}, {"id": "8360", "type": "Feature", "properties": {"name": "Fahy, poids public", "lon": 6.9531854616647335, "lat": 47.41815072832192, "stop_id": ["8572051.link:522488", "8572051.link:522489"], "lines": [{"line_id": "96-127-1-j24-1", "route_id": "24.TA.96-127-1-j24-1.3.H", "mode": "bus", "line_name": "71"}, {"line_id": "96-127-1-j24-1", "route_id": "52.TA.96-127-1-j24-1.7.R", "mode": "bus", "line_name": "71"}], "predominant_mode": "bus", "assigned_canton": "Jura", "modes_list": ["bus"]}, "geometry": {"type": "Point", "coordinates": [6.95318546841502, 47.418150738912416]}}, {"id": "8361", "type": "Feature", "properties": {"name": "Fahy, \u00e9glise", "lon": 6.9499335616652065, "lat": 47.41828445837281, "stop_id": ["8572052.link:1514062", "8572052.link:1514063"], "lines": [{"line_id": "96-127-1-j24-1", "route_id": "24.TA.96-127-1-j24-1.3.H", "mode": "bus", "line_name": "71"}, {"line_id": "96-127-1-j24-1", "route_id": "52.TA.96-127-1-j24-1.7.R", "mode": "bus", "line_name": "71"}], "predominant_mode": "bus", "assigned_canton": "Jura", "modes_list": ["bus"]}, "geometry": {"type": "Point", "coordinates": [6.949933568411955, 47.41828446896409]}}, {"id": "8824", "type": "Feature", "properties": {"name": "Fontenais, les Rochets", "lon": 7.079120281239469, "lat": 47.400812316350724, "stop_id": ["8582986.link:725346", "8582986.link:725347"], "lines": [{"line_id": "96-127-5-j24-1", "route_id": "17.TA.96-127-5-j24-1.2.H", "mode": "bus", "line_name": "75"}, {"line_id": "96-127-5-j24-1", "route_id": "1.TA.96-127-5-j24-1.1.H", "mode": "bus", "line_name": "75"}, {"line_id": "96-127-5-j24-1", "route_id": "61.TA.96-127-5-j24-1.4.R", "mode": "bus", "line_name": "75"}, {"line_id": "96-127-5-j24-1", "route_id": "40.TA.96-127-5-j24-1.3.R", "mode": "bus", "line_name": "75"}], "predominant_mode": "bus", "assigned_canton": "Jura", "modes_list": ["bus"]}, "geometry": {"type": "Point", "coordinates": [7.079120288129196, 47.400812326906184]}}, {"id": "8825", "type": "Feature", "properties": {"name": "Fontenais, sur Les Rochets", "lon": 7.0801443611554475, "lat": 47.39824633633474, "stop_id": ["8572083.link:725354", "8572083.link:725355"], "lines": [{"line_id": "96-127-5-j24-1", "route_id": "17.TA.96-127-5-j24-1.2.H", "mode": "bus", "line_name": "75"}, {"line_id": "96-127-5-j24-1", "route_id": "1.TA.96-127-5-j24-1.1.H", "mode": "bus", "line_name": "75"}, {"line_id": "96-127-5-j24-1", "route_id": "61.TA.96-127-5-j24-1.4.R", "mode": "bus", "line_name": "75"}, {"line_id": "96-127-5-j24-1", "route_id": "40.TA.96-127-5-j24-1.3.R", "mode": "bus", "line_name": "75"}], "predominant_mode": "bus", "assigned_canton": "Jura", "modes_list": ["bus"]}, "geometry": {"type": "Point", "coordinates": [7.080144368046904, 47.39824634688913]}}, {"id": "8826", "type": "Feature", "properties": {"name": "Fontenais,place de la Fontaine", "lon": 7.07976707135511, "lat": 47.40427194634052, "stop_id": ["8572082.link:1527092", "8572082.link:725362", "8572082.link:725363"], "lines": [{"line_id": "96-127-5-j24-1", "route_id": "1.TA.96-127-5-j24-1.1.H", "mode": "bus", "line_name": "75"}, {"line_id": "96-127-5-j24-1", "route_id": "17.TA.96-127-5-j24-1.2.H", "mode": "bus", "line_name": "75"}, {"line_id": "96-127-5-j24-1", "route_id": "61.TA.96-127-5-j24-1.4.R", "mode": "bus", "line_name": "75"}, {"line_id": "96-127-5-j24-1", "route_id": "40.TA.96-127-5-j24-1.3.R", "mode": "bus", "line_name": "75"}], "predominant_mode": "bus", "assigned_canton": "Jura", "modes_list": ["bus"]}, "geometry": {"type": "Point", "coordinates": [7.079767078244671, 47.40427195689702]}}, {"id": "8856", "type": "Feature", "properties": {"name": "Fornet-Dessus, Dos des Laves", "lon": 7.149880567277928, "lat": 47.27875340524247, "stop_id": ["8571948.link:876573", "8571948.link:876574"], "lines": [{"line_id": "96-124-1-j24-1", "route_id": "36.TA.96-124-1-j24-1.16.R", "mode": "bus", "line_name": "41"}, {"line_id": "96-124-1-j24-1", "route_id": "35.TA.96-124-1-j24-1.16.R", "mode": "bus", "line_name": "41"}, {"line_id": "96-124-1-j24-1", "route_id": "32.TA.96-124-1-j24-1.15.R", "mode": "bus", "line_name": "41"}, {"line_id": "96-124-1-j24-1", "route_id": "31.TA.96-124-1-j24-1.14.R", "mode": "bus", "line_name": "41"}, {"line_id": "96-124-1-j24-1", "route_id": "16.TA.96-124-1-j24-1.7.H", "mode": "bus", "line_name": "41"}, {"line_id": "96-124-1-j24-1", "route_id": "14.TA.96-124-1-j24-1.6.H", "mode": "bus", "line_name": "41"}, {"line_id": "96-124-1-j24-1", "route_id": "19.TA.96-124-1-j24-1.8.H", "mode": "bus", "line_name": "41"}, {"line_id": "96-124-1-j24-1", "route_id": "20.TA.96-124-1-j24-1.8.H", "mode": "bus", "line_name": "41"}], "predominant_mode": "bus", "assigned_canton": "Jura", "modes_list": ["bus"]}, "geometry": {"type": "Point", "coordinates": [7.149880574273591, 47.278753415739466]}}, {"id": "8857", "type": "Feature", "properties": {"name": "Fornet-Dessus, village", "lon": 7.158405587287147, "lat": 47.27873512510898, "stop_id": ["8571947.link:110517", "8571947.link:110518"], "lines": [{"line_id": "96-124-1-j24-1", "route_id": "36.TA.96-124-1-j24-1.16.R", "mode": "bus", "line_name": "41"}, {"line_id": "96-124-1-j24-1", "route_id": "35.TA.96-124-1-j24-1.16.R", "mode": "bus", "line_name": "41"}, {"line_id": "96-124-1-j24-1", "route_id": "32.TA.96-124-1-j24-1.15.R", "mode": "bus", "line_name": "41"}, {"line_id": "96-124-1-j24-1", "route_id": "31.TA.96-124-1-j24-1.14.R", "mode": "bus", "line_name": "41"}, {"line_id": "96-124-1-j24-1", "route_id": "16.TA.96-124-1-j24-1.7.H", "mode": "bus", "line_name": "41"}, {"line_id": "96-124-1-j24-1", "route_id": "14.TA.96-124-1-j24-1.6.H", "mode": "bus", "line_name": "41"}, {"line_id": "96-124-1-j24-1", "route_id": "19.TA.96-124-1-j24-1.8.H", "mode": "bus", "line_name": "41"}, {"line_id": "96-124-1-j24-1", "route_id": "20.TA.96-124-1-j24-1.8.H", "mode": "bus", "line_name": "41"}], "predominant_mode": "bus", "assigned_canton": "Jura", "modes_list": ["bus"]}, "geometry": {"type": "Point", "coordinates": [7.158405594291948, 47.278735135603974]}}, {"id": "9012", "type": "Feature", "properties": {"name": "Fregi\u00e9court, Sous le Montillat", "lon": 7.199817921760109, "lat": 47.41229691446039, "stop_id": ["8584745.link:1118856", "8584745.link:1118857"], "lines": [{"line_id": "96-127-6-j24-1", "route_id": "28.TA.96-127-6-j24-1.1.H", "mode": "bus", "line_name": "76"}, {"line_id": "96-127-6-j24-1", "route_id": "47.TA.96-127-6-j24-1.2.R", "mode": "bus", "line_name": "76"}], "predominant_mode": "bus", "assigned_canton": "Jura", "modes_list": ["bus"]}, "geometry": {"type": "Point", "coordinates": [7.1998179287756185, 47.412296924991075]}}, {"id": "9013", "type": "Feature", "properties": {"name": "Fregi\u00e9court, place La Baroche", "lon": 7.1985333317925635, "lat": 47.41331818448054, "stop_id": ["8572092.link:605572", "8572092.link:605573"], "lines": [{"line_id": "96-127-6-j24-1", "route_id": "28.TA.96-127-6-j24-1.1.H", "mode": "bus", "line_name": "76"}, {"line_id": "96-127-6-j24-1", "route_id": "47.TA.96-127-6-j24-1.2.R", "mode": "bus", "line_name": "76"}], "predominant_mode": "bus", "assigned_canton": "Jura", "modes_list": ["bus"]}, "geometry": {"type": "Point", "coordinates": [7.198533338806444, 47.413318195011854]}}, {"id": "9965", "type": "Feature", "properties": {"name": "Glovelier", "lon": 7.209910489209777, "lat": 47.33506364430298, "stop_id": ["8500123:0:13.link:370253", "8500123:0:13.link:370254", "8500123:0:2.link:1636219", "8500123:0:2.link:1636220"], "lines": [{"line_id": "91-36-C-j24-1", "route_id": "62.TA.91-36-C-j24-1.7.H", "mode": "rail", "line_name": "R36"}, {"line_id": "91-36-C-j24-1", "route_id": "63.TA.91-36-C-j24-1.7.H", "mode": "rail", "line_name": "R36"}, {"line_id": "91-36-C-j24-1", "route_id": "25.TA.91-36-C-j24-1.4.H", "mode": "rail", "line_name": "R36"}, {"line_id": "91-36-C-j24-1", "route_id": "26.TA.91-36-C-j24-1.4.H", "mode": "rail", "line_name": "R36"}, {"line_id": "91-36-C-j24-1", "route_id": "59.TA.91-36-C-j24-1.7.H", "mode": "rail", "line_name": "R36"}, {"line_id": "91-36-C-j24-1", "route_id": "121.TA.91-36-C-j24-1.13.R", "mode": "rail", "line_name": "R36"}, {"line_id": "91-36-C-j24-1", "route_id": "110.TA.91-36-C-j24-1.13.R", "mode": "rail", "line_name": "R36"}, {"line_id": "91-36-C-j24-1", "route_id": "90.TA.91-36-C-j24-1.11.R", "mode": "rail", "line_name": "R36"}, {"line_id": "91-36-C-j24-1", "route_id": "107.TA.91-36-C-j24-1.13.R", "mode": "rail", "line_name": "R36"}, {"line_id": "91-36-C-j24-1", "route_id": "120.TA.91-36-C-j24-1.13.R", "mode": "rail", "line_name": "R36"}, {"line_id": "91-56-B-j24-1", "route_id": "99.TA.91-56-B-j24-1.6.H", "mode": "rail", "line_name": "RE56"}, {"line_id": "91-3-B-j24-1", "route_id": "3250.TA.91-3-B-j24-1.2653.H", "mode": "rail", "line_name": "S3"}, {"line_id": "91-56-B-j24-1", "route_id": "133.TA.91-56-B-j24-1.11.H", "mode": "rail", "line_name": "RE56"}, {"line_id": "91-56-B-j24-1", "route_id": "103.TA.91-56-B-j24-1.7.H", "mode": "rail", "line_name": "RE56"}, {"line_id": "91-56-B-j24-1", "route_id": "120.TA.91-56-B-j24-1.10.H", "mode": "rail", "line_name": "RE56"}, {"line_id": "91-3-B-j24-1", "route_id": "503.TA.91-3-B-j24-1.20.H", "mode": "rail", "line_name": "S3"}, {"line_id": "91-56-B-j24-1", "route_id": "204.TA.91-56-B-j24-1.71.H", "mode": "rail", "line_name": "RE56"}, {"line_id": "91-3-B-j24-1", "route_id": "3246.TA.91-3-B-j24-1.2652.H", "mode": "rail", "line_name": "S3"}, {"line_id": "91-56-B-j24-1", "route_id": "149.TA.91-56-B-j24-1.11.H", "mode": "rail", "line_name": "RE56"}, {"line_id": "91-3-B-j24-1", "route_id": "3302.TA.91-3-B-j24-1.2961.H", "mode": "rail", "line_name": "S3"}, {"line_id": "91-56-B-j24-1", "route_id": "107.TA.91-56-B-j24-1.8.H", "mode": "rail", "line_name": "RE56"}, {"line_id": "91-56-B-j24-1", "route_id": "227.TA.91-56-B-j24-1.14.H", "mode": "rail", "line_name": "RE56"}, {"line_id": "91-3-B-j24-1", "route_id": "533.TA.91-3-B-j24-1.24.H", "mode": "rail", "line_name": "S3"}, {"line_id": "91-3-B-j24-1", "route_id": "3214.TA.91-3-B-j24-1.2650.H", "mode": "rail", "line_name": "S3"}, {"line_id": "91-3-B-j24-1", "route_id": "3233.TA.91-3-B-j24-1.4244.H", "mode": "rail", "line_name": "S3"}, {"line_id": "91-56-B-j24-1", "route_id": "361.TA.91-56-B-j24-1.25.R", "mode": "rail", "line_name": "RE56"}, {"line_id": "91-3-B-j24-1", "route_id": "3718.TA.91-3-B-j24-1.705.R", "mode": "rail", "line_name": "S3"}, {"line_id": "91-56-B-j24-1", "route_id": "330.TA.91-56-B-j24-1.18.R", "mode": "rail", "line_name": "RE56"}, {"line_id": "91-56-B-j24-1", "route_id": "451.TA.91-56-B-j24-1.27.R", "mode": "rail", "line_name": "RE56"}, {"line_id": "91-3-B-j24-1", "route_id": "5388.TA.91-3-B-j24-1.638.R", "mode": "rail", "line_name": "S3"}, {"line_id": "91-3-B-j24-1", "route_id": "3687.TA.91-3-B-j24-1.372.R", "mode": "rail", "line_name": "S3"}, {"line_id": "91-56-B-j24-1", "route_id": "363.TA.91-56-B-j24-1.25.R", "mode": "rail", "line_name": "RE56"}, {"line_id": "91-56-B-j24-1", "route_id": "347.TA.91-56-B-j24-1.142.R", "mode": "rail", "line_name": "RE56"}, {"line_id": "91-3-B-j24-1", "route_id": "3736.TA.91-3-B-j24-1.705.R", "mode": "rail", "line_name": "S3"}, {"line_id": "91-56-B-j24-1", "route_id": "385.TA.91-56-B-j24-1.26.R", "mode": "rail", "line_name": "RE56"}], "predominant_mode": "rail", "assigned_canton": "Jura", "modes_list": ["rail"]}, "geometry": {"type": "Point", "coordinates": [7.209910496255527, 47.33506365480523]}}, {"id": "9966", "type": "Feature", "properties": {"name": "Glovelier, Crois\u00e9e", "lon": 7.221081039147257, "lat": 47.33279582412801, "stop_id": ["8583822.link:66821", "8583822.link:66822"], "lines": [{"line_id": "96-128-0-j24-1", "route_id": "6.TA.96-128-0-j24-1.2.H", "mode": "bus", "line_name": "N10"}, {"line_id": "96-128-0-j24-1", "route_id": "8.TA.96-128-0-j24-1.2.H", "mode": "bus", "line_name": "N10"}, {"line_id": "96-128-0-j24-1", "route_id": "9.TA.96-128-0-j24-1.4.R", "mode": "bus", "line_name": "N10"}, {"line_id": "96-128-0-j24-1", "route_id": "13.TA.96-128-0-j24-1.4.R", "mode": "bus", "line_name": "N10"}], "predominant_mode": "bus", "assigned_canton": "Jura", "modes_list": ["bus"]}, "geometry": {"type": "Point", "coordinates": [7.221081046205469, 47.33279583462682]}}, {"id": "9967", "type": "Feature", "properties": {"name": "Glovelier, La Mor\u00e9e", "lon": 7.172859478965242, "lat": 47.32895401488326, "stop_id": ["8500875.link:357729", "8500875.link:357730"], "lines": [{"line_id": "96-123-4-j24-1", "route_id": "28.TA.96-123-4-j24-1.9.H", "mode": "bus", "line_name": "34"}, {"line_id": "96-123-4-j24-1", "route_id": "16.TA.96-123-4-j24-1.7.H", "mode": "bus", "line_name": "34"}, {"line_id": "96-123-4-j24-1", "route_id": "12.TA.96-123-4-j24-1.5.H", "mode": "bus", "line_name": "34"}, {"line_id": "96-123-4-j24-1", "route_id": "26.TA.96-123-4-j24-1.8.H", "mode": "bus", "line_name": "34"}, {"line_id": "96-123-4-j24-1", "route_id": "6.TA.96-123-4-j24-1.5.H", "mode": "bus", "line_name": "34"}, {"line_id": "96-123-4-j24-1", "route_id": "17.TA.96-123-4-j24-1.7.H", "mode": "bus", "line_name": "34"}, {"line_id": "96-123-4-j24-1", "route_id": "14.TA.96-123-4-j24-1.6.H", "mode": "bus", "line_name": "34"}, {"line_id": "96-123-4-j24-1", "route_id": "22.TA.96-123-4-j24-1.8.H", "mode": "bus", "line_name": "34"}, {"line_id": "96-123-4-j24-1", "route_id": "7.TA.96-123-4-j24-1.5.H", "mode": "bus", "line_name": "34"}, {"line_id": "96-123-4-j24-1", "route_id": "51.TA.96-123-4-j24-1.15.R", "mode": "bus", "line_name": "34"}, {"line_id": "96-123-4-j24-1", "route_id": "44.TA.96-123-4-j24-1.14.R", "mode": "bus", "line_name": "34"}, {"line_id": "96-123-4-j24-1", "route_id": "38.TA.96-123-4-j24-1.13.R", "mode": "bus", "line_name": "34"}, {"line_id": "96-123-4-j24-1", "route_id": "53.TA.96-123-4-j24-1.16.R", "mode": "bus", "line_name": "34"}, {"line_id": "96-123-4-j24-1", "route_id": "46.TA.96-123-4-j24-1.15.R", "mode": "bus", "line_name": "34"}, {"line_id": "96-123-4-j24-1", "route_id": "58.TA.96-123-4-j24-1.17.R", "mode": "bus", "line_name": "34"}], "predominant_mode": "bus", "assigned_canton": "Jura", "modes_list": ["bus"]}, "geometry": {"type": "Point", "coordinates": [7.172859485973024, 47.32895402539228]}}, {"id": "9968", "type": "Feature", "properties": {"name": "Glovelier, ZAM/rte de Bo\u00e9court", "lon": 7.207965639356462, "lat": 47.33955941433347, "stop_id": ["8582154.link:13541", "8582154.link:979713", "8582154.link:979714"], "lines": [{"line_id": "96-123-4-j24-1", "route_id": "16.TA.96-123-4-j24-1.7.H", "mode": "bus", "line_name": "34"}, {"line_id": "96-123-4-j24-1", "route_id": "17.TA.96-123-4-j24-1.7.H", "mode": "bus", "line_name": "34"}, {"line_id": "96-123-4-j24-1", "route_id": "22.TA.96-123-4-j24-1.8.H", "mode": "bus", "line_name": "34"}, {"line_id": "96-123-4-j24-1", "route_id": "26.TA.96-123-4-j24-1.8.H", "mode": "bus", "line_name": "34"}, {"line_id": "96-128-0-j24-1", "route_id": "6.TA.96-128-0-j24-1.2.H", "mode": "bus", "line_name": "N10"}, {"line_id": "96-128-0-j24-1", "route_id": "8.TA.96-128-0-j24-1.2.H", "mode": "bus", "line_name": "N10"}, {"line_id": "96-123-4-j24-1", "route_id": "44.TA.96-123-4-j24-1.14.R", "mode": "bus", "line_name": "34"}, {"line_id": "96-123-4-j24-1", "route_id": "53.TA.96-123-4-j24-1.16.R", "mode": "bus", "line_name": "34"}, {"line_id": "96-123-4-j24-1", "route_id": "58.TA.96-123-4-j24-1.17.R", "mode": "bus", "line_name": "34"}, {"line_id": "96-128-0-j24-1", "route_id": "9.TA.96-128-0-j24-1.4.R", "mode": "bus", "line_name": "N10"}, {"line_id": "96-128-0-j24-1", "route_id": "13.TA.96-128-0-j24-1.4.R", "mode": "bus", "line_name": "N10"}], "predominant_mode": "bus", "assigned_canton": "Jura", "modes_list": ["bus"]}, "geometry": {"type": "Point", "coordinates": [7.207965646399011, 47.339559424837766]}}, {"id": "9969", "type": "Feature", "properties": {"name": "Glovelier, gare", "lon": 7.208863959212121, "lat": 47.335170184319374, "stop_id": ["8576779.link:520135", "8576779.link:520136", "8576779.link:520137", "8576779.link:520138", "8576779.link:534202"], "lines": [{"line_id": "96-123-4-j24-1", "route_id": "28.TA.96-123-4-j24-1.9.H", "mode": "bus", "line_name": "34"}, {"line_id": "96-123-4-j24-1", "route_id": "12.TA.96-123-4-j24-1.5.H", "mode": "bus", "line_name": "34"}, {"line_id": "96-123-3-j24-1", "route_id": "20.TA.96-123-3-j24-1.6.R", "mode": "bus", "line_name": "33"}, {"line_id": "96-128-0-j24-1", "route_id": "6.TA.96-128-0-j24-1.2.H", "mode": "bus", "line_name": "N10"}, {"line_id": "96-123-3-j24-1", "route_id": "24.TA.96-123-3-j24-1.7.R", "mode": "bus", "line_name": "33"}, {"line_id": "96-128-0-j24-1", "route_id": "8.TA.96-128-0-j24-1.2.H", "mode": "bus", "line_name": "N10"}, {"line_id": "96-123-3-j24-1", "route_id": "21.TA.96-123-3-j24-1.7.R", "mode": "bus", "line_name": "33"}, {"line_id": "96-123-4-j24-1", "route_id": "6.TA.96-123-4-j24-1.5.H", "mode": "bus", "line_name": "34"}, {"line_id": "96-123-3-j24-1", "route_id": "25.TA.96-123-3-j24-1.7.R", "mode": "bus", "line_name": "33"}, {"line_id": "96-123-3-j24-1", "route_id": "29.TA.96-123-3-j24-1.7.R", "mode": "bus", "line_name": "33"}, {"line_id": "96-123-3-j24-1", "route_id": "14.TA.96-123-3-j24-1.9.R", "mode": "bus", "line_name": "33"}, {"line_id": "96-123-4-j24-1", "route_id": "14.TA.96-123-4-j24-1.6.H", "mode": "bus", "line_name": "34"}, {"line_id": "96-123-3-j24-1", "route_id": "16.TA.96-123-3-j24-1.5.R", "mode": "bus", "line_name": "33"}, {"line_id": "96-123-4-j24-1", "route_id": "7.TA.96-123-4-j24-1.5.H", "mode": "bus", "line_name": "34"}, {"line_id": "96-128-0-j24-1", "route_id": "9.TA.96-128-0-j24-1.4.R", "mode": "bus", "line_name": "N10"}, {"line_id": "96-123-3-j24-1", "route_id": "10.TA.96-123-3-j24-1.4.H", "mode": "bus", "line_name": "33"}, {"line_id": "96-123-3-j24-1", "route_id": "5.TA.96-123-3-j24-1.8.H", "mode": "bus", "line_name": "33"}, {"line_id": "96-123-3-j24-1", "route_id": "13.TA.96-123-3-j24-1.4.H", "mode": "bus", "line_name": "33"}, {"line_id": "96-123-4-j24-1", "route_id": "51.TA.96-123-4-j24-1.15.R", "mode": "bus", "line_name": "34"}, {"line_id": "96-123-3-j24-1", "route_id": "6.TA.96-123-3-j24-1.4.H", "mode": "bus", "line_name": "33"}, {"line_id": "96-128-0-j24-1", "route_id": "13.TA.96-128-0-j24-1.4.R", "mode": "bus", "line_name": "N10"}, {"line_id": "96-123-3-j24-1", "route_id": "9.TA.96-123-3-j24-1.4.H", "mode": "bus", "line_name": "33"}, {"line_id": "96-123-4-j24-1", "route_id": "38.TA.96-123-4-j24-1.13.R", "mode": "bus", "line_name": "34"}, {"line_id": "96-123-3-j24-1", "route_id": "11.TA.96-123-3-j24-1.4.H", "mode": "bus", "line_name": "33"}, {"line_id": "96-123-4-j24-1", "route_id": "46.TA.96-123-4-j24-1.15.R", "mode": "bus", "line_name": "34"}, {"line_id": "96-123-3-j24-1", "route_id": "4.TA.96-123-3-j24-1.3.H", "mode": "bus", "line_name": "33"}, {"line_id": "96-123-3-j24-1", "route_id": "1.TA.96-123-3-j24-1.2.H", "mode": "bus", "line_name": "33"}, {"line_id": "96-123-4-j24-1", "route_id": "22.TA.96-123-4-j24-1.8.H", "mode": "bus", "line_name": "34"}, {"line_id": "96-123-4-j24-1", "route_id": "16.TA.96-123-4-j24-1.7.H", "mode": "bus", "line_name": "34"}, {"line_id": "96-123-4-j24-1", "route_id": "26.TA.96-123-4-j24-1.8.H", "mode": "bus", "line_name": "34"}, {"line_id": "96-123-4-j24-1", "route_id": "44.TA.96-123-4-j24-1.14.R", "mode": "bus", "line_name": "34"}, {"line_id": "96-123-4-j24-1", "route_id": "53.TA.96-123-4-j24-1.16.R", "mode": "bus", "line_name": "34"}, {"line_id": "96-123-4-j24-1", "route_id": "17.TA.96-123-4-j24-1.7.H", "mode": "bus", "line_name": "34"}, {"line_id": "96-123-4-j24-1", "route_id": "58.TA.96-123-4-j24-1.17.R", "mode": "bus", "line_name": "34"}, {"line_id": "92-EV1-L-j24-1", "route_id": "146.TA.92-EV1-L-j24-1.7.H", "mode": "bus", "line_name": "EV1"}], "predominant_mode": "bus", "assigned_canton": "Jura", "modes_list": ["bus"]}, "geometry": {"type": "Point", "coordinates": [7.2088639662567315, 47.33517019482194]}}, {"id": "9970", "type": "Feature", "properties": {"name": "Glovelier, la Roche", "lon": 7.143412698370925, "lat": 47.31202478534425, "stop_id": ["8500864.link:475375", "8500864.link:475376"], "lines": [{"line_id": "96-123-4-j24-1", "route_id": "28.TA.96-123-4-j24-1.9.H", "mode": "bus", "line_name": "34"}, {"line_id": "96-123-4-j24-1", "route_id": "16.TA.96-123-4-j24-1.7.H", "mode": "bus", "line_name": "34"}, {"line_id": "96-123-4-j24-1", "route_id": "12.TA.96-123-4-j24-1.5.H", "mode": "bus", "line_name": "34"}, {"line_id": "96-123-4-j24-1", "route_id": "26.TA.96-123-4-j24-1.8.H", "mode": "bus", "line_name": "34"}, {"line_id": "96-123-4-j24-1", "route_id": "6.TA.96-123-4-j24-1.5.H", "mode": "bus", "line_name": "34"}, {"line_id": "96-123-4-j24-1", "route_id": "17.TA.96-123-4-j24-1.7.H", "mode": "bus", "line_name": "34"}, {"line_id": "96-123-4-j24-1", "route_id": "14.TA.96-123-4-j24-1.6.H", "mode": "bus", "line_name": "34"}, {"line_id": "96-123-4-j24-1", "route_id": "22.TA.96-123-4-j24-1.8.H", "mode": "bus", "line_name": "34"}, {"line_id": "96-123-4-j24-1", "route_id": "7.TA.96-123-4-j24-1.5.H", "mode": "bus", "line_name": "34"}, {"line_id": "96-123-4-j24-1", "route_id": "51.TA.96-123-4-j24-1.15.R", "mode": "bus", "line_name": "34"}, {"line_id": "96-123-4-j24-1", "route_id": "44.TA.96-123-4-j24-1.14.R", "mode": "bus", "line_name": "34"}, {"line_id": "96-123-4-j24-1", "route_id": "38.TA.96-123-4-j24-1.13.R", "mode": "bus", "line_name": "34"}, {"line_id": "96-123-4-j24-1", "route_id": "53.TA.96-123-4-j24-1.16.R", "mode": "bus", "line_name": "34"}, {"line_id": "96-123-4-j24-1", "route_id": "46.TA.96-123-4-j24-1.15.R", "mode": "bus", "line_name": "34"}, {"line_id": "96-123-4-j24-1", "route_id": "58.TA.96-123-4-j24-1.17.R", "mode": "bus", "line_name": "34"}], "predominant_mode": "bus", "assigned_canton": "Jura", "modes_list": ["bus"]}, "geometry": {"type": "Point", "coordinates": [7.143412705351454, 47.31202479585438]}}, {"id": "9971", "type": "Feature", "properties": {"name": "Glovelier, \u00e9glise", "lon": 7.198946549117799, "lat": 47.33266188447468, "stop_id": ["8500878.link:13520", "8500878.link:13521"], "lines": [{"line_id": "96-123-4-j24-1", "route_id": "28.TA.96-123-4-j24-1.9.H", "mode": "bus", "line_name": "34"}, {"line_id": "96-123-4-j24-1", "route_id": "16.TA.96-123-4-j24-1.7.H", "mode": "bus", "line_name": "34"}, {"line_id": "96-123-4-j24-1", "route_id": "12.TA.96-123-4-j24-1.5.H", "mode": "bus", "line_name": "34"}, {"line_id": "96-123-4-j24-1", "route_id": "26.TA.96-123-4-j24-1.8.H", "mode": "bus", "line_name": "34"}, {"line_id": "96-123-3-j24-1", "route_id": "20.TA.96-123-3-j24-1.6.R", "mode": "bus", "line_name": "33"}, {"line_id": "96-123-3-j24-1", "route_id": "24.TA.96-123-3-j24-1.7.R", "mode": "bus", "line_name": "33"}, {"line_id": "96-123-3-j24-1", "route_id": "21.TA.96-123-3-j24-1.7.R", "mode": "bus", "line_name": "33"}, {"line_id": "96-123-4-j24-1", "route_id": "6.TA.96-123-4-j24-1.5.H", "mode": "bus", "line_name": "34"}, {"line_id": "96-123-3-j24-1", "route_id": "25.TA.96-123-3-j24-1.7.R", "mode": "bus", "line_name": "33"}, {"line_id": "96-123-4-j24-1", "route_id": "17.TA.96-123-4-j24-1.7.H", "mode": "bus", "line_name": "34"}, {"line_id": "96-123-3-j24-1", "route_id": "29.TA.96-123-3-j24-1.7.R", "mode": "bus", "line_name": "33"}, {"line_id": "96-123-3-j24-1", "route_id": "14.TA.96-123-3-j24-1.9.R", "mode": "bus", "line_name": "33"}, {"line_id": "96-123-4-j24-1", "route_id": "14.TA.96-123-4-j24-1.6.H", "mode": "bus", "line_name": "34"}, {"line_id": "96-123-3-j24-1", "route_id": "16.TA.96-123-3-j24-1.5.R", "mode": "bus", "line_name": "33"}, {"line_id": "96-123-4-j24-1", "route_id": "22.TA.96-123-4-j24-1.8.H", "mode": "bus", "line_name": "34"}, {"line_id": "96-123-4-j24-1", "route_id": "7.TA.96-123-4-j24-1.5.H", "mode": "bus", "line_name": "34"}, {"line_id": "96-123-3-j24-1", "route_id": "10.TA.96-123-3-j24-1.4.H", "mode": "bus", "line_name": "33"}, {"line_id": "96-123-3-j24-1", "route_id": "5.TA.96-123-3-j24-1.8.H", "mode": "bus", "line_name": "33"}, {"line_id": "96-123-3-j24-1", "route_id": "13.TA.96-123-3-j24-1.4.H", "mode": "bus", "line_name": "33"}, {"line_id": "96-123-4-j24-1", "route_id": "51.TA.96-123-4-j24-1.15.R", "mode": "bus", "line_name": "34"}, {"line_id": "96-123-3-j24-1", "route_id": "6.TA.96-123-3-j24-1.4.H", "mode": "bus", "line_name": "33"}, {"line_id": "96-123-4-j24-1", "route_id": "44.TA.96-123-4-j24-1.14.R", "mode": "bus", "line_name": "34"}, {"line_id": "96-123-3-j24-1", "route_id": "9.TA.96-123-3-j24-1.4.H", "mode": "bus", "line_name": "33"}, {"line_id": "96-123-4-j24-1", "route_id": "38.TA.96-123-4-j24-1.13.R", "mode": "bus", "line_name": "34"}, {"line_id": "96-123-3-j24-1", "route_id": "11.TA.96-123-3-j24-1.4.H", "mode": "bus", "line_name": "33"}, {"line_id": "96-123-4-j24-1", "route_id": "46.TA.96-123-4-j24-1.15.R", "mode": "bus", "line_name": "34"}, {"line_id": "96-123-4-j24-1", "route_id": "53.TA.96-123-4-j24-1.16.R", "mode": "bus", "line_name": "34"}, {"line_id": "96-123-3-j24-1", "route_id": "4.TA.96-123-3-j24-1.3.H", "mode": "bus", "line_name": "33"}, {"line_id": "96-123-4-j24-1", "route_id": "58.TA.96-123-4-j24-1.17.R", "mode": "bus", "line_name": "34"}, {"line_id": "96-123-3-j24-1", "route_id": "1.TA.96-123-3-j24-1.2.H", "mode": "bus", "line_name": "33"}], "predominant_mode": "bus", "assigned_canton": "Jura", "modes_list": ["bus"]}, "geometry": {"type": "Point", "coordinates": [7.198946556152472, 47.33266189497874]}}, {"id": "9972", "type": "Feature", "properties": {"name": "Glovelier,Croix des Longs-Pr\u00e9s", "lon": 7.164064968728751, "lat": 47.32211598502094, "stop_id": ["8576787.link:357737", "8576787.link:357738"], "lines": [{"line_id": "96-123-4-j24-1", "route_id": "28.TA.96-123-4-j24-1.9.H", "mode": "bus", "line_name": "34"}, {"line_id": "96-123-4-j24-1", "route_id": "16.TA.96-123-4-j24-1.7.H", "mode": "bus", "line_name": "34"}, {"line_id": "96-123-4-j24-1", "route_id": "12.TA.96-123-4-j24-1.5.H", "mode": "bus", "line_name": "34"}, {"line_id": "96-123-4-j24-1", "route_id": "26.TA.96-123-4-j24-1.8.H", "mode": "bus", "line_name": "34"}, {"line_id": "96-123-4-j24-1", "route_id": "6.TA.96-123-4-j24-1.5.H", "mode": "bus", "line_name": "34"}, {"line_id": "96-123-4-j24-1", "route_id": "17.TA.96-123-4-j24-1.7.H", "mode": "bus", "line_name": "34"}, {"line_id": "96-123-4-j24-1", "route_id": "14.TA.96-123-4-j24-1.6.H", "mode": "bus", "line_name": "34"}, {"line_id": "96-123-4-j24-1", "route_id": "22.TA.96-123-4-j24-1.8.H", "mode": "bus", "line_name": "34"}, {"line_id": "96-123-4-j24-1", "route_id": "7.TA.96-123-4-j24-1.5.H", "mode": "bus", "line_name": "34"}, {"line_id": "96-123-4-j24-1", "route_id": "51.TA.96-123-4-j24-1.15.R", "mode": "bus", "line_name": "34"}, {"line_id": "96-123-4-j24-1", "route_id": "44.TA.96-123-4-j24-1.14.R", "mode": "bus", "line_name": "34"}, {"line_id": "96-123-4-j24-1", "route_id": "38.TA.96-123-4-j24-1.13.R", "mode": "bus", "line_name": "34"}, {"line_id": "96-123-4-j24-1", "route_id": "53.TA.96-123-4-j24-1.16.R", "mode": "bus", "line_name": "34"}, {"line_id": "96-123-4-j24-1", "route_id": "46.TA.96-123-4-j24-1.15.R", "mode": "bus", "line_name": "34"}, {"line_id": "96-123-4-j24-1", "route_id": "58.TA.96-123-4-j24-1.17.R", "mode": "bus", "line_name": "34"}], "predominant_mode": "bus", "assigned_canton": "Jura", "modes_list": ["bus"]}, "geometry": {"type": "Point", "coordinates": [7.164064975728851, 47.32211599552969]}}, {"id": "10163", "type": "Feature", "properties": {"name": "Goumois, Belfond", "lon": 6.961216396181757, "lat": 47.25236391819543, "stop_id": ["8571936.link:298273", "8571936.link:298274"], "lines": [{"line_id": "96-123-2-j24-1", "route_id": "32.TA.96-123-2-j24-1.10.R", "mode": "bus", "line_name": "32"}, {"line_id": "96-123-2-j24-1", "route_id": "33.TA.96-123-2-j24-1.11.R", "mode": "bus", "line_name": "32"}, {"line_id": "96-123-2-j24-1", "route_id": "44.TA.96-123-2-j24-1.16.R", "mode": "bus", "line_name": "32"}, {"line_id": "96-123-2-j24-1", "route_id": "45.TA.96-123-2-j24-1.16.R", "mode": "bus", "line_name": "32"}, {"line_id": "96-123-2-j24-1", "route_id": "48.TA.96-123-2-j24-1.16.R", "mode": "bus", "line_name": "32"}, {"line_id": "96-123-2-j24-1", "route_id": "21.TA.96-123-2-j24-1.8.H", "mode": "bus", "line_name": "32"}, {"line_id": "96-123-2-j24-1", "route_id": "6.TA.96-123-2-j24-1.3.H", "mode": "bus", "line_name": "32"}, {"line_id": "96-123-2-j24-1", "route_id": "26.TA.96-123-2-j24-1.8.H", "mode": "bus", "line_name": "32"}], "predominant_mode": "bus", "assigned_canton": "Jura", "modes_list": ["bus"]}, "geometry": {"type": "Point", "coordinates": [6.9612164029806065, 47.25236392872698]}}, {"id": "10164", "type": "Feature", "properties": {"name": "Goumois, Tournant Theusseret", "lon": 6.950032366217231, "lat": 47.25385168837052, "stop_id": ["8571937.link:298249", "8571937.link:298250"], "lines": [{"line_id": "96-123-2-j24-1", "route_id": "32.TA.96-123-2-j24-1.10.R", "mode": "bus", "line_name": "32"}, {"line_id": "96-123-2-j24-1", "route_id": "33.TA.96-123-2-j24-1.11.R", "mode": "bus", "line_name": "32"}, {"line_id": "96-123-2-j24-1", "route_id": "44.TA.96-123-2-j24-1.16.R", "mode": "bus", "line_name": "32"}, {"line_id": "96-123-2-j24-1", "route_id": "45.TA.96-123-2-j24-1.16.R", "mode": "bus", "line_name": "32"}, {"line_id": "96-123-2-j24-1", "route_id": "48.TA.96-123-2-j24-1.16.R", "mode": "bus", "line_name": "32"}, {"line_id": "96-123-2-j24-1", "route_id": "21.TA.96-123-2-j24-1.8.H", "mode": "bus", "line_name": "32"}, {"line_id": "96-123-2-j24-1", "route_id": "6.TA.96-123-2-j24-1.3.H", "mode": "bus", "line_name": "32"}, {"line_id": "96-123-2-j24-1", "route_id": "26.TA.96-123-2-j24-1.8.H", "mode": "bus", "line_name": "32"}], "predominant_mode": "bus", "assigned_canton": "Jura", "modes_list": ["bus"]}, "geometry": {"type": "Point", "coordinates": [6.950032373003609, 47.25385169890515]}}, {"id": "10165", "type": "Feature", "properties": {"name": "Goumois, douane", "lon": 6.952233236469063, "lat": 47.261393538336314, "stop_id": ["8500759.link:1297959", "8500759.link:1495723", "8500759.link:1495724", "8500759.link:298284"], "lines": [{"line_id": "96-123-2-j24-1", "route_id": "32.TA.96-123-2-j24-1.10.R", "mode": "bus", "line_name": "32"}, {"line_id": "96-123-2-j24-1", "route_id": "44.TA.96-123-2-j24-1.16.R", "mode": "bus", "line_name": "32"}, {"line_id": "96-123-2-j24-1", "route_id": "45.TA.96-123-2-j24-1.16.R", "mode": "bus", "line_name": "32"}, {"line_id": "96-123-2-j24-1", "route_id": "33.TA.96-123-2-j24-1.11.R", "mode": "bus", "line_name": "32"}, {"line_id": "96-123-2-j24-1", "route_id": "48.TA.96-123-2-j24-1.16.R", "mode": "bus", "line_name": "32"}, {"line_id": "96-123-2-j24-1", "route_id": "21.TA.96-123-2-j24-1.8.H", "mode": "bus", "line_name": "32"}, {"line_id": "96-123-2-j24-1", "route_id": "6.TA.96-123-2-j24-1.3.H", "mode": "bus", "line_name": "32"}, {"line_id": "96-123-2-j24-1", "route_id": "26.TA.96-123-2-j24-1.8.H", "mode": "bus", "line_name": "32"}, {"line_id": "96-123-2-j24-1", "route_id": "28.TA.96-123-2-j24-1.9.R", "mode": "bus", "line_name": "32"}], "predominant_mode": "bus", "assigned_canton": "Jura", "modes_list": ["bus"]}, "geometry": {"type": "Point", "coordinates": [6.952233243256035, 47.2613935488731]}}, {"id": "10265", "type": "Feature", "properties": {"name": "Grandfontaine, bas du village", "lon": 6.93904598073662, "lat": 47.390730078543676, "stop_id": ["8572063.link:1415254"], "lines": [{"line_id": "96-127-8-j24-1", "route_id": "27.TA.96-127-8-j24-1.5.R", "mode": "bus", "line_name": "78"}, {"line_id": "96-127-3-j24-1", "route_id": "142.TA.96-127-3-j24-1.4.R", "mode": "bus", "line_name": "73"}, {"line_id": "96-127-3-j24-1", "route_id": "70.TA.96-127-3-j24-1.2.H", "mode": "bus", "line_name": "73"}, {"line_id": "96-127-3-j24-1", "route_id": "45.TA.96-127-3-j24-1.1.H", "mode": "bus", "line_name": "73"}, {"line_id": "96-127-8-j24-1", "route_id": "20.TA.96-127-8-j24-1.4.R", "mode": "bus", "line_name": "78"}, {"line_id": "96-127-8-j24-1", "route_id": "4.TA.96-127-8-j24-1.1.H", "mode": "bus", "line_name": "78"}, {"line_id": "96-127-3-j24-1", "route_id": "23.TA.96-127-3-j24-1.1.H", "mode": "bus", "line_name": "73"}, {"line_id": "96-127-8-j24-1", "route_id": "12.TA.96-127-8-j24-1.2.H", "mode": "bus", "line_name": "78"}, {"line_id": "96-127-8-j24-1", "route_id": "18.TA.96-127-8-j24-1.4.R", "mode": "bus", "line_name": "78"}, {"line_id": "96-127-8-j24-1", "route_id": "14.TA.96-127-8-j24-1.2.H", "mode": "bus", "line_name": "78"}], "predominant_mode": "bus", "assigned_canton": "Jura", "modes_list": ["bus"]}, "geometry": {"type": "Point", "coordinates": [6.939045987478326, 47.39073008912828]}}, {"id": "10266", "type": "Feature", "properties": {"name": "Grandfontaine, bif. Roche d'Or", "lon": 6.947184710400557, "lat": 47.38030526841637, "stop_id": ["8572064.link:560368", "8572064.link:560369"], "lines": [{"line_id": "96-127-8-j24-1", "route_id": "18.TA.96-127-8-j24-1.4.R", "mode": "bus", "line_name": "78"}, {"line_id": "96-127-8-j24-1", "route_id": "27.TA.96-127-8-j24-1.5.R", "mode": "bus", "line_name": "78"}, {"line_id": "96-127-8-j24-1", "route_id": "15.TA.96-127-8-j24-1.3.R", "mode": "bus", "line_name": "78"}, {"line_id": "96-127-8-j24-1", "route_id": "20.TA.96-127-8-j24-1.4.R", "mode": "bus", "line_name": "78"}, {"line_id": "96-127-8-j24-1", "route_id": "12.TA.96-127-8-j24-1.2.H", "mode": "bus", "line_name": "78"}, {"line_id": "96-127-8-j24-1", "route_id": "4.TA.96-127-8-j24-1.1.H", "mode": "bus", "line_name": "78"}, {"line_id": "96-127-8-j24-1", "route_id": "14.TA.96-127-8-j24-1.2.H", "mode": "bus", "line_name": "78"}, {"line_id": "96-127-3-j24-1", "route_id": "70.TA.96-127-3-j24-1.2.H", "mode": "bus", "line_name": "73"}], "predominant_mode": "bus", "assigned_canton": "Jura", "modes_list": ["bus"]}, "geometry": {"type": "Point", "coordinates": [6.947184717153565, 47.38030527899559]}}, {"id": "10267", "type": "Feature", "properties": {"name": "Grandfontaine, haut du village", "lon": 6.937222400817384, "lat": 47.39322953857219, "stop_id": ["8572062.link:918654"], "lines": [{"line_id": "96-127-3-j24-1", "route_id": "70.TA.96-127-3-j24-1.2.H", "mode": "bus", "line_name": "73"}, {"line_id": "96-127-3-j24-1", "route_id": "45.TA.96-127-3-j24-1.1.H", "mode": "bus", "line_name": "73"}, {"line_id": "96-127-8-j24-1", "route_id": "20.TA.96-127-8-j24-1.4.R", "mode": "bus", "line_name": "78"}, {"line_id": "96-127-3-j24-1", "route_id": "23.TA.96-127-3-j24-1.1.H", "mode": "bus", "line_name": "73"}, {"line_id": "96-127-8-j24-1", "route_id": "18.TA.96-127-8-j24-1.4.R", "mode": "bus", "line_name": "78"}, {"line_id": "96-127-8-j24-1", "route_id": "27.TA.96-127-8-j24-1.5.R", "mode": "bus", "line_name": "78"}], "predominant_mode": "bus", "assigned_canton": "Jura", "modes_list": ["bus"]}, "geometry": {"type": "Point", "coordinates": [6.937222407556516, 47.393229549158065]}}, {"id": "10268", "type": "Feature", "properties": {"name": "Grandfontaine, poste", "lon": 6.941246850782321, "lat": 47.39202542850917, "stop_id": ["8572061.link:1902615"], "lines": [{"line_id": "96-127-3-j24-1", "route_id": "70.TA.96-127-3-j24-1.2.H", "mode": "bus", "line_name": "73"}, {"line_id": "96-127-3-j24-1", "route_id": "45.TA.96-127-3-j24-1.1.H", "mode": "bus", "line_name": "73"}, {"line_id": "96-127-8-j24-1", "route_id": "20.TA.96-127-8-j24-1.4.R", "mode": "bus", "line_name": "78"}, {"line_id": "96-127-8-j24-1", "route_id": "15.TA.96-127-8-j24-1.3.R", "mode": "bus", "line_name": "78"}, {"line_id": "96-127-3-j24-1", "route_id": "23.TA.96-127-3-j24-1.1.H", "mode": "bus", "line_name": "73"}, {"line_id": "96-127-8-j24-1", "route_id": "18.TA.96-127-8-j24-1.4.R", "mode": "bus", "line_name": "78"}, {"line_id": "96-127-8-j24-1", "route_id": "27.TA.96-127-8-j24-1.5.R", "mode": "bus", "line_name": "78"}], "predominant_mode": "bus", "assigned_canton": "Jura", "modes_list": ["bus"]}, "geometry": {"type": "Point", "coordinates": [6.941246857526083, 47.39202543909365]}}, {"id": "10269", "type": "Feature", "properties": {"name": "Grandgourt, Pisciculture", "lon": 7.047508563528547, "lat": 47.470775376843875, "stop_id": ["8582074.link:1702643", "8582074.link:1702644"], "lines": [{"line_id": "96-127-9-j24-1", "route_id": "38.TA.96-127-9-j24-1.2.R", "mode": "bus", "line_name": "81"}, {"line_id": "96-128-7-j24-1", "route_id": "10.TA.96-128-7-j24-1.2.H", "mode": "bus", "line_name": "24"}, {"line_id": "96-127-9-j24-1", "route_id": "10.TA.96-127-9-j24-1.1.H", "mode": "bus", "line_name": "81"}], "predominant_mode": "bus", "assigned_canton": "Jura", "modes_list": ["bus"]}, "geometry": {"type": "Point", "coordinates": [7.047508570367037, 47.47077538742974]}}, {"id": "10296", "type": "Feature", "properties": {"name": "Grandvillars", "lon": 6.973568235718236, "lat": 47.539105087998315, "stop_id": ["8718443.link:pt_8718443"], "lines": [{"line_id": "91-C5-j24-1", "route_id": "141.TA.91-C5-j24-1.5.R", "mode": "rail", "line_name": "C5"}, {"line_id": "91-C5-j24-1", "route_id": "152.TA.91-C5-j24-1.5.R", "mode": "rail", "line_name": "C5"}, {"line_id": "91-C5-j24-1", "route_id": "179.TA.91-C5-j24-1.6.R", "mode": "rail", "line_name": "C5"}, {"line_id": "91-C5-j24-1", "route_id": "132.TA.91-C5-j24-1.5.R", "mode": "rail", "line_name": "C5"}, {"line_id": "91-C5-j24-1", "route_id": "166.TA.91-C5-j24-1.6.R", "mode": "rail", "line_name": "C5"}, {"line_id": "91-C5-j24-1", "route_id": "137.TA.91-C5-j24-1.5.R", "mode": "rail", "line_name": "C5"}, {"line_id": "91-C5-j24-1", "route_id": "56.TA.91-C5-j24-1.2.H", "mode": "rail", "line_name": "C5"}, {"line_id": "91-C5-j24-1", "route_id": "84.TA.91-C5-j24-1.3.H", "mode": "rail", "line_name": "C5"}, {"line_id": "91-C5-j24-1", "route_id": "88.TA.91-C5-j24-1.3.H", "mode": "rail", "line_name": "C5"}, {"line_id": "91-C5-j24-1", "route_id": "172.TA.91-C5-j24-1.6.R", "mode": "rail", "line_name": "C5"}, {"line_id": "91-C5-j24-1", "route_id": "82.TA.91-C5-j24-1.3.H", "mode": "rail", "line_name": "C5"}, {"line_id": "91-C5-j24-1", "route_id": "176.TA.91-C5-j24-1.6.R", "mode": "rail", "line_name": "C5"}, {"line_id": "91-C5-j24-1", "route_id": "62.TA.91-C5-j24-1.2.H", "mode": "rail", "line_name": "C5"}, {"line_id": "91-C5-j24-1", "route_id": "182.TA.91-C5-j24-1.6.R", "mode": "rail", "line_name": "C5"}, {"line_id": "91-C5-j24-1", "route_id": "79.TA.91-C5-j24-1.3.H", "mode": "rail", "line_name": "C5"}, {"line_id": "91-C5-j24-1", "route_id": "188.TA.91-C5-j24-1.6.R", "mode": "rail", "line_name": "C5"}, {"line_id": "91-C5-j24-1", "route_id": "73.TA.91-C5-j24-1.3.H", "mode": "rail", "line_name": "C5"}, {"line_id": "91-C5-j24-1", "route_id": "65.TA.91-C5-j24-1.2.H", "mode": "rail", "line_name": "C5"}, {"line_id": "91-C5-j24-1", "route_id": "191.TA.91-C5-j24-1.6.R", "mode": "rail", "line_name": "C5"}, {"line_id": "91-C5-j24-1", "route_id": "76.TA.91-C5-j24-1.3.H", "mode": "rail", "line_name": "C5"}], "predominant_mode": "rail", "assigned_canton": "Jura", "modes_list": ["rail"]}, "geometry": {"type": "Point", "coordinates": [6.973568242460585, 47.53910509862316]}}, {"id": "12632", "type": "Feature", "properties": {"name": "Joncherey", "lon": 7.001083635303767, "lat": 47.52569496756828, "stop_id": ["8770015.link:pt_8770015"], "lines": [{"line_id": "91-C5-j24-1", "route_id": "141.TA.91-C5-j24-1.5.R", "mode": "rail", "line_name": "C5"}, {"line_id": "91-C5-j24-1", "route_id": "152.TA.91-C5-j24-1.5.R", "mode": "rail", "line_name": "C5"}, {"line_id": "91-C5-j24-1", "route_id": "179.TA.91-C5-j24-1.6.R", "mode": "rail", "line_name": "C5"}, {"line_id": "91-C5-j24-1", "route_id": "132.TA.91-C5-j24-1.5.R", "mode": "rail", "line_name": "C5"}, {"line_id": "91-C5-j24-1", "route_id": "166.TA.91-C5-j24-1.6.R", "mode": "rail", "line_name": "C5"}, {"line_id": "91-C5-j24-1", "route_id": "137.TA.91-C5-j24-1.5.R", "mode": "rail", "line_name": "C5"}, {"line_id": "91-C5-j24-1", "route_id": "56.TA.91-C5-j24-1.2.H", "mode": "rail", "line_name": "C5"}, {"line_id": "91-C5-j24-1", "route_id": "84.TA.91-C5-j24-1.3.H", "mode": "rail", "line_name": "C5"}, {"line_id": "91-C5-j24-1", "route_id": "88.TA.91-C5-j24-1.3.H", "mode": "rail", "line_name": "C5"}, {"line_id": "91-C5-j24-1", "route_id": "172.TA.91-C5-j24-1.6.R", "mode": "rail", "line_name": "C5"}, {"line_id": "91-C5-j24-1", "route_id": "82.TA.91-C5-j24-1.3.H", "mode": "rail", "line_name": "C5"}, {"line_id": "91-C5-j24-1", "route_id": "176.TA.91-C5-j24-1.6.R", "mode": "rail", "line_name": "C5"}, {"line_id": "91-C5-j24-1", "route_id": "62.TA.91-C5-j24-1.2.H", "mode": "rail", "line_name": "C5"}, {"line_id": "91-C5-j24-1", "route_id": "182.TA.91-C5-j24-1.6.R", "mode": "rail", "line_name": "C5"}, {"line_id": "91-C5-j24-1", "route_id": "79.TA.91-C5-j24-1.3.H", "mode": "rail", "line_name": "C5"}, {"line_id": "91-C5-j24-1", "route_id": "188.TA.91-C5-j24-1.6.R", "mode": "rail", "line_name": "C5"}, {"line_id": "91-C5-j24-1", "route_id": "73.TA.91-C5-j24-1.3.H", "mode": "rail", "line_name": "C5"}, {"line_id": "91-C5-j24-1", "route_id": "65.TA.91-C5-j24-1.2.H", "mode": "rail", "line_name": "C5"}, {"line_id": "91-C5-j24-1", "route_id": "191.TA.91-C5-j24-1.6.R", "mode": "rail", "line_name": "C5"}, {"line_id": "91-C5-j24-1", "route_id": "76.TA.91-C5-j24-1.3.H", "mode": "rail", "line_name": "C5"}], "predominant_mode": "rail", "assigned_canton": "Jura", "modes_list": ["rail"]}, "geometry": {"type": "Point", "coordinates": [7.001083642078897, 47.525694978182536]}}, {"id": "13750", "type": "Feature", "properties": {"name": "La Chaux-des-Breuleux", "lon": 7.025418985207546, "lat": 47.220494897189425, "stop_id": ["8500172.link:689572", "8500172.link:689573"], "lines": [{"line_id": "91-37-D-j24-1", "route_id": "178.TA.91-37-D-j24-1.8.R", "mode": "rail", "line_name": "R37"}, {"line_id": "91-37-D-j24-1", "route_id": "190.TA.91-37-D-j24-1.9.R", "mode": "rail", "line_name": "R37"}, {"line_id": "91-37-D-j24-1", "route_id": "189.TA.91-37-D-j24-1.9.R", "mode": "rail", "line_name": "R37"}, {"line_id": "91-37-D-j24-1", "route_id": "188.TA.91-37-D-j24-1.9.R", "mode": "rail", "line_name": "R37"}, {"line_id": "91-37-D-j24-1", "route_id": "205.TA.91-37-D-j24-1.10.R", "mode": "rail", "line_name": "R37"}, {"line_id": "91-37-D-j24-1", "route_id": "187.TA.91-37-D-j24-1.9.R", "mode": "rail", "line_name": "R37"}, {"line_id": "91-37-D-j24-1", "route_id": "185.TA.91-37-D-j24-1.8.R", "mode": "rail", "line_name": "R37"}, {"line_id": "91-37-D-j24-1", "route_id": "204.TA.91-37-D-j24-1.10.R", "mode": "rail", "line_name": "R37"}, {"line_id": "91-37-D-j24-1", "route_id": "53.TA.91-37-D-j24-1.4.H", "mode": "rail", "line_name": "R37"}, {"line_id": "91-37-D-j24-1", "route_id": "91.TA.91-37-D-j24-1.4.H", "mode": "rail", "line_name": "R37"}, {"line_id": "91-37-D-j24-1", "route_id": "58.TA.91-37-D-j24-1.4.H", "mode": "rail", "line_name": "R37"}, {"line_id": "91-37-D-j24-1", "route_id": "46.TA.91-37-D-j24-1.4.H", "mode": "rail", "line_name": "R37"}, {"line_id": "91-37-D-j24-1", "route_id": "44.TA.91-37-D-j24-1.3.H", "mode": "rail", "line_name": "R37"}], "predominant_mode": "rail", "assigned_canton": "Jura", "modes_list": ["rail"]}, "geometry": {"type": "Point", "coordinates": [7.025418992083456, 47.22049490769478]}}, {"id": "13778", "type": "Feature", "properties": {"name": "La Combe", "lon": 7.099512037403691, "lat": 47.28432954603126, "stop_id": ["8500195.link:939799", "8500195.link:939800"], "lines": [{"line_id": "91-36-C-j24-1", "route_id": "62.TA.91-36-C-j24-1.7.H", "mode": "rail", "line_name": "R36"}, {"line_id": "91-36-C-j24-1", "route_id": "63.TA.91-36-C-j24-1.7.H", "mode": "rail", "line_name": "R36"}, {"line_id": "91-36-C-j24-1", "route_id": "25.TA.91-36-C-j24-1.4.H", "mode": "rail", "line_name": "R36"}, {"line_id": "91-36-C-j24-1", "route_id": "26.TA.91-36-C-j24-1.4.H", "mode": "rail", "line_name": "R36"}, {"line_id": "91-36-C-j24-1", "route_id": "59.TA.91-36-C-j24-1.7.H", "mode": "rail", "line_name": "R36"}, {"line_id": "91-36-C-j24-1", "route_id": "121.TA.91-36-C-j24-1.13.R", "mode": "rail", "line_name": "R36"}, {"line_id": "91-36-C-j24-1", "route_id": "110.TA.91-36-C-j24-1.13.R", "mode": "rail", "line_name": "R36"}, {"line_id": "91-36-C-j24-1", "route_id": "90.TA.91-36-C-j24-1.11.R", "mode": "rail", "line_name": "R36"}, {"line_id": "91-36-C-j24-1", "route_id": "107.TA.91-36-C-j24-1.13.R", "mode": "rail", "line_name": "R36"}, {"line_id": "91-36-C-j24-1", "route_id": "120.TA.91-36-C-j24-1.13.R", "mode": "rail", "line_name": "R36"}], "predominant_mode": "rail", "assigned_canton": "Jura", "modes_list": ["rail"]}, "geometry": {"type": "Point", "coordinates": [7.099512044343985, 47.28432955654208]}}, {"id": "13826", "type": "Feature", "properties": {"name": "La Large-Journ\u00e9e", "lon": 6.896555653098365, "lat": 47.161280549203475, "stop_id": ["8500180.link:1778887", "8500180.link:1778888"], "lines": [{"line_id": "91-36-C-j24-1", "route_id": "106.TA.91-36-C-j24-1.12.R", "mode": "rail", "line_name": "R36"}, {"line_id": "91-36-C-j24-1", "route_id": "99.TA.91-36-C-j24-1.12.R", "mode": "rail", "line_name": "R36"}, {"line_id": "91-36-C-j24-1", "route_id": "121.TA.91-36-C-j24-1.13.R", "mode": "rail", "line_name": "R36"}, {"line_id": "91-36-C-j24-1", "route_id": "98.TA.91-36-C-j24-1.12.R", "mode": "rail", "line_name": "R36"}, {"line_id": "91-36-C-j24-1", "route_id": "110.TA.91-36-C-j24-1.13.R", "mode": "rail", "line_name": "R36"}, {"line_id": "91-36-C-j24-1", "route_id": "96.TA.91-36-C-j24-1.12.R", "mode": "rail", "line_name": "R36"}, {"line_id": "91-36-C-j24-1", "route_id": "100.TA.91-36-C-j24-1.12.R", "mode": "rail", "line_name": "R36"}, {"line_id": "91-36-C-j24-1", "route_id": "107.TA.91-36-C-j24-1.13.R", "mode": "rail", "line_name": "R36"}, {"line_id": "91-36-C-j24-1", "route_id": "120.TA.91-36-C-j24-1.13.R", "mode": "rail", "line_name": "R36"}, {"line_id": "91-36-C-j24-1", "route_id": "94.TA.91-36-C-j24-1.12.R", "mode": "rail", "line_name": "R36"}, {"line_id": "91-36-C-j24-1", "route_id": "85.TA.91-36-C-j24-1.10.R", "mode": "rail", "line_name": "R36"}, {"line_id": "91-36-C-j24-1", "route_id": "62.TA.91-36-C-j24-1.7.H", "mode": "rail", "line_name": "R36"}, {"line_id": "91-36-C-j24-1", "route_id": "63.TA.91-36-C-j24-1.7.H", "mode": "rail", "line_name": "R36"}, {"line_id": "91-36-C-j24-1", "route_id": "39.TA.91-36-C-j24-1.6.H", "mode": "rail", "line_name": "R36"}, {"line_id": "91-36-C-j24-1", "route_id": "29.TA.91-36-C-j24-1.5.H", "mode": "rail", "line_name": "R36"}, {"line_id": "91-36-C-j24-1", "route_id": "42.TA.91-36-C-j24-1.6.H", "mode": "rail", "line_name": "R36"}, {"line_id": "91-36-C-j24-1", "route_id": "46.TA.91-36-C-j24-1.6.H", "mode": "rail", "line_name": "R36"}, {"line_id": "91-36-C-j24-1", "route_id": "59.TA.91-36-C-j24-1.7.H", "mode": "rail", "line_name": "R36"}, {"line_id": "91-36-C-j24-1", "route_id": "32.TA.91-36-C-j24-1.6.H", "mode": "rail", "line_name": "R36"}], "predominant_mode": "rail", "assigned_canton": "Jura", "modes_list": ["rail"]}, "geometry": {"type": "Point", "coordinates": [6.896555659848274, 47.16128055971654]}}, {"id": "13838", "type": "Feature", "properties": {"name": "La Motte", "lon": 7.054713049497393, "lat": 47.34917063673328, "stop_id": ["8572040.link:1017491", "8572040.link:1017492"], "lines": [{"line_id": "96-126-1-j24-1", "route_id": "80.TA.96-126-1-j24-1.4.H", "mode": "bus", "line_name": "61"}, {"line_id": "96-126-1-j24-1", "route_id": "168.TA.96-126-1-j24-1.9.R", "mode": "bus", "line_name": "61"}, {"line_id": "96-126-1-j24-1", "route_id": "162.TA.96-126-1-j24-1.8.R", "mode": "bus", "line_name": "61"}], "predominant_mode": "bus", "assigned_canton": "Jura", "modes_list": ["bus"]}, "geometry": {"type": "Point", "coordinates": [7.054713056373707, 47.34917064727702]}}, {"id": "14043", "type": "Feature", "properties": {"name": "Lajoux JU, Cras-des-Mottes", "lon": 7.140699787778276, "lat": 47.29420669538649, "stop_id": ["8500881.link:1274603", "8500881.link:1274604"], "lines": [{"line_id": "96-128-3-j24-1", "route_id": "13.TA.96-128-3-j24-1.4.R", "mode": "bus", "line_name": "N23"}, {"line_id": "96-123-3-j24-1", "route_id": "20.TA.96-123-3-j24-1.6.R", "mode": "bus", "line_name": "33"}, {"line_id": "96-123-3-j24-1", "route_id": "24.TA.96-123-3-j24-1.7.R", "mode": "bus", "line_name": "33"}, {"line_id": "96-123-3-j24-1", "route_id": "21.TA.96-123-3-j24-1.7.R", "mode": "bus", "line_name": "33"}, {"line_id": "96-123-3-j24-1", "route_id": "25.TA.96-123-3-j24-1.7.R", "mode": "bus", "line_name": "33"}, {"line_id": "96-123-3-j24-1", "route_id": "29.TA.96-123-3-j24-1.7.R", "mode": "bus", "line_name": "33"}, {"line_id": "96-123-3-j24-1", "route_id": "16.TA.96-123-3-j24-1.5.R", "mode": "bus", "line_name": "33"}, {"line_id": "96-123-3-j24-1", "route_id": "10.TA.96-123-3-j24-1.4.H", "mode": "bus", "line_name": "33"}, {"line_id": "96-123-3-j24-1", "route_id": "5.TA.96-123-3-j24-1.8.H", "mode": "bus", "line_name": "33"}, {"line_id": "96-123-3-j24-1", "route_id": "13.TA.96-123-3-j24-1.4.H", "mode": "bus", "line_name": "33"}, {"line_id": "96-123-3-j24-1", "route_id": "6.TA.96-123-3-j24-1.4.H", "mode": "bus", "line_name": "33"}, {"line_id": "96-123-3-j24-1", "route_id": "9.TA.96-123-3-j24-1.4.H", "mode": "bus", "line_name": "33"}, {"line_id": "96-123-3-j24-1", "route_id": "11.TA.96-123-3-j24-1.4.H", "mode": "bus", "line_name": "33"}, {"line_id": "96-123-3-j24-1", "route_id": "4.TA.96-123-3-j24-1.3.H", "mode": "bus", "line_name": "33"}, {"line_id": "96-123-3-j24-1", "route_id": "1.TA.96-123-3-j24-1.2.H", "mode": "bus", "line_name": "33"}, {"line_id": "96-128-3-j24-1", "route_id": "6.TA.96-128-3-j24-1.2.H", "mode": "bus", "line_name": "N23"}], "predominant_mode": "bus", "assigned_canton": "Jura", "modes_list": ["bus"]}, "geometry": {"type": "Point", "coordinates": [7.1406997947603035, 47.29420670589109]}}, {"id": "14044", "type": "Feature", "properties": {"name": "Lajoux JU, La Loge", "lon": 7.107893316712862, "lat": 47.26313100589957, "stop_id": ["8576777.link:1058060", "8576777.link:1058061"], "lines": [{"line_id": "96-128-3-j24-1", "route_id": "13.TA.96-128-3-j24-1.4.R", "mode": "bus", "line_name": "N23"}, {"line_id": "96-124-1-j24-1", "route_id": "19.TA.96-124-1-j24-1.8.H", "mode": "bus", "line_name": "41"}, {"line_id": "96-123-3-j24-1", "route_id": "20.TA.96-123-3-j24-1.6.R", "mode": "bus", "line_name": "33"}, {"line_id": "96-123-3-j24-1", "route_id": "24.TA.96-123-3-j24-1.7.R", "mode": "bus", "line_name": "33"}, {"line_id": "96-123-3-j24-1", "route_id": "21.TA.96-123-3-j24-1.7.R", "mode": "bus", "line_name": "33"}, {"line_id": "96-124-1-j24-1", "route_id": "16.TA.96-124-1-j24-1.7.H", "mode": "bus", "line_name": "41"}, {"line_id": "96-123-3-j24-1", "route_id": "25.TA.96-123-3-j24-1.7.R", "mode": "bus", "line_name": "33"}, {"line_id": "96-123-3-j24-1", "route_id": "29.TA.96-123-3-j24-1.7.R", "mode": "bus", "line_name": "33"}, {"line_id": "96-124-1-j24-1", "route_id": "14.TA.96-124-1-j24-1.6.H", "mode": "bus", "line_name": "41"}, {"line_id": "96-123-3-j24-1", "route_id": "16.TA.96-123-3-j24-1.5.R", "mode": "bus", "line_name": "33"}, {"line_id": "96-124-1-j24-1", "route_id": "20.TA.96-124-1-j24-1.8.H", "mode": "bus", "line_name": "41"}, {"line_id": "96-124-1-j24-1", "route_id": "36.TA.96-124-1-j24-1.16.R", "mode": "bus", "line_name": "41"}, {"line_id": "96-124-1-j24-1", "route_id": "32.TA.96-124-1-j24-1.15.R", "mode": "bus", "line_name": "41"}, {"line_id": "96-124-1-j24-1", "route_id": "31.TA.96-124-1-j24-1.14.R", "mode": "bus", "line_name": "41"}, {"line_id": "96-123-3-j24-1", "route_id": "10.TA.96-123-3-j24-1.4.H", "mode": "bus", "line_name": "33"}, {"line_id": "96-123-3-j24-1", "route_id": "5.TA.96-123-3-j24-1.8.H", "mode": "bus", "line_name": "33"}, {"line_id": "96-123-3-j24-1", "route_id": "13.TA.96-123-3-j24-1.4.H", "mode": "bus", "line_name": "33"}, {"line_id": "96-123-3-j24-1", "route_id": "6.TA.96-123-3-j24-1.4.H", "mode": "bus", "line_name": "33"}, {"line_id": "96-123-3-j24-1", "route_id": "9.TA.96-123-3-j24-1.4.H", "mode": "bus", "line_name": "33"}, {"line_id": "96-123-3-j24-1", "route_id": "11.TA.96-123-3-j24-1.4.H", "mode": "bus", "line_name": "33"}, {"line_id": "96-123-3-j24-1", "route_id": "4.TA.96-123-3-j24-1.3.H", "mode": "bus", "line_name": "33"}, {"line_id": "96-123-3-j24-1", "route_id": "1.TA.96-123-3-j24-1.2.H", "mode": "bus", "line_name": "33"}, {"line_id": "96-124-1-j24-1", "route_id": "35.TA.96-124-1-j24-1.16.R", "mode": "bus", "line_name": "41"}, {"line_id": "96-128-3-j24-1", "route_id": "6.TA.96-128-3-j24-1.2.H", "mode": "bus", "line_name": "N23"}], "predominant_mode": "bus", "assigned_canton": "Jura", "modes_list": ["bus"]}, "geometry": {"type": "Point", "coordinates": [7.107893323667333, 47.26313101640092]}}, {"id": "14045", "type": "Feature", "properties": {"name": "Lajoux JU, Le Bois des Joux", "lon": 7.109528246822951, "lat": 47.26640458587406, "stop_id": ["8594639.link:1058056", "8594639.link:1058057"], "lines": [{"line_id": "96-128-3-j24-1", "route_id": "13.TA.96-128-3-j24-1.4.R", "mode": "bus", "line_name": "N23"}, {"line_id": "96-124-1-j24-1", "route_id": "19.TA.96-124-1-j24-1.8.H", "mode": "bus", "line_name": "41"}, {"line_id": "96-123-3-j24-1", "route_id": "20.TA.96-123-3-j24-1.6.R", "mode": "bus", "line_name": "33"}, {"line_id": "96-123-3-j24-1", "route_id": "24.TA.96-123-3-j24-1.7.R", "mode": "bus", "line_name": "33"}, {"line_id": "96-123-3-j24-1", "route_id": "21.TA.96-123-3-j24-1.7.R", "mode": "bus", "line_name": "33"}, {"line_id": "96-124-1-j24-1", "route_id": "16.TA.96-124-1-j24-1.7.H", "mode": "bus", "line_name": "41"}, {"line_id": "96-123-3-j24-1", "route_id": "25.TA.96-123-3-j24-1.7.R", "mode": "bus", "line_name": "33"}, {"line_id": "96-123-3-j24-1", "route_id": "29.TA.96-123-3-j24-1.7.R", "mode": "bus", "line_name": "33"}, {"line_id": "96-124-1-j24-1", "route_id": "14.TA.96-124-1-j24-1.6.H", "mode": "bus", "line_name": "41"}, {"line_id": "96-123-3-j24-1", "route_id": "16.TA.96-123-3-j24-1.5.R", "mode": "bus", "line_name": "33"}, {"line_id": "96-124-1-j24-1", "route_id": "20.TA.96-124-1-j24-1.8.H", "mode": "bus", "line_name": "41"}, {"line_id": "96-124-1-j24-1", "route_id": "32.TA.96-124-1-j24-1.15.R", "mode": "bus", "line_name": "41"}, {"line_id": "96-123-3-j24-1", "route_id": "10.TA.96-123-3-j24-1.4.H", "mode": "bus", "line_name": "33"}, {"line_id": "96-123-3-j24-1", "route_id": "5.TA.96-123-3-j24-1.8.H", "mode": "bus", "line_name": "33"}, {"line_id": "96-123-3-j24-1", "route_id": "13.TA.96-123-3-j24-1.4.H", "mode": "bus", "line_name": "33"}, {"line_id": "96-123-3-j24-1", "route_id": "6.TA.96-123-3-j24-1.4.H", "mode": "bus", "line_name": "33"}, {"line_id": "96-123-3-j24-1", "route_id": "9.TA.96-123-3-j24-1.4.H", "mode": "bus", "line_name": "33"}, {"line_id": "96-123-3-j24-1", "route_id": "11.TA.96-123-3-j24-1.4.H", "mode": "bus", "line_name": "33"}, {"line_id": "96-123-3-j24-1", "route_id": "4.TA.96-123-3-j24-1.3.H", "mode": "bus", "line_name": "33"}, {"line_id": "96-123-3-j24-1", "route_id": "1.TA.96-123-3-j24-1.2.H", "mode": "bus", "line_name": "33"}, {"line_id": "96-128-3-j24-1", "route_id": "6.TA.96-128-3-j24-1.2.H", "mode": "bus", "line_name": "N23"}], "predominant_mode": "bus", "assigned_canton": "Jura", "modes_list": ["bus"]}, "geometry": {"type": "Point", "coordinates": [7.10952825377838, 47.26640459637627]}}, {"id": "14046", "type": "Feature", "properties": {"name": "Lajoux JU, Le Paigre", "lon": 7.1188797070578556, "lat": 47.27318277572781, "stop_id": ["8576778.link:1882933", "8576778.link:1882934"], "lines": [{"line_id": "96-128-3-j24-1", "route_id": "13.TA.96-128-3-j24-1.4.R", "mode": "bus", "line_name": "N23"}, {"line_id": "96-124-1-j24-1", "route_id": "19.TA.96-124-1-j24-1.8.H", "mode": "bus", "line_name": "41"}, {"line_id": "96-123-3-j24-1", "route_id": "20.TA.96-123-3-j24-1.6.R", "mode": "bus", "line_name": "33"}, {"line_id": "96-123-3-j24-1", "route_id": "24.TA.96-123-3-j24-1.7.R", "mode": "bus", "line_name": "33"}, {"line_id": "96-123-3-j24-1", "route_id": "21.TA.96-123-3-j24-1.7.R", "mode": "bus", "line_name": "33"}, {"line_id": "96-124-1-j24-1", "route_id": "16.TA.96-124-1-j24-1.7.H", "mode": "bus", "line_name": "41"}, {"line_id": "96-123-3-j24-1", "route_id": "25.TA.96-123-3-j24-1.7.R", "mode": "bus", "line_name": "33"}, {"line_id": "96-123-3-j24-1", "route_id": "29.TA.96-123-3-j24-1.7.R", "mode": "bus", "line_name": "33"}, {"line_id": "96-124-1-j24-1", "route_id": "14.TA.96-124-1-j24-1.6.H", "mode": "bus", "line_name": "41"}, {"line_id": "96-123-3-j24-1", "route_id": "16.TA.96-123-3-j24-1.5.R", "mode": "bus", "line_name": "33"}, {"line_id": "96-124-1-j24-1", "route_id": "20.TA.96-124-1-j24-1.8.H", "mode": "bus", "line_name": "41"}, {"line_id": "96-124-1-j24-1", "route_id": "36.TA.96-124-1-j24-1.16.R", "mode": "bus", "line_name": "41"}, {"line_id": "96-124-1-j24-1", "route_id": "32.TA.96-124-1-j24-1.15.R", "mode": "bus", "line_name": "41"}, {"line_id": "96-124-1-j24-1", "route_id": "31.TA.96-124-1-j24-1.14.R", "mode": "bus", "line_name": "41"}, {"line_id": "96-123-3-j24-1", "route_id": "10.TA.96-123-3-j24-1.4.H", "mode": "bus", "line_name": "33"}, {"line_id": "96-123-3-j24-1", "route_id": "5.TA.96-123-3-j24-1.8.H", "mode": "bus", "line_name": "33"}, {"line_id": "96-123-3-j24-1", "route_id": "13.TA.96-123-3-j24-1.4.H", "mode": "bus", "line_name": "33"}, {"line_id": "96-123-3-j24-1", "route_id": "6.TA.96-123-3-j24-1.4.H", "mode": "bus", "line_name": "33"}, {"line_id": "96-123-3-j24-1", "route_id": "9.TA.96-123-3-j24-1.4.H", "mode": "bus", "line_name": "33"}, {"line_id": "96-123-3-j24-1", "route_id": "11.TA.96-123-3-j24-1.4.H", "mode": "bus", "line_name": "33"}, {"line_id": "96-123-3-j24-1", "route_id": "4.TA.96-123-3-j24-1.3.H", "mode": "bus", "line_name": "33"}, {"line_id": "96-123-3-j24-1", "route_id": "1.TA.96-123-3-j24-1.2.H", "mode": "bus", "line_name": "33"}, {"line_id": "96-124-1-j24-1", "route_id": "35.TA.96-124-1-j24-1.16.R", "mode": "bus", "line_name": "41"}, {"line_id": "96-128-3-j24-1", "route_id": "6.TA.96-128-3-j24-1.2.H", "mode": "bus", "line_name": "N23"}], "predominant_mode": "bus", "assigned_canton": "Jura", "modes_list": ["bus"]}, "geometry": {"type": "Point", "coordinates": [7.118879714021665, 47.273182786230194]}}, {"id": "14047", "type": "Feature", "properties": {"name": "Lajoux JU, Les Vacheries", "lon": 7.113687446978888, "lat": 47.270976305809015, "stop_id": ["8500883.link:1882941", "8500883.link:1882942"], "lines": [{"line_id": "96-128-3-j24-1", "route_id": "13.TA.96-128-3-j24-1.4.R", "mode": "bus", "line_name": "N23"}, {"line_id": "96-124-1-j24-1", "route_id": "19.TA.96-124-1-j24-1.8.H", "mode": "bus", "line_name": "41"}, {"line_id": "96-123-3-j24-1", "route_id": "20.TA.96-123-3-j24-1.6.R", "mode": "bus", "line_name": "33"}, {"line_id": "96-123-3-j24-1", "route_id": "24.TA.96-123-3-j24-1.7.R", "mode": "bus", "line_name": "33"}, {"line_id": "96-123-3-j24-1", "route_id": "21.TA.96-123-3-j24-1.7.R", "mode": "bus", "line_name": "33"}, {"line_id": "96-124-1-j24-1", "route_id": "16.TA.96-124-1-j24-1.7.H", "mode": "bus", "line_name": "41"}, {"line_id": "96-123-3-j24-1", "route_id": "25.TA.96-123-3-j24-1.7.R", "mode": "bus", "line_name": "33"}, {"line_id": "96-123-3-j24-1", "route_id": "29.TA.96-123-3-j24-1.7.R", "mode": "bus", "line_name": "33"}, {"line_id": "96-124-1-j24-1", "route_id": "14.TA.96-124-1-j24-1.6.H", "mode": "bus", "line_name": "41"}, {"line_id": "96-123-3-j24-1", "route_id": "16.TA.96-123-3-j24-1.5.R", "mode": "bus", "line_name": "33"}, {"line_id": "96-124-1-j24-1", "route_id": "20.TA.96-124-1-j24-1.8.H", "mode": "bus", "line_name": "41"}, {"line_id": "96-124-1-j24-1", "route_id": "36.TA.96-124-1-j24-1.16.R", "mode": "bus", "line_name": "41"}, {"line_id": "96-124-1-j24-1", "route_id": "32.TA.96-124-1-j24-1.15.R", "mode": "bus", "line_name": "41"}, {"line_id": "96-124-1-j24-1", "route_id": "31.TA.96-124-1-j24-1.14.R", "mode": "bus", "line_name": "41"}, {"line_id": "96-123-3-j24-1", "route_id": "10.TA.96-123-3-j24-1.4.H", "mode": "bus", "line_name": "33"}, {"line_id": "96-123-3-j24-1", "route_id": "5.TA.96-123-3-j24-1.8.H", "mode": "bus", "line_name": "33"}, {"line_id": "96-123-3-j24-1", "route_id": "13.TA.96-123-3-j24-1.4.H", "mode": "bus", "line_name": "33"}, {"line_id": "96-123-3-j24-1", "route_id": "6.TA.96-123-3-j24-1.4.H", "mode": "bus", "line_name": "33"}, {"line_id": "96-123-3-j24-1", "route_id": "9.TA.96-123-3-j24-1.4.H", "mode": "bus", "line_name": "33"}, {"line_id": "96-123-3-j24-1", "route_id": "11.TA.96-123-3-j24-1.4.H", "mode": "bus", "line_name": "33"}, {"line_id": "96-123-3-j24-1", "route_id": "4.TA.96-123-3-j24-1.3.H", "mode": "bus", "line_name": "33"}, {"line_id": "96-123-3-j24-1", "route_id": "1.TA.96-123-3-j24-1.2.H", "mode": "bus", "line_name": "33"}, {"line_id": "96-124-1-j24-1", "route_id": "35.TA.96-124-1-j24-1.16.R", "mode": "bus", "line_name": "41"}, {"line_id": "96-128-3-j24-1", "route_id": "6.TA.96-128-3-j24-1.2.H", "mode": "bus", "line_name": "N23"}], "predominant_mode": "bus", "assigned_canton": "Jura", "modes_list": ["bus"]}, "geometry": {"type": "Point", "coordinates": [7.113687453937663, 47.27097631631179]}}, {"id": "14048", "type": "Feature", "properties": {"name": "Lajoux JU, laiterie", "lon": 7.133091057201491, "lat": 47.27702864550531, "stop_id": ["8500882.link:110509", "8500882.link:110510"], "lines": [{"line_id": "96-128-3-j24-1", "route_id": "13.TA.96-128-3-j24-1.4.R", "mode": "bus", "line_name": "N23"}, {"line_id": "96-124-1-j24-1", "route_id": "19.TA.96-124-1-j24-1.8.H", "mode": "bus", "line_name": "41"}, {"line_id": "96-123-3-j24-1", "route_id": "20.TA.96-123-3-j24-1.6.R", "mode": "bus", "line_name": "33"}, {"line_id": "96-123-3-j24-1", "route_id": "24.TA.96-123-3-j24-1.7.R", "mode": "bus", "line_name": "33"}, {"line_id": "96-123-3-j24-1", "route_id": "21.TA.96-123-3-j24-1.7.R", "mode": "bus", "line_name": "33"}, {"line_id": "96-124-1-j24-1", "route_id": "16.TA.96-124-1-j24-1.7.H", "mode": "bus", "line_name": "41"}, {"line_id": "96-123-3-j24-1", "route_id": "25.TA.96-123-3-j24-1.7.R", "mode": "bus", "line_name": "33"}, {"line_id": "96-123-3-j24-1", "route_id": "29.TA.96-123-3-j24-1.7.R", "mode": "bus", "line_name": "33"}, {"line_id": "96-124-1-j24-1", "route_id": "14.TA.96-124-1-j24-1.6.H", "mode": "bus", "line_name": "41"}, {"line_id": "96-123-3-j24-1", "route_id": "16.TA.96-123-3-j24-1.5.R", "mode": "bus", "line_name": "33"}, {"line_id": "96-124-1-j24-1", "route_id": "20.TA.96-124-1-j24-1.8.H", "mode": "bus", "line_name": "41"}, {"line_id": "96-124-1-j24-1", "route_id": "36.TA.96-124-1-j24-1.16.R", "mode": "bus", "line_name": "41"}, {"line_id": "96-124-1-j24-1", "route_id": "32.TA.96-124-1-j24-1.15.R", "mode": "bus", "line_name": "41"}, {"line_id": "96-124-1-j24-1", "route_id": "31.TA.96-124-1-j24-1.14.R", "mode": "bus", "line_name": "41"}, {"line_id": "96-123-3-j24-1", "route_id": "10.TA.96-123-3-j24-1.4.H", "mode": "bus", "line_name": "33"}, {"line_id": "96-123-3-j24-1", "route_id": "5.TA.96-123-3-j24-1.8.H", "mode": "bus", "line_name": "33"}, {"line_id": "96-123-3-j24-1", "route_id": "13.TA.96-123-3-j24-1.4.H", "mode": "bus", "line_name": "33"}, {"line_id": "96-123-3-j24-1", "route_id": "6.TA.96-123-3-j24-1.4.H", "mode": "bus", "line_name": "33"}, {"line_id": "96-123-3-j24-1", "route_id": "9.TA.96-123-3-j24-1.4.H", "mode": "bus", "line_name": "33"}, {"line_id": "96-123-3-j24-1", "route_id": "11.TA.96-123-3-j24-1.4.H", "mode": "bus", "line_name": "33"}, {"line_id": "96-123-3-j24-1", "route_id": "4.TA.96-123-3-j24-1.3.H", "mode": "bus", "line_name": "33"}, {"line_id": "96-123-3-j24-1", "route_id": "1.TA.96-123-3-j24-1.2.H", "mode": "bus", "line_name": "33"}, {"line_id": "96-124-1-j24-1", "route_id": "35.TA.96-124-1-j24-1.16.R", "mode": "bus", "line_name": "41"}, {"line_id": "96-128-3-j24-1", "route_id": "6.TA.96-128-3-j24-1.2.H", "mode": "bus", "line_name": "N23"}], "predominant_mode": "bus", "assigned_canton": "Jura", "modes_list": ["bus"]}, "geometry": {"type": "Point", "coordinates": [7.133091064179598, 47.27702865600566]}}, {"id": "14049", "type": "Feature", "properties": {"name": "Lajoux JU, poste", "lon": 7.137654497264806, "lat": 47.278783875433916, "stop_id": ["8500861.link:876587", "8500861.link:876588"], "lines": [{"line_id": "96-128-3-j24-1", "route_id": "13.TA.96-128-3-j24-1.4.R", "mode": "bus", "line_name": "N23"}, {"line_id": "96-124-1-j24-1", "route_id": "19.TA.96-124-1-j24-1.8.H", "mode": "bus", "line_name": "41"}, {"line_id": "96-123-3-j24-1", "route_id": "20.TA.96-123-3-j24-1.6.R", "mode": "bus", "line_name": "33"}, {"line_id": "96-123-3-j24-1", "route_id": "24.TA.96-123-3-j24-1.7.R", "mode": "bus", "line_name": "33"}, {"line_id": "96-123-3-j24-1", "route_id": "21.TA.96-123-3-j24-1.7.R", "mode": "bus", "line_name": "33"}, {"line_id": "96-124-1-j24-1", "route_id": "16.TA.96-124-1-j24-1.7.H", "mode": "bus", "line_name": "41"}, {"line_id": "96-123-3-j24-1", "route_id": "25.TA.96-123-3-j24-1.7.R", "mode": "bus", "line_name": "33"}, {"line_id": "96-123-3-j24-1", "route_id": "29.TA.96-123-3-j24-1.7.R", "mode": "bus", "line_name": "33"}, {"line_id": "96-124-1-j24-1", "route_id": "14.TA.96-124-1-j24-1.6.H", "mode": "bus", "line_name": "41"}, {"line_id": "96-123-3-j24-1", "route_id": "16.TA.96-123-3-j24-1.5.R", "mode": "bus", "line_name": "33"}, {"line_id": "96-124-1-j24-1", "route_id": "20.TA.96-124-1-j24-1.8.H", "mode": "bus", "line_name": "41"}, {"line_id": "96-124-1-j24-1", "route_id": "36.TA.96-124-1-j24-1.16.R", "mode": "bus", "line_name": "41"}, {"line_id": "96-124-1-j24-1", "route_id": "32.TA.96-124-1-j24-1.15.R", "mode": "bus", "line_name": "41"}, {"line_id": "96-124-1-j24-1", "route_id": "31.TA.96-124-1-j24-1.14.R", "mode": "bus", "line_name": "41"}, {"line_id": "96-123-3-j24-1", "route_id": "10.TA.96-123-3-j24-1.4.H", "mode": "bus", "line_name": "33"}, {"line_id": "96-123-3-j24-1", "route_id": "5.TA.96-123-3-j24-1.8.H", "mode": "bus", "line_name": "33"}, {"line_id": "96-123-3-j24-1", "route_id": "13.TA.96-123-3-j24-1.4.H", "mode": "bus", "line_name": "33"}, {"line_id": "96-123-3-j24-1", "route_id": "6.TA.96-123-3-j24-1.4.H", "mode": "bus", "line_name": "33"}, {"line_id": "96-123-3-j24-1", "route_id": "9.TA.96-123-3-j24-1.4.H", "mode": "bus", "line_name": "33"}, {"line_id": "96-123-3-j24-1", "route_id": "11.TA.96-123-3-j24-1.4.H", "mode": "bus", "line_name": "33"}, {"line_id": "96-123-3-j24-1", "route_id": "4.TA.96-123-3-j24-1.3.H", "mode": "bus", "line_name": "33"}, {"line_id": "96-123-3-j24-1", "route_id": "1.TA.96-123-3-j24-1.2.H", "mode": "bus", "line_name": "33"}, {"line_id": "96-124-1-j24-1", "route_id": "35.TA.96-124-1-j24-1.16.R", "mode": "bus", "line_name": "41"}, {"line_id": "96-128-3-j24-1", "route_id": "6.TA.96-128-3-j24-1.2.H", "mode": "bus", "line_name": "N23"}], "predominant_mode": "bus", "assigned_canton": "Jura", "modes_list": ["bus"]}, "geometry": {"type": "Point", "coordinates": [7.137654504247371, 47.27878388593382]}}, {"id": "14050", "type": "Feature", "properties": {"name": "Lajoux JU, \u00e9cole", "lon": 7.142316757281086, "lat": 47.27911297536092, "stop_id": ["8571949.link:1816265", "8571949.link:1816266"], "lines": [{"line_id": "96-124-1-j24-1", "route_id": "36.TA.96-124-1-j24-1.16.R", "mode": "bus", "line_name": "41"}, {"line_id": "96-124-1-j24-1", "route_id": "35.TA.96-124-1-j24-1.16.R", "mode": "bus", "line_name": "41"}, {"line_id": "96-124-1-j24-1", "route_id": "32.TA.96-124-1-j24-1.15.R", "mode": "bus", "line_name": "41"}, {"line_id": "96-124-1-j24-1", "route_id": "31.TA.96-124-1-j24-1.14.R", "mode": "bus", "line_name": "41"}, {"line_id": "96-124-1-j24-1", "route_id": "16.TA.96-124-1-j24-1.7.H", "mode": "bus", "line_name": "41"}, {"line_id": "96-124-1-j24-1", "route_id": "14.TA.96-124-1-j24-1.6.H", "mode": "bus", "line_name": "41"}, {"line_id": "96-124-1-j24-1", "route_id": "19.TA.96-124-1-j24-1.8.H", "mode": "bus", "line_name": "41"}, {"line_id": "96-124-1-j24-1", "route_id": "20.TA.96-124-1-j24-1.8.H", "mode": "bus", "line_name": "41"}], "predominant_mode": "bus", "assigned_canton": "Jura", "modes_list": ["bus"]}, "geometry": {"type": "Point", "coordinates": [7.142316764268567, 47.279112985859875]}}, {"id": "14601", "type": "Feature", "properties": {"name": "Le Bo\u00e9chet", "lon": 6.9221127242160785, "lat": 47.19424728880524, "stop_id": ["8500176.link:1840467", "8500176.link:1840468"], "lines": [{"line_id": "91-36-C-j24-1", "route_id": "106.TA.91-36-C-j24-1.12.R", "mode": "rail", "line_name": "R36"}, {"line_id": "91-36-C-j24-1", "route_id": "99.TA.91-36-C-j24-1.12.R", "mode": "rail", "line_name": "R36"}, {"line_id": "91-36-C-j24-1", "route_id": "121.TA.91-36-C-j24-1.13.R", "mode": "rail", "line_name": "R36"}, {"line_id": "91-36-C-j24-1", "route_id": "98.TA.91-36-C-j24-1.12.R", "mode": "rail", "line_name": "R36"}, {"line_id": "91-36-C-j24-1", "route_id": "110.TA.91-36-C-j24-1.13.R", "mode": "rail", "line_name": "R36"}, {"line_id": "91-36-C-j24-1", "route_id": "81.TA.91-36-C-j24-1.9.R", "mode": "rail", "line_name": "R36"}, {"line_id": "91-36-C-j24-1", "route_id": "96.TA.91-36-C-j24-1.12.R", "mode": "rail", "line_name": "R36"}, {"line_id": "91-36-C-j24-1", "route_id": "100.TA.91-36-C-j24-1.12.R", "mode": "rail", "line_name": "R36"}, {"line_id": "91-36-C-j24-1", "route_id": "107.TA.91-36-C-j24-1.13.R", "mode": "rail", "line_name": "R36"}, {"line_id": "91-36-C-j24-1", "route_id": "120.TA.91-36-C-j24-1.13.R", "mode": "rail", "line_name": "R36"}, {"line_id": "91-36-C-j24-1", "route_id": "94.TA.91-36-C-j24-1.12.R", "mode": "rail", "line_name": "R36"}, {"line_id": "91-36-C-j24-1", "route_id": "85.TA.91-36-C-j24-1.10.R", "mode": "rail", "line_name": "R36"}, {"line_id": "91-36-C-j24-1", "route_id": "62.TA.91-36-C-j24-1.7.H", "mode": "rail", "line_name": "R36"}, {"line_id": "91-36-C-j24-1", "route_id": "63.TA.91-36-C-j24-1.7.H", "mode": "rail", "line_name": "R36"}, {"line_id": "91-36-C-j24-1", "route_id": "39.TA.91-36-C-j24-1.6.H", "mode": "rail", "line_name": "R36"}, {"line_id": "91-36-C-j24-1", "route_id": "12.TA.91-36-C-j24-1.2.H", "mode": "rail", "line_name": "R36"}, {"line_id": "91-36-C-j24-1", "route_id": "29.TA.91-36-C-j24-1.5.H", "mode": "rail", "line_name": "R36"}, {"line_id": "91-36-C-j24-1", "route_id": "42.TA.91-36-C-j24-1.6.H", "mode": "rail", "line_name": "R36"}, {"line_id": "91-36-C-j24-1", "route_id": "46.TA.91-36-C-j24-1.6.H", "mode": "rail", "line_name": "R36"}, {"line_id": "91-36-C-j24-1", "route_id": "59.TA.91-36-C-j24-1.7.H", "mode": "rail", "line_name": "R36"}, {"line_id": "91-36-C-j24-1", "route_id": "32.TA.91-36-C-j24-1.6.H", "mode": "rail", "line_name": "R36"}], "predominant_mode": "rail", "assigned_canton": "Jura", "modes_list": ["rail"]}, "geometry": {"type": "Point", "coordinates": [6.922112730986169, 47.194247299324665]}}, {"id": "14602", "type": "Feature", "properties": {"name": "Le Bo\u00e9chet, gare", "lon": 6.9216456042259695, "lat": 47.194564708812564, "stop_id": ["8511296.link:171521", "8511296.link:171522"], "lines": [{"line_id": "96-128-2-j24-1", "route_id": "2.TA.96-128-2-j24-1.5.H", "mode": "bus", "line_name": "N22"}, {"line_id": "96-128-2-j24-1", "route_id": "4.TA.96-128-2-j24-1.5.H", "mode": "bus", "line_name": "N22"}, {"line_id": "96-128-2-j24-1", "route_id": "10.TA.96-128-2-j24-1.6.R", "mode": "bus", "line_name": "N22"}], "predominant_mode": "bus", "assigned_canton": "Jura", "modes_list": ["bus"]}, "geometry": {"type": "Point", "coordinates": [6.921645610995475, 47.19456471933224]}}, {"id": "14624", "type": "Feature", "properties": {"name": "Le B\u00e9mont JU", "lon": 7.0140822466047785, "lat": 47.26322854736824, "stop_id": ["8500192.link:61598", "8500192.link:61599"], "lines": [{"line_id": "91-36-C-j24-1", "route_id": "62.TA.91-36-C-j24-1.7.H", "mode": "rail", "line_name": "R36"}, {"line_id": "91-36-C-j24-1", "route_id": "63.TA.91-36-C-j24-1.7.H", "mode": "rail", "line_name": "R36"}, {"line_id": "91-36-C-j24-1", "route_id": "25.TA.91-36-C-j24-1.4.H", "mode": "rail", "line_name": "R36"}, {"line_id": "91-36-C-j24-1", "route_id": "26.TA.91-36-C-j24-1.4.H", "mode": "rail", "line_name": "R36"}, {"line_id": "91-36-C-j24-1", "route_id": "59.TA.91-36-C-j24-1.7.H", "mode": "rail", "line_name": "R36"}, {"line_id": "91-36-C-j24-1", "route_id": "121.TA.91-36-C-j24-1.13.R", "mode": "rail", "line_name": "R36"}, {"line_id": "91-36-C-j24-1", "route_id": "110.TA.91-36-C-j24-1.13.R", "mode": "rail", "line_name": "R36"}, {"line_id": "91-36-C-j24-1", "route_id": "90.TA.91-36-C-j24-1.11.R", "mode": "rail", "line_name": "R36"}, {"line_id": "91-36-C-j24-1", "route_id": "107.TA.91-36-C-j24-1.13.R", "mode": "rail", "line_name": "R36"}, {"line_id": "91-36-C-j24-1", "route_id": "120.TA.91-36-C-j24-1.13.R", "mode": "rail", "line_name": "R36"}], "predominant_mode": "rail", "assigned_canton": "Jura", "modes_list": ["rail"]}, "geometry": {"type": "Point", "coordinates": [7.0140822534582075, 47.26322855789149]}}, {"id": "14625", "type": "Feature", "properties": {"name": "Le B\u00e9mont JU, Grand-Creux", "lon": 7.0305214168829515, "lat": 47.2710494471111, "stop_id": ["8500874.link:1269968", "8500874.link:1269969"], "lines": [{"line_id": "96-123-4-j24-1", "route_id": "28.TA.96-123-4-j24-1.9.H", "mode": "bus", "line_name": "34"}, {"line_id": "96-123-4-j24-1", "route_id": "16.TA.96-123-4-j24-1.7.H", "mode": "bus", "line_name": "34"}, {"line_id": "96-123-4-j24-1", "route_id": "12.TA.96-123-4-j24-1.5.H", "mode": "bus", "line_name": "34"}, {"line_id": "96-123-4-j24-1", "route_id": "26.TA.96-123-4-j24-1.8.H", "mode": "bus", "line_name": "34"}, {"line_id": "96-123-4-j24-1", "route_id": "6.TA.96-123-4-j24-1.5.H", "mode": "bus", "line_name": "34"}, {"line_id": "96-123-4-j24-1", "route_id": "17.TA.96-123-4-j24-1.7.H", "mode": "bus", "line_name": "34"}, {"line_id": "96-123-4-j24-1", "route_id": "14.TA.96-123-4-j24-1.6.H", "mode": "bus", "line_name": "34"}, {"line_id": "96-123-4-j24-1", "route_id": "22.TA.96-123-4-j24-1.8.H", "mode": "bus", "line_name": "34"}, {"line_id": "96-123-4-j24-1", "route_id": "5.TA.96-123-4-j24-1.4.H", "mode": "bus", "line_name": "34"}, {"line_id": "96-123-4-j24-1", "route_id": "7.TA.96-123-4-j24-1.5.H", "mode": "bus", "line_name": "34"}, {"line_id": "96-123-4-j24-1", "route_id": "51.TA.96-123-4-j24-1.15.R", "mode": "bus", "line_name": "34"}, {"line_id": "96-123-4-j24-1", "route_id": "44.TA.96-123-4-j24-1.14.R", "mode": "bus", "line_name": "34"}, {"line_id": "96-123-4-j24-1", "route_id": "38.TA.96-123-4-j24-1.13.R", "mode": "bus", "line_name": "34"}, {"line_id": "96-123-4-j24-1", "route_id": "53.TA.96-123-4-j24-1.16.R", "mode": "bus", "line_name": "34"}, {"line_id": "96-123-4-j24-1", "route_id": "46.TA.96-123-4-j24-1.15.R", "mode": "bus", "line_name": "34"}, {"line_id": "96-123-4-j24-1", "route_id": "58.TA.96-123-4-j24-1.17.R", "mode": "bus", "line_name": "34"}, {"line_id": "96-123-4-j24-1", "route_id": "35.TA.96-123-4-j24-1.12.R", "mode": "bus", "line_name": "34"}], "predominant_mode": "bus", "assigned_canton": "Jura", "modes_list": ["bus"]}, "geometry": {"type": "Point", "coordinates": [7.03052142375224, 47.27104945763333]}}, {"id": "14626", "type": "Feature", "properties": {"name": "Le B\u00e9mont JU, village", "lon": 7.0134803766318425, "lat": 47.26406981737766, "stop_id": ["8576782.link:1693100", "8576782.link:1693101"], "lines": [{"line_id": "96-123-4-j24-1", "route_id": "28.TA.96-123-4-j24-1.9.H", "mode": "bus", "line_name": "34"}, {"line_id": "96-123-4-j24-1", "route_id": "16.TA.96-123-4-j24-1.7.H", "mode": "bus", "line_name": "34"}, {"line_id": "96-123-4-j24-1", "route_id": "12.TA.96-123-4-j24-1.5.H", "mode": "bus", "line_name": "34"}, {"line_id": "96-123-4-j24-1", "route_id": "26.TA.96-123-4-j24-1.8.H", "mode": "bus", "line_name": "34"}, {"line_id": "96-123-4-j24-1", "route_id": "6.TA.96-123-4-j24-1.5.H", "mode": "bus", "line_name": "34"}, {"line_id": "96-123-4-j24-1", "route_id": "17.TA.96-123-4-j24-1.7.H", "mode": "bus", "line_name": "34"}, {"line_id": "96-123-4-j24-1", "route_id": "14.TA.96-123-4-j24-1.6.H", "mode": "bus", "line_name": "34"}, {"line_id": "96-123-4-j24-1", "route_id": "22.TA.96-123-4-j24-1.8.H", "mode": "bus", "line_name": "34"}, {"line_id": "96-123-4-j24-1", "route_id": "5.TA.96-123-4-j24-1.4.H", "mode": "bus", "line_name": "34"}, {"line_id": "96-123-4-j24-1", "route_id": "7.TA.96-123-4-j24-1.5.H", "mode": "bus", "line_name": "34"}, {"line_id": "96-123-4-j24-1", "route_id": "51.TA.96-123-4-j24-1.15.R", "mode": "bus", "line_name": "34"}, {"line_id": "96-123-4-j24-1", "route_id": "44.TA.96-123-4-j24-1.14.R", "mode": "bus", "line_name": "34"}, {"line_id": "96-123-4-j24-1", "route_id": "38.TA.96-123-4-j24-1.13.R", "mode": "bus", "line_name": "34"}, {"line_id": "96-123-4-j24-1", "route_id": "53.TA.96-123-4-j24-1.16.R", "mode": "bus", "line_name": "34"}, {"line_id": "96-123-4-j24-1", "route_id": "46.TA.96-123-4-j24-1.15.R", "mode": "bus", "line_name": "34"}, {"line_id": "96-123-4-j24-1", "route_id": "58.TA.96-123-4-j24-1.17.R", "mode": "bus", "line_name": "34"}, {"line_id": "96-123-4-j24-1", "route_id": "35.TA.96-123-4-j24-1.12.R", "mode": "bus", "line_name": "34"}], "predominant_mode": "bus", "assigned_canton": "Jura", "modes_list": ["bus"]}, "geometry": {"type": "Point", "coordinates": [7.013480383484418, 47.26406982790135]}}, {"id": "14667", "type": "Feature", "properties": {"name": "Le Ch\u00e9sal", "lon": 7.1201912482160035, "lat": 47.30815709570781, "stop_id": ["8500869.link:1186118", "8500869.link:1186119", "8500869.link:1693030", "8500869.link:1693031"], "lines": [{"line_id": "96-123-4-j24-1", "route_id": "35.TA.96-123-4-j24-1.12.R", "mode": "bus", "line_name": "34"}, {"line_id": "96-123-4-j24-1", "route_id": "5.TA.96-123-4-j24-1.4.H", "mode": "bus", "line_name": "34"}, {"line_id": "96-123-4-j24-1", "route_id": "28.TA.96-123-4-j24-1.9.H", "mode": "bus", "line_name": "34"}, {"line_id": "96-123-4-j24-1", "route_id": "16.TA.96-123-4-j24-1.7.H", "mode": "bus", "line_name": "34"}, {"line_id": "96-123-4-j24-1", "route_id": "12.TA.96-123-4-j24-1.5.H", "mode": "bus", "line_name": "34"}, {"line_id": "96-123-4-j24-1", "route_id": "26.TA.96-123-4-j24-1.8.H", "mode": "bus", "line_name": "34"}, {"line_id": "96-123-4-j24-1", "route_id": "6.TA.96-123-4-j24-1.5.H", "mode": "bus", "line_name": "34"}, {"line_id": "96-123-4-j24-1", "route_id": "17.TA.96-123-4-j24-1.7.H", "mode": "bus", "line_name": "34"}, {"line_id": "96-123-4-j24-1", "route_id": "14.TA.96-123-4-j24-1.6.H", "mode": "bus", "line_name": "34"}, {"line_id": "96-123-4-j24-1", "route_id": "22.TA.96-123-4-j24-1.8.H", "mode": "bus", "line_name": "34"}, {"line_id": "96-123-4-j24-1", "route_id": "7.TA.96-123-4-j24-1.5.H", "mode": "bus", "line_name": "34"}, {"line_id": "96-123-4-j24-1", "route_id": "51.TA.96-123-4-j24-1.15.R", "mode": "bus", "line_name": "34"}, {"line_id": "96-123-4-j24-1", "route_id": "44.TA.96-123-4-j24-1.14.R", "mode": "bus", "line_name": "34"}, {"line_id": "96-123-4-j24-1", "route_id": "38.TA.96-123-4-j24-1.13.R", "mode": "bus", "line_name": "34"}, {"line_id": "96-123-4-j24-1", "route_id": "53.TA.96-123-4-j24-1.16.R", "mode": "bus", "line_name": "34"}, {"line_id": "96-123-4-j24-1", "route_id": "46.TA.96-123-4-j24-1.15.R", "mode": "bus", "line_name": "34"}, {"line_id": "96-123-4-j24-1", "route_id": "58.TA.96-123-4-j24-1.17.R", "mode": "bus", "line_name": "34"}], "predominant_mode": "bus", "assigned_canton": "Jura", "modes_list": ["bus"]}, "geometry": {"type": "Point", "coordinates": [7.120191255172624, 47.30815710622209]}}, {"id": "14672", "type": "Feature", "properties": {"name": "Le Creux-des-Biches", "lon": 6.9406629345428215, "lat": 47.20346380851534, "stop_id": ["8500175.link:1840445", "8500175.link:1840446"], "lines": [{"line_id": "91-36-C-j24-1", "route_id": "106.TA.91-36-C-j24-1.12.R", "mode": "rail", "line_name": "R36"}, {"line_id": "91-36-C-j24-1", "route_id": "99.TA.91-36-C-j24-1.12.R", "mode": "rail", "line_name": "R36"}, {"line_id": "91-36-C-j24-1", "route_id": "121.TA.91-36-C-j24-1.13.R", "mode": "rail", "line_name": "R36"}, {"line_id": "91-36-C-j24-1", "route_id": "98.TA.91-36-C-j24-1.12.R", "mode": "rail", "line_name": "R36"}, {"line_id": "91-36-C-j24-1", "route_id": "110.TA.91-36-C-j24-1.13.R", "mode": "rail", "line_name": "R36"}, {"line_id": "91-36-C-j24-1", "route_id": "81.TA.91-36-C-j24-1.9.R", "mode": "rail", "line_name": "R36"}, {"line_id": "91-36-C-j24-1", "route_id": "96.TA.91-36-C-j24-1.12.R", "mode": "rail", "line_name": "R36"}, {"line_id": "91-36-C-j24-1", "route_id": "100.TA.91-36-C-j24-1.12.R", "mode": "rail", "line_name": "R36"}, {"line_id": "91-36-C-j24-1", "route_id": "107.TA.91-36-C-j24-1.13.R", "mode": "rail", "line_name": "R36"}, {"line_id": "91-36-C-j24-1", "route_id": "120.TA.91-36-C-j24-1.13.R", "mode": "rail", "line_name": "R36"}, {"line_id": "91-36-C-j24-1", "route_id": "94.TA.91-36-C-j24-1.12.R", "mode": "rail", "line_name": "R36"}, {"line_id": "91-36-C-j24-1", "route_id": "85.TA.91-36-C-j24-1.10.R", "mode": "rail", "line_name": "R36"}, {"line_id": "91-36-C-j24-1", "route_id": "62.TA.91-36-C-j24-1.7.H", "mode": "rail", "line_name": "R36"}, {"line_id": "91-36-C-j24-1", "route_id": "63.TA.91-36-C-j24-1.7.H", "mode": "rail", "line_name": "R36"}, {"line_id": "91-36-C-j24-1", "route_id": "39.TA.91-36-C-j24-1.6.H", "mode": "rail", "line_name": "R36"}, {"line_id": "91-36-C-j24-1", "route_id": "12.TA.91-36-C-j24-1.2.H", "mode": "rail", "line_name": "R36"}, {"line_id": "91-36-C-j24-1", "route_id": "29.TA.91-36-C-j24-1.5.H", "mode": "rail", "line_name": "R36"}, {"line_id": "91-36-C-j24-1", "route_id": "42.TA.91-36-C-j24-1.6.H", "mode": "rail", "line_name": "R36"}, {"line_id": "91-36-C-j24-1", "route_id": "46.TA.91-36-C-j24-1.6.H", "mode": "rail", "line_name": "R36"}, {"line_id": "91-36-C-j24-1", "route_id": "59.TA.91-36-C-j24-1.7.H", "mode": "rail", "line_name": "R36"}, {"line_id": "91-36-C-j24-1", "route_id": "32.TA.91-36-C-j24-1.6.H", "mode": "rail", "line_name": "R36"}], "predominant_mode": "rail", "assigned_canton": "Jura", "modes_list": ["rail"]}, "geometry": {"type": "Point", "coordinates": [6.940662941330922, 47.20346381903393]}}, {"id": "14783", "type": "Feature", "properties": {"name": "Le Noirmont", "lon": 6.956473285215122, "lat": 47.2232586582687, "stop_id": ["8500174.link:514895", "8500174.link:514896"], "lines": [{"line_id": "91-36-C-j24-1", "route_id": "70.TA.91-36-C-j24-1.8.R", "mode": "rail", "line_name": "R36"}, {"line_id": "91-36-C-j24-1", "route_id": "121.TA.91-36-C-j24-1.13.R", "mode": "rail", "line_name": "R36"}, {"line_id": "91-37-D-j24-1", "route_id": "189.TA.91-37-D-j24-1.9.R", "mode": "rail", "line_name": "R37"}, {"line_id": "91-36-C-j24-1", "route_id": "90.TA.91-36-C-j24-1.11.R", "mode": "rail", "line_name": "R36"}, {"line_id": "91-37-D-j24-1", "route_id": "205.TA.91-37-D-j24-1.10.R", "mode": "rail", "line_name": "R37"}, {"line_id": "91-37-D-j24-1", "route_id": "187.TA.91-37-D-j24-1.9.R", "mode": "rail", "line_name": "R37"}, {"line_id": "91-37-D-j24-1", "route_id": "136.TA.91-37-D-j24-1.6.R", "mode": "rail", "line_name": "R37"}, {"line_id": "91-36-C-j24-1", "route_id": "120.TA.91-36-C-j24-1.13.R", "mode": "rail", "line_name": "R36"}, {"line_id": "91-37-D-j24-1", "route_id": "190.TA.91-37-D-j24-1.9.R", "mode": "rail", "line_name": "R37"}, {"line_id": "91-36-C-j24-1", "route_id": "110.TA.91-36-C-j24-1.13.R", "mode": "rail", "line_name": "R36"}, {"line_id": "91-37-D-j24-1", "route_id": "188.TA.91-37-D-j24-1.9.R", "mode": "rail", "line_name": "R37"}, {"line_id": "91-36-C-j24-1", "route_id": "81.TA.91-36-C-j24-1.9.R", "mode": "rail", "line_name": "R36"}, {"line_id": "91-36-C-j24-1", "route_id": "96.TA.91-36-C-j24-1.12.R", "mode": "rail", "line_name": "R36"}, {"line_id": "91-36-C-j24-1", "route_id": "107.TA.91-36-C-j24-1.13.R", "mode": "rail", "line_name": "R36"}, {"line_id": "91-36-C-j24-1", "route_id": "99.TA.91-36-C-j24-1.12.R", "mode": "rail", "line_name": "R36"}, {"line_id": "91-37-D-j24-1", "route_id": "204.TA.91-37-D-j24-1.10.R", "mode": "rail", "line_name": "R37"}, {"line_id": "91-37-D-j24-1", "route_id": "185.TA.91-37-D-j24-1.8.R", "mode": "rail", "line_name": "R37"}, {"line_id": "91-36-C-j24-1", "route_id": "85.TA.91-36-C-j24-1.10.R", "mode": "rail", "line_name": "R36"}, {"line_id": "91-37-D-j24-1", "route_id": "178.TA.91-37-D-j24-1.8.R", "mode": "rail", "line_name": "R37"}, {"line_id": "91-36-C-j24-1", "route_id": "106.TA.91-36-C-j24-1.12.R", "mode": "rail", "line_name": "R36"}, {"line_id": "91-36-C-j24-1", "route_id": "100.TA.91-36-C-j24-1.12.R", "mode": "rail", "line_name": "R36"}, {"line_id": "91-36-C-j24-1", "route_id": "98.TA.91-36-C-j24-1.12.R", "mode": "rail", "line_name": "R36"}, {"line_id": "91-36-C-j24-1", "route_id": "94.TA.91-36-C-j24-1.12.R", "mode": "rail", "line_name": "R36"}, {"line_id": "91-37-D-j24-1", "route_id": "46.TA.91-37-D-j24-1.4.H", "mode": "rail", "line_name": "R37"}, {"line_id": "91-36-C-j24-1", "route_id": "62.TA.91-36-C-j24-1.7.H", "mode": "rail", "line_name": "R36"}, {"line_id": "91-36-C-j24-1", "route_id": "63.TA.91-36-C-j24-1.7.H", "mode": "rail", "line_name": "R36"}, {"line_id": "91-36-C-j24-1", "route_id": "39.TA.91-36-C-j24-1.6.H", "mode": "rail", "line_name": "R36"}, {"line_id": "91-37-D-j24-1", "route_id": "91.TA.91-37-D-j24-1.4.H", "mode": "rail", "line_name": "R37"}, {"line_id": "91-37-D-j24-1", "route_id": "2.TA.91-37-D-j24-1.1.H", "mode": "rail", "line_name": "R37"}, {"line_id": "91-36-C-j24-1", "route_id": "12.TA.91-36-C-j24-1.2.H", "mode": "rail", "line_name": "R36"}, {"line_id": "91-36-C-j24-1", "route_id": "25.TA.91-36-C-j24-1.4.H", "mode": "rail", "line_name": "R36"}, {"line_id": "91-36-C-j24-1", "route_id": "29.TA.91-36-C-j24-1.5.H", "mode": "rail", "line_name": "R36"}, {"line_id": "91-36-C-j24-1", "route_id": "42.TA.91-36-C-j24-1.6.H", "mode": "rail", "line_name": "R36"}, {"line_id": "91-36-C-j24-1", "route_id": "26.TA.91-36-C-j24-1.4.H", "mode": "rail", "line_name": "R36"}, {"line_id": "91-36-C-j24-1", "route_id": "46.TA.91-36-C-j24-1.6.H", "mode": "rail", "line_name": "R36"}, {"line_id": "91-37-D-j24-1", "route_id": "53.TA.91-37-D-j24-1.4.H", "mode": "rail", "line_name": "R37"}, {"line_id": "91-36-C-j24-1", "route_id": "6.TA.91-36-C-j24-1.1.H", "mode": "rail", "line_name": "R36"}, {"line_id": "91-37-D-j24-1", "route_id": "58.TA.91-37-D-j24-1.4.H", "mode": "rail", "line_name": "R37"}, {"line_id": "91-36-C-j24-1", "route_id": "59.TA.91-36-C-j24-1.7.H", "mode": "rail", "line_name": "R36"}, {"line_id": "91-37-D-j24-1", "route_id": "44.TA.91-37-D-j24-1.3.H", "mode": "rail", "line_name": "R37"}, {"line_id": "91-36-C-j24-1", "route_id": "32.TA.91-36-C-j24-1.6.H", "mode": "rail", "line_name": "R36"}], "predominant_mode": "rail", "assigned_canton": "Jura", "modes_list": ["rail"]}, "geometry": {"type": "Point", "coordinates": [6.956473292015726, 47.223258668790876]}}, {"id": "14784", "type": "Feature", "properties": {"name": "Le Noirmont, gare", "lon": 6.956437355216483, "lat": 47.22330136826925, "stop_id": ["8591843.link:1641151", "8591843.link:1641152"], "lines": [{"line_id": "92-A03-K-j24-1", "route_id": "2.TA.92-A03-K-j24-1.1.H", "mode": "bus", "line_name": "EV1"}, {"line_id": "96-128-2-j24-1", "route_id": "10.TA.96-128-2-j24-1.6.R", "mode": "bus", "line_name": "N22"}, {"line_id": "92-A03-O-j24-1", "route_id": "2.TA.92-A03-O-j24-1.1.H", "mode": "bus", "line_name": "EV2"}, {"line_id": "96-123-4-j24-1", "route_id": "28.TA.96-123-4-j24-1.9.H", "mode": "bus", "line_name": "34"}, {"line_id": "92-A03-O-j24-1", "route_id": "3.TA.92-A03-O-j24-1.2.R", "mode": "bus", "line_name": "EV2"}, {"line_id": "96-128-2-j24-1", "route_id": "2.TA.96-128-2-j24-1.5.H", "mode": "bus", "line_name": "N22"}, {"line_id": "96-123-4-j24-1", "route_id": "58.TA.96-123-4-j24-1.17.R", "mode": "bus", "line_name": "34"}, {"line_id": "96-128-2-j24-1", "route_id": "4.TA.96-128-2-j24-1.5.H", "mode": "bus", "line_name": "N22"}], "predominant_mode": "bus", "assigned_canton": "Jura", "modes_list": ["bus"]}, "geometry": {"type": "Point", "coordinates": [6.956437362017031, 47.22330137879145]}}, {"id": "14796", "type": "Feature", "properties": {"name": "Le Pr\u00e9dame", "lon": 7.107174656517456, "lat": 47.257241685910664, "stop_id": ["8500884.link:868995", "8500884.link:868996"], "lines": [{"line_id": "96-128-3-j24-1", "route_id": "13.TA.96-128-3-j24-1.4.R", "mode": "bus", "line_name": "N23"}, {"line_id": "96-124-1-j24-1", "route_id": "19.TA.96-124-1-j24-1.8.H", "mode": "bus", "line_name": "41"}, {"line_id": "96-123-3-j24-1", "route_id": "20.TA.96-123-3-j24-1.6.R", "mode": "bus", "line_name": "33"}, {"line_id": "96-123-3-j24-1", "route_id": "24.TA.96-123-3-j24-1.7.R", "mode": "bus", "line_name": "33"}, {"line_id": "96-123-3-j24-1", "route_id": "21.TA.96-123-3-j24-1.7.R", "mode": "bus", "line_name": "33"}, {"line_id": "96-124-1-j24-1", "route_id": "16.TA.96-124-1-j24-1.7.H", "mode": "bus", "line_name": "41"}, {"line_id": "96-123-3-j24-1", "route_id": "25.TA.96-123-3-j24-1.7.R", "mode": "bus", "line_name": "33"}, {"line_id": "96-123-3-j24-1", "route_id": "29.TA.96-123-3-j24-1.7.R", "mode": "bus", "line_name": "33"}, {"line_id": "96-124-1-j24-1", "route_id": "14.TA.96-124-1-j24-1.6.H", "mode": "bus", "line_name": "41"}, {"line_id": "96-123-3-j24-1", "route_id": "16.TA.96-123-3-j24-1.5.R", "mode": "bus", "line_name": "33"}, {"line_id": "96-124-1-j24-1", "route_id": "20.TA.96-124-1-j24-1.8.H", "mode": "bus", "line_name": "41"}, {"line_id": "96-124-1-j24-1", "route_id": "36.TA.96-124-1-j24-1.16.R", "mode": "bus", "line_name": "41"}, {"line_id": "96-124-1-j24-1", "route_id": "32.TA.96-124-1-j24-1.15.R", "mode": "bus", "line_name": "41"}, {"line_id": "96-124-1-j24-1", "route_id": "31.TA.96-124-1-j24-1.14.R", "mode": "bus", "line_name": "41"}, {"line_id": "96-123-3-j24-1", "route_id": "10.TA.96-123-3-j24-1.4.H", "mode": "bus", "line_name": "33"}, {"line_id": "96-123-3-j24-1", "route_id": "5.TA.96-123-3-j24-1.8.H", "mode": "bus", "line_name": "33"}, {"line_id": "96-123-3-j24-1", "route_id": "13.TA.96-123-3-j24-1.4.H", "mode": "bus", "line_name": "33"}, {"line_id": "96-123-3-j24-1", "route_id": "6.TA.96-123-3-j24-1.4.H", "mode": "bus", "line_name": "33"}, {"line_id": "96-123-3-j24-1", "route_id": "9.TA.96-123-3-j24-1.4.H", "mode": "bus", "line_name": "33"}, {"line_id": "96-123-3-j24-1", "route_id": "11.TA.96-123-3-j24-1.4.H", "mode": "bus", "line_name": "33"}, {"line_id": "96-123-3-j24-1", "route_id": "4.TA.96-123-3-j24-1.3.H", "mode": "bus", "line_name": "33"}, {"line_id": "96-123-3-j24-1", "route_id": "1.TA.96-123-3-j24-1.2.H", "mode": "bus", "line_name": "33"}, {"line_id": "96-124-1-j24-1", "route_id": "35.TA.96-124-1-j24-1.16.R", "mode": "bus", "line_name": "41"}, {"line_id": "96-128-3-j24-1", "route_id": "6.TA.96-128-3-j24-1.2.H", "mode": "bus", "line_name": "N23"}], "predominant_mode": "bus", "assigned_canton": "Jura", "modes_list": ["bus"]}, "geometry": {"type": "Point", "coordinates": [7.107174663472594, 47.25724169641015]}}, {"id": "15054", "type": "Feature", "properties": {"name": "Les Bois", "lon": 6.906185593624808, "lat": 47.176902459053636, "stop_id": ["8500177.link:260679", "8500177.link:260680", "8500177.link:708712", "8500177.link:708713"], "lines": [{"line_id": "91-36-C-j24-1", "route_id": "62.TA.91-36-C-j24-1.7.H", "mode": "rail", "line_name": "R36"}, {"line_id": "91-36-C-j24-1", "route_id": "63.TA.91-36-C-j24-1.7.H", "mode": "rail", "line_name": "R36"}, {"line_id": "91-36-C-j24-1", "route_id": "39.TA.91-36-C-j24-1.6.H", "mode": "rail", "line_name": "R36"}, {"line_id": "91-36-C-j24-1", "route_id": "29.TA.91-36-C-j24-1.5.H", "mode": "rail", "line_name": "R36"}, {"line_id": "91-36-C-j24-1", "route_id": "42.TA.91-36-C-j24-1.6.H", "mode": "rail", "line_name": "R36"}, {"line_id": "91-36-C-j24-1", "route_id": "46.TA.91-36-C-j24-1.6.H", "mode": "rail", "line_name": "R36"}, {"line_id": "91-36-C-j24-1", "route_id": "59.TA.91-36-C-j24-1.7.H", "mode": "rail", "line_name": "R36"}, {"line_id": "91-36-C-j24-1", "route_id": "32.TA.91-36-C-j24-1.6.H", "mode": "rail", "line_name": "R36"}, {"line_id": "91-36-C-j24-1", "route_id": "106.TA.91-36-C-j24-1.12.R", "mode": "rail", "line_name": "R36"}, {"line_id": "91-36-C-j24-1", "route_id": "99.TA.91-36-C-j24-1.12.R", "mode": "rail", "line_name": "R36"}, {"line_id": "91-36-C-j24-1", "route_id": "121.TA.91-36-C-j24-1.13.R", "mode": "rail", "line_name": "R36"}, {"line_id": "91-36-C-j24-1", "route_id": "98.TA.91-36-C-j24-1.12.R", "mode": "rail", "line_name": "R36"}, {"line_id": "91-36-C-j24-1", "route_id": "110.TA.91-36-C-j24-1.13.R", "mode": "rail", "line_name": "R36"}, {"line_id": "91-36-C-j24-1", "route_id": "96.TA.91-36-C-j24-1.12.R", "mode": "rail", "line_name": "R36"}, {"line_id": "91-36-C-j24-1", "route_id": "100.TA.91-36-C-j24-1.12.R", "mode": "rail", "line_name": "R36"}, {"line_id": "91-36-C-j24-1", "route_id": "107.TA.91-36-C-j24-1.13.R", "mode": "rail", "line_name": "R36"}, {"line_id": "91-36-C-j24-1", "route_id": "120.TA.91-36-C-j24-1.13.R", "mode": "rail", "line_name": "R36"}, {"line_id": "91-36-C-j24-1", "route_id": "94.TA.91-36-C-j24-1.12.R", "mode": "rail", "line_name": "R36"}, {"line_id": "91-36-C-j24-1", "route_id": "85.TA.91-36-C-j24-1.10.R", "mode": "rail", "line_name": "R36"}, {"line_id": "91-36-C-j24-1", "route_id": "81.TA.91-36-C-j24-1.9.R", "mode": "rail", "line_name": "R36"}, {"line_id": "91-36-C-j24-1", "route_id": "12.TA.91-36-C-j24-1.2.H", "mode": "rail", "line_name": "R36"}], "predominant_mode": "rail", "assigned_canton": "Jura", "modes_list": ["rail"]}, "geometry": {"type": "Point", "coordinates": [6.906185600381599, 47.17690246957027]}}, {"id": "15055", "type": "Feature", "properties": {"name": "Les Bois, \u00e9glise", "lon": 6.904847103608864, "lat": 47.17646891907456, "stop_id": ["8595676.link:162354", "8595676.link:162355"], "lines": [{"line_id": "96-128-2-j24-1", "route_id": "10.TA.96-128-2-j24-1.6.R", "mode": "bus", "line_name": "N22"}, {"line_id": "96-128-2-j24-1", "route_id": "2.TA.96-128-2-j24-1.5.H", "mode": "bus", "line_name": "N22"}, {"line_id": "96-128-2-j24-1", "route_id": "4.TA.96-128-2-j24-1.5.H", "mode": "bus", "line_name": "N22"}], "predominant_mode": "bus", "assigned_canton": "Jura", "modes_list": ["bus"]}, "geometry": {"type": "Point", "coordinates": [6.904847110364292, 47.17646892959137]}}, {"id": "15067", "type": "Feature", "properties": {"name": "Les Breuleux", "lon": 7.004883494855373, "lat": 47.21056737751047, "stop_id": ["8500173:0:2.link:220060", "8500173:0:3.link:344265", "8500173:0:3.link:344266"], "lines": [{"line_id": "91-37-D-j24-1", "route_id": "190.TA.91-37-D-j24-1.9.R", "mode": "rail", "line_name": "R37"}, {"line_id": "91-37-D-j24-1", "route_id": "189.TA.91-37-D-j24-1.9.R", "mode": "rail", "line_name": "R37"}, {"line_id": "91-37-D-j24-1", "route_id": "188.TA.91-37-D-j24-1.9.R", "mode": "rail", "line_name": "R37"}, {"line_id": "91-37-D-j24-1", "route_id": "205.TA.91-37-D-j24-1.10.R", "mode": "rail", "line_name": "R37"}, {"line_id": "91-37-D-j24-1", "route_id": "187.TA.91-37-D-j24-1.9.R", "mode": "rail", "line_name": "R37"}, {"line_id": "91-37-D-j24-1", "route_id": "204.TA.91-37-D-j24-1.10.R", "mode": "rail", "line_name": "R37"}, {"line_id": "91-37-D-j24-1", "route_id": "2.TA.91-37-D-j24-1.1.H", "mode": "rail", "line_name": "R37"}, {"line_id": "91-37-D-j24-1", "route_id": "53.TA.91-37-D-j24-1.4.H", "mode": "rail", "line_name": "R37"}, {"line_id": "91-37-D-j24-1", "route_id": "91.TA.91-37-D-j24-1.4.H", "mode": "rail", "line_name": "R37"}, {"line_id": "91-37-D-j24-1", "route_id": "58.TA.91-37-D-j24-1.4.H", "mode": "rail", "line_name": "R37"}, {"line_id": "91-37-D-j24-1", "route_id": "46.TA.91-37-D-j24-1.4.H", "mode": "rail", "line_name": "R37"}, {"line_id": "91-37-D-j24-1", "route_id": "44.TA.91-37-D-j24-1.3.H", "mode": "rail", "line_name": "R37"}, {"line_id": "91-37-D-j24-1", "route_id": "136.TA.91-37-D-j24-1.6.R", "mode": "rail", "line_name": "R37"}, {"line_id": "91-37-D-j24-1", "route_id": "185.TA.91-37-D-j24-1.8.R", "mode": "rail", "line_name": "R37"}, {"line_id": "91-37-D-j24-1", "route_id": "178.TA.91-37-D-j24-1.8.R", "mode": "rail", "line_name": "R37"}], "predominant_mode": "rail", "assigned_canton": "Jura", "modes_list": ["rail"]}, "geometry": {"type": "Point", "coordinates": [7.004883501711436, 47.21056738801692]}}, {"id": "15068", "type": "Feature", "properties": {"name": "Les Breuleux, Le Roselet", "lon": 7.005072145276238, "lat": 47.223319667508, "stop_id": ["8595508.link:790573", "8595508.link:790574"], "lines": [{"line_id": "96-128-1-j24-1", "route_id": "4.TA.96-128-1-j24-1.2.H", "mode": "bus", "line_name": "N21"}, {"line_id": "96-128-1-j24-1", "route_id": "1.TA.96-128-1-j24-1.1.H", "mode": "bus", "line_name": "N21"}, {"line_id": "96-128-1-j24-1", "route_id": "6.TA.96-128-1-j24-1.4.R", "mode": "bus", "line_name": "N21"}, {"line_id": "96-128-1-j24-1", "route_id": "5.TA.96-128-1-j24-1.3.R", "mode": "bus", "line_name": "N21"}], "predominant_mode": "bus", "assigned_canton": "Jura", "modes_list": ["bus"]}, "geometry": {"type": "Point", "coordinates": [7.005072152129475, 47.223319678019024]}}, {"id": "15069", "type": "Feature", "properties": {"name": "Les Breuleux, bif. Les Cerneux", "lon": 7.027188664823271, "lat": 47.208779367161235, "stop_id": ["8588189.link:823899", "8588189.link:823900"], "lines": [{"line_id": "96-128-1-j24-1", "route_id": "5.TA.96-128-1-j24-1.3.R", "mode": "bus", "line_name": "N21"}, {"line_id": "92-131-A-j24-1", "route_id": "70.TA.92-131-A-j24-1.22.R", "mode": "bus", "line_name": "131"}, {"line_id": "96-128-1-j24-1", "route_id": "6.TA.96-128-1-j24-1.4.R", "mode": "bus", "line_name": "N21"}, {"line_id": "92-131-A-j24-1", "route_id": "87.TA.92-131-A-j24-1.24.R", "mode": "bus", "line_name": "131"}, {"line_id": "92-131-A-j24-1", "route_id": "40.TA.92-131-A-j24-1.18.H", "mode": "bus", "line_name": "131"}, {"line_id": "92-131-A-j24-1", "route_id": "85.TA.92-131-A-j24-1.24.R", "mode": "bus", "line_name": "131"}, {"line_id": "92-131-A-j24-1", "route_id": "42.TA.92-131-A-j24-1.19.H", "mode": "bus", "line_name": "131"}, {"line_id": "96-128-1-j24-1", "route_id": "1.TA.96-128-1-j24-1.1.H", "mode": "bus", "line_name": "N21"}, {"line_id": "92-131-A-j24-1", "route_id": "70.TA.92-131-A-j24-1.22.R", "mode": "bus", "line_name": "131"}, {"line_id": "96-128-1-j24-1", "route_id": "4.TA.96-128-1-j24-1.2.H", "mode": "bus", "line_name": "N21"}, {"line_id": "92-131-A-j24-1", "route_id": "87.TA.92-131-A-j24-1.24.R", "mode": "bus", "line_name": "131"}, {"line_id": "92-131-A-j24-1", "route_id": "40.TA.92-131-A-j24-1.18.H", "mode": "bus", "line_name": "131"}, {"line_id": "92-131-A-j24-1", "route_id": "85.TA.92-131-A-j24-1.24.R", "mode": "bus", "line_name": "131"}, {"line_id": "92-131-A-j24-1", "route_id": "42.TA.92-131-A-j24-1.19.H", "mode": "bus", "line_name": "131"}], "predominant_mode": "bus", "assigned_canton": "Jura", "modes_list": ["bus"]}, "geometry": {"type": "Point", "coordinates": [7.027188671703895, 47.208779377661926]}}, {"id": "15070", "type": "Feature", "properties": {"name": "Les Breuleux, est", "lon": 7.01159391481638, "lat": 47.209139417405396, "stop_id": ["8576768.link:415239", "8576768.link:415240"], "lines": [{"line_id": "96-128-1-j24-1", "route_id": "5.TA.96-128-1-j24-1.3.R", "mode": "bus", "line_name": "N21"}, {"line_id": "92-131-A-j24-1", "route_id": "70.TA.92-131-A-j24-1.22.R", "mode": "bus", "line_name": "131"}, {"line_id": "96-128-1-j24-1", "route_id": "6.TA.96-128-1-j24-1.4.R", "mode": "bus", "line_name": "N21"}, {"line_id": "92-131-A-j24-1", "route_id": "87.TA.92-131-A-j24-1.24.R", "mode": "bus", "line_name": "131"}, {"line_id": "92-131-A-j24-1", "route_id": "40.TA.92-131-A-j24-1.18.H", "mode": "bus", "line_name": "131"}, {"line_id": "92-131-A-j24-1", "route_id": "85.TA.92-131-A-j24-1.24.R", "mode": "bus", "line_name": "131"}, {"line_id": "92-131-A-j24-1", "route_id": "42.TA.92-131-A-j24-1.19.H", "mode": "bus", "line_name": "131"}, {"line_id": "96-128-1-j24-1", "route_id": "1.TA.96-128-1-j24-1.1.H", "mode": "bus", "line_name": "N21"}, {"line_id": "92-131-A-j24-1", "route_id": "70.TA.92-131-A-j24-1.22.R", "mode": "bus", "line_name": "131"}, {"line_id": "96-128-1-j24-1", "route_id": "4.TA.96-128-1-j24-1.2.H", "mode": "bus", "line_name": "N21"}, {"line_id": "92-131-A-j24-1", "route_id": "87.TA.92-131-A-j24-1.24.R", "mode": "bus", "line_name": "131"}, {"line_id": "92-131-A-j24-1", "route_id": "40.TA.92-131-A-j24-1.18.H", "mode": "bus", "line_name": "131"}, {"line_id": "92-131-A-j24-1", "route_id": "85.TA.92-131-A-j24-1.24.R", "mode": "bus", "line_name": "131"}, {"line_id": "92-131-A-j24-1", "route_id": "42.TA.92-131-A-j24-1.19.H", "mode": "bus", "line_name": "131"}], "predominant_mode": "bus", "assigned_canton": "Jura", "modes_list": ["bus"]}, "geometry": {"type": "Point", "coordinates": [7.011593921680052, 47.20913942790978]}}, {"id": "15071", "type": "Feature", "properties": {"name": "Les Breuleux, gare", "lon": 7.005521304852519, "lat": 47.2104575275005, "stop_id": ["8576769.link:469260", "8576769.link:469261"], "lines": [{"line_id": "96-128-1-j24-1", "route_id": "4.TA.96-128-1-j24-1.2.H", "mode": "bus", "line_name": "N21"}, {"line_id": "96-128-1-j24-1", "route_id": "1.TA.96-128-1-j24-1.1.H", "mode": "bus", "line_name": "N21"}, {"line_id": "96-128-1-j24-1", "route_id": "5.TA.96-128-1-j24-1.3.R", "mode": "bus", "line_name": "N21"}, {"line_id": "92-131-A-j24-1", "route_id": "70.TA.92-131-A-j24-1.22.R", "mode": "bus", "line_name": "131"}, {"line_id": "92-A03-K-j24-1", "route_id": "2.TA.92-A03-K-j24-1.1.H", "mode": "bus", "line_name": "EV1"}, {"line_id": "96-128-1-j24-1", "route_id": "6.TA.96-128-1-j24-1.4.R", "mode": "bus", "line_name": "N21"}, {"line_id": "92-131-A-j24-1", "route_id": "87.TA.92-131-A-j24-1.24.R", "mode": "bus", "line_name": "131"}, {"line_id": "92-131-A-j24-1", "route_id": "40.TA.92-131-A-j24-1.18.H", "mode": "bus", "line_name": "131"}, {"line_id": "92-131-A-j24-1", "route_id": "85.TA.92-131-A-j24-1.24.R", "mode": "bus", "line_name": "131"}, {"line_id": "92-131-A-j24-1", "route_id": "42.TA.92-131-A-j24-1.19.H", "mode": "bus", "line_name": "131"}], "predominant_mode": "bus", "assigned_canton": "Jura", "modes_list": ["bus"]}, "geometry": {"type": "Point", "coordinates": [7.005521311709304, 47.21045753800679]}}, {"id": "15072", "type": "Feature", "properties": {"name": "Les Breuleux, haut-du-village", "lon": 7.004299594931548, "lat": 47.21289840751971, "stop_id": ["8595505.link:1692926", "8595505.link:1692927"], "lines": [{"line_id": "96-128-1-j24-1", "route_id": "4.TA.96-128-1-j24-1.2.H", "mode": "bus", "line_name": "N21"}, {"line_id": "96-128-1-j24-1", "route_id": "1.TA.96-128-1-j24-1.1.H", "mode": "bus", "line_name": "N21"}, {"line_id": "96-128-1-j24-1", "route_id": "6.TA.96-128-1-j24-1.4.R", "mode": "bus", "line_name": "N21"}, {"line_id": "96-128-1-j24-1", "route_id": "5.TA.96-128-1-j24-1.3.R", "mode": "bus", "line_name": "N21"}], "predominant_mode": "bus", "assigned_canton": "Jura", "modes_list": ["bus"]}, "geometry": {"type": "Point", "coordinates": [7.004299601786431, 47.212898418027166]}}, {"id": "15073", "type": "Feature", "properties": {"name": "Les Breuleux-Eglise", "lon": 7.002422114932898, "lat": 47.213008237549104, "stop_id": ["8500167.link:823205", "8500167.link:823206"], "lines": [{"line_id": "91-37-D-j24-1", "route_id": "178.TA.91-37-D-j24-1.8.R", "mode": "rail", "line_name": "R37"}, {"line_id": "91-37-D-j24-1", "route_id": "190.TA.91-37-D-j24-1.9.R", "mode": "rail", "line_name": "R37"}, {"line_id": "91-37-D-j24-1", "route_id": "189.TA.91-37-D-j24-1.9.R", "mode": "rail", "line_name": "R37"}, {"line_id": "91-37-D-j24-1", "route_id": "188.TA.91-37-D-j24-1.9.R", "mode": "rail", "line_name": "R37"}, {"line_id": "91-37-D-j24-1", "route_id": "205.TA.91-37-D-j24-1.10.R", "mode": "rail", "line_name": "R37"}, {"line_id": "91-37-D-j24-1", "route_id": "187.TA.91-37-D-j24-1.9.R", "mode": "rail", "line_name": "R37"}, {"line_id": "91-37-D-j24-1", "route_id": "136.TA.91-37-D-j24-1.6.R", "mode": "rail", "line_name": "R37"}, {"line_id": "91-37-D-j24-1", "route_id": "185.TA.91-37-D-j24-1.8.R", "mode": "rail", "line_name": "R37"}, {"line_id": "91-37-D-j24-1", "route_id": "204.TA.91-37-D-j24-1.10.R", "mode": "rail", "line_name": "R37"}, {"line_id": "91-37-D-j24-1", "route_id": "2.TA.91-37-D-j24-1.1.H", "mode": "rail", "line_name": "R37"}, {"line_id": "91-37-D-j24-1", "route_id": "53.TA.91-37-D-j24-1.4.H", "mode": "rail", "line_name": "R37"}, {"line_id": "91-37-D-j24-1", "route_id": "91.TA.91-37-D-j24-1.4.H", "mode": "rail", "line_name": "R37"}, {"line_id": "91-37-D-j24-1", "route_id": "58.TA.91-37-D-j24-1.4.H", "mode": "rail", "line_name": "R37"}, {"line_id": "91-37-D-j24-1", "route_id": "46.TA.91-37-D-j24-1.4.H", "mode": "rail", "line_name": "R37"}, {"line_id": "91-37-D-j24-1", "route_id": "44.TA.91-37-D-j24-1.3.H", "mode": "rail", "line_name": "R37"}], "predominant_mode": "rail", "assigned_canton": "Jura", "modes_list": ["rail"]}, "geometry": {"type": "Point", "coordinates": [7.002422121785721, 47.213008248057044]}}, {"id": "15075", "type": "Feature", "properties": {"name": "Les Cerlatez", "lon": 7.027628845974794, "lat": 47.243662067155626, "stop_id": ["8500756.link:1692930", "8500756.link:1692931"], "lines": [{"line_id": "96-123-2-j24-1", "route_id": "41.TA.96-123-2-j24-1.14.R", "mode": "bus", "line_name": "32"}, {"line_id": "96-123-2-j24-1", "route_id": "44.TA.96-123-2-j24-1.16.R", "mode": "bus", "line_name": "32"}, {"line_id": "96-123-2-j24-1", "route_id": "37.TA.96-123-2-j24-1.12.R", "mode": "bus", "line_name": "32"}, {"line_id": "96-123-2-j24-1", "route_id": "45.TA.96-123-2-j24-1.16.R", "mode": "bus", "line_name": "32"}, {"line_id": "96-123-2-j24-1", "route_id": "48.TA.96-123-2-j24-1.16.R", "mode": "bus", "line_name": "32"}, {"line_id": "96-128-3-j24-1", "route_id": "6.TA.96-128-3-j24-1.2.H", "mode": "bus", "line_name": "N23"}, {"line_id": "96-123-2-j24-1", "route_id": "43.TA.96-123-2-j24-1.15.R", "mode": "bus", "line_name": "32"}, {"line_id": "96-128-3-j24-1", "route_id": "13.TA.96-128-3-j24-1.4.R", "mode": "bus", "line_name": "N23"}, {"line_id": "96-123-2-j24-1", "route_id": "19.TA.96-123-2-j24-1.7.H", "mode": "bus", "line_name": "32"}, {"line_id": "96-123-2-j24-1", "route_id": "18.TA.96-123-2-j24-1.6.H", "mode": "bus", "line_name": "32"}, {"line_id": "96-123-2-j24-1", "route_id": "26.TA.96-123-2-j24-1.8.H", "mode": "bus", "line_name": "32"}, {"line_id": "96-123-2-j24-1", "route_id": "14.TA.96-123-2-j24-1.6.H", "mode": "bus", "line_name": "32"}, {"line_id": "96-123-2-j24-1", "route_id": "21.TA.96-123-2-j24-1.8.H", "mode": "bus", "line_name": "32"}], "predominant_mode": "bus", "assigned_canton": "Jura", "modes_list": ["bus"]}, "geometry": {"type": "Point", "coordinates": [7.0276288528475455, 47.24366207766879]}}, {"id": "15121", "type": "Feature", "properties": {"name": "Les Emibois", "lon": 6.984851065534787, "lat": 47.23189675782483, "stop_id": ["8500190.link:805551", "8500190.link:805552"], "lines": [{"line_id": "91-36-C-j24-1", "route_id": "62.TA.91-36-C-j24-1.7.H", "mode": "rail", "line_name": "R36"}, {"line_id": "91-36-C-j24-1", "route_id": "63.TA.91-36-C-j24-1.7.H", "mode": "rail", "line_name": "R36"}, {"line_id": "91-36-C-j24-1", "route_id": "39.TA.91-36-C-j24-1.6.H", "mode": "rail", "line_name": "R36"}, {"line_id": "91-36-C-j24-1", "route_id": "12.TA.91-36-C-j24-1.2.H", "mode": "rail", "line_name": "R36"}, {"line_id": "91-36-C-j24-1", "route_id": "25.TA.91-36-C-j24-1.4.H", "mode": "rail", "line_name": "R36"}, {"line_id": "91-36-C-j24-1", "route_id": "42.TA.91-36-C-j24-1.6.H", "mode": "rail", "line_name": "R36"}, {"line_id": "91-36-C-j24-1", "route_id": "26.TA.91-36-C-j24-1.4.H", "mode": "rail", "line_name": "R36"}, {"line_id": "91-36-C-j24-1", "route_id": "46.TA.91-36-C-j24-1.6.H", "mode": "rail", "line_name": "R36"}, {"line_id": "91-36-C-j24-1", "route_id": "6.TA.91-36-C-j24-1.1.H", "mode": "rail", "line_name": "R36"}, {"line_id": "91-36-C-j24-1", "route_id": "59.TA.91-36-C-j24-1.7.H", "mode": "rail", "line_name": "R36"}, {"line_id": "91-36-C-j24-1", "route_id": "32.TA.91-36-C-j24-1.6.H", "mode": "rail", "line_name": "R36"}, {"line_id": "91-36-C-j24-1", "route_id": "106.TA.91-36-C-j24-1.12.R", "mode": "rail", "line_name": "R36"}, {"line_id": "91-36-C-j24-1", "route_id": "99.TA.91-36-C-j24-1.12.R", "mode": "rail", "line_name": "R36"}, {"line_id": "91-36-C-j24-1", "route_id": "121.TA.91-36-C-j24-1.13.R", "mode": "rail", "line_name": "R36"}, {"line_id": "91-36-C-j24-1", "route_id": "70.TA.91-36-C-j24-1.8.R", "mode": "rail", "line_name": "R36"}, {"line_id": "91-36-C-j24-1", "route_id": "110.TA.91-36-C-j24-1.13.R", "mode": "rail", "line_name": "R36"}, {"line_id": "91-36-C-j24-1", "route_id": "90.TA.91-36-C-j24-1.11.R", "mode": "rail", "line_name": "R36"}, {"line_id": "91-36-C-j24-1", "route_id": "98.TA.91-36-C-j24-1.12.R", "mode": "rail", "line_name": "R36"}, {"line_id": "91-36-C-j24-1", "route_id": "81.TA.91-36-C-j24-1.9.R", "mode": "rail", "line_name": "R36"}, {"line_id": "91-36-C-j24-1", "route_id": "96.TA.91-36-C-j24-1.12.R", "mode": "rail", "line_name": "R36"}, {"line_id": "91-36-C-j24-1", "route_id": "100.TA.91-36-C-j24-1.12.R", "mode": "rail", "line_name": "R36"}, {"line_id": "91-36-C-j24-1", "route_id": "107.TA.91-36-C-j24-1.13.R", "mode": "rail", "line_name": "R36"}, {"line_id": "91-36-C-j24-1", "route_id": "120.TA.91-36-C-j24-1.13.R", "mode": "rail", "line_name": "R36"}, {"line_id": "91-36-C-j24-1", "route_id": "94.TA.91-36-C-j24-1.12.R", "mode": "rail", "line_name": "R36"}], "predominant_mode": "rail", "assigned_canton": "Jura", "modes_list": ["rail"]}, "geometry": {"type": "Point", "coordinates": [6.984851072364099, 47.23189676834363]}}, {"id": "15122", "type": "Feature", "properties": {"name": "Les Emibois, gare", "lon": 6.984788185528658, "lat": 47.231713757825844, "stop_id": ["8591844.link:3698", "8591844.link:4385"], "lines": [{"line_id": "96-128-2-j24-1", "route_id": "10.TA.96-128-2-j24-1.6.R", "mode": "bus", "line_name": "N22"}, {"line_id": "92-A03-O-j24-1", "route_id": "3.TA.92-A03-O-j24-1.2.R", "mode": "bus", "line_name": "EV2"}, {"line_id": "96-123-4-j24-1", "route_id": "58.TA.96-123-4-j24-1.17.R", "mode": "bus", "line_name": "34"}, {"line_id": "96-123-4-j24-1", "route_id": "28.TA.96-123-4-j24-1.9.H", "mode": "bus", "line_name": "34"}, {"line_id": "92-A03-O-j24-1", "route_id": "2.TA.92-A03-O-j24-1.1.H", "mode": "bus", "line_name": "EV2"}, {"line_id": "96-128-2-j24-1", "route_id": "2.TA.96-128-2-j24-1.5.H", "mode": "bus", "line_name": "N22"}, {"line_id": "96-128-2-j24-1", "route_id": "4.TA.96-128-2-j24-1.5.H", "mode": "bus", "line_name": "N22"}], "predominant_mode": "bus", "assigned_canton": "Jura", "modes_list": ["bus"]}, "geometry": {"type": "Point", "coordinates": [6.984788192357947, 47.23171376834456]}}, {"id": "15123", "type": "Feature", "properties": {"name": "Les Emibois, village", "lon": 6.98588413555918, "lat": 47.23259823780866, "stop_id": ["8595507.link:1521685", "8595507.link:1521686"], "lines": [{"line_id": "96-128-1-j24-1", "route_id": "6.TA.96-128-1-j24-1.4.R", "mode": "bus", "line_name": "N21"}, {"line_id": "96-128-1-j24-1", "route_id": "5.TA.96-128-1-j24-1.3.R", "mode": "bus", "line_name": "N21"}, {"line_id": "96-128-1-j24-1", "route_id": "4.TA.96-128-1-j24-1.2.H", "mode": "bus", "line_name": "N21"}, {"line_id": "96-128-1-j24-1", "route_id": "1.TA.96-128-1-j24-1.1.H", "mode": "bus", "line_name": "N21"}], "predominant_mode": "bus", "assigned_canton": "Jura", "modes_list": ["bus"]}, "geometry": {"type": "Point", "coordinates": [6.985884142389444, 47.23259824832743]}}, {"id": "15124", "type": "Feature", "properties": {"name": "Les Emibois, \u00e9cole", "lon": 6.987177705453246, "lat": 47.22934085778835, "stop_id": ["8595506.link:1235876"], "lines": [{"line_id": "96-128-1-j24-1", "route_id": "6.TA.96-128-1-j24-1.4.R", "mode": "bus", "line_name": "N21"}, {"line_id": "96-128-1-j24-1", "route_id": "5.TA.96-128-1-j24-1.3.R", "mode": "bus", "line_name": "N21"}], "predominant_mode": "bus", "assigned_canton": "Jura", "modes_list": ["bus"]}, "geometry": {"type": "Point", "coordinates": [6.987177712285684, 47.22934086830571]}}, {"id": "15127", "type": "Feature", "properties": {"name": "Les Enfers, bif. Les Saignes", "lon": 7.048011617484507, "lat": 47.28861332683762, "stop_id": ["8588897.link:1109938", "8588897.link:1109939"], "lines": [{"line_id": "96-123-4-j24-1", "route_id": "26.TA.96-123-4-j24-1.8.H", "mode": "bus", "line_name": "34"}, {"line_id": "96-123-4-j24-1", "route_id": "51.TA.96-123-4-j24-1.15.R", "mode": "bus", "line_name": "34"}, {"line_id": "96-123-4-j24-1", "route_id": "53.TA.96-123-4-j24-1.16.R", "mode": "bus", "line_name": "34"}, {"line_id": "96-123-4-j24-1", "route_id": "46.TA.96-123-4-j24-1.15.R", "mode": "bus", "line_name": "34"}, {"line_id": "96-123-4-j24-1", "route_id": "14.TA.96-123-4-j24-1.6.H", "mode": "bus", "line_name": "34"}, {"line_id": "96-123-4-j24-1", "route_id": "22.TA.96-123-4-j24-1.8.H", "mode": "bus", "line_name": "34"}, {"line_id": "96-123-4-j24-1", "route_id": "35.TA.96-123-4-j24-1.12.R", "mode": "bus", "line_name": "34"}], "predominant_mode": "bus", "assigned_canton": "Jura", "modes_list": ["bus"]}, "geometry": {"type": "Point", "coordinates": [7.0480116243683835, 47.28861333736195]}}, {"id": "15139", "type": "Feature", "properties": {"name": "Les Genevez JU, Cernil-Bousset", "lon": 7.0917955060024696, "lat": 47.242192306151, "stop_id": ["8500887.link:868989", "8500887.link:868990"], "lines": [{"line_id": "96-128-3-j24-1", "route_id": "13.TA.96-128-3-j24-1.4.R", "mode": "bus", "line_name": "N23"}, {"line_id": "96-123-3-j24-1", "route_id": "20.TA.96-123-3-j24-1.6.R", "mode": "bus", "line_name": "33"}, {"line_id": "96-123-3-j24-1", "route_id": "24.TA.96-123-3-j24-1.7.R", "mode": "bus", "line_name": "33"}, {"line_id": "96-123-3-j24-1", "route_id": "21.TA.96-123-3-j24-1.7.R", "mode": "bus", "line_name": "33"}, {"line_id": "96-123-3-j24-1", "route_id": "25.TA.96-123-3-j24-1.7.R", "mode": "bus", "line_name": "33"}, {"line_id": "96-123-3-j24-1", "route_id": "29.TA.96-123-3-j24-1.7.R", "mode": "bus", "line_name": "33"}, {"line_id": "96-123-3-j24-1", "route_id": "16.TA.96-123-3-j24-1.5.R", "mode": "bus", "line_name": "33"}, {"line_id": "96-123-3-j24-1", "route_id": "10.TA.96-123-3-j24-1.4.H", "mode": "bus", "line_name": "33"}, {"line_id": "96-123-3-j24-1", "route_id": "5.TA.96-123-3-j24-1.8.H", "mode": "bus", "line_name": "33"}, {"line_id": "96-123-3-j24-1", "route_id": "13.TA.96-123-3-j24-1.4.H", "mode": "bus", "line_name": "33"}, {"line_id": "96-123-3-j24-1", "route_id": "6.TA.96-123-3-j24-1.4.H", "mode": "bus", "line_name": "33"}, {"line_id": "96-123-3-j24-1", "route_id": "9.TA.96-123-3-j24-1.4.H", "mode": "bus", "line_name": "33"}, {"line_id": "96-123-3-j24-1", "route_id": "11.TA.96-123-3-j24-1.4.H", "mode": "bus", "line_name": "33"}, {"line_id": "96-123-3-j24-1", "route_id": "4.TA.96-123-3-j24-1.3.H", "mode": "bus", "line_name": "33"}, {"line_id": "96-123-3-j24-1", "route_id": "1.TA.96-123-3-j24-1.2.H", "mode": "bus", "line_name": "33"}, {"line_id": "96-128-3-j24-1", "route_id": "6.TA.96-128-3-j24-1.2.H", "mode": "bus", "line_name": "N23"}], "predominant_mode": "bus", "assigned_canton": "Jura", "modes_list": ["bus"]}, "geometry": {"type": "Point", "coordinates": [7.091795512944736, 47.242192316648726]}}, {"id": "15140", "type": "Feature", "properties": {"name": "Les Genevez JU, Les Vacheries", "lon": 7.100320516163907, "lat": 47.24677830601765, "stop_id": ["8500886.link:563859", "8500886.link:563860"], "lines": [{"line_id": "96-128-3-j24-1", "route_id": "13.TA.96-128-3-j24-1.4.R", "mode": "bus", "line_name": "N23"}, {"line_id": "96-123-3-j24-1", "route_id": "20.TA.96-123-3-j24-1.6.R", "mode": "bus", "line_name": "33"}, {"line_id": "96-123-3-j24-1", "route_id": "24.TA.96-123-3-j24-1.7.R", "mode": "bus", "line_name": "33"}, {"line_id": "96-123-3-j24-1", "route_id": "21.TA.96-123-3-j24-1.7.R", "mode": "bus", "line_name": "33"}, {"line_id": "96-123-3-j24-1", "route_id": "25.TA.96-123-3-j24-1.7.R", "mode": "bus", "line_name": "33"}, {"line_id": "96-123-3-j24-1", "route_id": "29.TA.96-123-3-j24-1.7.R", "mode": "bus", "line_name": "33"}, {"line_id": "96-123-3-j24-1", "route_id": "16.TA.96-123-3-j24-1.5.R", "mode": "bus", "line_name": "33"}, {"line_id": "96-123-3-j24-1", "route_id": "10.TA.96-123-3-j24-1.4.H", "mode": "bus", "line_name": "33"}, {"line_id": "96-123-3-j24-1", "route_id": "5.TA.96-123-3-j24-1.8.H", "mode": "bus", "line_name": "33"}, {"line_id": "96-123-3-j24-1", "route_id": "13.TA.96-123-3-j24-1.4.H", "mode": "bus", "line_name": "33"}, {"line_id": "96-123-3-j24-1", "route_id": "6.TA.96-123-3-j24-1.4.H", "mode": "bus", "line_name": "33"}, {"line_id": "96-123-3-j24-1", "route_id": "9.TA.96-123-3-j24-1.4.H", "mode": "bus", "line_name": "33"}, {"line_id": "96-123-3-j24-1", "route_id": "11.TA.96-123-3-j24-1.4.H", "mode": "bus", "line_name": "33"}, {"line_id": "96-123-3-j24-1", "route_id": "4.TA.96-123-3-j24-1.3.H", "mode": "bus", "line_name": "33"}, {"line_id": "96-123-3-j24-1", "route_id": "1.TA.96-123-3-j24-1.2.H", "mode": "bus", "line_name": "33"}, {"line_id": "96-128-3-j24-1", "route_id": "6.TA.96-128-3-j24-1.2.H", "mode": "bus", "line_name": "N23"}], "predominant_mode": "bus", "assigned_canton": "Jura", "modes_list": ["bus"]}, "geometry": {"type": "Point", "coordinates": [7.1003205231142275, 47.246778316514984]}}, {"id": "15141", "type": "Feature", "properties": {"name": "Les Genevez JU, bif.Le Pr\u00e9dame", "lon": 7.112816076406267, "lat": 47.25367485582222, "stop_id": ["8500885.link:110459", "8500885.link:110460"], "lines": [{"line_id": "96-128-3-j24-1", "route_id": "13.TA.96-128-3-j24-1.4.R", "mode": "bus", "line_name": "N23"}, {"line_id": "96-124-1-j24-1", "route_id": "19.TA.96-124-1-j24-1.8.H", "mode": "bus", "line_name": "41"}, {"line_id": "96-123-3-j24-1", "route_id": "20.TA.96-123-3-j24-1.6.R", "mode": "bus", "line_name": "33"}, {"line_id": "96-123-3-j24-1", "route_id": "24.TA.96-123-3-j24-1.7.R", "mode": "bus", "line_name": "33"}, {"line_id": "96-123-3-j24-1", "route_id": "21.TA.96-123-3-j24-1.7.R", "mode": "bus", "line_name": "33"}, {"line_id": "96-124-1-j24-1", "route_id": "16.TA.96-124-1-j24-1.7.H", "mode": "bus", "line_name": "41"}, {"line_id": "96-123-3-j24-1", "route_id": "25.TA.96-123-3-j24-1.7.R", "mode": "bus", "line_name": "33"}, {"line_id": "96-123-3-j24-1", "route_id": "29.TA.96-123-3-j24-1.7.R", "mode": "bus", "line_name": "33"}, {"line_id": "96-124-1-j24-1", "route_id": "14.TA.96-124-1-j24-1.6.H", "mode": "bus", "line_name": "41"}, {"line_id": "96-123-3-j24-1", "route_id": "16.TA.96-123-3-j24-1.5.R", "mode": "bus", "line_name": "33"}, {"line_id": "96-124-1-j24-1", "route_id": "20.TA.96-124-1-j24-1.8.H", "mode": "bus", "line_name": "41"}, {"line_id": "96-124-1-j24-1", "route_id": "36.TA.96-124-1-j24-1.16.R", "mode": "bus", "line_name": "41"}, {"line_id": "96-124-1-j24-1", "route_id": "32.TA.96-124-1-j24-1.15.R", "mode": "bus", "line_name": "41"}, {"line_id": "96-124-1-j24-1", "route_id": "31.TA.96-124-1-j24-1.14.R", "mode": "bus", "line_name": "41"}, {"line_id": "96-123-3-j24-1", "route_id": "10.TA.96-123-3-j24-1.4.H", "mode": "bus", "line_name": "33"}, {"line_id": "96-123-3-j24-1", "route_id": "5.TA.96-123-3-j24-1.8.H", "mode": "bus", "line_name": "33"}, {"line_id": "96-123-3-j24-1", "route_id": "13.TA.96-123-3-j24-1.4.H", "mode": "bus", "line_name": "33"}, {"line_id": "96-123-3-j24-1", "route_id": "6.TA.96-123-3-j24-1.4.H", "mode": "bus", "line_name": "33"}, {"line_id": "96-123-3-j24-1", "route_id": "9.TA.96-123-3-j24-1.4.H", "mode": "bus", "line_name": "33"}, {"line_id": "96-123-3-j24-1", "route_id": "11.TA.96-123-3-j24-1.4.H", "mode": "bus", "line_name": "33"}, {"line_id": "96-123-3-j24-1", "route_id": "4.TA.96-123-3-j24-1.3.H", "mode": "bus", "line_name": "33"}, {"line_id": "96-123-3-j24-1", "route_id": "1.TA.96-123-3-j24-1.2.H", "mode": "bus", "line_name": "33"}, {"line_id": "96-124-1-j24-1", "route_id": "35.TA.96-124-1-j24-1.16.R", "mode": "bus", "line_name": "41"}, {"line_id": "96-128-3-j24-1", "route_id": "6.TA.96-128-3-j24-1.2.H", "mode": "bus", "line_name": "N23"}], "predominant_mode": "bus", "assigned_canton": "Jura", "modes_list": ["bus"]}, "geometry": {"type": "Point", "coordinates": [7.112816083368336, 47.25367486631906]}}, {"id": "15142", "type": "Feature", "properties": {"name": "Les Genevez JU, ch.de Tramelan", "lon": 7.127332856439314, "lat": 47.25416264559495, "stop_id": ["8576775.link:860729", "8576775.link:860730"], "lines": [{"line_id": "96-124-1-j24-1", "route_id": "19.TA.96-124-1-j24-1.8.H", "mode": "bus", "line_name": "41"}, {"line_id": "96-123-3-j24-1", "route_id": "10.TA.96-123-3-j24-1.4.H", "mode": "bus", "line_name": "33"}, {"line_id": "96-123-3-j24-1", "route_id": "5.TA.96-123-3-j24-1.8.H", "mode": "bus", "line_name": "33"}, {"line_id": "96-123-3-j24-1", "route_id": "20.TA.96-123-3-j24-1.6.R", "mode": "bus", "line_name": "33"}, {"line_id": "96-123-3-j24-1", "route_id": "13.TA.96-123-3-j24-1.4.H", "mode": "bus", "line_name": "33"}, {"line_id": "96-123-3-j24-1", "route_id": "6.TA.96-123-3-j24-1.4.H", "mode": "bus", "line_name": "33"}, {"line_id": "96-123-3-j24-1", "route_id": "24.TA.96-123-3-j24-1.7.R", "mode": "bus", "line_name": "33"}, {"line_id": "96-123-3-j24-1", "route_id": "21.TA.96-123-3-j24-1.7.R", "mode": "bus", "line_name": "33"}, {"line_id": "96-123-3-j24-1", "route_id": "9.TA.96-123-3-j24-1.4.H", "mode": "bus", "line_name": "33"}, {"line_id": "96-124-1-j24-1", "route_id": "16.TA.96-124-1-j24-1.7.H", "mode": "bus", "line_name": "41"}, {"line_id": "96-123-3-j24-1", "route_id": "11.TA.96-123-3-j24-1.4.H", "mode": "bus", "line_name": "33"}, {"line_id": "96-123-3-j24-1", "route_id": "25.TA.96-123-3-j24-1.7.R", "mode": "bus", "line_name": "33"}, {"line_id": "96-123-3-j24-1", "route_id": "4.TA.96-123-3-j24-1.3.H", "mode": "bus", "line_name": "33"}, {"line_id": "96-123-3-j24-1", "route_id": "29.TA.96-123-3-j24-1.7.R", "mode": "bus", "line_name": "33"}, {"line_id": "96-124-1-j24-1", "route_id": "14.TA.96-124-1-j24-1.6.H", "mode": "bus", "line_name": "41"}, {"line_id": "96-123-3-j24-1", "route_id": "16.TA.96-123-3-j24-1.5.R", "mode": "bus", "line_name": "33"}, {"line_id": "96-128-3-j24-1", "route_id": "6.TA.96-128-3-j24-1.2.H", "mode": "bus", "line_name": "N23"}, {"line_id": "96-124-1-j24-1", "route_id": "20.TA.96-124-1-j24-1.8.H", "mode": "bus", "line_name": "41"}, {"line_id": "96-124-1-j24-1", "route_id": "36.TA.96-124-1-j24-1.16.R", "mode": "bus", "line_name": "41"}, {"line_id": "96-124-1-j24-1", "route_id": "35.TA.96-124-1-j24-1.16.R", "mode": "bus", "line_name": "41"}, {"line_id": "96-124-1-j24-1", "route_id": "32.TA.96-124-1-j24-1.15.R", "mode": "bus", "line_name": "41"}, {"line_id": "96-124-1-j24-1", "route_id": "31.TA.96-124-1-j24-1.14.R", "mode": "bus", "line_name": "41"}], "predominant_mode": "bus", "assigned_canton": "Jura", "modes_list": ["bus"]}, "geometry": {"type": "Point", "coordinates": [7.127332863416847, 47.254162656088596]}}, {"id": "15143", "type": "Feature", "properties": {"name": "Les Genevez JU, poste", "lon": 7.12983915652178, "lat": 47.25657101555577, "stop_id": ["8500758.link:1793131", "8500758.link:563847", "8500758.link:563848", "8500758.link:698516", "8500758.link:860719", "8500758.link:860720"], "lines": [{"line_id": "96-124-1-j24-1", "route_id": "16.TA.96-124-1-j24-1.7.H", "mode": "bus", "line_name": "41"}, {"line_id": "96-124-1-j24-1", "route_id": "14.TA.96-124-1-j24-1.6.H", "mode": "bus", "line_name": "41"}, {"line_id": "96-124-1-j24-1", "route_id": "19.TA.96-124-1-j24-1.8.H", "mode": "bus", "line_name": "41"}, {"line_id": "96-124-1-j24-1", "route_id": "20.TA.96-124-1-j24-1.8.H", "mode": "bus", "line_name": "41"}, {"line_id": "96-124-1-j24-1", "route_id": "30.TA.96-124-1-j24-1.13.R", "mode": "bus", "line_name": "41"}, {"line_id": "96-124-1-j24-1", "route_id": "28.TA.96-124-1-j24-1.11.R", "mode": "bus", "line_name": "41"}, {"line_id": "96-124-1-j24-1", "route_id": "27.TA.96-124-1-j24-1.11.R", "mode": "bus", "line_name": "41"}, {"line_id": "96-124-1-j24-1", "route_id": "22.TA.96-124-1-j24-1.9.R", "mode": "bus", "line_name": "41"}, {"line_id": "96-124-1-j24-1", "route_id": "2.TA.96-124-1-j24-1.1.H", "mode": "bus", "line_name": "41"}, {"line_id": "96-124-1-j24-1", "route_id": "9.TA.96-124-1-j24-1.5.H", "mode": "bus", "line_name": "41"}, {"line_id": "96-124-1-j24-1", "route_id": "6.TA.96-124-1-j24-1.3.H", "mode": "bus", "line_name": "41"}, {"line_id": "96-124-1-j24-1", "route_id": "36.TA.96-124-1-j24-1.16.R", "mode": "bus", "line_name": "41"}, {"line_id": "96-124-1-j24-1", "route_id": "35.TA.96-124-1-j24-1.16.R", "mode": "bus", "line_name": "41"}, {"line_id": "96-124-1-j24-1", "route_id": "32.TA.96-124-1-j24-1.15.R", "mode": "bus", "line_name": "41"}, {"line_id": "96-124-1-j24-1", "route_id": "31.TA.96-124-1-j24-1.14.R", "mode": "bus", "line_name": "41"}, {"line_id": "96-123-3-j24-1", "route_id": "10.TA.96-123-3-j24-1.4.H", "mode": "bus", "line_name": "33"}, {"line_id": "96-123-3-j24-1", "route_id": "5.TA.96-123-3-j24-1.8.H", "mode": "bus", "line_name": "33"}, {"line_id": "96-123-3-j24-1", "route_id": "13.TA.96-123-3-j24-1.4.H", "mode": "bus", "line_name": "33"}, {"line_id": "96-123-3-j24-1", "route_id": "6.TA.96-123-3-j24-1.4.H", "mode": "bus", "line_name": "33"}, {"line_id": "96-123-3-j24-1", "route_id": "9.TA.96-123-3-j24-1.4.H", "mode": "bus", "line_name": "33"}, {"line_id": "96-123-3-j24-1", "route_id": "11.TA.96-123-3-j24-1.4.H", "mode": "bus", "line_name": "33"}, {"line_id": "96-123-3-j24-1", "route_id": "4.TA.96-123-3-j24-1.3.H", "mode": "bus", "line_name": "33"}, {"line_id": "96-123-3-j24-1", "route_id": "16.TA.96-123-3-j24-1.5.R", "mode": "bus", "line_name": "33"}, {"line_id": "96-128-3-j24-1", "route_id": "6.TA.96-128-3-j24-1.2.H", "mode": "bus", "line_name": "N23"}, {"line_id": "96-123-3-j24-1", "route_id": "20.TA.96-123-3-j24-1.6.R", "mode": "bus", "line_name": "33"}, {"line_id": "96-123-3-j24-1", "route_id": "24.TA.96-123-3-j24-1.7.R", "mode": "bus", "line_name": "33"}, {"line_id": "96-123-3-j24-1", "route_id": "21.TA.96-123-3-j24-1.7.R", "mode": "bus", "line_name": "33"}, {"line_id": "96-123-3-j24-1", "route_id": "25.TA.96-123-3-j24-1.7.R", "mode": "bus", "line_name": "33"}, {"line_id": "96-123-3-j24-1", "route_id": "29.TA.96-123-3-j24-1.7.R", "mode": "bus", "line_name": "33"}], "predominant_mode": "bus", "assigned_canton": "Jura", "modes_list": ["bus"]}, "geometry": {"type": "Point", "coordinates": [7.129839163501411, 47.25657102604968]}}, {"id": "15237", "type": "Feature", "properties": {"name": "Les Pommerats, bas du village", "lon": 6.983386816762058, "lat": 47.269111097848885, "stop_id": ["8571935.link:813775", "8571935.link:813776"], "lines": [{"line_id": "96-123-2-j24-1", "route_id": "6.TA.96-123-2-j24-1.3.H", "mode": "bus", "line_name": "32"}, {"line_id": "96-123-2-j24-1", "route_id": "33.TA.96-123-2-j24-1.11.R", "mode": "bus", "line_name": "32"}, {"line_id": "96-128-6-j24-1", "route_id": "5.TA.96-128-6-j24-1.2.R", "mode": "bus", "line_name": "N26"}, {"line_id": "96-123-2-j24-1", "route_id": "26.TA.96-123-2-j24-1.8.H", "mode": "bus", "line_name": "32"}, {"line_id": "96-123-2-j24-1", "route_id": "44.TA.96-123-2-j24-1.16.R", "mode": "bus", "line_name": "32"}, {"line_id": "96-123-2-j24-1", "route_id": "45.TA.96-123-2-j24-1.16.R", "mode": "bus", "line_name": "32"}, {"line_id": "96-123-2-j24-1", "route_id": "48.TA.96-123-2-j24-1.16.R", "mode": "bus", "line_name": "32"}, {"line_id": "96-123-2-j24-1", "route_id": "21.TA.96-123-2-j24-1.8.H", "mode": "bus", "line_name": "32"}, {"line_id": "96-123-2-j24-1", "route_id": "43.TA.96-123-2-j24-1.15.R", "mode": "bus", "line_name": "32"}, {"line_id": "96-123-2-j24-1", "route_id": "19.TA.96-123-2-j24-1.7.H", "mode": "bus", "line_name": "32"}, {"line_id": "96-123-2-j24-1", "route_id": "6.TA.96-123-2-j24-1.3.H", "mode": "bus", "line_name": "32"}, {"line_id": "96-123-2-j24-1", "route_id": "33.TA.96-123-2-j24-1.11.R", "mode": "bus", "line_name": "32"}, {"line_id": "96-123-2-j24-1", "route_id": "26.TA.96-123-2-j24-1.8.H", "mode": "bus", "line_name": "32"}, {"line_id": "96-123-2-j24-1", "route_id": "44.TA.96-123-2-j24-1.16.R", "mode": "bus", "line_name": "32"}, {"line_id": "96-123-2-j24-1", "route_id": "45.TA.96-123-2-j24-1.16.R", "mode": "bus", "line_name": "32"}, {"line_id": "96-128-6-j24-1", "route_id": "3.TA.96-128-6-j24-1.1.H", "mode": "bus", "line_name": "N26"}, {"line_id": "96-123-2-j24-1", "route_id": "48.TA.96-123-2-j24-1.16.R", "mode": "bus", "line_name": "32"}, {"line_id": "96-123-2-j24-1", "route_id": "21.TA.96-123-2-j24-1.8.H", "mode": "bus", "line_name": "32"}], "predominant_mode": "bus", "assigned_canton": "Jura", "modes_list": ["bus"]}, "geometry": {"type": "Point", "coordinates": [6.983386823580911, 47.26911110838127]}}, {"id": "15238", "type": "Feature", "properties": {"name": "Les Pommerats, village", "lon": 6.98609074684634, "lat": 47.271561457806605, "stop_id": ["8500769.link:1904903", "8500769.link:1904904"], "lines": [{"line_id": "96-123-2-j24-1", "route_id": "28.TA.96-123-2-j24-1.9.R", "mode": "bus", "line_name": "32"}, {"line_id": "96-123-2-j24-1", "route_id": "19.TA.96-123-2-j24-1.7.H", "mode": "bus", "line_name": "32"}, {"line_id": "96-123-2-j24-1", "route_id": "6.TA.96-123-2-j24-1.3.H", "mode": "bus", "line_name": "32"}, {"line_id": "96-123-2-j24-1", "route_id": "33.TA.96-123-2-j24-1.11.R", "mode": "bus", "line_name": "32"}, {"line_id": "96-123-2-j24-1", "route_id": "26.TA.96-123-2-j24-1.8.H", "mode": "bus", "line_name": "32"}, {"line_id": "96-123-2-j24-1", "route_id": "44.TA.96-123-2-j24-1.16.R", "mode": "bus", "line_name": "32"}, {"line_id": "96-123-2-j24-1", "route_id": "45.TA.96-123-2-j24-1.16.R", "mode": "bus", "line_name": "32"}, {"line_id": "96-128-6-j24-1", "route_id": "3.TA.96-128-6-j24-1.1.H", "mode": "bus", "line_name": "N26"}, {"line_id": "96-123-2-j24-1", "route_id": "48.TA.96-123-2-j24-1.16.R", "mode": "bus", "line_name": "32"}, {"line_id": "96-123-2-j24-1", "route_id": "21.TA.96-123-2-j24-1.8.H", "mode": "bus", "line_name": "32"}, {"line_id": "96-128-6-j24-1", "route_id": "5.TA.96-128-6-j24-1.2.R", "mode": "bus", "line_name": "N26"}, {"line_id": "96-123-2-j24-1", "route_id": "43.TA.96-123-2-j24-1.15.R", "mode": "bus", "line_name": "32"}], "predominant_mode": "bus", "assigned_canton": "Jura", "modes_list": ["bus"]}, "geometry": {"type": "Point", "coordinates": [6.986090753667532, 47.2715614683393]}}, {"id": "15273", "type": "Feature", "properties": {"name": "Les Sairains", "lon": 7.083477107785033, "lat": 47.296430476282545, "stop_id": ["8500866.link:1349967", "8500866.link:1349968"], "lines": [{"line_id": "96-123-4-j24-1", "route_id": "28.TA.96-123-4-j24-1.9.H", "mode": "bus", "line_name": "34"}, {"line_id": "96-123-4-j24-1", "route_id": "16.TA.96-123-4-j24-1.7.H", "mode": "bus", "line_name": "34"}, {"line_id": "96-123-4-j24-1", "route_id": "12.TA.96-123-4-j24-1.5.H", "mode": "bus", "line_name": "34"}, {"line_id": "96-123-4-j24-1", "route_id": "26.TA.96-123-4-j24-1.8.H", "mode": "bus", "line_name": "34"}, {"line_id": "96-123-4-j24-1", "route_id": "6.TA.96-123-4-j24-1.5.H", "mode": "bus", "line_name": "34"}, {"line_id": "96-123-4-j24-1", "route_id": "17.TA.96-123-4-j24-1.7.H", "mode": "bus", "line_name": "34"}, {"line_id": "96-123-4-j24-1", "route_id": "14.TA.96-123-4-j24-1.6.H", "mode": "bus", "line_name": "34"}, {"line_id": "96-123-4-j24-1", "route_id": "22.TA.96-123-4-j24-1.8.H", "mode": "bus", "line_name": "34"}, {"line_id": "96-123-4-j24-1", "route_id": "5.TA.96-123-4-j24-1.4.H", "mode": "bus", "line_name": "34"}, {"line_id": "96-123-4-j24-1", "route_id": "7.TA.96-123-4-j24-1.5.H", "mode": "bus", "line_name": "34"}, {"line_id": "96-123-4-j24-1", "route_id": "51.TA.96-123-4-j24-1.15.R", "mode": "bus", "line_name": "34"}, {"line_id": "96-123-4-j24-1", "route_id": "44.TA.96-123-4-j24-1.14.R", "mode": "bus", "line_name": "34"}, {"line_id": "96-123-4-j24-1", "route_id": "38.TA.96-123-4-j24-1.13.R", "mode": "bus", "line_name": "34"}, {"line_id": "96-123-4-j24-1", "route_id": "53.TA.96-123-4-j24-1.16.R", "mode": "bus", "line_name": "34"}, {"line_id": "96-123-4-j24-1", "route_id": "46.TA.96-123-4-j24-1.15.R", "mode": "bus", "line_name": "34"}, {"line_id": "96-123-4-j24-1", "route_id": "58.TA.96-123-4-j24-1.17.R", "mode": "bus", "line_name": "34"}, {"line_id": "96-123-4-j24-1", "route_id": "35.TA.96-123-4-j24-1.12.R", "mode": "bus", "line_name": "34"}], "predominant_mode": "bus", "assigned_canton": "Jura", "modes_list": ["bus"]}, "geometry": {"type": "Point", "coordinates": [7.083477114705147, 47.29643048680136]}}, {"id": "15856", "type": "Feature", "properties": {"name": "Lucelle", "lon": 7.243314351980844, "lat": 47.41746994377906, "stop_id": ["8572020.link:1723755", "8572020.link:1723756"], "lines": [{"line_id": "96-120-8-j24-1", "route_id": "281.TA.96-120-8-j24-1.27.H", "mode": "bus", "line_name": "8"}, {"line_id": "96-120-8-j24-1", "route_id": "291.TA.96-120-8-j24-1.176.H", "mode": "bus", "line_name": "8"}, {"line_id": "96-120-8-j24-1", "route_id": "187.TA.96-120-8-j24-1.16.H", "mode": "bus", "line_name": "8"}, {"line_id": "96-120-8-j24-1", "route_id": "504.TA.96-120-8-j24-1.41.R", "mode": "bus", "line_name": "8"}, {"line_id": "96-120-8-j24-1", "route_id": "527.TA.96-120-8-j24-1.44.R", "mode": "bus", "line_name": "8"}, {"line_id": "96-120-8-j24-1", "route_id": "572.TA.96-120-8-j24-1.51.R", "mode": "bus", "line_name": "8"}, {"line_id": "96-120-8-j24-1", "route_id": "582.TA.96-120-8-j24-1.56.R", "mode": "bus", "line_name": "8"}, {"line_id": "96-120-8-j24-1", "route_id": "586.TA.96-120-8-j24-1.190.R", "mode": "bus", "line_name": "8"}], "predominant_mode": "bus", "assigned_canton": "Jura", "modes_list": ["bus"]}, "geometry": {"type": "Point", "coordinates": [7.2433143590411655, 47.41746995430102]}}, {"id": "15948", "type": "Feature", "properties": {"name": "Lugnez, Rauracienne", "lon": 7.098703554036126, "lat": 47.48421167604178, "stop_id": ["8572072.link:1064444", "8572072.link:1064445"], "lines": [{"line_id": "96-127-2-j24-1", "route_id": "79.TA.96-127-2-j24-1.5.R", "mode": "bus", "line_name": "72"}, {"line_id": "96-127-2-j24-1", "route_id": "106.TA.96-127-2-j24-1.8.R", "mode": "bus", "line_name": "72"}, {"line_id": "96-127-2-j24-1", "route_id": "14.TA.96-127-2-j24-1.1.H", "mode": "bus", "line_name": "72"}, {"line_id": "96-127-2-j24-1", "route_id": "55.TA.96-127-2-j24-1.7.H", "mode": "bus", "line_name": "72"}, {"line_id": "96-127-2-j24-1", "route_id": "27.TA.96-127-2-j24-1.3.H", "mode": "bus", "line_name": "72"}], "predominant_mode": "bus", "assigned_canton": "Jura", "modes_list": ["bus"]}, "geometry": {"type": "Point", "coordinates": [7.098703560925864, 47.48421168661994]}}, {"id": "15949", "type": "Feature", "properties": {"name": "Lugnez, Terrain de football", "lon": 7.104327014115454, "lat": 47.48639710595365, "stop_id": ["8572073.link:1843062", "8572073.link:1843063"], "lines": [{"line_id": "96-127-2-j24-1", "route_id": "79.TA.96-127-2-j24-1.5.R", "mode": "bus", "line_name": "72"}, {"line_id": "96-127-2-j24-1", "route_id": "106.TA.96-127-2-j24-1.8.R", "mode": "bus", "line_name": "72"}, {"line_id": "96-127-2-j24-1", "route_id": "55.TA.96-127-2-j24-1.7.H", "mode": "bus", "line_name": "72"}, {"line_id": "96-127-2-j24-1", "route_id": "27.TA.96-127-2-j24-1.3.H", "mode": "bus", "line_name": "72"}], "predominant_mode": "bus", "assigned_canton": "Jura", "modes_list": ["bus"]}, "geometry": {"type": "Point", "coordinates": [7.104327021010633, 47.4863971165312]}}, {"id": "15950", "type": "Feature", "properties": {"name": "Lugnez, Union", "lon": 7.101030193907984, "lat": 47.48028374600555, "stop_id": ["8572071.link:1064454", "8572071.link:1064455"], "lines": [{"line_id": "96-127-2-j24-1", "route_id": "79.TA.96-127-2-j24-1.5.R", "mode": "bus", "line_name": "72"}, {"line_id": "96-127-2-j24-1", "route_id": "106.TA.96-127-2-j24-1.8.R", "mode": "bus", "line_name": "72"}, {"line_id": "96-127-2-j24-1", "route_id": "14.TA.96-127-2-j24-1.1.H", "mode": "bus", "line_name": "72"}, {"line_id": "96-127-2-j24-1", "route_id": "55.TA.96-127-2-j24-1.7.H", "mode": "bus", "line_name": "72"}, {"line_id": "96-127-2-j24-1", "route_id": "27.TA.96-127-2-j24-1.3.H", "mode": "bus", "line_name": "72"}], "predominant_mode": "bus", "assigned_canton": "Jura", "modes_list": ["bus"]}, "geometry": {"type": "Point", "coordinates": [7.1010302008012, 47.480283756581876]}}, {"id": "17269", "type": "Feature", "properties": {"name": "Mervelier, Chapelle", "lon": 7.504858840109982, "lat": 47.352633639681834, "stop_id": ["8502484.link:1362769", "8502484.link:1362770"], "lines": [{"line_id": "96-120-7-j24-1", "route_id": "83.TA.96-120-7-j24-1.4.H", "mode": "bus", "line_name": "7"}, {"line_id": "96-120-7-j24-1", "route_id": "74.TA.96-120-7-j24-1.4.H", "mode": "bus", "line_name": "7"}, {"line_id": "96-120-7-j24-1", "route_id": "90.TA.96-120-7-j24-1.4.H", "mode": "bus", "line_name": "7"}, {"line_id": "96-120-7-j24-1", "route_id": "115.TA.96-120-7-j24-1.5.H", "mode": "bus", "line_name": "7"}, {"line_id": "96-120-7-j24-1", "route_id": "88.TA.96-120-7-j24-1.4.H", "mode": "bus", "line_name": "7"}, {"line_id": "96-120-7-j24-1", "route_id": "208.TA.96-120-7-j24-1.9.R", "mode": "bus", "line_name": "7"}, {"line_id": "96-120-7-j24-1", "route_id": "222.TA.96-120-7-j24-1.10.R", "mode": "bus", "line_name": "7"}, {"line_id": "96-120-7-j24-1", "route_id": "245.TA.96-120-7-j24-1.10.R", "mode": "bus", "line_name": "7"}], "predominant_mode": "bus", "assigned_canton": "Jura", "modes_list": ["bus"]}, "geometry": {"type": "Point", "coordinates": [7.504858847462372, 47.35263365011788]}}, {"id": "17270", "type": "Feature", "properties": {"name": "Mervelier, Rue des Pr\u00e9s", "lon": 7.49150987981579, "lat": 47.34416740989106, "stop_id": ["8578923.link:1172565", "8578923.link:1172566"], "lines": [{"line_id": "96-120-7-j24-1", "route_id": "208.TA.96-120-7-j24-1.9.R", "mode": "bus", "line_name": "7"}, {"line_id": "96-120-7-j24-1", "route_id": "222.TA.96-120-7-j24-1.10.R", "mode": "bus", "line_name": "7"}, {"line_id": "96-120-7-j24-1", "route_id": "245.TA.96-120-7-j24-1.10.R", "mode": "bus", "line_name": "7"}, {"line_id": "96-120-7-j24-1", "route_id": "83.TA.96-120-7-j24-1.4.H", "mode": "bus", "line_name": "7"}, {"line_id": "96-120-7-j24-1", "route_id": "74.TA.96-120-7-j24-1.4.H", "mode": "bus", "line_name": "7"}, {"line_id": "96-120-7-j24-1", "route_id": "90.TA.96-120-7-j24-1.4.H", "mode": "bus", "line_name": "7"}, {"line_id": "96-120-7-j24-1", "route_id": "115.TA.96-120-7-j24-1.5.H", "mode": "bus", "line_name": "7"}, {"line_id": "96-120-7-j24-1", "route_id": "88.TA.96-120-7-j24-1.4.H", "mode": "bus", "line_name": "7"}], "predominant_mode": "bus", "assigned_canton": "Jura", "modes_list": ["bus"]}, "geometry": {"type": "Point", "coordinates": [7.491509887156456, 47.34416742032758]}}, {"id": "17271", "type": "Feature", "properties": {"name": "Mervelier, haut du Village", "lon": 7.500807439900138, "lat": 47.346425609745346, "stop_id": ["8582815.link:1741085", "8582815.link:1741086"], "lines": [{"line_id": "96-120-7-j24-1", "route_id": "83.TA.96-120-7-j24-1.4.H", "mode": "bus", "line_name": "7"}, {"line_id": "96-120-7-j24-1", "route_id": "74.TA.96-120-7-j24-1.4.H", "mode": "bus", "line_name": "7"}, {"line_id": "96-120-7-j24-1", "route_id": "90.TA.96-120-7-j24-1.4.H", "mode": "bus", "line_name": "7"}, {"line_id": "96-120-7-j24-1", "route_id": "115.TA.96-120-7-j24-1.5.H", "mode": "bus", "line_name": "7"}, {"line_id": "96-120-7-j24-1", "route_id": "88.TA.96-120-7-j24-1.4.H", "mode": "bus", "line_name": "7"}, {"line_id": "96-120-7-j24-1", "route_id": "208.TA.96-120-7-j24-1.9.R", "mode": "bus", "line_name": "7"}, {"line_id": "96-120-7-j24-1", "route_id": "222.TA.96-120-7-j24-1.10.R", "mode": "bus", "line_name": "7"}, {"line_id": "96-120-7-j24-1", "route_id": "245.TA.96-120-7-j24-1.10.R", "mode": "bus", "line_name": "7"}], "predominant_mode": "bus", "assigned_canton": "Jura", "modes_list": ["bus"]}, "geometry": {"type": "Point", "coordinates": [7.500807447249938, 47.346425620180334]}}, {"id": "17272", "type": "Feature", "properties": {"name": "Mervelier, poste", "lon": 7.4997653898123895, "lat": 47.34380827976165, "stop_id": ["8571980.link:664673", "8571980.link:664674"], "lines": [{"line_id": "96-120-7-j24-1", "route_id": "208.TA.96-120-7-j24-1.9.R", "mode": "bus", "line_name": "7"}, {"line_id": "96-120-7-j24-1", "route_id": "222.TA.96-120-7-j24-1.10.R", "mode": "bus", "line_name": "7"}, {"line_id": "96-120-7-j24-1", "route_id": "245.TA.96-120-7-j24-1.10.R", "mode": "bus", "line_name": "7"}, {"line_id": "96-120-7-j24-1", "route_id": "83.TA.96-120-7-j24-1.4.H", "mode": "bus", "line_name": "7"}, {"line_id": "96-120-7-j24-1", "route_id": "74.TA.96-120-7-j24-1.4.H", "mode": "bus", "line_name": "7"}, {"line_id": "96-120-7-j24-1", "route_id": "90.TA.96-120-7-j24-1.4.H", "mode": "bus", "line_name": "7"}, {"line_id": "96-120-7-j24-1", "route_id": "115.TA.96-120-7-j24-1.5.H", "mode": "bus", "line_name": "7"}, {"line_id": "96-120-7-j24-1", "route_id": "88.TA.96-120-7-j24-1.4.H", "mode": "bus", "line_name": "7"}], "predominant_mode": "bus", "assigned_canton": "Jura", "modes_list": ["bus"]}, "geometry": {"type": "Point", "coordinates": [7.499765397161791, 47.343808290196]}}, {"id": "17273", "type": "Feature", "properties": {"name": "Mervelier, scierie", "lon": 7.494627029808312, "lat": 47.34384480984218, "stop_id": ["8571979.link:1172555", "8571979.link:1172556"], "lines": [{"line_id": "96-120-7-j24-1", "route_id": "208.TA.96-120-7-j24-1.9.R", "mode": "bus", "line_name": "7"}, {"line_id": "96-120-7-j24-1", "route_id": "222.TA.96-120-7-j24-1.10.R", "mode": "bus", "line_name": "7"}, {"line_id": "96-120-7-j24-1", "route_id": "245.TA.96-120-7-j24-1.10.R", "mode": "bus", "line_name": "7"}, {"line_id": "96-120-7-j24-1", "route_id": "83.TA.96-120-7-j24-1.4.H", "mode": "bus", "line_name": "7"}, {"line_id": "96-120-7-j24-1", "route_id": "74.TA.96-120-7-j24-1.4.H", "mode": "bus", "line_name": "7"}, {"line_id": "96-120-7-j24-1", "route_id": "90.TA.96-120-7-j24-1.4.H", "mode": "bus", "line_name": "7"}, {"line_id": "96-120-7-j24-1", "route_id": "115.TA.96-120-7-j24-1.5.H", "mode": "bus", "line_name": "7"}, {"line_id": "96-120-7-j24-1", "route_id": "88.TA.96-120-7-j24-1.4.H", "mode": "bus", "line_name": "7"}], "predominant_mode": "bus", "assigned_canton": "Jura", "modes_list": ["bus"]}, "geometry": {"type": "Point", "coordinates": [7.494627037152332, 47.34384482027781]}}, {"id": "17311", "type": "Feature", "properties": {"name": "Mettembert, bas du village", "lon": 7.322375071421152, "lat": 47.3979909425409, "stop_id": ["8572003.link:583453", "8572003.link:583454"], "lines": [{"line_id": "96-120-6-j24-1", "route_id": "206.TA.96-120-6-j24-1.11.H", "mode": "bus", "line_name": "6"}, {"line_id": "96-120-6-j24-1", "route_id": "24.TA.96-120-6-j24-1.2.H", "mode": "bus", "line_name": "6"}, {"line_id": "96-120-6-j24-1", "route_id": "282.TA.96-120-6-j24-1.14.R", "mode": "bus", "line_name": "6"}, {"line_id": "96-120-6-j24-1", "route_id": "145.TA.96-120-6-j24-1.8.H", "mode": "bus", "line_name": "6"}, {"line_id": "96-120-6-j24-1", "route_id": "353.TA.96-120-6-j24-1.19.R", "mode": "bus", "line_name": "6"}, {"line_id": "96-120-6-j24-1", "route_id": "356.TA.96-120-6-j24-1.19.R", "mode": "bus", "line_name": "6"}], "predominant_mode": "bus", "assigned_canton": "Jura", "modes_list": ["bus"]}, "geometry": {"type": "Point", "coordinates": [7.322375078570053, 47.397990953037215]}}, {"id": "17312", "type": "Feature", "properties": {"name": "Mettembert, bif. sur Forme", "lon": 7.307669651408756, "lat": 47.39810039277126, "stop_id": ["8572005.link:1214449", "8572005.link:1214450"], "lines": [{"line_id": "96-120-6-j24-1", "route_id": "206.TA.96-120-6-j24-1.11.H", "mode": "bus", "line_name": "6"}, {"line_id": "96-120-6-j24-1", "route_id": "24.TA.96-120-6-j24-1.2.H", "mode": "bus", "line_name": "6"}, {"line_id": "96-120-6-j24-1", "route_id": "282.TA.96-120-6-j24-1.14.R", "mode": "bus", "line_name": "6"}, {"line_id": "96-120-6-j24-1", "route_id": "145.TA.96-120-6-j24-1.8.H", "mode": "bus", "line_name": "6"}, {"line_id": "96-120-6-j24-1", "route_id": "353.TA.96-120-6-j24-1.19.R", "mode": "bus", "line_name": "6"}, {"line_id": "96-120-6-j24-1", "route_id": "356.TA.96-120-6-j24-1.19.R", "mode": "bus", "line_name": "6"}], "predominant_mode": "bus", "assigned_canton": "Jura", "modes_list": ["bus"]}, "geometry": {"type": "Point", "coordinates": [7.307669658542109, 47.39810040327121]}}, {"id": "17313", "type": "Feature", "properties": {"name": "Mettembert, \u00e9cole", "lon": 7.319590301420148, "lat": 47.39805175258451, "stop_id": ["8572004.link:197707", "8572004.link:197708"], "lines": [{"line_id": "96-120-6-j24-1", "route_id": "206.TA.96-120-6-j24-1.11.H", "mode": "bus", "line_name": "6"}, {"line_id": "96-120-6-j24-1", "route_id": "24.TA.96-120-6-j24-1.2.H", "mode": "bus", "line_name": "6"}, {"line_id": "96-120-6-j24-1", "route_id": "282.TA.96-120-6-j24-1.14.R", "mode": "bus", "line_name": "6"}, {"line_id": "96-120-6-j24-1", "route_id": "145.TA.96-120-6-j24-1.8.H", "mode": "bus", "line_name": "6"}, {"line_id": "96-120-6-j24-1", "route_id": "353.TA.96-120-6-j24-1.19.R", "mode": "bus", "line_name": "6"}, {"line_id": "96-120-6-j24-1", "route_id": "356.TA.96-120-6-j24-1.19.R", "mode": "bus", "line_name": "6"}], "predominant_mode": "bus", "assigned_canton": "Jura", "modes_list": ["bus"]}, "geometry": {"type": "Point", "coordinates": [7.319590308566096, 47.398051763081504]}}, {"id": "17455", "type": "Feature", "properties": {"name": "Miserez-Dessus", "lon": 7.190529342117742, "lat": 47.423377874605684, "stop_id": ["8572098.link:1544076", "8572098.link:1544077"], "lines": [{"line_id": "96-127-7-j24-1", "route_id": "17.TA.96-127-7-j24-1.9.H", "mode": "bus", "line_name": "77"}, {"line_id": "96-127-7-j24-1", "route_id": "76.TA.96-127-7-j24-1.11.R", "mode": "bus", "line_name": "77"}], "predominant_mode": "bus", "assigned_canton": "Jura", "modes_list": ["bus"]}, "geometry": {"type": "Point", "coordinates": [7.190529349120564, 47.42337788514222]}}, {"id": "17482", "type": "Feature", "properties": {"name": "Mi\u00e9court, village", "lon": 7.17414407223058, "lat": 47.427334364862176, "stop_id": ["8572097.link:991447", "8572097.link:991448"], "lines": [{"line_id": "96-127-7-j24-1", "route_id": "17.TA.96-127-7-j24-1.9.H", "mode": "bus", "line_name": "77"}, {"line_id": "96-127-7-j24-1", "route_id": "76.TA.96-127-7-j24-1.11.R", "mode": "bus", "line_name": "77"}], "predominant_mode": "bus", "assigned_canton": "Jura", "modes_list": ["bus"]}, "geometry": {"type": "Point", "coordinates": [7.174144079214986, 47.42733437540396]}}, {"id": "17595", "type": "Feature", "properties": {"name": "Montavon, La V\u00e9lie", "lon": 7.2340437304159995, "lat": 47.370638883924954, "stop_id": ["8583656.link:599169", "8583656.link:599170"], "lines": [{"line_id": "96-125-1-j24-1", "route_id": "60.TA.96-125-1-j24-1.4.R", "mode": "bus", "line_name": "51"}, {"line_id": "96-125-1-j24-1", "route_id": "16.TA.96-125-1-j24-1.2.H", "mode": "bus", "line_name": "51"}], "predominant_mode": "bus", "assigned_canton": "Jura", "modes_list": ["bus"]}, "geometry": {"type": "Point", "coordinates": [7.234043737478429, 47.37063889443356]}}, {"id": "17596", "type": "Feature", "properties": {"name": "Montavon, village", "lon": 7.23613681047546, "lat": 47.37236059389214, "stop_id": ["8500652.link:470344", "8500652.link:470345"], "lines": [{"line_id": "96-125-1-j24-1", "route_id": "16.TA.96-125-1-j24-1.2.H", "mode": "bus", "line_name": "51"}, {"line_id": "96-125-1-j24-1", "route_id": "60.TA.96-125-1-j24-1.4.R", "mode": "bus", "line_name": "51"}], "predominant_mode": "bus", "assigned_canton": "Jura", "modes_list": ["bus"]}, "geometry": {"type": "Point", "coordinates": [7.2361368175396725, 47.37236060440081]}}, {"id": "17630", "type": "Feature", "properties": {"name": "Montenol, Pr\u00e9s-de-Montenol", "lon": 7.140798609613052, "lat": 47.34962101538535, "stop_id": ["8572104.link:752426", "8572104.link:752427"], "lines": [{"line_id": "96-126-2-j24-1", "route_id": "42.TA.96-126-2-j24-1.5.R", "mode": "bus", "line_name": "62"}, {"line_id": "96-126-2-j24-1", "route_id": "25.TA.96-126-2-j24-1.4.R", "mode": "bus", "line_name": "62"}, {"line_id": "96-126-2-j24-1", "route_id": "4.TA.96-126-2-j24-1.1.H", "mode": "bus", "line_name": "62"}, {"line_id": "96-126-2-j24-1", "route_id": "11.TA.96-126-2-j24-1.2.H", "mode": "bus", "line_name": "62"}], "predominant_mode": "bus", "assigned_canton": "Jura", "modes_list": ["bus"]}, "geometry": {"type": "Point", "coordinates": [7.140798616581453, 47.349621025909045]}}, {"id": "17631", "type": "Feature", "properties": {"name": "Montenol, village", "lon": 7.14981768969469, "lat": 47.35176943524415, "stop_id": ["8572103.link:1185191", "8572103.link:1185192"], "lines": [{"line_id": "96-126-2-j24-1", "route_id": "42.TA.96-126-2-j24-1.5.R", "mode": "bus", "line_name": "62"}, {"line_id": "96-126-2-j24-1", "route_id": "25.TA.96-126-2-j24-1.4.R", "mode": "bus", "line_name": "62"}, {"line_id": "96-126-2-j24-1", "route_id": "4.TA.96-126-2-j24-1.1.H", "mode": "bus", "line_name": "62"}, {"line_id": "96-126-2-j24-1", "route_id": "11.TA.96-126-2-j24-1.2.H", "mode": "bus", "line_name": "62"}], "predominant_mode": "bus", "assigned_canton": "Jura", "modes_list": ["bus"]}, "geometry": {"type": "Point", "coordinates": [7.149817696672184, 47.35176944576645]}}, {"id": "17632", "type": "Feature", "properties": {"name": "Montenol, \u00e9cole", "lon": 7.148856489661299, "lat": 47.35079565525919, "stop_id": ["8500657.link:1185189", "8500657.link:1185190"], "lines": [{"line_id": "96-126-2-j24-1", "route_id": "42.TA.96-126-2-j24-1.5.R", "mode": "bus", "line_name": "62"}, {"line_id": "96-126-2-j24-1", "route_id": "25.TA.96-126-2-j24-1.4.R", "mode": "bus", "line_name": "62"}, {"line_id": "96-126-2-j24-1", "route_id": "4.TA.96-126-2-j24-1.1.H", "mode": "bus", "line_name": "62"}, {"line_id": "96-126-2-j24-1", "route_id": "11.TA.96-126-2-j24-1.2.H", "mode": "bus", "line_name": "62"}], "predominant_mode": "bus", "assigned_canton": "Jura", "modes_list": ["bus"]}, "geometry": {"type": "Point", "coordinates": [7.148856496638015, 47.350795665781355]}}, {"id": "17642", "type": "Feature", "properties": {"name": "Montfaucon, P\u00e9chillard", "lon": 7.06749607761907, "lat": 47.29198282653265, "stop_id": ["8500860.link:1693052", "8500860.link:1693053"], "lines": [{"line_id": "96-123-4-j24-1", "route_id": "28.TA.96-123-4-j24-1.9.H", "mode": "bus", "line_name": "34"}, {"line_id": "96-123-4-j24-1", "route_id": "16.TA.96-123-4-j24-1.7.H", "mode": "bus", "line_name": "34"}, {"line_id": "96-123-4-j24-1", "route_id": "12.TA.96-123-4-j24-1.5.H", "mode": "bus", "line_name": "34"}, {"line_id": "96-123-4-j24-1", "route_id": "26.TA.96-123-4-j24-1.8.H", "mode": "bus", "line_name": "34"}, {"line_id": "96-123-4-j24-1", "route_id": "6.TA.96-123-4-j24-1.5.H", "mode": "bus", "line_name": "34"}, {"line_id": "96-123-4-j24-1", "route_id": "17.TA.96-123-4-j24-1.7.H", "mode": "bus", "line_name": "34"}, {"line_id": "96-123-4-j24-1", "route_id": "14.TA.96-123-4-j24-1.6.H", "mode": "bus", "line_name": "34"}, {"line_id": "96-123-4-j24-1", "route_id": "22.TA.96-123-4-j24-1.8.H", "mode": "bus", "line_name": "34"}, {"line_id": "96-123-4-j24-1", "route_id": "5.TA.96-123-4-j24-1.4.H", "mode": "bus", "line_name": "34"}, {"line_id": "96-123-4-j24-1", "route_id": "7.TA.96-123-4-j24-1.5.H", "mode": "bus", "line_name": "34"}, {"line_id": "96-123-4-j24-1", "route_id": "51.TA.96-123-4-j24-1.15.R", "mode": "bus", "line_name": "34"}, {"line_id": "96-123-4-j24-1", "route_id": "44.TA.96-123-4-j24-1.14.R", "mode": "bus", "line_name": "34"}, {"line_id": "96-123-4-j24-1", "route_id": "38.TA.96-123-4-j24-1.13.R", "mode": "bus", "line_name": "34"}, {"line_id": "96-123-4-j24-1", "route_id": "53.TA.96-123-4-j24-1.16.R", "mode": "bus", "line_name": "34"}, {"line_id": "96-123-4-j24-1", "route_id": "46.TA.96-123-4-j24-1.15.R", "mode": "bus", "line_name": "34"}, {"line_id": "96-123-4-j24-1", "route_id": "58.TA.96-123-4-j24-1.17.R", "mode": "bus", "line_name": "34"}, {"line_id": "96-123-4-j24-1", "route_id": "35.TA.96-123-4-j24-1.12.R", "mode": "bus", "line_name": "34"}], "predominant_mode": "bus", "assigned_canton": "Jura", "modes_list": ["bus"]}, "geometry": {"type": "Point", "coordinates": [7.067496084523093, 47.29198283705364]}}, {"id": "17643", "type": "Feature", "properties": {"name": "Montfaucon, bif. Les Enfers", "lon": 7.05547661737388, "lat": 47.2849998567207, "stop_id": ["8576783.link:555435", "8576783.link:555436"], "lines": [{"line_id": "96-123-4-j24-1", "route_id": "28.TA.96-123-4-j24-1.9.H", "mode": "bus", "line_name": "34"}, {"line_id": "96-123-4-j24-1", "route_id": "16.TA.96-123-4-j24-1.7.H", "mode": "bus", "line_name": "34"}, {"line_id": "96-123-4-j24-1", "route_id": "12.TA.96-123-4-j24-1.5.H", "mode": "bus", "line_name": "34"}, {"line_id": "96-123-4-j24-1", "route_id": "26.TA.96-123-4-j24-1.8.H", "mode": "bus", "line_name": "34"}, {"line_id": "96-123-4-j24-1", "route_id": "6.TA.96-123-4-j24-1.5.H", "mode": "bus", "line_name": "34"}, {"line_id": "96-123-4-j24-1", "route_id": "17.TA.96-123-4-j24-1.7.H", "mode": "bus", "line_name": "34"}, {"line_id": "96-123-4-j24-1", "route_id": "14.TA.96-123-4-j24-1.6.H", "mode": "bus", "line_name": "34"}, {"line_id": "96-123-4-j24-1", "route_id": "22.TA.96-123-4-j24-1.8.H", "mode": "bus", "line_name": "34"}, {"line_id": "96-123-4-j24-1", "route_id": "5.TA.96-123-4-j24-1.4.H", "mode": "bus", "line_name": "34"}, {"line_id": "96-123-4-j24-1", "route_id": "7.TA.96-123-4-j24-1.5.H", "mode": "bus", "line_name": "34"}, {"line_id": "96-123-4-j24-1", "route_id": "51.TA.96-123-4-j24-1.15.R", "mode": "bus", "line_name": "34"}, {"line_id": "96-123-4-j24-1", "route_id": "44.TA.96-123-4-j24-1.14.R", "mode": "bus", "line_name": "34"}, {"line_id": "96-123-4-j24-1", "route_id": "38.TA.96-123-4-j24-1.13.R", "mode": "bus", "line_name": "34"}, {"line_id": "96-123-4-j24-1", "route_id": "53.TA.96-123-4-j24-1.16.R", "mode": "bus", "line_name": "34"}, {"line_id": "96-123-4-j24-1", "route_id": "46.TA.96-123-4-j24-1.15.R", "mode": "bus", "line_name": "34"}, {"line_id": "96-123-4-j24-1", "route_id": "58.TA.96-123-4-j24-1.17.R", "mode": "bus", "line_name": "34"}, {"line_id": "96-123-4-j24-1", "route_id": "35.TA.96-123-4-j24-1.12.R", "mode": "bus", "line_name": "34"}], "predominant_mode": "bus", "assigned_canton": "Jura", "modes_list": ["bus"]}, "geometry": {"type": "Point", "coordinates": [7.055476624266674, 47.28499986724201]}}, {"id": "17644", "type": "Feature", "properties": {"name": "Montfaucon, poste", "lon": 7.050499947273274, "lat": 47.28213572679858, "stop_id": ["8500863.link:1856937", "8500863.link:1856938"], "lines": [{"line_id": "96-123-4-j24-1", "route_id": "28.TA.96-123-4-j24-1.9.H", "mode": "bus", "line_name": "34"}, {"line_id": "96-123-4-j24-1", "route_id": "16.TA.96-123-4-j24-1.7.H", "mode": "bus", "line_name": "34"}, {"line_id": "96-123-4-j24-1", "route_id": "12.TA.96-123-4-j24-1.5.H", "mode": "bus", "line_name": "34"}, {"line_id": "96-123-4-j24-1", "route_id": "26.TA.96-123-4-j24-1.8.H", "mode": "bus", "line_name": "34"}, {"line_id": "96-123-4-j24-1", "route_id": "6.TA.96-123-4-j24-1.5.H", "mode": "bus", "line_name": "34"}, {"line_id": "96-123-4-j24-1", "route_id": "17.TA.96-123-4-j24-1.7.H", "mode": "bus", "line_name": "34"}, {"line_id": "96-123-4-j24-1", "route_id": "14.TA.96-123-4-j24-1.6.H", "mode": "bus", "line_name": "34"}, {"line_id": "96-123-4-j24-1", "route_id": "22.TA.96-123-4-j24-1.8.H", "mode": "bus", "line_name": "34"}, {"line_id": "96-123-4-j24-1", "route_id": "5.TA.96-123-4-j24-1.4.H", "mode": "bus", "line_name": "34"}, {"line_id": "96-123-4-j24-1", "route_id": "7.TA.96-123-4-j24-1.5.H", "mode": "bus", "line_name": "34"}, {"line_id": "96-123-4-j24-1", "route_id": "51.TA.96-123-4-j24-1.15.R", "mode": "bus", "line_name": "34"}, {"line_id": "96-123-4-j24-1", "route_id": "44.TA.96-123-4-j24-1.14.R", "mode": "bus", "line_name": "34"}, {"line_id": "96-123-4-j24-1", "route_id": "38.TA.96-123-4-j24-1.13.R", "mode": "bus", "line_name": "34"}, {"line_id": "96-123-4-j24-1", "route_id": "53.TA.96-123-4-j24-1.16.R", "mode": "bus", "line_name": "34"}, {"line_id": "96-123-4-j24-1", "route_id": "46.TA.96-123-4-j24-1.15.R", "mode": "bus", "line_name": "34"}, {"line_id": "96-123-4-j24-1", "route_id": "58.TA.96-123-4-j24-1.17.R", "mode": "bus", "line_name": "34"}, {"line_id": "96-123-4-j24-1", "route_id": "35.TA.96-123-4-j24-1.12.R", "mode": "bus", "line_name": "34"}], "predominant_mode": "bus", "assigned_canton": "Jura", "modes_list": ["bus"]}, "geometry": {"type": "Point", "coordinates": [7.050499954161407, 47.282135737320026]}}, {"id": "17679", "type": "Feature", "properties": {"name": "Montignez", "lon": 7.059294464092877, "lat": 47.48730159665871, "stop_id": ["8500662.link:948916", "8500662.link:948917"], "lines": [{"line_id": "96-127-9-j24-1", "route_id": "10.TA.96-127-9-j24-1.1.H", "mode": "bus", "line_name": "81"}, {"line_id": "96-128-7-j24-1", "route_id": "2.TA.96-128-7-j24-1.1.H", "mode": "bus", "line_name": "24"}, {"line_id": "96-127-9-j24-1", "route_id": "38.TA.96-127-9-j24-1.2.R", "mode": "bus", "line_name": "81"}], "predominant_mode": "bus", "assigned_canton": "Jura", "modes_list": ["bus"]}, "geometry": {"type": "Point", "coordinates": [7.059294470939818, 47.487301607247176]}}, {"id": "17755", "type": "Feature", "properties": {"name": "Montsevelier, poste", "lon": 7.503807810341979, "lat": 47.35966852969825, "stop_id": ["8500663.link:1741123", "8500663.link:1741124"], "lines": [{"line_id": "96-120-7-j24-1", "route_id": "208.TA.96-120-7-j24-1.9.R", "mode": "bus", "line_name": "7"}, {"line_id": "96-120-7-j24-1", "route_id": "222.TA.96-120-7-j24-1.10.R", "mode": "bus", "line_name": "7"}, {"line_id": "96-120-7-j24-1", "route_id": "245.TA.96-120-7-j24-1.10.R", "mode": "bus", "line_name": "7"}, {"line_id": "96-120-7-j24-1", "route_id": "40.TA.96-120-7-j24-1.2.H", "mode": "bus", "line_name": "7"}, {"line_id": "96-120-7-j24-1", "route_id": "66.TA.96-120-7-j24-1.3.H", "mode": "bus", "line_name": "7"}, {"line_id": "96-120-7-j24-1", "route_id": "41.TA.96-120-7-j24-1.2.H", "mode": "bus", "line_name": "7"}, {"line_id": "96-120-7-j24-1", "route_id": "83.TA.96-120-7-j24-1.4.H", "mode": "bus", "line_name": "7"}, {"line_id": "96-120-7-j24-1", "route_id": "74.TA.96-120-7-j24-1.4.H", "mode": "bus", "line_name": "7"}, {"line_id": "96-120-7-j24-1", "route_id": "150.TA.96-120-7-j24-1.7.R", "mode": "bus", "line_name": "7"}, {"line_id": "96-120-7-j24-1", "route_id": "187.TA.96-120-7-j24-1.8.R", "mode": "bus", "line_name": "7"}, {"line_id": "96-120-7-j24-1", "route_id": "90.TA.96-120-7-j24-1.4.H", "mode": "bus", "line_name": "7"}, {"line_id": "96-120-7-j24-1", "route_id": "115.TA.96-120-7-j24-1.5.H", "mode": "bus", "line_name": "7"}, {"line_id": "96-120-7-j24-1", "route_id": "145.TA.96-120-7-j24-1.7.R", "mode": "bus", "line_name": "7"}, {"line_id": "96-120-7-j24-1", "route_id": "184.TA.96-120-7-j24-1.8.R", "mode": "bus", "line_name": "7"}, {"line_id": "96-120-7-j24-1", "route_id": "181.TA.96-120-7-j24-1.8.R", "mode": "bus", "line_name": "7"}, {"line_id": "96-120-7-j24-1", "route_id": "160.TA.96-120-7-j24-1.8.R", "mode": "bus", "line_name": "7"}, {"line_id": "96-120-7-j24-1", "route_id": "88.TA.96-120-7-j24-1.4.H", "mode": "bus", "line_name": "7"}], "predominant_mode": "bus", "assigned_canton": "Jura", "modes_list": ["bus"]}, "geometry": {"type": "Point", "coordinates": [7.503807817691412, 47.3596685401369]}}, {"id": "17756", "type": "Feature", "properties": {"name": "Montsevelier, village", "lon": 7.506197330369852, "lat": 47.36043524966079, "stop_id": ["8571981.link:1741127", "8571981.link:1741128"], "lines": [{"line_id": "96-120-7-j24-1", "route_id": "208.TA.96-120-7-j24-1.9.R", "mode": "bus", "line_name": "7"}, {"line_id": "96-120-7-j24-1", "route_id": "222.TA.96-120-7-j24-1.10.R", "mode": "bus", "line_name": "7"}, {"line_id": "96-120-7-j24-1", "route_id": "245.TA.96-120-7-j24-1.10.R", "mode": "bus", "line_name": "7"}, {"line_id": "96-120-7-j24-1", "route_id": "83.TA.96-120-7-j24-1.4.H", "mode": "bus", "line_name": "7"}, {"line_id": "96-120-7-j24-1", "route_id": "74.TA.96-120-7-j24-1.4.H", "mode": "bus", "line_name": "7"}, {"line_id": "96-120-7-j24-1", "route_id": "90.TA.96-120-7-j24-1.4.H", "mode": "bus", "line_name": "7"}, {"line_id": "96-120-7-j24-1", "route_id": "115.TA.96-120-7-j24-1.5.H", "mode": "bus", "line_name": "7"}, {"line_id": "96-120-7-j24-1", "route_id": "88.TA.96-120-7-j24-1.4.H", "mode": "bus", "line_name": "7"}], "predominant_mode": "bus", "assigned_canton": "Jura", "modes_list": ["bus"]}, "geometry": {"type": "Point", "coordinates": [7.50619733772158, 47.36043526009913]}}, {"id": "17891", "type": "Feature", "properties": {"name": "Morvillars", "lon": 6.9353628860229675, "lat": 47.54961971859574, "stop_id": ["8718442.link:pt_8718442"], "lines": [{"line_id": "91-C5-j24-1", "route_id": "141.TA.91-C5-j24-1.5.R", "mode": "rail", "line_name": "C5"}, {"line_id": "91-C5-j24-1", "route_id": "152.TA.91-C5-j24-1.5.R", "mode": "rail", "line_name": "C5"}, {"line_id": "91-C5-j24-1", "route_id": "179.TA.91-C5-j24-1.6.R", "mode": "rail", "line_name": "C5"}, {"line_id": "91-C5-j24-1", "route_id": "132.TA.91-C5-j24-1.5.R", "mode": "rail", "line_name": "C5"}, {"line_id": "91-C5-j24-1", "route_id": "166.TA.91-C5-j24-1.6.R", "mode": "rail", "line_name": "C5"}, {"line_id": "91-C5-j24-1", "route_id": "137.TA.91-C5-j24-1.5.R", "mode": "rail", "line_name": "C5"}, {"line_id": "91-C5-j24-1", "route_id": "56.TA.91-C5-j24-1.2.H", "mode": "rail", "line_name": "C5"}, {"line_id": "91-C5-j24-1", "route_id": "84.TA.91-C5-j24-1.3.H", "mode": "rail", "line_name": "C5"}, {"line_id": "91-C5-j24-1", "route_id": "88.TA.91-C5-j24-1.3.H", "mode": "rail", "line_name": "C5"}, {"line_id": "91-C5-j24-1", "route_id": "172.TA.91-C5-j24-1.6.R", "mode": "rail", "line_name": "C5"}, {"line_id": "91-C5-j24-1", "route_id": "82.TA.91-C5-j24-1.3.H", "mode": "rail", "line_name": "C5"}, {"line_id": "91-C5-j24-1", "route_id": "176.TA.91-C5-j24-1.6.R", "mode": "rail", "line_name": "C5"}, {"line_id": "91-C5-j24-1", "route_id": "62.TA.91-C5-j24-1.2.H", "mode": "rail", "line_name": "C5"}, {"line_id": "91-C5-j24-1", "route_id": "182.TA.91-C5-j24-1.6.R", "mode": "rail", "line_name": "C5"}, {"line_id": "91-C5-j24-1", "route_id": "79.TA.91-C5-j24-1.3.H", "mode": "rail", "line_name": "C5"}, {"line_id": "91-C5-j24-1", "route_id": "188.TA.91-C5-j24-1.6.R", "mode": "rail", "line_name": "C5"}, {"line_id": "91-C5-j24-1", "route_id": "73.TA.91-C5-j24-1.3.H", "mode": "rail", "line_name": "C5"}, {"line_id": "91-C5-j24-1", "route_id": "65.TA.91-C5-j24-1.2.H", "mode": "rail", "line_name": "C5"}, {"line_id": "91-C5-j24-1", "route_id": "191.TA.91-C5-j24-1.6.R", "mode": "rail", "line_name": "C5"}, {"line_id": "91-C5-j24-1", "route_id": "76.TA.91-C5-j24-1.3.H", "mode": "rail", "line_name": "C5"}], "predominant_mode": "rail", "assigned_canton": "Jura", "modes_list": ["rail"]}, "geometry": {"type": "Point", "coordinates": [6.9353628927217725, 47.54961972923269]}}, {"id": "17953", "type": "Feature", "properties": {"name": "Movelier, Place du 23 Juin", "lon": 7.317299591786839, "lat": 47.40917218262021, "stop_id": ["8571986.link:1719987", "8571986.link:1719988", "8571986.link:1829234"], "lines": [{"line_id": "96-120-6-j24-1", "route_id": "439.TA.96-120-6-j24-1.26.R", "mode": "bus", "line_name": "6"}, {"line_id": "96-120-6-j24-1", "route_id": "452.TA.96-120-6-j24-1.24.R", "mode": "bus", "line_name": "6"}, {"line_id": "96-120-6-j24-1", "route_id": "328.TA.96-120-6-j24-1.17.R", "mode": "bus", "line_name": "6"}, {"line_id": "96-120-6-j24-1", "route_id": "370.TA.96-120-6-j24-1.20.R", "mode": "bus", "line_name": "6"}, {"line_id": "96-120-6-j24-1", "route_id": "442.TA.96-120-6-j24-1.24.R", "mode": "bus", "line_name": "6"}, {"line_id": "96-120-6-j24-1", "route_id": "145.TA.96-120-6-j24-1.8.H", "mode": "bus", "line_name": "6"}, {"line_id": "96-120-6-j24-1", "route_id": "250.TA.96-120-6-j24-1.12.H", "mode": "bus", "line_name": "6"}, {"line_id": "96-120-6-j24-1", "route_id": "142.TA.96-120-6-j24-1.25.H", "mode": "bus", "line_name": "6"}, {"line_id": "96-120-6-j24-1", "route_id": "149.TA.96-120-6-j24-1.9.H", "mode": "bus", "line_name": "6"}, {"line_id": "96-120-6-j24-1", "route_id": "51.TA.96-120-6-j24-1.4.H", "mode": "bus", "line_name": "6"}, {"line_id": "96-120-6-j24-1", "route_id": "53.TA.96-120-6-j24-1.5.H", "mode": "bus", "line_name": "6"}], "predominant_mode": "bus", "assigned_canton": "Jura", "modes_list": ["bus"]}, "geometry": {"type": "Point", "coordinates": [7.317299598927492, 47.40917219312145]}}, {"id": "17954", "type": "Feature", "properties": {"name": "Movelier, haut du village", "lon": 7.324504081820948, "lat": 47.40996250250733, "stop_id": ["8571987.link:1719977", "8571987.link:1719978"], "lines": [{"line_id": "96-120-6-j24-1", "route_id": "439.TA.96-120-6-j24-1.26.R", "mode": "bus", "line_name": "6"}, {"line_id": "96-120-6-j24-1", "route_id": "452.TA.96-120-6-j24-1.24.R", "mode": "bus", "line_name": "6"}, {"line_id": "96-120-6-j24-1", "route_id": "328.TA.96-120-6-j24-1.17.R", "mode": "bus", "line_name": "6"}, {"line_id": "96-120-6-j24-1", "route_id": "370.TA.96-120-6-j24-1.20.R", "mode": "bus", "line_name": "6"}, {"line_id": "96-120-6-j24-1", "route_id": "442.TA.96-120-6-j24-1.24.R", "mode": "bus", "line_name": "6"}, {"line_id": "96-120-6-j24-1", "route_id": "145.TA.96-120-6-j24-1.8.H", "mode": "bus", "line_name": "6"}, {"line_id": "96-120-6-j24-1", "route_id": "250.TA.96-120-6-j24-1.12.H", "mode": "bus", "line_name": "6"}, {"line_id": "96-120-6-j24-1", "route_id": "142.TA.96-120-6-j24-1.25.H", "mode": "bus", "line_name": "6"}, {"line_id": "96-120-6-j24-1", "route_id": "149.TA.96-120-6-j24-1.9.H", "mode": "bus", "line_name": "6"}, {"line_id": "96-120-6-j24-1", "route_id": "51.TA.96-120-6-j24-1.4.H", "mode": "bus", "line_name": "6"}], "predominant_mode": "bus", "assigned_canton": "Jura", "modes_list": ["bus"]}, "geometry": {"type": "Point", "coordinates": [7.324504088968995, 47.4099625130071]}}, {"id": "17955", "type": "Feature", "properties": {"name": "Movelier, poste", "lon": 7.313921931763586, "lat": 47.40858247267314, "stop_id": ["8500664.link:1829227", "8500664.link:1829228"], "lines": [{"line_id": "96-120-6-j24-1", "route_id": "145.TA.96-120-6-j24-1.8.H", "mode": "bus", "line_name": "6"}, {"line_id": "96-120-6-j24-1", "route_id": "250.TA.96-120-6-j24-1.12.H", "mode": "bus", "line_name": "6"}, {"line_id": "96-120-6-j24-1", "route_id": "142.TA.96-120-6-j24-1.25.H", "mode": "bus", "line_name": "6"}, {"line_id": "96-120-6-j24-1", "route_id": "149.TA.96-120-6-j24-1.9.H", "mode": "bus", "line_name": "6"}, {"line_id": "96-120-6-j24-1", "route_id": "51.TA.96-120-6-j24-1.4.H", "mode": "bus", "line_name": "6"}, {"line_id": "96-120-6-j24-1", "route_id": "53.TA.96-120-6-j24-1.5.H", "mode": "bus", "line_name": "6"}, {"line_id": "96-120-6-j24-1", "route_id": "439.TA.96-120-6-j24-1.26.R", "mode": "bus", "line_name": "6"}, {"line_id": "96-120-6-j24-1", "route_id": "452.TA.96-120-6-j24-1.24.R", "mode": "bus", "line_name": "6"}, {"line_id": "96-120-6-j24-1", "route_id": "328.TA.96-120-6-j24-1.17.R", "mode": "bus", "line_name": "6"}, {"line_id": "96-120-6-j24-1", "route_id": "370.TA.96-120-6-j24-1.20.R", "mode": "bus", "line_name": "6"}, {"line_id": "96-120-6-j24-1", "route_id": "442.TA.96-120-6-j24-1.24.R", "mode": "bus", "line_name": "6"}], "predominant_mode": "bus", "assigned_canton": "Jura", "modes_list": ["bus"]}, "geometry": {"type": "Point", "coordinates": [7.313921938900827, 47.40858248317502]}}, {"id": "17956", "type": "Feature", "properties": {"name": "Movelier,Pl. de la Distillerie", "lon": 7.320057421801985, "lat": 47.409536952577035, "stop_id": ["8582155.link:1719983", "8582155.link:1719984"], "lines": [{"line_id": "96-120-6-j24-1", "route_id": "439.TA.96-120-6-j24-1.26.R", "mode": "bus", "line_name": "6"}, {"line_id": "96-120-6-j24-1", "route_id": "452.TA.96-120-6-j24-1.24.R", "mode": "bus", "line_name": "6"}, {"line_id": "96-120-6-j24-1", "route_id": "328.TA.96-120-6-j24-1.17.R", "mode": "bus", "line_name": "6"}, {"line_id": "96-120-6-j24-1", "route_id": "370.TA.96-120-6-j24-1.20.R", "mode": "bus", "line_name": "6"}, {"line_id": "96-120-6-j24-1", "route_id": "442.TA.96-120-6-j24-1.24.R", "mode": "bus", "line_name": "6"}, {"line_id": "96-120-6-j24-1", "route_id": "145.TA.96-120-6-j24-1.8.H", "mode": "bus", "line_name": "6"}, {"line_id": "96-120-6-j24-1", "route_id": "250.TA.96-120-6-j24-1.12.H", "mode": "bus", "line_name": "6"}, {"line_id": "96-120-6-j24-1", "route_id": "142.TA.96-120-6-j24-1.25.H", "mode": "bus", "line_name": "6"}, {"line_id": "96-120-6-j24-1", "route_id": "149.TA.96-120-6-j24-1.9.H", "mode": "bus", "line_name": "6"}, {"line_id": "96-120-6-j24-1", "route_id": "51.TA.96-120-6-j24-1.4.H", "mode": "bus", "line_name": "6"}], "predominant_mode": "bus", "assigned_canton": "Jura", "modes_list": ["bus"]}, "geometry": {"type": "Point", "coordinates": [7.320057428945455, 47.40953696307772]}}, {"id": "18098", "type": "Feature", "properties": {"name": "Muriaux", "lon": 6.9852373459419645, "lat": 47.24421702781922, "stop_id": ["8500169.link:805571", "8500169.link:805572"], "lines": [{"line_id": "91-36-C-j24-1", "route_id": "62.TA.91-36-C-j24-1.7.H", "mode": "rail", "line_name": "R36"}, {"line_id": "91-36-C-j24-1", "route_id": "63.TA.91-36-C-j24-1.7.H", "mode": "rail", "line_name": "R36"}, {"line_id": "91-36-C-j24-1", "route_id": "39.TA.91-36-C-j24-1.6.H", "mode": "rail", "line_name": "R36"}, {"line_id": "91-36-C-j24-1", "route_id": "12.TA.91-36-C-j24-1.2.H", "mode": "rail", "line_name": "R36"}, {"line_id": "91-36-C-j24-1", "route_id": "25.TA.91-36-C-j24-1.4.H", "mode": "rail", "line_name": "R36"}, {"line_id": "91-36-C-j24-1", "route_id": "42.TA.91-36-C-j24-1.6.H", "mode": "rail", "line_name": "R36"}, {"line_id": "91-36-C-j24-1", "route_id": "26.TA.91-36-C-j24-1.4.H", "mode": "rail", "line_name": "R36"}, {"line_id": "91-36-C-j24-1", "route_id": "46.TA.91-36-C-j24-1.6.H", "mode": "rail", "line_name": "R36"}, {"line_id": "91-36-C-j24-1", "route_id": "6.TA.91-36-C-j24-1.1.H", "mode": "rail", "line_name": "R36"}, {"line_id": "91-36-C-j24-1", "route_id": "59.TA.91-36-C-j24-1.7.H", "mode": "rail", "line_name": "R36"}, {"line_id": "91-36-C-j24-1", "route_id": "32.TA.91-36-C-j24-1.6.H", "mode": "rail", "line_name": "R36"}, {"line_id": "91-36-C-j24-1", "route_id": "106.TA.91-36-C-j24-1.12.R", "mode": "rail", "line_name": "R36"}, {"line_id": "91-36-C-j24-1", "route_id": "99.TA.91-36-C-j24-1.12.R", "mode": "rail", "line_name": "R36"}, {"line_id": "91-36-C-j24-1", "route_id": "121.TA.91-36-C-j24-1.13.R", "mode": "rail", "line_name": "R36"}, {"line_id": "91-36-C-j24-1", "route_id": "70.TA.91-36-C-j24-1.8.R", "mode": "rail", "line_name": "R36"}, {"line_id": "91-36-C-j24-1", "route_id": "110.TA.91-36-C-j24-1.13.R", "mode": "rail", "line_name": "R36"}, {"line_id": "91-36-C-j24-1", "route_id": "90.TA.91-36-C-j24-1.11.R", "mode": "rail", "line_name": "R36"}, {"line_id": "91-36-C-j24-1", "route_id": "98.TA.91-36-C-j24-1.12.R", "mode": "rail", "line_name": "R36"}, {"line_id": "91-36-C-j24-1", "route_id": "81.TA.91-36-C-j24-1.9.R", "mode": "rail", "line_name": "R36"}, {"line_id": "91-36-C-j24-1", "route_id": "96.TA.91-36-C-j24-1.12.R", "mode": "rail", "line_name": "R36"}, {"line_id": "91-36-C-j24-1", "route_id": "100.TA.91-36-C-j24-1.12.R", "mode": "rail", "line_name": "R36"}, {"line_id": "91-36-C-j24-1", "route_id": "107.TA.91-36-C-j24-1.13.R", "mode": "rail", "line_name": "R36"}, {"line_id": "91-36-C-j24-1", "route_id": "120.TA.91-36-C-j24-1.13.R", "mode": "rail", "line_name": "R36"}, {"line_id": "91-36-C-j24-1", "route_id": "94.TA.91-36-C-j24-1.12.R", "mode": "rail", "line_name": "R36"}], "predominant_mode": "rail", "assigned_canton": "Jura", "modes_list": ["rail"]}, "geometry": {"type": "Point", "coordinates": [6.985237352768759, 47.24421703834233]}}, {"id": "18099", "type": "Feature", "properties": {"name": "Muriaux, gare", "lon": 6.985165475923941, "lat": 47.24367426782034, "stop_id": ["8594495.link:390978", "8594495.link:390979"], "lines": [{"line_id": "96-123-4-j24-1", "route_id": "28.TA.96-123-4-j24-1.9.H", "mode": "bus", "line_name": "34"}, {"line_id": "96-128-1-j24-1", "route_id": "5.TA.96-128-1-j24-1.3.R", "mode": "bus", "line_name": "N21"}, {"line_id": "96-128-1-j24-1", "route_id": "6.TA.96-128-1-j24-1.4.R", "mode": "bus", "line_name": "N21"}, {"line_id": "92-A03-O-j24-1", "route_id": "2.TA.92-A03-O-j24-1.1.H", "mode": "bus", "line_name": "EV2"}, {"line_id": "96-128-2-j24-1", "route_id": "2.TA.96-128-2-j24-1.5.H", "mode": "bus", "line_name": "N22"}, {"line_id": "96-128-2-j24-1", "route_id": "4.TA.96-128-2-j24-1.5.H", "mode": "bus", "line_name": "N22"}, {"line_id": "96-128-2-j24-1", "route_id": "10.TA.96-128-2-j24-1.6.R", "mode": "bus", "line_name": "N22"}, {"line_id": "92-A03-O-j24-1", "route_id": "3.TA.92-A03-O-j24-1.2.R", "mode": "bus", "line_name": "EV2"}, {"line_id": "96-128-1-j24-1", "route_id": "1.TA.96-128-1-j24-1.1.H", "mode": "bus", "line_name": "N21"}, {"line_id": "96-128-1-j24-1", "route_id": "4.TA.96-128-1-j24-1.2.H", "mode": "bus", "line_name": "N21"}, {"line_id": "96-123-4-j24-1", "route_id": "58.TA.96-123-4-j24-1.17.R", "mode": "bus", "line_name": "34"}], "predominant_mode": "bus", "assigned_canton": "Jura", "modes_list": ["bus"]}, "geometry": {"type": "Point", "coordinates": [6.985165482750788, 47.24367427834324]}}, {"id": "19638", "type": "Feature", "properties": {"name": "Ocourt", "lon": 7.077152969597539, "lat": 47.35139209638193, "stop_id": ["8500653.link:1975239", "8500653.link:1975240"], "lines": [{"line_id": "96-126-1-j24-1", "route_id": "168.TA.96-126-1-j24-1.9.R", "mode": "bus", "line_name": "61"}, {"line_id": "96-126-1-j24-1", "route_id": "160.TA.96-126-1-j24-1.7.R", "mode": "bus", "line_name": "61"}, {"line_id": "96-126-1-j24-1", "route_id": "162.TA.96-126-1-j24-1.8.R", "mode": "bus", "line_name": "61"}, {"line_id": "96-126-1-j24-1", "route_id": "78.TA.96-126-1-j24-1.3.H", "mode": "bus", "line_name": "61"}, {"line_id": "96-126-1-j24-1", "route_id": "74.TA.96-126-1-j24-1.3.H", "mode": "bus", "line_name": "61"}, {"line_id": "96-126-1-j24-1", "route_id": "80.TA.96-126-1-j24-1.4.H", "mode": "bus", "line_name": "61"}], "predominant_mode": "bus", "assigned_canton": "Jura", "modes_list": ["bus"]}, "geometry": {"type": "Point", "coordinates": [7.07715297649738, 47.35139210692121]}}, {"id": "19639", "type": "Feature", "properties": {"name": "Ocourt, Moulin-du-Doubs", "lon": 7.08875021958253, "lat": 47.350527866200366, "stop_id": ["8572039.link:725853", "8572039.link:725854"], "lines": [{"line_id": "96-126-1-j24-1", "route_id": "168.TA.96-126-1-j24-1.9.R", "mode": "bus", "line_name": "61"}, {"line_id": "96-126-1-j24-1", "route_id": "160.TA.96-126-1-j24-1.7.R", "mode": "bus", "line_name": "61"}, {"line_id": "96-126-1-j24-1", "route_id": "162.TA.96-126-1-j24-1.8.R", "mode": "bus", "line_name": "61"}, {"line_id": "96-126-1-j24-1", "route_id": "78.TA.96-126-1-j24-1.3.H", "mode": "bus", "line_name": "61"}, {"line_id": "96-126-1-j24-1", "route_id": "74.TA.96-126-1-j24-1.3.H", "mode": "bus", "line_name": "61"}, {"line_id": "96-126-1-j24-1", "route_id": "80.TA.96-126-1-j24-1.4.H", "mode": "bus", "line_name": "61"}], "predominant_mode": "bus", "assigned_canton": "Jura", "modes_list": ["bus"]}, "geometry": {"type": "Point", "coordinates": [7.088750226495016, 47.3505278767366]}}, {"id": "20520", "type": "Feature", "properties": {"name": "Pleigne, Dvain L'heu", "lon": 7.290395051696644, "lat": 47.40734224304172, "stop_id": ["8582584.link:655914", "8582584.link:655915"], "lines": [{"line_id": "96-120-6-j24-1", "route_id": "282.TA.96-120-6-j24-1.14.R", "mode": "bus", "line_name": "6"}, {"line_id": "96-120-6-j24-1", "route_id": "145.TA.96-120-6-j24-1.8.H", "mode": "bus", "line_name": "6"}, {"line_id": "96-120-6-j24-1", "route_id": "353.TA.96-120-6-j24-1.19.R", "mode": "bus", "line_name": "6"}, {"line_id": "96-120-6-j24-1", "route_id": "356.TA.96-120-6-j24-1.19.R", "mode": "bus", "line_name": "6"}, {"line_id": "96-120-6-j24-1", "route_id": "206.TA.96-120-6-j24-1.11.H", "mode": "bus", "line_name": "6"}, {"line_id": "96-120-6-j24-1", "route_id": "24.TA.96-120-6-j24-1.2.H", "mode": "bus", "line_name": "6"}], "predominant_mode": "bus", "assigned_canton": "Jura", "modes_list": ["bus"]}, "geometry": {"type": "Point", "coordinates": [7.29039505880937, 47.40734225354891]}}, {"id": "20521", "type": "Feature", "properties": {"name": "Pleigne, Place du 23-Juin", "lon": 7.292128801705396, "lat": 47.407548953014555, "stop_id": ["8572007.link:1829185", "8572007.link:1829186"], "lines": [{"line_id": "96-120-6-j24-1", "route_id": "282.TA.96-120-6-j24-1.14.R", "mode": "bus", "line_name": "6"}, {"line_id": "96-120-6-j24-1", "route_id": "145.TA.96-120-6-j24-1.8.H", "mode": "bus", "line_name": "6"}, {"line_id": "96-120-6-j24-1", "route_id": "353.TA.96-120-6-j24-1.19.R", "mode": "bus", "line_name": "6"}, {"line_id": "96-120-6-j24-1", "route_id": "356.TA.96-120-6-j24-1.19.R", "mode": "bus", "line_name": "6"}, {"line_id": "96-120-6-j24-1", "route_id": "53.TA.96-120-6-j24-1.5.H", "mode": "bus", "line_name": "6"}, {"line_id": "96-120-6-j24-1", "route_id": "206.TA.96-120-6-j24-1.11.H", "mode": "bus", "line_name": "6"}, {"line_id": "96-120-6-j24-1", "route_id": "24.TA.96-120-6-j24-1.2.H", "mode": "bus", "line_name": "6"}], "predominant_mode": "bus", "assigned_canton": "Jura", "modes_list": ["bus"]}, "geometry": {"type": "Point", "coordinates": [7.292128808819899, 47.4075489635214]}}, {"id": "20522", "type": "Feature", "properties": {"name": "Pleigne, bif. B\u00fcrgisberg", "lon": 7.29430272155899, "lat": 47.40306809298061, "stop_id": ["8572006.link:802772", "8572006.link:802773"], "lines": [{"line_id": "96-120-6-j24-1", "route_id": "282.TA.96-120-6-j24-1.14.R", "mode": "bus", "line_name": "6"}, {"line_id": "96-120-6-j24-1", "route_id": "145.TA.96-120-6-j24-1.8.H", "mode": "bus", "line_name": "6"}, {"line_id": "96-120-6-j24-1", "route_id": "353.TA.96-120-6-j24-1.19.R", "mode": "bus", "line_name": "6"}, {"line_id": "96-120-6-j24-1", "route_id": "356.TA.96-120-6-j24-1.19.R", "mode": "bus", "line_name": "6"}, {"line_id": "96-120-6-j24-1", "route_id": "206.TA.96-120-6-j24-1.11.H", "mode": "bus", "line_name": "6"}, {"line_id": "96-120-6-j24-1", "route_id": "24.TA.96-120-6-j24-1.2.H", "mode": "bus", "line_name": "6"}], "predominant_mode": "bus", "assigned_canton": "Jura", "modes_list": ["bus"]}, "geometry": {"type": "Point", "coordinates": [7.294302728676943, 47.40306810348546]}}, {"id": "20523", "type": "Feature", "properties": {"name": "Pleujouse, bas du village", "lon": 7.207588351727112, "lat": 47.41103853433877, "stop_id": ["8572093.link:1747598", "8572093.link:1747599"], "lines": [{"line_id": "96-127-6-j24-1", "route_id": "28.TA.96-127-6-j24-1.1.H", "mode": "bus", "line_name": "76"}, {"line_id": "96-127-6-j24-1", "route_id": "47.TA.96-127-6-j24-1.2.R", "mode": "bus", "line_name": "76"}], "predominant_mode": "bus", "assigned_canton": "Jura", "modes_list": ["bus"]}, "geometry": {"type": "Point", "coordinates": [7.20758835875119, 47.4110385448672]}}, {"id": "20629", "type": "Feature", "properties": {"name": "Porrentruy", "lon": 7.080112919399042, "lat": 47.42063216883482, "stop_id": ["8500126:0:1.link:1128217", "8500126:0:1.link:1128218", "8500126:0:2.link:1128217", "8500126:0:3.link:1128214"], "lines": [{"line_id": "91-56-B-j24-1", "route_id": "248.TA.91-56-B-j24-1.17.R", "mode": "rail", "line_name": "RE56"}, {"line_id": "91-56-B-j24-1", "route_id": "361.TA.91-56-B-j24-1.25.R", "mode": "rail", "line_name": "RE56"}, {"line_id": "91-3-B-j24-1", "route_id": "3718.TA.91-3-B-j24-1.705.R", "mode": "rail", "line_name": "S3"}, {"line_id": "91-56-B-j24-1", "route_id": "451.TA.91-56-B-j24-1.27.R", "mode": "rail", "line_name": "RE56"}, {"line_id": "91-3-B-j24-1", "route_id": "5388.TA.91-3-B-j24-1.638.R", "mode": "rail", "line_name": "S3"}, {"line_id": "91-3-B-j24-1", "route_id": "3687.TA.91-3-B-j24-1.372.R", "mode": "rail", "line_name": "S3"}, {"line_id": "91-56-B-j24-1", "route_id": "363.TA.91-56-B-j24-1.25.R", "mode": "rail", "line_name": "RE56"}, {"line_id": "91-56-B-j24-1", "route_id": "347.TA.91-56-B-j24-1.142.R", "mode": "rail", "line_name": "RE56"}, {"line_id": "91-3-B-j24-1", "route_id": "3736.TA.91-3-B-j24-1.705.R", "mode": "rail", "line_name": "S3"}, {"line_id": "91-56-B-j24-1", "route_id": "385.TA.91-56-B-j24-1.26.R", "mode": "rail", "line_name": "RE56"}, {"line_id": "91-3-B-j24-1", "route_id": "3250.TA.91-3-B-j24-1.2653.H", "mode": "rail", "line_name": "S3"}, {"line_id": "91-56-B-j24-1", "route_id": "133.TA.91-56-B-j24-1.11.H", "mode": "rail", "line_name": "RE56"}, {"line_id": "91-56-B-j24-1", "route_id": "103.TA.91-56-B-j24-1.7.H", "mode": "rail", "line_name": "RE56"}, {"line_id": "91-56-B-j24-1", "route_id": "120.TA.91-56-B-j24-1.10.H", "mode": "rail", "line_name": "RE56"}, {"line_id": "91-3-B-j24-1", "route_id": "503.TA.91-3-B-j24-1.20.H", "mode": "rail", "line_name": "S3"}, {"line_id": "91-56-B-j24-1", "route_id": "204.TA.91-56-B-j24-1.71.H", "mode": "rail", "line_name": "RE56"}, {"line_id": "91-3-B-j24-1", "route_id": "3246.TA.91-3-B-j24-1.2652.H", "mode": "rail", "line_name": "S3"}, {"line_id": "91-56-B-j24-1", "route_id": "149.TA.91-56-B-j24-1.11.H", "mode": "rail", "line_name": "RE56"}, {"line_id": "91-56-B-j24-1", "route_id": "107.TA.91-56-B-j24-1.8.H", "mode": "rail", "line_name": "RE56"}, {"line_id": "91-3-B-j24-1", "route_id": "533.TA.91-3-B-j24-1.24.H", "mode": "rail", "line_name": "S3"}, {"line_id": "91-3-B-j24-1", "route_id": "3214.TA.91-3-B-j24-1.2650.H", "mode": "rail", "line_name": "S3"}, {"line_id": "91-3-B-j24-1", "route_id": "3233.TA.91-3-B-j24-1.4244.H", "mode": "rail", "line_name": "S3"}, {"line_id": "91-56-B-j24-1", "route_id": "330.TA.91-56-B-j24-1.18.R", "mode": "rail", "line_name": "RE56"}, {"line_id": "91-56-B-j24-1", "route_id": "99.TA.91-56-B-j24-1.6.H", "mode": "rail", "line_name": "RE56"}, {"line_id": "91-56-B-j24-1", "route_id": "227.TA.91-56-B-j24-1.14.H", "mode": "rail", "line_name": "RE56"}, {"line_id": "91-56-B-j24-1", "route_id": "8.TA.91-56-B-j24-1.2.H", "mode": "rail", "line_name": "RE56"}, {"line_id": "91-3-B-j24-1", "route_id": "3302.TA.91-3-B-j24-1.2961.H", "mode": "rail", "line_name": "S3"}], "predominant_mode": "rail", "assigned_canton": "Jura", "modes_list": ["rail"]}, "geometry": {"type": "Point", "coordinates": [7.080112926284897, 47.42063217939663]}}, {"id": "20630", "type": "Feature", "properties": {"name": "Porrentruy, Bacavoine", "lon": 7.0781680615965765, "lat": 47.41159782636547, "stop_id": ["8582037.link:1582076", "8582037.link:1582077"], "lines": [{"line_id": "96-127-5-j24-1", "route_id": "17.TA.96-127-5-j24-1.2.H", "mode": "bus", "line_name": "75"}, {"line_id": "96-127-5-j24-1", "route_id": "61.TA.96-127-5-j24-1.4.R", "mode": "bus", "line_name": "75"}], "predominant_mode": "bus", "assigned_canton": "Jura", "modes_list": ["bus"]}, "geometry": {"type": "Point", "coordinates": [7.078168068482598, 47.41159783692474]}}, {"id": "20631", "type": "Feature", "properties": {"name": "Porrentruy, Belle-Croix", "lon": 7.0662564016233675, "lat": 47.41282579655195, "stop_id": ["8572055.link:978765", "8572055.link:978766"], "lines": [{"line_id": "96-127-3-j24-1", "route_id": "23.TA.96-127-3-j24-1.1.H", "mode": "bus", "line_name": "73"}, {"line_id": "96-127-3-j24-1", "route_id": "45.TA.96-127-3-j24-1.1.H", "mode": "bus", "line_name": "73"}, {"line_id": "96-127-3-j24-1", "route_id": "70.TA.96-127-3-j24-1.2.H", "mode": "bus", "line_name": "73"}, {"line_id": "96-127-3-j24-1", "route_id": "142.TA.96-127-3-j24-1.4.R", "mode": "bus", "line_name": "73"}], "predominant_mode": "bus", "assigned_canton": "Jura", "modes_list": ["bus"]}, "geometry": {"type": "Point", "coordinates": [7.066256408496345, 47.41282580711445]}}, {"id": "20632", "type": "Feature", "properties": {"name": "Porrentruy, Ch\u00e2teau", "lon": 7.0679542217825055, "lat": 47.41755504652528, "stop_id": ["8582036.link:791967"], "lines": [{"line_id": "96-127-1-j24-1", "route_id": "1.TA.96-127-1-j24-1.1.H", "mode": "bus", "line_name": "71"}, {"line_id": "96-127-1-j24-1", "route_id": "24.TA.96-127-1-j24-1.3.H", "mode": "bus", "line_name": "71"}], "predominant_mode": "bus", "assigned_canton": "Jura", "modes_list": ["bus"]}, "geometry": {"type": "Point", "coordinates": [7.067954228656125, 47.417555057088926]}}, {"id": "20633", "type": "Feature", "properties": {"name": "Porrentruy, Coll\u00e8ge Thurmann", "lon": 7.079479602048949, "lat": 47.425164716344625, "stop_id": ["8557071.link:1135143", "8557071.link:1135144"], "lines": [{"line_id": "96-127-0-j24-1", "route_id": "4.TA.96-127-0-j24-1.1.H", "mode": "bus", "line_name": "70"}, {"line_id": "96-127-0-j24-1", "route_id": "4.TA.96-127-0-j24-1.1.H", "mode": "bus", "line_name": "70"}], "predominant_mode": "bus", "assigned_canton": "Jura", "modes_list": ["bus"]}, "geometry": {"type": "Point", "coordinates": [7.0794796089329965, 47.425164726908115]}}, {"id": "20634", "type": "Feature", "properties": {"name": "Porrentruy, Etang Corbat", "lon": 7.063489591462975, "lat": 47.40809611659537, "stop_id": ["8507642.link:1042335", "8507642.link:1042336"], "lines": [{"line_id": "96-127-4-j24-1", "route_id": "11.TA.96-127-4-j24-1.1.H", "mode": "bus", "line_name": "74"}, {"line_id": "96-127-4-j24-1", "route_id": "39.TA.96-127-4-j24-1.2.R", "mode": "bus", "line_name": "74"}], "predominant_mode": "bus", "assigned_canton": "Jura", "modes_list": ["bus"]}, "geometry": {"type": "Point", "coordinates": [7.063489598334166, 47.40809612715693]}}, {"id": "20635", "type": "Feature", "properties": {"name": "Porrentruy, Fbg St. Germain", "lon": 7.077197881762255, "lat": 47.41661895638055, "stop_id": ["8583657.link:1686135", "8583657.link:1686136"], "lines": [{"line_id": "96-127-4-j24-1", "route_id": "39.TA.96-127-4-j24-1.2.R", "mode": "bus", "line_name": "74"}, {"line_id": "96-127-3-j24-1", "route_id": "142.TA.96-127-3-j24-1.4.R", "mode": "bus", "line_name": "73"}, {"line_id": "96-127-0-j24-1", "route_id": "8.TA.96-127-0-j24-1.2.R", "mode": "bus", "line_name": "70"}, {"line_id": "96-127-4-j24-1", "route_id": "11.TA.96-127-4-j24-1.1.H", "mode": "bus", "line_name": "74"}, {"line_id": "96-127-3-j24-1", "route_id": "70.TA.96-127-3-j24-1.2.H", "mode": "bus", "line_name": "73"}, {"line_id": "96-127-3-j24-1", "route_id": "45.TA.96-127-3-j24-1.1.H", "mode": "bus", "line_name": "73"}, {"line_id": "96-127-3-j24-1", "route_id": "23.TA.96-127-3-j24-1.1.H", "mode": "bus", "line_name": "73"}, {"line_id": "96-127-0-j24-1", "route_id": "8.TA.96-127-0-j24-1.2.R", "mode": "bus", "line_name": "70"}], "predominant_mode": "bus", "assigned_canton": "Jura", "modes_list": ["bus"]}, "geometry": {"type": "Point", "coordinates": [7.077197888645994, 47.416618966941755]}}, {"id": "20636", "type": "Feature", "properties": {"name": "Porrentruy, Haut de la Presse", "lon": 7.0652053718275285, "lat": 47.41900777656829, "stop_id": ["8572045.link:791983"], "lines": [{"line_id": "96-127-1-j24-1", "route_id": "1.TA.96-127-1-j24-1.1.H", "mode": "bus", "line_name": "71"}, {"line_id": "96-127-1-j24-1", "route_id": "24.TA.96-127-1-j24-1.3.H", "mode": "bus", "line_name": "71"}], "predominant_mode": "bus", "assigned_canton": "Jura", "modes_list": ["bus"]}, "geometry": {"type": "Point", "coordinates": [7.065205378697848, 47.419007787133076]}}, {"id": "20637", "type": "Feature", "properties": {"name": "Porrentruy, Haute-Fin", "lon": 7.083288461899484, "lat": 47.42053340628512, "stop_id": ["8582131.link:1064385", "8582131.link:1064386"], "lines": [{"line_id": "96-127-2-j24-1", "route_id": "14.TA.96-127-2-j24-1.1.H", "mode": "bus", "line_name": "72"}, {"line_id": "96-127-2-j24-1", "route_id": "55.TA.96-127-2-j24-1.7.H", "mode": "bus", "line_name": "72"}, {"line_id": "96-127-2-j24-1", "route_id": "27.TA.96-127-2-j24-1.3.H", "mode": "bus", "line_name": "72"}, {"line_id": "96-127-2-j24-1", "route_id": "79.TA.96-127-2-j24-1.5.R", "mode": "bus", "line_name": "72"}, {"line_id": "96-127-2-j24-1", "route_id": "106.TA.96-127-2-j24-1.8.R", "mode": "bus", "line_name": "72"}], "predominant_mode": "bus", "assigned_canton": "Jura", "modes_list": ["bus"]}, "geometry": {"type": "Point", "coordinates": [7.083288468788755, 47.42053341684615]}}, {"id": "20638", "type": "Feature", "properties": {"name": "Porrentruy, H\u00f4pital entr\u00e9e", "lon": 7.058998021843415, "lat": 47.41970677666544, "stop_id": ["8572054.link:918640", "8572054.link:918641"], "lines": [{"line_id": "96-127-1-j24-1", "route_id": "1.TA.96-127-1-j24-1.1.H", "mode": "bus", "line_name": "71"}, {"line_id": "96-127-1-j24-1", "route_id": "24.TA.96-127-1-j24-1.3.H", "mode": "bus", "line_name": "71"}, {"line_id": "96-127-1-j24-1", "route_id": "52.TA.96-127-1-j24-1.7.R", "mode": "bus", "line_name": "71"}, {"line_id": "96-127-1-j24-1", "route_id": "37.TA.96-127-1-j24-1.4.R", "mode": "bus", "line_name": "71"}], "predominant_mode": "bus", "assigned_canton": "Jura", "modes_list": ["bus"]}, "geometry": {"type": "Point", "coordinates": [7.058998028706916, 47.4197067872319]}}, {"id": "20639", "type": "Feature", "properties": {"name": "Porrentruy, JURASSICA Museum", "lon": 7.078473491681757, "lat": 47.41415099636064, "stop_id": ["8582030.link:269271", "8582030.link:269272"], "lines": [{"line_id": "96-127-5-j24-1", "route_id": "17.TA.96-127-5-j24-1.2.H", "mode": "bus", "line_name": "75"}, {"line_id": "96-127-5-j24-1", "route_id": "61.TA.96-127-5-j24-1.4.R", "mode": "bus", "line_name": "75"}], "predominant_mode": "bus", "assigned_canton": "Jura", "modes_list": ["bus"]}, "geometry": {"type": "Point", "coordinates": [7.078473498567472, 47.41415100692069]}}, {"id": "20640", "type": "Feature", "properties": {"name": "Porrentruy, Joseph Trouillat", "lon": 7.074080731796783, "lat": 47.41776778642937, "stop_id": ["8510382.link:88859", "8510382.link:88860"], "lines": [{"line_id": "96-127-1-j24-1", "route_id": "1.TA.96-127-1-j24-1.1.H", "mode": "bus", "line_name": "71"}, {"line_id": "96-127-1-j24-1", "route_id": "24.TA.96-127-1-j24-1.3.H", "mode": "bus", "line_name": "71"}, {"line_id": "96-127-1-j24-1", "route_id": "52.TA.96-127-1-j24-1.7.R", "mode": "bus", "line_name": "71"}], "predominant_mode": "bus", "assigned_canton": "Jura", "modes_list": ["bus"]}, "geometry": {"type": "Point", "coordinates": [7.074080738676897, 47.41776779699165]}}, {"id": "20641", "type": "Feature", "properties": {"name": "Porrentruy, Minoux", "lon": 7.067019971821775, "lat": 47.41877071653987, "stop_id": ["8582124.link:791980"], "lines": [{"line_id": "96-127-1-j24-1", "route_id": "52.TA.96-127-1-j24-1.7.R", "mode": "bus", "line_name": "71"}, {"line_id": "96-127-1-j24-1", "route_id": "37.TA.96-127-1-j24-1.4.R", "mode": "bus", "line_name": "71"}], "predominant_mode": "bus", "assigned_canton": "Jura", "modes_list": ["bus"]}, "geometry": {"type": "Point", "coordinates": [7.0670199786940895, 47.418770727104125]}}, {"id": "20642", "type": "Feature", "properties": {"name": "Porrentruy, Mont Terri", "lon": 7.064855031558491, "lat": 47.41092303657391, "stop_id": ["8572078.link:1042329", "8572078.link:1042330"], "lines": [{"line_id": "96-127-4-j24-1", "route_id": "11.TA.96-127-4-j24-1.1.H", "mode": "bus", "line_name": "74"}, {"line_id": "96-127-4-j24-1", "route_id": "39.TA.96-127-4-j24-1.2.R", "mode": "bus", "line_name": "74"}], "predominant_mode": "bus", "assigned_canton": "Jura", "modes_list": ["bus"]}, "geometry": {"type": "Point", "coordinates": [7.064855038430442, 47.410923047136116]}}, {"id": "20643", "type": "Feature", "properties": {"name": "Porrentruy, Patinoire", "lon": 7.0914182117789535, "lat": 47.41661895615791, "stop_id": ["8582128.link:656261", "8582128.link:656262"], "lines": [{"line_id": "96-127-6-j24-1", "route_id": "47.TA.96-127-6-j24-1.2.R", "mode": "bus", "line_name": "76"}, {"line_id": "96-128-0-j24-1", "route_id": "6.TA.96-128-0-j24-1.2.H", "mode": "bus", "line_name": "N10"}, {"line_id": "96-128-0-j24-1", "route_id": "8.TA.96-128-0-j24-1.2.H", "mode": "bus", "line_name": "N10"}, {"line_id": "96-128-0-j24-1", "route_id": "9.TA.96-128-0-j24-1.4.R", "mode": "bus", "line_name": "N10"}, {"line_id": "96-128-0-j24-1", "route_id": "13.TA.96-128-0-j24-1.4.R", "mode": "bus", "line_name": "N10"}, {"line_id": "96-127-6-j24-1", "route_id": "28.TA.96-127-6-j24-1.1.H", "mode": "bus", "line_name": "76"}], "predominant_mode": "bus", "assigned_canton": "Jura", "modes_list": ["bus"]}, "geometry": {"type": "Point", "coordinates": [7.09141821867789, 47.41661896671576]}}, {"id": "20644", "type": "Feature", "properties": {"name": "Porrentruy, Petite Promenade", "lon": 7.072149351780353, "lat": 47.41734229645961, "stop_id": ["8582766.link:1126141", "8582766.link:1126142"], "lines": [{"line_id": "96-127-1-j24-1", "route_id": "52.TA.96-127-1-j24-1.7.R", "mode": "bus", "line_name": "71"}, {"line_id": "96-127-1-j24-1", "route_id": "37.TA.96-127-1-j24-1.4.R", "mode": "bus", "line_name": "71"}, {"line_id": "96-127-1-j24-1", "route_id": "1.TA.96-127-1-j24-1.1.H", "mode": "bus", "line_name": "71"}, {"line_id": "96-127-1-j24-1", "route_id": "24.TA.96-127-1-j24-1.3.H", "mode": "bus", "line_name": "71"}], "predominant_mode": "bus", "assigned_canton": "Jura", "modes_list": ["bus"]}, "geometry": {"type": "Point", "coordinates": [7.0721493586585105, 47.41734230702222]}}, {"id": "20645", "type": "Feature", "properties": {"name": "Porrentruy, Planchettes", "lon": 7.078320781750268, "lat": 47.416217766362955, "stop_id": ["8504112.link:269261", "8504112.link:269262"], "lines": [{"line_id": "96-127-5-j24-1", "route_id": "17.TA.96-127-5-j24-1.2.H", "mode": "bus", "line_name": "75"}, {"line_id": "96-127-5-j24-1", "route_id": "61.TA.96-127-5-j24-1.4.R", "mode": "bus", "line_name": "75"}], "predominant_mode": "bus", "assigned_canton": "Jura", "modes_list": ["bus"]}, "geometry": {"type": "Point", "coordinates": [7.078320788635306, 47.416217776923716]}}, {"id": "20646", "type": "Feature", "properties": {"name": "Porrentruy, Rasse", "lon": 7.077997381499252, "lat": 47.408673676368196, "stop_id": ["8582126.link:1790789", "8582126.link:1790790"], "lines": [{"line_id": "96-127-5-j24-1", "route_id": "17.TA.96-127-5-j24-1.2.H", "mode": "bus", "line_name": "75"}, {"line_id": "96-127-5-j24-1", "route_id": "61.TA.96-127-5-j24-1.4.R", "mode": "bus", "line_name": "75"}], "predominant_mode": "bus", "assigned_canton": "Jura", "modes_list": ["bus"]}, "geometry": {"type": "Point", "coordinates": [7.0779973883858185, 47.40867368692655]}}, {"id": "20647", "type": "Feature", "properties": {"name": "Porrentruy, Roche-de-Mars", "lon": 7.086540361841509, "lat": 47.41867346623427, "stop_id": ["8583351.link:1955152", "8583351.link:1955153"], "lines": [{"line_id": "96-127-7-j24-1", "route_id": "76.TA.96-127-7-j24-1.11.R", "mode": "bus", "line_name": "77"}, {"line_id": "96-127-7-j24-1", "route_id": "17.TA.96-127-7-j24-1.9.H", "mode": "bus", "line_name": "77"}], "predominant_mode": "bus", "assigned_canton": "Jura", "modes_list": ["bus"]}, "geometry": {"type": "Point", "coordinates": [7.086540368734724, 47.41867347679392]}}, {"id": "20648", "type": "Feature", "properties": {"name": "Porrentruy, Rte de Courgenay", "lon": 7.078365691764638, "lat": 47.4166493463623, "stop_id": ["8572085.link:964225", "8572085.link:964226"], "lines": [{"line_id": "96-127-6-j24-1", "route_id": "47.TA.96-127-6-j24-1.2.R", "mode": "bus", "line_name": "76"}, {"line_id": "96-128-0-j24-1", "route_id": "6.TA.96-128-0-j24-1.2.H", "mode": "bus", "line_name": "N10"}, {"line_id": "96-128-0-j24-1", "route_id": "8.TA.96-128-0-j24-1.2.H", "mode": "bus", "line_name": "N10"}, {"line_id": "96-128-0-j24-1", "route_id": "9.TA.96-128-0-j24-1.4.R", "mode": "bus", "line_name": "N10"}, {"line_id": "96-128-0-j24-1", "route_id": "13.TA.96-128-0-j24-1.4.R", "mode": "bus", "line_name": "N10"}, {"line_id": "96-127-6-j24-1", "route_id": "28.TA.96-127-6-j24-1.1.H", "mode": "bus", "line_name": "76"}], "predominant_mode": "bus", "assigned_canton": "Jura", "modes_list": ["bus"]}, "geometry": {"type": "Point", "coordinates": [7.078365698649618, 47.416649356923195]}}, {"id": "20649", "type": "Feature", "properties": {"name": "Porrentruy, Rue Merguin", "lon": 7.071304941696156, "lat": 47.41483790647284, "stop_id": ["8582034.link:978777", "8582034.link:978778"], "lines": [{"line_id": "96-127-3-j24-1", "route_id": "23.TA.96-127-3-j24-1.1.H", "mode": "bus", "line_name": "73"}, {"line_id": "96-127-3-j24-1", "route_id": "45.TA.96-127-3-j24-1.1.H", "mode": "bus", "line_name": "73"}, {"line_id": "96-127-3-j24-1", "route_id": "70.TA.96-127-3-j24-1.2.H", "mode": "bus", "line_name": "73"}, {"line_id": "96-127-3-j24-1", "route_id": "142.TA.96-127-3-j24-1.4.R", "mode": "bus", "line_name": "73"}], "predominant_mode": "bus", "assigned_canton": "Jura", "modes_list": ["bus"]}, "geometry": {"type": "Point", "coordinates": [7.071304948574038, 47.41483791703483]}}, {"id": "20650", "type": "Feature", "properties": {"name": "Porrentruy, Sous-Bellevue", "lon": 7.0798748621088095, "lat": 47.42695149633845, "stop_id": ["8582024.link:998890"], "lines": [{"line_id": "96-127-0-j24-1", "route_id": "4.TA.96-127-0-j24-1.1.H", "mode": "bus", "line_name": "70"}], "predominant_mode": "bus", "assigned_canton": "Jura", "modes_list": ["bus"]}, "geometry": {"type": "Point", "coordinates": [7.079874868992835, 47.42695150690242]}}, {"id": "20651", "type": "Feature", "properties": {"name": "Porrentruy, St-Michel", "lon": 7.071340871655601, "lat": 47.4136160564723, "stop_id": ["8557072.link:1790645", "8557072.link:1790646"], "lines": [{"line_id": "96-127-4-j24-1", "route_id": "39.TA.96-127-4-j24-1.2.R", "mode": "bus", "line_name": "74"}, {"line_id": "96-127-4-j24-1", "route_id": "11.TA.96-127-4-j24-1.1.H", "mode": "bus", "line_name": "74"}, {"line_id": "96-127-0-j24-1", "route_id": "8.TA.96-127-0-j24-1.2.R", "mode": "bus", "line_name": "70"}], "predominant_mode": "bus", "assigned_canton": "Jura", "modes_list": ["bus"]}, "geometry": {"type": "Point", "coordinates": [7.071340878533819, 47.41361606703385]}}, {"id": "20652", "type": "Feature", "properties": {"name": "Porrentruy, St-Paul", "lon": 7.074026831612705, "lat": 47.4122300464303, "stop_id": ["8582767.link:1790772"], "lines": [{"line_id": "96-127-0-j24-1", "route_id": "8.TA.96-127-0-j24-1.2.R", "mode": "bus", "line_name": "70"}], "predominant_mode": "bus", "assigned_canton": "Jura", "modes_list": ["bus"]}, "geometry": {"type": "Point", "coordinates": [7.074026838494143, 47.412230056990744]}}, {"id": "20653", "type": "Feature", "properties": {"name": "Porrentruy, Tarascon", "lon": 7.068636941604362, "lat": 47.41216925651471, "stop_id": ["8557073.link:1104579"], "lines": [{"line_id": "96-127-0-j24-1", "route_id": "8.TA.96-127-0-j24-1.2.R", "mode": "bus", "line_name": "70"}], "predominant_mode": "bus", "assigned_canton": "Jura", "modes_list": ["bus"]}, "geometry": {"type": "Point", "coordinates": [7.068636948480053, 47.41216926707644]}}, {"id": "20654", "type": "Feature", "properties": {"name": "Porrentruy, Varandin", "lon": 7.026694602054163, "lat": 47.427200667171014, "stop_id": ["8572047.link:1077054", "8572047.link:1077055"], "lines": [{"line_id": "96-127-1-j24-1", "route_id": "24.TA.96-127-1-j24-1.3.H", "mode": "bus", "line_name": "71"}, {"line_id": "96-127-1-j24-1", "route_id": "52.TA.96-127-1-j24-1.7.R", "mode": "bus", "line_name": "71"}], "predominant_mode": "bus", "assigned_canton": "Jura", "modes_list": ["bus"]}, "geometry": {"type": "Point", "coordinates": [7.026694608881205, 47.427200677747514]}}, {"id": "20655", "type": "Feature", "properties": {"name": "Porrentruy, Vauches/Perche", "lon": 7.082542861744696, "lat": 47.41590167629688, "stop_id": ["8582127.link:199685", "8582127.link:199686"], "lines": [{"line_id": "96-127-6-j24-1", "route_id": "47.TA.96-127-6-j24-1.2.R", "mode": "bus", "line_name": "76"}, {"line_id": "96-128-0-j24-1", "route_id": "6.TA.96-128-0-j24-1.2.H", "mode": "bus", "line_name": "N10"}, {"line_id": "96-128-0-j24-1", "route_id": "8.TA.96-128-0-j24-1.2.H", "mode": "bus", "line_name": "N10"}, {"line_id": "96-128-0-j24-1", "route_id": "9.TA.96-128-0-j24-1.4.R", "mode": "bus", "line_name": "N10"}, {"line_id": "96-128-0-j24-1", "route_id": "13.TA.96-128-0-j24-1.4.R", "mode": "bus", "line_name": "N10"}, {"line_id": "96-127-6-j24-1", "route_id": "28.TA.96-127-6-j24-1.1.H", "mode": "bus", "line_name": "76"}], "predominant_mode": "bus", "assigned_canton": "Jura", "modes_list": ["bus"]}, "geometry": {"type": "Point", "coordinates": [7.082542868634326, 47.41590168685656]}}, {"id": "20656", "type": "Feature", "properties": {"name": "Porrentruy, Voyeboeuf", "lon": 7.093241791608602, "lat": 47.411427606129415, "stop_id": ["8582086.link:831018", "8582086.link:831019"], "lines": [{"line_id": "96-128-0-j24-1", "route_id": "6.TA.96-128-0-j24-1.2.H", "mode": "bus", "line_name": "N10"}, {"line_id": "96-128-0-j24-1", "route_id": "8.TA.96-128-0-j24-1.2.H", "mode": "bus", "line_name": "N10"}, {"line_id": "96-128-0-j24-1", "route_id": "9.TA.96-128-0-j24-1.4.R", "mode": "bus", "line_name": "N10"}, {"line_id": "96-128-0-j24-1", "route_id": "13.TA.96-128-0-j24-1.4.R", "mode": "bus", "line_name": "N10"}, {"line_id": "96-127-6-j24-1", "route_id": "28.TA.96-127-6-j24-1.1.H", "mode": "bus", "line_name": "76"}], "predominant_mode": "bus", "assigned_canton": "Jura", "modes_list": ["bus"]}, "geometry": {"type": "Point", "coordinates": [7.093241798510782, 47.4114276166851]}}, {"id": "20657", "type": "Feature", "properties": {"name": "Porrentruy, avenue Cuenin", "lon": 7.078060271921839, "lat": 47.42139040636697, "stop_id": ["8581962.link:1703580", "8581962.link:1703581"], "lines": [{"line_id": "96-127-1-j24-1", "route_id": "1.TA.96-127-1-j24-1.1.H", "mode": "bus", "line_name": "71"}, {"line_id": "96-127-0-j24-1", "route_id": "4.TA.96-127-0-j24-1.1.H", "mode": "bus", "line_name": "70"}, {"line_id": "96-128-7-j24-1", "route_id": "10.TA.96-128-7-j24-1.2.H", "mode": "bus", "line_name": "24"}, {"line_id": "96-127-1-j24-1", "route_id": "24.TA.96-127-1-j24-1.3.H", "mode": "bus", "line_name": "71"}, {"line_id": "96-127-0-j24-1", "route_id": "4.TA.96-127-0-j24-1.1.H", "mode": "bus", "line_name": "70"}, {"line_id": "96-127-1-j24-1", "route_id": "52.TA.96-127-1-j24-1.7.R", "mode": "bus", "line_name": "71"}], "predominant_mode": "bus", "assigned_canton": "Jura", "modes_list": ["bus"]}, "geometry": {"type": "Point", "coordinates": [7.078060278805313, 47.4213904169295]}}, {"id": "20658", "type": "Feature", "properties": {"name": "Porrentruy, bif. de Beaupr\u00e9", "lon": 7.066597761779483, "lat": 47.41751249654653, "stop_id": ["8572044.link:791970"], "lines": [{"line_id": "96-127-1-j24-1", "route_id": "52.TA.96-127-1-j24-1.7.R", "mode": "bus", "line_name": "71"}, {"line_id": "96-127-1-j24-1", "route_id": "37.TA.96-127-1-j24-1.4.R", "mode": "bus", "line_name": "71"}], "predominant_mode": "bus", "assigned_canton": "Jura", "modes_list": ["bus"]}, "geometry": {"type": "Point", "coordinates": [7.066597768651659, 47.4175125071105]}}, {"id": "20659", "type": "Feature", "properties": {"name": "Porrentruy, gare", "lon": 7.079461641861665, "lat": 47.41953050634504, "stop_id": ["8572041.link:574532", "8572041.link:574533", "8572041.link:692862"], "lines": [{"line_id": "96-127-1-j24-1", "route_id": "1.TA.96-127-1-j24-1.1.H", "mode": "bus", "line_name": "71"}, {"line_id": "96-127-6-j24-1", "route_id": "47.TA.96-127-6-j24-1.2.R", "mode": "bus", "line_name": "76"}, {"line_id": "92-EV1-L-j24-1", "route_id": "146.TA.92-EV1-L-j24-1.7.H", "mode": "bus", "line_name": "EV1"}, {"line_id": "96-127-2-j24-1", "route_id": "106.TA.96-127-2-j24-1.8.R", "mode": "bus", "line_name": "72"}, {"line_id": "96-127-3-j24-1", "route_id": "142.TA.96-127-3-j24-1.4.R", "mode": "bus", "line_name": "73"}, {"line_id": "96-127-4-j24-1", "route_id": "39.TA.96-127-4-j24-1.2.R", "mode": "bus", "line_name": "74"}, {"line_id": "96-127-7-j24-1", "route_id": "76.TA.96-127-7-j24-1.11.R", "mode": "bus", "line_name": "77"}, {"line_id": "96-128-7-j24-1", "route_id": "2.TA.96-128-7-j24-1.1.H", "mode": "bus", "line_name": "24"}, {"line_id": "96-127-5-j24-1", "route_id": "61.TA.96-127-5-j24-1.4.R", "mode": "bus", "line_name": "75"}, {"line_id": "96-128-0-j24-1", "route_id": "6.TA.96-128-0-j24-1.2.H", "mode": "bus", "line_name": "N10"}, {"line_id": "96-128-0-j24-1", "route_id": "8.TA.96-128-0-j24-1.2.H", "mode": "bus", "line_name": "N10"}, {"line_id": "96-128-7-j24-1", "route_id": "10.TA.96-128-7-j24-1.2.H", "mode": "bus", "line_name": "24"}, {"line_id": "96-127-2-j24-1", "route_id": "79.TA.96-127-2-j24-1.5.R", "mode": "bus", "line_name": "72"}, {"line_id": "96-127-0-j24-1", "route_id": "8.TA.96-127-0-j24-1.2.R", "mode": "bus", "line_name": "70"}, {"line_id": "96-128-0-j24-1", "route_id": "9.TA.96-128-0-j24-1.4.R", "mode": "bus", "line_name": "N10"}, {"line_id": "96-127-4-j24-1", "route_id": "11.TA.96-127-4-j24-1.1.H", "mode": "bus", "line_name": "74"}, {"line_id": "96-128-7-j24-1", "route_id": "17.TA.96-128-7-j24-1.3.R", "mode": "bus", "line_name": "24"}, {"line_id": "96-127-6-j24-1", "route_id": "28.TA.96-127-6-j24-1.1.H", "mode": "bus", "line_name": "76"}, {"line_id": "96-127-2-j24-1", "route_id": "27.TA.96-127-2-j24-1.3.H", "mode": "bus", "line_name": "72"}, {"line_id": "96-127-3-j24-1", "route_id": "70.TA.96-127-3-j24-1.2.H", "mode": "bus", "line_name": "73"}, {"line_id": "96-127-2-j24-1", "route_id": "14.TA.96-127-2-j24-1.1.H", "mode": "bus", "line_name": "72"}, {"line_id": "96-127-3-j24-1", "route_id": "45.TA.96-127-3-j24-1.1.H", "mode": "bus", "line_name": "73"}, {"line_id": "96-127-7-j24-1", "route_id": "17.TA.96-127-7-j24-1.9.H", "mode": "bus", "line_name": "77"}, {"line_id": "96-127-1-j24-1", "route_id": "52.TA.96-127-1-j24-1.7.R", "mode": "bus", "line_name": "71"}, {"line_id": "96-128-0-j24-1", "route_id": "13.TA.96-128-0-j24-1.4.R", "mode": "bus", "line_name": "N10"}, {"line_id": "96-127-0-j24-1", "route_id": "4.TA.96-127-0-j24-1.1.H", "mode": "bus", "line_name": "70"}, {"line_id": "96-127-5-j24-1", "route_id": "17.TA.96-127-5-j24-1.2.H", "mode": "bus", "line_name": "75"}, {"line_id": "96-127-3-j24-1", "route_id": "23.TA.96-127-3-j24-1.1.H", "mode": "bus", "line_name": "73"}, {"line_id": "96-127-2-j24-1", "route_id": "55.TA.96-127-2-j24-1.7.H", "mode": "bus", "line_name": "72"}, {"line_id": "96-127-0-j24-1", "route_id": "8.TA.96-127-0-j24-1.2.R", "mode": "bus", "line_name": "70"}, {"line_id": "96-127-0-j24-1", "route_id": "4.TA.96-127-0-j24-1.1.H", "mode": "bus", "line_name": "70"}, {"line_id": "96-127-1-j24-1", "route_id": "24.TA.96-127-1-j24-1.3.H", "mode": "bus", "line_name": "71"}], "predominant_mode": "bus", "assigned_canton": "Jura", "modes_list": ["bus"]}, "geometry": {"type": "Point", "coordinates": [7.079461648747102, 47.41953051690667]}}, {"id": "20660", "type": "Feature", "properties": {"name": "Porrentruy, gare-Lorette", "lon": 7.080898941914663, "lat": 47.4210743463225, "stop_id": ["8510828.link:1135217", "8510828.link:1135218"], "lines": [{"line_id": "92-A01-J-j24-1", "route_id": "89.TA.92-A01-J-j24-1.6.R", "mode": "bus", "line_name": "EV"}, {"line_id": "92-A01-J-j24-1", "route_id": "128.TA.92-A01-J-j24-1.8.R", "mode": "bus", "line_name": "EV"}, {"line_id": "92-A01-J-j24-1", "route_id": "116.TA.92-A01-J-j24-1.8.R", "mode": "bus", "line_name": "EV"}, {"line_id": "92-A01-J-j24-1", "route_id": "61.TA.92-A01-J-j24-1.4.H", "mode": "bus", "line_name": "EV"}, {"line_id": "92-A01-J-j24-1", "route_id": "9.TA.92-A01-J-j24-1.2.H", "mode": "bus", "line_name": "EV"}, {"line_id": "92-A01-J-j24-1", "route_id": "34.TA.92-A01-J-j24-1.4.H", "mode": "bus", "line_name": "EV"}], "predominant_mode": "bus", "assigned_canton": "Jura", "modes_list": ["bus"]}, "geometry": {"type": "Point", "coordinates": [7.080898948801249, 47.42107435688427]}}, {"id": "20661", "type": "Feature", "properties": {"name": "Porrentruy, les Rochattes", "lon": 7.067981171482396, "lat": 47.408521686525, "stop_id": ["8582396.link:661349"], "lines": [{"line_id": "96-127-0-j24-1", "route_id": "8.TA.96-127-0-j24-1.2.R", "mode": "bus", "line_name": "70"}], "predominant_mode": "bus", "assigned_canton": "Jura", "modes_list": ["bus"]}, "geometry": {"type": "Point", "coordinates": [7.067981178358287, 47.408521697085696]}}, {"id": "20662", "type": "Feature", "properties": {"name": "Porrentruy, les Tilleuls", "lon": 7.0743681916854415, "lat": 47.41440630642495, "stop_id": ["8582397.link:918696", "8582397.link:918697"], "lines": [{"line_id": "96-127-4-j24-1", "route_id": "39.TA.96-127-4-j24-1.2.R", "mode": "bus", "line_name": "74"}, {"line_id": "96-127-0-j24-1", "route_id": "8.TA.96-127-0-j24-1.2.R", "mode": "bus", "line_name": "70"}, {"line_id": "96-127-4-j24-1", "route_id": "11.TA.96-127-4-j24-1.1.H", "mode": "bus", "line_name": "74"}, {"line_id": "96-127-0-j24-1", "route_id": "8.TA.96-127-0-j24-1.2.R", "mode": "bus", "line_name": "70"}], "predominant_mode": "bus", "assigned_canton": "Jura", "modes_list": ["bus"]}, "geometry": {"type": "Point", "coordinates": [7.074368198566705, 47.41440631698604]}}, {"id": "20663", "type": "Feature", "properties": {"name": "Porrentruy, route Bressaucourt", "lon": 7.066822341620202, "lat": 47.4127102965431, "stop_id": ["8582125.link:1138803", "8582125.link:1138804"], "lines": [{"line_id": "96-127-4-j24-1", "route_id": "11.TA.96-127-4-j24-1.1.H", "mode": "bus", "line_name": "74"}, {"line_id": "96-127-4-j24-1", "route_id": "39.TA.96-127-4-j24-1.2.R", "mode": "bus", "line_name": "74"}], "predominant_mode": "bus", "assigned_canton": "Jura", "modes_list": ["bus"]}, "geometry": {"type": "Point", "coordinates": [7.0668223484938135, 47.41271030710543]}}, {"id": "20664", "type": "Feature", "properties": {"name": "Porrentruy, rte de Belfort", "lon": 7.077126021951431, "lat": 47.422314256381604, "stop_id": ["8557125.link:998948", "8557125.link:998949"], "lines": [{"line_id": "96-127-0-j24-1", "route_id": "4.TA.96-127-0-j24-1.1.H", "mode": "bus", "line_name": "70"}, {"line_id": "96-128-7-j24-1", "route_id": "10.TA.96-128-7-j24-1.2.H", "mode": "bus", "line_name": "24"}, {"line_id": "96-127-0-j24-1", "route_id": "4.TA.96-127-0-j24-1.1.H", "mode": "bus", "line_name": "70"}], "predominant_mode": "bus", "assigned_canton": "Jura", "modes_list": ["bus"]}, "geometry": {"type": "Point", "coordinates": [7.077126028833676, 47.42231426694468]}}, {"id": "20665", "type": "Feature", "properties": {"name": "Porrentruy, rue de l'Oiselier", "lon": 7.071655281525104, "lat": 47.40967677646746, "stop_id": ["8582028.link:1790778"], "lines": [{"line_id": "96-127-0-j24-1", "route_id": "8.TA.96-127-0-j24-1.2.R", "mode": "bus", "line_name": "70"}], "predominant_mode": "bus", "assigned_canton": "Jura", "modes_list": ["bus"]}, "geometry": {"type": "Point", "coordinates": [7.0716552884046395, 47.40967678702763]}}, {"id": "20666", "type": "Feature", "properties": {"name": "Porrentruy, ville", "lon": 7.073847171744586, "lat": 47.41620560643302, "stop_id": ["8572042.link:1082122", "8572042.link:1082123"], "lines": [{"line_id": "96-127-4-j24-1", "route_id": "39.TA.96-127-4-j24-1.2.R", "mode": "bus", "line_name": "74"}, {"line_id": "96-127-3-j24-1", "route_id": "142.TA.96-127-3-j24-1.4.R", "mode": "bus", "line_name": "73"}, {"line_id": "96-127-0-j24-1", "route_id": "8.TA.96-127-0-j24-1.2.R", "mode": "bus", "line_name": "70"}, {"line_id": "96-127-4-j24-1", "route_id": "11.TA.96-127-4-j24-1.1.H", "mode": "bus", "line_name": "74"}, {"line_id": "96-127-3-j24-1", "route_id": "70.TA.96-127-3-j24-1.2.H", "mode": "bus", "line_name": "73"}, {"line_id": "96-127-3-j24-1", "route_id": "45.TA.96-127-3-j24-1.1.H", "mode": "bus", "line_name": "73"}, {"line_id": "96-127-3-j24-1", "route_id": "23.TA.96-127-3-j24-1.1.H", "mode": "bus", "line_name": "73"}, {"line_id": "96-127-0-j24-1", "route_id": "8.TA.96-127-0-j24-1.2.R", "mode": "bus", "line_name": "70"}], "predominant_mode": "bus", "assigned_canton": "Jura", "modes_list": ["bus"]}, "geometry": {"type": "Point", "coordinates": [7.073847178624845, 47.416205616994816]}}, {"id": "20667", "type": "Feature", "properties": {"name": "Porrentruy, \u00d4 Vergers d'Ajoie", "lon": 7.0903671921566325, "lat": 47.428021096174135, "stop_id": ["8502485.link:1064403", "8502485.link:1064404"], "lines": [{"line_id": "96-127-2-j24-1", "route_id": "14.TA.96-127-2-j24-1.1.H", "mode": "bus", "line_name": "72"}, {"line_id": "96-127-2-j24-1", "route_id": "55.TA.96-127-2-j24-1.7.H", "mode": "bus", "line_name": "72"}, {"line_id": "96-127-2-j24-1", "route_id": "27.TA.96-127-2-j24-1.3.H", "mode": "bus", "line_name": "72"}, {"line_id": "96-127-2-j24-1", "route_id": "79.TA.96-127-2-j24-1.5.R", "mode": "bus", "line_name": "72"}, {"line_id": "96-127-2-j24-1", "route_id": "106.TA.96-127-2-j24-1.8.R", "mode": "bus", "line_name": "72"}], "predominant_mode": "bus", "assigned_canton": "Jura", "modes_list": ["bus"]}, "geometry": {"type": "Point", "coordinates": [7.0903671990516015, 47.42802110673599]}}, {"id": "20896", "type": "Feature", "properties": {"name": "Pr\u00e9-Petitjean", "lon": 7.058432077114661, "lat": 47.27705302667428, "stop_id": ["8500194.link:61630", "8500194.link:61631"], "lines": [{"line_id": "91-36-C-j24-1", "route_id": "62.TA.91-36-C-j24-1.7.H", "mode": "rail", "line_name": "R36"}, {"line_id": "91-36-C-j24-1", "route_id": "63.TA.91-36-C-j24-1.7.H", "mode": "rail", "line_name": "R36"}, {"line_id": "91-36-C-j24-1", "route_id": "25.TA.91-36-C-j24-1.4.H", "mode": "rail", "line_name": "R36"}, {"line_id": "91-36-C-j24-1", "route_id": "26.TA.91-36-C-j24-1.4.H", "mode": "rail", "line_name": "R36"}, {"line_id": "91-36-C-j24-1", "route_id": "59.TA.91-36-C-j24-1.7.H", "mode": "rail", "line_name": "R36"}, {"line_id": "91-36-C-j24-1", "route_id": "121.TA.91-36-C-j24-1.13.R", "mode": "rail", "line_name": "R36"}, {"line_id": "91-36-C-j24-1", "route_id": "110.TA.91-36-C-j24-1.13.R", "mode": "rail", "line_name": "R36"}, {"line_id": "91-36-C-j24-1", "route_id": "90.TA.91-36-C-j24-1.11.R", "mode": "rail", "line_name": "R36"}, {"line_id": "91-36-C-j24-1", "route_id": "107.TA.91-36-C-j24-1.13.R", "mode": "rail", "line_name": "R36"}, {"line_id": "91-36-C-j24-1", "route_id": "120.TA.91-36-C-j24-1.13.R", "mode": "rail", "line_name": "R36"}], "predominant_mode": "rail", "assigned_canton": "Jura", "modes_list": ["rail"]}, "geometry": {"type": "Point", "coordinates": [7.058432084012561, 47.27705303719214]}}, {"id": "21261", "type": "Feature", "properties": {"name": "Rebeuvelier, Rest. du Moulin", "lon": 7.4070502689231015, "lat": 47.319875011214585, "stop_id": ["8571994.link:386273", "8571994.link:386274"], "lines": [{"line_id": "96-120-8-j24-1", "route_id": "575.TA.96-120-8-j24-1.53.R", "mode": "bus", "line_name": "8"}, {"line_id": "96-120-8-j24-1", "route_id": "573.TA.96-120-8-j24-1.52.R", "mode": "bus", "line_name": "8"}, {"line_id": "96-120-8-j24-1", "route_id": "539.TA.96-120-8-j24-1.47.R", "mode": "bus", "line_name": "8"}, {"line_id": "96-120-8-j24-1", "route_id": "295.TA.96-120-8-j24-1.29.R", "mode": "bus", "line_name": "8"}, {"line_id": "96-120-8-j24-1", "route_id": "428.TA.96-120-8-j24-1.35.R", "mode": "bus", "line_name": "8"}, {"line_id": "96-120-8-j24-1", "route_id": "535.TA.96-120-8-j24-1.46.R", "mode": "bus", "line_name": "8"}, {"line_id": "96-120-8-j24-1", "route_id": "510.TA.96-120-8-j24-1.181.R", "mode": "bus", "line_name": "8"}, {"line_id": "96-120-8-j24-1", "route_id": "582.TA.96-120-8-j24-1.56.R", "mode": "bus", "line_name": "8"}, {"line_id": "96-120-8-j24-1", "route_id": "585.TA.96-120-8-j24-1.189.R", "mode": "bus", "line_name": "8"}, {"line_id": "96-120-8-j24-1", "route_id": "264.TA.96-120-8-j24-1.25.H", "mode": "bus", "line_name": "8"}, {"line_id": "96-120-8-j24-1", "route_id": "221.TA.96-120-8-j24-1.22.H", "mode": "bus", "line_name": "8"}, {"line_id": "96-120-8-j24-1", "route_id": "99.TA.96-120-8-j24-1.8.H", "mode": "bus", "line_name": "8"}, {"line_id": "96-120-8-j24-1", "route_id": "100.TA.96-120-8-j24-1.8.H", "mode": "bus", "line_name": "8"}, {"line_id": "96-120-8-j24-1", "route_id": "202.TA.96-120-8-j24-1.19.H", "mode": "bus", "line_name": "8"}, {"line_id": "96-120-8-j24-1", "route_id": "281.TA.96-120-8-j24-1.27.H", "mode": "bus", "line_name": "8"}, {"line_id": "96-120-8-j24-1", "route_id": "206.TA.96-120-8-j24-1.21.H", "mode": "bus", "line_name": "8"}, {"line_id": "96-120-8-j24-1", "route_id": "16.TA.96-120-8-j24-1.1.H", "mode": "bus", "line_name": "8"}], "predominant_mode": "bus", "assigned_canton": "Jura", "modes_list": ["bus"]}, "geometry": {"type": "Point", "coordinates": [7.4070502761814625, 47.319875021663805]}}, {"id": "21262", "type": "Feature", "properties": {"name": "Rebeuvelier, poste", "lon": 7.415269859089455, "lat": 47.324636961085815, "stop_id": ["8571995.link:1742724", "8571995.link:1742725", "8571995.link:1863157", "8571995.link:529899"], "lines": [{"line_id": "96-120-8-j24-1", "route_id": "575.TA.96-120-8-j24-1.53.R", "mode": "bus", "line_name": "8"}, {"line_id": "96-120-8-j24-1", "route_id": "573.TA.96-120-8-j24-1.52.R", "mode": "bus", "line_name": "8"}, {"line_id": "96-120-8-j24-1", "route_id": "539.TA.96-120-8-j24-1.47.R", "mode": "bus", "line_name": "8"}, {"line_id": "96-120-8-j24-1", "route_id": "535.TA.96-120-8-j24-1.46.R", "mode": "bus", "line_name": "8"}, {"line_id": "96-120-8-j24-1", "route_id": "510.TA.96-120-8-j24-1.181.R", "mode": "bus", "line_name": "8"}, {"line_id": "96-120-8-j24-1", "route_id": "582.TA.96-120-8-j24-1.56.R", "mode": "bus", "line_name": "8"}, {"line_id": "96-120-8-j24-1", "route_id": "585.TA.96-120-8-j24-1.189.R", "mode": "bus", "line_name": "8"}, {"line_id": "96-120-8-j24-1", "route_id": "264.TA.96-120-8-j24-1.25.H", "mode": "bus", "line_name": "8"}, {"line_id": "96-120-8-j24-1", "route_id": "221.TA.96-120-8-j24-1.22.H", "mode": "bus", "line_name": "8"}, {"line_id": "96-120-8-j24-1", "route_id": "202.TA.96-120-8-j24-1.19.H", "mode": "bus", "line_name": "8"}, {"line_id": "96-120-8-j24-1", "route_id": "281.TA.96-120-8-j24-1.27.H", "mode": "bus", "line_name": "8"}, {"line_id": "96-120-8-j24-1", "route_id": "206.TA.96-120-8-j24-1.21.H", "mode": "bus", "line_name": "8"}, {"line_id": "96-120-8-j24-1", "route_id": "295.TA.96-120-8-j24-1.29.R", "mode": "bus", "line_name": "8"}, {"line_id": "96-120-8-j24-1", "route_id": "428.TA.96-120-8-j24-1.35.R", "mode": "bus", "line_name": "8"}, {"line_id": "96-120-8-j24-1", "route_id": "100.TA.96-120-8-j24-1.8.H", "mode": "bus", "line_name": "8"}, {"line_id": "96-120-8-j24-1", "route_id": "16.TA.96-120-8-j24-1.1.H", "mode": "bus", "line_name": "8"}, {"line_id": "96-120-8-j24-1", "route_id": "99.TA.96-120-8-j24-1.8.H", "mode": "bus", "line_name": "8"}], "predominant_mode": "bus", "assigned_canton": "Jura", "modes_list": ["bus"]}, "geometry": {"type": "Point", "coordinates": [7.415269866355231, 47.324636971534645]}}, {"id": "21285", "type": "Feature", "properties": {"name": "Recolaine, Es Montes", "lon": 7.423246899961721, "lat": 47.35072262096083, "stop_id": ["8571973.link:1286223", "8571973.link:1286224"], "lines": [{"line_id": "96-120-7-j24-1", "route_id": "208.TA.96-120-7-j24-1.9.R", "mode": "bus", "line_name": "7"}, {"line_id": "96-120-7-j24-1", "route_id": "222.TA.96-120-7-j24-1.10.R", "mode": "bus", "line_name": "7"}, {"line_id": "96-120-7-j24-1", "route_id": "245.TA.96-120-7-j24-1.10.R", "mode": "bus", "line_name": "7"}, {"line_id": "96-120-7-j24-1", "route_id": "150.TA.96-120-7-j24-1.7.R", "mode": "bus", "line_name": "7"}, {"line_id": "96-120-7-j24-1", "route_id": "187.TA.96-120-7-j24-1.8.R", "mode": "bus", "line_name": "7"}, {"line_id": "96-120-7-j24-1", "route_id": "145.TA.96-120-7-j24-1.7.R", "mode": "bus", "line_name": "7"}, {"line_id": "96-120-7-j24-1", "route_id": "184.TA.96-120-7-j24-1.8.R", "mode": "bus", "line_name": "7"}, {"line_id": "96-120-7-j24-1", "route_id": "181.TA.96-120-7-j24-1.8.R", "mode": "bus", "line_name": "7"}, {"line_id": "96-120-7-j24-1", "route_id": "160.TA.96-120-7-j24-1.8.R", "mode": "bus", "line_name": "7"}, {"line_id": "96-121-1-j24-1", "route_id": "31.TA.96-121-1-j24-1.3.R", "mode": "bus", "line_name": "11"}, {"line_id": "96-121-1-j24-1", "route_id": "43.TA.96-121-1-j24-1.4.R", "mode": "bus", "line_name": "11"}, {"line_id": "96-120-7-j24-1", "route_id": "83.TA.96-120-7-j24-1.4.H", "mode": "bus", "line_name": "7"}, {"line_id": "96-120-7-j24-1", "route_id": "74.TA.96-120-7-j24-1.4.H", "mode": "bus", "line_name": "7"}, {"line_id": "96-121-1-j24-1", "route_id": "20.TA.96-121-1-j24-1.2.H", "mode": "bus", "line_name": "11"}, {"line_id": "96-120-7-j24-1", "route_id": "40.TA.96-120-7-j24-1.2.H", "mode": "bus", "line_name": "7"}, {"line_id": "96-120-7-j24-1", "route_id": "90.TA.96-120-7-j24-1.4.H", "mode": "bus", "line_name": "7"}, {"line_id": "96-120-7-j24-1", "route_id": "115.TA.96-120-7-j24-1.5.H", "mode": "bus", "line_name": "7"}, {"line_id": "96-120-7-j24-1", "route_id": "66.TA.96-120-7-j24-1.3.H", "mode": "bus", "line_name": "7"}, {"line_id": "96-120-7-j24-1", "route_id": "41.TA.96-120-7-j24-1.2.H", "mode": "bus", "line_name": "7"}, {"line_id": "96-121-1-j24-1", "route_id": "16.TA.96-121-1-j24-1.1.H", "mode": "bus", "line_name": "11"}, {"line_id": "96-120-7-j24-1", "route_id": "88.TA.96-120-7-j24-1.4.H", "mode": "bus", "line_name": "7"}], "predominant_mode": "bus", "assigned_canton": "Jura", "modes_list": ["bus"]}, "geometry": {"type": "Point", "coordinates": [7.423246907229094, 47.35072263141651]}}, {"id": "21286", "type": "Feature", "properties": {"name": "Recolaine, La Filature", "lon": 7.440108279648616, "lat": 47.3407342806966, "stop_id": ["8581899.link:71627", "8581899.link:71628"], "lines": [{"line_id": "96-121-1-j24-1", "route_id": "16.TA.96-121-1-j24-1.1.H", "mode": "bus", "line_name": "11"}, {"line_id": "96-121-1-j24-1", "route_id": "20.TA.96-121-1-j24-1.2.H", "mode": "bus", "line_name": "11"}, {"line_id": "96-121-1-j24-1", "route_id": "31.TA.96-121-1-j24-1.3.R", "mode": "bus", "line_name": "11"}, {"line_id": "96-121-1-j24-1", "route_id": "43.TA.96-121-1-j24-1.4.R", "mode": "bus", "line_name": "11"}], "predominant_mode": "bus", "assigned_canton": "Jura", "modes_list": ["bus"]}, "geometry": {"type": "Point", "coordinates": [7.440108286936308, 47.34073429114478]}}, {"id": "21287", "type": "Feature", "properties": {"name": "Recolaine, Pont de Cran", "lon": 7.436137719870445, "lat": 47.34755772075883, "stop_id": ["8571974.link:1929276", "8571974.link:1929277", "8571974.link:71617", "8571974.link:71618"], "lines": [{"line_id": "96-120-7-j24-1", "route_id": "208.TA.96-120-7-j24-1.9.R", "mode": "bus", "line_name": "7"}, {"line_id": "96-120-7-j24-1", "route_id": "222.TA.96-120-7-j24-1.10.R", "mode": "bus", "line_name": "7"}, {"line_id": "96-120-7-j24-1", "route_id": "245.TA.96-120-7-j24-1.10.R", "mode": "bus", "line_name": "7"}, {"line_id": "96-120-7-j24-1", "route_id": "150.TA.96-120-7-j24-1.7.R", "mode": "bus", "line_name": "7"}, {"line_id": "96-120-7-j24-1", "route_id": "187.TA.96-120-7-j24-1.8.R", "mode": "bus", "line_name": "7"}, {"line_id": "96-120-7-j24-1", "route_id": "145.TA.96-120-7-j24-1.7.R", "mode": "bus", "line_name": "7"}, {"line_id": "96-120-7-j24-1", "route_id": "184.TA.96-120-7-j24-1.8.R", "mode": "bus", "line_name": "7"}, {"line_id": "96-120-7-j24-1", "route_id": "181.TA.96-120-7-j24-1.8.R", "mode": "bus", "line_name": "7"}, {"line_id": "96-120-7-j24-1", "route_id": "160.TA.96-120-7-j24-1.8.R", "mode": "bus", "line_name": "7"}, {"line_id": "96-120-7-j24-1", "route_id": "83.TA.96-120-7-j24-1.4.H", "mode": "bus", "line_name": "7"}, {"line_id": "96-120-7-j24-1", "route_id": "74.TA.96-120-7-j24-1.4.H", "mode": "bus", "line_name": "7"}, {"line_id": "96-120-7-j24-1", "route_id": "40.TA.96-120-7-j24-1.2.H", "mode": "bus", "line_name": "7"}, {"line_id": "96-120-7-j24-1", "route_id": "90.TA.96-120-7-j24-1.4.H", "mode": "bus", "line_name": "7"}, {"line_id": "96-120-7-j24-1", "route_id": "115.TA.96-120-7-j24-1.5.H", "mode": "bus", "line_name": "7"}, {"line_id": "96-120-7-j24-1", "route_id": "66.TA.96-120-7-j24-1.3.H", "mode": "bus", "line_name": "7"}, {"line_id": "96-120-7-j24-1", "route_id": "41.TA.96-120-7-j24-1.2.H", "mode": "bus", "line_name": "7"}, {"line_id": "96-120-7-j24-1", "route_id": "88.TA.96-120-7-j24-1.4.H", "mode": "bus", "line_name": "7"}, {"line_id": "96-121-1-j24-1", "route_id": "16.TA.96-121-1-j24-1.1.H", "mode": "bus", "line_name": "11"}, {"line_id": "96-121-1-j24-1", "route_id": "20.TA.96-121-1-j24-1.2.H", "mode": "bus", "line_name": "11"}, {"line_id": "96-121-1-j24-1", "route_id": "31.TA.96-121-1-j24-1.3.R", "mode": "bus", "line_name": "11"}, {"line_id": "96-121-1-j24-1", "route_id": "43.TA.96-121-1-j24-1.4.R", "mode": "bus", "line_name": "11"}], "predominant_mode": "bus", "assigned_canton": "Jura", "modes_list": ["bus"]}, "geometry": {"type": "Point", "coordinates": [7.436137727152182, 47.34755773121026]}}, {"id": "21999", "type": "Feature", "properties": {"name": "Rocourt", "lon": 6.955781590746376, "lat": 47.390407748281696, "stop_id": ["8572060.link:1310066", "8572060.link:1310067"], "lines": [{"line_id": "96-127-3-j24-1", "route_id": "142.TA.96-127-3-j24-1.4.R", "mode": "bus", "line_name": "73"}, {"line_id": "96-127-3-j24-1", "route_id": "23.TA.96-127-3-j24-1.1.H", "mode": "bus", "line_name": "73"}, {"line_id": "96-127-3-j24-1", "route_id": "45.TA.96-127-3-j24-1.1.H", "mode": "bus", "line_name": "73"}, {"line_id": "96-127-3-j24-1", "route_id": "70.TA.96-127-3-j24-1.2.H", "mode": "bus", "line_name": "73"}], "predominant_mode": "bus", "assigned_canton": "Jura", "modes_list": ["bus"]}, "geometry": {"type": "Point", "coordinates": [6.9557815975062045, 47.39040775886233]}}, {"id": "22216", "type": "Feature", "properties": {"name": "Rossemaison, Copas de sel", "lon": 7.346665519767769, "lat": 47.347338602160804, "stop_id": ["8582402.link:381802", "8582402.link:381803"], "lines": [{"line_id": "96-120-6-j24-1", "route_id": "395.TA.96-120-6-j24-1.21.R", "mode": "bus", "line_name": "6"}, {"line_id": "96-120-6-j24-1", "route_id": "439.TA.96-120-6-j24-1.26.R", "mode": "bus", "line_name": "6"}, {"line_id": "96-120-6-j24-1", "route_id": "325.TA.96-120-6-j24-1.16.R", "mode": "bus", "line_name": "6"}, {"line_id": "96-120-6-j24-1", "route_id": "392.TA.96-120-6-j24-1.21.R", "mode": "bus", "line_name": "6"}, {"line_id": "96-120-6-j24-1", "route_id": "452.TA.96-120-6-j24-1.24.R", "mode": "bus", "line_name": "6"}, {"line_id": "96-120-6-j24-1", "route_id": "350.TA.96-120-6-j24-1.18.R", "mode": "bus", "line_name": "6"}, {"line_id": "96-120-6-j24-1", "route_id": "393.TA.96-120-6-j24-1.21.R", "mode": "bus", "line_name": "6"}, {"line_id": "96-120-6-j24-1", "route_id": "382.TA.96-120-6-j24-1.21.R", "mode": "bus", "line_name": "6"}, {"line_id": "96-120-6-j24-1", "route_id": "442.TA.96-120-6-j24-1.24.R", "mode": "bus", "line_name": "6"}, {"line_id": "96-120-6-j24-1", "route_id": "54.TA.96-120-6-j24-1.6.H", "mode": "bus", "line_name": "6"}, {"line_id": "96-120-6-j24-1", "route_id": "85.TA.96-120-6-j24-1.6.H", "mode": "bus", "line_name": "6"}, {"line_id": "96-120-6-j24-1", "route_id": "164.TA.96-120-6-j24-1.10.H", "mode": "bus", "line_name": "6"}, {"line_id": "96-120-6-j24-1", "route_id": "250.TA.96-120-6-j24-1.12.H", "mode": "bus", "line_name": "6"}, {"line_id": "96-120-6-j24-1", "route_id": "42.TA.96-120-6-j24-1.3.H", "mode": "bus", "line_name": "6"}, {"line_id": "96-120-6-j24-1", "route_id": "171.TA.96-120-6-j24-1.10.H", "mode": "bus", "line_name": "6"}, {"line_id": "96-120-6-j24-1", "route_id": "206.TA.96-120-6-j24-1.11.H", "mode": "bus", "line_name": "6"}], "predominant_mode": "bus", "assigned_canton": "Jura", "modes_list": ["bus"]}, "geometry": {"type": "Point", "coordinates": [7.346665526955377, 47.34733861263418]}}, {"id": "22217", "type": "Feature", "properties": {"name": "Rossemaison, Les Quatre-Vents", "lon": 7.345102449527134, "lat": 47.340125542185284, "stop_id": ["8583784.link:626541"], "lines": [{"line_id": "96-120-6-j24-1", "route_id": "54.TA.96-120-6-j24-1.6.H", "mode": "bus", "line_name": "6"}, {"line_id": "96-120-6-j24-1", "route_id": "85.TA.96-120-6-j24-1.6.H", "mode": "bus", "line_name": "6"}, {"line_id": "96-120-6-j24-1", "route_id": "164.TA.96-120-6-j24-1.10.H", "mode": "bus", "line_name": "6"}, {"line_id": "96-120-6-j24-1", "route_id": "250.TA.96-120-6-j24-1.12.H", "mode": "bus", "line_name": "6"}, {"line_id": "96-120-6-j24-1", "route_id": "42.TA.96-120-6-j24-1.3.H", "mode": "bus", "line_name": "6"}, {"line_id": "96-120-6-j24-1", "route_id": "171.TA.96-120-6-j24-1.10.H", "mode": "bus", "line_name": "6"}, {"line_id": "96-120-6-j24-1", "route_id": "206.TA.96-120-6-j24-1.11.H", "mode": "bus", "line_name": "6"}], "predominant_mode": "bus", "assigned_canton": "Jura", "modes_list": ["bus"]}, "geometry": {"type": "Point", "coordinates": [7.345102456714953, 47.34012555265662]}}, {"id": "22218", "type": "Feature", "properties": {"name": "Rossemaison, bas du village", "lon": 7.345336009854467, "lat": 47.349998362181594, "stop_id": ["8571998.link:381792", "8571998.link:381793"], "lines": [{"line_id": "96-120-6-j24-1", "route_id": "395.TA.96-120-6-j24-1.21.R", "mode": "bus", "line_name": "6"}, {"line_id": "96-120-6-j24-1", "route_id": "439.TA.96-120-6-j24-1.26.R", "mode": "bus", "line_name": "6"}, {"line_id": "96-120-6-j24-1", "route_id": "325.TA.96-120-6-j24-1.16.R", "mode": "bus", "line_name": "6"}, {"line_id": "96-120-6-j24-1", "route_id": "392.TA.96-120-6-j24-1.21.R", "mode": "bus", "line_name": "6"}, {"line_id": "96-120-6-j24-1", "route_id": "452.TA.96-120-6-j24-1.24.R", "mode": "bus", "line_name": "6"}, {"line_id": "96-120-6-j24-1", "route_id": "350.TA.96-120-6-j24-1.18.R", "mode": "bus", "line_name": "6"}, {"line_id": "96-120-6-j24-1", "route_id": "393.TA.96-120-6-j24-1.21.R", "mode": "bus", "line_name": "6"}, {"line_id": "96-120-6-j24-1", "route_id": "382.TA.96-120-6-j24-1.21.R", "mode": "bus", "line_name": "6"}, {"line_id": "96-120-6-j24-1", "route_id": "442.TA.96-120-6-j24-1.24.R", "mode": "bus", "line_name": "6"}, {"line_id": "96-120-6-j24-1", "route_id": "54.TA.96-120-6-j24-1.6.H", "mode": "bus", "line_name": "6"}, {"line_id": "96-120-6-j24-1", "route_id": "85.TA.96-120-6-j24-1.6.H", "mode": "bus", "line_name": "6"}, {"line_id": "96-120-6-j24-1", "route_id": "164.TA.96-120-6-j24-1.10.H", "mode": "bus", "line_name": "6"}, {"line_id": "96-120-6-j24-1", "route_id": "250.TA.96-120-6-j24-1.12.H", "mode": "bus", "line_name": "6"}, {"line_id": "96-120-6-j24-1", "route_id": "42.TA.96-120-6-j24-1.3.H", "mode": "bus", "line_name": "6"}, {"line_id": "96-120-6-j24-1", "route_id": "171.TA.96-120-6-j24-1.10.H", "mode": "bus", "line_name": "6"}, {"line_id": "96-120-6-j24-1", "route_id": "206.TA.96-120-6-j24-1.11.H", "mode": "bus", "line_name": "6"}], "predominant_mode": "bus", "assigned_canton": "Jura", "modes_list": ["bus"]}, "geometry": {"type": "Point", "coordinates": [7.345336017039988, 47.349998372656216]}}, {"id": "22219", "type": "Feature", "properties": {"name": "Rossemaison, haut du village", "lon": 7.34366514965382, "lat": 47.3439969822078, "stop_id": ["8571999.link:626551", "8571999.link:626552"], "lines": [{"line_id": "96-120-6-j24-1", "route_id": "54.TA.96-120-6-j24-1.6.H", "mode": "bus", "line_name": "6"}, {"line_id": "96-120-6-j24-1", "route_id": "85.TA.96-120-6-j24-1.6.H", "mode": "bus", "line_name": "6"}, {"line_id": "96-120-6-j24-1", "route_id": "164.TA.96-120-6-j24-1.10.H", "mode": "bus", "line_name": "6"}, {"line_id": "96-120-6-j24-1", "route_id": "250.TA.96-120-6-j24-1.12.H", "mode": "bus", "line_name": "6"}, {"line_id": "96-120-6-j24-1", "route_id": "42.TA.96-120-6-j24-1.3.H", "mode": "bus", "line_name": "6"}, {"line_id": "96-120-6-j24-1", "route_id": "171.TA.96-120-6-j24-1.10.H", "mode": "bus", "line_name": "6"}, {"line_id": "96-120-6-j24-1", "route_id": "206.TA.96-120-6-j24-1.11.H", "mode": "bus", "line_name": "6"}, {"line_id": "96-120-6-j24-1", "route_id": "395.TA.96-120-6-j24-1.21.R", "mode": "bus", "line_name": "6"}, {"line_id": "96-120-6-j24-1", "route_id": "439.TA.96-120-6-j24-1.26.R", "mode": "bus", "line_name": "6"}, {"line_id": "96-120-6-j24-1", "route_id": "325.TA.96-120-6-j24-1.16.R", "mode": "bus", "line_name": "6"}, {"line_id": "96-120-6-j24-1", "route_id": "392.TA.96-120-6-j24-1.21.R", "mode": "bus", "line_name": "6"}, {"line_id": "96-120-6-j24-1", "route_id": "452.TA.96-120-6-j24-1.24.R", "mode": "bus", "line_name": "6"}, {"line_id": "96-120-6-j24-1", "route_id": "350.TA.96-120-6-j24-1.18.R", "mode": "bus", "line_name": "6"}, {"line_id": "96-120-6-j24-1", "route_id": "393.TA.96-120-6-j24-1.21.R", "mode": "bus", "line_name": "6"}, {"line_id": "96-120-6-j24-1", "route_id": "382.TA.96-120-6-j24-1.21.R", "mode": "bus", "line_name": "6"}, {"line_id": "96-120-6-j24-1", "route_id": "442.TA.96-120-6-j24-1.24.R", "mode": "bus", "line_name": "6"}], "predominant_mode": "bus", "assigned_canton": "Jura", "modes_list": ["bus"]}, "geometry": {"type": "Point", "coordinates": [7.343665156839125, 47.3439969926808]}}, {"id": "22220", "type": "Feature", "properties": {"name": "Rossemaison, \u00e9cole/poste", "lon": 7.345659409733206, "lat": 47.34632823217653, "stop_id": ["8500669.link:626928", "8500669.link:626929"], "lines": [{"line_id": "96-120-6-j24-1", "route_id": "54.TA.96-120-6-j24-1.6.H", "mode": "bus", "line_name": "6"}, {"line_id": "96-120-6-j24-1", "route_id": "85.TA.96-120-6-j24-1.6.H", "mode": "bus", "line_name": "6"}, {"line_id": "96-120-6-j24-1", "route_id": "164.TA.96-120-6-j24-1.10.H", "mode": "bus", "line_name": "6"}, {"line_id": "96-120-6-j24-1", "route_id": "250.TA.96-120-6-j24-1.12.H", "mode": "bus", "line_name": "6"}, {"line_id": "96-120-6-j24-1", "route_id": "42.TA.96-120-6-j24-1.3.H", "mode": "bus", "line_name": "6"}, {"line_id": "96-120-6-j24-1", "route_id": "171.TA.96-120-6-j24-1.10.H", "mode": "bus", "line_name": "6"}, {"line_id": "96-120-6-j24-1", "route_id": "206.TA.96-120-6-j24-1.11.H", "mode": "bus", "line_name": "6"}, {"line_id": "96-120-6-j24-1", "route_id": "395.TA.96-120-6-j24-1.21.R", "mode": "bus", "line_name": "6"}, {"line_id": "96-120-6-j24-1", "route_id": "439.TA.96-120-6-j24-1.26.R", "mode": "bus", "line_name": "6"}, {"line_id": "96-120-6-j24-1", "route_id": "325.TA.96-120-6-j24-1.16.R", "mode": "bus", "line_name": "6"}, {"line_id": "96-120-6-j24-1", "route_id": "392.TA.96-120-6-j24-1.21.R", "mode": "bus", "line_name": "6"}, {"line_id": "96-120-6-j24-1", "route_id": "452.TA.96-120-6-j24-1.24.R", "mode": "bus", "line_name": "6"}, {"line_id": "96-120-6-j24-1", "route_id": "350.TA.96-120-6-j24-1.18.R", "mode": "bus", "line_name": "6"}, {"line_id": "96-120-6-j24-1", "route_id": "393.TA.96-120-6-j24-1.21.R", "mode": "bus", "line_name": "6"}, {"line_id": "96-120-6-j24-1", "route_id": "382.TA.96-120-6-j24-1.21.R", "mode": "bus", "line_name": "6"}, {"line_id": "96-120-6-j24-1", "route_id": "442.TA.96-120-6-j24-1.24.R", "mode": "bus", "line_name": "6"}], "predominant_mode": "bus", "assigned_canton": "Jura", "modes_list": ["bus"]}, "geometry": {"type": "Point", "coordinates": [7.345659416920018, 47.346328242649825]}}, {"id": "22509", "type": "Feature", "properties": {"name": "R\u00e9cl\u00e8re, Les Grottes", "lon": 6.915429269650704, "lat": 47.35887745891348, "stop_id": ["8583308.link:143934"], "lines": [{"line_id": "96-127-8-j24-1", "route_id": "27.TA.96-127-8-j24-1.5.R", "mode": "bus", "line_name": "78"}, {"line_id": "96-127-8-j24-1", "route_id": "12.TA.96-127-8-j24-1.2.H", "mode": "bus", "line_name": "78"}, {"line_id": "96-127-8-j24-1", "route_id": "14.TA.96-127-8-j24-1.2.H", "mode": "bus", "line_name": "78"}], "predominant_mode": "bus", "assigned_canton": "Jura", "modes_list": ["bus"]}, "geometry": {"type": "Point", "coordinates": [6.915429276374571, 47.358877469492654]}}, {"id": "22510", "type": "Feature", "properties": {"name": "R\u00e9cl\u00e8re, village", "lon": 6.922651720210602, "lat": 47.37548750880037, "stop_id": ["8572065.link:560390", "8572065.link:560391"], "lines": [{"line_id": "96-127-8-j24-1", "route_id": "18.TA.96-127-8-j24-1.4.R", "mode": "bus", "line_name": "78"}, {"line_id": "96-127-8-j24-1", "route_id": "27.TA.96-127-8-j24-1.5.R", "mode": "bus", "line_name": "78"}, {"line_id": "96-127-8-j24-1", "route_id": "15.TA.96-127-8-j24-1.3.R", "mode": "bus", "line_name": "78"}, {"line_id": "96-127-8-j24-1", "route_id": "20.TA.96-127-8-j24-1.4.R", "mode": "bus", "line_name": "78"}, {"line_id": "96-127-8-j24-1", "route_id": "12.TA.96-127-8-j24-1.2.H", "mode": "bus", "line_name": "78"}, {"line_id": "96-127-8-j24-1", "route_id": "4.TA.96-127-8-j24-1.1.H", "mode": "bus", "line_name": "78"}, {"line_id": "96-127-8-j24-1", "route_id": "14.TA.96-127-8-j24-1.2.H", "mode": "bus", "line_name": "78"}, {"line_id": "96-127-3-j24-1", "route_id": "70.TA.96-127-3-j24-1.2.H", "mode": "bus", "line_name": "73"}], "predominant_mode": "bus", "assigned_canton": "Jura", "modes_list": ["bus"]}, "geometry": {"type": "Point", "coordinates": [6.922651726938289, 47.37548751938354]}}, {"id": "22825", "type": "Feature", "properties": {"name": "Saignel\u00e9gier", "lon": 6.994193546297574, "lat": 47.25465652767934, "stop_id": ["8500191.link:171825", "8500191.link:171826"], "lines": [{"line_id": "91-36-C-j24-1", "route_id": "106.TA.91-36-C-j24-1.12.R", "mode": "rail", "line_name": "R36"}, {"line_id": "91-36-C-j24-1", "route_id": "99.TA.91-36-C-j24-1.12.R", "mode": "rail", "line_name": "R36"}, {"line_id": "91-36-C-j24-1", "route_id": "121.TA.91-36-C-j24-1.13.R", "mode": "rail", "line_name": "R36"}, {"line_id": "91-36-C-j24-1", "route_id": "70.TA.91-36-C-j24-1.8.R", "mode": "rail", "line_name": "R36"}, {"line_id": "91-36-C-j24-1", "route_id": "110.TA.91-36-C-j24-1.13.R", "mode": "rail", "line_name": "R36"}, {"line_id": "91-36-C-j24-1", "route_id": "90.TA.91-36-C-j24-1.11.R", "mode": "rail", "line_name": "R36"}, {"line_id": "91-36-C-j24-1", "route_id": "98.TA.91-36-C-j24-1.12.R", "mode": "rail", "line_name": "R36"}, {"line_id": "91-36-C-j24-1", "route_id": "81.TA.91-36-C-j24-1.9.R", "mode": "rail", "line_name": "R36"}, {"line_id": "91-36-C-j24-1", "route_id": "96.TA.91-36-C-j24-1.12.R", "mode": "rail", "line_name": "R36"}, {"line_id": "91-36-C-j24-1", "route_id": "100.TA.91-36-C-j24-1.12.R", "mode": "rail", "line_name": "R36"}, {"line_id": "91-36-C-j24-1", "route_id": "107.TA.91-36-C-j24-1.13.R", "mode": "rail", "line_name": "R36"}, {"line_id": "91-36-C-j24-1", "route_id": "120.TA.91-36-C-j24-1.13.R", "mode": "rail", "line_name": "R36"}, {"line_id": "91-36-C-j24-1", "route_id": "94.TA.91-36-C-j24-1.12.R", "mode": "rail", "line_name": "R36"}, {"line_id": "91-36-C-j24-1", "route_id": "62.TA.91-36-C-j24-1.7.H", "mode": "rail", "line_name": "R36"}, {"line_id": "91-36-C-j24-1", "route_id": "63.TA.91-36-C-j24-1.7.H", "mode": "rail", "line_name": "R36"}, {"line_id": "91-36-C-j24-1", "route_id": "39.TA.91-36-C-j24-1.6.H", "mode": "rail", "line_name": "R36"}, {"line_id": "91-36-C-j24-1", "route_id": "12.TA.91-36-C-j24-1.2.H", "mode": "rail", "line_name": "R36"}, {"line_id": "91-36-C-j24-1", "route_id": "25.TA.91-36-C-j24-1.4.H", "mode": "rail", "line_name": "R36"}, {"line_id": "91-36-C-j24-1", "route_id": "42.TA.91-36-C-j24-1.6.H", "mode": "rail", "line_name": "R36"}, {"line_id": "91-36-C-j24-1", "route_id": "26.TA.91-36-C-j24-1.4.H", "mode": "rail", "line_name": "R36"}, {"line_id": "91-36-C-j24-1", "route_id": "46.TA.91-36-C-j24-1.6.H", "mode": "rail", "line_name": "R36"}, {"line_id": "91-36-C-j24-1", "route_id": "6.TA.91-36-C-j24-1.1.H", "mode": "rail", "line_name": "R36"}, {"line_id": "91-36-C-j24-1", "route_id": "59.TA.91-36-C-j24-1.7.H", "mode": "rail", "line_name": "R36"}, {"line_id": "91-36-C-j24-1", "route_id": "32.TA.91-36-C-j24-1.6.H", "mode": "rail", "line_name": "R36"}], "predominant_mode": "rail", "assigned_canton": "Jura", "modes_list": ["rail"]}, "geometry": {"type": "Point", "coordinates": [6.994193553131567, 47.2546565382041]}}, {"id": "22826", "type": "Feature", "properties": {"name": "Saignel\u00e9gier, Bellevue", "lon": 6.9991522463120335, "lat": 47.25491260760174, "stop_id": ["8583814.link:790555", "8583814.link:790556"], "lines": [{"line_id": "96-128-3-j24-1", "route_id": "1.TA.96-128-3-j24-1.1.H", "mode": "bus", "line_name": "N23"}, {"line_id": "96-123-2-j24-1", "route_id": "41.TA.96-123-2-j24-1.14.R", "mode": "bus", "line_name": "32"}, {"line_id": "96-123-2-j24-1", "route_id": "44.TA.96-123-2-j24-1.16.R", "mode": "bus", "line_name": "32"}, {"line_id": "96-123-2-j24-1", "route_id": "37.TA.96-123-2-j24-1.12.R", "mode": "bus", "line_name": "32"}, {"line_id": "96-123-2-j24-1", "route_id": "45.TA.96-123-2-j24-1.16.R", "mode": "bus", "line_name": "32"}, {"line_id": "96-123-2-j24-1", "route_id": "48.TA.96-123-2-j24-1.16.R", "mode": "bus", "line_name": "32"}, {"line_id": "96-128-3-j24-1", "route_id": "6.TA.96-128-3-j24-1.2.H", "mode": "bus", "line_name": "N23"}, {"line_id": "96-123-2-j24-1", "route_id": "43.TA.96-123-2-j24-1.15.R", "mode": "bus", "line_name": "32"}, {"line_id": "96-128-3-j24-1", "route_id": "13.TA.96-128-3-j24-1.4.R", "mode": "bus", "line_name": "N23"}, {"line_id": "96-123-2-j24-1", "route_id": "19.TA.96-123-2-j24-1.7.H", "mode": "bus", "line_name": "32"}, {"line_id": "96-123-2-j24-1", "route_id": "18.TA.96-123-2-j24-1.6.H", "mode": "bus", "line_name": "32"}, {"line_id": "96-128-3-j24-1", "route_id": "10.TA.96-128-3-j24-1.3.R", "mode": "bus", "line_name": "N23"}, {"line_id": "96-123-2-j24-1", "route_id": "26.TA.96-123-2-j24-1.8.H", "mode": "bus", "line_name": "32"}, {"line_id": "96-123-2-j24-1", "route_id": "14.TA.96-123-2-j24-1.6.H", "mode": "bus", "line_name": "32"}, {"line_id": "96-123-2-j24-1", "route_id": "21.TA.96-123-2-j24-1.8.H", "mode": "bus", "line_name": "32"}], "predominant_mode": "bus", "assigned_canton": "Jura", "modes_list": ["bus"]}, "geometry": {"type": "Point", "coordinates": [6.999152253151324, 47.25491261812547]}}, {"id": "22827", "type": "Feature", "properties": {"name": "Saignel\u00e9gier, Brasserie", "lon": 7.002206516303036, "lat": 47.25452847755391, "stop_id": ["8596081.link:1672554", "8596081.link:171983", "8596081.link:171984"], "lines": [{"line_id": "96-128-3-j24-1", "route_id": "13.TA.96-128-3-j24-1.4.R", "mode": "bus", "line_name": "N23"}, {"line_id": "96-128-3-j24-1", "route_id": "6.TA.96-128-3-j24-1.2.H", "mode": "bus", "line_name": "N23"}, {"line_id": "96-128-3-j24-1", "route_id": "1.TA.96-128-3-j24-1.1.H", "mode": "bus", "line_name": "N23"}, {"line_id": "96-128-3-j24-1", "route_id": "10.TA.96-128-3-j24-1.3.R", "mode": "bus", "line_name": "N23"}], "predominant_mode": "bus", "assigned_canton": "Jura", "modes_list": ["bus"]}, "geometry": {"type": "Point", "coordinates": [7.002206523145723, 47.25452848807682]}}, {"id": "22828", "type": "Feature", "properties": {"name": "Saignel\u00e9gier, Centre Loisirs", "lon": 7.0036258562377, "lat": 47.25249805753163, "stop_id": ["8571933.link:172855"], "lines": [{"line_id": "96-128-3-j24-1", "route_id": "13.TA.96-128-3-j24-1.4.R", "mode": "bus", "line_name": "N23"}, {"line_id": "96-123-2-j24-1", "route_id": "41.TA.96-123-2-j24-1.14.R", "mode": "bus", "line_name": "32"}, {"line_id": "96-123-2-j24-1", "route_id": "19.TA.96-123-2-j24-1.7.H", "mode": "bus", "line_name": "32"}, {"line_id": "96-123-2-j24-1", "route_id": "18.TA.96-123-2-j24-1.6.H", "mode": "bus", "line_name": "32"}, {"line_id": "96-123-2-j24-1", "route_id": "26.TA.96-123-2-j24-1.8.H", "mode": "bus", "line_name": "32"}, {"line_id": "96-123-2-j24-1", "route_id": "44.TA.96-123-2-j24-1.16.R", "mode": "bus", "line_name": "32"}, {"line_id": "96-123-2-j24-1", "route_id": "37.TA.96-123-2-j24-1.12.R", "mode": "bus", "line_name": "32"}, {"line_id": "96-123-2-j24-1", "route_id": "45.TA.96-123-2-j24-1.16.R", "mode": "bus", "line_name": "32"}, {"line_id": "96-123-2-j24-1", "route_id": "14.TA.96-123-2-j24-1.6.H", "mode": "bus", "line_name": "32"}, {"line_id": "96-123-2-j24-1", "route_id": "48.TA.96-123-2-j24-1.16.R", "mode": "bus", "line_name": "32"}, {"line_id": "96-123-2-j24-1", "route_id": "21.TA.96-123-2-j24-1.8.H", "mode": "bus", "line_name": "32"}, {"line_id": "96-128-3-j24-1", "route_id": "6.TA.96-128-3-j24-1.2.H", "mode": "bus", "line_name": "N23"}, {"line_id": "96-123-2-j24-1", "route_id": "43.TA.96-123-2-j24-1.15.R", "mode": "bus", "line_name": "32"}], "predominant_mode": "bus", "assigned_canton": "Jura", "modes_list": ["bus"]}, "geometry": {"type": "Point", "coordinates": [7.003625863082404, 47.252498068053484]}}, {"id": "22829", "type": "Feature", "properties": {"name": "Saignel\u00e9gier, La Neuvevie", "lon": 7.012330536235502, "lat": 47.252113917395356, "stop_id": ["8571932.link:1672497", "8571932.link:1672498"], "lines": [{"line_id": "96-123-2-j24-1", "route_id": "41.TA.96-123-2-j24-1.14.R", "mode": "bus", "line_name": "32"}, {"line_id": "96-123-2-j24-1", "route_id": "44.TA.96-123-2-j24-1.16.R", "mode": "bus", "line_name": "32"}, {"line_id": "96-123-2-j24-1", "route_id": "37.TA.96-123-2-j24-1.12.R", "mode": "bus", "line_name": "32"}, {"line_id": "96-123-2-j24-1", "route_id": "45.TA.96-123-2-j24-1.16.R", "mode": "bus", "line_name": "32"}, {"line_id": "96-123-2-j24-1", "route_id": "48.TA.96-123-2-j24-1.16.R", "mode": "bus", "line_name": "32"}, {"line_id": "96-128-3-j24-1", "route_id": "6.TA.96-128-3-j24-1.2.H", "mode": "bus", "line_name": "N23"}, {"line_id": "96-123-2-j24-1", "route_id": "43.TA.96-123-2-j24-1.15.R", "mode": "bus", "line_name": "32"}, {"line_id": "96-128-3-j24-1", "route_id": "13.TA.96-128-3-j24-1.4.R", "mode": "bus", "line_name": "N23"}, {"line_id": "96-123-2-j24-1", "route_id": "19.TA.96-123-2-j24-1.7.H", "mode": "bus", "line_name": "32"}, {"line_id": "96-123-2-j24-1", "route_id": "18.TA.96-123-2-j24-1.6.H", "mode": "bus", "line_name": "32"}, {"line_id": "96-123-2-j24-1", "route_id": "26.TA.96-123-2-j24-1.8.H", "mode": "bus", "line_name": "32"}, {"line_id": "96-123-2-j24-1", "route_id": "14.TA.96-123-2-j24-1.6.H", "mode": "bus", "line_name": "32"}, {"line_id": "96-123-2-j24-1", "route_id": "21.TA.96-123-2-j24-1.8.H", "mode": "bus", "line_name": "32"}], "predominant_mode": "bus", "assigned_canton": "Jura", "modes_list": ["bus"]}, "geometry": {"type": "Point", "coordinates": [7.012330543089706, 47.25211392791506]}}, {"id": "22830", "type": "Feature", "properties": {"name": "Saignel\u00e9gier, La Theurre", "lon": 7.038651175895773, "lat": 47.24086887698299, "stop_id": ["8500700.link:968397", "8500700.link:968398"], "lines": [{"line_id": "96-123-2-j24-1", "route_id": "41.TA.96-123-2-j24-1.14.R", "mode": "bus", "line_name": "32"}, {"line_id": "96-123-2-j24-1", "route_id": "44.TA.96-123-2-j24-1.16.R", "mode": "bus", "line_name": "32"}, {"line_id": "96-123-2-j24-1", "route_id": "37.TA.96-123-2-j24-1.12.R", "mode": "bus", "line_name": "32"}, {"line_id": "96-123-2-j24-1", "route_id": "45.TA.96-123-2-j24-1.16.R", "mode": "bus", "line_name": "32"}, {"line_id": "96-123-2-j24-1", "route_id": "48.TA.96-123-2-j24-1.16.R", "mode": "bus", "line_name": "32"}, {"line_id": "96-128-3-j24-1", "route_id": "6.TA.96-128-3-j24-1.2.H", "mode": "bus", "line_name": "N23"}, {"line_id": "96-123-2-j24-1", "route_id": "43.TA.96-123-2-j24-1.15.R", "mode": "bus", "line_name": "32"}, {"line_id": "96-128-3-j24-1", "route_id": "13.TA.96-128-3-j24-1.4.R", "mode": "bus", "line_name": "N23"}, {"line_id": "96-123-2-j24-1", "route_id": "19.TA.96-123-2-j24-1.7.H", "mode": "bus", "line_name": "32"}, {"line_id": "96-123-2-j24-1", "route_id": "18.TA.96-123-2-j24-1.6.H", "mode": "bus", "line_name": "32"}, {"line_id": "96-123-2-j24-1", "route_id": "26.TA.96-123-2-j24-1.8.H", "mode": "bus", "line_name": "32"}, {"line_id": "96-123-2-j24-1", "route_id": "14.TA.96-123-2-j24-1.6.H", "mode": "bus", "line_name": "32"}, {"line_id": "96-123-2-j24-1", "route_id": "21.TA.96-123-2-j24-1.8.H", "mode": "bus", "line_name": "32"}], "predominant_mode": "bus", "assigned_canton": "Jura", "modes_list": ["bus"]}, "geometry": {"type": "Point", "coordinates": [7.03865118278109, 47.240868887492596]}}, {"id": "22831", "type": "Feature", "properties": {"name": "Saignel\u00e9gier, Le Graiteux", "lon": 6.9921543764344944, "lat": 47.25887564771139, "stop_id": ["8583658.link:1753696", "8583658.link:1753697"], "lines": [{"line_id": "96-123-2-j24-1", "route_id": "32.TA.96-123-2-j24-1.10.R", "mode": "bus", "line_name": "32"}, {"line_id": "96-123-2-j24-1", "route_id": "33.TA.96-123-2-j24-1.11.R", "mode": "bus", "line_name": "32"}, {"line_id": "96-128-6-j24-1", "route_id": "5.TA.96-128-6-j24-1.2.R", "mode": "bus", "line_name": "N26"}, {"line_id": "96-123-2-j24-1", "route_id": "44.TA.96-123-2-j24-1.16.R", "mode": "bus", "line_name": "32"}, {"line_id": "96-123-2-j24-1", "route_id": "45.TA.96-123-2-j24-1.16.R", "mode": "bus", "line_name": "32"}, {"line_id": "96-123-2-j24-1", "route_id": "48.TA.96-123-2-j24-1.16.R", "mode": "bus", "line_name": "32"}, {"line_id": "96-123-2-j24-1", "route_id": "43.TA.96-123-2-j24-1.15.R", "mode": "bus", "line_name": "32"}, {"line_id": "96-123-2-j24-1", "route_id": "19.TA.96-123-2-j24-1.7.H", "mode": "bus", "line_name": "32"}, {"line_id": "96-123-2-j24-1", "route_id": "6.TA.96-123-2-j24-1.3.H", "mode": "bus", "line_name": "32"}, {"line_id": "96-123-2-j24-1", "route_id": "26.TA.96-123-2-j24-1.8.H", "mode": "bus", "line_name": "32"}, {"line_id": "96-128-6-j24-1", "route_id": "3.TA.96-128-6-j24-1.1.H", "mode": "bus", "line_name": "N26"}, {"line_id": "96-123-2-j24-1", "route_id": "21.TA.96-123-2-j24-1.8.H", "mode": "bus", "line_name": "32"}], "predominant_mode": "bus", "assigned_canton": "Jura", "modes_list": ["bus"]}, "geometry": {"type": "Point", "coordinates": [6.992154383265274, 47.25887565823813]}}, {"id": "22832", "type": "Feature", "properties": {"name": "Saignel\u00e9gier, Moulin de Gru\u00e8re", "lon": 7.0503023157306774, "lat": 47.2354467468004, "stop_id": ["8571930.link:1839959", "8571930.link:1839960"], "lines": [{"line_id": "96-123-2-j24-1", "route_id": "41.TA.96-123-2-j24-1.14.R", "mode": "bus", "line_name": "32"}, {"line_id": "96-123-2-j24-1", "route_id": "44.TA.96-123-2-j24-1.16.R", "mode": "bus", "line_name": "32"}, {"line_id": "96-123-2-j24-1", "route_id": "37.TA.96-123-2-j24-1.12.R", "mode": "bus", "line_name": "32"}, {"line_id": "96-123-2-j24-1", "route_id": "45.TA.96-123-2-j24-1.16.R", "mode": "bus", "line_name": "32"}, {"line_id": "96-123-2-j24-1", "route_id": "48.TA.96-123-2-j24-1.16.R", "mode": "bus", "line_name": "32"}, {"line_id": "96-128-3-j24-1", "route_id": "6.TA.96-128-3-j24-1.2.H", "mode": "bus", "line_name": "N23"}, {"line_id": "96-123-2-j24-1", "route_id": "43.TA.96-123-2-j24-1.15.R", "mode": "bus", "line_name": "32"}, {"line_id": "96-128-3-j24-1", "route_id": "13.TA.96-128-3-j24-1.4.R", "mode": "bus", "line_name": "N23"}, {"line_id": "96-123-2-j24-1", "route_id": "19.TA.96-123-2-j24-1.7.H", "mode": "bus", "line_name": "32"}, {"line_id": "96-123-2-j24-1", "route_id": "18.TA.96-123-2-j24-1.6.H", "mode": "bus", "line_name": "32"}, {"line_id": "96-123-2-j24-1", "route_id": "26.TA.96-123-2-j24-1.8.H", "mode": "bus", "line_name": "32"}, {"line_id": "96-123-2-j24-1", "route_id": "14.TA.96-123-2-j24-1.6.H", "mode": "bus", "line_name": "32"}, {"line_id": "96-123-2-j24-1", "route_id": "21.TA.96-123-2-j24-1.8.H", "mode": "bus", "line_name": "32"}], "predominant_mode": "bus", "assigned_canton": "Jura", "modes_list": ["bus"]}, "geometry": {"type": "Point", "coordinates": [7.050302322629869, 47.235446757305375]}}, {"id": "22833", "type": "Feature", "properties": {"name": "Saignel\u00e9gier, P\u00e2quier", "lon": 6.998424616405413, "lat": 47.25776602761321, "stop_id": ["8576781.link:1152193", "8576781.link:1152194"], "lines": [{"line_id": "96-123-4-j24-1", "route_id": "28.TA.96-123-4-j24-1.9.H", "mode": "bus", "line_name": "34"}, {"line_id": "96-123-4-j24-1", "route_id": "16.TA.96-123-4-j24-1.7.H", "mode": "bus", "line_name": "34"}, {"line_id": "96-123-4-j24-1", "route_id": "12.TA.96-123-4-j24-1.5.H", "mode": "bus", "line_name": "34"}, {"line_id": "96-123-4-j24-1", "route_id": "26.TA.96-123-4-j24-1.8.H", "mode": "bus", "line_name": "34"}, {"line_id": "96-123-4-j24-1", "route_id": "6.TA.96-123-4-j24-1.5.H", "mode": "bus", "line_name": "34"}, {"line_id": "96-123-4-j24-1", "route_id": "17.TA.96-123-4-j24-1.7.H", "mode": "bus", "line_name": "34"}, {"line_id": "96-123-4-j24-1", "route_id": "14.TA.96-123-4-j24-1.6.H", "mode": "bus", "line_name": "34"}, {"line_id": "96-123-4-j24-1", "route_id": "22.TA.96-123-4-j24-1.8.H", "mode": "bus", "line_name": "34"}, {"line_id": "96-123-4-j24-1", "route_id": "5.TA.96-123-4-j24-1.4.H", "mode": "bus", "line_name": "34"}, {"line_id": "96-123-4-j24-1", "route_id": "7.TA.96-123-4-j24-1.5.H", "mode": "bus", "line_name": "34"}, {"line_id": "96-123-4-j24-1", "route_id": "51.TA.96-123-4-j24-1.15.R", "mode": "bus", "line_name": "34"}, {"line_id": "96-123-4-j24-1", "route_id": "44.TA.96-123-4-j24-1.14.R", "mode": "bus", "line_name": "34"}, {"line_id": "96-123-4-j24-1", "route_id": "38.TA.96-123-4-j24-1.13.R", "mode": "bus", "line_name": "34"}, {"line_id": "96-123-4-j24-1", "route_id": "53.TA.96-123-4-j24-1.16.R", "mode": "bus", "line_name": "34"}, {"line_id": "96-123-4-j24-1", "route_id": "46.TA.96-123-4-j24-1.15.R", "mode": "bus", "line_name": "34"}, {"line_id": "96-123-4-j24-1", "route_id": "58.TA.96-123-4-j24-1.17.R", "mode": "bus", "line_name": "34"}, {"line_id": "96-123-4-j24-1", "route_id": "35.TA.96-123-4-j24-1.12.R", "mode": "bus", "line_name": "34"}], "predominant_mode": "bus", "assigned_canton": "Jura", "modes_list": ["bus"]}, "geometry": {"type": "Point", "coordinates": [6.9984246232432366, 47.25776603813815]}}, {"id": "22834", "type": "Feature", "properties": {"name": "Saignel\u00e9gier, Rouges-Terres", "lon": 7.019202646250227, "lat": 47.252309037287795, "stop_id": ["8571931.link:1672509", "8571931.link:1672510"], "lines": [{"line_id": "96-123-2-j24-1", "route_id": "41.TA.96-123-2-j24-1.14.R", "mode": "bus", "line_name": "32"}, {"line_id": "96-123-2-j24-1", "route_id": "44.TA.96-123-2-j24-1.16.R", "mode": "bus", "line_name": "32"}, {"line_id": "96-123-2-j24-1", "route_id": "37.TA.96-123-2-j24-1.12.R", "mode": "bus", "line_name": "32"}, {"line_id": "96-123-2-j24-1", "route_id": "45.TA.96-123-2-j24-1.16.R", "mode": "bus", "line_name": "32"}, {"line_id": "96-123-2-j24-1", "route_id": "48.TA.96-123-2-j24-1.16.R", "mode": "bus", "line_name": "32"}, {"line_id": "96-128-3-j24-1", "route_id": "6.TA.96-128-3-j24-1.2.H", "mode": "bus", "line_name": "N23"}, {"line_id": "96-123-2-j24-1", "route_id": "43.TA.96-123-2-j24-1.15.R", "mode": "bus", "line_name": "32"}, {"line_id": "96-128-3-j24-1", "route_id": "13.TA.96-128-3-j24-1.4.R", "mode": "bus", "line_name": "N23"}, {"line_id": "96-123-2-j24-1", "route_id": "19.TA.96-123-2-j24-1.7.H", "mode": "bus", "line_name": "32"}, {"line_id": "96-123-2-j24-1", "route_id": "18.TA.96-123-2-j24-1.6.H", "mode": "bus", "line_name": "32"}, {"line_id": "96-123-2-j24-1", "route_id": "26.TA.96-123-2-j24-1.8.H", "mode": "bus", "line_name": "32"}, {"line_id": "96-123-2-j24-1", "route_id": "14.TA.96-123-2-j24-1.6.H", "mode": "bus", "line_name": "32"}, {"line_id": "96-123-2-j24-1", "route_id": "21.TA.96-123-2-j24-1.8.H", "mode": "bus", "line_name": "32"}], "predominant_mode": "bus", "assigned_canton": "Jura", "modes_list": ["bus"]}, "geometry": {"type": "Point", "coordinates": [7.019202653111809, 47.25230904780593]}}, {"id": "22835", "type": "Feature", "properties": {"name": "Saignel\u00e9gier, Rte de France", "lon": 6.994786436345836, "lat": 47.256095447670106, "stop_id": ["8583659.link:1917621", "8583659.link:1917622"], "lines": [{"line_id": "96-123-2-j24-1", "route_id": "28.TA.96-123-2-j24-1.9.R", "mode": "bus", "line_name": "32"}, {"line_id": "96-123-2-j24-1", "route_id": "32.TA.96-123-2-j24-1.10.R", "mode": "bus", "line_name": "32"}, {"line_id": "96-123-2-j24-1", "route_id": "33.TA.96-123-2-j24-1.11.R", "mode": "bus", "line_name": "32"}, {"line_id": "96-128-6-j24-1", "route_id": "5.TA.96-128-6-j24-1.2.R", "mode": "bus", "line_name": "N26"}, {"line_id": "96-123-2-j24-1", "route_id": "44.TA.96-123-2-j24-1.16.R", "mode": "bus", "line_name": "32"}, {"line_id": "96-123-2-j24-1", "route_id": "45.TA.96-123-2-j24-1.16.R", "mode": "bus", "line_name": "32"}, {"line_id": "96-123-2-j24-1", "route_id": "48.TA.96-123-2-j24-1.16.R", "mode": "bus", "line_name": "32"}, {"line_id": "96-123-2-j24-1", "route_id": "43.TA.96-123-2-j24-1.15.R", "mode": "bus", "line_name": "32"}, {"line_id": "96-123-2-j24-1", "route_id": "19.TA.96-123-2-j24-1.7.H", "mode": "bus", "line_name": "32"}, {"line_id": "96-123-2-j24-1", "route_id": "6.TA.96-123-2-j24-1.3.H", "mode": "bus", "line_name": "32"}, {"line_id": "96-123-2-j24-1", "route_id": "26.TA.96-123-2-j24-1.8.H", "mode": "bus", "line_name": "32"}, {"line_id": "96-128-6-j24-1", "route_id": "3.TA.96-128-6-j24-1.1.H", "mode": "bus", "line_name": "N26"}, {"line_id": "96-123-2-j24-1", "route_id": "21.TA.96-123-2-j24-1.8.H", "mode": "bus", "line_name": "32"}], "predominant_mode": "bus", "assigned_canton": "Jura", "modes_list": ["bus"]}, "geometry": {"type": "Point", "coordinates": [6.994786443180125, 47.25609545819528]}}, {"id": "22836", "type": "Feature", "properties": {"name": "Saignel\u00e9gier, gare", "lon": 6.994121686300721, "lat": 47.25475407768048, "stop_id": ["8571934.link:1369178", "8571934.link:1369179"], "lines": [{"line_id": "96-128-2-j24-1", "route_id": "10.TA.96-128-2-j24-1.6.R", "mode": "bus", "line_name": "N22"}, {"line_id": "96-123-4-j24-1", "route_id": "44.TA.96-123-4-j24-1.14.R", "mode": "bus", "line_name": "34"}, {"line_id": "96-123-2-j24-1", "route_id": "44.TA.96-123-2-j24-1.16.R", "mode": "bus", "line_name": "32"}, {"line_id": "96-123-2-j24-1", "route_id": "37.TA.96-123-2-j24-1.12.R", "mode": "bus", "line_name": "32"}, {"line_id": "96-123-4-j24-1", "route_id": "38.TA.96-123-4-j24-1.13.R", "mode": "bus", "line_name": "34"}, {"line_id": "96-128-1-j24-1", "route_id": "4.TA.96-128-1-j24-1.2.H", "mode": "bus", "line_name": "N21"}, {"line_id": "96-123-4-j24-1", "route_id": "53.TA.96-123-4-j24-1.16.R", "mode": "bus", "line_name": "34"}, {"line_id": "96-123-4-j24-1", "route_id": "46.TA.96-123-4-j24-1.15.R", "mode": "bus", "line_name": "34"}, {"line_id": "96-123-4-j24-1", "route_id": "35.TA.96-123-4-j24-1.12.R", "mode": "bus", "line_name": "34"}, {"line_id": "96-123-2-j24-1", "route_id": "43.TA.96-123-2-j24-1.15.R", "mode": "bus", "line_name": "32"}, {"line_id": "96-123-2-j24-1", "route_id": "41.TA.96-123-2-j24-1.14.R", "mode": "bus", "line_name": "32"}, {"line_id": "96-128-1-j24-1", "route_id": "1.TA.96-128-1-j24-1.1.H", "mode": "bus", "line_name": "N21"}, {"line_id": "96-128-6-j24-1", "route_id": "5.TA.96-128-6-j24-1.2.R", "mode": "bus", "line_name": "N26"}, {"line_id": "96-123-2-j24-1", "route_id": "28.TA.96-123-2-j24-1.9.R", "mode": "bus", "line_name": "32"}, {"line_id": "96-123-2-j24-1", "route_id": "32.TA.96-123-2-j24-1.10.R", "mode": "bus", "line_name": "32"}, {"line_id": "96-123-2-j24-1", "route_id": "45.TA.96-123-2-j24-1.16.R", "mode": "bus", "line_name": "32"}, {"line_id": "96-128-3-j24-1", "route_id": "1.TA.96-128-3-j24-1.1.H", "mode": "bus", "line_name": "N23"}, {"line_id": "92-A03-O-j24-1", "route_id": "3.TA.92-A03-O-j24-1.2.R", "mode": "bus", "line_name": "EV2"}, {"line_id": "96-123-4-j24-1", "route_id": "51.TA.96-123-4-j24-1.15.R", "mode": "bus", "line_name": "34"}, {"line_id": "96-123-2-j24-1", "route_id": "33.TA.96-123-2-j24-1.11.R", "mode": "bus", "line_name": "32"}, {"line_id": "96-123-2-j24-1", "route_id": "48.TA.96-123-2-j24-1.16.R", "mode": "bus", "line_name": "32"}, {"line_id": "96-123-4-j24-1", "route_id": "58.TA.96-123-4-j24-1.17.R", "mode": "bus", "line_name": "34"}, {"line_id": "96-128-3-j24-1", "route_id": "6.TA.96-128-3-j24-1.2.H", "mode": "bus", "line_name": "N23"}, {"line_id": "96-123-4-j24-1", "route_id": "12.TA.96-123-4-j24-1.5.H", "mode": "bus", "line_name": "34"}, {"line_id": "96-123-4-j24-1", "route_id": "26.TA.96-123-4-j24-1.8.H", "mode": "bus", "line_name": "34"}, {"line_id": "96-123-2-j24-1", "route_id": "6.TA.96-123-2-j24-1.3.H", "mode": "bus", "line_name": "32"}, {"line_id": "96-128-1-j24-1", "route_id": "6.TA.96-128-1-j24-1.4.R", "mode": "bus", "line_name": "N21"}, {"line_id": "96-123-4-j24-1", "route_id": "6.TA.96-123-4-j24-1.5.H", "mode": "bus", "line_name": "34"}, {"line_id": "96-123-4-j24-1", "route_id": "5.TA.96-123-4-j24-1.4.H", "mode": "bus", "line_name": "34"}, {"line_id": "96-128-3-j24-1", "route_id": "13.TA.96-128-3-j24-1.4.R", "mode": "bus", "line_name": "N23"}, {"line_id": "96-123-2-j24-1", "route_id": "18.TA.96-123-2-j24-1.6.H", "mode": "bus", "line_name": "32"}, {"line_id": "96-123-4-j24-1", "route_id": "14.TA.96-123-4-j24-1.6.H", "mode": "bus", "line_name": "34"}, {"line_id": "96-123-4-j24-1", "route_id": "7.TA.96-123-4-j24-1.5.H", "mode": "bus", "line_name": "34"}, {"line_id": "96-123-4-j24-1", "route_id": "28.TA.96-123-4-j24-1.9.H", "mode": "bus", "line_name": "34"}, {"line_id": "96-123-2-j24-1", "route_id": "19.TA.96-123-2-j24-1.7.H", "mode": "bus", "line_name": "32"}, {"line_id": "96-128-3-j24-1", "route_id": "10.TA.96-128-3-j24-1.3.R", "mode": "bus", "line_name": "N23"}, {"line_id": "96-128-1-j24-1", "route_id": "5.TA.96-128-1-j24-1.3.R", "mode": "bus", "line_name": "N21"}, {"line_id": "96-123-2-j24-1", "route_id": "26.TA.96-123-2-j24-1.8.H", "mode": "bus", "line_name": "32"}, {"line_id": "96-123-2-j24-1", "route_id": "14.TA.96-123-2-j24-1.6.H", "mode": "bus", "line_name": "32"}, {"line_id": "96-128-6-j24-1", "route_id": "3.TA.96-128-6-j24-1.1.H", "mode": "bus", "line_name": "N26"}, {"line_id": "96-128-2-j24-1", "route_id": "2.TA.96-128-2-j24-1.5.H", "mode": "bus", "line_name": "N22"}, {"line_id": "96-123-4-j24-1", "route_id": "16.TA.96-123-4-j24-1.7.H", "mode": "bus", "line_name": "34"}, {"line_id": "92-A03-O-j24-1", "route_id": "2.TA.92-A03-O-j24-1.1.H", "mode": "bus", "line_name": "EV2"}, {"line_id": "96-123-4-j24-1", "route_id": "17.TA.96-123-4-j24-1.7.H", "mode": "bus", "line_name": "34"}, {"line_id": "96-123-2-j24-1", "route_id": "21.TA.96-123-2-j24-1.8.H", "mode": "bus", "line_name": "32"}, {"line_id": "96-123-4-j24-1", "route_id": "22.TA.96-123-4-j24-1.8.H", "mode": "bus", "line_name": "34"}, {"line_id": "96-128-2-j24-1", "route_id": "4.TA.96-128-2-j24-1.5.H", "mode": "bus", "line_name": "N22"}], "predominant_mode": "bus", "assigned_canton": "Jura", "modes_list": ["bus"]}, "geometry": {"type": "Point", "coordinates": [6.994121693134611, 47.254754088205324]}}, {"id": "22837", "type": "Feature", "properties": {"name": "Saignel\u00e9gier, voirie", "lon": 7.00410196650392, "lat": 47.260540027524385, "stop_id": ["8595677.link:390954", "8595677.link:390955"], "lines": [{"line_id": "96-123-4-j24-1", "route_id": "28.TA.96-123-4-j24-1.9.H", "mode": "bus", "line_name": "34"}, {"line_id": "96-123-4-j24-1", "route_id": "16.TA.96-123-4-j24-1.7.H", "mode": "bus", "line_name": "34"}, {"line_id": "96-123-4-j24-1", "route_id": "12.TA.96-123-4-j24-1.5.H", "mode": "bus", "line_name": "34"}, {"line_id": "96-123-4-j24-1", "route_id": "26.TA.96-123-4-j24-1.8.H", "mode": "bus", "line_name": "34"}, {"line_id": "96-123-4-j24-1", "route_id": "6.TA.96-123-4-j24-1.5.H", "mode": "bus", "line_name": "34"}, {"line_id": "96-123-4-j24-1", "route_id": "17.TA.96-123-4-j24-1.7.H", "mode": "bus", "line_name": "34"}, {"line_id": "96-123-4-j24-1", "route_id": "14.TA.96-123-4-j24-1.6.H", "mode": "bus", "line_name": "34"}, {"line_id": "96-123-4-j24-1", "route_id": "22.TA.96-123-4-j24-1.8.H", "mode": "bus", "line_name": "34"}, {"line_id": "96-123-4-j24-1", "route_id": "5.TA.96-123-4-j24-1.4.H", "mode": "bus", "line_name": "34"}, {"line_id": "96-123-4-j24-1", "route_id": "7.TA.96-123-4-j24-1.5.H", "mode": "bus", "line_name": "34"}, {"line_id": "96-123-4-j24-1", "route_id": "51.TA.96-123-4-j24-1.15.R", "mode": "bus", "line_name": "34"}, {"line_id": "96-123-4-j24-1", "route_id": "44.TA.96-123-4-j24-1.14.R", "mode": "bus", "line_name": "34"}, {"line_id": "96-123-4-j24-1", "route_id": "38.TA.96-123-4-j24-1.13.R", "mode": "bus", "line_name": "34"}, {"line_id": "96-123-4-j24-1", "route_id": "53.TA.96-123-4-j24-1.16.R", "mode": "bus", "line_name": "34"}, {"line_id": "96-123-4-j24-1", "route_id": "46.TA.96-123-4-j24-1.15.R", "mode": "bus", "line_name": "34"}, {"line_id": "96-123-4-j24-1", "route_id": "58.TA.96-123-4-j24-1.17.R", "mode": "bus", "line_name": "34"}, {"line_id": "96-123-4-j24-1", "route_id": "35.TA.96-123-4-j24-1.12.R", "mode": "bus", "line_name": "34"}], "predominant_mode": "bus", "assigned_canton": "Jura", "modes_list": ["bus"]}, "geometry": {"type": "Point", "coordinates": [7.0041019733472165, 47.26054003804897]}}, {"id": "23284", "type": "Feature", "properties": {"name": "Saulcy, Bonembez", "lon": 7.179345308550302, "lat": 47.31619669478158, "stop_id": ["8500879.link:1507256", "8500879.link:1507257"], "lines": [{"line_id": "96-123-3-j24-1", "route_id": "20.TA.96-123-3-j24-1.6.R", "mode": "bus", "line_name": "33"}, {"line_id": "96-123-3-j24-1", "route_id": "24.TA.96-123-3-j24-1.7.R", "mode": "bus", "line_name": "33"}, {"line_id": "96-123-3-j24-1", "route_id": "21.TA.96-123-3-j24-1.7.R", "mode": "bus", "line_name": "33"}, {"line_id": "96-123-3-j24-1", "route_id": "25.TA.96-123-3-j24-1.7.R", "mode": "bus", "line_name": "33"}, {"line_id": "96-123-3-j24-1", "route_id": "29.TA.96-123-3-j24-1.7.R", "mode": "bus", "line_name": "33"}, {"line_id": "96-123-3-j24-1", "route_id": "14.TA.96-123-3-j24-1.9.R", "mode": "bus", "line_name": "33"}, {"line_id": "96-123-3-j24-1", "route_id": "16.TA.96-123-3-j24-1.5.R", "mode": "bus", "line_name": "33"}, {"line_id": "96-123-3-j24-1", "route_id": "10.TA.96-123-3-j24-1.4.H", "mode": "bus", "line_name": "33"}, {"line_id": "96-123-3-j24-1", "route_id": "5.TA.96-123-3-j24-1.8.H", "mode": "bus", "line_name": "33"}, {"line_id": "96-123-3-j24-1", "route_id": "13.TA.96-123-3-j24-1.4.H", "mode": "bus", "line_name": "33"}, {"line_id": "96-123-3-j24-1", "route_id": "6.TA.96-123-3-j24-1.4.H", "mode": "bus", "line_name": "33"}, {"line_id": "96-123-3-j24-1", "route_id": "9.TA.96-123-3-j24-1.4.H", "mode": "bus", "line_name": "33"}, {"line_id": "96-123-3-j24-1", "route_id": "11.TA.96-123-3-j24-1.4.H", "mode": "bus", "line_name": "33"}, {"line_id": "96-123-3-j24-1", "route_id": "4.TA.96-123-3-j24-1.3.H", "mode": "bus", "line_name": "33"}, {"line_id": "96-123-3-j24-1", "route_id": "1.TA.96-123-3-j24-1.2.H", "mode": "bus", "line_name": "33"}], "predominant_mode": "bus", "assigned_canton": "Jura", "modes_list": ["bus"]}, "geometry": {"type": "Point", "coordinates": [7.179345315568188, 47.31619670528466]}}, {"id": "23285", "type": "Feature", "properties": {"name": "Saulcy, bif. La Racine", "lon": 7.166840768362245, "lat": 47.31094673497737, "stop_id": ["8500880.link:1507276", "8500880.link:1507277"], "lines": [{"line_id": "96-123-3-j24-1", "route_id": "20.TA.96-123-3-j24-1.6.R", "mode": "bus", "line_name": "33"}, {"line_id": "96-123-3-j24-1", "route_id": "24.TA.96-123-3-j24-1.7.R", "mode": "bus", "line_name": "33"}, {"line_id": "96-123-3-j24-1", "route_id": "21.TA.96-123-3-j24-1.7.R", "mode": "bus", "line_name": "33"}, {"line_id": "96-123-3-j24-1", "route_id": "25.TA.96-123-3-j24-1.7.R", "mode": "bus", "line_name": "33"}, {"line_id": "96-123-3-j24-1", "route_id": "29.TA.96-123-3-j24-1.7.R", "mode": "bus", "line_name": "33"}, {"line_id": "96-123-3-j24-1", "route_id": "14.TA.96-123-3-j24-1.9.R", "mode": "bus", "line_name": "33"}, {"line_id": "96-123-3-j24-1", "route_id": "16.TA.96-123-3-j24-1.5.R", "mode": "bus", "line_name": "33"}, {"line_id": "96-123-3-j24-1", "route_id": "10.TA.96-123-3-j24-1.4.H", "mode": "bus", "line_name": "33"}, {"line_id": "96-123-3-j24-1", "route_id": "5.TA.96-123-3-j24-1.8.H", "mode": "bus", "line_name": "33"}, {"line_id": "96-123-3-j24-1", "route_id": "13.TA.96-123-3-j24-1.4.H", "mode": "bus", "line_name": "33"}, {"line_id": "96-123-3-j24-1", "route_id": "6.TA.96-123-3-j24-1.4.H", "mode": "bus", "line_name": "33"}, {"line_id": "96-123-3-j24-1", "route_id": "9.TA.96-123-3-j24-1.4.H", "mode": "bus", "line_name": "33"}, {"line_id": "96-123-3-j24-1", "route_id": "11.TA.96-123-3-j24-1.4.H", "mode": "bus", "line_name": "33"}, {"line_id": "96-123-3-j24-1", "route_id": "4.TA.96-123-3-j24-1.3.H", "mode": "bus", "line_name": "33"}, {"line_id": "96-123-3-j24-1", "route_id": "1.TA.96-123-3-j24-1.2.H", "mode": "bus", "line_name": "33"}], "predominant_mode": "bus", "assigned_canton": "Jura", "modes_list": ["bus"]}, "geometry": {"type": "Point", "coordinates": [7.166840775368081, 47.31094674548159]}}, {"id": "23286", "type": "Feature", "properties": {"name": "Saulcy, village", "lon": 7.153851128028853, "lat": 47.30132246518064, "stop_id": ["8500867.link:506124", "8500867.link:506125"], "lines": [{"line_id": "96-128-3-j24-1", "route_id": "13.TA.96-128-3-j24-1.4.R", "mode": "bus", "line_name": "N23"}, {"line_id": "96-123-3-j24-1", "route_id": "20.TA.96-123-3-j24-1.6.R", "mode": "bus", "line_name": "33"}, {"line_id": "96-123-3-j24-1", "route_id": "24.TA.96-123-3-j24-1.7.R", "mode": "bus", "line_name": "33"}, {"line_id": "96-123-3-j24-1", "route_id": "21.TA.96-123-3-j24-1.7.R", "mode": "bus", "line_name": "33"}, {"line_id": "96-123-3-j24-1", "route_id": "25.TA.96-123-3-j24-1.7.R", "mode": "bus", "line_name": "33"}, {"line_id": "96-123-3-j24-1", "route_id": "29.TA.96-123-3-j24-1.7.R", "mode": "bus", "line_name": "33"}, {"line_id": "96-123-3-j24-1", "route_id": "14.TA.96-123-3-j24-1.9.R", "mode": "bus", "line_name": "33"}, {"line_id": "96-123-3-j24-1", "route_id": "16.TA.96-123-3-j24-1.5.R", "mode": "bus", "line_name": "33"}, {"line_id": "96-123-3-j24-1", "route_id": "10.TA.96-123-3-j24-1.4.H", "mode": "bus", "line_name": "33"}, {"line_id": "96-123-3-j24-1", "route_id": "5.TA.96-123-3-j24-1.8.H", "mode": "bus", "line_name": "33"}, {"line_id": "96-123-3-j24-1", "route_id": "13.TA.96-123-3-j24-1.4.H", "mode": "bus", "line_name": "33"}, {"line_id": "96-123-3-j24-1", "route_id": "6.TA.96-123-3-j24-1.4.H", "mode": "bus", "line_name": "33"}, {"line_id": "96-123-3-j24-1", "route_id": "9.TA.96-123-3-j24-1.4.H", "mode": "bus", "line_name": "33"}, {"line_id": "96-123-3-j24-1", "route_id": "11.TA.96-123-3-j24-1.4.H", "mode": "bus", "line_name": "33"}, {"line_id": "96-123-3-j24-1", "route_id": "4.TA.96-123-3-j24-1.3.H", "mode": "bus", "line_name": "33"}, {"line_id": "96-123-3-j24-1", "route_id": "1.TA.96-123-3-j24-1.2.H", "mode": "bus", "line_name": "33"}, {"line_id": "96-128-3-j24-1", "route_id": "6.TA.96-128-3-j24-1.2.H", "mode": "bus", "line_name": "N23"}], "predominant_mode": "bus", "assigned_canton": "Jura", "modes_list": ["bus"]}, "geometry": {"type": "Point", "coordinates": [7.153851135023192, 47.3013224756846]}}, {"id": "23391", "type": "Feature", "properties": {"name": "Sceut, poste", "lon": 7.149655988470866, "lat": 47.314826395246506, "stop_id": ["8576786.link:357763", "8576786.link:357764"], "lines": [{"line_id": "96-123-4-j24-1", "route_id": "28.TA.96-123-4-j24-1.9.H", "mode": "bus", "line_name": "34"}, {"line_id": "96-123-4-j24-1", "route_id": "16.TA.96-123-4-j24-1.7.H", "mode": "bus", "line_name": "34"}, {"line_id": "96-123-4-j24-1", "route_id": "12.TA.96-123-4-j24-1.5.H", "mode": "bus", "line_name": "34"}, {"line_id": "96-123-4-j24-1", "route_id": "26.TA.96-123-4-j24-1.8.H", "mode": "bus", "line_name": "34"}, {"line_id": "96-123-4-j24-1", "route_id": "6.TA.96-123-4-j24-1.5.H", "mode": "bus", "line_name": "34"}, {"line_id": "96-123-4-j24-1", "route_id": "17.TA.96-123-4-j24-1.7.H", "mode": "bus", "line_name": "34"}, {"line_id": "96-123-4-j24-1", "route_id": "14.TA.96-123-4-j24-1.6.H", "mode": "bus", "line_name": "34"}, {"line_id": "96-123-4-j24-1", "route_id": "22.TA.96-123-4-j24-1.8.H", "mode": "bus", "line_name": "34"}, {"line_id": "96-123-4-j24-1", "route_id": "7.TA.96-123-4-j24-1.5.H", "mode": "bus", "line_name": "34"}, {"line_id": "96-123-4-j24-1", "route_id": "51.TA.96-123-4-j24-1.15.R", "mode": "bus", "line_name": "34"}, {"line_id": "96-123-4-j24-1", "route_id": "44.TA.96-123-4-j24-1.14.R", "mode": "bus", "line_name": "34"}, {"line_id": "96-123-4-j24-1", "route_id": "38.TA.96-123-4-j24-1.13.R", "mode": "bus", "line_name": "34"}, {"line_id": "96-123-4-j24-1", "route_id": "53.TA.96-123-4-j24-1.16.R", "mode": "bus", "line_name": "34"}, {"line_id": "96-123-4-j24-1", "route_id": "46.TA.96-123-4-j24-1.15.R", "mode": "bus", "line_name": "34"}, {"line_id": "96-123-4-j24-1", "route_id": "58.TA.96-123-4-j24-1.17.R", "mode": "bus", "line_name": "34"}], "predominant_mode": "bus", "assigned_canton": "Jura", "modes_list": ["bus"]}, "geometry": {"type": "Point", "coordinates": [7.149655995457377, 47.314826405756165]}}, {"id": "24962", "type": "Feature", "properties": {"name": "Soubey, Chercenay", "lon": 7.059339378338234, "lat": 47.314010286660675, "stop_id": ["8572110.link:325960", "8572110.link:325961"], "lines": [{"line_id": "96-126-2-j24-1", "route_id": "42.TA.96-126-2-j24-1.5.R", "mode": "bus", "line_name": "62"}, {"line_id": "96-126-2-j24-1", "route_id": "25.TA.96-126-2-j24-1.4.R", "mode": "bus", "line_name": "62"}, {"line_id": "96-126-2-j24-1", "route_id": "4.TA.96-126-2-j24-1.1.H", "mode": "bus", "line_name": "62"}, {"line_id": "96-126-2-j24-1", "route_id": "11.TA.96-126-2-j24-1.2.H", "mode": "bus", "line_name": "62"}], "predominant_mode": "bus", "assigned_canton": "Jura", "modes_list": ["bus"]}, "geometry": {"type": "Point", "coordinates": [7.059339385228125, 47.314010297191246]}}, {"id": "24963", "type": "Feature", "properties": {"name": "Soubey, restaurant Relais", "lon": 7.055180178082323, "lat": 47.3064272067257, "stop_id": ["8576784.link:487399", "8576784.link:487400"], "lines": [{"line_id": "96-126-2-j24-1", "route_id": "42.TA.96-126-2-j24-1.5.R", "mode": "bus", "line_name": "62"}, {"line_id": "96-126-2-j24-1", "route_id": "25.TA.96-126-2-j24-1.4.R", "mode": "bus", "line_name": "62"}, {"line_id": "96-126-2-j24-1", "route_id": "4.TA.96-126-2-j24-1.1.H", "mode": "bus", "line_name": "62"}, {"line_id": "96-126-2-j24-1", "route_id": "11.TA.96-126-2-j24-1.2.H", "mode": "bus", "line_name": "62"}], "predominant_mode": "bus", "assigned_canton": "Jura", "modes_list": ["bus"]}, "geometry": {"type": "Point", "coordinates": [7.055180184969589, 47.3064272172546]}}, {"id": "24964", "type": "Feature", "properties": {"name": "Soubey, village", "lon": 7.048487728127596, "lat": 47.3080352768305, "stop_id": ["8500877.link:325932", "8500877.link:325933"], "lines": [{"line_id": "96-126-2-j24-1", "route_id": "42.TA.96-126-2-j24-1.5.R", "mode": "bus", "line_name": "62"}, {"line_id": "96-126-2-j24-1", "route_id": "25.TA.96-126-2-j24-1.4.R", "mode": "bus", "line_name": "62"}, {"line_id": "96-126-2-j24-1", "route_id": "4.TA.96-126-2-j24-1.1.H", "mode": "bus", "line_name": "62"}, {"line_id": "96-126-2-j24-1", "route_id": "11.TA.96-126-2-j24-1.2.H", "mode": "bus", "line_name": "62"}], "predominant_mode": "bus", "assigned_canton": "Jura", "modes_list": ["bus"]}, "geometry": {"type": "Point", "coordinates": [7.048487735007271, 47.30803528736153]}}, {"id": "24968", "type": "Feature", "properties": {"name": "Soulce, milieu du village", "lon": 7.270721948232469, "lat": 47.303478943350264, "stop_id": ["8572033.link:1544098", "8572033.link:1544099"], "lines": [{"line_id": "96-125-2-j24-1", "route_id": "11.TA.96-125-2-j24-1.1.H", "mode": "bus", "line_name": "52"}, {"line_id": "96-125-2-j24-1", "route_id": "34.TA.96-125-2-j24-1.2.R", "mode": "bus", "line_name": "52"}], "predominant_mode": "bus", "assigned_canton": "Jura", "modes_list": ["bus"]}, "geometry": {"type": "Point", "coordinates": [7.270721955350844, 47.30347895382706]}}, {"id": "24969", "type": "Feature", "properties": {"name": "Soulce, poste", "lon": 7.266742408241733, "lat": 47.303893173412604, "stop_id": ["8572032.link:1477990", "8572032.link:1477991"], "lines": [{"line_id": "96-125-2-j24-1", "route_id": "11.TA.96-125-2-j24-1.1.H", "mode": "bus", "line_name": "52"}, {"line_id": "96-125-2-j24-1", "route_id": "34.TA.96-125-2-j24-1.2.R", "mode": "bus", "line_name": "52"}], "predominant_mode": "bus", "assigned_canton": "Jura", "modes_list": ["bus"]}, "geometry": {"type": "Point", "coordinates": [7.266742415355778, 47.3038931838905]}}, {"id": "24972", "type": "Feature", "properties": {"name": "Soyhi\u00e8res, La Combe", "lon": 7.355711551539599, "lat": 47.40047181201856, "stop_id": ["8572008.link:362672", "8572008.link:362673"], "lines": [{"line_id": "96-120-6-j24-1", "route_id": "145.TA.96-120-6-j24-1.8.H", "mode": "bus", "line_name": "6"}, {"line_id": "96-120-6-j24-1", "route_id": "250.TA.96-120-6-j24-1.12.H", "mode": "bus", "line_name": "6"}, {"line_id": "96-120-6-j24-1", "route_id": "142.TA.96-120-6-j24-1.25.H", "mode": "bus", "line_name": "6"}, {"line_id": "96-120-6-j24-1", "route_id": "149.TA.96-120-6-j24-1.9.H", "mode": "bus", "line_name": "6"}, {"line_id": "96-120-6-j24-1", "route_id": "51.TA.96-120-6-j24-1.4.H", "mode": "bus", "line_name": "6"}, {"line_id": "96-120-6-j24-1", "route_id": "53.TA.96-120-6-j24-1.5.H", "mode": "bus", "line_name": "6"}, {"line_id": "96-120-6-j24-1", "route_id": "439.TA.96-120-6-j24-1.26.R", "mode": "bus", "line_name": "6"}, {"line_id": "96-120-6-j24-1", "route_id": "452.TA.96-120-6-j24-1.24.R", "mode": "bus", "line_name": "6"}, {"line_id": "96-120-6-j24-1", "route_id": "328.TA.96-120-6-j24-1.17.R", "mode": "bus", "line_name": "6"}, {"line_id": "96-120-6-j24-1", "route_id": "370.TA.96-120-6-j24-1.20.R", "mode": "bus", "line_name": "6"}, {"line_id": "96-120-6-j24-1", "route_id": "442.TA.96-120-6-j24-1.24.R", "mode": "bus", "line_name": "6"}], "predominant_mode": "bus", "assigned_canton": "Jura", "modes_list": ["bus"]}, "geometry": {"type": "Point", "coordinates": [7.355711558722989, 47.40047182250754]}}, {"id": "24973", "type": "Feature", "properties": {"name": "Soyhi\u00e8res, Rue de la R\u00e9selle", "lon": 7.369788161297413, "lat": 47.39271870179811, "stop_id": ["8582568.link:197695", "8582568.link:197696"], "lines": [{"line_id": "96-120-6-j24-1", "route_id": "250.TA.96-120-6-j24-1.12.H", "mode": "bus", "line_name": "6"}, {"line_id": "96-120-6-j24-1", "route_id": "24.TA.96-120-6-j24-1.2.H", "mode": "bus", "line_name": "6"}, {"line_id": "96-120-6-j24-1", "route_id": "142.TA.96-120-6-j24-1.25.H", "mode": "bus", "line_name": "6"}, {"line_id": "96-120-6-j24-1", "route_id": "149.TA.96-120-6-j24-1.9.H", "mode": "bus", "line_name": "6"}, {"line_id": "96-120-6-j24-1", "route_id": "206.TA.96-120-6-j24-1.11.H", "mode": "bus", "line_name": "6"}, {"line_id": "96-120-6-j24-1", "route_id": "51.TA.96-120-6-j24-1.4.H", "mode": "bus", "line_name": "6"}, {"line_id": "96-120-6-j24-1", "route_id": "53.TA.96-120-6-j24-1.5.H", "mode": "bus", "line_name": "6"}, {"line_id": "96-120-6-j24-1", "route_id": "439.TA.96-120-6-j24-1.26.R", "mode": "bus", "line_name": "6"}, {"line_id": "96-120-6-j24-1", "route_id": "282.TA.96-120-6-j24-1.14.R", "mode": "bus", "line_name": "6"}, {"line_id": "96-120-6-j24-1", "route_id": "353.TA.96-120-6-j24-1.19.R", "mode": "bus", "line_name": "6"}, {"line_id": "96-120-6-j24-1", "route_id": "452.TA.96-120-6-j24-1.24.R", "mode": "bus", "line_name": "6"}, {"line_id": "96-120-6-j24-1", "route_id": "356.TA.96-120-6-j24-1.19.R", "mode": "bus", "line_name": "6"}, {"line_id": "96-120-6-j24-1", "route_id": "328.TA.96-120-6-j24-1.17.R", "mode": "bus", "line_name": "6"}, {"line_id": "96-120-6-j24-1", "route_id": "370.TA.96-120-6-j24-1.20.R", "mode": "bus", "line_name": "6"}, {"line_id": "96-120-6-j24-1", "route_id": "442.TA.96-120-6-j24-1.24.R", "mode": "bus", "line_name": "6"}], "predominant_mode": "bus", "assigned_canton": "Jura", "modes_list": ["bus"]}, "geometry": {"type": "Point", "coordinates": [7.369788168497638, 47.392718712281095]}}, {"id": "24974", "type": "Feature", "properties": {"name": "Soyhi\u00e8res, place de la Libert\u00e9", "lon": 7.369024591211637, "lat": 47.39015840181012, "stop_id": ["8572002.link:362682", "8572002.link:362683", "8572002.link:381359"], "lines": [{"line_id": "96-120-6-j24-1", "route_id": "5.TA.96-120-6-j24-1.1.H", "mode": "bus", "line_name": "6"}, {"line_id": "96-120-6-j24-1", "route_id": "164.TA.96-120-6-j24-1.10.H", "mode": "bus", "line_name": "6"}, {"line_id": "96-120-6-j24-1", "route_id": "250.TA.96-120-6-j24-1.12.H", "mode": "bus", "line_name": "6"}, {"line_id": "96-120-6-j24-1", "route_id": "142.TA.96-120-6-j24-1.25.H", "mode": "bus", "line_name": "6"}, {"line_id": "96-120-6-j24-1", "route_id": "149.TA.96-120-6-j24-1.9.H", "mode": "bus", "line_name": "6"}, {"line_id": "96-120-6-j24-1", "route_id": "171.TA.96-120-6-j24-1.10.H", "mode": "bus", "line_name": "6"}, {"line_id": "96-120-6-j24-1", "route_id": "206.TA.96-120-6-j24-1.11.H", "mode": "bus", "line_name": "6"}, {"line_id": "96-120-6-j24-1", "route_id": "53.TA.96-120-6-j24-1.5.H", "mode": "bus", "line_name": "6"}, {"line_id": "96-120-6-j24-1", "route_id": "395.TA.96-120-6-j24-1.21.R", "mode": "bus", "line_name": "6"}, {"line_id": "96-120-6-j24-1", "route_id": "279.TA.96-120-6-j24-1.13.R", "mode": "bus", "line_name": "6"}, {"line_id": "96-120-6-j24-1", "route_id": "439.TA.96-120-6-j24-1.26.R", "mode": "bus", "line_name": "6"}, {"line_id": "96-120-6-j24-1", "route_id": "282.TA.96-120-6-j24-1.14.R", "mode": "bus", "line_name": "6"}, {"line_id": "96-120-6-j24-1", "route_id": "392.TA.96-120-6-j24-1.21.R", "mode": "bus", "line_name": "6"}, {"line_id": "96-120-6-j24-1", "route_id": "353.TA.96-120-6-j24-1.19.R", "mode": "bus", "line_name": "6"}, {"line_id": "96-120-6-j24-1", "route_id": "452.TA.96-120-6-j24-1.24.R", "mode": "bus", "line_name": "6"}, {"line_id": "96-120-6-j24-1", "route_id": "356.TA.96-120-6-j24-1.19.R", "mode": "bus", "line_name": "6"}, {"line_id": "96-120-6-j24-1", "route_id": "328.TA.96-120-6-j24-1.17.R", "mode": "bus", "line_name": "6"}, {"line_id": "96-120-6-j24-1", "route_id": "393.TA.96-120-6-j24-1.21.R", "mode": "bus", "line_name": "6"}, {"line_id": "96-120-6-j24-1", "route_id": "382.TA.96-120-6-j24-1.21.R", "mode": "bus", "line_name": "6"}, {"line_id": "96-120-6-j24-1", "route_id": "370.TA.96-120-6-j24-1.20.R", "mode": "bus", "line_name": "6"}, {"line_id": "96-120-6-j24-1", "route_id": "442.TA.96-120-6-j24-1.24.R", "mode": "bus", "line_name": "6"}, {"line_id": "96-120-6-j24-1", "route_id": "51.TA.96-120-6-j24-1.4.H", "mode": "bus", "line_name": "6"}, {"line_id": "96-120-6-j24-1", "route_id": "24.TA.96-120-6-j24-1.2.H", "mode": "bus", "line_name": "6"}], "predominant_mode": "bus", "assigned_canton": "Jura", "modes_list": ["bus"]}, "geometry": {"type": "Point", "coordinates": [7.3690245984117215, 47.39015841229243]}}, {"id": "25107", "type": "Feature", "properties": {"name": "St-Brais, Le Cerneux-B\u00e9nat", "lon": 7.097939977944724, "lat": 47.300743736056155, "stop_id": ["8588202.link:1349949", "8588202.link:1349950"], "lines": [{"line_id": "96-123-4-j24-1", "route_id": "28.TA.96-123-4-j24-1.9.H", "mode": "bus", "line_name": "34"}, {"line_id": "96-123-4-j24-1", "route_id": "16.TA.96-123-4-j24-1.7.H", "mode": "bus", "line_name": "34"}, {"line_id": "96-123-4-j24-1", "route_id": "12.TA.96-123-4-j24-1.5.H", "mode": "bus", "line_name": "34"}, {"line_id": "96-123-4-j24-1", "route_id": "26.TA.96-123-4-j24-1.8.H", "mode": "bus", "line_name": "34"}, {"line_id": "96-123-4-j24-1", "route_id": "6.TA.96-123-4-j24-1.5.H", "mode": "bus", "line_name": "34"}, {"line_id": "96-123-4-j24-1", "route_id": "17.TA.96-123-4-j24-1.7.H", "mode": "bus", "line_name": "34"}, {"line_id": "96-123-4-j24-1", "route_id": "14.TA.96-123-4-j24-1.6.H", "mode": "bus", "line_name": "34"}, {"line_id": "96-123-4-j24-1", "route_id": "22.TA.96-123-4-j24-1.8.H", "mode": "bus", "line_name": "34"}, {"line_id": "96-123-4-j24-1", "route_id": "5.TA.96-123-4-j24-1.4.H", "mode": "bus", "line_name": "34"}, {"line_id": "96-123-4-j24-1", "route_id": "7.TA.96-123-4-j24-1.5.H", "mode": "bus", "line_name": "34"}, {"line_id": "96-123-4-j24-1", "route_id": "51.TA.96-123-4-j24-1.15.R", "mode": "bus", "line_name": "34"}, {"line_id": "96-123-4-j24-1", "route_id": "44.TA.96-123-4-j24-1.14.R", "mode": "bus", "line_name": "34"}, {"line_id": "96-123-4-j24-1", "route_id": "38.TA.96-123-4-j24-1.13.R", "mode": "bus", "line_name": "34"}, {"line_id": "96-123-4-j24-1", "route_id": "53.TA.96-123-4-j24-1.16.R", "mode": "bus", "line_name": "34"}, {"line_id": "96-123-4-j24-1", "route_id": "46.TA.96-123-4-j24-1.15.R", "mode": "bus", "line_name": "34"}, {"line_id": "96-123-4-j24-1", "route_id": "58.TA.96-123-4-j24-1.17.R", "mode": "bus", "line_name": "34"}, {"line_id": "96-123-4-j24-1", "route_id": "35.TA.96-123-4-j24-1.12.R", "mode": "bus", "line_name": "34"}], "predominant_mode": "bus", "assigned_canton": "Jura", "modes_list": ["bus"]}, "geometry": {"type": "Point", "coordinates": [7.09793998487931, 47.30074374657307]}}, {"id": "25108", "type": "Feature", "properties": {"name": "St-Brais, Le P\u00e9quie", "lon": 7.111082338020348, "lat": 47.302565195850384, "stop_id": ["8576785.link:1597858", "8576785.link:1597859"], "lines": [{"line_id": "96-123-4-j24-1", "route_id": "28.TA.96-123-4-j24-1.9.H", "mode": "bus", "line_name": "34"}, {"line_id": "96-123-4-j24-1", "route_id": "16.TA.96-123-4-j24-1.7.H", "mode": "bus", "line_name": "34"}, {"line_id": "96-123-4-j24-1", "route_id": "12.TA.96-123-4-j24-1.5.H", "mode": "bus", "line_name": "34"}, {"line_id": "96-123-4-j24-1", "route_id": "26.TA.96-123-4-j24-1.8.H", "mode": "bus", "line_name": "34"}, {"line_id": "96-123-4-j24-1", "route_id": "6.TA.96-123-4-j24-1.5.H", "mode": "bus", "line_name": "34"}, {"line_id": "96-123-4-j24-1", "route_id": "17.TA.96-123-4-j24-1.7.H", "mode": "bus", "line_name": "34"}, {"line_id": "96-123-4-j24-1", "route_id": "14.TA.96-123-4-j24-1.6.H", "mode": "bus", "line_name": "34"}, {"line_id": "96-123-4-j24-1", "route_id": "22.TA.96-123-4-j24-1.8.H", "mode": "bus", "line_name": "34"}, {"line_id": "96-123-4-j24-1", "route_id": "5.TA.96-123-4-j24-1.4.H", "mode": "bus", "line_name": "34"}, {"line_id": "96-123-4-j24-1", "route_id": "7.TA.96-123-4-j24-1.5.H", "mode": "bus", "line_name": "34"}, {"line_id": "96-123-4-j24-1", "route_id": "51.TA.96-123-4-j24-1.15.R", "mode": "bus", "line_name": "34"}, {"line_id": "96-123-4-j24-1", "route_id": "44.TA.96-123-4-j24-1.14.R", "mode": "bus", "line_name": "34"}, {"line_id": "96-123-4-j24-1", "route_id": "38.TA.96-123-4-j24-1.13.R", "mode": "bus", "line_name": "34"}, {"line_id": "96-123-4-j24-1", "route_id": "53.TA.96-123-4-j24-1.16.R", "mode": "bus", "line_name": "34"}, {"line_id": "96-123-4-j24-1", "route_id": "46.TA.96-123-4-j24-1.15.R", "mode": "bus", "line_name": "34"}, {"line_id": "96-123-4-j24-1", "route_id": "58.TA.96-123-4-j24-1.17.R", "mode": "bus", "line_name": "34"}, {"line_id": "96-123-4-j24-1", "route_id": "35.TA.96-123-4-j24-1.12.R", "mode": "bus", "line_name": "34"}], "predominant_mode": "bus", "assigned_canton": "Jura", "modes_list": ["bus"]}, "geometry": {"type": "Point", "coordinates": [7.111082344968587, 47.30256520636484]}}, {"id": "25109", "type": "Feature", "properties": {"name": "St-Brais, village", "lon": 7.112959818122324, "lat": 47.30558050582101, "stop_id": ["8500865.link:1521225", "8500865.link:1521226"], "lines": [{"line_id": "96-123-4-j24-1", "route_id": "28.TA.96-123-4-j24-1.9.H", "mode": "bus", "line_name": "34"}, {"line_id": "96-123-4-j24-1", "route_id": "16.TA.96-123-4-j24-1.7.H", "mode": "bus", "line_name": "34"}, {"line_id": "96-123-4-j24-1", "route_id": "12.TA.96-123-4-j24-1.5.H", "mode": "bus", "line_name": "34"}, {"line_id": "96-123-4-j24-1", "route_id": "26.TA.96-123-4-j24-1.8.H", "mode": "bus", "line_name": "34"}, {"line_id": "96-123-4-j24-1", "route_id": "6.TA.96-123-4-j24-1.5.H", "mode": "bus", "line_name": "34"}, {"line_id": "96-123-4-j24-1", "route_id": "17.TA.96-123-4-j24-1.7.H", "mode": "bus", "line_name": "34"}, {"line_id": "96-123-4-j24-1", "route_id": "14.TA.96-123-4-j24-1.6.H", "mode": "bus", "line_name": "34"}, {"line_id": "96-123-4-j24-1", "route_id": "22.TA.96-123-4-j24-1.8.H", "mode": "bus", "line_name": "34"}, {"line_id": "96-123-4-j24-1", "route_id": "5.TA.96-123-4-j24-1.4.H", "mode": "bus", "line_name": "34"}, {"line_id": "96-123-4-j24-1", "route_id": "7.TA.96-123-4-j24-1.5.H", "mode": "bus", "line_name": "34"}, {"line_id": "96-123-4-j24-1", "route_id": "51.TA.96-123-4-j24-1.15.R", "mode": "bus", "line_name": "34"}, {"line_id": "96-123-4-j24-1", "route_id": "44.TA.96-123-4-j24-1.14.R", "mode": "bus", "line_name": "34"}, {"line_id": "96-123-4-j24-1", "route_id": "38.TA.96-123-4-j24-1.13.R", "mode": "bus", "line_name": "34"}, {"line_id": "96-123-4-j24-1", "route_id": "53.TA.96-123-4-j24-1.16.R", "mode": "bus", "line_name": "34"}, {"line_id": "96-123-4-j24-1", "route_id": "46.TA.96-123-4-j24-1.15.R", "mode": "bus", "line_name": "34"}, {"line_id": "96-123-4-j24-1", "route_id": "58.TA.96-123-4-j24-1.17.R", "mode": "bus", "line_name": "34"}, {"line_id": "96-123-4-j24-1", "route_id": "35.TA.96-123-4-j24-1.12.R", "mode": "bus", "line_name": "34"}], "predominant_mode": "bus", "assigned_canton": "Jura", "modes_list": ["bus"]}, "geometry": {"type": "Point", "coordinates": [7.11295982507183, 47.305580516336065]}}, {"id": "25307", "type": "Feature", "properties": {"name": "St-Ursanne", "lon": 7.165960420241389, "lat": 47.36770029499126, "stop_id": ["8500124.link:1049701", "8500124.link:1049702"], "lines": [{"line_id": "91-56-B-j24-1", "route_id": "361.TA.91-56-B-j24-1.25.R", "mode": "rail", "line_name": "RE56"}, {"line_id": "91-3-B-j24-1", "route_id": "3718.TA.91-3-B-j24-1.705.R", "mode": "rail", "line_name": "S3"}, {"line_id": "91-56-B-j24-1", "route_id": "330.TA.91-56-B-j24-1.18.R", "mode": "rail", "line_name": "RE56"}, {"line_id": "91-56-B-j24-1", "route_id": "451.TA.91-56-B-j24-1.27.R", "mode": "rail", "line_name": "RE56"}, {"line_id": "91-3-B-j24-1", "route_id": "5388.TA.91-3-B-j24-1.638.R", "mode": "rail", "line_name": "S3"}, {"line_id": "91-3-B-j24-1", "route_id": "3687.TA.91-3-B-j24-1.372.R", "mode": "rail", "line_name": "S3"}, {"line_id": "91-56-B-j24-1", "route_id": "363.TA.91-56-B-j24-1.25.R", "mode": "rail", "line_name": "RE56"}, {"line_id": "91-56-B-j24-1", "route_id": "347.TA.91-56-B-j24-1.142.R", "mode": "rail", "line_name": "RE56"}, {"line_id": "91-3-B-j24-1", "route_id": "3736.TA.91-3-B-j24-1.705.R", "mode": "rail", "line_name": "S3"}, {"line_id": "91-56-B-j24-1", "route_id": "385.TA.91-56-B-j24-1.26.R", "mode": "rail", "line_name": "RE56"}, {"line_id": "91-56-B-j24-1", "route_id": "99.TA.91-56-B-j24-1.6.H", "mode": "rail", "line_name": "RE56"}, {"line_id": "91-3-B-j24-1", "route_id": "3250.TA.91-3-B-j24-1.2653.H", "mode": "rail", "line_name": "S3"}, {"line_id": "91-56-B-j24-1", "route_id": "133.TA.91-56-B-j24-1.11.H", "mode": "rail", "line_name": "RE56"}, {"line_id": "91-56-B-j24-1", "route_id": "103.TA.91-56-B-j24-1.7.H", "mode": "rail", "line_name": "RE56"}, {"line_id": "91-56-B-j24-1", "route_id": "120.TA.91-56-B-j24-1.10.H", "mode": "rail", "line_name": "RE56"}, {"line_id": "91-3-B-j24-1", "route_id": "503.TA.91-3-B-j24-1.20.H", "mode": "rail", "line_name": "S3"}, {"line_id": "91-56-B-j24-1", "route_id": "204.TA.91-56-B-j24-1.71.H", "mode": "rail", "line_name": "RE56"}, {"line_id": "91-3-B-j24-1", "route_id": "3246.TA.91-3-B-j24-1.2652.H", "mode": "rail", "line_name": "S3"}, {"line_id": "91-56-B-j24-1", "route_id": "149.TA.91-56-B-j24-1.11.H", "mode": "rail", "line_name": "RE56"}, {"line_id": "91-3-B-j24-1", "route_id": "3302.TA.91-3-B-j24-1.2961.H", "mode": "rail", "line_name": "S3"}, {"line_id": "91-56-B-j24-1", "route_id": "107.TA.91-56-B-j24-1.8.H", "mode": "rail", "line_name": "RE56"}, {"line_id": "91-56-B-j24-1", "route_id": "227.TA.91-56-B-j24-1.14.H", "mode": "rail", "line_name": "RE56"}, {"line_id": "91-3-B-j24-1", "route_id": "533.TA.91-3-B-j24-1.24.H", "mode": "rail", "line_name": "S3"}, {"line_id": "91-3-B-j24-1", "route_id": "3214.TA.91-3-B-j24-1.2650.H", "mode": "rail", "line_name": "S3"}, {"line_id": "91-3-B-j24-1", "route_id": "3233.TA.91-3-B-j24-1.4244.H", "mode": "rail", "line_name": "S3"}], "predominant_mode": "rail", "assigned_canton": "Jura", "modes_list": ["rail"]}, "geometry": {"type": "Point", "coordinates": [7.165960427232121, 47.367700305515115]}}, {"id": "25308", "type": "Feature", "properties": {"name": "St-Ursanne, Bellefontaine", "lon": 7.100068989804988, "lat": 47.35683886602313, "stop_id": ["8572038.link:1693166", "8572038.link:1693167"], "lines": [{"line_id": "96-126-1-j24-1", "route_id": "78.TA.96-126-1-j24-1.3.H", "mode": "bus", "line_name": "61"}, {"line_id": "96-126-1-j24-1", "route_id": "74.TA.96-126-1-j24-1.3.H", "mode": "bus", "line_name": "61"}, {"line_id": "96-126-1-j24-1", "route_id": "80.TA.96-126-1-j24-1.4.H", "mode": "bus", "line_name": "61"}, {"line_id": "96-126-1-j24-1", "route_id": "168.TA.96-126-1-j24-1.9.R", "mode": "bus", "line_name": "61"}, {"line_id": "96-126-1-j24-1", "route_id": "160.TA.96-126-1-j24-1.7.R", "mode": "bus", "line_name": "61"}, {"line_id": "96-126-1-j24-1", "route_id": "162.TA.96-126-1-j24-1.8.R", "mode": "bus", "line_name": "61"}], "predominant_mode": "bus", "assigned_canton": "Jura", "modes_list": ["bus"]}, "geometry": {"type": "Point", "coordinates": [7.1000689967280355, 47.35683887655887]}}, {"id": "25309", "type": "Feature", "properties": {"name": "St-Ursanne, Chamsat", "lon": 7.116481209900986, "lat": 47.35915737576615, "stop_id": ["8572037.link:1693144", "8572037.link:1693145"], "lines": [{"line_id": "96-126-1-j24-1", "route_id": "78.TA.96-126-1-j24-1.3.H", "mode": "bus", "line_name": "61"}, {"line_id": "96-126-1-j24-1", "route_id": "74.TA.96-126-1-j24-1.3.H", "mode": "bus", "line_name": "61"}, {"line_id": "96-126-1-j24-1", "route_id": "80.TA.96-126-1-j24-1.4.H", "mode": "bus", "line_name": "61"}, {"line_id": "96-126-1-j24-1", "route_id": "168.TA.96-126-1-j24-1.9.R", "mode": "bus", "line_name": "61"}, {"line_id": "96-126-1-j24-1", "route_id": "160.TA.96-126-1-j24-1.7.R", "mode": "bus", "line_name": "61"}, {"line_id": "96-126-1-j24-1", "route_id": "162.TA.96-126-1-j24-1.8.R", "mode": "bus", "line_name": "61"}], "predominant_mode": "bus", "assigned_canton": "Jura", "modes_list": ["bus"]}, "geometry": {"type": "Point", "coordinates": [7.11648121684102, 47.35915738629882]}}, {"id": "25310", "type": "Feature", "properties": {"name": "St-Ursanne, Le Tillot", "lon": 7.150015320019086, "lat": 47.361548805241, "stop_id": ["8572035.link:1144676"], "lines": [{"line_id": "96-126-1-j24-1", "route_id": "168.TA.96-126-1-j24-1.9.R", "mode": "bus", "line_name": "61"}], "predominant_mode": "bus", "assigned_canton": "Jura", "modes_list": ["bus"]}, "geometry": {"type": "Point", "coordinates": [7.15001532699435, 47.36154881576657]}}, {"id": "25311", "type": "Feature", "properties": {"name": "St-Ursanne, Lorette", "lon": 7.166202960193449, "lat": 47.36624614498751, "stop_id": ["8572102.link:1372332", "8572102.link:40790", "8572102.link:40791"], "lines": [{"line_id": "96-128-0-j24-1", "route_id": "9.TA.96-128-0-j24-1.4.R", "mode": "bus", "line_name": "N10"}, {"line_id": "96-128-0-j24-1", "route_id": "6.TA.96-128-0-j24-1.2.H", "mode": "bus", "line_name": "N10"}, {"line_id": "96-128-0-j24-1", "route_id": "13.TA.96-128-0-j24-1.4.R", "mode": "bus", "line_name": "N10"}, {"line_id": "96-128-0-j24-1", "route_id": "8.TA.96-128-0-j24-1.2.H", "mode": "bus", "line_name": "N10"}, {"line_id": "96-126-1-j24-1", "route_id": "78.TA.96-126-1-j24-1.3.H", "mode": "bus", "line_name": "61"}, {"line_id": "96-126-2-j24-1", "route_id": "4.TA.96-126-2-j24-1.1.H", "mode": "bus", "line_name": "62"}, {"line_id": "96-126-2-j24-1", "route_id": "11.TA.96-126-2-j24-1.2.H", "mode": "bus", "line_name": "62"}, {"line_id": "96-126-1-j24-1", "route_id": "59.TA.96-126-1-j24-1.2.H", "mode": "bus", "line_name": "61"}, {"line_id": "96-126-1-j24-1", "route_id": "41.TA.96-126-1-j24-1.1.H", "mode": "bus", "line_name": "61"}, {"line_id": "96-126-1-j24-1", "route_id": "74.TA.96-126-1-j24-1.3.H", "mode": "bus", "line_name": "61"}, {"line_id": "96-126-1-j24-1", "route_id": "80.TA.96-126-1-j24-1.4.H", "mode": "bus", "line_name": "61"}, {"line_id": "96-126-1-j24-1", "route_id": "145.TA.96-126-1-j24-1.6.R", "mode": "bus", "line_name": "61"}, {"line_id": "96-126-1-j24-1", "route_id": "160.TA.96-126-1-j24-1.7.R", "mode": "bus", "line_name": "61"}, {"line_id": "96-126-2-j24-1", "route_id": "25.TA.96-126-2-j24-1.4.R", "mode": "bus", "line_name": "62"}, {"line_id": "96-126-2-j24-1", "route_id": "42.TA.96-126-2-j24-1.5.R", "mode": "bus", "line_name": "62"}, {"line_id": "96-126-1-j24-1", "route_id": "162.TA.96-126-1-j24-1.8.R", "mode": "bus", "line_name": "61"}, {"line_id": "96-126-1-j24-1", "route_id": "168.TA.96-126-1-j24-1.9.R", "mode": "bus", "line_name": "61"}, {"line_id": "96-126-1-j24-1", "route_id": "88.TA.96-126-1-j24-1.5.R", "mode": "bus", "line_name": "61"}], "predominant_mode": "bus", "assigned_canton": "Jura", "modes_list": ["bus"]}, "geometry": {"type": "Point", "coordinates": [7.166202967184808, 47.36624615551082]}}, {"id": "25312", "type": "Feature", "properties": {"name": "St-Ursanne, Pont St-Jean/ville", "lon": 7.154875210093269, "lat": 47.3636176351649, "stop_id": ["8500988.link:110177", "8500988.link:110178"], "lines": [{"line_id": "96-128-0-j24-1", "route_id": "9.TA.96-128-0-j24-1.4.R", "mode": "bus", "line_name": "N10"}, {"line_id": "96-126-1-j24-1", "route_id": "145.TA.96-126-1-j24-1.6.R", "mode": "bus", "line_name": "61"}, {"line_id": "96-126-1-j24-1", "route_id": "160.TA.96-126-1-j24-1.7.R", "mode": "bus", "line_name": "61"}, {"line_id": "96-128-0-j24-1", "route_id": "13.TA.96-128-0-j24-1.4.R", "mode": "bus", "line_name": "N10"}, {"line_id": "96-126-1-j24-1", "route_id": "162.TA.96-126-1-j24-1.8.R", "mode": "bus", "line_name": "61"}, {"line_id": "96-126-1-j24-1", "route_id": "168.TA.96-126-1-j24-1.9.R", "mode": "bus", "line_name": "61"}, {"line_id": "96-126-1-j24-1", "route_id": "78.TA.96-126-1-j24-1.3.H", "mode": "bus", "line_name": "61"}, {"line_id": "96-128-0-j24-1", "route_id": "6.TA.96-128-0-j24-1.2.H", "mode": "bus", "line_name": "N10"}, {"line_id": "96-128-0-j24-1", "route_id": "8.TA.96-128-0-j24-1.2.H", "mode": "bus", "line_name": "N10"}, {"line_id": "96-126-1-j24-1", "route_id": "59.TA.96-126-1-j24-1.2.H", "mode": "bus", "line_name": "61"}, {"line_id": "96-126-1-j24-1", "route_id": "74.TA.96-126-1-j24-1.3.H", "mode": "bus", "line_name": "61"}, {"line_id": "96-126-1-j24-1", "route_id": "80.TA.96-126-1-j24-1.4.H", "mode": "bus", "line_name": "61"}], "predominant_mode": "bus", "assigned_canton": "Jura", "modes_list": ["bus"]}, "geometry": {"type": "Point", "coordinates": [7.154875217073202, 47.363617645690006]}}, {"id": "25313", "type": "Feature", "properties": {"name": "St-Ursanne, bif. sur Seleute", "lon": 7.133171909911876, "lat": 47.35890179550479, "stop_id": ["8572036.link:1092492", "8572036.link:1092493"], "lines": [{"line_id": "96-126-1-j24-1", "route_id": "78.TA.96-126-1-j24-1.3.H", "mode": "bus", "line_name": "61"}, {"line_id": "96-126-1-j24-1", "route_id": "74.TA.96-126-1-j24-1.3.H", "mode": "bus", "line_name": "61"}, {"line_id": "96-126-1-j24-1", "route_id": "80.TA.96-126-1-j24-1.4.H", "mode": "bus", "line_name": "61"}, {"line_id": "96-126-1-j24-1", "route_id": "168.TA.96-126-1-j24-1.9.R", "mode": "bus", "line_name": "61"}, {"line_id": "96-126-1-j24-1", "route_id": "160.TA.96-126-1-j24-1.7.R", "mode": "bus", "line_name": "61"}, {"line_id": "96-126-1-j24-1", "route_id": "162.TA.96-126-1-j24-1.8.R", "mode": "bus", "line_name": "61"}], "predominant_mode": "bus", "assigned_canton": "Jura", "modes_list": ["bus"]}, "geometry": {"type": "Point", "coordinates": [7.133171916869816, 47.35890180603343]}}, {"id": "25314", "type": "Feature", "properties": {"name": "St-Ursanne, gare", "lon": 7.166247880242722, "lat": 47.36773071498676, "stop_id": ["8572034.link:1231073", "8572034.link:1231074"], "lines": [{"line_id": "96-126-1-j24-1", "route_id": "145.TA.96-126-1-j24-1.6.R", "mode": "bus", "line_name": "61"}, {"line_id": "96-126-1-j24-1", "route_id": "160.TA.96-126-1-j24-1.7.R", "mode": "bus", "line_name": "61"}, {"line_id": "96-126-2-j24-1", "route_id": "25.TA.96-126-2-j24-1.4.R", "mode": "bus", "line_name": "62"}, {"line_id": "96-126-2-j24-1", "route_id": "42.TA.96-126-2-j24-1.5.R", "mode": "bus", "line_name": "62"}, {"line_id": "96-126-1-j24-1", "route_id": "162.TA.96-126-1-j24-1.8.R", "mode": "bus", "line_name": "61"}, {"line_id": "96-126-1-j24-1", "route_id": "168.TA.96-126-1-j24-1.9.R", "mode": "bus", "line_name": "61"}, {"line_id": "96-126-1-j24-1", "route_id": "88.TA.96-126-1-j24-1.5.R", "mode": "bus", "line_name": "61"}, {"line_id": "96-126-1-j24-1", "route_id": "78.TA.96-126-1-j24-1.3.H", "mode": "bus", "line_name": "61"}, {"line_id": "96-126-2-j24-1", "route_id": "4.TA.96-126-2-j24-1.1.H", "mode": "bus", "line_name": "62"}, {"line_id": "92-EV1-L-j24-1", "route_id": "146.TA.92-EV1-L-j24-1.7.H", "mode": "bus", "line_name": "EV1"}, {"line_id": "96-126-2-j24-1", "route_id": "11.TA.96-126-2-j24-1.2.H", "mode": "bus", "line_name": "62"}, {"line_id": "96-126-1-j24-1", "route_id": "59.TA.96-126-1-j24-1.2.H", "mode": "bus", "line_name": "61"}, {"line_id": "96-126-1-j24-1", "route_id": "41.TA.96-126-1-j24-1.1.H", "mode": "bus", "line_name": "61"}, {"line_id": "96-126-1-j24-1", "route_id": "74.TA.96-126-1-j24-1.3.H", "mode": "bus", "line_name": "61"}, {"line_id": "96-126-1-j24-1", "route_id": "80.TA.96-126-1-j24-1.4.H", "mode": "bus", "line_name": "61"}], "predominant_mode": "bus", "assigned_canton": "Jura", "modes_list": ["bus"]}, "geometry": {"type": "Point", "coordinates": [7.166247887233753, 47.367730725510576]}}, {"id": "25315", "type": "Feature", "properties": {"name": "St-Ursanne, l'\u00e9cluse", "lon": 7.160929850205158, "lat": 47.36678157507007, "stop_id": ["8582940.link:1279794", "8582940.link:1279795"], "lines": [{"line_id": "96-126-1-j24-1", "route_id": "78.TA.96-126-1-j24-1.3.H", "mode": "bus", "line_name": "61"}, {"line_id": "96-126-2-j24-1", "route_id": "4.TA.96-126-2-j24-1.1.H", "mode": "bus", "line_name": "62"}, {"line_id": "96-126-2-j24-1", "route_id": "11.TA.96-126-2-j24-1.2.H", "mode": "bus", "line_name": "62"}, {"line_id": "96-126-1-j24-1", "route_id": "59.TA.96-126-1-j24-1.2.H", "mode": "bus", "line_name": "61"}, {"line_id": "96-126-1-j24-1", "route_id": "41.TA.96-126-1-j24-1.1.H", "mode": "bus", "line_name": "61"}, {"line_id": "96-126-1-j24-1", "route_id": "74.TA.96-126-1-j24-1.3.H", "mode": "bus", "line_name": "61"}, {"line_id": "96-126-1-j24-1", "route_id": "80.TA.96-126-1-j24-1.4.H", "mode": "bus", "line_name": "61"}, {"line_id": "96-126-1-j24-1", "route_id": "145.TA.96-126-1-j24-1.6.R", "mode": "bus", "line_name": "61"}, {"line_id": "96-126-1-j24-1", "route_id": "160.TA.96-126-1-j24-1.7.R", "mode": "bus", "line_name": "61"}, {"line_id": "96-126-2-j24-1", "route_id": "25.TA.96-126-2-j24-1.4.R", "mode": "bus", "line_name": "62"}, {"line_id": "96-126-2-j24-1", "route_id": "42.TA.96-126-2-j24-1.5.R", "mode": "bus", "line_name": "62"}, {"line_id": "96-126-1-j24-1", "route_id": "162.TA.96-126-1-j24-1.8.R", "mode": "bus", "line_name": "61"}, {"line_id": "96-126-1-j24-1", "route_id": "168.TA.96-126-1-j24-1.9.R", "mode": "bus", "line_name": "61"}, {"line_id": "96-126-1-j24-1", "route_id": "88.TA.96-126-1-j24-1.5.R", "mode": "bus", "line_name": "61"}], "predominant_mode": "bus", "assigned_canton": "Jura", "modes_list": ["bus"]}, "geometry": {"type": "Point", "coordinates": [7.1609298571907605, 47.36678158559481]}}, {"id": "25316", "type": "Feature", "properties": {"name": "St-Ursanne, porte St-Pierre", "lon": 7.156339460186766, "lat": 47.366386085141954, "stop_id": ["8582085.link:1282811", "8582085.link:1282812"], "lines": [{"line_id": "96-126-1-j24-1", "route_id": "145.TA.96-126-1-j24-1.6.R", "mode": "bus", "line_name": "61"}, {"line_id": "96-126-1-j24-1", "route_id": "160.TA.96-126-1-j24-1.7.R", "mode": "bus", "line_name": "61"}, {"line_id": "96-126-2-j24-1", "route_id": "25.TA.96-126-2-j24-1.4.R", "mode": "bus", "line_name": "62"}, {"line_id": "96-126-2-j24-1", "route_id": "42.TA.96-126-2-j24-1.5.R", "mode": "bus", "line_name": "62"}, {"line_id": "96-126-1-j24-1", "route_id": "162.TA.96-126-1-j24-1.8.R", "mode": "bus", "line_name": "61"}, {"line_id": "96-126-1-j24-1", "route_id": "168.TA.96-126-1-j24-1.9.R", "mode": "bus", "line_name": "61"}, {"line_id": "96-126-1-j24-1", "route_id": "88.TA.96-126-1-j24-1.5.R", "mode": "bus", "line_name": "61"}, {"line_id": "96-126-1-j24-1", "route_id": "78.TA.96-126-1-j24-1.3.H", "mode": "bus", "line_name": "61"}, {"line_id": "96-126-2-j24-1", "route_id": "4.TA.96-126-2-j24-1.1.H", "mode": "bus", "line_name": "62"}, {"line_id": "92-EV1-L-j24-1", "route_id": "146.TA.92-EV1-L-j24-1.7.H", "mode": "bus", "line_name": "EV1"}, {"line_id": "96-126-2-j24-1", "route_id": "11.TA.96-126-2-j24-1.2.H", "mode": "bus", "line_name": "62"}, {"line_id": "96-126-1-j24-1", "route_id": "59.TA.96-126-1-j24-1.2.H", "mode": "bus", "line_name": "61"}, {"line_id": "96-126-1-j24-1", "route_id": "41.TA.96-126-1-j24-1.1.H", "mode": "bus", "line_name": "61"}, {"line_id": "96-126-1-j24-1", "route_id": "74.TA.96-126-1-j24-1.3.H", "mode": "bus", "line_name": "61"}, {"line_id": "96-126-1-j24-1", "route_id": "80.TA.96-126-1-j24-1.4.H", "mode": "bus", "line_name": "61"}], "predominant_mode": "bus", "assigned_canton": "Jura", "modes_list": ["bus"]}, "geometry": {"type": "Point", "coordinates": [7.156339467167571, 47.3663860956676]}}, {"id": "26292", "type": "Feature", "properties": {"name": "S\u00e9prais", "lon": 7.22701891027194, "lat": 47.36653211403498, "stop_id": ["8500660.link:470334", "8500660.link:470335"], "lines": [{"line_id": "96-125-1-j24-1", "route_id": "60.TA.96-125-1-j24-1.4.R", "mode": "bus", "line_name": "51"}, {"line_id": "96-125-1-j24-1", "route_id": "16.TA.96-125-1-j24-1.2.H", "mode": "bus", "line_name": "51"}], "predominant_mode": "bus", "assigned_canton": "Jura", "modes_list": ["bus"]}, "geometry": {"type": "Point", "coordinates": [7.227018917327944, 47.366532124543845]}}, {"id": "26293", "type": "Feature", "properties": {"name": "S\u00e9prais, bas du village", "lon": 7.226399070171371, "lat": 47.36352027404474, "stop_id": ["8572025.link:45004", "8572025.link:45005"], "lines": [{"line_id": "96-125-1-j24-1", "route_id": "60.TA.96-125-1-j24-1.4.R", "mode": "bus", "line_name": "51"}, {"line_id": "96-125-1-j24-1", "route_id": "16.TA.96-125-1-j24-1.2.H", "mode": "bus", "line_name": "51"}], "predominant_mode": "bus", "assigned_canton": "Jura", "modes_list": ["bus"]}, "geometry": {"type": "Point", "coordinates": [7.2263990772274775, 47.36352028455273]}}, {"id": "27514", "type": "Feature", "properties": {"name": "Undervelier, Corfontaine", "lon": 7.25457023818849, "lat": 47.30269311360327, "stop_id": ["8572031.link:1312634", "8572031.link:1312635"], "lines": [{"line_id": "96-125-2-j24-1", "route_id": "11.TA.96-125-2-j24-1.1.H", "mode": "bus", "line_name": "52"}, {"line_id": "96-125-2-j24-1", "route_id": "34.TA.96-125-2-j24-1.2.R", "mode": "bus", "line_name": "52"}], "predominant_mode": "bus", "assigned_canton": "Jura", "modes_list": ["bus"]}, "geometry": {"type": "Point", "coordinates": [7.254570245289899, 47.30269312408366]}}, {"id": "27515", "type": "Feature", "properties": {"name": "Undervelier, Forges", "lon": 7.21742489845813, "lat": 47.31210396418515, "stop_id": ["8572029.link:53560", "8572029.link:53561"], "lines": [{"line_id": "96-125-2-j24-1", "route_id": "11.TA.96-125-2-j24-1.1.H", "mode": "bus", "line_name": "52"}, {"line_id": "96-125-2-j24-1", "route_id": "34.TA.96-125-2-j24-1.2.R", "mode": "bus", "line_name": "52"}], "predominant_mode": "bus", "assigned_canton": "Jura", "modes_list": ["bus"]}, "geometry": {"type": "Point", "coordinates": [7.217424905517644, 47.31210397467776]}}, {"id": "27516", "type": "Feature", "properties": {"name": "Undervelier, Halle des f\u00eates", "lon": 7.228608928156725, "lat": 47.3026139240099, "stop_id": ["8583073.link:1427413", "8583073.link:1427414"], "lines": [{"line_id": "96-125-2-j24-1", "route_id": "11.TA.96-125-2-j24-1.1.H", "mode": "bus", "line_name": "52"}, {"line_id": "96-125-2-j24-1", "route_id": "34.TA.96-125-2-j24-1.2.R", "mode": "bus", "line_name": "52"}], "predominant_mode": "bus", "assigned_canton": "Jura", "modes_list": ["bus"]}, "geometry": {"type": "Point", "coordinates": [7.228608935230532, 47.30261393449646]}}, {"id": "27517", "type": "Feature", "properties": {"name": "Undervelier, poste", "lon": 7.223793958185583, "lat": 47.30364950408533, "stop_id": ["8572030.link:1427391", "8572030.link:1427392"], "lines": [{"line_id": "96-125-2-j24-1", "route_id": "11.TA.96-125-2-j24-1.1.H", "mode": "bus", "line_name": "52"}, {"line_id": "96-125-2-j24-1", "route_id": "34.TA.96-125-2-j24-1.2.R", "mode": "bus", "line_name": "52"}], "predominant_mode": "bus", "assigned_canton": "Jura", "modes_list": ["bus"]}, "geometry": {"type": "Point", "coordinates": [7.223793965253998, 47.30364951457346]}}, {"id": "28102", "type": "Feature", "properties": {"name": "Vendlincourt, bif. gare", "lon": 7.156321493001991, "lat": 47.4511460151407, "stop_id": ["8582182.link:1251908", "8582182.link:1251909"], "lines": [{"line_id": "92-A01-J-j24-1", "route_id": "61.TA.92-A01-J-j24-1.4.H", "mode": "bus", "line_name": "EV"}, {"line_id": "96-128-7-j24-1", "route_id": "17.TA.96-128-7-j24-1.3.R", "mode": "bus", "line_name": "24"}, {"line_id": "92-A01-J-j24-1", "route_id": "34.TA.92-A01-J-j24-1.4.H", "mode": "bus", "line_name": "EV"}, {"line_id": "92-A01-J-j24-1", "route_id": "128.TA.92-A01-J-j24-1.8.R", "mode": "bus", "line_name": "EV"}, {"line_id": "92-A01-J-j24-1", "route_id": "116.TA.92-A01-J-j24-1.8.R", "mode": "bus", "line_name": "EV"}], "predominant_mode": "bus", "assigned_canton": "Jura", "modes_list": ["bus"]}, "geometry": {"type": "Point", "coordinates": [7.156321499961419, 47.451146025694484]}}, {"id": "28134", "type": "Feature", "properties": {"name": "Vermes, bif. Tiergarten", "lon": 7.456520499215064, "lat": 47.3271212804394, "stop_id": ["8571985.link:71665", "8571985.link:71666"], "lines": [{"line_id": "96-121-1-j24-1", "route_id": "16.TA.96-121-1-j24-1.1.H", "mode": "bus", "line_name": "11"}, {"line_id": "96-121-1-j24-1", "route_id": "20.TA.96-121-1-j24-1.2.H", "mode": "bus", "line_name": "11"}, {"line_id": "96-121-1-j24-1", "route_id": "31.TA.96-121-1-j24-1.3.R", "mode": "bus", "line_name": "11"}, {"line_id": "96-121-1-j24-1", "route_id": "43.TA.96-121-1-j24-1.4.R", "mode": "bus", "line_name": "11"}], "predominant_mode": "bus", "assigned_canton": "Jura", "modes_list": ["bus"]}, "geometry": {"type": "Point", "coordinates": [7.45652050652354, 47.32712129087885]}}, {"id": "28135", "type": "Feature", "properties": {"name": "Vermes, \u00e9cole", "lon": 7.474109509295051, "lat": 47.32898445016378, "stop_id": ["8583660.link:1626163", "8583660.link:1626164"], "lines": [{"line_id": "96-121-1-j24-1", "route_id": "16.TA.96-121-1-j24-1.1.H", "mode": "bus", "line_name": "11"}, {"line_id": "96-121-1-j24-1", "route_id": "20.TA.96-121-1-j24-1.2.H", "mode": "bus", "line_name": "11"}, {"line_id": "96-121-1-j24-1", "route_id": "31.TA.96-121-1-j24-1.3.R", "mode": "bus", "line_name": "11"}, {"line_id": "96-121-1-j24-1", "route_id": "43.TA.96-121-1-j24-1.4.R", "mode": "bus", "line_name": "11"}], "predominant_mode": "bus", "assigned_canton": "Jura", "modes_list": ["bus"]}, "geometry": {"type": "Point", "coordinates": [7.474109516621491, 47.3289844605995]}}, {"id": "28376", "type": "Feature", "properties": {"name": "Vicques, Cras de la Velle", "lon": 7.411254389876456, "lat": 47.34853156114877, "stop_id": ["8571972.link:1502950", "8571972.link:1502951"], "lines": [{"line_id": "96-120-7-j24-1", "route_id": "208.TA.96-120-7-j24-1.9.R", "mode": "bus", "line_name": "7"}, {"line_id": "96-120-7-j24-1", "route_id": "222.TA.96-120-7-j24-1.10.R", "mode": "bus", "line_name": "7"}, {"line_id": "96-120-7-j24-1", "route_id": "121.TA.96-120-7-j24-1.6.R", "mode": "bus", "line_name": "7"}, {"line_id": "96-120-7-j24-1", "route_id": "245.TA.96-120-7-j24-1.10.R", "mode": "bus", "line_name": "7"}, {"line_id": "96-120-7-j24-1", "route_id": "150.TA.96-120-7-j24-1.7.R", "mode": "bus", "line_name": "7"}, {"line_id": "96-120-7-j24-1", "route_id": "187.TA.96-120-7-j24-1.8.R", "mode": "bus", "line_name": "7"}, {"line_id": "96-120-7-j24-1", "route_id": "145.TA.96-120-7-j24-1.7.R", "mode": "bus", "line_name": "7"}, {"line_id": "96-120-7-j24-1", "route_id": "184.TA.96-120-7-j24-1.8.R", "mode": "bus", "line_name": "7"}, {"line_id": "96-120-7-j24-1", "route_id": "181.TA.96-120-7-j24-1.8.R", "mode": "bus", "line_name": "7"}, {"line_id": "96-120-7-j24-1", "route_id": "160.TA.96-120-7-j24-1.8.R", "mode": "bus", "line_name": "7"}, {"line_id": "96-121-1-j24-1", "route_id": "43.TA.96-121-1-j24-1.4.R", "mode": "bus", "line_name": "11"}, {"line_id": "96-120-7-j24-1", "route_id": "83.TA.96-120-7-j24-1.4.H", "mode": "bus", "line_name": "7"}, {"line_id": "96-120-7-j24-1", "route_id": "74.TA.96-120-7-j24-1.4.H", "mode": "bus", "line_name": "7"}, {"line_id": "96-121-1-j24-1", "route_id": "20.TA.96-121-1-j24-1.2.H", "mode": "bus", "line_name": "11"}, {"line_id": "96-120-7-j24-1", "route_id": "40.TA.96-120-7-j24-1.2.H", "mode": "bus", "line_name": "7"}, {"line_id": "96-120-7-j24-1", "route_id": "90.TA.96-120-7-j24-1.4.H", "mode": "bus", "line_name": "7"}, {"line_id": "96-120-7-j24-1", "route_id": "115.TA.96-120-7-j24-1.5.H", "mode": "bus", "line_name": "7"}, {"line_id": "96-120-7-j24-1", "route_id": "4.TA.96-120-7-j24-1.1.H", "mode": "bus", "line_name": "7"}, {"line_id": "96-120-7-j24-1", "route_id": "66.TA.96-120-7-j24-1.3.H", "mode": "bus", "line_name": "7"}, {"line_id": "96-120-7-j24-1", "route_id": "41.TA.96-120-7-j24-1.2.H", "mode": "bus", "line_name": "7"}, {"line_id": "96-120-7-j24-1", "route_id": "88.TA.96-120-7-j24-1.4.H", "mode": "bus", "line_name": "7"}], "predominant_mode": "bus", "assigned_canton": "Jura", "modes_list": ["bus"]}, "geometry": {"type": "Point", "coordinates": [7.411254397131801, 47.3485315716067]}}, {"id": "28377", "type": "Feature", "properties": {"name": "Vicques, bas du village", "lon": 7.406295689911739, "lat": 47.349754911226434, "stop_id": ["8571971.link:69813", "8571971.link:69814", "8571971.link:69815"], "lines": [{"line_id": "96-121-1-j24-1", "route_id": "20.TA.96-121-1-j24-1.2.H", "mode": "bus", "line_name": "11"}, {"line_id": "96-120-7-j24-1", "route_id": "208.TA.96-120-7-j24-1.9.R", "mode": "bus", "line_name": "7"}, {"line_id": "96-120-7-j24-1", "route_id": "222.TA.96-120-7-j24-1.10.R", "mode": "bus", "line_name": "7"}, {"line_id": "96-120-7-j24-1", "route_id": "121.TA.96-120-7-j24-1.6.R", "mode": "bus", "line_name": "7"}, {"line_id": "96-120-7-j24-1", "route_id": "245.TA.96-120-7-j24-1.10.R", "mode": "bus", "line_name": "7"}, {"line_id": "96-120-7-j24-1", "route_id": "150.TA.96-120-7-j24-1.7.R", "mode": "bus", "line_name": "7"}, {"line_id": "96-120-7-j24-1", "route_id": "187.TA.96-120-7-j24-1.8.R", "mode": "bus", "line_name": "7"}, {"line_id": "96-120-7-j24-1", "route_id": "145.TA.96-120-7-j24-1.7.R", "mode": "bus", "line_name": "7"}, {"line_id": "96-120-7-j24-1", "route_id": "184.TA.96-120-7-j24-1.8.R", "mode": "bus", "line_name": "7"}, {"line_id": "96-120-7-j24-1", "route_id": "181.TA.96-120-7-j24-1.8.R", "mode": "bus", "line_name": "7"}, {"line_id": "96-120-7-j24-1", "route_id": "160.TA.96-120-7-j24-1.8.R", "mode": "bus", "line_name": "7"}, {"line_id": "96-121-1-j24-1", "route_id": "43.TA.96-121-1-j24-1.4.R", "mode": "bus", "line_name": "11"}, {"line_id": "96-120-7-j24-1", "route_id": "83.TA.96-120-7-j24-1.4.H", "mode": "bus", "line_name": "7"}, {"line_id": "96-120-7-j24-1", "route_id": "74.TA.96-120-7-j24-1.4.H", "mode": "bus", "line_name": "7"}, {"line_id": "96-120-7-j24-1", "route_id": "40.TA.96-120-7-j24-1.2.H", "mode": "bus", "line_name": "7"}, {"line_id": "96-120-7-j24-1", "route_id": "90.TA.96-120-7-j24-1.4.H", "mode": "bus", "line_name": "7"}, {"line_id": "96-120-7-j24-1", "route_id": "115.TA.96-120-7-j24-1.5.H", "mode": "bus", "line_name": "7"}, {"line_id": "96-120-7-j24-1", "route_id": "4.TA.96-120-7-j24-1.1.H", "mode": "bus", "line_name": "7"}, {"line_id": "96-120-7-j24-1", "route_id": "66.TA.96-120-7-j24-1.3.H", "mode": "bus", "line_name": "7"}, {"line_id": "96-120-7-j24-1", "route_id": "41.TA.96-120-7-j24-1.2.H", "mode": "bus", "line_name": "7"}, {"line_id": "96-120-7-j24-1", "route_id": "88.TA.96-120-7-j24-1.4.H", "mode": "bus", "line_name": "7"}], "predominant_mode": "bus", "assigned_canton": "Jura", "modes_list": ["bus"]}, "geometry": {"type": "Point", "coordinates": [7.40629569716155, 47.34975492168602]}}, {"id": "28378", "type": "Feature", "properties": {"name": "Vicques, poste", "lon": 7.416904789896551, "lat": 47.348957601060214, "stop_id": ["8500651.link:1286225", "8500651.link:1286226", "8500651.link:1286240"], "lines": [{"line_id": "96-120-7-j24-1", "route_id": "208.TA.96-120-7-j24-1.9.R", "mode": "bus", "line_name": "7"}, {"line_id": "96-120-7-j24-1", "route_id": "222.TA.96-120-7-j24-1.10.R", "mode": "bus", "line_name": "7"}, {"line_id": "96-120-7-j24-1", "route_id": "121.TA.96-120-7-j24-1.6.R", "mode": "bus", "line_name": "7"}, {"line_id": "96-120-7-j24-1", "route_id": "245.TA.96-120-7-j24-1.10.R", "mode": "bus", "line_name": "7"}, {"line_id": "96-120-7-j24-1", "route_id": "150.TA.96-120-7-j24-1.7.R", "mode": "bus", "line_name": "7"}, {"line_id": "96-120-7-j24-1", "route_id": "187.TA.96-120-7-j24-1.8.R", "mode": "bus", "line_name": "7"}, {"line_id": "96-120-7-j24-1", "route_id": "145.TA.96-120-7-j24-1.7.R", "mode": "bus", "line_name": "7"}, {"line_id": "96-120-7-j24-1", "route_id": "184.TA.96-120-7-j24-1.8.R", "mode": "bus", "line_name": "7"}, {"line_id": "96-120-7-j24-1", "route_id": "181.TA.96-120-7-j24-1.8.R", "mode": "bus", "line_name": "7"}, {"line_id": "96-120-7-j24-1", "route_id": "160.TA.96-120-7-j24-1.8.R", "mode": "bus", "line_name": "7"}, {"line_id": "96-121-1-j24-1", "route_id": "31.TA.96-121-1-j24-1.3.R", "mode": "bus", "line_name": "11"}, {"line_id": "96-121-1-j24-1", "route_id": "43.TA.96-121-1-j24-1.4.R", "mode": "bus", "line_name": "11"}, {"line_id": "96-120-7-j24-1", "route_id": "83.TA.96-120-7-j24-1.4.H", "mode": "bus", "line_name": "7"}, {"line_id": "96-120-7-j24-1", "route_id": "74.TA.96-120-7-j24-1.4.H", "mode": "bus", "line_name": "7"}, {"line_id": "96-121-1-j24-1", "route_id": "20.TA.96-121-1-j24-1.2.H", "mode": "bus", "line_name": "11"}, {"line_id": "96-120-7-j24-1", "route_id": "40.TA.96-120-7-j24-1.2.H", "mode": "bus", "line_name": "7"}, {"line_id": "96-120-7-j24-1", "route_id": "90.TA.96-120-7-j24-1.4.H", "mode": "bus", "line_name": "7"}, {"line_id": "96-120-7-j24-1", "route_id": "115.TA.96-120-7-j24-1.5.H", "mode": "bus", "line_name": "7"}, {"line_id": "96-120-7-j24-1", "route_id": "4.TA.96-120-7-j24-1.1.H", "mode": "bus", "line_name": "7"}, {"line_id": "96-120-7-j24-1", "route_id": "66.TA.96-120-7-j24-1.3.H", "mode": "bus", "line_name": "7"}, {"line_id": "96-120-7-j24-1", "route_id": "41.TA.96-120-7-j24-1.2.H", "mode": "bus", "line_name": "7"}, {"line_id": "96-120-7-j24-1", "route_id": "88.TA.96-120-7-j24-1.4.H", "mode": "bus", "line_name": "7"}, {"line_id": "96-121-1-j24-1", "route_id": "16.TA.96-121-1-j24-1.1.H", "mode": "bus", "line_name": "11"}], "predominant_mode": "bus", "assigned_canton": "Jura", "modes_list": ["bus"]}, "geometry": {"type": "Point", "coordinates": [7.416904797157728, 47.348957611516894]}}, {"id": "28480", "type": "Feature", "properties": {"name": "Villars-sur-Fontenais", "lon": 7.0803419908084555, "lat": 47.387786526331794, "stop_id": ["8572084.link:1213170", "8572084.link:1213171"], "lines": [{"line_id": "96-127-5-j24-1", "route_id": "61.TA.96-127-5-j24-1.4.R", "mode": "bus", "line_name": "75"}, {"line_id": "96-127-5-j24-1", "route_id": "40.TA.96-127-5-j24-1.3.R", "mode": "bus", "line_name": "75"}, {"line_id": "96-127-5-j24-1", "route_id": "17.TA.96-127-5-j24-1.2.H", "mode": "bus", "line_name": "75"}, {"line_id": "96-127-5-j24-1", "route_id": "1.TA.96-127-5-j24-1.1.H", "mode": "bus", "line_name": "75"}], "predominant_mode": "bus", "assigned_canton": "Jura", "modes_list": ["bus"]}, "geometry": {"type": "Point", "coordinates": [7.080341997702721, 47.387786536882615]}}]}