{"type": "FeatureCollection", "features": [{"id": "1967", "type": "Feature", "properties": {"name": "Bannalpsee", "lon": 8.425470295079249, "lat": 46.87018109520921, "stop_id": ["8530377.link:pt_8530377"], "lines": [{"line_id": "93-8Y-Y-j24-1", "route_id": "6.TA.93-8Y-Y-j24-1.1.H", "mode": "cable car", "line_name": "PB"}, {"line_id": "93-8Y-Y-j24-1", "route_id": "23.TA.93-8Y-Y-j24-1.2.R", "mode": "cable car", "line_name": "PB"}], "predominant_mode": "cable car", "assigned_canton": "Nidwalden", "modes_list": ["cable car"]}, "geometry": {"type": "Point", "coordinates": [8.425470303505602, 46.87018110522424]}}, {"id": "2303", "type": "Feature", "properties": {"name": "Beckenried (Klewenalpbahn)", "lon": 8.473215758244478, "lat": 46.96634228447056, "stop_id": ["8508500.link:pt_8508500"], "lines": [{"line_id": "93-255-6-j24-1", "route_id": "54.TA.93-255-6-j24-1.1.H", "mode": "cable car", "line_name": "2556"}, {"line_id": "93-255-6-j24-1", "route_id": "79.TA.93-255-6-j24-1.2.R", "mode": "cable car", "line_name": "2556"}], "predominant_mode": "cable car", "assigned_canton": "Nidwalden", "modes_list": ["cable car"]}, "geometry": {"type": "Point", "coordinates": [8.473215766691185, 46.966342294509694]}}, {"id": "2304", "type": "Feature", "properties": {"name": "Beckenried (See)", "lon": 8.475605278266759, "lat": 46.96697371443307, "stop_id": ["8508467.link:pt_8508467"], "lines": [{"line_id": "94-360-0-j24-1", "route_id": "26.TA.94-360-0-j24-1.14.H", "mode": "ferry", "line_name": "3600"}, {"line_id": "94-360-0-j24-1", "route_id": "88.TA.94-360-0-j24-1.39.R", "mode": "ferry", "line_name": "3600"}, {"line_id": "94-360-0-j24-1", "route_id": "104.TA.94-360-0-j24-1.43.R", "mode": "ferry", "line_name": "3600"}, {"line_id": "94-360-0-j24-1", "route_id": "98.TA.94-360-0-j24-1.42.R", "mode": "ferry", "line_name": "3600"}, {"line_id": "94-360-0-j24-1", "route_id": "112.TA.94-360-0-j24-1.44.R", "mode": "ferry", "line_name": "3600"}, {"line_id": "94-360-0-j24-1", "route_id": "77.TA.94-360-0-j24-1.34.R", "mode": "ferry", "line_name": "3600"}, {"line_id": "94-360-0-j24-1", "route_id": "40.TA.94-360-0-j24-1.22.H", "mode": "ferry", "line_name": "3600"}, {"line_id": "94-360-0-j24-1", "route_id": "23.TA.94-360-0-j24-1.14.H", "mode": "ferry", "line_name": "3600"}, {"line_id": "94-360-0-j24-1", "route_id": "46.TA.94-360-0-j24-1.23.H", "mode": "ferry", "line_name": "3600"}, {"line_id": "94-360-0-j24-1", "route_id": "55.TA.94-360-0-j24-1.24.H", "mode": "ferry", "line_name": "3600"}, {"line_id": "94-360-0-j24-1", "route_id": "90.TA.94-360-0-j24-1.41.R", "mode": "ferry", "line_name": "3600"}, {"line_id": "94-360-0-j24-1", "route_id": "5.TA.94-360-0-j24-1.4.H", "mode": "ferry", "line_name": "3600"}, {"line_id": "94-360-0-j24-1", "route_id": "35.TA.94-360-0-j24-1.20.H", "mode": "ferry", "line_name": "3600"}, {"line_id": "94-360-0-j24-1", "route_id": "80.TA.94-360-0-j24-1.37.R", "mode": "ferry", "line_name": "3600"}], "predominant_mode": "ferry", "assigned_canton": "Nidwalden", "modes_list": ["ferry"]}, "geometry": {"type": "Point", "coordinates": [8.475605286715657, 46.966973724471764]}}, {"id": "2305", "type": "Feature", "properties": {"name": "Beckenried Niederdorf (F\u00e4hre)", "lon": 8.45944457842187, "lat": 46.972073864687346, "stop_id": ["8530721.link:pt_8530721"], "lines": [{"line_id": "94-Q-Y-j24-1", "route_id": "13.TA.94-Q-Y-j24-1.2.R", "mode": "ferry", "line_name": "FAE"}, {"line_id": "94-Q-Y-j24-1", "route_id": "10.TA.94-Q-Y-j24-1.1.H", "mode": "ferry", "line_name": "FAE"}], "predominant_mode": "ferry", "assigned_canton": "Nidwalden", "modes_list": ["ferry"]}, "geometry": {"type": "Point", "coordinates": [8.459444586853255, 46.97207387473253]}}, {"id": "2306", "type": "Feature", "properties": {"name": "Beckenried, Boden", "lon": 8.479072768170576, "lat": 46.96395139437832, "stop_id": ["8572947.link:362618", "8572947.link:362619"], "lines": [{"line_id": "96-363-0-j24-1", "route_id": "206.TA.96-363-0-j24-1.13.R", "mode": "bus", "line_name": "311"}, {"line_id": "96-363-0-j24-1", "route_id": "302.TA.96-363-0-j24-1.39.R", "mode": "bus", "line_name": "311"}, {"line_id": "96-363-0-j24-1", "route_id": "294.TA.96-363-0-j24-1.36.R", "mode": "bus", "line_name": "311"}, {"line_id": "96-363-0-j24-1", "route_id": "213.TA.96-363-0-j24-1.27.R", "mode": "bus", "line_name": "311"}, {"line_id": "96-363-0-j24-1", "route_id": "314.TA.96-363-0-j24-1.41.R", "mode": "bus", "line_name": "311"}, {"line_id": "96-363-0-j24-1", "route_id": "225.TA.96-363-0-j24-1.29.R", "mode": "bus", "line_name": "311"}, {"line_id": "96-363-0-j24-1", "route_id": "289.TA.96-363-0-j24-1.35.R", "mode": "bus", "line_name": "311"}, {"line_id": "96-363-0-j24-1", "route_id": "300.TA.96-363-0-j24-1.38.R", "mode": "bus", "line_name": "311"}, {"line_id": "96-363-0-j24-1", "route_id": "226.TA.96-363-0-j24-1.29.R", "mode": "bus", "line_name": "311"}, {"line_id": "96-363-0-j24-1", "route_id": "321.TA.96-363-0-j24-1.42.R", "mode": "bus", "line_name": "311"}, {"line_id": "96-363-0-j24-1", "route_id": "313.TA.96-363-0-j24-1.40.R", "mode": "bus", "line_name": "311"}, {"line_id": "96-358-9-j24-1", "route_id": "5.TA.96-358-9-j24-1.3.R", "mode": "bus", "line_name": "N44"}, {"line_id": "96-363-0-j24-1", "route_id": "73.TA.96-363-0-j24-1.4.H", "mode": "bus", "line_name": "311"}, {"line_id": "96-363-0-j24-1", "route_id": "154.TA.96-363-0-j24-1.9.H", "mode": "bus", "line_name": "311"}, {"line_id": "96-363-0-j24-1", "route_id": "150.TA.96-363-0-j24-1.8.H", "mode": "bus", "line_name": "311"}, {"line_id": "96-363-0-j24-1", "route_id": "138.TA.96-363-0-j24-1.7.H", "mode": "bus", "line_name": "311"}, {"line_id": "96-363-0-j24-1", "route_id": "86.TA.96-363-0-j24-1.5.H", "mode": "bus", "line_name": "311"}, {"line_id": "96-358-9-j24-1", "route_id": "3.TA.96-358-9-j24-1.1.H", "mode": "bus", "line_name": "N44"}], "predominant_mode": "bus", "assigned_canton": "Nidwalden", "modes_list": ["bus"]}, "geometry": {"type": "Point", "coordinates": [8.479072776623786, 46.96395140441489]}}, {"id": "2307", "type": "Feature", "properties": {"name": "Beckenried, Fellerwil", "lon": 8.484983688109894, "lat": 46.96196503428527, "stop_id": ["8572948.link:483446", "8572948.link:483447"], "lines": [{"line_id": "96-363-0-j24-1", "route_id": "206.TA.96-363-0-j24-1.13.R", "mode": "bus", "line_name": "311"}, {"line_id": "96-363-0-j24-1", "route_id": "302.TA.96-363-0-j24-1.39.R", "mode": "bus", "line_name": "311"}, {"line_id": "96-363-0-j24-1", "route_id": "294.TA.96-363-0-j24-1.36.R", "mode": "bus", "line_name": "311"}, {"line_id": "96-363-0-j24-1", "route_id": "213.TA.96-363-0-j24-1.27.R", "mode": "bus", "line_name": "311"}, {"line_id": "96-363-0-j24-1", "route_id": "314.TA.96-363-0-j24-1.41.R", "mode": "bus", "line_name": "311"}, {"line_id": "96-363-0-j24-1", "route_id": "225.TA.96-363-0-j24-1.29.R", "mode": "bus", "line_name": "311"}, {"line_id": "96-363-0-j24-1", "route_id": "289.TA.96-363-0-j24-1.35.R", "mode": "bus", "line_name": "311"}, {"line_id": "96-363-0-j24-1", "route_id": "300.TA.96-363-0-j24-1.38.R", "mode": "bus", "line_name": "311"}, {"line_id": "96-363-0-j24-1", "route_id": "226.TA.96-363-0-j24-1.29.R", "mode": "bus", "line_name": "311"}, {"line_id": "96-363-0-j24-1", "route_id": "321.TA.96-363-0-j24-1.42.R", "mode": "bus", "line_name": "311"}, {"line_id": "96-363-0-j24-1", "route_id": "313.TA.96-363-0-j24-1.40.R", "mode": "bus", "line_name": "311"}, {"line_id": "96-358-9-j24-1", "route_id": "5.TA.96-358-9-j24-1.3.R", "mode": "bus", "line_name": "N44"}, {"line_id": "96-363-0-j24-1", "route_id": "73.TA.96-363-0-j24-1.4.H", "mode": "bus", "line_name": "311"}, {"line_id": "96-363-0-j24-1", "route_id": "154.TA.96-363-0-j24-1.9.H", "mode": "bus", "line_name": "311"}, {"line_id": "96-363-0-j24-1", "route_id": "150.TA.96-363-0-j24-1.8.H", "mode": "bus", "line_name": "311"}, {"line_id": "96-363-0-j24-1", "route_id": "138.TA.96-363-0-j24-1.7.H", "mode": "bus", "line_name": "311"}, {"line_id": "96-363-0-j24-1", "route_id": "86.TA.96-363-0-j24-1.5.H", "mode": "bus", "line_name": "311"}, {"line_id": "96-358-9-j24-1", "route_id": "3.TA.96-358-9-j24-1.1.H", "mode": "bus", "line_name": "N44"}], "predominant_mode": "bus", "assigned_canton": "Nidwalden", "modes_list": ["bus"]}, "geometry": {"type": "Point", "coordinates": [8.484983696569538, 46.961965044319435]}}, {"id": "2308", "type": "Feature", "properties": {"name": "Beckenried, Hungacher", "lon": 8.46682873836784, "lat": 46.97025944457125, "stop_id": ["8580610.link:917122", "8580610.link:917123"], "lines": [{"line_id": "96-363-0-j24-1", "route_id": "294.TA.96-363-0-j24-1.36.R", "mode": "bus", "line_name": "311"}, {"line_id": "96-363-0-j24-1", "route_id": "302.TA.96-363-0-j24-1.39.R", "mode": "bus", "line_name": "311"}, {"line_id": "96-363-0-j24-1", "route_id": "263.TA.96-363-0-j24-1.31.R", "mode": "bus", "line_name": "311"}, {"line_id": "96-363-0-j24-1", "route_id": "266.TA.96-363-0-j24-1.32.R", "mode": "bus", "line_name": "311"}, {"line_id": "96-363-0-j24-1", "route_id": "238.TA.96-363-0-j24-1.30.R", "mode": "bus", "line_name": "311"}, {"line_id": "96-363-0-j24-1", "route_id": "213.TA.96-363-0-j24-1.27.R", "mode": "bus", "line_name": "311"}, {"line_id": "96-363-0-j24-1", "route_id": "314.TA.96-363-0-j24-1.41.R", "mode": "bus", "line_name": "311"}, {"line_id": "96-363-0-j24-1", "route_id": "225.TA.96-363-0-j24-1.29.R", "mode": "bus", "line_name": "311"}, {"line_id": "96-363-0-j24-1", "route_id": "289.TA.96-363-0-j24-1.35.R", "mode": "bus", "line_name": "311"}, {"line_id": "96-363-0-j24-1", "route_id": "300.TA.96-363-0-j24-1.38.R", "mode": "bus", "line_name": "311"}, {"line_id": "96-363-0-j24-1", "route_id": "226.TA.96-363-0-j24-1.29.R", "mode": "bus", "line_name": "311"}, {"line_id": "96-363-0-j24-1", "route_id": "321.TA.96-363-0-j24-1.42.R", "mode": "bus", "line_name": "311"}, {"line_id": "96-363-0-j24-1", "route_id": "268.TA.96-363-0-j24-1.33.R", "mode": "bus", "line_name": "311"}, {"line_id": "96-363-0-j24-1", "route_id": "272.TA.96-363-0-j24-1.34.R", "mode": "bus", "line_name": "311"}, {"line_id": "96-363-0-j24-1", "route_id": "313.TA.96-363-0-j24-1.40.R", "mode": "bus", "line_name": "311"}, {"line_id": "96-358-9-j24-1", "route_id": "5.TA.96-358-9-j24-1.3.R", "mode": "bus", "line_name": "N44"}, {"line_id": "96-363-0-j24-1", "route_id": "201.TA.96-363-0-j24-1.25.R", "mode": "bus", "line_name": "311"}, {"line_id": "96-363-0-j24-1", "route_id": "62.TA.96-363-0-j24-1.3.H", "mode": "bus", "line_name": "311"}, {"line_id": "96-363-0-j24-1", "route_id": "154.TA.96-363-0-j24-1.9.H", "mode": "bus", "line_name": "311"}, {"line_id": "96-363-0-j24-1", "route_id": "122.TA.96-363-0-j24-1.6.H", "mode": "bus", "line_name": "311"}, {"line_id": "96-363-0-j24-1", "route_id": "150.TA.96-363-0-j24-1.8.H", "mode": "bus", "line_name": "311"}, {"line_id": "96-363-0-j24-1", "route_id": "138.TA.96-363-0-j24-1.7.H", "mode": "bus", "line_name": "311"}, {"line_id": "96-363-0-j24-1", "route_id": "86.TA.96-363-0-j24-1.5.H", "mode": "bus", "line_name": "311"}, {"line_id": "96-358-9-j24-1", "route_id": "3.TA.96-358-9-j24-1.1.H", "mode": "bus", "line_name": "N44"}], "predominant_mode": "bus", "assigned_canton": "Nidwalden", "modes_list": ["bus"]}, "geometry": {"type": "Point", "coordinates": [8.466828746807082, 46.9702594546137]}}, {"id": "2309", "type": "Feature", "properties": {"name": "Beckenried, Nidwaldnerhof", "lon": 8.469936908348814, "lat": 46.969609664522345, "stop_id": ["8508728.link:917118", "8508728.link:917119"], "lines": [{"line_id": "96-363-0-j24-1", "route_id": "294.TA.96-363-0-j24-1.36.R", "mode": "bus", "line_name": "311"}, {"line_id": "96-363-0-j24-1", "route_id": "302.TA.96-363-0-j24-1.39.R", "mode": "bus", "line_name": "311"}, {"line_id": "96-363-0-j24-1", "route_id": "263.TA.96-363-0-j24-1.31.R", "mode": "bus", "line_name": "311"}, {"line_id": "96-363-0-j24-1", "route_id": "266.TA.96-363-0-j24-1.32.R", "mode": "bus", "line_name": "311"}, {"line_id": "96-363-0-j24-1", "route_id": "238.TA.96-363-0-j24-1.30.R", "mode": "bus", "line_name": "311"}, {"line_id": "96-363-0-j24-1", "route_id": "213.TA.96-363-0-j24-1.27.R", "mode": "bus", "line_name": "311"}, {"line_id": "96-363-0-j24-1", "route_id": "314.TA.96-363-0-j24-1.41.R", "mode": "bus", "line_name": "311"}, {"line_id": "96-363-0-j24-1", "route_id": "225.TA.96-363-0-j24-1.29.R", "mode": "bus", "line_name": "311"}, {"line_id": "96-363-0-j24-1", "route_id": "289.TA.96-363-0-j24-1.35.R", "mode": "bus", "line_name": "311"}, {"line_id": "96-363-0-j24-1", "route_id": "300.TA.96-363-0-j24-1.38.R", "mode": "bus", "line_name": "311"}, {"line_id": "96-363-0-j24-1", "route_id": "226.TA.96-363-0-j24-1.29.R", "mode": "bus", "line_name": "311"}, {"line_id": "96-363-0-j24-1", "route_id": "321.TA.96-363-0-j24-1.42.R", "mode": "bus", "line_name": "311"}, {"line_id": "96-363-0-j24-1", "route_id": "268.TA.96-363-0-j24-1.33.R", "mode": "bus", "line_name": "311"}, {"line_id": "96-363-0-j24-1", "route_id": "272.TA.96-363-0-j24-1.34.R", "mode": "bus", "line_name": "311"}, {"line_id": "96-363-0-j24-1", "route_id": "313.TA.96-363-0-j24-1.40.R", "mode": "bus", "line_name": "311"}, {"line_id": "96-358-9-j24-1", "route_id": "5.TA.96-358-9-j24-1.3.R", "mode": "bus", "line_name": "N44"}, {"line_id": "96-363-0-j24-1", "route_id": "201.TA.96-363-0-j24-1.25.R", "mode": "bus", "line_name": "311"}, {"line_id": "96-363-0-j24-1", "route_id": "62.TA.96-363-0-j24-1.3.H", "mode": "bus", "line_name": "311"}, {"line_id": "96-363-0-j24-1", "route_id": "154.TA.96-363-0-j24-1.9.H", "mode": "bus", "line_name": "311"}, {"line_id": "96-363-0-j24-1", "route_id": "122.TA.96-363-0-j24-1.6.H", "mode": "bus", "line_name": "311"}, {"line_id": "96-363-0-j24-1", "route_id": "150.TA.96-363-0-j24-1.8.H", "mode": "bus", "line_name": "311"}, {"line_id": "96-363-0-j24-1", "route_id": "138.TA.96-363-0-j24-1.7.H", "mode": "bus", "line_name": "311"}, {"line_id": "96-363-0-j24-1", "route_id": "86.TA.96-363-0-j24-1.5.H", "mode": "bus", "line_name": "311"}, {"line_id": "96-358-9-j24-1", "route_id": "3.TA.96-358-9-j24-1.1.H", "mode": "bus", "line_name": "N44"}], "predominant_mode": "bus", "assigned_canton": "Nidwalden", "modes_list": ["bus"]}, "geometry": {"type": "Point", "coordinates": [8.469936916791326, 46.96960967456363]}}, {"id": "2310", "type": "Feature", "properties": {"name": "Beckenried, Niederdorf", "lon": 8.462256308389833, "lat": 46.97103180464309, "stop_id": ["8508887.link:872762", "8508887.link:872763"], "lines": [{"line_id": "96-363-0-j24-1", "route_id": "294.TA.96-363-0-j24-1.36.R", "mode": "bus", "line_name": "311"}, {"line_id": "96-363-0-j24-1", "route_id": "302.TA.96-363-0-j24-1.39.R", "mode": "bus", "line_name": "311"}, {"line_id": "96-363-0-j24-1", "route_id": "263.TA.96-363-0-j24-1.31.R", "mode": "bus", "line_name": "311"}, {"line_id": "96-363-0-j24-1", "route_id": "266.TA.96-363-0-j24-1.32.R", "mode": "bus", "line_name": "311"}, {"line_id": "96-363-0-j24-1", "route_id": "238.TA.96-363-0-j24-1.30.R", "mode": "bus", "line_name": "311"}, {"line_id": "96-363-0-j24-1", "route_id": "213.TA.96-363-0-j24-1.27.R", "mode": "bus", "line_name": "311"}, {"line_id": "96-363-0-j24-1", "route_id": "314.TA.96-363-0-j24-1.41.R", "mode": "bus", "line_name": "311"}, {"line_id": "96-363-0-j24-1", "route_id": "225.TA.96-363-0-j24-1.29.R", "mode": "bus", "line_name": "311"}, {"line_id": "96-363-0-j24-1", "route_id": "289.TA.96-363-0-j24-1.35.R", "mode": "bus", "line_name": "311"}, {"line_id": "96-363-0-j24-1", "route_id": "300.TA.96-363-0-j24-1.38.R", "mode": "bus", "line_name": "311"}, {"line_id": "96-363-0-j24-1", "route_id": "226.TA.96-363-0-j24-1.29.R", "mode": "bus", "line_name": "311"}, {"line_id": "96-363-0-j24-1", "route_id": "321.TA.96-363-0-j24-1.42.R", "mode": "bus", "line_name": "311"}, {"line_id": "96-363-0-j24-1", "route_id": "268.TA.96-363-0-j24-1.33.R", "mode": "bus", "line_name": "311"}, {"line_id": "96-363-0-j24-1", "route_id": "272.TA.96-363-0-j24-1.34.R", "mode": "bus", "line_name": "311"}, {"line_id": "96-363-0-j24-1", "route_id": "313.TA.96-363-0-j24-1.40.R", "mode": "bus", "line_name": "311"}, {"line_id": "96-358-9-j24-1", "route_id": "5.TA.96-358-9-j24-1.3.R", "mode": "bus", "line_name": "N44"}, {"line_id": "96-363-0-j24-1", "route_id": "201.TA.96-363-0-j24-1.25.R", "mode": "bus", "line_name": "311"}, {"line_id": "96-363-0-j24-1", "route_id": "62.TA.96-363-0-j24-1.3.H", "mode": "bus", "line_name": "311"}, {"line_id": "96-363-0-j24-1", "route_id": "154.TA.96-363-0-j24-1.9.H", "mode": "bus", "line_name": "311"}, {"line_id": "96-363-0-j24-1", "route_id": "122.TA.96-363-0-j24-1.6.H", "mode": "bus", "line_name": "311"}, {"line_id": "96-363-0-j24-1", "route_id": "150.TA.96-363-0-j24-1.8.H", "mode": "bus", "line_name": "311"}, {"line_id": "96-363-0-j24-1", "route_id": "138.TA.96-363-0-j24-1.7.H", "mode": "bus", "line_name": "311"}, {"line_id": "96-363-0-j24-1", "route_id": "86.TA.96-363-0-j24-1.5.H", "mode": "bus", "line_name": "311"}, {"line_id": "96-358-9-j24-1", "route_id": "3.TA.96-358-9-j24-1.1.H", "mode": "bus", "line_name": "N44"}], "predominant_mode": "bus", "assigned_canton": "Nidwalden", "modes_list": ["bus"]}, "geometry": {"type": "Point", "coordinates": [8.462256316824309, 46.97103181468709]}}, {"id": "2311", "type": "Feature", "properties": {"name": "Beckenried, Post", "lon": 8.4752459482627, "lat": 46.96685723443866, "stop_id": ["8508797.link:364139", "8508797.link:364140", "8508797.link:809744"], "lines": [{"line_id": "96-363-0-j24-1", "route_id": "266.TA.96-363-0-j24-1.32.R", "mode": "bus", "line_name": "311"}, {"line_id": "96-363-0-j24-1", "route_id": "289.TA.96-363-0-j24-1.35.R", "mode": "bus", "line_name": "311"}, {"line_id": "96-363-0-j24-1", "route_id": "272.TA.96-363-0-j24-1.34.R", "mode": "bus", "line_name": "311"}, {"line_id": "96-358-9-j24-1", "route_id": "5.TA.96-358-9-j24-1.3.R", "mode": "bus", "line_name": "N44"}, {"line_id": "96-363-0-j24-1", "route_id": "206.TA.96-363-0-j24-1.13.R", "mode": "bus", "line_name": "311"}, {"line_id": "96-363-0-j24-1", "route_id": "225.TA.96-363-0-j24-1.29.R", "mode": "bus", "line_name": "311"}, {"line_id": "96-363-3-j24-1", "route_id": "15.TA.96-363-3-j24-1.5.R", "mode": "bus", "line_name": "310"}, {"line_id": "96-363-3-j24-1", "route_id": "17.TA.96-363-3-j24-1.5.R", "mode": "bus", "line_name": "310"}, {"line_id": "96-363-0-j24-1", "route_id": "294.TA.96-363-0-j24-1.36.R", "mode": "bus", "line_name": "311"}, {"line_id": "96-363-0-j24-1", "route_id": "238.TA.96-363-0-j24-1.30.R", "mode": "bus", "line_name": "311"}, {"line_id": "96-363-0-j24-1", "route_id": "314.TA.96-363-0-j24-1.41.R", "mode": "bus", "line_name": "311"}, {"line_id": "96-363-0-j24-1", "route_id": "300.TA.96-363-0-j24-1.38.R", "mode": "bus", "line_name": "311"}, {"line_id": "96-363-0-j24-1", "route_id": "321.TA.96-363-0-j24-1.42.R", "mode": "bus", "line_name": "311"}, {"line_id": "96-363-0-j24-1", "route_id": "268.TA.96-363-0-j24-1.33.R", "mode": "bus", "line_name": "311"}, {"line_id": "96-363-0-j24-1", "route_id": "313.TA.96-363-0-j24-1.40.R", "mode": "bus", "line_name": "311"}, {"line_id": "96-363-3-j24-1", "route_id": "19.TA.96-363-3-j24-1.5.R", "mode": "bus", "line_name": "310"}, {"line_id": "96-363-0-j24-1", "route_id": "201.TA.96-363-0-j24-1.25.R", "mode": "bus", "line_name": "311"}, {"line_id": "96-363-0-j24-1", "route_id": "302.TA.96-363-0-j24-1.39.R", "mode": "bus", "line_name": "311"}, {"line_id": "96-363-0-j24-1", "route_id": "263.TA.96-363-0-j24-1.31.R", "mode": "bus", "line_name": "311"}, {"line_id": "96-363-0-j24-1", "route_id": "226.TA.96-363-0-j24-1.29.R", "mode": "bus", "line_name": "311"}, {"line_id": "96-363-0-j24-1", "route_id": "213.TA.96-363-0-j24-1.27.R", "mode": "bus", "line_name": "311"}, {"line_id": "96-363-0-j24-1", "route_id": "62.TA.96-363-0-j24-1.3.H", "mode": "bus", "line_name": "311"}, {"line_id": "96-363-3-j24-1", "route_id": "6.TA.96-363-3-j24-1.1.H", "mode": "bus", "line_name": "310"}, {"line_id": "96-363-0-j24-1", "route_id": "154.TA.96-363-0-j24-1.9.H", "mode": "bus", "line_name": "311"}, {"line_id": "96-363-0-j24-1", "route_id": "122.TA.96-363-0-j24-1.6.H", "mode": "bus", "line_name": "311"}, {"line_id": "96-363-0-j24-1", "route_id": "150.TA.96-363-0-j24-1.8.H", "mode": "bus", "line_name": "311"}, {"line_id": "96-363-0-j24-1", "route_id": "138.TA.96-363-0-j24-1.7.H", "mode": "bus", "line_name": "311"}, {"line_id": "96-363-3-j24-1", "route_id": "2.TA.96-363-3-j24-1.1.H", "mode": "bus", "line_name": "310"}, {"line_id": "96-363-0-j24-1", "route_id": "86.TA.96-363-0-j24-1.5.H", "mode": "bus", "line_name": "311"}, {"line_id": "96-358-9-j24-1", "route_id": "3.TA.96-358-9-j24-1.1.H", "mode": "bus", "line_name": "N44"}, {"line_id": "96-363-0-j24-1", "route_id": "73.TA.96-363-0-j24-1.4.H", "mode": "bus", "line_name": "311"}], "predominant_mode": "bus", "assigned_canton": "Nidwalden", "modes_list": ["bus"]}, "geometry": {"type": "Point", "coordinates": [8.475245956711275, 46.96685724447741]}}, {"id": "3500", "type": "Feature", "properties": {"name": "Bluematt", "lon": 8.347128217282018, "lat": 46.939607266447496, "stop_id": ["8507706.link:pt_8507706"], "lines": [{"line_id": "93-8C-Y-j24-1", "route_id": "45.TA.93-8C-Y-j24-1.2.R", "mode": "cable car", "line_name": "PB"}, {"line_id": "93-8C-Y-j24-1", "route_id": "24.TA.93-8C-Y-j24-1.1.H", "mode": "cable car", "line_name": "PB"}], "predominant_mode": "cable car", "assigned_canton": "Nidwalden", "modes_list": ["cable car"]}, "geometry": {"type": "Point", "coordinates": [8.347128225610424, 46.93960727651153]}}, {"id": "4425", "type": "Feature", "properties": {"name": "Buochs (See)", "lon": 8.42638657850571, "lat": 46.97535927520677, "stop_id": ["8508466.link:pt_8508466"], "lines": [{"line_id": "94-360-0-j24-1", "route_id": "35.TA.94-360-0-j24-1.20.H", "mode": "ferry", "line_name": "3600"}, {"line_id": "94-360-0-j24-1", "route_id": "90.TA.94-360-0-j24-1.41.R", "mode": "ferry", "line_name": "3600"}], "predominant_mode": "ferry", "assigned_canton": "Nidwalden", "modes_list": ["ferry"]}, "geometry": {"type": "Point", "coordinates": [8.426386586903256, 46.97535928526252]}}, {"id": "4426", "type": "Feature", "properties": {"name": "Buochs, Ausserdorf", "lon": 8.418598188521374, "lat": 46.97600898532914, "stop_id": ["8572943.link:912140", "8572943.link:912141"], "lines": [{"line_id": "96-363-0-j24-1", "route_id": "154.TA.96-363-0-j24-1.9.H", "mode": "bus", "line_name": "311"}, {"line_id": "96-363-0-j24-1", "route_id": "138.TA.96-363-0-j24-1.7.H", "mode": "bus", "line_name": "311"}, {"line_id": "96-363-0-j24-1", "route_id": "122.TA.96-363-0-j24-1.6.H", "mode": "bus", "line_name": "311"}, {"line_id": "96-358-9-j24-1", "route_id": "3.TA.96-358-9-j24-1.1.H", "mode": "bus", "line_name": "N44"}, {"line_id": "96-363-0-j24-1", "route_id": "294.TA.96-363-0-j24-1.36.R", "mode": "bus", "line_name": "311"}, {"line_id": "96-363-0-j24-1", "route_id": "263.TA.96-363-0-j24-1.31.R", "mode": "bus", "line_name": "311"}, {"line_id": "96-363-0-j24-1", "route_id": "266.TA.96-363-0-j24-1.32.R", "mode": "bus", "line_name": "311"}, {"line_id": "96-363-0-j24-1", "route_id": "238.TA.96-363-0-j24-1.30.R", "mode": "bus", "line_name": "311"}, {"line_id": "96-363-0-j24-1", "route_id": "314.TA.96-363-0-j24-1.41.R", "mode": "bus", "line_name": "311"}, {"line_id": "96-363-0-j24-1", "route_id": "289.TA.96-363-0-j24-1.35.R", "mode": "bus", "line_name": "311"}, {"line_id": "96-363-0-j24-1", "route_id": "321.TA.96-363-0-j24-1.42.R", "mode": "bus", "line_name": "311"}, {"line_id": "96-363-0-j24-1", "route_id": "268.TA.96-363-0-j24-1.33.R", "mode": "bus", "line_name": "311"}, {"line_id": "96-363-0-j24-1", "route_id": "272.TA.96-363-0-j24-1.34.R", "mode": "bus", "line_name": "311"}, {"line_id": "96-363-0-j24-1", "route_id": "313.TA.96-363-0-j24-1.40.R", "mode": "bus", "line_name": "311"}, {"line_id": "96-358-9-j24-1", "route_id": "5.TA.96-358-9-j24-1.3.R", "mode": "bus", "line_name": "N44"}], "predominant_mode": "bus", "assigned_canton": "Nidwalden", "modes_list": ["bus"]}, "geometry": {"type": "Point", "coordinates": [8.418598196910981, 46.9760089953873]}}, {"id": "4427", "type": "Feature", "properties": {"name": "Buochs, Fadenbr\u00fccke", "lon": 8.404934808329745, "lat": 46.9704372055431, "stop_id": ["8581322.link:1498881", "8581322.link:1498882"], "lines": [{"line_id": "96-363-0-j24-1", "route_id": "302.TA.96-363-0-j24-1.39.R", "mode": "bus", "line_name": "311"}, {"line_id": "96-363-0-j24-1", "route_id": "225.TA.96-363-0-j24-1.29.R", "mode": "bus", "line_name": "311"}, {"line_id": "96-363-0-j24-1", "route_id": "300.TA.96-363-0-j24-1.38.R", "mode": "bus", "line_name": "311"}, {"line_id": "96-363-0-j24-1", "route_id": "226.TA.96-363-0-j24-1.29.R", "mode": "bus", "line_name": "311"}, {"line_id": "96-363-0-j24-1", "route_id": "213.TA.96-363-0-j24-1.27.R", "mode": "bus", "line_name": "311"}, {"line_id": "96-363-0-j24-1", "route_id": "201.TA.96-363-0-j24-1.25.R", "mode": "bus", "line_name": "311"}, {"line_id": "96-363-0-j24-1", "route_id": "150.TA.96-363-0-j24-1.8.H", "mode": "bus", "line_name": "311"}, {"line_id": "96-363-0-j24-1", "route_id": "86.TA.96-363-0-j24-1.5.H", "mode": "bus", "line_name": "311"}, {"line_id": "96-363-0-j24-1", "route_id": "62.TA.96-363-0-j24-1.3.H", "mode": "bus", "line_name": "311"}], "predominant_mode": "bus", "assigned_canton": "Nidwalden", "modes_list": ["bus"]}, "geometry": {"type": "Point", "coordinates": [8.404934816707312, 46.97043721560296]}}, {"id": "4428", "type": "Feature", "properties": {"name": "Buochs, Hotel Postillon", "lon": 8.44221489843375, "lat": 46.97280942495796, "stop_id": ["8508729.link:905789", "8508729.link:905790"], "lines": [{"line_id": "96-363-0-j24-1", "route_id": "62.TA.96-363-0-j24-1.3.H", "mode": "bus", "line_name": "311"}, {"line_id": "96-363-0-j24-1", "route_id": "154.TA.96-363-0-j24-1.9.H", "mode": "bus", "line_name": "311"}, {"line_id": "96-363-0-j24-1", "route_id": "122.TA.96-363-0-j24-1.6.H", "mode": "bus", "line_name": "311"}, {"line_id": "96-363-0-j24-1", "route_id": "150.TA.96-363-0-j24-1.8.H", "mode": "bus", "line_name": "311"}, {"line_id": "96-363-0-j24-1", "route_id": "138.TA.96-363-0-j24-1.7.H", "mode": "bus", "line_name": "311"}, {"line_id": "96-363-0-j24-1", "route_id": "86.TA.96-363-0-j24-1.5.H", "mode": "bus", "line_name": "311"}, {"line_id": "96-358-9-j24-1", "route_id": "3.TA.96-358-9-j24-1.1.H", "mode": "bus", "line_name": "N44"}, {"line_id": "96-363-0-j24-1", "route_id": "294.TA.96-363-0-j24-1.36.R", "mode": "bus", "line_name": "311"}, {"line_id": "96-363-0-j24-1", "route_id": "302.TA.96-363-0-j24-1.39.R", "mode": "bus", "line_name": "311"}, {"line_id": "96-363-0-j24-1", "route_id": "263.TA.96-363-0-j24-1.31.R", "mode": "bus", "line_name": "311"}, {"line_id": "96-363-0-j24-1", "route_id": "266.TA.96-363-0-j24-1.32.R", "mode": "bus", "line_name": "311"}, {"line_id": "96-363-0-j24-1", "route_id": "238.TA.96-363-0-j24-1.30.R", "mode": "bus", "line_name": "311"}, {"line_id": "96-363-0-j24-1", "route_id": "213.TA.96-363-0-j24-1.27.R", "mode": "bus", "line_name": "311"}, {"line_id": "96-363-0-j24-1", "route_id": "314.TA.96-363-0-j24-1.41.R", "mode": "bus", "line_name": "311"}, {"line_id": "96-363-0-j24-1", "route_id": "225.TA.96-363-0-j24-1.29.R", "mode": "bus", "line_name": "311"}, {"line_id": "96-363-0-j24-1", "route_id": "289.TA.96-363-0-j24-1.35.R", "mode": "bus", "line_name": "311"}, {"line_id": "96-363-0-j24-1", "route_id": "300.TA.96-363-0-j24-1.38.R", "mode": "bus", "line_name": "311"}, {"line_id": "96-363-0-j24-1", "route_id": "226.TA.96-363-0-j24-1.29.R", "mode": "bus", "line_name": "311"}, {"line_id": "96-363-0-j24-1", "route_id": "321.TA.96-363-0-j24-1.42.R", "mode": "bus", "line_name": "311"}, {"line_id": "96-363-0-j24-1", "route_id": "268.TA.96-363-0-j24-1.33.R", "mode": "bus", "line_name": "311"}, {"line_id": "96-363-0-j24-1", "route_id": "272.TA.96-363-0-j24-1.34.R", "mode": "bus", "line_name": "311"}, {"line_id": "96-363-0-j24-1", "route_id": "313.TA.96-363-0-j24-1.40.R", "mode": "bus", "line_name": "311"}, {"line_id": "96-358-9-j24-1", "route_id": "5.TA.96-358-9-j24-1.3.R", "mode": "bus", "line_name": "N44"}, {"line_id": "96-363-0-j24-1", "route_id": "201.TA.96-363-0-j24-1.25.R", "mode": "bus", "line_name": "311"}], "predominant_mode": "bus", "assigned_canton": "Nidwalden", "modes_list": ["bus"]}, "geometry": {"type": "Point", "coordinates": [8.442214906847786, 46.9728094350083]}}, {"id": "4429", "type": "Feature", "properties": {"name": "Buochs, Linden", "lon": 8.43227952846613, "lat": 46.97401694511408, "stop_id": ["8572945.link:313086", "8572945.link:313087"], "lines": [{"line_id": "96-363-0-j24-1", "route_id": "62.TA.96-363-0-j24-1.3.H", "mode": "bus", "line_name": "311"}, {"line_id": "96-363-0-j24-1", "route_id": "154.TA.96-363-0-j24-1.9.H", "mode": "bus", "line_name": "311"}, {"line_id": "96-363-0-j24-1", "route_id": "122.TA.96-363-0-j24-1.6.H", "mode": "bus", "line_name": "311"}, {"line_id": "96-363-0-j24-1", "route_id": "150.TA.96-363-0-j24-1.8.H", "mode": "bus", "line_name": "311"}, {"line_id": "96-363-0-j24-1", "route_id": "138.TA.96-363-0-j24-1.7.H", "mode": "bus", "line_name": "311"}, {"line_id": "96-363-0-j24-1", "route_id": "86.TA.96-363-0-j24-1.5.H", "mode": "bus", "line_name": "311"}, {"line_id": "96-358-9-j24-1", "route_id": "3.TA.96-358-9-j24-1.1.H", "mode": "bus", "line_name": "N44"}, {"line_id": "96-363-0-j24-1", "route_id": "294.TA.96-363-0-j24-1.36.R", "mode": "bus", "line_name": "311"}, {"line_id": "96-363-0-j24-1", "route_id": "302.TA.96-363-0-j24-1.39.R", "mode": "bus", "line_name": "311"}, {"line_id": "96-363-0-j24-1", "route_id": "263.TA.96-363-0-j24-1.31.R", "mode": "bus", "line_name": "311"}, {"line_id": "96-363-0-j24-1", "route_id": "266.TA.96-363-0-j24-1.32.R", "mode": "bus", "line_name": "311"}, {"line_id": "96-363-0-j24-1", "route_id": "238.TA.96-363-0-j24-1.30.R", "mode": "bus", "line_name": "311"}, {"line_id": "96-363-0-j24-1", "route_id": "213.TA.96-363-0-j24-1.27.R", "mode": "bus", "line_name": "311"}, {"line_id": "96-363-0-j24-1", "route_id": "314.TA.96-363-0-j24-1.41.R", "mode": "bus", "line_name": "311"}, {"line_id": "96-363-0-j24-1", "route_id": "225.TA.96-363-0-j24-1.29.R", "mode": "bus", "line_name": "311"}, {"line_id": "96-363-0-j24-1", "route_id": "289.TA.96-363-0-j24-1.35.R", "mode": "bus", "line_name": "311"}, {"line_id": "96-363-0-j24-1", "route_id": "300.TA.96-363-0-j24-1.38.R", "mode": "bus", "line_name": "311"}, {"line_id": "96-363-0-j24-1", "route_id": "226.TA.96-363-0-j24-1.29.R", "mode": "bus", "line_name": "311"}, {"line_id": "96-363-0-j24-1", "route_id": "321.TA.96-363-0-j24-1.42.R", "mode": "bus", "line_name": "311"}, {"line_id": "96-363-0-j24-1", "route_id": "268.TA.96-363-0-j24-1.33.R", "mode": "bus", "line_name": "311"}, {"line_id": "96-363-0-j24-1", "route_id": "272.TA.96-363-0-j24-1.34.R", "mode": "bus", "line_name": "311"}, {"line_id": "96-363-0-j24-1", "route_id": "313.TA.96-363-0-j24-1.40.R", "mode": "bus", "line_name": "311"}, {"line_id": "96-358-9-j24-1", "route_id": "5.TA.96-358-9-j24-1.3.R", "mode": "bus", "line_name": "N44"}, {"line_id": "96-363-0-j24-1", "route_id": "201.TA.96-363-0-j24-1.25.R", "mode": "bus", "line_name": "311"}], "predominant_mode": "bus", "assigned_canton": "Nidwalden", "modes_list": ["bus"]}, "geometry": {"type": "Point", "coordinates": [8.432279536869936, 46.97401695516766]}}, {"id": "4430", "type": "Feature", "properties": {"name": "Buochs, Post", "lon": 8.422317208453615, "lat": 46.97385144527057, "stop_id": ["8508798.link:1523202", "8508798.link:1523203"], "lines": [{"line_id": "96-363-0-j24-1", "route_id": "62.TA.96-363-0-j24-1.3.H", "mode": "bus", "line_name": "311"}, {"line_id": "96-363-3-j24-1", "route_id": "6.TA.96-363-3-j24-1.1.H", "mode": "bus", "line_name": "310"}, {"line_id": "96-363-0-j24-1", "route_id": "154.TA.96-363-0-j24-1.9.H", "mode": "bus", "line_name": "311"}, {"line_id": "96-363-0-j24-1", "route_id": "122.TA.96-363-0-j24-1.6.H", "mode": "bus", "line_name": "311"}, {"line_id": "96-363-0-j24-1", "route_id": "150.TA.96-363-0-j24-1.8.H", "mode": "bus", "line_name": "311"}, {"line_id": "96-363-0-j24-1", "route_id": "138.TA.96-363-0-j24-1.7.H", "mode": "bus", "line_name": "311"}, {"line_id": "96-363-3-j24-1", "route_id": "2.TA.96-363-3-j24-1.1.H", "mode": "bus", "line_name": "310"}, {"line_id": "96-363-0-j24-1", "route_id": "86.TA.96-363-0-j24-1.5.H", "mode": "bus", "line_name": "311"}, {"line_id": "96-358-9-j24-1", "route_id": "3.TA.96-358-9-j24-1.1.H", "mode": "bus", "line_name": "N44"}, {"line_id": "96-363-0-j24-1", "route_id": "266.TA.96-363-0-j24-1.32.R", "mode": "bus", "line_name": "311"}, {"line_id": "96-363-0-j24-1", "route_id": "289.TA.96-363-0-j24-1.35.R", "mode": "bus", "line_name": "311"}, {"line_id": "96-363-0-j24-1", "route_id": "272.TA.96-363-0-j24-1.34.R", "mode": "bus", "line_name": "311"}, {"line_id": "96-358-9-j24-1", "route_id": "5.TA.96-358-9-j24-1.3.R", "mode": "bus", "line_name": "N44"}, {"line_id": "96-363-0-j24-1", "route_id": "225.TA.96-363-0-j24-1.29.R", "mode": "bus", "line_name": "311"}, {"line_id": "96-363-3-j24-1", "route_id": "15.TA.96-363-3-j24-1.5.R", "mode": "bus", "line_name": "310"}, {"line_id": "96-363-3-j24-1", "route_id": "17.TA.96-363-3-j24-1.5.R", "mode": "bus", "line_name": "310"}, {"line_id": "96-363-0-j24-1", "route_id": "294.TA.96-363-0-j24-1.36.R", "mode": "bus", "line_name": "311"}, {"line_id": "96-363-0-j24-1", "route_id": "238.TA.96-363-0-j24-1.30.R", "mode": "bus", "line_name": "311"}, {"line_id": "96-363-0-j24-1", "route_id": "314.TA.96-363-0-j24-1.41.R", "mode": "bus", "line_name": "311"}, {"line_id": "96-363-0-j24-1", "route_id": "300.TA.96-363-0-j24-1.38.R", "mode": "bus", "line_name": "311"}, {"line_id": "96-363-0-j24-1", "route_id": "321.TA.96-363-0-j24-1.42.R", "mode": "bus", "line_name": "311"}, {"line_id": "96-363-0-j24-1", "route_id": "268.TA.96-363-0-j24-1.33.R", "mode": "bus", "line_name": "311"}, {"line_id": "96-363-0-j24-1", "route_id": "313.TA.96-363-0-j24-1.40.R", "mode": "bus", "line_name": "311"}, {"line_id": "96-363-3-j24-1", "route_id": "19.TA.96-363-3-j24-1.5.R", "mode": "bus", "line_name": "310"}, {"line_id": "96-363-0-j24-1", "route_id": "201.TA.96-363-0-j24-1.25.R", "mode": "bus", "line_name": "311"}, {"line_id": "96-363-0-j24-1", "route_id": "302.TA.96-363-0-j24-1.39.R", "mode": "bus", "line_name": "311"}, {"line_id": "96-363-0-j24-1", "route_id": "263.TA.96-363-0-j24-1.31.R", "mode": "bus", "line_name": "311"}, {"line_id": "96-363-0-j24-1", "route_id": "226.TA.96-363-0-j24-1.29.R", "mode": "bus", "line_name": "311"}, {"line_id": "96-363-0-j24-1", "route_id": "213.TA.96-363-0-j24-1.27.R", "mode": "bus", "line_name": "311"}], "predominant_mode": "bus", "assigned_canton": "Nidwalden", "modes_list": ["bus"]}, "geometry": {"type": "Point", "coordinates": [8.422317216847546, 46.97385145532686]}}, {"id": "4431", "type": "Feature", "properties": {"name": "Buochs, Sch\u00fcrmatt", "lon": 8.416037988436528, "lat": 46.97346528536909, "stop_id": ["8572944.link:1571218", "8572944.link:1571219"], "lines": [{"line_id": "96-363-0-j24-1", "route_id": "302.TA.96-363-0-j24-1.39.R", "mode": "bus", "line_name": "311"}, {"line_id": "96-363-0-j24-1", "route_id": "225.TA.96-363-0-j24-1.29.R", "mode": "bus", "line_name": "311"}, {"line_id": "96-363-0-j24-1", "route_id": "300.TA.96-363-0-j24-1.38.R", "mode": "bus", "line_name": "311"}, {"line_id": "96-363-0-j24-1", "route_id": "226.TA.96-363-0-j24-1.29.R", "mode": "bus", "line_name": "311"}, {"line_id": "96-363-0-j24-1", "route_id": "213.TA.96-363-0-j24-1.27.R", "mode": "bus", "line_name": "311"}, {"line_id": "96-363-0-j24-1", "route_id": "201.TA.96-363-0-j24-1.25.R", "mode": "bus", "line_name": "311"}, {"line_id": "96-363-0-j24-1", "route_id": "150.TA.96-363-0-j24-1.8.H", "mode": "bus", "line_name": "311"}, {"line_id": "96-363-0-j24-1", "route_id": "86.TA.96-363-0-j24-1.5.H", "mode": "bus", "line_name": "311"}, {"line_id": "96-363-0-j24-1", "route_id": "62.TA.96-363-0-j24-1.3.H", "mode": "bus", "line_name": "311"}], "predominant_mode": "bus", "assigned_canton": "Nidwalden", "modes_list": ["bus"]}, "geometry": {"type": "Point", "coordinates": [8.416037996824306, 46.97346529542701]}}, {"id": "4432", "type": "Feature", "properties": {"name": "Buochs, Unterfeld", "lon": 8.44743410840424, "lat": 46.97179189487594, "stop_id": ["8572946.link:131108", "8572946.link:131109"], "lines": [{"line_id": "96-363-0-j24-1", "route_id": "62.TA.96-363-0-j24-1.3.H", "mode": "bus", "line_name": "311"}, {"line_id": "96-363-0-j24-1", "route_id": "154.TA.96-363-0-j24-1.9.H", "mode": "bus", "line_name": "311"}, {"line_id": "96-363-0-j24-1", "route_id": "122.TA.96-363-0-j24-1.6.H", "mode": "bus", "line_name": "311"}, {"line_id": "96-363-0-j24-1", "route_id": "150.TA.96-363-0-j24-1.8.H", "mode": "bus", "line_name": "311"}, {"line_id": "96-363-0-j24-1", "route_id": "138.TA.96-363-0-j24-1.7.H", "mode": "bus", "line_name": "311"}, {"line_id": "96-363-0-j24-1", "route_id": "86.TA.96-363-0-j24-1.5.H", "mode": "bus", "line_name": "311"}, {"line_id": "96-358-9-j24-1", "route_id": "3.TA.96-358-9-j24-1.1.H", "mode": "bus", "line_name": "N44"}, {"line_id": "96-363-0-j24-1", "route_id": "294.TA.96-363-0-j24-1.36.R", "mode": "bus", "line_name": "311"}, {"line_id": "96-363-0-j24-1", "route_id": "302.TA.96-363-0-j24-1.39.R", "mode": "bus", "line_name": "311"}, {"line_id": "96-363-0-j24-1", "route_id": "263.TA.96-363-0-j24-1.31.R", "mode": "bus", "line_name": "311"}, {"line_id": "96-363-0-j24-1", "route_id": "266.TA.96-363-0-j24-1.32.R", "mode": "bus", "line_name": "311"}, {"line_id": "96-363-0-j24-1", "route_id": "238.TA.96-363-0-j24-1.30.R", "mode": "bus", "line_name": "311"}, {"line_id": "96-363-0-j24-1", "route_id": "213.TA.96-363-0-j24-1.27.R", "mode": "bus", "line_name": "311"}, {"line_id": "96-363-0-j24-1", "route_id": "314.TA.96-363-0-j24-1.41.R", "mode": "bus", "line_name": "311"}, {"line_id": "96-363-0-j24-1", "route_id": "225.TA.96-363-0-j24-1.29.R", "mode": "bus", "line_name": "311"}, {"line_id": "96-363-0-j24-1", "route_id": "289.TA.96-363-0-j24-1.35.R", "mode": "bus", "line_name": "311"}, {"line_id": "96-363-0-j24-1", "route_id": "300.TA.96-363-0-j24-1.38.R", "mode": "bus", "line_name": "311"}, {"line_id": "96-363-0-j24-1", "route_id": "226.TA.96-363-0-j24-1.29.R", "mode": "bus", "line_name": "311"}, {"line_id": "96-363-0-j24-1", "route_id": "321.TA.96-363-0-j24-1.42.R", "mode": "bus", "line_name": "311"}, {"line_id": "96-363-0-j24-1", "route_id": "268.TA.96-363-0-j24-1.33.R", "mode": "bus", "line_name": "311"}, {"line_id": "96-363-0-j24-1", "route_id": "272.TA.96-363-0-j24-1.34.R", "mode": "bus", "line_name": "311"}, {"line_id": "96-363-0-j24-1", "route_id": "313.TA.96-363-0-j24-1.40.R", "mode": "bus", "line_name": "311"}, {"line_id": "96-358-9-j24-1", "route_id": "5.TA.96-358-9-j24-1.3.R", "mode": "bus", "line_name": "N44"}, {"line_id": "96-363-0-j24-1", "route_id": "201.TA.96-363-0-j24-1.25.R", "mode": "bus", "line_name": "311"}], "predominant_mode": "bus", "assigned_canton": "Nidwalden", "modes_list": ["bus"]}, "geometry": {"type": "Point", "coordinates": [8.447434116823764, 46.971791904924395]}}, {"id": "4791", "type": "Feature", "properties": {"name": "B\u00fcren NW, Kirchenplatz", "lon": 8.39711048733789, "lat": 46.94019607566276, "stop_id": ["8581505.link:1409429", "8581505.link:1409430"], "lines": [{"line_id": "96-363-7-j24-1", "route_id": "1.TA.96-363-7-j24-1.1.H", "mode": "bus", "line_name": "324"}, {"line_id": "96-363-7-j24-1", "route_id": "44.TA.96-363-7-j24-1.6.H", "mode": "bus", "line_name": "324"}, {"line_id": "96-363-7-j24-1", "route_id": "85.TA.96-363-7-j24-1.5.R", "mode": "bus", "line_name": "324"}, {"line_id": "96-363-7-j24-1", "route_id": "103.TA.96-363-7-j24-1.9.R", "mode": "bus", "line_name": "324"}, {"line_id": "96-363-7-j24-1", "route_id": "49.TA.96-363-7-j24-1.3.R", "mode": "bus", "line_name": "324"}, {"line_id": "96-363-7-j24-1", "route_id": "52.TA.96-363-7-j24-1.7.R", "mode": "bus", "line_name": "324"}, {"line_id": "96-363-7-j24-1", "route_id": "77.TA.96-363-7-j24-1.5.R", "mode": "bus", "line_name": "324"}, {"line_id": "96-363-7-j24-1", "route_id": "87.TA.96-363-7-j24-1.9.R", "mode": "bus", "line_name": "324"}, {"line_id": "96-363-7-j24-1", "route_id": "60.TA.96-363-7-j24-1.8.R", "mode": "bus", "line_name": "324"}], "predominant_mode": "bus", "assigned_canton": "Nidwalden", "modes_list": ["bus"]}, "geometry": {"type": "Point", "coordinates": [8.397110495716198, 46.940196085713175]}}, {"id": "4792", "type": "Feature", "properties": {"name": "B\u00fcren NW, M\u00fchleplatz", "lon": 8.39673318727584, "lat": 46.938300835668535, "stop_id": ["8581522.link:1108100", "8581522.link:1108101"], "lines": [{"line_id": "96-363-7-j24-1", "route_id": "1.TA.96-363-7-j24-1.1.H", "mode": "bus", "line_name": "324"}, {"line_id": "96-363-7-j24-1", "route_id": "44.TA.96-363-7-j24-1.6.H", "mode": "bus", "line_name": "324"}, {"line_id": "96-363-7-j24-1", "route_id": "85.TA.96-363-7-j24-1.5.R", "mode": "bus", "line_name": "324"}, {"line_id": "96-363-7-j24-1", "route_id": "103.TA.96-363-7-j24-1.9.R", "mode": "bus", "line_name": "324"}, {"line_id": "96-363-7-j24-1", "route_id": "49.TA.96-363-7-j24-1.3.R", "mode": "bus", "line_name": "324"}, {"line_id": "96-363-7-j24-1", "route_id": "52.TA.96-363-7-j24-1.7.R", "mode": "bus", "line_name": "324"}, {"line_id": "96-363-7-j24-1", "route_id": "77.TA.96-363-7-j24-1.5.R", "mode": "bus", "line_name": "324"}, {"line_id": "96-363-7-j24-1", "route_id": "87.TA.96-363-7-j24-1.9.R", "mode": "bus", "line_name": "324"}, {"line_id": "96-363-7-j24-1", "route_id": "60.TA.96-363-7-j24-1.8.R", "mode": "bus", "line_name": "324"}], "predominant_mode": "bus", "assigned_canton": "Nidwalden", "modes_list": ["bus"]}, "geometry": {"type": "Point", "coordinates": [8.396733195654306, 46.93830084571831]}}, {"id": "4810", "type": "Feature", "properties": {"name": "B\u00fcrgenstock Resort", "lon": 8.378677059172974, "lat": 46.99685048595791, "stop_id": ["8508491.link:630527", "8508491.link:630528"], "lines": [{"line_id": "93-84-Y-j24-1", "route_id": "49.TA.93-84-Y-j24-1.2.R", "mode": "funicular", "line_name": "FUN"}, {"line_id": "93-84-Y-j24-1", "route_id": "3.TA.93-84-Y-j24-1.1.H", "mode": "funicular", "line_name": "FUN"}], "predominant_mode": "funicular", "assigned_canton": "Nidwalden", "modes_list": ["funicular"]}, "geometry": {"type": "Point", "coordinates": [8.378677067516815, 46.99685049603514]}}, {"id": "4811", "type": "Feature", "properties": {"name": "B\u00fcrgenstock, Ost", "lon": 8.386761899174674, "lat": 46.99672182583098, "stop_id": ["8579228.link:198365"], "lines": [{"line_id": "96-363-1-j24-1", "route_id": "28.TA.96-363-1-j24-1.1.H", "mode": "bus", "line_name": "321"}, {"line_id": "96-363-1-j24-1", "route_id": "35.TA.96-363-1-j24-1.2.H", "mode": "bus", "line_name": "321"}, {"line_id": "96-363-1-j24-1", "route_id": "48.TA.96-363-1-j24-1.2.H", "mode": "bus", "line_name": "321"}], "predominant_mode": "bus", "assigned_canton": "Nidwalden", "modes_list": ["bus"]}, "geometry": {"type": "Point", "coordinates": [8.386761907526626, 46.99672183590591]}}, {"id": "4812", "type": "Feature", "properties": {"name": "B\u00fcrgenstock, Residenzen", "lon": 8.374347179109611, "lat": 46.99500626602574, "stop_id": ["8557029.link:1308995"], "lines": [{"line_id": "96-363-1-j24-1", "route_id": "28.TA.96-363-1-j24-1.1.H", "mode": "bus", "line_name": "321"}, {"line_id": "96-363-1-j24-1", "route_id": "35.TA.96-363-1-j24-1.2.H", "mode": "bus", "line_name": "321"}, {"line_id": "96-363-1-j24-1", "route_id": "84.TA.96-363-1-j24-1.3.R", "mode": "bus", "line_name": "321"}, {"line_id": "96-363-1-j24-1", "route_id": "48.TA.96-363-1-j24-1.2.H", "mode": "bus", "line_name": "321"}, {"line_id": "96-363-1-j24-1", "route_id": "73.TA.96-363-1-j24-1.3.R", "mode": "bus", "line_name": "321"}, {"line_id": "96-363-1-j24-1", "route_id": "95.TA.96-363-1-j24-1.3.R", "mode": "bus", "line_name": "321"}], "predominant_mode": "bus", "assigned_canton": "Nidwalden", "modes_list": ["bus"]}, "geometry": {"type": "Point", "coordinates": [8.374347187449645, 46.99500627610347]}}, {"id": "4813", "type": "Feature", "properties": {"name": "B\u00fcrgenstock, Waldhotel", "lon": 8.384659839163911, "lat": 46.996439985863944, "stop_id": ["8557030.link:198367"], "lines": [{"line_id": "96-363-1-j24-1", "route_id": "28.TA.96-363-1-j24-1.1.H", "mode": "bus", "line_name": "321"}, {"line_id": "96-363-1-j24-1", "route_id": "35.TA.96-363-1-j24-1.2.H", "mode": "bus", "line_name": "321"}, {"line_id": "96-363-1-j24-1", "route_id": "48.TA.96-363-1-j24-1.2.H", "mode": "bus", "line_name": "321"}], "predominant_mode": "bus", "assigned_canton": "Nidwalden", "modes_list": ["bus"]}, "geometry": {"type": "Point", "coordinates": [8.384659847513845, 46.99643999593938]}}, {"id": "4814", "type": "Feature", "properties": {"name": "B\u00fcrgenstock, Zentrum", "lon": 8.38103962916891, "lat": 46.99667280592081, "stop_id": ["8557028.link:374566"], "lines": [{"line_id": "96-363-1-j24-1", "route_id": "28.TA.96-363-1-j24-1.1.H", "mode": "bus", "line_name": "321"}, {"line_id": "96-363-1-j24-1", "route_id": "35.TA.96-363-1-j24-1.2.H", "mode": "bus", "line_name": "321"}, {"line_id": "96-363-1-j24-1", "route_id": "48.TA.96-363-1-j24-1.2.H", "mode": "bus", "line_name": "321"}], "predominant_mode": "bus", "assigned_canton": "Nidwalden", "modes_list": ["bus"]}, "geometry": {"type": "Point", "coordinates": [8.38103963751516, 46.99667281599733]}}, {"id": "5553", "type": "Feature", "properties": {"name": "Chr\u00fczh\u00fctte", "lon": 8.43535176513982, "lat": 46.87182695505426, "stop_id": ["8530375.link:pt_8530375"], "lines": [{"line_id": "93-87-Y-j24-1", "route_id": "23.TA.93-87-Y-j24-1.1.H", "mode": "cable car", "line_name": "PB"}, {"line_id": "93-87-Y-j24-1", "route_id": "44.TA.93-87-Y-j24-1.2.R", "mode": "cable car", "line_name": "PB"}], "predominant_mode": "cable car", "assigned_canton": "Nidwalden", "modes_list": ["cable car"]}, "geometry": {"type": "Point", "coordinates": [8.435351773575588, 46.871826965067214]}}, {"id": "6476", "type": "Feature", "properties": {"name": "Dallenwil", "lon": 8.392088902126972, "lat": 46.93383541074094, "stop_id": ["8508392:0:1.link:1489874", "8508392:0:1.link:1489875", "8508392:0:2.link:1396694", "8508392:0:2.link:1396695"], "lines": [{"line_id": "91-1J-Y-j24-1", "route_id": "168.TA.91-1J-Y-j24-1.14.R", "mode": "rail", "line_name": "IR"}, {"line_id": "91-4-D-j24-1", "route_id": "132.TA.91-4-D-j24-1.9.H", "mode": "rail", "line_name": "S4"}, {"line_id": "91-4-D-j24-1", "route_id": "166.TA.91-4-D-j24-1.12.H", "mode": "rail", "line_name": "S4"}, {"line_id": "91-1J-Y-j24-1", "route_id": "151.TA.91-1J-Y-j24-1.13.R", "mode": "rail", "line_name": "IR"}, {"line_id": "91-4-D-j24-1", "route_id": "121.TA.91-4-D-j24-1.8.H", "mode": "rail", "line_name": "S4"}, {"line_id": "91-1J-Y-j24-1", "route_id": "193.TA.91-1J-Y-j24-1.16.R", "mode": "rail", "line_name": "IR"}, {"line_id": "91-4-D-j24-1", "route_id": "144.TA.91-4-D-j24-1.9.H", "mode": "rail", "line_name": "S4"}, {"line_id": "91-44-A-j24-1", "route_id": "25.TA.91-44-A-j24-1.5.H", "mode": "rail", "line_name": "S44"}, {"line_id": "91-1J-Y-j24-1", "route_id": "181.TA.91-1J-Y-j24-1.15.R", "mode": "rail", "line_name": "IR"}, {"line_id": "91-4-D-j24-1", "route_id": "409.TA.91-4-D-j24-1.33.R", "mode": "rail", "line_name": "S4"}, {"line_id": "91-4-D-j24-1", "route_id": "389.TA.91-4-D-j24-1.32.R", "mode": "rail", "line_name": "S4"}, {"line_id": "91-4-D-j24-1", "route_id": "411.TA.91-4-D-j24-1.53.R", "mode": "rail", "line_name": "S4"}, {"line_id": "91-4-D-j24-1", "route_id": "376.TA.91-4-D-j24-1.30.R", "mode": "rail", "line_name": "S4"}, {"line_id": "91-4-D-j24-1", "route_id": "344.TA.91-4-D-j24-1.27.R", "mode": "rail", "line_name": "S4"}, {"line_id": "91-4-D-j24-1", "route_id": "351.TA.91-4-D-j24-1.27.R", "mode": "rail", "line_name": "S4"}, {"line_id": "91-4-D-j24-1", "route_id": "330.TA.91-4-D-j24-1.27.R", "mode": "rail", "line_name": "S4"}, {"line_id": "91-4-D-j24-1", "route_id": "319.TA.91-4-D-j24-1.24.R", "mode": "rail", "line_name": "S4"}, {"line_id": "91-1J-Y-j24-1", "route_id": "82.TA.91-1J-Y-j24-1.7.H", "mode": "rail", "line_name": "IR"}, {"line_id": "91-1J-Y-j24-1", "route_id": "104.TA.91-1J-Y-j24-1.45.H", "mode": "rail", "line_name": "IR"}, {"line_id": "91-1J-Y-j24-1", "route_id": "109.TA.91-1J-Y-j24-1.9.H", "mode": "rail", "line_name": "IR"}, {"line_id": "91-1J-Y-j24-1", "route_id": "57.TA.91-1J-Y-j24-1.4.H", "mode": "rail", "line_name": "IR"}, {"line_id": "91-1J-Y-j24-1", "route_id": "51.TA.91-1J-Y-j24-1.23.H", "mode": "rail", "line_name": "IR"}, {"line_id": "91-1J-Y-j24-1", "route_id": "78.TA.91-1J-Y-j24-1.6.H", "mode": "rail", "line_name": "IR"}, {"line_id": "91-4-D-j24-1", "route_id": "115.TA.91-4-D-j24-1.5.H", "mode": "rail", "line_name": "S4"}], "predominant_mode": "rail", "assigned_canton": "Nidwalden", "modes_list": ["rail"]}, "geometry": {"type": "Point", "coordinates": [8.39208891050205, 46.933835420790274]}}, {"id": "6477", "type": "Feature", "properties": {"name": "Dallenwil (Wirzwelibahn)", "lon": 8.38696850684182, "lat": 46.92519793582037, "stop_id": ["8508552.link:pt_8508552"], "lines": [{"line_id": "93-R-Y-j24-1", "route_id": "92.TA.93-R-Y-j24-1.2.R", "mode": "cable car", "line_name": "PB"}, {"line_id": "93-R-Y-j24-1", "route_id": "8.TA.93-R-Y-j24-1.1.H", "mode": "cable car", "line_name": "PB"}], "predominant_mode": "cable car", "assigned_canton": "Nidwalden", "modes_list": ["cable car"]}, "geometry": {"type": "Point", "coordinates": [8.386968515214203, 46.92519794586777]}}, {"id": "7793", "type": "Feature", "properties": {"name": "Emmetten (Niederbauenbahn)", "lon": 8.519011867934871, "lat": 46.955882883750256, "stop_id": ["8530385.link:pt_8530385"], "lines": [{"line_id": "93-7A-Y-j24-1", "route_id": "31.TA.93-7A-Y-j24-1.1.H", "mode": "cable car", "line_name": "PB"}, {"line_id": "93-7A-Y-j24-1", "route_id": "101.TA.93-7A-Y-j24-1.2.R", "mode": "cable car", "line_name": "PB"}], "predominant_mode": "cable car", "assigned_canton": "Nidwalden", "modes_list": ["cable car"]}, "geometry": {"type": "Point", "coordinates": [8.519011876429989, 46.95588289377243]}}, {"id": "7794", "type": "Feature", "properties": {"name": "Emmetten (Talstation)", "lon": 8.513684857937843, "lat": 46.956085223833945, "stop_id": ["8530682.link:pt_8530682"], "lines": [{"line_id": "93-255-7-j24-1", "route_id": "2117.TA.93-255-7-j24-1.2.R", "mode": "cable car", "line_name": "2557"}, {"line_id": "93-255-7-j24-1", "route_id": "1493.TA.93-255-7-j24-1.1.H", "mode": "cable car", "line_name": "2557"}], "predominant_mode": "cable car", "assigned_canton": "Nidwalden", "modes_list": ["cable car"]}, "geometry": {"type": "Point", "coordinates": [8.513684866427631, 46.95608523385774]}}, {"id": "7795", "type": "Feature", "properties": {"name": "Emmetten, Hattig", "lon": 8.535630698029484, "lat": 46.95843967348953, "stop_id": ["8572951.link:1572133", "8572951.link:1572134"], "lines": [{"line_id": "96-363-0-j24-1", "route_id": "150.TA.96-363-0-j24-1.8.H", "mode": "bus", "line_name": "311"}, {"line_id": "96-363-0-j24-1", "route_id": "154.TA.96-363-0-j24-1.9.H", "mode": "bus", "line_name": "311"}, {"line_id": "96-363-0-j24-1", "route_id": "73.TA.96-363-0-j24-1.4.H", "mode": "bus", "line_name": "311"}, {"line_id": "96-363-0-j24-1", "route_id": "58.TA.96-363-0-j24-1.2.H", "mode": "bus", "line_name": "311"}, {"line_id": "96-363-0-j24-1", "route_id": "206.TA.96-363-0-j24-1.13.R", "mode": "bus", "line_name": "311"}, {"line_id": "96-363-0-j24-1", "route_id": "302.TA.96-363-0-j24-1.39.R", "mode": "bus", "line_name": "311"}, {"line_id": "96-363-0-j24-1", "route_id": "314.TA.96-363-0-j24-1.41.R", "mode": "bus", "line_name": "311"}, {"line_id": "96-363-0-j24-1", "route_id": "300.TA.96-363-0-j24-1.38.R", "mode": "bus", "line_name": "311"}, {"line_id": "96-363-0-j24-1", "route_id": "321.TA.96-363-0-j24-1.42.R", "mode": "bus", "line_name": "311"}, {"line_id": "96-363-0-j24-1", "route_id": "313.TA.96-363-0-j24-1.40.R", "mode": "bus", "line_name": "311"}, {"line_id": "96-363-0-j24-1", "route_id": "197.TA.96-363-0-j24-1.11.R", "mode": "bus", "line_name": "311"}], "predominant_mode": "bus", "assigned_canton": "Nidwalden", "modes_list": ["bus"]}, "geometry": {"type": "Point", "coordinates": [8.535630706540307, 46.95843968350801]}}, {"id": "7796", "type": "Feature", "properties": {"name": "Emmetten, March", "lon": 8.549554588055027, "lat": 46.95893630327091, "stop_id": ["8572952.link:1572149", "8572952.link:1572150"], "lines": [{"line_id": "96-363-0-j24-1", "route_id": "150.TA.96-363-0-j24-1.8.H", "mode": "bus", "line_name": "311"}, {"line_id": "96-363-0-j24-1", "route_id": "154.TA.96-363-0-j24-1.9.H", "mode": "bus", "line_name": "311"}, {"line_id": "96-363-0-j24-1", "route_id": "73.TA.96-363-0-j24-1.4.H", "mode": "bus", "line_name": "311"}, {"line_id": "96-363-0-j24-1", "route_id": "58.TA.96-363-0-j24-1.2.H", "mode": "bus", "line_name": "311"}, {"line_id": "96-363-0-j24-1", "route_id": "206.TA.96-363-0-j24-1.13.R", "mode": "bus", "line_name": "311"}, {"line_id": "96-363-0-j24-1", "route_id": "302.TA.96-363-0-j24-1.39.R", "mode": "bus", "line_name": "311"}, {"line_id": "96-363-0-j24-1", "route_id": "314.TA.96-363-0-j24-1.41.R", "mode": "bus", "line_name": "311"}, {"line_id": "96-363-0-j24-1", "route_id": "300.TA.96-363-0-j24-1.38.R", "mode": "bus", "line_name": "311"}, {"line_id": "96-363-0-j24-1", "route_id": "321.TA.96-363-0-j24-1.42.R", "mode": "bus", "line_name": "311"}, {"line_id": "96-363-0-j24-1", "route_id": "313.TA.96-363-0-j24-1.40.R", "mode": "bus", "line_name": "311"}, {"line_id": "96-363-0-j24-1", "route_id": "197.TA.96-363-0-j24-1.11.R", "mode": "bus", "line_name": "311"}], "predominant_mode": "bus", "assigned_canton": "Nidwalden", "modes_list": ["bus"]}, "geometry": {"type": "Point", "coordinates": [8.54955459657947, 46.95893631328559]}}, {"id": "7797", "type": "Feature", "properties": {"name": "Emmetten, Post", "lon": 8.515445557950457, "lat": 46.95643471380637, "stop_id": ["8508755.link:1741100", "8508755.link:202443", "8508755.link:2781", "8508755.link:2782", "8508755.link:2839", "8508755.link:2840"], "lines": [{"line_id": "96-363-0-j24-1", "route_id": "294.TA.96-363-0-j24-1.36.R", "mode": "bus", "line_name": "311"}, {"line_id": "96-363-0-j24-1", "route_id": "289.TA.96-363-0-j24-1.35.R", "mode": "bus", "line_name": "311"}, {"line_id": "96-363-0-j24-1", "route_id": "225.TA.96-363-0-j24-1.29.R", "mode": "bus", "line_name": "311"}, {"line_id": "96-363-0-j24-1", "route_id": "226.TA.96-363-0-j24-1.29.R", "mode": "bus", "line_name": "311"}, {"line_id": "96-363-0-j24-1", "route_id": "213.TA.96-363-0-j24-1.27.R", "mode": "bus", "line_name": "311"}, {"line_id": "96-358-9-j24-1", "route_id": "5.TA.96-358-9-j24-1.3.R", "mode": "bus", "line_name": "N44"}, {"line_id": "96-363-0-j24-1", "route_id": "138.TA.96-363-0-j24-1.7.H", "mode": "bus", "line_name": "311"}, {"line_id": "96-363-0-j24-1", "route_id": "86.TA.96-363-0-j24-1.5.H", "mode": "bus", "line_name": "311"}, {"line_id": "96-358-9-j24-1", "route_id": "3.TA.96-358-9-j24-1.1.H", "mode": "bus", "line_name": "N44"}, {"line_id": "96-363-0-j24-1", "route_id": "58.TA.96-363-0-j24-1.2.H", "mode": "bus", "line_name": "311"}, {"line_id": "96-363-0-j24-1", "route_id": "197.TA.96-363-0-j24-1.11.R", "mode": "bus", "line_name": "311"}, {"line_id": "96-363-0-j24-1", "route_id": "150.TA.96-363-0-j24-1.8.H", "mode": "bus", "line_name": "311"}, {"line_id": "96-363-0-j24-1", "route_id": "154.TA.96-363-0-j24-1.9.H", "mode": "bus", "line_name": "311"}, {"line_id": "96-363-0-j24-1", "route_id": "73.TA.96-363-0-j24-1.4.H", "mode": "bus", "line_name": "311"}, {"line_id": "96-363-0-j24-1", "route_id": "206.TA.96-363-0-j24-1.13.R", "mode": "bus", "line_name": "311"}, {"line_id": "96-363-0-j24-1", "route_id": "302.TA.96-363-0-j24-1.39.R", "mode": "bus", "line_name": "311"}, {"line_id": "96-363-0-j24-1", "route_id": "314.TA.96-363-0-j24-1.41.R", "mode": "bus", "line_name": "311"}, {"line_id": "96-363-0-j24-1", "route_id": "300.TA.96-363-0-j24-1.38.R", "mode": "bus", "line_name": "311"}, {"line_id": "96-363-0-j24-1", "route_id": "321.TA.96-363-0-j24-1.42.R", "mode": "bus", "line_name": "311"}, {"line_id": "96-363-0-j24-1", "route_id": "313.TA.96-363-0-j24-1.40.R", "mode": "bus", "line_name": "311"}], "predominant_mode": "bus", "assigned_canton": "Nidwalden", "modes_list": ["bus"]}, "geometry": {"type": "Point", "coordinates": [8.515445566441889, 46.95643472382979]}}, {"id": "7798", "type": "Feature", "properties": {"name": "Emmetten, Sagendorf", "lon": 8.526198388021704, "lat": 46.95839675363768, "stop_id": ["8508735.link:1224134", "8508735.link:1224135"], "lines": [{"line_id": "96-363-0-j24-1", "route_id": "150.TA.96-363-0-j24-1.8.H", "mode": "bus", "line_name": "311"}, {"line_id": "96-363-0-j24-1", "route_id": "154.TA.96-363-0-j24-1.9.H", "mode": "bus", "line_name": "311"}, {"line_id": "96-363-0-j24-1", "route_id": "73.TA.96-363-0-j24-1.4.H", "mode": "bus", "line_name": "311"}, {"line_id": "96-363-0-j24-1", "route_id": "58.TA.96-363-0-j24-1.2.H", "mode": "bus", "line_name": "311"}, {"line_id": "96-363-0-j24-1", "route_id": "206.TA.96-363-0-j24-1.13.R", "mode": "bus", "line_name": "311"}, {"line_id": "96-363-0-j24-1", "route_id": "302.TA.96-363-0-j24-1.39.R", "mode": "bus", "line_name": "311"}, {"line_id": "96-363-0-j24-1", "route_id": "314.TA.96-363-0-j24-1.41.R", "mode": "bus", "line_name": "311"}, {"line_id": "96-363-0-j24-1", "route_id": "300.TA.96-363-0-j24-1.38.R", "mode": "bus", "line_name": "311"}, {"line_id": "96-363-0-j24-1", "route_id": "321.TA.96-363-0-j24-1.42.R", "mode": "bus", "line_name": "311"}, {"line_id": "96-363-0-j24-1", "route_id": "313.TA.96-363-0-j24-1.40.R", "mode": "bus", "line_name": "311"}, {"line_id": "96-363-0-j24-1", "route_id": "197.TA.96-363-0-j24-1.11.R", "mode": "bus", "line_name": "311"}], "predominant_mode": "bus", "assigned_canton": "Nidwalden", "modes_list": ["bus"]}, "geometry": {"type": "Point", "coordinates": [8.526198396523215, 46.9583967636588]}}, {"id": "7799", "type": "Feature", "properties": {"name": "Emmetten, Sch\u00f6neck", "lon": 8.505860538010873, "lat": 46.95848872395707, "stop_id": ["8572950.link:1041065", "8572950.link:1041066"], "lines": [{"line_id": "96-363-0-j24-1", "route_id": "73.TA.96-363-0-j24-1.4.H", "mode": "bus", "line_name": "311"}, {"line_id": "96-363-0-j24-1", "route_id": "154.TA.96-363-0-j24-1.9.H", "mode": "bus", "line_name": "311"}, {"line_id": "96-363-0-j24-1", "route_id": "150.TA.96-363-0-j24-1.8.H", "mode": "bus", "line_name": "311"}, {"line_id": "96-363-0-j24-1", "route_id": "138.TA.96-363-0-j24-1.7.H", "mode": "bus", "line_name": "311"}, {"line_id": "96-363-0-j24-1", "route_id": "86.TA.96-363-0-j24-1.5.H", "mode": "bus", "line_name": "311"}, {"line_id": "96-358-9-j24-1", "route_id": "3.TA.96-358-9-j24-1.1.H", "mode": "bus", "line_name": "N44"}, {"line_id": "96-363-0-j24-1", "route_id": "206.TA.96-363-0-j24-1.13.R", "mode": "bus", "line_name": "311"}, {"line_id": "96-363-0-j24-1", "route_id": "302.TA.96-363-0-j24-1.39.R", "mode": "bus", "line_name": "311"}, {"line_id": "96-363-0-j24-1", "route_id": "294.TA.96-363-0-j24-1.36.R", "mode": "bus", "line_name": "311"}, {"line_id": "96-363-0-j24-1", "route_id": "213.TA.96-363-0-j24-1.27.R", "mode": "bus", "line_name": "311"}, {"line_id": "96-363-0-j24-1", "route_id": "314.TA.96-363-0-j24-1.41.R", "mode": "bus", "line_name": "311"}, {"line_id": "96-363-0-j24-1", "route_id": "225.TA.96-363-0-j24-1.29.R", "mode": "bus", "line_name": "311"}, {"line_id": "96-363-0-j24-1", "route_id": "289.TA.96-363-0-j24-1.35.R", "mode": "bus", "line_name": "311"}, {"line_id": "96-363-0-j24-1", "route_id": "300.TA.96-363-0-j24-1.38.R", "mode": "bus", "line_name": "311"}, {"line_id": "96-363-0-j24-1", "route_id": "226.TA.96-363-0-j24-1.29.R", "mode": "bus", "line_name": "311"}, {"line_id": "96-363-0-j24-1", "route_id": "321.TA.96-363-0-j24-1.42.R", "mode": "bus", "line_name": "311"}, {"line_id": "96-363-0-j24-1", "route_id": "313.TA.96-363-0-j24-1.40.R", "mode": "bus", "line_name": "311"}, {"line_id": "96-358-9-j24-1", "route_id": "5.TA.96-358-9-j24-1.3.R", "mode": "bus", "line_name": "N44"}], "predominant_mode": "bus", "assigned_canton": "Nidwalden", "modes_list": ["bus"]}, "geometry": {"type": "Point", "coordinates": [8.505860546492219, 46.958488733984]}}, {"id": "7922", "type": "Feature", "properties": {"name": "Ennetb\u00fcrgen (See)", "lon": 8.421158388909678, "lat": 46.98784937529007, "stop_id": ["8508465.link:pt_8508465"], "lines": [{"line_id": "94-360-0-j24-1", "route_id": "35.TA.94-360-0-j24-1.20.H", "mode": "ferry", "line_name": "3600"}, {"line_id": "94-360-0-j24-1", "route_id": "90.TA.94-360-0-j24-1.41.R", "mode": "ferry", "line_name": "3600"}], "predominant_mode": "ferry", "assigned_canton": "Nidwalden", "modes_list": ["ferry"]}, "geometry": {"type": "Point", "coordinates": [8.421158397298457, 46.98784938535207]}}, {"id": "7923", "type": "Feature", "properties": {"name": "Ennetb\u00fcrgen, Dorf", "lon": 8.413648468809484, "lat": 46.9849446754077, "stop_id": ["8508799.link:1628845", "8508799.link:1628846"], "lines": [{"line_id": "96-363-0-j24-1", "route_id": "294.TA.96-363-0-j24-1.36.R", "mode": "bus", "line_name": "311"}, {"line_id": "96-363-0-j24-1", "route_id": "263.TA.96-363-0-j24-1.31.R", "mode": "bus", "line_name": "311"}, {"line_id": "96-363-0-j24-1", "route_id": "266.TA.96-363-0-j24-1.32.R", "mode": "bus", "line_name": "311"}, {"line_id": "96-363-0-j24-1", "route_id": "238.TA.96-363-0-j24-1.30.R", "mode": "bus", "line_name": "311"}, {"line_id": "96-363-0-j24-1", "route_id": "314.TA.96-363-0-j24-1.41.R", "mode": "bus", "line_name": "311"}, {"line_id": "96-363-3-j24-1", "route_id": "19.TA.96-363-3-j24-1.5.R", "mode": "bus", "line_name": "310"}, {"line_id": "96-363-0-j24-1", "route_id": "289.TA.96-363-0-j24-1.35.R", "mode": "bus", "line_name": "311"}, {"line_id": "96-363-0-j24-1", "route_id": "321.TA.96-363-0-j24-1.42.R", "mode": "bus", "line_name": "311"}, {"line_id": "96-363-3-j24-1", "route_id": "15.TA.96-363-3-j24-1.5.R", "mode": "bus", "line_name": "310"}, {"line_id": "96-363-0-j24-1", "route_id": "268.TA.96-363-0-j24-1.33.R", "mode": "bus", "line_name": "311"}, {"line_id": "96-363-0-j24-1", "route_id": "272.TA.96-363-0-j24-1.34.R", "mode": "bus", "line_name": "311"}, {"line_id": "96-363-0-j24-1", "route_id": "313.TA.96-363-0-j24-1.40.R", "mode": "bus", "line_name": "311"}, {"line_id": "96-358-9-j24-1", "route_id": "5.TA.96-358-9-j24-1.3.R", "mode": "bus", "line_name": "N44"}, {"line_id": "96-363-3-j24-1", "route_id": "17.TA.96-363-3-j24-1.5.R", "mode": "bus", "line_name": "310"}, {"line_id": "96-363-3-j24-1", "route_id": "6.TA.96-363-3-j24-1.1.H", "mode": "bus", "line_name": "310"}, {"line_id": "96-363-0-j24-1", "route_id": "154.TA.96-363-0-j24-1.9.H", "mode": "bus", "line_name": "311"}, {"line_id": "96-363-0-j24-1", "route_id": "122.TA.96-363-0-j24-1.6.H", "mode": "bus", "line_name": "311"}, {"line_id": "96-363-0-j24-1", "route_id": "138.TA.96-363-0-j24-1.7.H", "mode": "bus", "line_name": "311"}, {"line_id": "96-363-3-j24-1", "route_id": "2.TA.96-363-3-j24-1.1.H", "mode": "bus", "line_name": "310"}, {"line_id": "96-358-9-j24-1", "route_id": "3.TA.96-358-9-j24-1.1.H", "mode": "bus", "line_name": "N44"}], "predominant_mode": "bus", "assigned_canton": "Nidwalden", "modes_list": ["bus"]}, "geometry": {"type": "Point", "coordinates": [8.41364847719161, 46.98494468547066]}}, {"id": "7924", "type": "Feature", "properties": {"name": "Ennetb\u00fcrgen, Flugplatz", "lon": 8.391576868529922, "lat": 46.97686706575348, "stop_id": ["8508710.link:131124", "8508710.link:131125"], "lines": [{"line_id": "96-363-3-j24-1", "route_id": "6.TA.96-363-3-j24-1.1.H", "mode": "bus", "line_name": "310"}, {"line_id": "96-363-0-j24-1", "route_id": "154.TA.96-363-0-j24-1.9.H", "mode": "bus", "line_name": "311"}, {"line_id": "96-363-0-j24-1", "route_id": "122.TA.96-363-0-j24-1.6.H", "mode": "bus", "line_name": "311"}, {"line_id": "96-363-0-j24-1", "route_id": "138.TA.96-363-0-j24-1.7.H", "mode": "bus", "line_name": "311"}, {"line_id": "96-363-3-j24-1", "route_id": "2.TA.96-363-3-j24-1.1.H", "mode": "bus", "line_name": "310"}, {"line_id": "96-358-9-j24-1", "route_id": "3.TA.96-358-9-j24-1.1.H", "mode": "bus", "line_name": "N44"}, {"line_id": "96-363-0-j24-1", "route_id": "294.TA.96-363-0-j24-1.36.R", "mode": "bus", "line_name": "311"}, {"line_id": "96-363-0-j24-1", "route_id": "263.TA.96-363-0-j24-1.31.R", "mode": "bus", "line_name": "311"}, {"line_id": "96-363-0-j24-1", "route_id": "266.TA.96-363-0-j24-1.32.R", "mode": "bus", "line_name": "311"}, {"line_id": "96-363-0-j24-1", "route_id": "238.TA.96-363-0-j24-1.30.R", "mode": "bus", "line_name": "311"}, {"line_id": "96-363-0-j24-1", "route_id": "314.TA.96-363-0-j24-1.41.R", "mode": "bus", "line_name": "311"}, {"line_id": "96-363-3-j24-1", "route_id": "19.TA.96-363-3-j24-1.5.R", "mode": "bus", "line_name": "310"}, {"line_id": "96-363-0-j24-1", "route_id": "289.TA.96-363-0-j24-1.35.R", "mode": "bus", "line_name": "311"}, {"line_id": "96-363-0-j24-1", "route_id": "321.TA.96-363-0-j24-1.42.R", "mode": "bus", "line_name": "311"}, {"line_id": "96-363-3-j24-1", "route_id": "15.TA.96-363-3-j24-1.5.R", "mode": "bus", "line_name": "310"}, {"line_id": "96-363-0-j24-1", "route_id": "268.TA.96-363-0-j24-1.33.R", "mode": "bus", "line_name": "311"}, {"line_id": "96-363-0-j24-1", "route_id": "272.TA.96-363-0-j24-1.34.R", "mode": "bus", "line_name": "311"}, {"line_id": "96-363-0-j24-1", "route_id": "313.TA.96-363-0-j24-1.40.R", "mode": "bus", "line_name": "311"}, {"line_id": "96-358-9-j24-1", "route_id": "5.TA.96-358-9-j24-1.3.R", "mode": "bus", "line_name": "N44"}, {"line_id": "96-363-3-j24-1", "route_id": "17.TA.96-363-3-j24-1.5.R", "mode": "bus", "line_name": "310"}], "predominant_mode": "bus", "assigned_canton": "Nidwalden", "modes_list": ["bus"]}, "geometry": {"type": "Point", "coordinates": [8.39157687689232, 46.97686707581952]}}, {"id": "7925", "type": "Feature", "properties": {"name": "Ennetb\u00fcrgen, Herdern", "lon": 8.396742178605264, "lat": 46.979061255672605, "stop_id": ["8572940.link:1358083", "8572940.link:1358084"], "lines": [{"line_id": "96-363-0-j24-1", "route_id": "154.TA.96-363-0-j24-1.9.H", "mode": "bus", "line_name": "311"}, {"line_id": "96-363-0-j24-1", "route_id": "138.TA.96-363-0-j24-1.7.H", "mode": "bus", "line_name": "311"}, {"line_id": "96-363-0-j24-1", "route_id": "122.TA.96-363-0-j24-1.6.H", "mode": "bus", "line_name": "311"}, {"line_id": "96-358-9-j24-1", "route_id": "3.TA.96-358-9-j24-1.1.H", "mode": "bus", "line_name": "N44"}, {"line_id": "96-363-0-j24-1", "route_id": "294.TA.96-363-0-j24-1.36.R", "mode": "bus", "line_name": "311"}, {"line_id": "96-363-0-j24-1", "route_id": "263.TA.96-363-0-j24-1.31.R", "mode": "bus", "line_name": "311"}, {"line_id": "96-363-0-j24-1", "route_id": "266.TA.96-363-0-j24-1.32.R", "mode": "bus", "line_name": "311"}, {"line_id": "96-363-0-j24-1", "route_id": "238.TA.96-363-0-j24-1.30.R", "mode": "bus", "line_name": "311"}, {"line_id": "96-363-0-j24-1", "route_id": "314.TA.96-363-0-j24-1.41.R", "mode": "bus", "line_name": "311"}, {"line_id": "96-363-0-j24-1", "route_id": "289.TA.96-363-0-j24-1.35.R", "mode": "bus", "line_name": "311"}, {"line_id": "96-363-0-j24-1", "route_id": "321.TA.96-363-0-j24-1.42.R", "mode": "bus", "line_name": "311"}, {"line_id": "96-363-0-j24-1", "route_id": "268.TA.96-363-0-j24-1.33.R", "mode": "bus", "line_name": "311"}, {"line_id": "96-363-0-j24-1", "route_id": "272.TA.96-363-0-j24-1.34.R", "mode": "bus", "line_name": "311"}, {"line_id": "96-363-0-j24-1", "route_id": "313.TA.96-363-0-j24-1.40.R", "mode": "bus", "line_name": "311"}, {"line_id": "96-358-9-j24-1", "route_id": "5.TA.96-358-9-j24-1.3.R", "mode": "bus", "line_name": "N44"}], "predominant_mode": "bus", "assigned_canton": "Nidwalden", "modes_list": ["bus"]}, "geometry": {"type": "Point", "coordinates": [8.396742186972197, 46.97906126573804]}}, {"id": "7926", "type": "Feature", "properties": {"name": "Ennetb\u00fcrgen, Oeltrotte", "lon": 8.408698748755128, "lat": 46.98338808548528, "stop_id": ["8572941.link:185885", "8572941.link:185886"], "lines": [{"line_id": "96-363-0-j24-1", "route_id": "154.TA.96-363-0-j24-1.9.H", "mode": "bus", "line_name": "311"}, {"line_id": "96-363-0-j24-1", "route_id": "138.TA.96-363-0-j24-1.7.H", "mode": "bus", "line_name": "311"}, {"line_id": "96-363-0-j24-1", "route_id": "122.TA.96-363-0-j24-1.6.H", "mode": "bus", "line_name": "311"}, {"line_id": "96-358-9-j24-1", "route_id": "3.TA.96-358-9-j24-1.1.H", "mode": "bus", "line_name": "N44"}, {"line_id": "96-363-0-j24-1", "route_id": "294.TA.96-363-0-j24-1.36.R", "mode": "bus", "line_name": "311"}, {"line_id": "96-363-0-j24-1", "route_id": "263.TA.96-363-0-j24-1.31.R", "mode": "bus", "line_name": "311"}, {"line_id": "96-363-0-j24-1", "route_id": "266.TA.96-363-0-j24-1.32.R", "mode": "bus", "line_name": "311"}, {"line_id": "96-363-0-j24-1", "route_id": "238.TA.96-363-0-j24-1.30.R", "mode": "bus", "line_name": "311"}, {"line_id": "96-363-0-j24-1", "route_id": "314.TA.96-363-0-j24-1.41.R", "mode": "bus", "line_name": "311"}, {"line_id": "96-363-0-j24-1", "route_id": "289.TA.96-363-0-j24-1.35.R", "mode": "bus", "line_name": "311"}, {"line_id": "96-363-0-j24-1", "route_id": "321.TA.96-363-0-j24-1.42.R", "mode": "bus", "line_name": "311"}, {"line_id": "96-363-0-j24-1", "route_id": "268.TA.96-363-0-j24-1.33.R", "mode": "bus", "line_name": "311"}, {"line_id": "96-363-0-j24-1", "route_id": "272.TA.96-363-0-j24-1.34.R", "mode": "bus", "line_name": "311"}, {"line_id": "96-363-0-j24-1", "route_id": "313.TA.96-363-0-j24-1.40.R", "mode": "bus", "line_name": "311"}, {"line_id": "96-358-9-j24-1", "route_id": "5.TA.96-358-9-j24-1.3.R", "mode": "bus", "line_name": "N44"}], "predominant_mode": "bus", "assigned_canton": "Nidwalden", "modes_list": ["bus"]}, "geometry": {"type": "Point", "coordinates": [8.408698757132761, 46.98338809554904]}}, {"id": "7927", "type": "Feature", "properties": {"name": "Ennetb\u00fcrgen, Riedmatt", "lon": 8.401889518672009, "lat": 46.980991825591964, "stop_id": ["8508712.link:185895", "8508712.link:185896"], "lines": [{"line_id": "96-363-0-j24-1", "route_id": "154.TA.96-363-0-j24-1.9.H", "mode": "bus", "line_name": "311"}, {"line_id": "96-363-0-j24-1", "route_id": "138.TA.96-363-0-j24-1.7.H", "mode": "bus", "line_name": "311"}, {"line_id": "96-363-0-j24-1", "route_id": "122.TA.96-363-0-j24-1.6.H", "mode": "bus", "line_name": "311"}, {"line_id": "96-358-9-j24-1", "route_id": "3.TA.96-358-9-j24-1.1.H", "mode": "bus", "line_name": "N44"}, {"line_id": "96-363-0-j24-1", "route_id": "294.TA.96-363-0-j24-1.36.R", "mode": "bus", "line_name": "311"}, {"line_id": "96-363-0-j24-1", "route_id": "263.TA.96-363-0-j24-1.31.R", "mode": "bus", "line_name": "311"}, {"line_id": "96-363-0-j24-1", "route_id": "266.TA.96-363-0-j24-1.32.R", "mode": "bus", "line_name": "311"}, {"line_id": "96-363-0-j24-1", "route_id": "238.TA.96-363-0-j24-1.30.R", "mode": "bus", "line_name": "311"}, {"line_id": "96-363-0-j24-1", "route_id": "314.TA.96-363-0-j24-1.41.R", "mode": "bus", "line_name": "311"}, {"line_id": "96-363-0-j24-1", "route_id": "289.TA.96-363-0-j24-1.35.R", "mode": "bus", "line_name": "311"}, {"line_id": "96-363-0-j24-1", "route_id": "321.TA.96-363-0-j24-1.42.R", "mode": "bus", "line_name": "311"}, {"line_id": "96-363-0-j24-1", "route_id": "268.TA.96-363-0-j24-1.33.R", "mode": "bus", "line_name": "311"}, {"line_id": "96-363-0-j24-1", "route_id": "272.TA.96-363-0-j24-1.34.R", "mode": "bus", "line_name": "311"}, {"line_id": "96-363-0-j24-1", "route_id": "313.TA.96-363-0-j24-1.40.R", "mode": "bus", "line_name": "311"}, {"line_id": "96-358-9-j24-1", "route_id": "5.TA.96-358-9-j24-1.3.R", "mode": "bus", "line_name": "N44"}], "predominant_mode": "bus", "assigned_canton": "Nidwalden", "modes_list": ["bus"]}, "geometry": {"type": "Point", "coordinates": [8.401889527043531, 46.98099183565668]}}, {"id": "7928", "type": "Feature", "properties": {"name": "Ennetb\u00fcrgen, Strandbad", "lon": 8.41469949863199, "lat": 46.97948415539069, "stop_id": ["8572942.link:1469864", "8572942.link:1469865"], "lines": [{"line_id": "96-363-0-j24-1", "route_id": "154.TA.96-363-0-j24-1.9.H", "mode": "bus", "line_name": "311"}, {"line_id": "96-363-0-j24-1", "route_id": "138.TA.96-363-0-j24-1.7.H", "mode": "bus", "line_name": "311"}, {"line_id": "96-363-0-j24-1", "route_id": "122.TA.96-363-0-j24-1.6.H", "mode": "bus", "line_name": "311"}, {"line_id": "96-358-9-j24-1", "route_id": "3.TA.96-358-9-j24-1.1.H", "mode": "bus", "line_name": "N44"}, {"line_id": "96-363-0-j24-1", "route_id": "294.TA.96-363-0-j24-1.36.R", "mode": "bus", "line_name": "311"}, {"line_id": "96-363-0-j24-1", "route_id": "263.TA.96-363-0-j24-1.31.R", "mode": "bus", "line_name": "311"}, {"line_id": "96-363-0-j24-1", "route_id": "266.TA.96-363-0-j24-1.32.R", "mode": "bus", "line_name": "311"}, {"line_id": "96-363-0-j24-1", "route_id": "238.TA.96-363-0-j24-1.30.R", "mode": "bus", "line_name": "311"}, {"line_id": "96-363-0-j24-1", "route_id": "314.TA.96-363-0-j24-1.41.R", "mode": "bus", "line_name": "311"}, {"line_id": "96-363-0-j24-1", "route_id": "289.TA.96-363-0-j24-1.35.R", "mode": "bus", "line_name": "311"}, {"line_id": "96-363-0-j24-1", "route_id": "321.TA.96-363-0-j24-1.42.R", "mode": "bus", "line_name": "311"}, {"line_id": "96-363-0-j24-1", "route_id": "268.TA.96-363-0-j24-1.33.R", "mode": "bus", "line_name": "311"}, {"line_id": "96-363-0-j24-1", "route_id": "272.TA.96-363-0-j24-1.34.R", "mode": "bus", "line_name": "311"}, {"line_id": "96-363-0-j24-1", "route_id": "313.TA.96-363-0-j24-1.40.R", "mode": "bus", "line_name": "311"}, {"line_id": "96-358-9-j24-1", "route_id": "5.TA.96-358-9-j24-1.3.R", "mode": "bus", "line_name": "N44"}], "predominant_mode": "bus", "assigned_canton": "Nidwalden", "modes_list": ["bus"]}, "geometry": {"type": "Point", "coordinates": [8.414699507016724, 46.97948416545127]}}, {"id": "7929", "type": "Feature", "properties": {"name": "Ennetmoos, Abz. Vors\u00e4ssstrasse", "lon": 8.30350602737745, "lat": 46.943538647132684, "stop_id": ["8582122.link:740782", "8582122.link:740783"], "lines": [{"line_id": "96-363-5-j24-1", "route_id": "2.TA.96-363-5-j24-1.1.H", "mode": "bus", "line_name": "313"}, {"line_id": "96-363-5-j24-1", "route_id": "11.TA.96-363-5-j24-1.2.R", "mode": "bus", "line_name": "313"}], "predominant_mode": "bus", "assigned_canton": "Nidwalden", "modes_list": ["bus"]}, "geometry": {"type": "Point", "coordinates": [8.303506035660918, 46.94353865721031]}}, {"id": "7930", "type": "Feature", "properties": {"name": "Ennetmoos, Abzw. R\u00fctli", "lon": 8.300191247287954, "lat": 46.94087073718441, "stop_id": ["8582120.link:186407", "8582120.link:740775"], "lines": [{"line_id": "96-363-5-j24-1", "route_id": "2.TA.96-363-5-j24-1.1.H", "mode": "bus", "line_name": "313"}, {"line_id": "96-363-5-j24-1", "route_id": "11.TA.96-363-5-j24-1.2.R", "mode": "bus", "line_name": "313"}], "predominant_mode": "bus", "assigned_canton": "Nidwalden", "modes_list": ["bus"]}, "geometry": {"type": "Point", "coordinates": [8.300191255568823, 46.94087074726193]}}, {"id": "7931", "type": "Feature", "properties": {"name": "Ennetmoos, Allweg", "lon": 8.335504027825051, "lat": 46.956526696631755, "stop_id": ["8508730.link:30119", "8508730.link:30120"], "lines": [{"line_id": "96-360-0-j24-1", "route_id": "59.TA.96-360-0-j24-1.30.R", "mode": "bus", "line_name": "312"}, {"line_id": "96-360-0-j24-1", "route_id": "119.TA.96-360-0-j24-1.14.R", "mode": "bus", "line_name": "312"}, {"line_id": "96-360-0-j24-1", "route_id": "62.TA.96-360-0-j24-1.9.R", "mode": "bus", "line_name": "312"}, {"line_id": "96-360-0-j24-1", "route_id": "67.TA.96-360-0-j24-1.11.R", "mode": "bus", "line_name": "312"}, {"line_id": "96-360-0-j24-1", "route_id": "99.TA.96-360-0-j24-1.13.R", "mode": "bus", "line_name": "312"}, {"line_id": "96-360-0-j24-1", "route_id": "91.TA.96-360-0-j24-1.12.R", "mode": "bus", "line_name": "312"}, {"line_id": "96-360-0-j24-1", "route_id": "60.TA.96-360-0-j24-1.8.R", "mode": "bus", "line_name": "312"}, {"line_id": "96-360-0-j24-1", "route_id": "63.TA.96-360-0-j24-1.10.R", "mode": "bus", "line_name": "312"}, {"line_id": "96-360-0-j24-1", "route_id": "56.TA.96-360-0-j24-1.7.H", "mode": "bus", "line_name": "312"}, {"line_id": "96-360-0-j24-1", "route_id": "2.TA.96-360-0-j24-1.5.H", "mode": "bus", "line_name": "312"}, {"line_id": "96-360-0-j24-1", "route_id": "45.TA.96-360-0-j24-1.6.H", "mode": "bus", "line_name": "312"}, {"line_id": "96-360-0-j24-1", "route_id": "55.TA.96-360-0-j24-1.15.H", "mode": "bus", "line_name": "312"}], "predominant_mode": "bus", "assigned_canton": "Nidwalden", "modes_list": ["bus"]}, "geometry": {"type": "Point", "coordinates": [8.33550403613705, 46.95652670670557]}}, {"id": "7932", "type": "Feature", "properties": {"name": "Ennetmoos, Ebnet", "lon": 8.298394617135253, "lat": 46.93622764721212, "stop_id": ["8582121.link:186423", "8582121.link:186424"], "lines": [{"line_id": "96-363-5-j24-1", "route_id": "2.TA.96-363-5-j24-1.1.H", "mode": "bus", "line_name": "313"}, {"line_id": "96-363-5-j24-1", "route_id": "11.TA.96-363-5-j24-1.2.R", "mode": "bus", "line_name": "313"}], "predominant_mode": "bus", "assigned_canton": "Nidwalden", "modes_list": ["bus"]}, "geometry": {"type": "Point", "coordinates": [8.29839462541561, 46.936227657288356]}}, {"id": "7933", "type": "Feature", "properties": {"name": "Ennetmoos, Morgenstern", "lon": 8.339851867845098, "lat": 46.95704173656359, "stop_id": ["8572903.link:1641245", "8572903.link:1641246"], "lines": [{"line_id": "96-360-0-j24-1", "route_id": "59.TA.96-360-0-j24-1.30.R", "mode": "bus", "line_name": "312"}, {"line_id": "96-360-0-j24-1", "route_id": "119.TA.96-360-0-j24-1.14.R", "mode": "bus", "line_name": "312"}, {"line_id": "96-360-0-j24-1", "route_id": "62.TA.96-360-0-j24-1.9.R", "mode": "bus", "line_name": "312"}, {"line_id": "96-360-0-j24-1", "route_id": "67.TA.96-360-0-j24-1.11.R", "mode": "bus", "line_name": "312"}, {"line_id": "96-360-0-j24-1", "route_id": "99.TA.96-360-0-j24-1.13.R", "mode": "bus", "line_name": "312"}, {"line_id": "96-360-0-j24-1", "route_id": "91.TA.96-360-0-j24-1.12.R", "mode": "bus", "line_name": "312"}, {"line_id": "96-360-0-j24-1", "route_id": "60.TA.96-360-0-j24-1.8.R", "mode": "bus", "line_name": "312"}, {"line_id": "96-360-0-j24-1", "route_id": "63.TA.96-360-0-j24-1.10.R", "mode": "bus", "line_name": "312"}, {"line_id": "96-360-0-j24-1", "route_id": "56.TA.96-360-0-j24-1.7.H", "mode": "bus", "line_name": "312"}, {"line_id": "96-360-0-j24-1", "route_id": "2.TA.96-360-0-j24-1.5.H", "mode": "bus", "line_name": "312"}, {"line_id": "96-360-0-j24-1", "route_id": "45.TA.96-360-0-j24-1.6.H", "mode": "bus", "line_name": "312"}, {"line_id": "96-360-0-j24-1", "route_id": "55.TA.96-360-0-j24-1.15.H", "mode": "bus", "line_name": "312"}], "predominant_mode": "bus", "assigned_canton": "Nidwalden", "modes_list": ["bus"]}, "geometry": {"type": "Point", "coordinates": [8.33985187616131, 46.95704174663639]}}, {"id": "7934", "type": "Feature", "properties": {"name": "Ennetmoos, Mueterschwandenberg", "lon": 8.307413707537577, "lat": 46.948358937071866, "stop_id": ["8582115.link:740796", "8582115.link:740797"], "lines": [{"line_id": "96-363-5-j24-1", "route_id": "2.TA.96-363-5-j24-1.1.H", "mode": "bus", "line_name": "313"}, {"line_id": "96-363-5-j24-1", "route_id": "11.TA.96-363-5-j24-1.2.R", "mode": "bus", "line_name": "313"}], "predominant_mode": "bus", "assigned_canton": "Nidwalden", "modes_list": ["bus"]}, "geometry": {"type": "Point", "coordinates": [8.307413715823632, 46.9483589471503]}}, {"id": "7935", "type": "Feature", "properties": {"name": "Ennetmoos, Riedmatthof", "lon": 8.331254987695086, "lat": 46.95263919669807, "stop_id": ["8579966.link:1641280"], "lines": [{"line_id": "96-360-0-j24-1", "route_id": "56.TA.96-360-0-j24-1.7.H", "mode": "bus", "line_name": "312"}, {"line_id": "96-360-0-j24-1", "route_id": "2.TA.96-360-0-j24-1.5.H", "mode": "bus", "line_name": "312"}, {"line_id": "96-360-0-j24-1", "route_id": "45.TA.96-360-0-j24-1.6.H", "mode": "bus", "line_name": "312"}, {"line_id": "96-360-0-j24-1", "route_id": "55.TA.96-360-0-j24-1.15.H", "mode": "bus", "line_name": "312"}], "predominant_mode": "bus", "assigned_canton": "Nidwalden", "modes_list": ["bus"]}, "geometry": {"type": "Point", "coordinates": [8.331254996003908, 46.95263920677156]}}, {"id": "7936", "type": "Feature", "properties": {"name": "Ennetmoos, Rohren", "lon": 8.320978267343252, "lat": 46.94208511685825, "stop_id": ["8506666.link:1641255", "8506666.link:1641256"], "lines": [{"line_id": "96-360-0-j24-1", "route_id": "59.TA.96-360-0-j24-1.30.R", "mode": "bus", "line_name": "312"}, {"line_id": "96-360-0-j24-1", "route_id": "119.TA.96-360-0-j24-1.14.R", "mode": "bus", "line_name": "312"}, {"line_id": "96-360-0-j24-1", "route_id": "62.TA.96-360-0-j24-1.9.R", "mode": "bus", "line_name": "312"}, {"line_id": "96-360-0-j24-1", "route_id": "67.TA.96-360-0-j24-1.11.R", "mode": "bus", "line_name": "312"}, {"line_id": "96-360-0-j24-1", "route_id": "99.TA.96-360-0-j24-1.13.R", "mode": "bus", "line_name": "312"}, {"line_id": "96-360-0-j24-1", "route_id": "91.TA.96-360-0-j24-1.12.R", "mode": "bus", "line_name": "312"}, {"line_id": "96-360-0-j24-1", "route_id": "60.TA.96-360-0-j24-1.8.R", "mode": "bus", "line_name": "312"}, {"line_id": "96-360-0-j24-1", "route_id": "63.TA.96-360-0-j24-1.10.R", "mode": "bus", "line_name": "312"}, {"line_id": "96-360-0-j24-1", "route_id": "56.TA.96-360-0-j24-1.7.H", "mode": "bus", "line_name": "312"}, {"line_id": "96-360-0-j24-1", "route_id": "2.TA.96-360-0-j24-1.5.H", "mode": "bus", "line_name": "312"}, {"line_id": "96-360-0-j24-1", "route_id": "45.TA.96-360-0-j24-1.6.H", "mode": "bus", "line_name": "312"}, {"line_id": "96-360-0-j24-1", "route_id": "55.TA.96-360-0-j24-1.15.H", "mode": "bus", "line_name": "312"}], "predominant_mode": "bus", "assigned_canton": "Nidwalden", "modes_list": ["bus"]}, "geometry": {"type": "Point", "coordinates": [8.320978275644698, 46.94208512693048]}}, {"id": "7937", "type": "Feature", "properties": {"name": "Ennetmoos, Sch\u00fctzenhaus", "lon": 8.327769527562497, "lat": 46.94865329675235, "stop_id": ["8572902.link:1641273", "8572902.link:1641274"], "lines": [{"line_id": "96-360-0-j24-1", "route_id": "59.TA.96-360-0-j24-1.30.R", "mode": "bus", "line_name": "312"}, {"line_id": "96-360-0-j24-1", "route_id": "119.TA.96-360-0-j24-1.14.R", "mode": "bus", "line_name": "312"}, {"line_id": "96-360-0-j24-1", "route_id": "62.TA.96-360-0-j24-1.9.R", "mode": "bus", "line_name": "312"}, {"line_id": "96-360-0-j24-1", "route_id": "67.TA.96-360-0-j24-1.11.R", "mode": "bus", "line_name": "312"}, {"line_id": "96-360-0-j24-1", "route_id": "99.TA.96-360-0-j24-1.13.R", "mode": "bus", "line_name": "312"}, {"line_id": "96-360-0-j24-1", "route_id": "91.TA.96-360-0-j24-1.12.R", "mode": "bus", "line_name": "312"}, {"line_id": "96-360-0-j24-1", "route_id": "60.TA.96-360-0-j24-1.8.R", "mode": "bus", "line_name": "312"}, {"line_id": "96-360-0-j24-1", "route_id": "63.TA.96-360-0-j24-1.10.R", "mode": "bus", "line_name": "312"}, {"line_id": "96-360-0-j24-1", "route_id": "56.TA.96-360-0-j24-1.7.H", "mode": "bus", "line_name": "312"}, {"line_id": "96-360-0-j24-1", "route_id": "2.TA.96-360-0-j24-1.5.H", "mode": "bus", "line_name": "312"}, {"line_id": "96-360-0-j24-1", "route_id": "45.TA.96-360-0-j24-1.6.H", "mode": "bus", "line_name": "312"}, {"line_id": "96-360-0-j24-1", "route_id": "55.TA.96-360-0-j24-1.15.H", "mode": "bus", "line_name": "312"}], "predominant_mode": "bus", "assigned_canton": "Nidwalden", "modes_list": ["bus"]}, "geometry": {"type": "Point", "coordinates": [8.32776953586893, 46.94865330682526]}}, {"id": "7938", "type": "Feature", "properties": {"name": "Ennetmoos, Waldheim", "lon": 8.316612447234405, "lat": 46.93884671692644, "stop_id": ["8572901.link:1791110", "8572901.link:1791111"], "lines": [{"line_id": "96-360-0-j24-1", "route_id": "59.TA.96-360-0-j24-1.30.R", "mode": "bus", "line_name": "312"}, {"line_id": "96-360-0-j24-1", "route_id": "119.TA.96-360-0-j24-1.14.R", "mode": "bus", "line_name": "312"}, {"line_id": "96-360-0-j24-1", "route_id": "62.TA.96-360-0-j24-1.9.R", "mode": "bus", "line_name": "312"}, {"line_id": "96-360-0-j24-1", "route_id": "67.TA.96-360-0-j24-1.11.R", "mode": "bus", "line_name": "312"}, {"line_id": "96-360-0-j24-1", "route_id": "99.TA.96-360-0-j24-1.13.R", "mode": "bus", "line_name": "312"}, {"line_id": "96-360-0-j24-1", "route_id": "91.TA.96-360-0-j24-1.12.R", "mode": "bus", "line_name": "312"}, {"line_id": "96-360-0-j24-1", "route_id": "60.TA.96-360-0-j24-1.8.R", "mode": "bus", "line_name": "312"}, {"line_id": "96-360-0-j24-1", "route_id": "63.TA.96-360-0-j24-1.10.R", "mode": "bus", "line_name": "312"}, {"line_id": "96-360-0-j24-1", "route_id": "56.TA.96-360-0-j24-1.7.H", "mode": "bus", "line_name": "312"}, {"line_id": "96-360-0-j24-1", "route_id": "2.TA.96-360-0-j24-1.5.H", "mode": "bus", "line_name": "312"}, {"line_id": "96-360-0-j24-1", "route_id": "45.TA.96-360-0-j24-1.6.H", "mode": "bus", "line_name": "312"}, {"line_id": "96-360-0-j24-1", "route_id": "55.TA.96-360-0-j24-1.15.H", "mode": "bus", "line_name": "312"}], "predominant_mode": "bus", "assigned_canton": "Nidwalden", "modes_list": ["bus"]}, "geometry": {"type": "Point", "coordinates": [8.316612455532367, 46.93884672699862]}}, {"id": "8456", "type": "Feature", "properties": {"name": "Fell", "lon": 8.421409915505446, "lat": 46.88337727527465, "stop_id": ["8530374.link:pt_8530374"], "lines": [{"line_id": "93-87-Y-j24-1", "route_id": "23.TA.93-87-Y-j24-1.1.H", "mode": "cable car", "line_name": "PB"}, {"line_id": "93-87-Y-j24-1", "route_id": "44.TA.93-87-Y-j24-1.2.R", "mode": "cable car", "line_name": "PB"}], "predominant_mode": "cable car", "assigned_canton": "Nidwalden", "modes_list": ["cable car"]}, "geometry": {"type": "Point", "coordinates": [8.421409923924042, 46.8833772852961]}}, {"id": "8457", "type": "Feature", "properties": {"name": "Fellboden", "lon": 8.421517705459976, "lat": 46.88197736527279, "stop_id": ["8530376.link:pt_8530376"], "lines": [{"line_id": "93-8Y-Y-j24-1", "route_id": "6.TA.93-8Y-Y-j24-1.1.H", "mode": "cable car", "line_name": "PB"}, {"line_id": "93-8Y-Y-j24-1", "route_id": "23.TA.93-8Y-Y-j24-1.2.R", "mode": "cable car", "line_name": "PB"}], "predominant_mode": "cable car", "assigned_canton": "Nidwalden", "modes_list": ["cable car"]}, "geometry": {"type": "Point", "coordinates": [8.421517713879071, 46.88197737529364]}}, {"id": "11380", "type": "Feature", "properties": {"name": "Hergiswil (See)", "lon": 8.312453248719537, "lat": 46.984466676996426, "stop_id": ["8508481.link:pt_8508481"], "lines": [{"line_id": "94-360-1-j24-1", "route_id": "20.TA.94-360-1-j24-1.14.R", "mode": "ferry", "line_name": "3601"}, {"line_id": "94-360-1-j24-1", "route_id": "2.TA.94-360-1-j24-1.3.H", "mode": "ferry", "line_name": "3601"}, {"line_id": "94-360-1-j24-1", "route_id": "29.TA.94-360-1-j24-1.20.R", "mode": "ferry", "line_name": "3601"}, {"line_id": "94-360-1-j24-1", "route_id": "18.TA.94-360-1-j24-1.13.R", "mode": "ferry", "line_name": "3601"}, {"line_id": "94-360-1-j24-1", "route_id": "15.TA.94-360-1-j24-1.36.H", "mode": "ferry", "line_name": "3601"}, {"line_id": "94-360-1-j24-1", "route_id": "27.TA.94-360-1-j24-1.20.R", "mode": "ferry", "line_name": "3601"}, {"line_id": "94-360-1-j24-1", "route_id": "24.TA.94-360-1-j24-1.18.R", "mode": "ferry", "line_name": "3601"}, {"line_id": "94-360-1-j24-1", "route_id": "5.TA.94-360-1-j24-1.3.H", "mode": "ferry", "line_name": "3601"}, {"line_id": "94-360-1-j24-1", "route_id": "11.TA.94-360-1-j24-1.5.H", "mode": "ferry", "line_name": "3601"}, {"line_id": "94-360-1-j24-1", "route_id": "7.TA.94-360-1-j24-1.3.H", "mode": "ferry", "line_name": "3601"}], "predominant_mode": "ferry", "assigned_canton": "Nidwalden", "modes_list": ["ferry"]}, "geometry": {"type": "Point", "coordinates": [8.312453257000547, 46.98446668708734]}}, {"id": "11385", "type": "Feature", "properties": {"name": "Hergiswil Matt", "lon": 8.31241282905987, "lat": 46.99488985699806, "stop_id": ["8508320:0:1.link:779146", "8508320:0:2.link:779160"], "lines": [{"line_id": "91-4-D-j24-1", "route_id": "319.TA.91-4-D-j24-1.24.R", "mode": "rail", "line_name": "S4"}, {"line_id": "91-4-D-j24-1", "route_id": "303.TA.91-4-D-j24-1.35.R", "mode": "rail", "line_name": "S4"}, {"line_id": "91-5-D-j24-1", "route_id": "695.TA.91-5-D-j24-1.25.R", "mode": "rail", "line_name": "S5"}, {"line_id": "91-5-D-j24-1", "route_id": "559.TA.91-5-D-j24-1.50.R", "mode": "rail", "line_name": "S5"}, {"line_id": "91-4-D-j24-1", "route_id": "411.TA.91-4-D-j24-1.53.R", "mode": "rail", "line_name": "S4"}, {"line_id": "91-5-D-j24-1", "route_id": "725.TA.91-5-D-j24-1.29.R", "mode": "rail", "line_name": "S5"}, {"line_id": "91-5-D-j24-1", "route_id": "730.TA.91-5-D-j24-1.30.R", "mode": "rail", "line_name": "S5"}, {"line_id": "91-4-D-j24-1", "route_id": "409.TA.91-4-D-j24-1.33.R", "mode": "rail", "line_name": "S4"}, {"line_id": "91-4-D-j24-1", "route_id": "268.TA.91-4-D-j24-1.18.R", "mode": "rail", "line_name": "S4"}, {"line_id": "91-5-D-j24-1", "route_id": "532.TA.91-5-D-j24-1.19.R", "mode": "rail", "line_name": "S5"}, {"line_id": "91-4-D-j24-1", "route_id": "254.TA.91-4-D-j24-1.16.R", "mode": "rail", "line_name": "S4"}, {"line_id": "91-5-D-j24-1", "route_id": "708.TA.91-5-D-j24-1.26.R", "mode": "rail", "line_name": "S5"}, {"line_id": "91-4-D-j24-1", "route_id": "330.TA.91-4-D-j24-1.27.R", "mode": "rail", "line_name": "S4"}, {"line_id": "91-5-D-j24-1", "route_id": "754.TA.91-5-D-j24-1.32.R", "mode": "rail", "line_name": "S5"}, {"line_id": "91-5-D-j24-1", "route_id": "517.TA.91-5-D-j24-1.18.R", "mode": "rail", "line_name": "S5"}, {"line_id": "91-5-D-j24-1", "route_id": "443.TA.91-5-D-j24-1.16.R", "mode": "rail", "line_name": "S5"}, {"line_id": "91-4-D-j24-1", "route_id": "376.TA.91-4-D-j24-1.30.R", "mode": "rail", "line_name": "S4"}, {"line_id": "91-4-D-j24-1", "route_id": "263.TA.91-4-D-j24-1.17.R", "mode": "rail", "line_name": "S4"}, {"line_id": "91-5-D-j24-1", "route_id": "685.TA.91-5-D-j24-1.24.R", "mode": "rail", "line_name": "S5"}, {"line_id": "91-4-D-j24-1", "route_id": "314.TA.91-4-D-j24-1.22.R", "mode": "rail", "line_name": "S4"}, {"line_id": "91-4-D-j24-1", "route_id": "389.TA.91-4-D-j24-1.32.R", "mode": "rail", "line_name": "S4"}, {"line_id": "91-5-D-j24-1", "route_id": "460.TA.91-5-D-j24-1.17.R", "mode": "rail", "line_name": "S5"}, {"line_id": "91-4-D-j24-1", "route_id": "308.TA.91-4-D-j24-1.21.R", "mode": "rail", "line_name": "S4"}, {"line_id": "91-5-D-j24-1", "route_id": "762.TA.91-5-D-j24-1.70.R", "mode": "rail", "line_name": "S5"}, {"line_id": "91-4-D-j24-1", "route_id": "344.TA.91-4-D-j24-1.27.R", "mode": "rail", "line_name": "S4"}, {"line_id": "91-4-D-j24-1", "route_id": "351.TA.91-4-D-j24-1.27.R", "mode": "rail", "line_name": "S4"}, {"line_id": "91-5-D-j24-1", "route_id": "51.TA.91-5-D-j24-1.1.H", "mode": "rail", "line_name": "S5"}, {"line_id": "91-5-D-j24-1", "route_id": "253.TA.91-5-D-j24-1.9.H", "mode": "rail", "line_name": "S5"}, {"line_id": "91-4-D-j24-1", "route_id": "85.TA.91-4-D-j24-1.4.H", "mode": "rail", "line_name": "S4"}, {"line_id": "91-5-D-j24-1", "route_id": "82.TA.91-5-D-j24-1.4.H", "mode": "rail", "line_name": "S5"}, {"line_id": "91-4-D-j24-1", "route_id": "132.TA.91-4-D-j24-1.9.H", "mode": "rail", "line_name": "S4"}, {"line_id": "91-4-D-j24-1", "route_id": "166.TA.91-4-D-j24-1.12.H", "mode": "rail", "line_name": "S4"}, {"line_id": "91-4-D-j24-1", "route_id": "52.TA.91-4-D-j24-1.2.H", "mode": "rail", "line_name": "S4"}, {"line_id": "91-4-D-j24-1", "route_id": "76.TA.91-4-D-j24-1.3.H", "mode": "rail", "line_name": "S4"}, {"line_id": "91-5-D-j24-1", "route_id": "163.TA.91-5-D-j24-1.7.H", "mode": "rail", "line_name": "S5"}, {"line_id": "91-5-D-j24-1", "route_id": "365.TA.91-5-D-j24-1.14.H", "mode": "rail", "line_name": "S5"}, {"line_id": "91-4-D-j24-1", "route_id": "121.TA.91-4-D-j24-1.8.H", "mode": "rail", "line_name": "S4"}, {"line_id": "91-5-D-j24-1", "route_id": "272.TA.91-5-D-j24-1.10.H", "mode": "rail", "line_name": "S5"}, {"line_id": "91-4-D-j24-1", "route_id": "144.TA.91-4-D-j24-1.9.H", "mode": "rail", "line_name": "S4"}, {"line_id": "91-5-D-j24-1", "route_id": "105.TA.91-5-D-j24-1.5.H", "mode": "rail", "line_name": "S5"}, {"line_id": "91-5-D-j24-1", "route_id": "352.TA.91-5-D-j24-1.12.H", "mode": "rail", "line_name": "S5"}, {"line_id": "91-5-D-j24-1", "route_id": "288.TA.91-5-D-j24-1.11.H", "mode": "rail", "line_name": "S5"}, {"line_id": "91-4-D-j24-1", "route_id": "115.TA.91-4-D-j24-1.5.H", "mode": "rail", "line_name": "S4"}], "predominant_mode": "rail", "assigned_canton": "Nidwalden", "modes_list": ["rail"]}, "geometry": {"type": "Point", "coordinates": [8.312412837337906, 46.99488986709295]}}, {"id": "11386", "type": "Feature", "properties": {"name": "Hergiswil NW", "lon": 8.309851990079887, "lat": 46.98243730275135, "stop_id": ["8508318:0:1.link:1639831", "8508318:0:1.link:1639832", "8508318:0:2.link:1639825", "8508318:0:2.link:1639826", "8508318:0:3.link:1639826", "8508318:0:3.link:1640196", "8508318:0:3.link:1640197"], "lines": [{"line_id": "91-1J-Y-j24-1", "route_id": "104.TA.91-1J-Y-j24-1.45.H", "mode": "rail", "line_name": "IR"}, {"line_id": "91-44-A-j24-1", "route_id": "48.TA.91-44-A-j24-1.12.R", "mode": "rail", "line_name": "S44"}, {"line_id": "91-55-j24-1", "route_id": "13.TA.91-55-j24-1.5.R", "mode": "rail", "line_name": "S55"}, {"line_id": "91-55-j24-1", "route_id": "22.TA.91-55-j24-1.8.R", "mode": "rail", "line_name": "S55"}, {"line_id": "91-55-j24-1", "route_id": "23.TA.91-55-j24-1.9.R", "mode": "rail", "line_name": "S55"}, {"line_id": "91-44-A-j24-1", "route_id": "30.TA.91-44-A-j24-1.6.R", "mode": "rail", "line_name": "S44"}, {"line_id": "91-55-j24-1", "route_id": "21.TA.91-55-j24-1.7.R", "mode": "rail", "line_name": "S55"}, {"line_id": "91-44-A-j24-1", "route_id": "37.TA.91-44-A-j24-1.8.R", "mode": "rail", "line_name": "S44"}, {"line_id": "91-44-A-j24-1", "route_id": "45.TA.91-44-A-j24-1.11.R", "mode": "rail", "line_name": "S44"}, {"line_id": "91-55-j24-1", "route_id": "4.TA.91-55-j24-1.2.H", "mode": "rail", "line_name": "S55"}, {"line_id": "91-55-j24-1", "route_id": "2.TA.91-55-j24-1.1.H", "mode": "rail", "line_name": "S55"}, {"line_id": "91-44-A-j24-1", "route_id": "16.TA.91-44-A-j24-1.4.H", "mode": "rail", "line_name": "S44"}, {"line_id": "91-55-j24-1", "route_id": "12.TA.91-55-j24-1.4.H", "mode": "rail", "line_name": "S55"}, {"line_id": "91-44-A-j24-1", "route_id": "25.TA.91-44-A-j24-1.5.H", "mode": "rail", "line_name": "S44"}, {"line_id": "91-44-A-j24-1", "route_id": "8.TA.91-44-A-j24-1.2.H", "mode": "rail", "line_name": "S44"}, {"line_id": "91-4-D-j24-1", "route_id": "85.TA.91-4-D-j24-1.4.H", "mode": "rail", "line_name": "S4"}, {"line_id": "91-4-D-j24-1", "route_id": "132.TA.91-4-D-j24-1.9.H", "mode": "rail", "line_name": "S4"}, {"line_id": "91-4-D-j24-1", "route_id": "166.TA.91-4-D-j24-1.12.H", "mode": "rail", "line_name": "S4"}, {"line_id": "91-4-D-j24-1", "route_id": "52.TA.91-4-D-j24-1.2.H", "mode": "rail", "line_name": "S4"}, {"line_id": "91-4-D-j24-1", "route_id": "76.TA.91-4-D-j24-1.3.H", "mode": "rail", "line_name": "S4"}, {"line_id": "91-4-D-j24-1", "route_id": "121.TA.91-4-D-j24-1.8.H", "mode": "rail", "line_name": "S4"}, {"line_id": "91-4-D-j24-1", "route_id": "144.TA.91-4-D-j24-1.9.H", "mode": "rail", "line_name": "S4"}, {"line_id": "91-4-D-j24-1", "route_id": "115.TA.91-4-D-j24-1.5.H", "mode": "rail", "line_name": "S4"}, {"line_id": "91-4-D-j24-1", "route_id": "319.TA.91-4-D-j24-1.24.R", "mode": "rail", "line_name": "S4"}, {"line_id": "91-4-D-j24-1", "route_id": "314.TA.91-4-D-j24-1.22.R", "mode": "rail", "line_name": "S4"}, {"line_id": "91-4-D-j24-1", "route_id": "303.TA.91-4-D-j24-1.35.R", "mode": "rail", "line_name": "S4"}, {"line_id": "91-4-D-j24-1", "route_id": "409.TA.91-4-D-j24-1.33.R", "mode": "rail", "line_name": "S4"}, {"line_id": "91-1J-Y-j24-1", "route_id": "109.TA.91-1J-Y-j24-1.9.H", "mode": "rail", "line_name": "IR"}, {"line_id": "91-4-D-j24-1", "route_id": "389.TA.91-4-D-j24-1.32.R", "mode": "rail", "line_name": "S4"}, {"line_id": "91-4-D-j24-1", "route_id": "268.TA.91-4-D-j24-1.18.R", "mode": "rail", "line_name": "S4"}, {"line_id": "91-4-D-j24-1", "route_id": "376.TA.91-4-D-j24-1.30.R", "mode": "rail", "line_name": "S4"}, {"line_id": "91-4-D-j24-1", "route_id": "263.TA.91-4-D-j24-1.17.R", "mode": "rail", "line_name": "S4"}, {"line_id": "91-4-D-j24-1", "route_id": "344.TA.91-4-D-j24-1.27.R", "mode": "rail", "line_name": "S4"}, {"line_id": "91-4-D-j24-1", "route_id": "351.TA.91-4-D-j24-1.27.R", "mode": "rail", "line_name": "S4"}, {"line_id": "91-4-D-j24-1", "route_id": "330.TA.91-4-D-j24-1.27.R", "mode": "rail", "line_name": "S4"}, {"line_id": "91-4-D-j24-1", "route_id": "308.TA.91-4-D-j24-1.21.R", "mode": "rail", "line_name": "S4"}, {"line_id": "91-4-D-j24-1", "route_id": "254.TA.91-4-D-j24-1.16.R", "mode": "rail", "line_name": "S4"}, {"line_id": "91-4-D-j24-1", "route_id": "411.TA.91-4-D-j24-1.53.R", "mode": "rail", "line_name": "S4"}, {"line_id": "91-5-D-j24-1", "route_id": "51.TA.91-5-D-j24-1.1.H", "mode": "rail", "line_name": "S5"}, {"line_id": "91-5-D-j24-1", "route_id": "253.TA.91-5-D-j24-1.9.H", "mode": "rail", "line_name": "S5"}, {"line_id": "91-5-D-j24-1", "route_id": "82.TA.91-5-D-j24-1.4.H", "mode": "rail", "line_name": "S5"}, {"line_id": "91-5-D-j24-1", "route_id": "163.TA.91-5-D-j24-1.7.H", "mode": "rail", "line_name": "S5"}, {"line_id": "91-5-D-j24-1", "route_id": "272.TA.91-5-D-j24-1.10.H", "mode": "rail", "line_name": "S5"}, {"line_id": "91-5-D-j24-1", "route_id": "105.TA.91-5-D-j24-1.5.H", "mode": "rail", "line_name": "S5"}, {"line_id": "91-5-D-j24-1", "route_id": "365.TA.91-5-D-j24-1.14.H", "mode": "rail", "line_name": "S5"}, {"line_id": "91-5-D-j24-1", "route_id": "352.TA.91-5-D-j24-1.12.H", "mode": "rail", "line_name": "S5"}, {"line_id": "91-5-D-j24-1", "route_id": "288.TA.91-5-D-j24-1.11.H", "mode": "rail", "line_name": "S5"}, {"line_id": "91-5-D-j24-1", "route_id": "695.TA.91-5-D-j24-1.25.R", "mode": "rail", "line_name": "S5"}, {"line_id": "91-5-D-j24-1", "route_id": "730.TA.91-5-D-j24-1.30.R", "mode": "rail", "line_name": "S5"}, {"line_id": "91-5-D-j24-1", "route_id": "754.TA.91-5-D-j24-1.32.R", "mode": "rail", "line_name": "S5"}, {"line_id": "91-5-D-j24-1", "route_id": "517.TA.91-5-D-j24-1.18.R", "mode": "rail", "line_name": "S5"}, {"line_id": "91-5-D-j24-1", "route_id": "708.TA.91-5-D-j24-1.26.R", "mode": "rail", "line_name": "S5"}, {"line_id": "91-5-D-j24-1", "route_id": "460.TA.91-5-D-j24-1.17.R", "mode": "rail", "line_name": "S5"}, {"line_id": "91-5-D-j24-1", "route_id": "443.TA.91-5-D-j24-1.16.R", "mode": "rail", "line_name": "S5"}, {"line_id": "91-5-D-j24-1", "route_id": "559.TA.91-5-D-j24-1.50.R", "mode": "rail", "line_name": "S5"}, {"line_id": "91-5-D-j24-1", "route_id": "762.TA.91-5-D-j24-1.70.R", "mode": "rail", "line_name": "S5"}, {"line_id": "91-5-D-j24-1", "route_id": "532.TA.91-5-D-j24-1.19.R", "mode": "rail", "line_name": "S5"}, {"line_id": "91-5-D-j24-1", "route_id": "725.TA.91-5-D-j24-1.29.R", "mode": "rail", "line_name": "S5"}, {"line_id": "91-5-D-j24-1", "route_id": "685.TA.91-5-D-j24-1.24.R", "mode": "rail", "line_name": "S5"}], "predominant_mode": "rail", "assigned_canton": "Nidwalden", "modes_list": ["rail"]}, "geometry": {"type": "Point", "coordinates": [8.309851998358855, 46.982437312842194]}}, {"id": "11387", "type": "Feature", "properties": {"name": "Hergiswil NW, Allmendli", "lon": 8.312174778963454, "lat": 46.991942647001515, "stop_id": ["8595491.link:1414069"], "lines": [{"line_id": "92-Rot-j24-1", "route_id": "10.TA.92-Rot-j24-1.2.H", "mode": "bus", "line_name": "Rot"}], "predominant_mode": "bus", "assigned_canton": "Nidwalden", "modes_list": ["bus"]}, "geometry": {"type": "Point", "coordinates": [8.312174787242078, 46.991942657095336]}}, {"id": "11388", "type": "Feature", "properties": {"name": "Hergiswil NW, Althuserbr\u00fccke", "lon": 8.306784888914178, "lat": 46.99055783708601, "stop_id": ["8506240.link:162304"], "lines": [{"line_id": "92-Rot-j24-1", "route_id": "10.TA.92-Rot-j24-1.2.H", "mode": "bus", "line_name": "Rot"}], "predominant_mode": "bus", "assigned_canton": "Nidwalden", "modes_list": ["bus"]}, "geometry": {"type": "Point", "coordinates": [8.306784897187777, 46.990557847180796]}}, {"id": "11389", "type": "Feature", "properties": {"name": "Hergiswil NW, Badi", "lon": 8.313109029067817, "lat": 46.995116556987156, "stop_id": ["8510562.link:162249"], "lines": [{"line_id": "92-Rot-j24-1", "route_id": "10.TA.92-Rot-j24-1.2.H", "mode": "bus", "line_name": "Rot"}], "predominant_mode": "bus", "assigned_canton": "Nidwalden", "modes_list": ["bus"]}, "geometry": {"type": "Point", "coordinates": [8.313109037346488, 46.99511656708191]}}, {"id": "11390", "type": "Feature", "properties": {"name": "Hergiswil NW, Bahnhof", "lon": 8.310162548657397, "lat": 46.98261590703223, "stop_id": ["8591817.link:1794564", "8591817.link:1794565", "8591817.link:878103"], "lines": [{"line_id": "92-Rot-j24-1", "route_id": "10.TA.92-Rot-j24-1.2.H", "mode": "bus", "line_name": "Rot"}, {"line_id": "92-Bla-u-j24-1", "route_id": "17.TA.92-Bla-u-j24-1.2.H", "mode": "bus", "line_name": "Blau"}, {"line_id": "92-Rot-j24-1", "route_id": "10.TA.92-Rot-j24-1.2.H", "mode": "bus", "line_name": "Rot"}, {"line_id": "92-N4-A-j24-1", "route_id": "8.TA.92-N4-A-j24-1.2.R", "mode": "bus", "line_name": "N4"}, {"line_id": "92-Bla-u-j24-1", "route_id": "17.TA.92-Bla-u-j24-1.2.H", "mode": "bus", "line_name": "Blau"}], "predominant_mode": "bus", "assigned_canton": "Nidwalden", "modes_list": ["bus"]}, "geometry": {"type": "Point", "coordinates": [8.310162556936625, 46.982615917123056]}}, {"id": "11391", "type": "Feature", "properties": {"name": "Hergiswil NW, Buolterlistrasse", "lon": 8.304098918959761, "lat": 46.99201617712829, "stop_id": ["8506237.link:878145"], "lines": [{"line_id": "92-Rot-j24-1", "route_id": "10.TA.92-Rot-j24-1.2.H", "mode": "bus", "line_name": "Rot"}], "predominant_mode": "bus", "assigned_canton": "Nidwalden", "modes_list": ["bus"]}, "geometry": {"type": "Point", "coordinates": [8.304098927230255, 46.99201618722437]}}, {"id": "11392", "type": "Feature", "properties": {"name": "Hergiswil NW, B\u00fcelstrasse", "lon": 8.303488068722963, "lat": 46.98477921713718, "stop_id": ["8511759:0:A.link:1729801"], "lines": [{"line_id": "92-Bla-u-j24-1", "route_id": "17.TA.92-Bla-u-j24-1.2.H", "mode": "bus", "line_name": "Blau"}], "predominant_mode": "bus", "assigned_canton": "Nidwalden", "modes_list": ["bus"]}, "geometry": {"type": "Point", "coordinates": [8.30348807699488, 46.98477922723068]}}, {"id": "11393", "type": "Feature", "properties": {"name": "Hergiswil NW, Dorfhaldenstr.", "lon": 8.309273218689114, "lat": 46.98360870704626, "stop_id": ["8506231.link:722560"], "lines": [{"line_id": "92-Bla-u-j24-1", "route_id": "17.TA.92-Bla-u-j24-1.2.H", "mode": "bus", "line_name": "Blau"}], "predominant_mode": "bus", "assigned_canton": "Nidwalden", "modes_list": ["bus"]}, "geometry": {"type": "Point", "coordinates": [8.30927322696717, 46.98360871713771]}}, {"id": "11394", "type": "Feature", "properties": {"name": "Hergiswil NW, Gemeindehaus", "lon": 8.314357678868458, "lat": 46.98898302696696, "stop_id": ["8595490.link:1729844", "8595490.link:1729845"], "lines": [{"line_id": "92-Rot-j24-1", "route_id": "10.TA.92-Rot-j24-1.2.H", "mode": "bus", "line_name": "Rot"}, {"line_id": "92-Rot-j24-1", "route_id": "10.TA.92-Rot-j24-1.2.H", "mode": "bus", "line_name": "Rot"}], "predominant_mode": "bus", "assigned_canton": "Nidwalden", "modes_list": ["bus"]}, "geometry": {"type": "Point", "coordinates": [8.314357687150109, 46.988983037059086]}}, {"id": "11395", "type": "Feature", "properties": {"name": "Hergiswil NW, Grauenstein", "lon": 8.307683198713324, "lat": 46.984387007071334, "stop_id": ["8510560.link:722554"], "lines": [{"line_id": "92-Bla-u-j24-1", "route_id": "17.TA.92-Bla-u-j24-1.2.H", "mode": "bus", "line_name": "Blau"}], "predominant_mode": "bus", "assigned_canton": "Nidwalden", "modes_list": ["bus"]}, "geometry": {"type": "Point", "coordinates": [8.307683206989568, 46.98438701716349]}}, {"id": "11396", "type": "Feature", "properties": {"name": "Hergiswil NW, Kurplatz", "lon": 8.312722748810385, "lat": 46.987242706992475, "stop_id": ["8510561.link:1729851"], "lines": [{"line_id": "92-Rot-j24-1", "route_id": "10.TA.92-Rot-j24-1.2.H", "mode": "bus", "line_name": "Rot"}], "predominant_mode": "bus", "assigned_canton": "Nidwalden", "modes_list": ["bus"]}, "geometry": {"type": "Point", "coordinates": [8.312722757090881, 46.98724271708435]}}, {"id": "11397", "type": "Feature", "properties": {"name": "Hergiswil NW, K\u00e4ppelimattstr.", "lon": 8.312812578809433, "lat": 46.98721207699106, "stop_id": ["8511760:0:A.link:1729851"], "lines": [{"line_id": "92-Bla-u-j24-1", "route_id": "17.TA.92-Bla-u-j24-1.2.H", "mode": "bus", "line_name": "Blau"}], "predominant_mode": "bus", "assigned_canton": "Nidwalden", "modes_list": ["bus"]}, "geometry": {"type": "Point", "coordinates": [8.312812587090036, 46.98721208708288]}}, {"id": "11398", "type": "Feature", "properties": {"name": "Hergiswil NW, Mattli", "lon": 8.313782759024296, "lat": 46.99376858697644, "stop_id": ["8595494.link:162255"], "lines": [{"line_id": "92-N4-A-j24-1", "route_id": "8.TA.92-N4-A-j24-1.2.R", "mode": "bus", "line_name": "N4"}, {"line_id": "92-Rot-j24-1", "route_id": "10.TA.92-Rot-j24-1.2.H", "mode": "bus", "line_name": "Rot"}], "predominant_mode": "bus", "assigned_canton": "Nidwalden", "modes_list": ["bus"]}, "geometry": {"type": "Point", "coordinates": [8.31378276730402, 46.99376859707052]}}, {"id": "11399", "type": "Feature", "properties": {"name": "Hergiswil NW, Ober Buolterli", "lon": 8.303586878885316, "lat": 46.98974898713614, "stop_id": ["8511761:0:A.link:1796876"], "lines": [{"line_id": "92-Rot-j24-1", "route_id": "10.TA.92-Rot-j24-1.2.H", "mode": "bus", "line_name": "Rot"}], "predominant_mode": "bus", "assigned_canton": "Nidwalden", "modes_list": ["bus"]}, "geometry": {"type": "Point", "coordinates": [8.30358688715593, 46.98974899723149]}}, {"id": "11400", "type": "Feature", "properties": {"name": "Hergiswil NW, Obermatt", "lon": 8.310036789049674, "lat": 46.994632517035335, "stop_id": ["8595492.link:1876689"], "lines": [{"line_id": "92-Rot-j24-1", "route_id": "10.TA.92-Rot-j24-1.2.H", "mode": "bus", "line_name": "Rot"}], "predominant_mode": "bus", "assigned_canton": "Nidwalden", "modes_list": ["bus"]}, "geometry": {"type": "Point", "coordinates": [8.310036797325397, 46.99463252713078]}}, {"id": "11401", "type": "Feature", "properties": {"name": "Hergiswil NW, Renggstrasse", "lon": 8.305706908688832, "lat": 46.98368224710227, "stop_id": ["8506229.link:1729203"], "lines": [{"line_id": "92-Bla-u-j24-1", "route_id": "17.TA.92-Bla-u-j24-1.2.H", "mode": "bus", "line_name": "Blau"}], "predominant_mode": "bus", "assigned_canton": "Nidwalden", "modes_list": ["bus"]}, "geometry": {"type": "Point", "coordinates": [8.305706916963285, 46.983682257194765]}}, {"id": "11402", "type": "Feature", "properties": {"name": "Hergiswil NW, Schiffl\u00e4nde", "lon": 8.311788498724447, "lat": 46.98463213700691, "stop_id": ["8595489.link:878124"], "lines": [{"line_id": "92-Rot-j24-1", "route_id": "10.TA.92-Rot-j24-1.2.H", "mode": "bus", "line_name": "Rot"}], "predominant_mode": "bus", "assigned_canton": "Nidwalden", "modes_list": ["bus"]}, "geometry": {"type": "Point", "coordinates": [8.311788507004739, 46.984632147098054]}}, {"id": "11403", "type": "Feature", "properties": {"name": "Hergiswil NW, Schl\u00fcssel", "lon": 8.31153696914229, "lat": 46.997432537012045, "stop_id": ["8506246.link:322005"], "lines": [{"line_id": "92-Rot-j24-1", "route_id": "10.TA.92-Rot-j24-1.2.H", "mode": "bus", "line_name": "Rot"}], "predominant_mode": "bus", "assigned_canton": "Nidwalden", "modes_list": ["bus"]}, "geometry": {"type": "Point", "coordinates": [8.31153697741873, 46.99743254710817]}}, {"id": "11404", "type": "Feature", "properties": {"name": "Hergiswil NW, Schulhaus Dorf", "lon": 8.311815448735661, "lat": 46.98497531700653, "stop_id": ["8506235.link:878121"], "lines": [{"line_id": "92-Bla-u-j24-1", "route_id": "17.TA.92-Bla-u-j24-1.2.H", "mode": "bus", "line_name": "Blau"}, {"line_id": "92-Rot-j24-1", "route_id": "10.TA.92-Rot-j24-1.2.H", "mode": "bus", "line_name": "Rot"}], "predominant_mode": "bus", "assigned_canton": "Nidwalden", "modes_list": ["bus"]}, "geometry": {"type": "Point", "coordinates": [8.311815457015886, 46.9849753270978]}}, {"id": "11405", "type": "Feature", "properties": {"name": "Hergiswil NW, Sonnenbergstr.", "lon": 8.30744963900432, "lat": 46.99330291707586, "stop_id": ["8506244.link:878137"], "lines": [{"line_id": "92-Rot-j24-1", "route_id": "10.TA.92-Rot-j24-1.2.H", "mode": "bus", "line_name": "Rot"}], "predominant_mode": "bus", "assigned_canton": "Nidwalden", "modes_list": ["bus"]}, "geometry": {"type": "Point", "coordinates": [8.307449647277823, 46.99330292717152]}}, {"id": "11406", "type": "Feature", "properties": {"name": "Hergiswil NW, Sonnhaldenstr.", "lon": 8.306668099074365, "lat": 46.995465797088286, "stop_id": ["8506242.link:1876685"], "lines": [{"line_id": "92-Rot-j24-1", "route_id": "10.TA.92-Rot-j24-1.2.H", "mode": "bus", "line_name": "Rot"}], "predominant_mode": "bus", "assigned_canton": "Nidwalden", "modes_list": ["bus"]}, "geometry": {"type": "Point", "coordinates": [8.306668107346468, 46.995465807184964]}}, {"id": "11407", "type": "Feature", "properties": {"name": "Hergiswil NW, Wylpark", "lon": 8.313019188822794, "lat": 46.98761651698786, "stop_id": ["8506247.link:1729846"], "lines": [{"line_id": "92-Rot-j24-1", "route_id": "10.TA.92-Rot-j24-1.2.H", "mode": "bus", "line_name": "Rot"}], "predominant_mode": "bus", "assigned_canton": "Nidwalden", "modes_list": ["bus"]}, "geometry": {"type": "Point", "coordinates": [8.31301919710348, 46.98761652707979]}}, {"id": "11408", "type": "Feature", "properties": {"name": "Hergiswil NW, Zwyden", "lon": 8.310315258828163, "lat": 46.98784324703035, "stop_id": ["8506233.link:1730215"], "lines": [{"line_id": "92-Bla-u-j24-1", "route_id": "17.TA.92-Bla-u-j24-1.2.H", "mode": "bus", "line_name": "Blau"}], "predominant_mode": "bus", "assigned_canton": "Nidwalden", "modes_list": ["bus"]}, "geometry": {"type": "Point", "coordinates": [8.310315267106075, 46.98784325712313]}}, {"id": "12587", "type": "Feature", "properties": {"name": "Jochpass", "lon": 8.386699002079734, "lat": 46.778633655804946, "stop_id": ["8530372.link:pt_8530372"], "lines": [{"line_id": "93-253-7-j24-1", "route_id": "556.TA.93-253-7-j24-1.2.R", "mode": "cable car", "line_name": "2537"}, {"line_id": "93-253-8-j24-1", "route_id": "225.TA.93-253-8-j24-1.1.H", "mode": "cable car", "line_name": "2538"}, {"line_id": "93-253-8-j24-1", "route_id": "760.TA.93-253-8-j24-1.2.R", "mode": "cable car", "line_name": "2538"}, {"line_id": "93-253-7-j24-1", "route_id": "157.TA.93-253-7-j24-1.1.H", "mode": "cable car", "line_name": "2537"}], "predominant_mode": "cable car", "assigned_canton": "Nidwalden", "modes_list": ["cable car"]}, "geometry": {"type": "Point", "coordinates": [8.386699010492533, 46.778633665793855]}}, {"id": "12813", "type": "Feature", "properties": {"name": "Kehrsiten Dorf", "lon": 8.36575029927762, "lat": 47.00034267616122, "stop_id": ["8508480.link:pt_8508480"], "lines": [{"line_id": "94-360-1-j24-1", "route_id": "22.TA.94-360-1-j24-1.16.R", "mode": "ferry", "line_name": "3601"}, {"line_id": "94-360-1-j24-1", "route_id": "29.TA.94-360-1-j24-1.20.R", "mode": "ferry", "line_name": "3601"}, {"line_id": "94-360-1-j24-1", "route_id": "15.TA.94-360-1-j24-1.36.H", "mode": "ferry", "line_name": "3601"}, {"line_id": "94-360-1-j24-1", "route_id": "27.TA.94-360-1-j24-1.20.R", "mode": "ferry", "line_name": "3601"}, {"line_id": "94-360-1-j24-1", "route_id": "13.TA.94-360-1-j24-1.8.H", "mode": "ferry", "line_name": "3601"}, {"line_id": "94-360-1-j24-1", "route_id": "11.TA.94-360-1-j24-1.5.H", "mode": "ferry", "line_name": "3601"}], "predominant_mode": "ferry", "assigned_canton": "Nidwalden", "modes_list": ["ferry"]}, "geometry": {"type": "Point", "coordinates": [8.365750307607549, 47.00034268624341]}}, {"id": "12814", "type": "Feature", "properties": {"name": "Kehrsiten-B\u00fcrgenstock", "lon": 8.382423029376248, "lat": 47.00298924589964, "stop_id": ["8508489.link:617031", "8508489.link:617032", "8508489.link:pt_8508489"], "lines": [{"line_id": "93-84-Y-j24-1", "route_id": "49.TA.93-84-Y-j24-1.2.R", "mode": "funicular", "line_name": "FUN"}, {"line_id": "93-84-Y-j24-1", "route_id": "3.TA.93-84-Y-j24-1.1.H", "mode": "funicular", "line_name": "FUN"}, {"line_id": "94-360-1-j24-1", "route_id": "13.TA.94-360-1-j24-1.8.H", "mode": "ferry", "line_name": "3601"}, {"line_id": "94-360-0-j24-1", "route_id": "77.TA.94-360-0-j24-1.34.R", "mode": "ferry", "line_name": "3600"}, {"line_id": "94-360-1-j24-1", "route_id": "15.TA.94-360-1-j24-1.36.H", "mode": "ferry", "line_name": "3601"}, {"line_id": "94-360-2-j24-1", "route_id": "40.TA.94-360-2-j24-1.7.R", "mode": "ferry", "line_name": "3602"}, {"line_id": "94-360-0-j24-1", "route_id": "90.TA.94-360-0-j24-1.41.R", "mode": "ferry", "line_name": "3600"}, {"line_id": "94-360-2-j24-1", "route_id": "28.TA.94-360-2-j24-1.6.H", "mode": "ferry", "line_name": "3602"}], "predominant_mode": "funicular", "assigned_canton": "Nidwalden", "modes_list": ["ferry", "funicular"]}, "geometry": {"type": "Point", "coordinates": [8.382423037722084, 47.002989255978186]}}, {"id": "13033", "type": "Feature", "properties": {"name": "Klewenalp", "lon": 8.472964227398199, "lat": 46.94039233447175, "stop_id": ["8508496.link:pt_8508496"], "lines": [{"line_id": "93-255-6-j24-1", "route_id": "54.TA.93-255-6-j24-1.1.H", "mode": "cable car", "line_name": "2556"}, {"line_id": "93-255-6-j24-1", "route_id": "79.TA.93-255-6-j24-1.2.R", "mode": "cable car", "line_name": "2556"}], "predominant_mode": "cable car", "assigned_canton": "Nidwalden", "modes_list": ["cable car"]}, "geometry": {"type": "Point", "coordinates": [8.472964235852071, 46.94039234450099]}}, {"id": "13468", "type": "Feature", "properties": {"name": "K\u00e4lti", "lon": 8.351071827545656, "lat": 46.94760464638643, "stop_id": ["8508361.link:pt_8508361"], "lines": [{"line_id": "93-8E-Y-j24-1", "route_id": "15.TA.93-8E-Y-j24-1.1.H", "mode": "funicular", "line_name": "FUN"}, {"line_id": "93-8C-Y-j24-1", "route_id": "45.TA.93-8C-Y-j24-1.2.R", "mode": "cable car", "line_name": "PB"}, {"line_id": "93-8E-Y-j24-1", "route_id": "40.TA.93-8E-Y-j24-1.2.R", "mode": "funicular", "line_name": "FUN"}, {"line_id": "93-8C-Y-j24-1", "route_id": "24.TA.93-8C-Y-j24-1.1.H", "mode": "cable car", "line_name": "PB"}], "predominant_mode": "Mixed", "assigned_canton": "Nidwalden", "modes_list": ["cable car", "funicular"]}, "geometry": {"type": "Point", "coordinates": [8.351071835875777, 46.94760465645248]}}, {"id": "18879", "type": "Feature", "properties": {"name": "Niederbauen", "lon": 8.53485814763594, "lat": 46.94638426350045, "stop_id": ["8530386.link:pt_8530386"], "lines": [{"line_id": "93-7A-Y-j24-1", "route_id": "31.TA.93-7A-Y-j24-1.1.H", "mode": "cable car", "line_name": "PB"}, {"line_id": "93-7A-Y-j24-1", "route_id": "101.TA.93-7A-Y-j24-1.2.R", "mode": "cable car", "line_name": "PB"}], "predominant_mode": "cable car", "assigned_canton": "Nidwalden", "modes_list": ["cable car"]}, "geometry": {"type": "Point", "coordinates": [8.53485815614948, 46.9463842735145]}}, {"id": "18951", "type": "Feature", "properties": {"name": "Niederrickenbach Dorf", "lon": 8.427051337017431, "lat": 46.92970088519156, "stop_id": ["8508497.link:pt_8508497"], "lines": [{"line_id": "93-8D-Y-j24-1", "route_id": "40.TA.93-8D-Y-j24-1.2.R", "mode": "cable car", "line_name": "PB"}, {"line_id": "93-8D-Y-j24-1", "route_id": "29.TA.93-8D-Y-j24-1.1.H", "mode": "cable car", "line_name": "PB"}], "predominant_mode": "cable car", "assigned_canton": "Nidwalden", "modes_list": ["cable car"]}, "geometry": {"type": "Point", "coordinates": [8.42705134542861, 46.92970089522954]}}, {"id": "18952", "type": "Feature", "properties": {"name": "Niederrickenbach Station", "lon": 8.395457586954521, "lat": 46.92846782568745, "stop_id": ["8508384:0:1.link:1682193", "8508384:0:1.link:1682194"], "lines": [{"line_id": "91-1J-Y-j24-1", "route_id": "82.TA.91-1J-Y-j24-1.7.H", "mode": "rail", "line_name": "IR"}, {"line_id": "91-1J-Y-j24-1", "route_id": "104.TA.91-1J-Y-j24-1.45.H", "mode": "rail", "line_name": "IR"}, {"line_id": "91-1J-Y-j24-1", "route_id": "109.TA.91-1J-Y-j24-1.9.H", "mode": "rail", "line_name": "IR"}, {"line_id": "91-1J-Y-j24-1", "route_id": "57.TA.91-1J-Y-j24-1.4.H", "mode": "rail", "line_name": "IR"}, {"line_id": "91-1J-Y-j24-1", "route_id": "51.TA.91-1J-Y-j24-1.23.H", "mode": "rail", "line_name": "IR"}, {"line_id": "91-1J-Y-j24-1", "route_id": "78.TA.91-1J-Y-j24-1.6.H", "mode": "rail", "line_name": "IR"}, {"line_id": "91-1J-Y-j24-1", "route_id": "168.TA.91-1J-Y-j24-1.14.R", "mode": "rail", "line_name": "IR"}, {"line_id": "91-1J-Y-j24-1", "route_id": "151.TA.91-1J-Y-j24-1.13.R", "mode": "rail", "line_name": "IR"}, {"line_id": "91-1J-Y-j24-1", "route_id": "193.TA.91-1J-Y-j24-1.16.R", "mode": "rail", "line_name": "IR"}, {"line_id": "91-44-A-j24-1", "route_id": "25.TA.91-44-A-j24-1.5.H", "mode": "rail", "line_name": "S44"}, {"line_id": "91-1J-Y-j24-1", "route_id": "181.TA.91-1J-Y-j24-1.15.R", "mode": "rail", "line_name": "IR"}], "predominant_mode": "rail", "assigned_canton": "Nidwalden", "modes_list": ["rail"]}, "geometry": {"type": "Point", "coordinates": [8.395457595334484, 46.92846783573378]}}, {"id": "18953", "type": "Feature", "properties": {"name": "Niederrickenbach Talstation", "lon": 8.397272176932647, "lat": 46.9277561956589, "stop_id": ["8530681.link:pt_8530681"], "lines": [{"line_id": "93-8D-Y-j24-1", "route_id": "40.TA.93-8D-Y-j24-1.2.R", "mode": "cable car", "line_name": "PB"}, {"line_id": "93-8D-Y-j24-1", "route_id": "29.TA.93-8D-Y-j24-1.1.H", "mode": "cable car", "line_name": "PB"}], "predominant_mode": "cable car", "assigned_canton": "Nidwalden", "modes_list": ["cable car"]}, "geometry": {"type": "Point", "coordinates": [8.39727218531462, 46.92775620570445]}}, {"id": "19214", "type": "Feature", "properties": {"name": "Obb\u00fcrgen, Abzw. Trogen", "lon": 8.389079549140705, "lat": 46.99563122579446, "stop_id": ["8579244.link:13314"], "lines": [{"line_id": "96-363-1-j24-1", "route_id": "28.TA.96-363-1-j24-1.1.H", "mode": "bus", "line_name": "321"}, {"line_id": "96-363-1-j24-1", "route_id": "35.TA.96-363-1-j24-1.2.H", "mode": "bus", "line_name": "321"}, {"line_id": "96-363-1-j24-1", "route_id": "48.TA.96-363-1-j24-1.2.H", "mode": "bus", "line_name": "321"}], "predominant_mode": "bus", "assigned_canton": "Nidwalden", "modes_list": ["bus"]}, "geometry": {"type": "Point", "coordinates": [8.38907955749528, 46.99563123586835]}}, {"id": "19215", "type": "Feature", "properties": {"name": "Obb\u00fcrgen, Grabacher", "lon": 8.37014305887243, "lat": 46.98783711609105, "stop_id": ["8579841.link:1226117"], "lines": [{"line_id": "96-363-1-j24-1", "route_id": "28.TA.96-363-1-j24-1.1.H", "mode": "bus", "line_name": "321"}, {"line_id": "96-363-1-j24-1", "route_id": "35.TA.96-363-1-j24-1.2.H", "mode": "bus", "line_name": "321"}, {"line_id": "96-363-1-j24-1", "route_id": "48.TA.96-363-1-j24-1.2.H", "mode": "bus", "line_name": "321"}], "predominant_mode": "bus", "assigned_canton": "Nidwalden", "modes_list": ["bus"]}, "geometry": {"type": "Point", "coordinates": [8.370143067210295, 46.98783712616726]}}, {"id": "19216", "type": "Feature", "properties": {"name": "Obb\u00fcrgen, Moos", "lon": 8.381767259040572, "lat": 46.99272695590899, "stop_id": ["8579242.link:374569"], "lines": [{"line_id": "96-363-1-j24-1", "route_id": "28.TA.96-363-1-j24-1.1.H", "mode": "bus", "line_name": "321"}, {"line_id": "96-363-1-j24-1", "route_id": "35.TA.96-363-1-j24-1.2.H", "mode": "bus", "line_name": "321"}, {"line_id": "96-363-1-j24-1", "route_id": "48.TA.96-363-1-j24-1.2.H", "mode": "bus", "line_name": "321"}], "predominant_mode": "bus", "assigned_canton": "Nidwalden", "modes_list": ["bus"]}, "geometry": {"type": "Point", "coordinates": [8.38176726738867, 46.9927269659838]}}, {"id": "19217", "type": "Feature", "properties": {"name": "Obb\u00fcrgen, Unter-Misli", "lon": 8.38589052910519, "lat": 46.99461413584445, "stop_id": ["8579842.link:370525"], "lines": [{"line_id": "96-363-1-j24-1", "route_id": "28.TA.96-363-1-j24-1.1.H", "mode": "bus", "line_name": "321"}, {"line_id": "96-363-1-j24-1", "route_id": "35.TA.96-363-1-j24-1.2.H", "mode": "bus", "line_name": "321"}, {"line_id": "96-363-1-j24-1", "route_id": "48.TA.96-363-1-j24-1.2.H", "mode": "bus", "line_name": "321"}], "predominant_mode": "bus", "assigned_canton": "Nidwalden", "modes_list": ["bus"]}, "geometry": {"type": "Point", "coordinates": [8.38589053745687, 46.9946141459188]}}, {"id": "19218", "type": "Feature", "properties": {"name": "Obb\u00fcrgen, alte Post", "lon": 8.362354668680233, "lat": 46.982125616212805, "stop_id": ["8508731.link:1772507", "8508731.link:37790", "8508731.link:37791"], "lines": [{"line_id": "96-363-1-j24-1", "route_id": "35.TA.96-363-1-j24-1.2.H", "mode": "bus", "line_name": "321"}, {"line_id": "96-363-1-j24-1", "route_id": "48.TA.96-363-1-j24-1.2.H", "mode": "bus", "line_name": "321"}, {"line_id": "96-363-1-j24-1", "route_id": "95.TA.96-363-1-j24-1.3.R", "mode": "bus", "line_name": "321"}, {"line_id": "96-363-1-j24-1", "route_id": "84.TA.96-363-1-j24-1.3.R", "mode": "bus", "line_name": "321"}, {"line_id": "96-363-1-j24-1", "route_id": "73.TA.96-363-1-j24-1.3.R", "mode": "bus", "line_name": "321"}, {"line_id": "96-363-1-j24-1", "route_id": "28.TA.96-363-1-j24-1.1.H", "mode": "bus", "line_name": "321"}, {"line_id": "96-363-1-j24-1", "route_id": "35.TA.96-363-1-j24-1.2.H", "mode": "bus", "line_name": "321"}, {"line_id": "96-363-1-j24-1", "route_id": "48.TA.96-363-1-j24-1.2.H", "mode": "bus", "line_name": "321"}], "predominant_mode": "bus", "assigned_canton": "Nidwalden", "modes_list": ["bus"]}, "geometry": {"type": "Point", "coordinates": [8.362354677011925, 46.98212562628895]}}, {"id": "19274", "type": "Feature", "properties": {"name": "Oberdorf NW, Kaserne", "lon": 8.3867349479122, "lat": 46.95804114582761, "stop_id": ["8581521.link:193237"], "lines": [{"line_id": "96-363-7-j24-1", "route_id": "85.TA.96-363-7-j24-1.5.R", "mode": "bus", "line_name": "324"}, {"line_id": "96-363-7-j24-1", "route_id": "103.TA.96-363-7-j24-1.9.R", "mode": "bus", "line_name": "324"}, {"line_id": "96-363-7-j24-1", "route_id": "77.TA.96-363-7-j24-1.5.R", "mode": "bus", "line_name": "324"}, {"line_id": "96-363-7-j24-1", "route_id": "52.TA.96-363-7-j24-1.7.R", "mode": "bus", "line_name": "324"}, {"line_id": "96-363-7-j24-1", "route_id": "44.TA.96-363-7-j24-1.6.H", "mode": "bus", "line_name": "324"}, {"line_id": "96-363-7-j24-1", "route_id": "87.TA.96-363-7-j24-1.9.R", "mode": "bus", "line_name": "324"}, {"line_id": "96-363-7-j24-1", "route_id": "60.TA.96-363-7-j24-1.8.R", "mode": "bus", "line_name": "324"}], "predominant_mode": "bus", "assigned_canton": "Nidwalden", "modes_list": ["bus"]}, "geometry": {"type": "Point", "coordinates": [8.386734956275097, 46.95804115588777]}}, {"id": "19275", "type": "Feature", "properties": {"name": "Oberdorf NW, Schulhaus", "lon": 8.384821527850198, "lat": 46.95618332585743, "stop_id": ["8581504.link:420929", "8581504.link:420930", "8581504.link:420931"], "lines": [{"line_id": "96-363-7-j24-1", "route_id": "44.TA.96-363-7-j24-1.6.H", "mode": "bus", "line_name": "324"}, {"line_id": "96-363-7-j24-1", "route_id": "85.TA.96-363-7-j24-1.5.R", "mode": "bus", "line_name": "324"}, {"line_id": "96-363-7-j24-1", "route_id": "103.TA.96-363-7-j24-1.9.R", "mode": "bus", "line_name": "324"}, {"line_id": "96-363-7-j24-1", "route_id": "49.TA.96-363-7-j24-1.3.R", "mode": "bus", "line_name": "324"}, {"line_id": "96-363-7-j24-1", "route_id": "52.TA.96-363-7-j24-1.7.R", "mode": "bus", "line_name": "324"}, {"line_id": "96-363-7-j24-1", "route_id": "77.TA.96-363-7-j24-1.5.R", "mode": "bus", "line_name": "324"}, {"line_id": "96-363-7-j24-1", "route_id": "87.TA.96-363-7-j24-1.9.R", "mode": "bus", "line_name": "324"}, {"line_id": "96-363-7-j24-1", "route_id": "60.TA.96-363-7-j24-1.8.R", "mode": "bus", "line_name": "324"}, {"line_id": "96-363-7-j24-1", "route_id": "1.TA.96-363-7-j24-1.1.H", "mode": "bus", "line_name": "324"}], "predominant_mode": "bus", "assigned_canton": "Nidwalden", "modes_list": ["bus"]}, "geometry": {"type": "Point", "coordinates": [8.384821536211703, 46.95618333591742]}}, {"id": "19276", "type": "Feature", "properties": {"name": "Oberdorf NW, Schulhausstrasse", "lon": 8.38044673787682, "lat": 46.95709691592624, "stop_id": ["8581584.link:1836078", "8581584.link:1836079"], "lines": [{"line_id": "96-363-7-j24-1", "route_id": "85.TA.96-363-7-j24-1.5.R", "mode": "bus", "line_name": "324"}, {"line_id": "96-363-7-j24-1", "route_id": "103.TA.96-363-7-j24-1.9.R", "mode": "bus", "line_name": "324"}, {"line_id": "96-363-7-j24-1", "route_id": "77.TA.96-363-7-j24-1.5.R", "mode": "bus", "line_name": "324"}, {"line_id": "96-363-7-j24-1", "route_id": "52.TA.96-363-7-j24-1.7.R", "mode": "bus", "line_name": "324"}, {"line_id": "96-363-7-j24-1", "route_id": "87.TA.96-363-7-j24-1.9.R", "mode": "bus", "line_name": "324"}, {"line_id": "96-363-7-j24-1", "route_id": "60.TA.96-363-7-j24-1.8.R", "mode": "bus", "line_name": "324"}, {"line_id": "96-363-7-j24-1", "route_id": "44.TA.96-363-7-j24-1.6.H", "mode": "bus", "line_name": "324"}], "predominant_mode": "bus", "assigned_canton": "Nidwalden", "modes_list": ["bus"]}, "geometry": {"type": "Point", "coordinates": [8.38044674623369, 46.95709692598779]}}, {"id": "19277", "type": "Feature", "properties": {"name": "Oberdorf NW, Wilrank", "lon": 8.376485167855511, "lat": 46.95653282598835, "stop_id": ["8581520.link:421366", "8581520.link:421367"], "lines": [{"line_id": "96-363-7-j24-1", "route_id": "44.TA.96-363-7-j24-1.6.H", "mode": "bus", "line_name": "324"}, {"line_id": "96-363-7-j24-1", "route_id": "85.TA.96-363-7-j24-1.5.R", "mode": "bus", "line_name": "324"}, {"line_id": "96-363-7-j24-1", "route_id": "103.TA.96-363-7-j24-1.9.R", "mode": "bus", "line_name": "324"}, {"line_id": "96-363-7-j24-1", "route_id": "77.TA.96-363-7-j24-1.5.R", "mode": "bus", "line_name": "324"}, {"line_id": "96-363-7-j24-1", "route_id": "52.TA.96-363-7-j24-1.7.R", "mode": "bus", "line_name": "324"}, {"line_id": "96-363-7-j24-1", "route_id": "87.TA.96-363-7-j24-1.9.R", "mode": "bus", "line_name": "324"}, {"line_id": "96-363-7-j24-1", "route_id": "60.TA.96-363-7-j24-1.8.R", "mode": "bus", "line_name": "324"}], "predominant_mode": "bus", "assigned_canton": "Nidwalden", "modes_list": ["bus"]}, "geometry": {"type": "Point", "coordinates": [8.376485176208575, 46.95653283605079]}}, {"id": "19438", "type": "Feature", "properties": {"name": "Oberrickenbach, Burgholz", "lon": 8.407962135856657, "lat": 46.89447084548716, "stop_id": ["8572921.link:1151538", "8572921.link:1151539"], "lines": [{"line_id": "96-363-4-j24-1", "route_id": "2.TA.96-363-4-j24-1.1.H", "mode": "bus", "line_name": "331"}, {"line_id": "96-363-4-j24-1", "route_id": "1.TA.96-363-4-j24-1.1.H", "mode": "bus", "line_name": "331"}, {"line_id": "96-363-4-j24-1", "route_id": "10.TA.96-363-4-j24-1.1.H", "mode": "bus", "line_name": "331"}, {"line_id": "96-363-4-j24-1", "route_id": "16.TA.96-363-4-j24-1.2.R", "mode": "bus", "line_name": "331"}, {"line_id": "96-363-4-j24-1", "route_id": "21.TA.96-363-4-j24-1.2.R", "mode": "bus", "line_name": "331"}], "predominant_mode": "bus", "assigned_canton": "Nidwalden", "modes_list": ["bus"]}, "geometry": {"type": "Point", "coordinates": [8.407962144258683, 46.89447085551671]}}, {"id": "19439", "type": "Feature", "properties": {"name": "Oberrickenbach, Sch\u00fcrmatt", "lon": 8.41249862580661, "lat": 46.89283181541573, "stop_id": ["8572922.link:1151546", "8572922.link:1151547"], "lines": [{"line_id": "96-363-4-j24-1", "route_id": "2.TA.96-363-4-j24-1.1.H", "mode": "bus", "line_name": "331"}, {"line_id": "96-363-4-j24-1", "route_id": "1.TA.96-363-4-j24-1.1.H", "mode": "bus", "line_name": "331"}, {"line_id": "96-363-4-j24-1", "route_id": "10.TA.96-363-4-j24-1.1.H", "mode": "bus", "line_name": "331"}, {"line_id": "96-363-4-j24-1", "route_id": "16.TA.96-363-4-j24-1.2.R", "mode": "bus", "line_name": "331"}, {"line_id": "96-363-4-j24-1", "route_id": "21.TA.96-363-4-j24-1.2.R", "mode": "bus", "line_name": "331"}], "predominant_mode": "bus", "assigned_canton": "Nidwalden", "modes_list": ["bus"]}, "geometry": {"type": "Point", "coordinates": [8.412498634213632, 46.89283182544336]}}, {"id": "19440", "type": "Feature", "properties": {"name": "Oberrickenbach, Talstat. LFCH", "lon": 8.420682275503129, "lat": 46.88332201528605, "stop_id": ["8508727.link:715727", "8508727.link:715728"], "lines": [{"line_id": "96-363-4-j24-1", "route_id": "2.TA.96-363-4-j24-1.1.H", "mode": "bus", "line_name": "331"}, {"line_id": "96-363-4-j24-1", "route_id": "1.TA.96-363-4-j24-1.1.H", "mode": "bus", "line_name": "331"}, {"line_id": "96-363-4-j24-1", "route_id": "10.TA.96-363-4-j24-1.1.H", "mode": "bus", "line_name": "331"}, {"line_id": "96-363-4-j24-1", "route_id": "16.TA.96-363-4-j24-1.2.R", "mode": "bus", "line_name": "331"}, {"line_id": "96-363-4-j24-1", "route_id": "21.TA.96-363-4-j24-1.2.R", "mode": "bus", "line_name": "331"}], "predominant_mode": "bus", "assigned_canton": "Nidwalden", "modes_list": ["bus"]}, "geometry": {"type": "Point", "coordinates": [8.420682283921007, 46.883322025307656]}}, {"id": "19441", "type": "Feature", "properties": {"name": "Oberrickenbach, alte Post", "lon": 8.417367495672893, "lat": 46.88861431533876, "stop_id": ["8508725.link:1372358", "8508725.link:1372359"], "lines": [{"line_id": "96-363-4-j24-1", "route_id": "2.TA.96-363-4-j24-1.1.H", "mode": "bus", "line_name": "331"}, {"line_id": "96-363-4-j24-1", "route_id": "1.TA.96-363-4-j24-1.1.H", "mode": "bus", "line_name": "331"}, {"line_id": "96-363-4-j24-1", "route_id": "10.TA.96-363-4-j24-1.1.H", "mode": "bus", "line_name": "331"}, {"line_id": "96-363-4-j24-1", "route_id": "16.TA.96-363-4-j24-1.2.R", "mode": "bus", "line_name": "331"}, {"line_id": "96-363-4-j24-1", "route_id": "21.TA.96-363-4-j24-1.2.R", "mode": "bus", "line_name": "331"}], "predominant_mode": "bus", "assigned_canton": "Nidwalden", "modes_list": ["bus"]}, "geometry": {"type": "Point", "coordinates": [8.417367504085973, 46.88861432536335]}}, {"id": "25532", "type": "Feature", "properties": {"name": "St. Jakob (Ennetmoos)", "lon": 8.306668097081529, "lat": 46.93438747708205, "stop_id": ["8508733.link:1830954", "8508733.link:869097", "8508733.link:869098"], "lines": [{"line_id": "96-363-5-j24-1", "route_id": "2.TA.96-363-5-j24-1.1.H", "mode": "bus", "line_name": "313"}, {"line_id": "96-360-0-j24-1", "route_id": "59.TA.96-360-0-j24-1.30.R", "mode": "bus", "line_name": "312"}, {"line_id": "96-360-0-j24-1", "route_id": "119.TA.96-360-0-j24-1.14.R", "mode": "bus", "line_name": "312"}, {"line_id": "96-360-0-j24-1", "route_id": "62.TA.96-360-0-j24-1.9.R", "mode": "bus", "line_name": "312"}, {"line_id": "96-360-0-j24-1", "route_id": "67.TA.96-360-0-j24-1.11.R", "mode": "bus", "line_name": "312"}, {"line_id": "96-360-0-j24-1", "route_id": "99.TA.96-360-0-j24-1.13.R", "mode": "bus", "line_name": "312"}, {"line_id": "96-360-0-j24-1", "route_id": "91.TA.96-360-0-j24-1.12.R", "mode": "bus", "line_name": "312"}, {"line_id": "96-363-5-j24-1", "route_id": "11.TA.96-363-5-j24-1.2.R", "mode": "bus", "line_name": "313"}, {"line_id": "96-360-0-j24-1", "route_id": "60.TA.96-360-0-j24-1.8.R", "mode": "bus", "line_name": "312"}, {"line_id": "96-360-0-j24-1", "route_id": "63.TA.96-360-0-j24-1.10.R", "mode": "bus", "line_name": "312"}, {"line_id": "96-360-0-j24-1", "route_id": "56.TA.96-360-0-j24-1.7.H", "mode": "bus", "line_name": "312"}, {"line_id": "96-360-0-j24-1", "route_id": "2.TA.96-360-0-j24-1.5.H", "mode": "bus", "line_name": "312"}, {"line_id": "96-360-0-j24-1", "route_id": "45.TA.96-360-0-j24-1.6.H", "mode": "bus", "line_name": "312"}, {"line_id": "96-360-0-j24-1", "route_id": "55.TA.96-360-0-j24-1.15.H", "mode": "bus", "line_name": "312"}], "predominant_mode": "bus", "assigned_canton": "Nidwalden", "modes_list": ["bus"]}, "geometry": {"type": "Point", "coordinates": [8.306668105370726, 46.934387487155256]}}, {"id": "25742", "type": "Feature", "properties": {"name": "Stand", "lon": 8.417017142227454, "lat": 46.78250916532956, "stop_id": ["8508494.link:pt_8508494"], "lines": [{"line_id": "93-253-4-j24-1", "route_id": "208.TA.93-253-4-j24-1.1.H", "mode": "cable car", "line_name": "2534"}, {"line_id": "93-253-5-j24-1", "route_id": "824.TA.93-253-5-j24-1.2.R", "mode": "cable car", "line_name": "2535"}, {"line_id": "93-253-5-j24-1", "route_id": "140.TA.93-253-5-j24-1.1.H", "mode": "cable car", "line_name": "2535"}, {"line_id": "93-253-4-j24-1", "route_id": "598.TA.93-253-4-j24-1.2.R", "mode": "cable car", "line_name": "2534"}], "predominant_mode": "cable car", "assigned_canton": "Nidwalden", "modes_list": ["cable car"]}, "geometry": {"type": "Point", "coordinates": [8.41701715066968, 46.78250917531164]}}, {"id": "25743", "type": "Feature", "properties": {"name": "Stans", "lon": 8.366495902906074, "lat": 46.958307856145396, "stop_id": ["8508391:0:1.link:1309402", "8508391:0:1.link:1309403", "8508391:0:2.link:1309402", "8508391:0:2.link:1309403"], "lines": [{"line_id": "91-1J-Y-j24-1", "route_id": "168.TA.91-1J-Y-j24-1.14.R", "mode": "rail", "line_name": "IR"}, {"line_id": "91-4-D-j24-1", "route_id": "132.TA.91-4-D-j24-1.9.H", "mode": "rail", "line_name": "S4"}, {"line_id": "91-4-D-j24-1", "route_id": "166.TA.91-4-D-j24-1.12.H", "mode": "rail", "line_name": "S4"}, {"line_id": "91-44-A-j24-1", "route_id": "8.TA.91-44-A-j24-1.2.H", "mode": "rail", "line_name": "S44"}, {"line_id": "91-1J-Y-j24-1", "route_id": "151.TA.91-1J-Y-j24-1.13.R", "mode": "rail", "line_name": "IR"}, {"line_id": "91-4-D-j24-1", "route_id": "121.TA.91-4-D-j24-1.8.H", "mode": "rail", "line_name": "S4"}, {"line_id": "91-1J-Y-j24-1", "route_id": "193.TA.91-1J-Y-j24-1.16.R", "mode": "rail", "line_name": "IR"}, {"line_id": "91-4-D-j24-1", "route_id": "144.TA.91-4-D-j24-1.9.H", "mode": "rail", "line_name": "S4"}, {"line_id": "91-44-A-j24-1", "route_id": "25.TA.91-44-A-j24-1.5.H", "mode": "rail", "line_name": "S44"}, {"line_id": "91-1J-Y-j24-1", "route_id": "181.TA.91-1J-Y-j24-1.15.R", "mode": "rail", "line_name": "IR"}, {"line_id": "91-4-D-j24-1", "route_id": "115.TA.91-4-D-j24-1.5.H", "mode": "rail", "line_name": "S4"}, {"line_id": "91-44-A-j24-1", "route_id": "16.TA.91-44-A-j24-1.4.H", "mode": "rail", "line_name": "S44"}, {"line_id": "91-4-D-j24-1", "route_id": "319.TA.91-4-D-j24-1.24.R", "mode": "rail", "line_name": "S4"}, {"line_id": "91-1J-Y-j24-1", "route_id": "82.TA.91-1J-Y-j24-1.7.H", "mode": "rail", "line_name": "IR"}, {"line_id": "91-1J-Y-j24-1", "route_id": "104.TA.91-1J-Y-j24-1.45.H", "mode": "rail", "line_name": "IR"}, {"line_id": "91-4-D-j24-1", "route_id": "344.TA.91-4-D-j24-1.27.R", "mode": "rail", "line_name": "S4"}, {"line_id": "91-4-D-j24-1", "route_id": "409.TA.91-4-D-j24-1.33.R", "mode": "rail", "line_name": "S4"}, {"line_id": "91-44-A-j24-1", "route_id": "37.TA.91-44-A-j24-1.8.R", "mode": "rail", "line_name": "S44"}, {"line_id": "91-1J-Y-j24-1", "route_id": "109.TA.91-1J-Y-j24-1.9.H", "mode": "rail", "line_name": "IR"}, {"line_id": "91-4-D-j24-1", "route_id": "389.TA.91-4-D-j24-1.32.R", "mode": "rail", "line_name": "S4"}, {"line_id": "91-1J-Y-j24-1", "route_id": "57.TA.91-1J-Y-j24-1.4.H", "mode": "rail", "line_name": "IR"}, {"line_id": "91-4-D-j24-1", "route_id": "411.TA.91-4-D-j24-1.53.R", "mode": "rail", "line_name": "S4"}, {"line_id": "91-44-A-j24-1", "route_id": "30.TA.91-44-A-j24-1.6.R", "mode": "rail", "line_name": "S44"}, {"line_id": "91-4-D-j24-1", "route_id": "376.TA.91-4-D-j24-1.30.R", "mode": "rail", "line_name": "S4"}, {"line_id": "91-4-D-j24-1", "route_id": "263.TA.91-4-D-j24-1.17.R", "mode": "rail", "line_name": "S4"}, {"line_id": "91-1J-Y-j24-1", "route_id": "51.TA.91-1J-Y-j24-1.23.H", "mode": "rail", "line_name": "IR"}, {"line_id": "91-4-D-j24-1", "route_id": "351.TA.91-4-D-j24-1.27.R", "mode": "rail", "line_name": "S4"}, {"line_id": "91-1J-Y-j24-1", "route_id": "78.TA.91-1J-Y-j24-1.6.H", "mode": "rail", "line_name": "IR"}, {"line_id": "91-4-D-j24-1", "route_id": "330.TA.91-4-D-j24-1.27.R", "mode": "rail", "line_name": "S4"}, {"line_id": "91-44-A-j24-1", "route_id": "45.TA.91-44-A-j24-1.11.R", "mode": "rail", "line_name": "S44"}, {"line_id": "91-4-D-j24-1", "route_id": "76.TA.91-4-D-j24-1.3.H", "mode": "rail", "line_name": "S4"}, {"line_id": "91-4-D-j24-1", "route_id": "52.TA.91-4-D-j24-1.2.H", "mode": "rail", "line_name": "S4"}, {"line_id": "91-4-D-j24-1", "route_id": "85.TA.91-4-D-j24-1.4.H", "mode": "rail", "line_name": "S4"}, {"line_id": "91-4-D-j24-1", "route_id": "314.TA.91-4-D-j24-1.22.R", "mode": "rail", "line_name": "S4"}, {"line_id": "91-4-D-j24-1", "route_id": "303.TA.91-4-D-j24-1.35.R", "mode": "rail", "line_name": "S4"}, {"line_id": "91-44-A-j24-1", "route_id": "48.TA.91-44-A-j24-1.12.R", "mode": "rail", "line_name": "S44"}, {"line_id": "91-4-D-j24-1", "route_id": "268.TA.91-4-D-j24-1.18.R", "mode": "rail", "line_name": "S4"}, {"line_id": "91-4-D-j24-1", "route_id": "308.TA.91-4-D-j24-1.21.R", "mode": "rail", "line_name": "S4"}, {"line_id": "91-4-D-j24-1", "route_id": "254.TA.91-4-D-j24-1.16.R", "mode": "rail", "line_name": "S4"}], "predominant_mode": "rail", "assigned_canton": "Nidwalden", "modes_list": ["rail"]}, "geometry": {"type": "Point", "coordinates": [8.366495911248641, 46.958307866211314]}}, {"id": "25744", "type": "Feature", "properties": {"name": "Stans (Stanserhornbahn)", "lon": 8.363369767905693, "lat": 46.95836610619446, "stop_id": ["8508360.link:pt_8508360"], "lines": [{"line_id": "93-8E-Y-j24-1", "route_id": "15.TA.93-8E-Y-j24-1.1.H", "mode": "funicular", "line_name": "FUN"}, {"line_id": "93-8E-Y-j24-1", "route_id": "40.TA.93-8E-Y-j24-1.2.R", "mode": "funicular", "line_name": "FUN"}], "predominant_mode": "funicular", "assigned_canton": "Nidwalden", "modes_list": ["funicular"]}, "geometry": {"type": "Point", "coordinates": [8.36336977624511, 46.95836611626126]}}, {"id": "25745", "type": "Feature", "properties": {"name": "Stans, Bahnhof", "lon": 8.366447987916326, "lat": 46.95862259614617, "stop_id": ["8508896.link:503599", "8508896.link:982270", "8508896:0:A.link:1308979", "8508896:0:A.link:1308980", "8508896:0:B.link:1308979", "8508896:0:B.link:1308980", "8508896:0:C.link:1308979", "8508896:0:C.link:1308980", "8508896:0:D.link:1308979", "8508896:0:D.link:1308980", "8508896:0:E.link:1308979", "8508896:0:E.link:1308980"], "lines": [{"line_id": "92-N4-A-j24-1", "route_id": "8.TA.92-N4-A-j24-1.2.R", "mode": "bus", "line_name": "N4"}, {"line_id": "92-N4-A-j24-1", "route_id": "2.TA.92-N4-A-j24-1.1.H", "mode": "bus", "line_name": "N4"}, {"line_id": "96-363-0-j24-1", "route_id": "154.TA.96-363-0-j24-1.9.H", "mode": "bus", "line_name": "311"}, {"line_id": "96-363-0-j24-1", "route_id": "138.TA.96-363-0-j24-1.7.H", "mode": "bus", "line_name": "311"}, {"line_id": "96-363-0-j24-1", "route_id": "122.TA.96-363-0-j24-1.6.H", "mode": "bus", "line_name": "311"}, {"line_id": "96-358-9-j24-1", "route_id": "3.TA.96-358-9-j24-1.1.H", "mode": "bus", "line_name": "N44"}, {"line_id": "96-360-0-j24-1", "route_id": "59.TA.96-360-0-j24-1.30.R", "mode": "bus", "line_name": "312"}, {"line_id": "96-363-0-j24-1", "route_id": "213.TA.96-363-0-j24-1.27.R", "mode": "bus", "line_name": "311"}, {"line_id": "96-363-8-j24-1", "route_id": "34.TA.96-363-8-j24-1.7.H", "mode": "bus", "line_name": "323"}, {"line_id": "96-363-0-j24-1", "route_id": "238.TA.96-363-0-j24-1.30.R", "mode": "bus", "line_name": "311"}, {"line_id": "96-363-0-j24-1", "route_id": "289.TA.96-363-0-j24-1.35.R", "mode": "bus", "line_name": "311"}, {"line_id": "96-363-0-j24-1", "route_id": "300.TA.96-363-0-j24-1.38.R", "mode": "bus", "line_name": "311"}, {"line_id": "96-360-0-j24-1", "route_id": "67.TA.96-360-0-j24-1.11.R", "mode": "bus", "line_name": "312"}, {"line_id": "96-363-0-j24-1", "route_id": "36.TA.96-363-0-j24-1.21.H", "mode": "bus", "line_name": "311"}, {"line_id": "96-363-7-j24-1", "route_id": "52.TA.96-363-7-j24-1.7.R", "mode": "bus", "line_name": "324"}, {"line_id": "96-363-0-j24-1", "route_id": "313.TA.96-363-0-j24-1.40.R", "mode": "bus", "line_name": "311"}, {"line_id": "96-358-9-j24-1", "route_id": "5.TA.96-358-9-j24-1.3.R", "mode": "bus", "line_name": "N44"}, {"line_id": "96-363-0-j24-1", "route_id": "201.TA.96-363-0-j24-1.25.R", "mode": "bus", "line_name": "311"}, {"line_id": "96-363-0-j24-1", "route_id": "62.TA.96-363-0-j24-1.3.H", "mode": "bus", "line_name": "311"}, {"line_id": "96-363-3-j24-1", "route_id": "6.TA.96-363-3-j24-1.1.H", "mode": "bus", "line_name": "310"}, {"line_id": "96-363-0-j24-1", "route_id": "150.TA.96-363-0-j24-1.8.H", "mode": "bus", "line_name": "311"}, {"line_id": "96-363-3-j24-1", "route_id": "2.TA.96-363-3-j24-1.1.H", "mode": "bus", "line_name": "310"}, {"line_id": "96-363-0-j24-1", "route_id": "86.TA.96-363-0-j24-1.5.H", "mode": "bus", "line_name": "311"}, {"line_id": "96-363-0-j24-1", "route_id": "294.TA.96-363-0-j24-1.36.R", "mode": "bus", "line_name": "311"}, {"line_id": "96-363-0-j24-1", "route_id": "263.TA.96-363-0-j24-1.31.R", "mode": "bus", "line_name": "311"}, {"line_id": "96-363-0-j24-1", "route_id": "314.TA.96-363-0-j24-1.41.R", "mode": "bus", "line_name": "311"}, {"line_id": "96-363-0-j24-1", "route_id": "47.TA.96-363-0-j24-1.22.H", "mode": "bus", "line_name": "311"}, {"line_id": "96-360-0-j24-1", "route_id": "91.TA.96-360-0-j24-1.12.R", "mode": "bus", "line_name": "312"}, {"line_id": "96-363-3-j24-1", "route_id": "15.TA.96-363-3-j24-1.5.R", "mode": "bus", "line_name": "310"}, {"line_id": "96-363-8-j24-1", "route_id": "35.TA.96-363-8-j24-1.8.H", "mode": "bus", "line_name": "323"}, {"line_id": "96-360-0-j24-1", "route_id": "60.TA.96-360-0-j24-1.8.R", "mode": "bus", "line_name": "312"}, {"line_id": "96-363-3-j24-1", "route_id": "19.TA.96-363-3-j24-1.5.R", "mode": "bus", "line_name": "310"}, {"line_id": "96-363-7-j24-1", "route_id": "60.TA.96-363-7-j24-1.8.R", "mode": "bus", "line_name": "324"}, {"line_id": "96-363-3-j24-1", "route_id": "17.TA.96-363-3-j24-1.5.R", "mode": "bus", "line_name": "310"}, {"line_id": "96-360-0-j24-1", "route_id": "56.TA.96-360-0-j24-1.7.H", "mode": "bus", "line_name": "312"}, {"line_id": "96-363-0-j24-1", "route_id": "184.TA.96-363-0-j24-1.24.R", "mode": "bus", "line_name": "311"}, {"line_id": "96-360-0-j24-1", "route_id": "2.TA.96-360-0-j24-1.5.H", "mode": "bus", "line_name": "312"}, {"line_id": "96-360-0-j24-1", "route_id": "45.TA.96-360-0-j24-1.6.H", "mode": "bus", "line_name": "312"}, {"line_id": "96-360-0-j24-1", "route_id": "55.TA.96-360-0-j24-1.15.H", "mode": "bus", "line_name": "312"}, {"line_id": "96-363-0-j24-1", "route_id": "50.TA.96-363-0-j24-1.23.H", "mode": "bus", "line_name": "311"}, {"line_id": "96-363-0-j24-1", "route_id": "302.TA.96-363-0-j24-1.39.R", "mode": "bus", "line_name": "311"}, {"line_id": "96-363-8-j24-1", "route_id": "41.TA.96-363-8-j24-1.9.H", "mode": "bus", "line_name": "323"}, {"line_id": "96-360-0-j24-1", "route_id": "119.TA.96-360-0-j24-1.14.R", "mode": "bus", "line_name": "312"}, {"line_id": "96-363-7-j24-1", "route_id": "103.TA.96-363-7-j24-1.9.R", "mode": "bus", "line_name": "324"}, {"line_id": "96-363-0-j24-1", "route_id": "225.TA.96-363-0-j24-1.29.R", "mode": "bus", "line_name": "311"}, {"line_id": "96-363-0-j24-1", "route_id": "226.TA.96-363-0-j24-1.29.R", "mode": "bus", "line_name": "311"}, {"line_id": "96-363-0-j24-1", "route_id": "321.TA.96-363-0-j24-1.42.R", "mode": "bus", "line_name": "311"}, {"line_id": "96-363-0-j24-1", "route_id": "268.TA.96-363-0-j24-1.33.R", "mode": "bus", "line_name": "311"}, {"line_id": "96-360-0-j24-1", "route_id": "63.TA.96-360-0-j24-1.10.R", "mode": "bus", "line_name": "312"}, {"line_id": "96-363-7-j24-1", "route_id": "87.TA.96-363-7-j24-1.9.R", "mode": "bus", "line_name": "324"}, {"line_id": "96-363-8-j24-1", "route_id": "123.TA.96-363-8-j24-1.11.R", "mode": "bus", "line_name": "323"}, {"line_id": "96-363-0-j24-1", "route_id": "272.TA.96-363-0-j24-1.34.R", "mode": "bus", "line_name": "311"}, {"line_id": "96-363-8-j24-1", "route_id": "65.TA.96-363-8-j24-1.10.H", "mode": "bus", "line_name": "323"}, {"line_id": "96-363-7-j24-1", "route_id": "44.TA.96-363-7-j24-1.6.H", "mode": "bus", "line_name": "324"}, {"line_id": "96-363-0-j24-1", "route_id": "266.TA.96-363-0-j24-1.32.R", "mode": "bus", "line_name": "311"}, {"line_id": "96-360-0-j24-1", "route_id": "62.TA.96-360-0-j24-1.9.R", "mode": "bus", "line_name": "312"}, {"line_id": "96-360-0-j24-1", "route_id": "99.TA.96-360-0-j24-1.13.R", "mode": "bus", "line_name": "312"}, {"line_id": "96-363-7-j24-1", "route_id": "77.TA.96-363-7-j24-1.5.R", "mode": "bus", "line_name": "324"}, {"line_id": "96-363-7-j24-1", "route_id": "85.TA.96-363-7-j24-1.5.R", "mode": "bus", "line_name": "324"}], "predominant_mode": "bus", "assigned_canton": "Nidwalden", "modes_list": ["bus"]}, "geometry": {"type": "Point", "coordinates": [8.366447996258753, 46.95862260621224]}}, {"id": "25746", "type": "Feature", "properties": {"name": "Stans, Breiten", "lon": 8.378443498084536, "lat": 46.96350998595836, "stop_id": ["8580943.link:1433919", "8580943.link:1433920"], "lines": [{"line_id": "96-363-0-j24-1", "route_id": "62.TA.96-363-0-j24-1.3.H", "mode": "bus", "line_name": "311"}, {"line_id": "96-363-0-j24-1", "route_id": "154.TA.96-363-0-j24-1.9.H", "mode": "bus", "line_name": "311"}, {"line_id": "96-363-0-j24-1", "route_id": "122.TA.96-363-0-j24-1.6.H", "mode": "bus", "line_name": "311"}, {"line_id": "96-363-0-j24-1", "route_id": "150.TA.96-363-0-j24-1.8.H", "mode": "bus", "line_name": "311"}, {"line_id": "96-363-0-j24-1", "route_id": "138.TA.96-363-0-j24-1.7.H", "mode": "bus", "line_name": "311"}, {"line_id": "96-363-0-j24-1", "route_id": "86.TA.96-363-0-j24-1.5.H", "mode": "bus", "line_name": "311"}, {"line_id": "96-358-9-j24-1", "route_id": "3.TA.96-358-9-j24-1.1.H", "mode": "bus", "line_name": "N44"}, {"line_id": "96-363-0-j24-1", "route_id": "294.TA.96-363-0-j24-1.36.R", "mode": "bus", "line_name": "311"}, {"line_id": "96-363-0-j24-1", "route_id": "302.TA.96-363-0-j24-1.39.R", "mode": "bus", "line_name": "311"}, {"line_id": "96-363-0-j24-1", "route_id": "263.TA.96-363-0-j24-1.31.R", "mode": "bus", "line_name": "311"}, {"line_id": "96-363-0-j24-1", "route_id": "266.TA.96-363-0-j24-1.32.R", "mode": "bus", "line_name": "311"}, {"line_id": "96-363-0-j24-1", "route_id": "238.TA.96-363-0-j24-1.30.R", "mode": "bus", "line_name": "311"}, {"line_id": "96-363-0-j24-1", "route_id": "213.TA.96-363-0-j24-1.27.R", "mode": "bus", "line_name": "311"}, {"line_id": "96-363-0-j24-1", "route_id": "314.TA.96-363-0-j24-1.41.R", "mode": "bus", "line_name": "311"}, {"line_id": "96-363-0-j24-1", "route_id": "225.TA.96-363-0-j24-1.29.R", "mode": "bus", "line_name": "311"}, {"line_id": "96-363-0-j24-1", "route_id": "289.TA.96-363-0-j24-1.35.R", "mode": "bus", "line_name": "311"}, {"line_id": "96-363-0-j24-1", "route_id": "300.TA.96-363-0-j24-1.38.R", "mode": "bus", "line_name": "311"}, {"line_id": "96-363-0-j24-1", "route_id": "226.TA.96-363-0-j24-1.29.R", "mode": "bus", "line_name": "311"}, {"line_id": "96-363-0-j24-1", "route_id": "321.TA.96-363-0-j24-1.42.R", "mode": "bus", "line_name": "311"}, {"line_id": "96-363-0-j24-1", "route_id": "268.TA.96-363-0-j24-1.33.R", "mode": "bus", "line_name": "311"}, {"line_id": "96-363-0-j24-1", "route_id": "272.TA.96-363-0-j24-1.34.R", "mode": "bus", "line_name": "311"}, {"line_id": "96-363-0-j24-1", "route_id": "313.TA.96-363-0-j24-1.40.R", "mode": "bus", "line_name": "311"}, {"line_id": "96-358-9-j24-1", "route_id": "5.TA.96-358-9-j24-1.3.R", "mode": "bus", "line_name": "N44"}, {"line_id": "96-363-0-j24-1", "route_id": "201.TA.96-363-0-j24-1.25.R", "mode": "bus", "line_name": "311"}], "predominant_mode": "bus", "assigned_canton": "Nidwalden", "modes_list": ["bus"]}, "geometry": {"type": "Point", "coordinates": [8.378443506437588, 46.96350999602297]}}, {"id": "25747", "type": "Feature", "properties": {"name": "Stans, Engelbergstrasse", "lon": 8.371454597856028, "lat": 46.956661586067334, "stop_id": ["8581519.link:1844859", "8581519.link:1844860"], "lines": [{"line_id": "96-363-7-j24-1", "route_id": "85.TA.96-363-7-j24-1.5.R", "mode": "bus", "line_name": "324"}, {"line_id": "96-363-7-j24-1", "route_id": "103.TA.96-363-7-j24-1.9.R", "mode": "bus", "line_name": "324"}, {"line_id": "96-363-7-j24-1", "route_id": "77.TA.96-363-7-j24-1.5.R", "mode": "bus", "line_name": "324"}, {"line_id": "96-363-7-j24-1", "route_id": "52.TA.96-363-7-j24-1.7.R", "mode": "bus", "line_name": "324"}, {"line_id": "96-363-7-j24-1", "route_id": "87.TA.96-363-7-j24-1.9.R", "mode": "bus", "line_name": "324"}, {"line_id": "96-363-7-j24-1", "route_id": "60.TA.96-363-7-j24-1.8.R", "mode": "bus", "line_name": "324"}, {"line_id": "96-363-7-j24-1", "route_id": "44.TA.96-363-7-j24-1.6.H", "mode": "bus", "line_name": "324"}], "predominant_mode": "bus", "assigned_canton": "Nidwalden", "modes_list": ["bus"]}, "geometry": {"type": "Point", "coordinates": [8.371454606204022, 46.95666159613123]}}, {"id": "25748", "type": "Feature", "properties": {"name": "Stans, Galgenried", "lon": 8.345313628242748, "lat": 46.969107006479035, "stop_id": ["8572925.link:605370", "8572925.link:605371"], "lines": [{"line_id": "96-363-8-j24-1", "route_id": "34.TA.96-363-8-j24-1.7.H", "mode": "bus", "line_name": "323"}, {"line_id": "96-363-8-j24-1", "route_id": "41.TA.96-363-8-j24-1.9.H", "mode": "bus", "line_name": "323"}, {"line_id": "96-363-8-j24-1", "route_id": "65.TA.96-363-8-j24-1.10.H", "mode": "bus", "line_name": "323"}, {"line_id": "96-363-8-j24-1", "route_id": "35.TA.96-363-8-j24-1.8.H", "mode": "bus", "line_name": "323"}, {"line_id": "96-363-8-j24-1", "route_id": "123.TA.96-363-8-j24-1.11.R", "mode": "bus", "line_name": "323"}], "predominant_mode": "bus", "assigned_canton": "Nidwalden", "modes_list": ["bus"]}, "geometry": {"type": "Point", "coordinates": [8.345313636561045, 46.96910701655498]}}, {"id": "25749", "type": "Feature", "properties": {"name": "Stans, Hansmatt", "lon": 8.353524228220019, "lat": 46.96822427635005, "stop_id": ["8582769.link:339811"], "lines": [{"line_id": "96-363-8-j24-1", "route_id": "34.TA.96-363-8-j24-1.7.H", "mode": "bus", "line_name": "323"}, {"line_id": "96-363-8-j24-1", "route_id": "41.TA.96-363-8-j24-1.9.H", "mode": "bus", "line_name": "323"}, {"line_id": "92-N4-A-j24-1", "route_id": "8.TA.92-N4-A-j24-1.2.R", "mode": "bus", "line_name": "N4"}, {"line_id": "96-363-8-j24-1", "route_id": "123.TA.96-363-8-j24-1.11.R", "mode": "bus", "line_name": "323"}, {"line_id": "96-363-8-j24-1", "route_id": "65.TA.96-363-8-j24-1.10.H", "mode": "bus", "line_name": "323"}, {"line_id": "96-363-8-j24-1", "route_id": "35.TA.96-363-8-j24-1.8.H", "mode": "bus", "line_name": "323"}], "predominant_mode": "bus", "assigned_canton": "Nidwalden", "modes_list": ["bus"]}, "geometry": {"type": "Point", "coordinates": [8.353524236546797, 46.96822428642337]}}, {"id": "25750", "type": "Feature", "properties": {"name": "Stans, Kantonalbank", "lon": 8.360800578027993, "lat": 46.96217348623518, "stop_id": ["8581333.link:1424139", "8581333.link:1424140", "8581333.link:503628", "8581333.link:503629"], "lines": [{"line_id": "96-360-0-j24-1", "route_id": "59.TA.96-360-0-j24-1.30.R", "mode": "bus", "line_name": "312"}, {"line_id": "96-360-0-j24-1", "route_id": "119.TA.96-360-0-j24-1.14.R", "mode": "bus", "line_name": "312"}, {"line_id": "96-360-0-j24-1", "route_id": "62.TA.96-360-0-j24-1.9.R", "mode": "bus", "line_name": "312"}, {"line_id": "96-360-0-j24-1", "route_id": "67.TA.96-360-0-j24-1.11.R", "mode": "bus", "line_name": "312"}, {"line_id": "96-360-0-j24-1", "route_id": "99.TA.96-360-0-j24-1.13.R", "mode": "bus", "line_name": "312"}, {"line_id": "96-360-0-j24-1", "route_id": "91.TA.96-360-0-j24-1.12.R", "mode": "bus", "line_name": "312"}, {"line_id": "96-360-0-j24-1", "route_id": "60.TA.96-360-0-j24-1.8.R", "mode": "bus", "line_name": "312"}, {"line_id": "96-360-0-j24-1", "route_id": "63.TA.96-360-0-j24-1.10.R", "mode": "bus", "line_name": "312"}, {"line_id": "96-360-0-j24-1", "route_id": "56.TA.96-360-0-j24-1.7.H", "mode": "bus", "line_name": "312"}, {"line_id": "96-360-0-j24-1", "route_id": "2.TA.96-360-0-j24-1.5.H", "mode": "bus", "line_name": "312"}, {"line_id": "96-360-0-j24-1", "route_id": "45.TA.96-360-0-j24-1.6.H", "mode": "bus", "line_name": "312"}, {"line_id": "96-360-0-j24-1", "route_id": "55.TA.96-360-0-j24-1.15.H", "mode": "bus", "line_name": "312"}, {"line_id": "96-363-0-j24-1", "route_id": "184.TA.96-363-0-j24-1.24.R", "mode": "bus", "line_name": "311"}, {"line_id": "96-363-8-j24-1", "route_id": "123.TA.96-363-8-j24-1.11.R", "mode": "bus", "line_name": "323"}, {"line_id": "96-363-0-j24-1", "route_id": "50.TA.96-363-0-j24-1.23.H", "mode": "bus", "line_name": "311"}, {"line_id": "96-363-8-j24-1", "route_id": "34.TA.96-363-8-j24-1.7.H", "mode": "bus", "line_name": "323"}, {"line_id": "96-363-8-j24-1", "route_id": "41.TA.96-363-8-j24-1.9.H", "mode": "bus", "line_name": "323"}, {"line_id": "92-N4-A-j24-1", "route_id": "8.TA.92-N4-A-j24-1.2.R", "mode": "bus", "line_name": "N4"}, {"line_id": "96-363-0-j24-1", "route_id": "47.TA.96-363-0-j24-1.22.H", "mode": "bus", "line_name": "311"}, {"line_id": "96-363-0-j24-1", "route_id": "36.TA.96-363-0-j24-1.21.H", "mode": "bus", "line_name": "311"}, {"line_id": "96-363-8-j24-1", "route_id": "65.TA.96-363-8-j24-1.10.H", "mode": "bus", "line_name": "323"}, {"line_id": "96-363-8-j24-1", "route_id": "35.TA.96-363-8-j24-1.8.H", "mode": "bus", "line_name": "323"}], "predominant_mode": "bus", "assigned_canton": "Nidwalden", "modes_list": ["bus"]}, "geometry": {"type": "Point", "coordinates": [8.360800586363762, 46.96217349630415]}}, {"id": "25751", "type": "Feature", "properties": {"name": "Stans, Kreuzstrasse", "lon": 8.38343812812817, "lat": 46.96473611588006, "stop_id": ["8508713.link:1005672", "8508713.link:1060455"], "lines": [{"line_id": "96-363-0-j24-1", "route_id": "62.TA.96-363-0-j24-1.3.H", "mode": "bus", "line_name": "311"}, {"line_id": "96-363-3-j24-1", "route_id": "6.TA.96-363-3-j24-1.1.H", "mode": "bus", "line_name": "310"}, {"line_id": "96-363-0-j24-1", "route_id": "154.TA.96-363-0-j24-1.9.H", "mode": "bus", "line_name": "311"}, {"line_id": "96-363-0-j24-1", "route_id": "122.TA.96-363-0-j24-1.6.H", "mode": "bus", "line_name": "311"}, {"line_id": "96-363-0-j24-1", "route_id": "150.TA.96-363-0-j24-1.8.H", "mode": "bus", "line_name": "311"}, {"line_id": "96-363-0-j24-1", "route_id": "138.TA.96-363-0-j24-1.7.H", "mode": "bus", "line_name": "311"}, {"line_id": "96-363-3-j24-1", "route_id": "2.TA.96-363-3-j24-1.1.H", "mode": "bus", "line_name": "310"}, {"line_id": "96-363-0-j24-1", "route_id": "86.TA.96-363-0-j24-1.5.H", "mode": "bus", "line_name": "311"}, {"line_id": "96-358-9-j24-1", "route_id": "3.TA.96-358-9-j24-1.1.H", "mode": "bus", "line_name": "N44"}, {"line_id": "96-363-0-j24-1", "route_id": "266.TA.96-363-0-j24-1.32.R", "mode": "bus", "line_name": "311"}, {"line_id": "96-363-0-j24-1", "route_id": "289.TA.96-363-0-j24-1.35.R", "mode": "bus", "line_name": "311"}, {"line_id": "96-363-0-j24-1", "route_id": "272.TA.96-363-0-j24-1.34.R", "mode": "bus", "line_name": "311"}, {"line_id": "96-358-9-j24-1", "route_id": "5.TA.96-358-9-j24-1.3.R", "mode": "bus", "line_name": "N44"}, {"line_id": "96-363-0-j24-1", "route_id": "225.TA.96-363-0-j24-1.29.R", "mode": "bus", "line_name": "311"}, {"line_id": "96-363-3-j24-1", "route_id": "15.TA.96-363-3-j24-1.5.R", "mode": "bus", "line_name": "310"}, {"line_id": "96-363-3-j24-1", "route_id": "17.TA.96-363-3-j24-1.5.R", "mode": "bus", "line_name": "310"}, {"line_id": "96-363-0-j24-1", "route_id": "294.TA.96-363-0-j24-1.36.R", "mode": "bus", "line_name": "311"}, {"line_id": "96-363-0-j24-1", "route_id": "238.TA.96-363-0-j24-1.30.R", "mode": "bus", "line_name": "311"}, {"line_id": "96-363-0-j24-1", "route_id": "314.TA.96-363-0-j24-1.41.R", "mode": "bus", "line_name": "311"}, {"line_id": "96-363-0-j24-1", "route_id": "300.TA.96-363-0-j24-1.38.R", "mode": "bus", "line_name": "311"}, {"line_id": "96-363-0-j24-1", "route_id": "321.TA.96-363-0-j24-1.42.R", "mode": "bus", "line_name": "311"}, {"line_id": "96-363-0-j24-1", "route_id": "268.TA.96-363-0-j24-1.33.R", "mode": "bus", "line_name": "311"}, {"line_id": "96-363-0-j24-1", "route_id": "313.TA.96-363-0-j24-1.40.R", "mode": "bus", "line_name": "311"}, {"line_id": "96-363-3-j24-1", "route_id": "19.TA.96-363-3-j24-1.5.R", "mode": "bus", "line_name": "310"}, {"line_id": "96-363-0-j24-1", "route_id": "201.TA.96-363-0-j24-1.25.R", "mode": "bus", "line_name": "311"}, {"line_id": "96-363-0-j24-1", "route_id": "302.TA.96-363-0-j24-1.39.R", "mode": "bus", "line_name": "311"}, {"line_id": "96-363-0-j24-1", "route_id": "263.TA.96-363-0-j24-1.31.R", "mode": "bus", "line_name": "311"}, {"line_id": "96-363-0-j24-1", "route_id": "226.TA.96-363-0-j24-1.29.R", "mode": "bus", "line_name": "311"}, {"line_id": "96-363-0-j24-1", "route_id": "213.TA.96-363-0-j24-1.27.R", "mode": "bus", "line_name": "311"}], "predominant_mode": "bus", "assigned_canton": "Nidwalden", "modes_list": ["bus"]}, "geometry": {"type": "Point", "coordinates": [8.383438136485875, 46.96473612594374]}}, {"id": "25752", "type": "Feature", "properties": {"name": "Stans, L\u00e4nderpark", "lon": 8.356821048093865, "lat": 46.964282446297894, "stop_id": ["8572923.link:424025", "8572923.link:424026", "8572923.link:611355"], "lines": [{"line_id": "96-363-0-j24-1", "route_id": "184.TA.96-363-0-j24-1.24.R", "mode": "bus", "line_name": "311"}, {"line_id": "96-363-8-j24-1", "route_id": "34.TA.96-363-8-j24-1.7.H", "mode": "bus", "line_name": "323"}, {"line_id": "96-363-8-j24-1", "route_id": "41.TA.96-363-8-j24-1.9.H", "mode": "bus", "line_name": "323"}, {"line_id": "92-N4-A-j24-1", "route_id": "8.TA.92-N4-A-j24-1.2.R", "mode": "bus", "line_name": "N4"}, {"line_id": "96-363-8-j24-1", "route_id": "123.TA.96-363-8-j24-1.11.R", "mode": "bus", "line_name": "323"}, {"line_id": "96-363-8-j24-1", "route_id": "65.TA.96-363-8-j24-1.10.H", "mode": "bus", "line_name": "323"}, {"line_id": "96-363-8-j24-1", "route_id": "35.TA.96-363-8-j24-1.8.H", "mode": "bus", "line_name": "323"}, {"line_id": "96-363-0-j24-1", "route_id": "50.TA.96-363-0-j24-1.23.H", "mode": "bus", "line_name": "311"}, {"line_id": "96-363-0-j24-1", "route_id": "36.TA.96-363-0-j24-1.21.H", "mode": "bus", "line_name": "311"}, {"line_id": "96-363-0-j24-1", "route_id": "47.TA.96-363-0-j24-1.22.H", "mode": "bus", "line_name": "311"}], "predominant_mode": "bus", "assigned_canton": "Nidwalden", "modes_list": ["bus"]}, "geometry": {"type": "Point", "coordinates": [8.356821056425058, 46.964282456368835]}}, {"id": "25753", "type": "Feature", "properties": {"name": "Stans, Mettenweg", "lon": 8.374760398024833, "lat": 46.96176271601599, "stop_id": ["8572938.link:1433915", "8572938.link:1433916"], "lines": [{"line_id": "96-363-0-j24-1", "route_id": "62.TA.96-363-0-j24-1.3.H", "mode": "bus", "line_name": "311"}, {"line_id": "96-363-0-j24-1", "route_id": "154.TA.96-363-0-j24-1.9.H", "mode": "bus", "line_name": "311"}, {"line_id": "96-363-0-j24-1", "route_id": "122.TA.96-363-0-j24-1.6.H", "mode": "bus", "line_name": "311"}, {"line_id": "96-363-0-j24-1", "route_id": "150.TA.96-363-0-j24-1.8.H", "mode": "bus", "line_name": "311"}, {"line_id": "96-363-0-j24-1", "route_id": "138.TA.96-363-0-j24-1.7.H", "mode": "bus", "line_name": "311"}, {"line_id": "96-363-0-j24-1", "route_id": "86.TA.96-363-0-j24-1.5.H", "mode": "bus", "line_name": "311"}, {"line_id": "96-358-9-j24-1", "route_id": "3.TA.96-358-9-j24-1.1.H", "mode": "bus", "line_name": "N44"}, {"line_id": "96-363-0-j24-1", "route_id": "294.TA.96-363-0-j24-1.36.R", "mode": "bus", "line_name": "311"}, {"line_id": "96-363-0-j24-1", "route_id": "302.TA.96-363-0-j24-1.39.R", "mode": "bus", "line_name": "311"}, {"line_id": "96-363-0-j24-1", "route_id": "263.TA.96-363-0-j24-1.31.R", "mode": "bus", "line_name": "311"}, {"line_id": "96-363-0-j24-1", "route_id": "266.TA.96-363-0-j24-1.32.R", "mode": "bus", "line_name": "311"}, {"line_id": "96-363-0-j24-1", "route_id": "238.TA.96-363-0-j24-1.30.R", "mode": "bus", "line_name": "311"}, {"line_id": "96-363-0-j24-1", "route_id": "213.TA.96-363-0-j24-1.27.R", "mode": "bus", "line_name": "311"}, {"line_id": "96-363-0-j24-1", "route_id": "314.TA.96-363-0-j24-1.41.R", "mode": "bus", "line_name": "311"}, {"line_id": "96-363-0-j24-1", "route_id": "225.TA.96-363-0-j24-1.29.R", "mode": "bus", "line_name": "311"}, {"line_id": "96-363-0-j24-1", "route_id": "289.TA.96-363-0-j24-1.35.R", "mode": "bus", "line_name": "311"}, {"line_id": "96-363-0-j24-1", "route_id": "300.TA.96-363-0-j24-1.38.R", "mode": "bus", "line_name": "311"}, {"line_id": "96-363-0-j24-1", "route_id": "226.TA.96-363-0-j24-1.29.R", "mode": "bus", "line_name": "311"}, {"line_id": "96-363-0-j24-1", "route_id": "321.TA.96-363-0-j24-1.42.R", "mode": "bus", "line_name": "311"}, {"line_id": "96-363-0-j24-1", "route_id": "268.TA.96-363-0-j24-1.33.R", "mode": "bus", "line_name": "311"}, {"line_id": "96-363-0-j24-1", "route_id": "272.TA.96-363-0-j24-1.34.R", "mode": "bus", "line_name": "311"}, {"line_id": "96-363-0-j24-1", "route_id": "313.TA.96-363-0-j24-1.40.R", "mode": "bus", "line_name": "311"}, {"line_id": "96-358-9-j24-1", "route_id": "5.TA.96-358-9-j24-1.3.R", "mode": "bus", "line_name": "N44"}, {"line_id": "96-363-0-j24-1", "route_id": "201.TA.96-363-0-j24-1.25.R", "mode": "bus", "line_name": "311"}], "predominant_mode": "bus", "assigned_canton": "Nidwalden", "modes_list": ["bus"]}, "geometry": {"type": "Point", "coordinates": [8.374760406374701, 46.96176272608096]}}, {"id": "25754", "type": "Feature", "properties": {"name": "Stans, Oberstm\u00fchle", "lon": 8.35798885821592, "lat": 46.967997456279946, "stop_id": ["8583492.link:404455", "8583492.link:404456"], "lines": [{"line_id": "96-363-8-j24-1", "route_id": "34.TA.96-363-8-j24-1.7.H", "mode": "bus", "line_name": "323"}, {"line_id": "96-363-8-j24-1", "route_id": "41.TA.96-363-8-j24-1.9.H", "mode": "bus", "line_name": "323"}, {"line_id": "96-363-8-j24-1", "route_id": "65.TA.96-363-8-j24-1.10.H", "mode": "bus", "line_name": "323"}, {"line_id": "96-363-8-j24-1", "route_id": "35.TA.96-363-8-j24-1.8.H", "mode": "bus", "line_name": "323"}, {"line_id": "96-363-8-j24-1", "route_id": "123.TA.96-363-8-j24-1.11.R", "mode": "bus", "line_name": "323"}], "predominant_mode": "bus", "assigned_canton": "Nidwalden", "modes_list": ["bus"]}, "geometry": {"type": "Point", "coordinates": [8.357988866547233, 46.967997466351946]}}, {"id": "25755", "type": "Feature", "properties": {"name": "Stans, Pilatuswerke", "lon": 8.381452848377332, "lat": 46.97241712591201, "stop_id": ["8572939.link:982568", "8572939.link:982569"], "lines": [{"line_id": "96-363-3-j24-1", "route_id": "6.TA.96-363-3-j24-1.1.H", "mode": "bus", "line_name": "310"}, {"line_id": "96-363-0-j24-1", "route_id": "154.TA.96-363-0-j24-1.9.H", "mode": "bus", "line_name": "311"}, {"line_id": "96-363-0-j24-1", "route_id": "122.TA.96-363-0-j24-1.6.H", "mode": "bus", "line_name": "311"}, {"line_id": "96-363-0-j24-1", "route_id": "138.TA.96-363-0-j24-1.7.H", "mode": "bus", "line_name": "311"}, {"line_id": "96-363-3-j24-1", "route_id": "2.TA.96-363-3-j24-1.1.H", "mode": "bus", "line_name": "310"}, {"line_id": "96-358-9-j24-1", "route_id": "3.TA.96-358-9-j24-1.1.H", "mode": "bus", "line_name": "N44"}, {"line_id": "96-363-0-j24-1", "route_id": "294.TA.96-363-0-j24-1.36.R", "mode": "bus", "line_name": "311"}, {"line_id": "96-363-0-j24-1", "route_id": "263.TA.96-363-0-j24-1.31.R", "mode": "bus", "line_name": "311"}, {"line_id": "96-363-0-j24-1", "route_id": "266.TA.96-363-0-j24-1.32.R", "mode": "bus", "line_name": "311"}, {"line_id": "96-363-0-j24-1", "route_id": "238.TA.96-363-0-j24-1.30.R", "mode": "bus", "line_name": "311"}, {"line_id": "96-363-0-j24-1", "route_id": "314.TA.96-363-0-j24-1.41.R", "mode": "bus", "line_name": "311"}, {"line_id": "96-363-3-j24-1", "route_id": "19.TA.96-363-3-j24-1.5.R", "mode": "bus", "line_name": "310"}, {"line_id": "96-363-0-j24-1", "route_id": "289.TA.96-363-0-j24-1.35.R", "mode": "bus", "line_name": "311"}, {"line_id": "96-363-0-j24-1", "route_id": "321.TA.96-363-0-j24-1.42.R", "mode": "bus", "line_name": "311"}, {"line_id": "96-363-3-j24-1", "route_id": "15.TA.96-363-3-j24-1.5.R", "mode": "bus", "line_name": "310"}, {"line_id": "96-363-0-j24-1", "route_id": "268.TA.96-363-0-j24-1.33.R", "mode": "bus", "line_name": "311"}, {"line_id": "96-363-0-j24-1", "route_id": "272.TA.96-363-0-j24-1.34.R", "mode": "bus", "line_name": "311"}, {"line_id": "96-363-0-j24-1", "route_id": "313.TA.96-363-0-j24-1.40.R", "mode": "bus", "line_name": "311"}, {"line_id": "96-358-9-j24-1", "route_id": "5.TA.96-358-9-j24-1.3.R", "mode": "bus", "line_name": "N44"}, {"line_id": "96-363-3-j24-1", "route_id": "17.TA.96-363-3-j24-1.5.R", "mode": "bus", "line_name": "310"}], "predominant_mode": "bus", "assigned_canton": "Nidwalden", "modes_list": ["bus"]}, "geometry": {"type": "Point", "coordinates": [8.381452856730876, 46.97241713597917]}}, {"id": "25756", "type": "Feature", "properties": {"name": "Stans, Spichermatt", "lon": 8.361034148119156, "lat": 46.96496294623182, "stop_id": ["8583494.link:692979", "8583494.link:692980"], "lines": [{"line_id": "96-363-8-j24-1", "route_id": "34.TA.96-363-8-j24-1.7.H", "mode": "bus", "line_name": "323"}, {"line_id": "96-363-8-j24-1", "route_id": "41.TA.96-363-8-j24-1.9.H", "mode": "bus", "line_name": "323"}, {"line_id": "96-363-8-j24-1", "route_id": "65.TA.96-363-8-j24-1.10.H", "mode": "bus", "line_name": "323"}, {"line_id": "96-363-8-j24-1", "route_id": "35.TA.96-363-8-j24-1.8.H", "mode": "bus", "line_name": "323"}, {"line_id": "96-363-8-j24-1", "route_id": "123.TA.96-363-8-j24-1.11.R", "mode": "bus", "line_name": "323"}], "predominant_mode": "bus", "assigned_canton": "Nidwalden", "modes_list": ["bus"]}, "geometry": {"type": "Point", "coordinates": [8.361034156454375, 46.96496295630185]}}, {"id": "25757", "type": "Feature", "properties": {"name": "Stans, Spital", "lon": 8.356596467979694, "lat": 46.96078789630105, "stop_id": ["8508975.link:1659508", "8508975.link:1659509"], "lines": [{"line_id": "96-360-0-j24-1", "route_id": "59.TA.96-360-0-j24-1.30.R", "mode": "bus", "line_name": "312"}, {"line_id": "96-360-0-j24-1", "route_id": "119.TA.96-360-0-j24-1.14.R", "mode": "bus", "line_name": "312"}, {"line_id": "96-360-0-j24-1", "route_id": "62.TA.96-360-0-j24-1.9.R", "mode": "bus", "line_name": "312"}, {"line_id": "96-360-0-j24-1", "route_id": "67.TA.96-360-0-j24-1.11.R", "mode": "bus", "line_name": "312"}, {"line_id": "96-360-0-j24-1", "route_id": "99.TA.96-360-0-j24-1.13.R", "mode": "bus", "line_name": "312"}, {"line_id": "96-360-0-j24-1", "route_id": "91.TA.96-360-0-j24-1.12.R", "mode": "bus", "line_name": "312"}, {"line_id": "96-360-0-j24-1", "route_id": "60.TA.96-360-0-j24-1.8.R", "mode": "bus", "line_name": "312"}, {"line_id": "96-360-0-j24-1", "route_id": "63.TA.96-360-0-j24-1.10.R", "mode": "bus", "line_name": "312"}, {"line_id": "96-360-0-j24-1", "route_id": "56.TA.96-360-0-j24-1.7.H", "mode": "bus", "line_name": "312"}, {"line_id": "96-360-0-j24-1", "route_id": "2.TA.96-360-0-j24-1.5.H", "mode": "bus", "line_name": "312"}, {"line_id": "96-360-0-j24-1", "route_id": "45.TA.96-360-0-j24-1.6.H", "mode": "bus", "line_name": "312"}, {"line_id": "96-360-0-j24-1", "route_id": "55.TA.96-360-0-j24-1.15.H", "mode": "bus", "line_name": "312"}], "predominant_mode": "bus", "assigned_canton": "Nidwalden", "modes_list": ["bus"]}, "geometry": {"type": "Point", "coordinates": [8.356596476311644, 46.96078790637062]}}, {"id": "25758", "type": "Feature", "properties": {"name": "Stans, Sportanlage Eichli", "lon": 8.36316314819913, "lat": 46.96736604619864, "stop_id": ["8583493.link:610826", "8583493.link:610827"], "lines": [{"line_id": "96-363-8-j24-1", "route_id": "34.TA.96-363-8-j24-1.7.H", "mode": "bus", "line_name": "323"}, {"line_id": "96-363-8-j24-1", "route_id": "41.TA.96-363-8-j24-1.9.H", "mode": "bus", "line_name": "323"}, {"line_id": "96-363-8-j24-1", "route_id": "65.TA.96-363-8-j24-1.10.H", "mode": "bus", "line_name": "323"}, {"line_id": "96-363-8-j24-1", "route_id": "35.TA.96-363-8-j24-1.8.H", "mode": "bus", "line_name": "323"}, {"line_id": "96-363-8-j24-1", "route_id": "123.TA.96-363-8-j24-1.11.R", "mode": "bus", "line_name": "323"}], "predominant_mode": "bus", "assigned_canton": "Nidwalden", "modes_list": ["bus"]}, "geometry": {"type": "Point", "coordinates": [8.363163156535803, 46.96736605626893]}}, {"id": "25759", "type": "Feature", "properties": {"name": "Stans, St. Josef", "lon": 8.348349927921994, "lat": 46.95920608643036, "stop_id": ["8508734.link:1564321", "8508734.link:1564322"], "lines": [{"line_id": "96-360-0-j24-1", "route_id": "59.TA.96-360-0-j24-1.30.R", "mode": "bus", "line_name": "312"}, {"line_id": "96-360-0-j24-1", "route_id": "119.TA.96-360-0-j24-1.14.R", "mode": "bus", "line_name": "312"}, {"line_id": "96-360-0-j24-1", "route_id": "62.TA.96-360-0-j24-1.9.R", "mode": "bus", "line_name": "312"}, {"line_id": "96-360-0-j24-1", "route_id": "67.TA.96-360-0-j24-1.11.R", "mode": "bus", "line_name": "312"}, {"line_id": "96-360-0-j24-1", "route_id": "99.TA.96-360-0-j24-1.13.R", "mode": "bus", "line_name": "312"}, {"line_id": "96-360-0-j24-1", "route_id": "91.TA.96-360-0-j24-1.12.R", "mode": "bus", "line_name": "312"}, {"line_id": "96-360-0-j24-1", "route_id": "60.TA.96-360-0-j24-1.8.R", "mode": "bus", "line_name": "312"}, {"line_id": "96-360-0-j24-1", "route_id": "63.TA.96-360-0-j24-1.10.R", "mode": "bus", "line_name": "312"}, {"line_id": "96-360-0-j24-1", "route_id": "56.TA.96-360-0-j24-1.7.H", "mode": "bus", "line_name": "312"}, {"line_id": "96-360-0-j24-1", "route_id": "2.TA.96-360-0-j24-1.5.H", "mode": "bus", "line_name": "312"}, {"line_id": "96-360-0-j24-1", "route_id": "45.TA.96-360-0-j24-1.6.H", "mode": "bus", "line_name": "312"}, {"line_id": "96-360-0-j24-1", "route_id": "55.TA.96-360-0-j24-1.15.H", "mode": "bus", "line_name": "312"}], "predominant_mode": "bus", "assigned_canton": "Nidwalden", "modes_list": ["bus"]}, "geometry": {"type": "Point", "coordinates": [8.348349936246123, 46.95920609650163]}}, {"id": "25760", "type": "Feature", "properties": {"name": "Stanserhorn", "lon": 8.342519866976934, "lat": 46.93035114651876, "stop_id": ["8508363.link:pt_8508363"], "lines": [{"line_id": "93-8C-Y-j24-1", "route_id": "45.TA.93-8C-Y-j24-1.2.R", "mode": "cable car", "line_name": "PB"}, {"line_id": "93-8C-Y-j24-1", "route_id": "24.TA.93-8C-Y-j24-1.1.H", "mode": "cable car", "line_name": "PB"}], "predominant_mode": "cable car", "assigned_canton": "Nidwalden", "modes_list": ["cable car"]}, "geometry": {"type": "Point", "coordinates": [8.342519875303308, 46.93035115658048]}}, {"id": "25761", "type": "Feature", "properties": {"name": "Stansstad", "lon": 8.33635742180295, "lat": 46.97626232662037, "stop_id": ["8508390:0:2.link:547007", "8508390:0:3.link:211818", "8508390:0:3.link:211819"], "lines": [{"line_id": "91-4-D-j24-1", "route_id": "85.TA.91-4-D-j24-1.4.H", "mode": "rail", "line_name": "S4"}, {"line_id": "91-4-D-j24-1", "route_id": "132.TA.91-4-D-j24-1.9.H", "mode": "rail", "line_name": "S4"}, {"line_id": "91-4-D-j24-1", "route_id": "166.TA.91-4-D-j24-1.12.H", "mode": "rail", "line_name": "S4"}, {"line_id": "91-4-D-j24-1", "route_id": "52.TA.91-4-D-j24-1.2.H", "mode": "rail", "line_name": "S4"}, {"line_id": "91-4-D-j24-1", "route_id": "76.TA.91-4-D-j24-1.3.H", "mode": "rail", "line_name": "S4"}, {"line_id": "91-4-D-j24-1", "route_id": "144.TA.91-4-D-j24-1.9.H", "mode": "rail", "line_name": "S4"}, {"line_id": "91-4-D-j24-1", "route_id": "115.TA.91-4-D-j24-1.5.H", "mode": "rail", "line_name": "S4"}, {"line_id": "91-4-D-j24-1", "route_id": "121.TA.91-4-D-j24-1.8.H", "mode": "rail", "line_name": "S4"}, {"line_id": "91-44-A-j24-1", "route_id": "8.TA.91-44-A-j24-1.2.H", "mode": "rail", "line_name": "S44"}, {"line_id": "91-44-A-j24-1", "route_id": "25.TA.91-44-A-j24-1.5.H", "mode": "rail", "line_name": "S44"}, {"line_id": "91-44-A-j24-1", "route_id": "16.TA.91-44-A-j24-1.4.H", "mode": "rail", "line_name": "S44"}, {"line_id": "91-4-D-j24-1", "route_id": "319.TA.91-4-D-j24-1.24.R", "mode": "rail", "line_name": "S4"}, {"line_id": "91-4-D-j24-1", "route_id": "303.TA.91-4-D-j24-1.35.R", "mode": "rail", "line_name": "S4"}, {"line_id": "91-1J-Y-j24-1", "route_id": "104.TA.91-1J-Y-j24-1.45.H", "mode": "rail", "line_name": "IR"}, {"line_id": "91-44-A-j24-1", "route_id": "48.TA.91-44-A-j24-1.12.R", "mode": "rail", "line_name": "S44"}, {"line_id": "91-4-D-j24-1", "route_id": "411.TA.91-4-D-j24-1.53.R", "mode": "rail", "line_name": "S4"}, {"line_id": "91-4-D-j24-1", "route_id": "409.TA.91-4-D-j24-1.33.R", "mode": "rail", "line_name": "S4"}, {"line_id": "91-1J-Y-j24-1", "route_id": "109.TA.91-1J-Y-j24-1.9.H", "mode": "rail", "line_name": "IR"}, {"line_id": "91-4-D-j24-1", "route_id": "268.TA.91-4-D-j24-1.18.R", "mode": "rail", "line_name": "S4"}, {"line_id": "91-44-A-j24-1", "route_id": "30.TA.91-44-A-j24-1.6.R", "mode": "rail", "line_name": "S44"}, {"line_id": "91-4-D-j24-1", "route_id": "254.TA.91-4-D-j24-1.16.R", "mode": "rail", "line_name": "S4"}, {"line_id": "91-44-A-j24-1", "route_id": "37.TA.91-44-A-j24-1.8.R", "mode": "rail", "line_name": "S44"}, {"line_id": "91-4-D-j24-1", "route_id": "330.TA.91-4-D-j24-1.27.R", "mode": "rail", "line_name": "S4"}, {"line_id": "91-4-D-j24-1", "route_id": "376.TA.91-4-D-j24-1.30.R", "mode": "rail", "line_name": "S4"}, {"line_id": "91-4-D-j24-1", "route_id": "263.TA.91-4-D-j24-1.17.R", "mode": "rail", "line_name": "S4"}, {"line_id": "91-44-A-j24-1", "route_id": "45.TA.91-44-A-j24-1.11.R", "mode": "rail", "line_name": "S44"}, {"line_id": "91-4-D-j24-1", "route_id": "314.TA.91-4-D-j24-1.22.R", "mode": "rail", "line_name": "S4"}, {"line_id": "91-4-D-j24-1", "route_id": "389.TA.91-4-D-j24-1.32.R", "mode": "rail", "line_name": "S4"}, {"line_id": "91-4-D-j24-1", "route_id": "308.TA.91-4-D-j24-1.21.R", "mode": "rail", "line_name": "S4"}, {"line_id": "91-4-D-j24-1", "route_id": "344.TA.91-4-D-j24-1.27.R", "mode": "rail", "line_name": "S4"}, {"line_id": "91-4-D-j24-1", "route_id": "351.TA.91-4-D-j24-1.27.R", "mode": "rail", "line_name": "S4"}], "predominant_mode": "rail", "assigned_canton": "Nidwalden", "modes_list": ["rail"]}, "geometry": {"type": "Point", "coordinates": [8.336357430110253, 46.976262336701545]}}, {"id": "25762", "type": "Feature", "properties": {"name": "Stansstad (See)", "lon": 8.336186738612456, "lat": 46.98064249662348, "stop_id": ["8508483.link:pt_8508483"], "lines": [{"line_id": "94-360-1-j24-1", "route_id": "2.TA.94-360-1-j24-1.3.H", "mode": "ferry", "line_name": "3601"}, {"line_id": "94-360-1-j24-1", "route_id": "29.TA.94-360-1-j24-1.20.R", "mode": "ferry", "line_name": "3601"}, {"line_id": "94-360-1-j24-1", "route_id": "22.TA.94-360-1-j24-1.16.R", "mode": "ferry", "line_name": "3601"}, {"line_id": "94-360-1-j24-1", "route_id": "18.TA.94-360-1-j24-1.13.R", "mode": "ferry", "line_name": "3601"}, {"line_id": "94-360-1-j24-1", "route_id": "15.TA.94-360-1-j24-1.36.H", "mode": "ferry", "line_name": "3601"}, {"line_id": "94-360-1-j24-1", "route_id": "27.TA.94-360-1-j24-1.20.R", "mode": "ferry", "line_name": "3601"}, {"line_id": "94-360-1-j24-1", "route_id": "13.TA.94-360-1-j24-1.8.H", "mode": "ferry", "line_name": "3601"}, {"line_id": "94-360-1-j24-1", "route_id": "24.TA.94-360-1-j24-1.18.R", "mode": "ferry", "line_name": "3601"}, {"line_id": "94-360-1-j24-1", "route_id": "5.TA.94-360-1-j24-1.3.H", "mode": "ferry", "line_name": "3601"}, {"line_id": "94-360-1-j24-1", "route_id": "11.TA.94-360-1-j24-1.5.H", "mode": "ferry", "line_name": "3601"}, {"line_id": "94-360-1-j24-1", "route_id": "1.TA.94-360-1-j24-1.1.H", "mode": "ferry", "line_name": "3601"}, {"line_id": "94-360-1-j24-1", "route_id": "7.TA.94-360-1-j24-1.3.H", "mode": "ferry", "line_name": "3601"}], "predominant_mode": "ferry", "assigned_canton": "Nidwalden", "modes_list": ["ferry"]}, "geometry": {"type": "Point", "coordinates": [8.336186746918356, 46.9806425067064]}}, {"id": "25763", "type": "Feature", "properties": {"name": "Stansstad, Abzw. F\u00fcrigen", "lon": 8.34936502859124, "lat": 46.97969253641651, "stop_id": ["8508709.link:423624", "8508709.link:423625"], "lines": [{"line_id": "96-363-1-j24-1", "route_id": "95.TA.96-363-1-j24-1.3.R", "mode": "bus", "line_name": "321"}, {"line_id": "96-363-1-j24-1", "route_id": "84.TA.96-363-1-j24-1.3.R", "mode": "bus", "line_name": "321"}, {"line_id": "96-363-1-j24-1", "route_id": "73.TA.96-363-1-j24-1.3.R", "mode": "bus", "line_name": "321"}, {"line_id": "96-363-1-j24-1", "route_id": "28.TA.96-363-1-j24-1.1.H", "mode": "bus", "line_name": "321"}, {"line_id": "96-363-1-j24-1", "route_id": "35.TA.96-363-1-j24-1.2.H", "mode": "bus", "line_name": "321"}, {"line_id": "96-363-1-j24-1", "route_id": "48.TA.96-363-1-j24-1.2.H", "mode": "bus", "line_name": "321"}], "predominant_mode": "bus", "assigned_canton": "Nidwalden", "modes_list": ["bus"]}, "geometry": {"type": "Point", "coordinates": [8.34936503691062, 46.979692546495386]}}, {"id": "25764", "type": "Feature", "properties": {"name": "Stansstad, Abzw. Rotzloch", "lon": 8.339294918187687, "lat": 46.96755608657338, "stop_id": ["8508732.link:1194264", "8508732.link:1194265"], "lines": [{"line_id": "96-363-8-j24-1", "route_id": "34.TA.96-363-8-j24-1.7.H", "mode": "bus", "line_name": "323"}, {"line_id": "96-363-8-j24-1", "route_id": "41.TA.96-363-8-j24-1.9.H", "mode": "bus", "line_name": "323"}, {"line_id": "96-363-8-j24-1", "route_id": "65.TA.96-363-8-j24-1.10.H", "mode": "bus", "line_name": "323"}, {"line_id": "96-363-8-j24-1", "route_id": "35.TA.96-363-8-j24-1.8.H", "mode": "bus", "line_name": "323"}, {"line_id": "96-363-8-j24-1", "route_id": "123.TA.96-363-8-j24-1.11.R", "mode": "bus", "line_name": "323"}], "predominant_mode": "bus", "assigned_canton": "Nidwalden", "modes_list": ["bus"]}, "geometry": {"type": "Point", "coordinates": [8.339294926500388, 46.96755609665041]}}, {"id": "25765", "type": "Feature", "properties": {"name": "Stansstad, Bahnhof", "lon": 8.336617938480542, "lat": 46.976591256616274, "stop_id": ["8572928.link:1308968", "8572928.link:1308969"], "lines": [{"line_id": "96-363-8-j24-1", "route_id": "34.TA.96-363-8-j24-1.7.H", "mode": "bus", "line_name": "323"}, {"line_id": "96-363-1-j24-1", "route_id": "28.TA.96-363-1-j24-1.1.H", "mode": "bus", "line_name": "321"}, {"line_id": "96-363-8-j24-1", "route_id": "41.TA.96-363-8-j24-1.9.H", "mode": "bus", "line_name": "323"}, {"line_id": "92-N4-A-j24-1", "route_id": "8.TA.92-N4-A-j24-1.2.R", "mode": "bus", "line_name": "N4"}, {"line_id": "96-363-1-j24-1", "route_id": "35.TA.96-363-1-j24-1.2.H", "mode": "bus", "line_name": "321"}, {"line_id": "96-363-1-j24-1", "route_id": "48.TA.96-363-1-j24-1.2.H", "mode": "bus", "line_name": "321"}, {"line_id": "96-363-8-j24-1", "route_id": "65.TA.96-363-8-j24-1.10.H", "mode": "bus", "line_name": "323"}, {"line_id": "96-363-8-j24-1", "route_id": "35.TA.96-363-8-j24-1.8.H", "mode": "bus", "line_name": "323"}, {"line_id": "96-363-1-j24-1", "route_id": "95.TA.96-363-1-j24-1.3.R", "mode": "bus", "line_name": "321"}, {"line_id": "96-363-8-j24-1", "route_id": "123.TA.96-363-8-j24-1.11.R", "mode": "bus", "line_name": "323"}, {"line_id": "96-363-1-j24-1", "route_id": "84.TA.96-363-1-j24-1.3.R", "mode": "bus", "line_name": "321"}, {"line_id": "96-363-1-j24-1", "route_id": "73.TA.96-363-1-j24-1.3.R", "mode": "bus", "line_name": "321"}], "predominant_mode": "bus", "assigned_canton": "Nidwalden", "modes_list": ["bus"]}, "geometry": {"type": "Point", "coordinates": [8.336617946788015, 46.976591266697476]}}, {"id": "25766", "type": "Feature", "properties": {"name": "Stansstad, B\u00fcrgenstockstrasse", "lon": 8.341953928532913, "lat": 46.9780744965327, "stop_id": ["8572929.link:1077668", "8572929.link:1077669"], "lines": [{"line_id": "96-363-1-j24-1", "route_id": "95.TA.96-363-1-j24-1.3.R", "mode": "bus", "line_name": "321"}, {"line_id": "96-363-1-j24-1", "route_id": "84.TA.96-363-1-j24-1.3.R", "mode": "bus", "line_name": "321"}, {"line_id": "96-363-1-j24-1", "route_id": "73.TA.96-363-1-j24-1.3.R", "mode": "bus", "line_name": "321"}, {"line_id": "96-363-1-j24-1", "route_id": "28.TA.96-363-1-j24-1.1.H", "mode": "bus", "line_name": "321"}, {"line_id": "96-363-1-j24-1", "route_id": "35.TA.96-363-1-j24-1.2.H", "mode": "bus", "line_name": "321"}, {"line_id": "96-363-1-j24-1", "route_id": "48.TA.96-363-1-j24-1.2.H", "mode": "bus", "line_name": "321"}], "predominant_mode": "bus", "assigned_canton": "Nidwalden", "modes_list": ["bus"]}, "geometry": {"type": "Point", "coordinates": [8.341953936845316, 46.978074506613]}}, {"id": "25767", "type": "Feature", "properties": {"name": "Stansstad, Kilchlidossen", "lon": 8.34424462861866, "lat": 46.98064862649702, "stop_id": ["8507322.link:423646", "8507322.link:423647"], "lines": [{"line_id": "96-363-1-j24-1", "route_id": "95.TA.96-363-1-j24-1.3.R", "mode": "bus", "line_name": "321"}, {"line_id": "96-363-1-j24-1", "route_id": "84.TA.96-363-1-j24-1.3.R", "mode": "bus", "line_name": "321"}, {"line_id": "96-363-1-j24-1", "route_id": "73.TA.96-363-1-j24-1.3.R", "mode": "bus", "line_name": "321"}, {"line_id": "96-363-1-j24-1", "route_id": "28.TA.96-363-1-j24-1.1.H", "mode": "bus", "line_name": "321"}, {"line_id": "96-363-1-j24-1", "route_id": "35.TA.96-363-1-j24-1.2.H", "mode": "bus", "line_name": "321"}, {"line_id": "96-363-1-j24-1", "route_id": "48.TA.96-363-1-j24-1.2.H", "mode": "bus", "line_name": "321"}], "predominant_mode": "bus", "assigned_canton": "Nidwalden", "modes_list": ["bus"]}, "geometry": {"type": "Point", "coordinates": [8.344244636932638, 46.98064863657769]}}, {"id": "25768", "type": "Feature", "properties": {"name": "Stansstad, Schule", "lon": 8.338504398549162, "lat": 46.97865062658692, "stop_id": ["8580597.link:503589", "8580597.link:503590"], "lines": [{"line_id": "96-363-1-j24-1", "route_id": "28.TA.96-363-1-j24-1.1.H", "mode": "bus", "line_name": "321"}, {"line_id": "96-363-1-j24-1", "route_id": "35.TA.96-363-1-j24-1.2.H", "mode": "bus", "line_name": "321"}, {"line_id": "96-363-1-j24-1", "route_id": "48.TA.96-363-1-j24-1.2.H", "mode": "bus", "line_name": "321"}, {"line_id": "96-363-1-j24-1", "route_id": "95.TA.96-363-1-j24-1.3.R", "mode": "bus", "line_name": "321"}, {"line_id": "96-363-1-j24-1", "route_id": "84.TA.96-363-1-j24-1.3.R", "mode": "bus", "line_name": "321"}, {"line_id": "96-363-1-j24-1", "route_id": "73.TA.96-363-1-j24-1.3.R", "mode": "bus", "line_name": "321"}], "predominant_mode": "bus", "assigned_canton": "Nidwalden", "modes_list": ["bus"]}, "geometry": {"type": "Point", "coordinates": [8.338504406857945, 46.97865063666839]}}, {"id": "25769", "type": "Feature", "properties": {"name": "Stansstad, Sch\u00fctzen", "lon": 8.342016808450143, "lat": 46.97553702653142, "stop_id": ["8572927.link:1207307"], "lines": [{"line_id": "96-363-8-j24-1", "route_id": "34.TA.96-363-8-j24-1.7.H", "mode": "bus", "line_name": "323"}, {"line_id": "96-363-8-j24-1", "route_id": "41.TA.96-363-8-j24-1.9.H", "mode": "bus", "line_name": "323"}, {"line_id": "92-N4-A-j24-1", "route_id": "8.TA.92-N4-A-j24-1.2.R", "mode": "bus", "line_name": "N4"}, {"line_id": "96-363-8-j24-1", "route_id": "123.TA.96-363-8-j24-1.11.R", "mode": "bus", "line_name": "323"}, {"line_id": "96-363-8-j24-1", "route_id": "65.TA.96-363-8-j24-1.10.H", "mode": "bus", "line_name": "323"}, {"line_id": "96-363-8-j24-1", "route_id": "35.TA.96-363-8-j24-1.8.H", "mode": "bus", "line_name": "323"}], "predominant_mode": "bus", "assigned_canton": "Nidwalden", "modes_list": ["bus"]}, "geometry": {"type": "Point", "coordinates": [8.34201681676333, 46.97553703661073]}}, {"id": "25770", "type": "Feature", "properties": {"name": "Stansstad, Seehof", "lon": 8.33863015830039, "lat": 46.971025676584176, "stop_id": ["8572926.link:575885", "8572926.link:575886"], "lines": [{"line_id": "96-363-8-j24-1", "route_id": "34.TA.96-363-8-j24-1.7.H", "mode": "bus", "line_name": "323"}, {"line_id": "96-363-8-j24-1", "route_id": "41.TA.96-363-8-j24-1.9.H", "mode": "bus", "line_name": "323"}, {"line_id": "96-363-8-j24-1", "route_id": "65.TA.96-363-8-j24-1.10.H", "mode": "bus", "line_name": "323"}, {"line_id": "96-363-8-j24-1", "route_id": "35.TA.96-363-8-j24-1.8.H", "mode": "bus", "line_name": "323"}, {"line_id": "96-363-8-j24-1", "route_id": "123.TA.96-363-8-j24-1.11.R", "mode": "bus", "line_name": "323"}], "predominant_mode": "bus", "assigned_canton": "Nidwalden", "modes_list": ["bus"]}, "geometry": {"type": "Point", "coordinates": [8.33863016661145, 46.97102568666275]}}, {"id": "25771", "type": "Feature", "properties": {"name": "Stansstad, Seewli", "lon": 8.353488298608076, "lat": 46.98011541635179, "stop_id": ["8572931.link:423616", "8572931.link:423617"], "lines": [{"line_id": "96-363-1-j24-1", "route_id": "95.TA.96-363-1-j24-1.3.R", "mode": "bus", "line_name": "321"}, {"line_id": "96-363-1-j24-1", "route_id": "84.TA.96-363-1-j24-1.3.R", "mode": "bus", "line_name": "321"}, {"line_id": "96-363-1-j24-1", "route_id": "73.TA.96-363-1-j24-1.3.R", "mode": "bus", "line_name": "321"}, {"line_id": "96-363-1-j24-1", "route_id": "28.TA.96-363-1-j24-1.1.H", "mode": "bus", "line_name": "321"}, {"line_id": "96-363-1-j24-1", "route_id": "35.TA.96-363-1-j24-1.2.H", "mode": "bus", "line_name": "321"}, {"line_id": "96-363-1-j24-1", "route_id": "48.TA.96-363-1-j24-1.2.H", "mode": "bus", "line_name": "321"}], "predominant_mode": "bus", "assigned_canton": "Nidwalden", "modes_list": ["bus"]}, "geometry": {"type": "Point", "coordinates": [8.35348830693146, 46.980115426429634]}}, {"id": "25772", "type": "Feature", "properties": {"name": "Stansstad, Sommerweid", "lon": 8.343508008589879, "lat": 46.97978446650845, "stop_id": ["8572930.link:423652", "8572930.link:423653"], "lines": [{"line_id": "96-363-1-j24-1", "route_id": "95.TA.96-363-1-j24-1.3.R", "mode": "bus", "line_name": "321"}, {"line_id": "96-363-1-j24-1", "route_id": "84.TA.96-363-1-j24-1.3.R", "mode": "bus", "line_name": "321"}, {"line_id": "96-363-1-j24-1", "route_id": "73.TA.96-363-1-j24-1.3.R", "mode": "bus", "line_name": "321"}, {"line_id": "96-363-1-j24-1", "route_id": "28.TA.96-363-1-j24-1.1.H", "mode": "bus", "line_name": "321"}, {"line_id": "96-363-1-j24-1", "route_id": "35.TA.96-363-1-j24-1.2.H", "mode": "bus", "line_name": "321"}, {"line_id": "96-363-1-j24-1", "route_id": "48.TA.96-363-1-j24-1.2.H", "mode": "bus", "line_name": "321"}], "predominant_mode": "bus", "assigned_canton": "Nidwalden", "modes_list": ["bus"]}, "geometry": {"type": "Point", "coordinates": [8.343508016903364, 46.97978447658897]}}, {"id": "26046", "type": "Feature", "properties": {"name": "Stockh\u00fctte (Bergstation)", "lon": 8.505204767578007, "lat": 46.945225183966, "stop_id": ["8508495.link:pt_8508495"], "lines": [{"line_id": "93-255-7-j24-1", "route_id": "2117.TA.93-255-7-j24-1.2.R", "mode": "cable car", "line_name": "2557"}, {"line_id": "93-255-7-j24-1", "route_id": "1493.TA.93-255-7-j24-1.1.H", "mode": "cable car", "line_name": "2557"}], "predominant_mode": "cable car", "assigned_canton": "Nidwalden", "modes_list": ["cable car"]}, "geometry": {"type": "Point", "coordinates": [8.505204776062506, 46.945225193988016]}}, {"id": "27196", "type": "Feature", "properties": {"name": "Tr\u00fcbsee", "lon": 8.3990238925834, "lat": 46.793894185613766, "stop_id": ["8508366.link:pt_8508366"], "lines": [{"line_id": "93-253-4-j24-1", "route_id": "208.TA.93-253-4-j24-1.1.H", "mode": "cable car", "line_name": "2534"}, {"line_id": "93-253-4-j24-1", "route_id": "598.TA.93-253-4-j24-1.2.R", "mode": "cable car", "line_name": "2534"}], "predominant_mode": "cable car", "assigned_canton": "Nidwalden", "modes_list": ["cable car"]}, "geometry": {"type": "Point", "coordinates": [8.399023901004412, 46.793894195605496]}}, {"id": "27197", "type": "Feature", "properties": {"name": "Tr\u00fcbsee (Jochpass)", "lon": 8.38767817248934, "lat": 46.79124958579151, "stop_id": ["8530371.link:pt_8530371"], "lines": [{"line_id": "93-253-7-j24-1", "route_id": "556.TA.93-253-7-j24-1.2.R", "mode": "cable car", "line_name": "2537"}, {"line_id": "93-253-7-j24-1", "route_id": "157.TA.93-253-7-j24-1.1.H", "mode": "cable car", "line_name": "2537"}], "predominant_mode": "cable car", "assigned_canton": "Nidwalden", "modes_list": ["cable car"]}, "geometry": {"type": "Point", "coordinates": [8.387678180899668, 46.79124959578534]}}, {"id": "30235", "type": "Feature", "properties": {"name": "Wirzweli", "lon": 8.36720556646121, "lat": 46.91395730612935, "stop_id": ["8508551.link:pt_8508551"], "lines": [{"line_id": "93-R-Y-j24-1", "route_id": "92.TA.93-R-Y-j24-1.2.R", "mode": "cable car", "line_name": "PB"}, {"line_id": "93-R-Y-j24-1", "route_id": "8.TA.93-R-Y-j24-1.1.H", "mode": "cable car", "line_name": "PB"}], "predominant_mode": "cable car", "assigned_canton": "Nidwalden", "modes_list": ["cable car"]}, "geometry": {"type": "Point", "coordinates": [8.367205574816943, 46.913957316177864]}}, {"id": "30365", "type": "Feature", "properties": {"name": "Wolfenschiessen", "lon": 8.394750909612961, "lat": 46.90776127902953, "stop_id": ["8508394.link:691996", "8508394.link:691997", "8508394:0:1.link:288932", "8508394:0:1.link:288933", "8508394:0:2.link:529243", "8508394:0:2.link:529244"], "lines": [{"line_id": "92-7-Y-j24-1", "route_id": "7.TA.92-7-Y-j24-1.13.R", "mode": "bus", "line_name": "B"}, {"line_id": "92-7-Y-j24-1", "route_id": "5.TA.92-7-Y-j24-1.12.H", "mode": "bus", "line_name": "B"}, {"line_id": "92-7-Y-j24-1", "route_id": "1.TA.92-7-Y-j24-1.12.H", "mode": "bus", "line_name": "B"}, {"line_id": "91-4-D-j24-1", "route_id": "409.TA.91-4-D-j24-1.33.R", "mode": "rail", "line_name": "S4"}, {"line_id": "91-4-D-j24-1", "route_id": "389.TA.91-4-D-j24-1.32.R", "mode": "rail", "line_name": "S4"}, {"line_id": "91-4-D-j24-1", "route_id": "411.TA.91-4-D-j24-1.53.R", "mode": "rail", "line_name": "S4"}, {"line_id": "91-4-D-j24-1", "route_id": "376.TA.91-4-D-j24-1.30.R", "mode": "rail", "line_name": "S4"}, {"line_id": "91-4-D-j24-1", "route_id": "344.TA.91-4-D-j24-1.27.R", "mode": "rail", "line_name": "S4"}, {"line_id": "91-4-D-j24-1", "route_id": "351.TA.91-4-D-j24-1.27.R", "mode": "rail", "line_name": "S4"}, {"line_id": "91-4-D-j24-1", "route_id": "330.TA.91-4-D-j24-1.27.R", "mode": "rail", "line_name": "S4"}, {"line_id": "91-4-D-j24-1", "route_id": "132.TA.91-4-D-j24-1.9.H", "mode": "rail", "line_name": "S4"}, {"line_id": "91-4-D-j24-1", "route_id": "166.TA.91-4-D-j24-1.12.H", "mode": "rail", "line_name": "S4"}, {"line_id": "91-4-D-j24-1", "route_id": "121.TA.91-4-D-j24-1.8.H", "mode": "rail", "line_name": "S4"}, {"line_id": "91-4-D-j24-1", "route_id": "144.TA.91-4-D-j24-1.9.H", "mode": "rail", "line_name": "S4"}, {"line_id": "91-44-A-j24-1", "route_id": "25.TA.91-44-A-j24-1.5.H", "mode": "rail", "line_name": "S44"}, {"line_id": "91-1J-Y-j24-1", "route_id": "82.TA.91-1J-Y-j24-1.7.H", "mode": "rail", "line_name": "IR"}, {"line_id": "91-1J-Y-j24-1", "route_id": "104.TA.91-1J-Y-j24-1.45.H", "mode": "rail", "line_name": "IR"}, {"line_id": "91-1J-Y-j24-1", "route_id": "109.TA.91-1J-Y-j24-1.9.H", "mode": "rail", "line_name": "IR"}, {"line_id": "91-1J-Y-j24-1", "route_id": "57.TA.91-1J-Y-j24-1.4.H", "mode": "rail", "line_name": "IR"}, {"line_id": "91-1J-Y-j24-1", "route_id": "51.TA.91-1J-Y-j24-1.23.H", "mode": "rail", "line_name": "IR"}, {"line_id": "91-1J-Y-j24-1", "route_id": "78.TA.91-1J-Y-j24-1.6.H", "mode": "rail", "line_name": "IR"}, {"line_id": "91-1J-Y-j24-1", "route_id": "168.TA.91-1J-Y-j24-1.14.R", "mode": "rail", "line_name": "IR"}, {"line_id": "91-1J-Y-j24-1", "route_id": "193.TA.91-1J-Y-j24-1.16.R", "mode": "rail", "line_name": "IR"}, {"line_id": "91-1J-Y-j24-1", "route_id": "181.TA.91-1J-Y-j24-1.15.R", "mode": "rail", "line_name": "IR"}, {"line_id": "91-1J-Y-j24-1", "route_id": "151.TA.91-1J-Y-j24-1.13.R", "mode": "rail", "line_name": "IR"}], "predominant_mode": "rail", "assigned_canton": "Nidwalden", "modes_list": ["bus", "rail"]}, "geometry": {"type": "Point", "coordinates": [8.39475091799803, 46.907761289067984]}}, {"id": "30366", "type": "Feature", "properties": {"name": "Wolfenschiessen, Bahnhof", "lon": 8.394909606286888, "lat": 46.907980165693715, "stop_id": ["8580003.link:1503217", "8580003.link:1503218"], "lines": [{"line_id": "96-363-4-j24-1", "route_id": "16.TA.96-363-4-j24-1.2.R", "mode": "bus", "line_name": "331"}, {"line_id": "96-363-4-j24-1", "route_id": "21.TA.96-363-4-j24-1.2.R", "mode": "bus", "line_name": "331"}, {"line_id": "96-363-4-j24-1", "route_id": "2.TA.96-363-4-j24-1.1.H", "mode": "bus", "line_name": "331"}, {"line_id": "96-363-4-j24-1", "route_id": "1.TA.96-363-4-j24-1.1.H", "mode": "bus", "line_name": "331"}, {"line_id": "96-363-4-j24-1", "route_id": "10.TA.96-363-4-j24-1.1.H", "mode": "bus", "line_name": "331"}], "predominant_mode": "bus", "assigned_canton": "Nidwalden", "modes_list": ["bus"]}, "geometry": {"type": "Point", "coordinates": [8.39490961467206, 46.90798017573218]}}, {"id": "30367", "type": "Feature", "properties": {"name": "Wolfenschiessen, Zelgli", "lon": 8.400137806344434, "lat": 46.90963100561184, "stop_id": ["8582717.link:1652953", "8582717.link:1652954"], "lines": [{"line_id": "96-363-4-j24-1", "route_id": "2.TA.96-363-4-j24-1.1.H", "mode": "bus", "line_name": "331"}, {"line_id": "96-363-4-j24-1", "route_id": "1.TA.96-363-4-j24-1.1.H", "mode": "bus", "line_name": "331"}, {"line_id": "96-363-4-j24-1", "route_id": "10.TA.96-363-4-j24-1.1.H", "mode": "bus", "line_name": "331"}, {"line_id": "96-363-4-j24-1", "route_id": "16.TA.96-363-4-j24-1.2.R", "mode": "bus", "line_name": "331"}, {"line_id": "96-363-4-j24-1", "route_id": "21.TA.96-363-4-j24-1.2.R", "mode": "bus", "line_name": "331"}], "predominant_mode": "bus", "assigned_canton": "Nidwalden", "modes_list": ["bus"]}, "geometry": {"type": "Point", "coordinates": [8.400137814734375, 46.9096310156495]}}]}