{"type": "FeatureCollection", "features": [{"id": "621", "type": "Feature", "properties": {"name": "Altdorf UR", "lon": 8.631124608763335, "lat": 46.876665951980414, "stop_id": ["8505113:0:1.link:1495253", "8505113:0:1.link:705915", "8505113:0:4.link:1495279"], "lines": [{"line_id": "91-26-C-j24-1", "route_id": "782.TA.91-26-C-j24-1.776.R", "mode": "rail", "line_name": "IR26"}, {"line_id": "91-21-D-j24-1", "route_id": "754.TA.91-21-D-j24-1.100.R", "mode": "rail", "line_name": "IC21"}, {"line_id": "91-3R-Y-j24-1", "route_id": "18.TA.91-3R-Y-j24-1.220.H", "mode": "rail", "line_name": "EC"}, {"line_id": "91-46-j24-1", "route_id": "103.TA.91-46-j24-1.247.H", "mode": "rail", "line_name": "IR46"}, {"line_id": "91-2-C-j24-1", "route_id": "36.TA.91-2-C-j24-1.13.H", "mode": "rail", "line_name": "S2"}, {"line_id": "91-46-j24-1", "route_id": "42.TA.91-46-j24-1.34.H", "mode": "rail", "line_name": "IR46"}, {"line_id": "91-26-C-j24-1", "route_id": "752.TA.91-26-C-j24-1.824.R", "mode": "rail", "line_name": "IR26"}, {"line_id": "91-21-D-j24-1", "route_id": "974.TA.91-21-D-j24-1.116.R", "mode": "rail", "line_name": "IC21"}, {"line_id": "91-21-D-j24-1", "route_id": "1057.TA.91-21-D-j24-1.149.R", "mode": "rail", "line_name": "IC21"}, {"line_id": "91-26-C-j24-1", "route_id": "613.TA.91-26-C-j24-1.771.R", "mode": "rail", "line_name": "IR26"}, {"line_id": "91-2-C-j24-1", "route_id": "98.TA.91-2-C-j24-1.88.H", "mode": "rail", "line_name": "S2"}, {"line_id": "91-46-j24-1", "route_id": "87.TA.91-46-j24-1.257.H", "mode": "rail", "line_name": "IR46"}, {"line_id": "91-2-C-j24-1", "route_id": "86.TA.91-2-C-j24-1.35.H", "mode": "rail", "line_name": "S2"}, {"line_id": "91-46-j24-1", "route_id": "38.TA.91-46-j24-1.30.H", "mode": "rail", "line_name": "IR46"}, {"line_id": "91-46-j24-1", "route_id": "119.TA.91-46-j24-1.401.H", "mode": "rail", "line_name": "IR46"}, {"line_id": "91-3-H-j24-1", "route_id": "389.TA.91-3-H-j24-1.534.H", "mode": "rail", "line_name": "S3"}, {"line_id": "91-21-D-j24-1", "route_id": "878.TA.91-21-D-j24-1.1136.R", "mode": "rail", "line_name": "IC21"}, {"line_id": "91-26-C-j24-1", "route_id": "578.TA.91-26-C-j24-1.768.R", "mode": "rail", "line_name": "IR26"}, {"line_id": "91-26-C-j24-1", "route_id": "725.TA.91-26-C-j24-1.773.R", "mode": "rail", "line_name": "IR26"}, {"line_id": "91-2-G-j24-1", "route_id": "755.TA.91-2-G-j24-1.688.R", "mode": "rail", "line_name": "IC2"}, {"line_id": "91-46-j24-1", "route_id": "140.TA.91-46-j24-1.402.H", "mode": "rail", "line_name": "IR46"}, {"line_id": "91-46-j24-1", "route_id": "13.TA.91-46-j24-1.173.H", "mode": "rail", "line_name": "IR46"}, {"line_id": "91-26-C-j24-1", "route_id": "703.TA.91-26-C-j24-1.772.R", "mode": "rail", "line_name": "IR26"}, {"line_id": "91-26-C-j24-1", "route_id": "744.TA.91-26-C-j24-1.774.R", "mode": "rail", "line_name": "IR26"}, {"line_id": "91-21-D-j24-1", "route_id": "964.TA.91-21-D-j24-1.115.R", "mode": "rail", "line_name": "IC21"}, {"line_id": "91-2-G-j24-1", "route_id": "18.TA.91-2-G-j24-1.479.H", "mode": "rail", "line_name": "IC2"}, {"line_id": "91-46-j24-1", "route_id": "271.TA.91-46-j24-1.415.R", "mode": "rail", "line_name": "IR46"}, {"line_id": "91-46-j24-1", "route_id": "187.TA.91-46-j24-1.409.R", "mode": "rail", "line_name": "IR46"}, {"line_id": "91-21-D-j24-1", "route_id": "593.TA.91-21-D-j24-1.80.H", "mode": "rail", "line_name": "IC21"}, {"line_id": "91-46-j24-1", "route_id": "296.TA.91-46-j24-1.419.R", "mode": "rail", "line_name": "IR46"}, {"line_id": "91-21-D-j24-1", "route_id": "355.TA.91-21-D-j24-1.33.H", "mode": "rail", "line_name": "IC21"}, {"line_id": "91-26-C-j24-1", "route_id": "291.TA.91-26-C-j24-1.735.H", "mode": "rail", "line_name": "IR26"}, {"line_id": "91-26-C-j24-1", "route_id": "274.TA.91-26-C-j24-1.475.H", "mode": "rail", "line_name": "IR26"}, {"line_id": "91-3R-Y-j24-1", "route_id": "51.TA.91-3R-Y-j24-1.237.R", "mode": "rail", "line_name": "EC"}, {"line_id": "91-46-j24-1", "route_id": "274.TA.91-46-j24-1.416.R", "mode": "rail", "line_name": "IR46"}, {"line_id": "91-21-D-j24-1", "route_id": "162.TA.91-21-D-j24-1.13.H", "mode": "rail", "line_name": "IC21"}, {"line_id": "91-26-C-j24-1", "route_id": "96.TA.91-26-C-j24-1.717.H", "mode": "rail", "line_name": "IR26"}, {"line_id": "91-26-C-j24-1", "route_id": "63.TA.91-26-C-j24-1.715.H", "mode": "rail", "line_name": "IR26"}, {"line_id": "91-21-D-j24-1", "route_id": "248.TA.91-21-D-j24-1.1014.H", "mode": "rail", "line_name": "IC21"}, {"line_id": "91-26-C-j24-1", "route_id": "179.TA.91-26-C-j24-1.719.H", "mode": "rail", "line_name": "IR26"}, {"line_id": "91-2-C-j24-1", "route_id": "191.TA.91-2-C-j24-1.90.R", "mode": "rail", "line_name": "S2"}, {"line_id": "91-26-C-j24-1", "route_id": "267.TA.91-26-C-j24-1.732.H", "mode": "rail", "line_name": "IR26"}, {"line_id": "91-46-j24-1", "route_id": "277.TA.91-46-j24-1.131.R", "mode": "rail", "line_name": "IR46"}, {"line_id": "91-2-C-j24-1", "route_id": "180.TA.91-2-C-j24-1.60.R", "mode": "rail", "line_name": "S2"}, {"line_id": "91-21-D-j24-1", "route_id": "463.TA.91-21-D-j24-1.42.H", "mode": "rail", "line_name": "IC21"}, {"line_id": "91-26-C-j24-1", "route_id": "384.TA.91-26-C-j24-1.745.H", "mode": "rail", "line_name": "IR26"}, {"line_id": "91-46-j24-1", "route_id": "301.TA.91-46-j24-1.421.R", "mode": "rail", "line_name": "IR46"}, {"line_id": "91-21-D-j24-1", "route_id": "220.TA.91-21-D-j24-1.19.H", "mode": "rail", "line_name": "IC21"}, {"line_id": "91-26-C-j24-1", "route_id": "295.TA.91-26-C-j24-1.736.H", "mode": "rail", "line_name": "IR26"}, {"line_id": "91-46-j24-1", "route_id": "165.TA.91-46-j24-1.405.R", "mode": "rail", "line_name": "IR46"}], "predominant_mode": "rail", "assigned_canton": "Uri", "modes_list": ["rail"]}, "geometry": {"type": "Point", "coordinates": [8.631124617391967, 46.87666596193992]}}, {"id": "622", "type": "Feature", "properties": {"name": "Altdorf UR, Allmend", "lon": 8.62717800563427, "lat": 46.883027292043174, "stop_id": ["8573089.link:1259508", "8573089.link:1259509"], "lines": [{"line_id": "92-405-j24-1", "route_id": "46.TA.92-405-j24-1.13.R", "mode": "bus", "line_name": "405"}, {"line_id": "92-403-j24-1", "route_id": "126.TA.92-403-j24-1.4.R", "mode": "bus", "line_name": "403"}, {"line_id": "92-403-j24-1", "route_id": "109.TA.92-403-j24-1.4.R", "mode": "bus", "line_name": "403"}, {"line_id": "92-405-j24-1", "route_id": "48.TA.92-405-j24-1.13.R", "mode": "bus", "line_name": "405"}, {"line_id": "92-405-j24-1", "route_id": "34.TA.92-405-j24-1.10.R", "mode": "bus", "line_name": "405"}, {"line_id": "92-405-j24-1", "route_id": "29.TA.92-405-j24-1.8.H", "mode": "bus", "line_name": "405"}, {"line_id": "92-403-j24-1", "route_id": "30.TA.92-403-j24-1.5.H", "mode": "bus", "line_name": "403"}, {"line_id": "92-405-j24-1", "route_id": "7.TA.92-405-j24-1.5.H", "mode": "bus", "line_name": "405"}, {"line_id": "92-403-j24-1", "route_id": "62.TA.92-403-j24-1.5.H", "mode": "bus", "line_name": "403"}, {"line_id": "92-403-j24-1", "route_id": "41.TA.92-403-j24-1.5.H", "mode": "bus", "line_name": "403"}, {"line_id": "92-403-j24-1", "route_id": "64.TA.92-403-j24-1.5.H", "mode": "bus", "line_name": "403"}, {"line_id": "92-405-j24-1", "route_id": "5.TA.92-405-j24-1.14.H", "mode": "bus", "line_name": "405"}, {"line_id": "92-405-j24-1", "route_id": "21.TA.92-405-j24-1.7.H", "mode": "bus", "line_name": "405"}, {"line_id": "92-403-j24-1", "route_id": "1.TA.92-403-j24-1.1.H", "mode": "bus", "line_name": "403"}], "predominant_mode": "bus", "assigned_canton": "Uri", "modes_list": ["bus"]}, "geometry": {"type": "Point", "coordinates": [8.62717801425718, 46.88302730200628]}}, {"id": "623", "type": "Feature", "properties": {"name": "Altdorf UR, Bahnhof Ost", "lon": 8.631777385400262, "lat": 46.875738741970025, "stop_id": ["8573088.link:809745", "8573088.link:809746", "8573088:0:A.link:809745", "8573088:0:A.link:809746", "8573088:0:C.link:809745", "8573088:0:C.link:809746"], "lines": [{"line_id": "92-405-j24-1", "route_id": "29.TA.92-405-j24-1.8.H", "mode": "bus", "line_name": "405"}, {"line_id": "92-405-j24-1", "route_id": "7.TA.92-405-j24-1.5.H", "mode": "bus", "line_name": "405"}, {"line_id": "92-405-j24-1", "route_id": "5.TA.92-405-j24-1.14.H", "mode": "bus", "line_name": "405"}, {"line_id": "92-405-j24-1", "route_id": "21.TA.92-405-j24-1.7.H", "mode": "bus", "line_name": "405"}, {"line_id": "92-403-j24-1", "route_id": "1.TA.92-403-j24-1.1.H", "mode": "bus", "line_name": "403"}, {"line_id": "92-405-j24-1", "route_id": "2.TA.92-405-j24-1.1.H", "mode": "bus", "line_name": "405"}, {"line_id": "92-402-j24-1", "route_id": "15.TA.92-402-j24-1.4.H", "mode": "bus", "line_name": "402"}, {"line_id": "92-408-j24-1", "route_id": "27.TA.92-408-j24-1.31.H", "mode": "bus", "line_name": "408"}, {"line_id": "92-403-j24-1", "route_id": "30.TA.92-403-j24-1.5.H", "mode": "bus", "line_name": "403"}, {"line_id": "92-403-j24-1", "route_id": "62.TA.92-403-j24-1.5.H", "mode": "bus", "line_name": "403"}, {"line_id": "92-403-j24-1", "route_id": "41.TA.92-403-j24-1.5.H", "mode": "bus", "line_name": "403"}, {"line_id": "92-403-j24-1", "route_id": "64.TA.92-403-j24-1.5.H", "mode": "bus", "line_name": "403"}, {"line_id": "92-405-j24-1", "route_id": "46.TA.92-405-j24-1.13.R", "mode": "bus", "line_name": "405"}, {"line_id": "92-402-j24-1", "route_id": "9.TA.92-402-j24-1.4.H", "mode": "bus", "line_name": "402"}, {"line_id": "92-408-j24-1", "route_id": "38.TA.92-408-j24-1.89.H", "mode": "bus", "line_name": "408"}, {"line_id": "92-408-j24-1", "route_id": "34.TA.92-408-j24-1.88.H", "mode": "bus", "line_name": "408"}, {"line_id": "92-408-j24-1", "route_id": "5.TA.92-408-j24-1.27.H", "mode": "bus", "line_name": "408"}, {"line_id": "92-405-j24-1", "route_id": "33.TA.92-405-j24-1.9.R", "mode": "bus", "line_name": "405"}, {"line_id": "92-402-j24-1", "route_id": "1.TA.92-402-j24-1.4.H", "mode": "bus", "line_name": "402"}, {"line_id": "92-408-j24-1", "route_id": "44.TA.92-408-j24-1.91.H", "mode": "bus", "line_name": "408"}, {"line_id": "92-405-j24-1", "route_id": "48.TA.92-405-j24-1.13.R", "mode": "bus", "line_name": "405"}, {"line_id": "92-405-j24-1", "route_id": "34.TA.92-405-j24-1.10.R", "mode": "bus", "line_name": "405"}, {"line_id": "92-413-j24-1", "route_id": "15.TA.92-413-j24-1.3.H", "mode": "bus", "line_name": "413"}, {"line_id": "92-412-A-j24-1", "route_id": "46.TA.92-412-A-j24-1.6.R", "mode": "bus", "line_name": "412"}, {"line_id": "92-413-j24-1", "route_id": "29.TA.92-413-j24-1.4.R", "mode": "bus", "line_name": "413"}, {"line_id": "92-412-A-j24-1", "route_id": "1.TA.92-412-A-j24-1.4.H", "mode": "bus", "line_name": "412"}, {"line_id": "92-412-A-j24-1", "route_id": "26.TA.92-412-A-j24-1.5.H", "mode": "bus", "line_name": "412"}, {"line_id": "92-402-j24-1", "route_id": "59.TA.92-402-j24-1.3.R", "mode": "bus", "line_name": "402"}, {"line_id": "92-402-j24-1", "route_id": "30.TA.92-402-j24-1.3.R", "mode": "bus", "line_name": "402"}, {"line_id": "92-402-j24-1", "route_id": "48.TA.92-402-j24-1.3.R", "mode": "bus", "line_name": "402"}, {"line_id": "92-408-j24-1", "route_id": "81.TA.92-408-j24-1.107.R", "mode": "bus", "line_name": "408"}, {"line_id": "92-402-j24-1", "route_id": "62.TA.92-402-j24-1.3.R", "mode": "bus", "line_name": "402"}, {"line_id": "92-408-j24-1", "route_id": "61.TA.92-408-j24-1.38.R", "mode": "bus", "line_name": "408"}, {"line_id": "92-402-j24-1", "route_id": "16.TA.92-402-j24-1.2.R", "mode": "bus", "line_name": "402"}, {"line_id": "92-403-j24-1", "route_id": "126.TA.92-403-j24-1.4.R", "mode": "bus", "line_name": "403"}, {"line_id": "92-403-j24-1", "route_id": "109.TA.92-403-j24-1.4.R", "mode": "bus", "line_name": "403"}, {"line_id": "92-408-j24-1", "route_id": "87.TA.92-408-j24-1.109.R", "mode": "bus", "line_name": "408"}, {"line_id": "92-408-j24-1", "route_id": "51.TA.92-408-j24-1.17.R", "mode": "bus", "line_name": "408"}, {"line_id": "92-408-j24-1", "route_id": "79.TA.92-408-j24-1.105.R", "mode": "bus", "line_name": "408"}, {"line_id": "92-408-j24-1", "route_id": "63.TA.92-408-j24-1.21.R", "mode": "bus", "line_name": "408"}, {"line_id": "92-408-j24-1", "route_id": "71.TA.92-408-j24-1.21.R", "mode": "bus", "line_name": "408"}, {"line_id": "92-408-j24-1", "route_id": "6.TA.92-408-j24-1.85.H", "mode": "bus", "line_name": "408"}], "predominant_mode": "bus", "assigned_canton": "Uri", "modes_list": ["bus"]}, "geometry": {"type": "Point", "coordinates": [8.631777394029806, 46.87573875192898]}}, {"id": "624", "type": "Feature", "properties": {"name": "Altdorf UR, Bahnhof West", "lon": 8.630834150403455, "lat": 46.87585541698486, "stop_id": ["8510105.link:1479679", "8510105.link:1479680", "8510105:0:X.link:1479681", "8510105:0:X.link:1479682"], "lines": [{"line_id": "92-493-A-j24-1", "route_id": "2.TA.92-493-A-j24-1.1.H", "mode": "bus", "line_name": "493"}, {"line_id": "92-493-C-j24-1", "route_id": "4.TA.92-493-C-j24-1.1.H", "mode": "bus", "line_name": "493"}, {"line_id": "92-493-A-j24-1", "route_id": "11.TA.92-493-A-j24-1.2.R", "mode": "bus", "line_name": "493"}, {"line_id": "92-493-C-j24-1", "route_id": "12.TA.92-493-C-j24-1.2.R", "mode": "bus", "line_name": "493"}, {"line_id": "96-363-3-j24-1", "route_id": "2.TA.96-363-3-j24-1.1.H", "mode": "bus", "line_name": "310"}, {"line_id": "96-363-3-j24-1", "route_id": "6.TA.96-363-3-j24-1.1.H", "mode": "bus", "line_name": "310"}, {"line_id": "96-363-3-j24-1", "route_id": "19.TA.96-363-3-j24-1.5.R", "mode": "bus", "line_name": "310"}, {"line_id": "96-363-3-j24-1", "route_id": "15.TA.96-363-3-j24-1.5.R", "mode": "bus", "line_name": "310"}, {"line_id": "96-363-3-j24-1", "route_id": "17.TA.96-363-3-j24-1.5.R", "mode": "bus", "line_name": "310"}], "predominant_mode": "bus", "assigned_canton": "Uri", "modes_list": ["bus"]}, "geometry": {"type": "Point", "coordinates": [8.630834159032037, 46.87585542694411]}}, {"id": "625", "type": "Feature", "properties": {"name": "Altdorf UR, Chornmatt", "lon": 8.63080720557372, "lat": 46.88109319198595, "stop_id": ["8587775.link:887864", "8587775.link:887865"], "lines": [{"line_id": "92-405-j24-1", "route_id": "29.TA.92-405-j24-1.8.H", "mode": "bus", "line_name": "405"}, {"line_id": "92-403-j24-1", "route_id": "30.TA.92-403-j24-1.5.H", "mode": "bus", "line_name": "403"}, {"line_id": "92-405-j24-1", "route_id": "7.TA.92-405-j24-1.5.H", "mode": "bus", "line_name": "405"}, {"line_id": "92-403-j24-1", "route_id": "62.TA.92-403-j24-1.5.H", "mode": "bus", "line_name": "403"}, {"line_id": "92-403-j24-1", "route_id": "41.TA.92-403-j24-1.5.H", "mode": "bus", "line_name": "403"}, {"line_id": "92-403-j24-1", "route_id": "64.TA.92-403-j24-1.5.H", "mode": "bus", "line_name": "403"}, {"line_id": "92-405-j24-1", "route_id": "5.TA.92-405-j24-1.14.H", "mode": "bus", "line_name": "405"}, {"line_id": "92-405-j24-1", "route_id": "21.TA.92-405-j24-1.7.H", "mode": "bus", "line_name": "405"}, {"line_id": "92-403-j24-1", "route_id": "1.TA.92-403-j24-1.1.H", "mode": "bus", "line_name": "403"}, {"line_id": "92-405-j24-1", "route_id": "46.TA.92-405-j24-1.13.R", "mode": "bus", "line_name": "405"}, {"line_id": "92-403-j24-1", "route_id": "126.TA.92-403-j24-1.4.R", "mode": "bus", "line_name": "403"}, {"line_id": "92-403-j24-1", "route_id": "109.TA.92-403-j24-1.4.R", "mode": "bus", "line_name": "403"}, {"line_id": "92-405-j24-1", "route_id": "48.TA.92-405-j24-1.13.R", "mode": "bus", "line_name": "405"}, {"line_id": "92-405-j24-1", "route_id": "34.TA.92-405-j24-1.10.R", "mode": "bus", "line_name": "405"}], "predominant_mode": "bus", "assigned_canton": "Uri", "modes_list": ["bus"]}, "geometry": {"type": "Point", "coordinates": [8.630807214200765, 46.881093201947266]}}, {"id": "626", "type": "Feature", "properties": {"name": "Altdorf UR, D\u00e4twyler AG", "lon": 8.646716365461153, "lat": 46.877316891735575, "stop_id": ["8577377.link:1260329", "8577377.link:1260330"], "lines": [{"line_id": "92-401-j24-1", "route_id": "131.TA.92-401-j24-1.35.R", "mode": "bus", "line_name": "401"}, {"line_id": "92-402-j24-1", "route_id": "48.TA.92-402-j24-1.3.R", "mode": "bus", "line_name": "402"}, {"line_id": "92-401-j24-1", "route_id": "149.TA.92-401-j24-1.38.R", "mode": "bus", "line_name": "401"}, {"line_id": "92-408-j24-1", "route_id": "51.TA.92-408-j24-1.17.R", "mode": "bus", "line_name": "408"}, {"line_id": "92-408-j24-1", "route_id": "79.TA.92-408-j24-1.105.R", "mode": "bus", "line_name": "408"}, {"line_id": "92-401-j24-1", "route_id": "87.TA.92-401-j24-1.30.R", "mode": "bus", "line_name": "401"}, {"line_id": "92-401-j24-1", "route_id": "88.TA.92-401-j24-1.31.R", "mode": "bus", "line_name": "401"}, {"line_id": "92-408-j24-1", "route_id": "71.TA.92-408-j24-1.21.R", "mode": "bus", "line_name": "408"}, {"line_id": "92-402-j24-1", "route_id": "59.TA.92-402-j24-1.3.R", "mode": "bus", "line_name": "402"}, {"line_id": "92-412-A-j24-1", "route_id": "46.TA.92-412-A-j24-1.6.R", "mode": "bus", "line_name": "412"}, {"line_id": "92-408-j24-1", "route_id": "61.TA.92-408-j24-1.38.R", "mode": "bus", "line_name": "408"}, {"line_id": "92-403-j24-1", "route_id": "109.TA.92-403-j24-1.4.R", "mode": "bus", "line_name": "403"}, {"line_id": "92-401-j24-1", "route_id": "127.TA.92-401-j24-1.35.R", "mode": "bus", "line_name": "401"}, {"line_id": "92-401-j24-1", "route_id": "144.TA.92-401-j24-1.36.R", "mode": "bus", "line_name": "401"}, {"line_id": "92-408-j24-1", "route_id": "81.TA.92-408-j24-1.107.R", "mode": "bus", "line_name": "408"}, {"line_id": "92-401-j24-1", "route_id": "158.TA.92-401-j24-1.39.R", "mode": "bus", "line_name": "401"}, {"line_id": "92-401-j24-1", "route_id": "168.TA.92-401-j24-1.40.R", "mode": "bus", "line_name": "401"}, {"line_id": "92-401-j24-1", "route_id": "126.TA.92-401-j24-1.34.R", "mode": "bus", "line_name": "401"}, {"line_id": "92-402-j24-1", "route_id": "62.TA.92-402-j24-1.3.R", "mode": "bus", "line_name": "402"}, {"line_id": "92-403-j24-1", "route_id": "126.TA.92-403-j24-1.4.R", "mode": "bus", "line_name": "403"}, {"line_id": "92-401-j24-1", "route_id": "90.TA.92-401-j24-1.32.R", "mode": "bus", "line_name": "401"}, {"line_id": "92-402-j24-1", "route_id": "30.TA.92-402-j24-1.3.R", "mode": "bus", "line_name": "402"}, {"line_id": "92-408-j24-1", "route_id": "87.TA.92-408-j24-1.109.R", "mode": "bus", "line_name": "408"}, {"line_id": "92-408-j24-1", "route_id": "63.TA.92-408-j24-1.21.R", "mode": "bus", "line_name": "408"}, {"line_id": "92-401-j24-1", "route_id": "145.TA.92-401-j24-1.37.R", "mode": "bus", "line_name": "401"}, {"line_id": "92-401-j24-1", "route_id": "92.TA.92-401-j24-1.32.R", "mode": "bus", "line_name": "401"}, {"line_id": "92-401-j24-1", "route_id": "66.TA.92-401-j24-1.28.H", "mode": "bus", "line_name": "401"}, {"line_id": "92-401-j24-1", "route_id": "40.TA.92-401-j24-1.26.H", "mode": "bus", "line_name": "401"}, {"line_id": "92-403-j24-1", "route_id": "62.TA.92-403-j24-1.5.H", "mode": "bus", "line_name": "403"}, {"line_id": "92-401-j24-1", "route_id": "75.TA.92-401-j24-1.29.H", "mode": "bus", "line_name": "401"}, {"line_id": "92-402-j24-1", "route_id": "9.TA.92-402-j24-1.4.H", "mode": "bus", "line_name": "402"}, {"line_id": "92-408-j24-1", "route_id": "6.TA.92-408-j24-1.85.H", "mode": "bus", "line_name": "408"}, {"line_id": "92-412-A-j24-1", "route_id": "1.TA.92-412-A-j24-1.4.H", "mode": "bus", "line_name": "412"}, {"line_id": "92-402-j24-1", "route_id": "1.TA.92-402-j24-1.4.H", "mode": "bus", "line_name": "402"}, {"line_id": "92-401-j24-1", "route_id": "23.TA.92-401-j24-1.23.H", "mode": "bus", "line_name": "401"}, {"line_id": "92-403-j24-1", "route_id": "41.TA.92-403-j24-1.5.H", "mode": "bus", "line_name": "403"}, {"line_id": "92-403-j24-1", "route_id": "64.TA.92-403-j24-1.5.H", "mode": "bus", "line_name": "403"}, {"line_id": "92-408-j24-1", "route_id": "34.TA.92-408-j24-1.88.H", "mode": "bus", "line_name": "408"}, {"line_id": "92-408-j24-1", "route_id": "38.TA.92-408-j24-1.89.H", "mode": "bus", "line_name": "408"}, {"line_id": "92-401-j24-1", "route_id": "41.TA.92-401-j24-1.26.H", "mode": "bus", "line_name": "401"}, {"line_id": "92-408-j24-1", "route_id": "5.TA.92-408-j24-1.27.H", "mode": "bus", "line_name": "408"}, {"line_id": "92-408-j24-1", "route_id": "44.TA.92-408-j24-1.91.H", "mode": "bus", "line_name": "408"}, {"line_id": "92-402-j24-1", "route_id": "15.TA.92-402-j24-1.4.H", "mode": "bus", "line_name": "402"}, {"line_id": "92-408-j24-1", "route_id": "27.TA.92-408-j24-1.31.H", "mode": "bus", "line_name": "408"}, {"line_id": "92-403-j24-1", "route_id": "30.TA.92-403-j24-1.5.H", "mode": "bus", "line_name": "403"}, {"line_id": "92-401-j24-1", "route_id": "2.TA.92-401-j24-1.22.H", "mode": "bus", "line_name": "401"}, {"line_id": "92-401-j24-1", "route_id": "26.TA.92-401-j24-1.23.H", "mode": "bus", "line_name": "401"}, {"line_id": "92-401-j24-1", "route_id": "51.TA.92-401-j24-1.27.H", "mode": "bus", "line_name": "401"}, {"line_id": "92-412-A-j24-1", "route_id": "26.TA.92-412-A-j24-1.5.H", "mode": "bus", "line_name": "412"}], "predominant_mode": "bus", "assigned_canton": "Uri", "modes_list": ["bus"]}, "geometry": {"type": "Point", "coordinates": [8.646716374104939, 46.877316901690875]}}, {"id": "627", "type": "Feature", "properties": {"name": "Altdorf UR, Frauenkloster", "lon": 8.643967525505696, "lat": 46.87874147177892, "stop_id": ["8587401.link:176973", "8587401.link:176974"], "lines": [{"line_id": "92-401-j24-1", "route_id": "131.TA.92-401-j24-1.35.R", "mode": "bus", "line_name": "401"}, {"line_id": "92-402-j24-1", "route_id": "48.TA.92-402-j24-1.3.R", "mode": "bus", "line_name": "402"}, {"line_id": "92-401-j24-1", "route_id": "149.TA.92-401-j24-1.38.R", "mode": "bus", "line_name": "401"}, {"line_id": "92-408-j24-1", "route_id": "51.TA.92-408-j24-1.17.R", "mode": "bus", "line_name": "408"}, {"line_id": "92-408-j24-1", "route_id": "79.TA.92-408-j24-1.105.R", "mode": "bus", "line_name": "408"}, {"line_id": "92-401-j24-1", "route_id": "87.TA.92-401-j24-1.30.R", "mode": "bus", "line_name": "401"}, {"line_id": "92-401-j24-1", "route_id": "88.TA.92-401-j24-1.31.R", "mode": "bus", "line_name": "401"}, {"line_id": "92-408-j24-1", "route_id": "71.TA.92-408-j24-1.21.R", "mode": "bus", "line_name": "408"}, {"line_id": "92-402-j24-1", "route_id": "59.TA.92-402-j24-1.3.R", "mode": "bus", "line_name": "402"}, {"line_id": "92-412-A-j24-1", "route_id": "46.TA.92-412-A-j24-1.6.R", "mode": "bus", "line_name": "412"}, {"line_id": "92-408-j24-1", "route_id": "61.TA.92-408-j24-1.38.R", "mode": "bus", "line_name": "408"}, {"line_id": "92-403-j24-1", "route_id": "109.TA.92-403-j24-1.4.R", "mode": "bus", "line_name": "403"}, {"line_id": "92-401-j24-1", "route_id": "127.TA.92-401-j24-1.35.R", "mode": "bus", "line_name": "401"}, {"line_id": "92-401-j24-1", "route_id": "144.TA.92-401-j24-1.36.R", "mode": "bus", "line_name": "401"}, {"line_id": "92-408-j24-1", "route_id": "81.TA.92-408-j24-1.107.R", "mode": "bus", "line_name": "408"}, {"line_id": "92-401-j24-1", "route_id": "158.TA.92-401-j24-1.39.R", "mode": "bus", "line_name": "401"}, {"line_id": "92-401-j24-1", "route_id": "168.TA.92-401-j24-1.40.R", "mode": "bus", "line_name": "401"}, {"line_id": "92-401-j24-1", "route_id": "126.TA.92-401-j24-1.34.R", "mode": "bus", "line_name": "401"}, {"line_id": "92-402-j24-1", "route_id": "62.TA.92-402-j24-1.3.R", "mode": "bus", "line_name": "402"}, {"line_id": "92-403-j24-1", "route_id": "126.TA.92-403-j24-1.4.R", "mode": "bus", "line_name": "403"}, {"line_id": "92-401-j24-1", "route_id": "90.TA.92-401-j24-1.32.R", "mode": "bus", "line_name": "401"}, {"line_id": "92-402-j24-1", "route_id": "30.TA.92-402-j24-1.3.R", "mode": "bus", "line_name": "402"}, {"line_id": "92-408-j24-1", "route_id": "87.TA.92-408-j24-1.109.R", "mode": "bus", "line_name": "408"}, {"line_id": "92-408-j24-1", "route_id": "63.TA.92-408-j24-1.21.R", "mode": "bus", "line_name": "408"}, {"line_id": "92-401-j24-1", "route_id": "145.TA.92-401-j24-1.37.R", "mode": "bus", "line_name": "401"}, {"line_id": "92-401-j24-1", "route_id": "92.TA.92-401-j24-1.32.R", "mode": "bus", "line_name": "401"}, {"line_id": "92-401-j24-1", "route_id": "66.TA.92-401-j24-1.28.H", "mode": "bus", "line_name": "401"}, {"line_id": "92-401-j24-1", "route_id": "40.TA.92-401-j24-1.26.H", "mode": "bus", "line_name": "401"}, {"line_id": "92-403-j24-1", "route_id": "62.TA.92-403-j24-1.5.H", "mode": "bus", "line_name": "403"}, {"line_id": "92-401-j24-1", "route_id": "75.TA.92-401-j24-1.29.H", "mode": "bus", "line_name": "401"}, {"line_id": "92-402-j24-1", "route_id": "9.TA.92-402-j24-1.4.H", "mode": "bus", "line_name": "402"}, {"line_id": "92-408-j24-1", "route_id": "6.TA.92-408-j24-1.85.H", "mode": "bus", "line_name": "408"}, {"line_id": "92-412-A-j24-1", "route_id": "1.TA.92-412-A-j24-1.4.H", "mode": "bus", "line_name": "412"}, {"line_id": "92-402-j24-1", "route_id": "1.TA.92-402-j24-1.4.H", "mode": "bus", "line_name": "402"}, {"line_id": "92-401-j24-1", "route_id": "23.TA.92-401-j24-1.23.H", "mode": "bus", "line_name": "401"}, {"line_id": "92-403-j24-1", "route_id": "41.TA.92-403-j24-1.5.H", "mode": "bus", "line_name": "403"}, {"line_id": "92-403-j24-1", "route_id": "64.TA.92-403-j24-1.5.H", "mode": "bus", "line_name": "403"}, {"line_id": "92-408-j24-1", "route_id": "34.TA.92-408-j24-1.88.H", "mode": "bus", "line_name": "408"}, {"line_id": "92-408-j24-1", "route_id": "38.TA.92-408-j24-1.89.H", "mode": "bus", "line_name": "408"}, {"line_id": "92-401-j24-1", "route_id": "41.TA.92-401-j24-1.26.H", "mode": "bus", "line_name": "401"}, {"line_id": "92-408-j24-1", "route_id": "5.TA.92-408-j24-1.27.H", "mode": "bus", "line_name": "408"}, {"line_id": "92-401-j24-1", "route_id": "1.TA.92-401-j24-1.21.H", "mode": "bus", "line_name": "401"}, {"line_id": "92-408-j24-1", "route_id": "44.TA.92-408-j24-1.91.H", "mode": "bus", "line_name": "408"}, {"line_id": "92-402-j24-1", "route_id": "15.TA.92-402-j24-1.4.H", "mode": "bus", "line_name": "402"}, {"line_id": "92-408-j24-1", "route_id": "27.TA.92-408-j24-1.31.H", "mode": "bus", "line_name": "408"}, {"line_id": "92-403-j24-1", "route_id": "30.TA.92-403-j24-1.5.H", "mode": "bus", "line_name": "403"}, {"line_id": "92-401-j24-1", "route_id": "2.TA.92-401-j24-1.22.H", "mode": "bus", "line_name": "401"}, {"line_id": "92-401-j24-1", "route_id": "26.TA.92-401-j24-1.23.H", "mode": "bus", "line_name": "401"}, {"line_id": "92-401-j24-1", "route_id": "51.TA.92-401-j24-1.27.H", "mode": "bus", "line_name": "401"}, {"line_id": "92-412-A-j24-1", "route_id": "26.TA.92-412-A-j24-1.5.H", "mode": "bus", "line_name": "412"}], "predominant_mode": "bus", "assigned_canton": "Uri", "modes_list": ["bus"]}, "geometry": {"type": "Point", "coordinates": [8.643967534146368, 46.87874148173557]}}, {"id": "628", "type": "Feature", "properties": {"name": "Altdorf UR, Gemeindehaus", "lon": 8.641191725635872, "lat": 46.88280012182305, "stop_id": ["8577376.link:269915", "8577376.link:269916"], "lines": [{"line_id": "92-401-j24-1", "route_id": "23.TA.92-401-j24-1.23.H", "mode": "bus", "line_name": "401"}, {"line_id": "92-401-j24-1", "route_id": "40.TA.92-401-j24-1.26.H", "mode": "bus", "line_name": "401"}, {"line_id": "92-401-j24-1", "route_id": "75.TA.92-401-j24-1.29.H", "mode": "bus", "line_name": "401"}, {"line_id": "92-401-j24-1", "route_id": "41.TA.92-401-j24-1.26.H", "mode": "bus", "line_name": "401"}, {"line_id": "92-412-A-j24-1", "route_id": "1.TA.92-412-A-j24-1.4.H", "mode": "bus", "line_name": "412"}, {"line_id": "92-401-j24-1", "route_id": "2.TA.92-401-j24-1.22.H", "mode": "bus", "line_name": "401"}, {"line_id": "92-401-j24-1", "route_id": "26.TA.92-401-j24-1.23.H", "mode": "bus", "line_name": "401"}, {"line_id": "92-401-j24-1", "route_id": "51.TA.92-401-j24-1.27.H", "mode": "bus", "line_name": "401"}, {"line_id": "92-412-A-j24-1", "route_id": "26.TA.92-412-A-j24-1.5.H", "mode": "bus", "line_name": "412"}, {"line_id": "92-401-j24-1", "route_id": "158.TA.92-401-j24-1.39.R", "mode": "bus", "line_name": "401"}, {"line_id": "92-401-j24-1", "route_id": "168.TA.92-401-j24-1.40.R", "mode": "bus", "line_name": "401"}, {"line_id": "92-401-j24-1", "route_id": "131.TA.92-401-j24-1.35.R", "mode": "bus", "line_name": "401"}, {"line_id": "92-401-j24-1", "route_id": "126.TA.92-401-j24-1.34.R", "mode": "bus", "line_name": "401"}, {"line_id": "92-412-A-j24-1", "route_id": "46.TA.92-412-A-j24-1.6.R", "mode": "bus", "line_name": "412"}, {"line_id": "92-401-j24-1", "route_id": "149.TA.92-401-j24-1.38.R", "mode": "bus", "line_name": "401"}, {"line_id": "92-401-j24-1", "route_id": "127.TA.92-401-j24-1.35.R", "mode": "bus", "line_name": "401"}, {"line_id": "92-401-j24-1", "route_id": "90.TA.92-401-j24-1.32.R", "mode": "bus", "line_name": "401"}, {"line_id": "92-401-j24-1", "route_id": "144.TA.92-401-j24-1.36.R", "mode": "bus", "line_name": "401"}, {"line_id": "92-401-j24-1", "route_id": "88.TA.92-401-j24-1.31.R", "mode": "bus", "line_name": "401"}, {"line_id": "92-401-j24-1", "route_id": "92.TA.92-401-j24-1.32.R", "mode": "bus", "line_name": "401"}], "predominant_mode": "bus", "assigned_canton": "Uri", "modes_list": ["bus"]}, "geometry": {"type": "Point", "coordinates": [8.641191734272649, 46.88280013178208]}}, {"id": "629", "type": "Feature", "properties": {"name": "Altdorf UR, Hagenschulhaus", "lon": 8.638766275533103, "lat": 46.87968709186076, "stop_id": ["8573087.link:479241", "8573087.link:479242"], "lines": [{"line_id": "92-402-j24-1", "route_id": "59.TA.92-402-j24-1.3.R", "mode": "bus", "line_name": "402"}, {"line_id": "92-402-j24-1", "route_id": "30.TA.92-402-j24-1.3.R", "mode": "bus", "line_name": "402"}, {"line_id": "92-402-j24-1", "route_id": "48.TA.92-402-j24-1.3.R", "mode": "bus", "line_name": "402"}, {"line_id": "92-408-j24-1", "route_id": "81.TA.92-408-j24-1.107.R", "mode": "bus", "line_name": "408"}, {"line_id": "92-402-j24-1", "route_id": "62.TA.92-402-j24-1.3.R", "mode": "bus", "line_name": "402"}, {"line_id": "92-408-j24-1", "route_id": "61.TA.92-408-j24-1.38.R", "mode": "bus", "line_name": "408"}, {"line_id": "92-403-j24-1", "route_id": "126.TA.92-403-j24-1.4.R", "mode": "bus", "line_name": "403"}, {"line_id": "92-403-j24-1", "route_id": "109.TA.92-403-j24-1.4.R", "mode": "bus", "line_name": "403"}, {"line_id": "92-408-j24-1", "route_id": "87.TA.92-408-j24-1.109.R", "mode": "bus", "line_name": "408"}, {"line_id": "92-408-j24-1", "route_id": "51.TA.92-408-j24-1.17.R", "mode": "bus", "line_name": "408"}, {"line_id": "92-408-j24-1", "route_id": "79.TA.92-408-j24-1.105.R", "mode": "bus", "line_name": "408"}, {"line_id": "92-408-j24-1", "route_id": "63.TA.92-408-j24-1.21.R", "mode": "bus", "line_name": "408"}, {"line_id": "92-408-j24-1", "route_id": "71.TA.92-408-j24-1.21.R", "mode": "bus", "line_name": "408"}, {"line_id": "92-402-j24-1", "route_id": "15.TA.92-402-j24-1.4.H", "mode": "bus", "line_name": "402"}, {"line_id": "92-408-j24-1", "route_id": "27.TA.92-408-j24-1.31.H", "mode": "bus", "line_name": "408"}, {"line_id": "92-403-j24-1", "route_id": "30.TA.92-403-j24-1.5.H", "mode": "bus", "line_name": "403"}, {"line_id": "92-403-j24-1", "route_id": "62.TA.92-403-j24-1.5.H", "mode": "bus", "line_name": "403"}, {"line_id": "92-403-j24-1", "route_id": "41.TA.92-403-j24-1.5.H", "mode": "bus", "line_name": "403"}, {"line_id": "92-403-j24-1", "route_id": "64.TA.92-403-j24-1.5.H", "mode": "bus", "line_name": "403"}, {"line_id": "92-402-j24-1", "route_id": "9.TA.92-402-j24-1.4.H", "mode": "bus", "line_name": "402"}, {"line_id": "92-408-j24-1", "route_id": "38.TA.92-408-j24-1.89.H", "mode": "bus", "line_name": "408"}, {"line_id": "92-408-j24-1", "route_id": "34.TA.92-408-j24-1.88.H", "mode": "bus", "line_name": "408"}, {"line_id": "92-408-j24-1", "route_id": "5.TA.92-408-j24-1.27.H", "mode": "bus", "line_name": "408"}, {"line_id": "92-408-j24-1", "route_id": "6.TA.92-408-j24-1.85.H", "mode": "bus", "line_name": "408"}, {"line_id": "92-402-j24-1", "route_id": "1.TA.92-402-j24-1.4.H", "mode": "bus", "line_name": "402"}, {"line_id": "92-408-j24-1", "route_id": "44.TA.92-408-j24-1.91.H", "mode": "bus", "line_name": "408"}], "predominant_mode": "bus", "assigned_canton": "Uri", "modes_list": ["bus"]}, "geometry": {"type": "Point", "coordinates": [8.638766284168385, 46.87968710181926]}}, {"id": "630", "type": "Feature", "properties": {"name": "Altdorf UR, Kollegium", "lon": 8.650129965395838, "lat": 46.87524134168172, "stop_id": ["8573116:0:A.link:1547220", "8573116:0:B.link:1547219", "8573116:0:C.link:1547220", "8573116:0:C.link:1547221"], "lines": [{"line_id": "92-401-j24-1", "route_id": "23.TA.92-401-j24-1.23.H", "mode": "bus", "line_name": "401"}, {"line_id": "92-401-j24-1", "route_id": "66.TA.92-401-j24-1.28.H", "mode": "bus", "line_name": "401"}, {"line_id": "92-401-j24-1", "route_id": "40.TA.92-401-j24-1.26.H", "mode": "bus", "line_name": "401"}, {"line_id": "92-401-j24-1", "route_id": "75.TA.92-401-j24-1.29.H", "mode": "bus", "line_name": "401"}, {"line_id": "92-401-j24-1", "route_id": "41.TA.92-401-j24-1.26.H", "mode": "bus", "line_name": "401"}, {"line_id": "92-412-A-j24-1", "route_id": "1.TA.92-412-A-j24-1.4.H", "mode": "bus", "line_name": "412"}, {"line_id": "92-401-j24-1", "route_id": "1.TA.92-401-j24-1.21.H", "mode": "bus", "line_name": "401"}, {"line_id": "92-401-j24-1", "route_id": "2.TA.92-401-j24-1.22.H", "mode": "bus", "line_name": "401"}, {"line_id": "92-401-j24-1", "route_id": "26.TA.92-401-j24-1.23.H", "mode": "bus", "line_name": "401"}, {"line_id": "92-401-j24-1", "route_id": "51.TA.92-401-j24-1.27.H", "mode": "bus", "line_name": "401"}, {"line_id": "92-412-A-j24-1", "route_id": "26.TA.92-412-A-j24-1.5.H", "mode": "bus", "line_name": "412"}, {"line_id": "92-401-j24-1", "route_id": "158.TA.92-401-j24-1.39.R", "mode": "bus", "line_name": "401"}, {"line_id": "92-401-j24-1", "route_id": "168.TA.92-401-j24-1.40.R", "mode": "bus", "line_name": "401"}, {"line_id": "92-401-j24-1", "route_id": "131.TA.92-401-j24-1.35.R", "mode": "bus", "line_name": "401"}, {"line_id": "92-401-j24-1", "route_id": "126.TA.92-401-j24-1.34.R", "mode": "bus", "line_name": "401"}, {"line_id": "92-412-A-j24-1", "route_id": "46.TA.92-412-A-j24-1.6.R", "mode": "bus", "line_name": "412"}, {"line_id": "92-401-j24-1", "route_id": "145.TA.92-401-j24-1.37.R", "mode": "bus", "line_name": "401"}, {"line_id": "92-401-j24-1", "route_id": "149.TA.92-401-j24-1.38.R", "mode": "bus", "line_name": "401"}, {"line_id": "92-401-j24-1", "route_id": "127.TA.92-401-j24-1.35.R", "mode": "bus", "line_name": "401"}, {"line_id": "92-401-j24-1", "route_id": "90.TA.92-401-j24-1.32.R", "mode": "bus", "line_name": "401"}, {"line_id": "92-401-j24-1", "route_id": "144.TA.92-401-j24-1.36.R", "mode": "bus", "line_name": "401"}, {"line_id": "92-401-j24-1", "route_id": "87.TA.92-401-j24-1.30.R", "mode": "bus", "line_name": "401"}, {"line_id": "92-401-j24-1", "route_id": "88.TA.92-401-j24-1.31.R", "mode": "bus", "line_name": "401"}, {"line_id": "92-401-j24-1", "route_id": "92.TA.92-401-j24-1.32.R", "mode": "bus", "line_name": "401"}, {"line_id": "92-402-j24-1", "route_id": "59.TA.92-402-j24-1.3.R", "mode": "bus", "line_name": "402"}, {"line_id": "92-402-j24-1", "route_id": "30.TA.92-402-j24-1.3.R", "mode": "bus", "line_name": "402"}, {"line_id": "92-402-j24-1", "route_id": "48.TA.92-402-j24-1.3.R", "mode": "bus", "line_name": "402"}, {"line_id": "92-408-j24-1", "route_id": "81.TA.92-408-j24-1.107.R", "mode": "bus", "line_name": "408"}, {"line_id": "92-402-j24-1", "route_id": "62.TA.92-402-j24-1.3.R", "mode": "bus", "line_name": "402"}, {"line_id": "92-408-j24-1", "route_id": "61.TA.92-408-j24-1.38.R", "mode": "bus", "line_name": "408"}, {"line_id": "92-403-j24-1", "route_id": "126.TA.92-403-j24-1.4.R", "mode": "bus", "line_name": "403"}, {"line_id": "92-403-j24-1", "route_id": "109.TA.92-403-j24-1.4.R", "mode": "bus", "line_name": "403"}, {"line_id": "92-408-j24-1", "route_id": "87.TA.92-408-j24-1.109.R", "mode": "bus", "line_name": "408"}, {"line_id": "92-408-j24-1", "route_id": "51.TA.92-408-j24-1.17.R", "mode": "bus", "line_name": "408"}, {"line_id": "92-408-j24-1", "route_id": "79.TA.92-408-j24-1.105.R", "mode": "bus", "line_name": "408"}, {"line_id": "92-408-j24-1", "route_id": "63.TA.92-408-j24-1.21.R", "mode": "bus", "line_name": "408"}, {"line_id": "92-408-j24-1", "route_id": "71.TA.92-408-j24-1.21.R", "mode": "bus", "line_name": "408"}, {"line_id": "92-402-j24-1", "route_id": "15.TA.92-402-j24-1.4.H", "mode": "bus", "line_name": "402"}, {"line_id": "92-408-j24-1", "route_id": "27.TA.92-408-j24-1.31.H", "mode": "bus", "line_name": "408"}, {"line_id": "92-403-j24-1", "route_id": "30.TA.92-403-j24-1.5.H", "mode": "bus", "line_name": "403"}, {"line_id": "92-403-j24-1", "route_id": "62.TA.92-403-j24-1.5.H", "mode": "bus", "line_name": "403"}, {"line_id": "92-403-j24-1", "route_id": "41.TA.92-403-j24-1.5.H", "mode": "bus", "line_name": "403"}, {"line_id": "92-403-j24-1", "route_id": "64.TA.92-403-j24-1.5.H", "mode": "bus", "line_name": "403"}, {"line_id": "92-402-j24-1", "route_id": "9.TA.92-402-j24-1.4.H", "mode": "bus", "line_name": "402"}, {"line_id": "92-408-j24-1", "route_id": "38.TA.92-408-j24-1.89.H", "mode": "bus", "line_name": "408"}, {"line_id": "92-408-j24-1", "route_id": "34.TA.92-408-j24-1.88.H", "mode": "bus", "line_name": "408"}, {"line_id": "92-408-j24-1", "route_id": "5.TA.92-408-j24-1.27.H", "mode": "bus", "line_name": "408"}, {"line_id": "92-408-j24-1", "route_id": "6.TA.92-408-j24-1.85.H", "mode": "bus", "line_name": "408"}, {"line_id": "92-402-j24-1", "route_id": "1.TA.92-402-j24-1.4.H", "mode": "bus", "line_name": "402"}, {"line_id": "92-408-j24-1", "route_id": "44.TA.92-408-j24-1.91.H", "mode": "bus", "line_name": "408"}], "predominant_mode": "bus", "assigned_canton": "Uri", "modes_list": ["bus"]}, "geometry": {"type": "Point", "coordinates": [8.65012997404358, 46.875241351635225]}}, {"id": "631", "type": "Feature", "properties": {"name": "Altdorf UR, Langmatt", "lon": 8.635164035467318, "lat": 46.87773444191711, "stop_id": ["8588567.link:807751", "8588567.link:807752"], "lines": [{"line_id": "92-402-j24-1", "route_id": "59.TA.92-402-j24-1.3.R", "mode": "bus", "line_name": "402"}, {"line_id": "92-402-j24-1", "route_id": "30.TA.92-402-j24-1.3.R", "mode": "bus", "line_name": "402"}, {"line_id": "92-402-j24-1", "route_id": "48.TA.92-402-j24-1.3.R", "mode": "bus", "line_name": "402"}, {"line_id": "92-408-j24-1", "route_id": "81.TA.92-408-j24-1.107.R", "mode": "bus", "line_name": "408"}, {"line_id": "92-402-j24-1", "route_id": "62.TA.92-402-j24-1.3.R", "mode": "bus", "line_name": "402"}, {"line_id": "92-408-j24-1", "route_id": "61.TA.92-408-j24-1.38.R", "mode": "bus", "line_name": "408"}, {"line_id": "92-403-j24-1", "route_id": "126.TA.92-403-j24-1.4.R", "mode": "bus", "line_name": "403"}, {"line_id": "92-403-j24-1", "route_id": "109.TA.92-403-j24-1.4.R", "mode": "bus", "line_name": "403"}, {"line_id": "92-408-j24-1", "route_id": "87.TA.92-408-j24-1.109.R", "mode": "bus", "line_name": "408"}, {"line_id": "92-408-j24-1", "route_id": "51.TA.92-408-j24-1.17.R", "mode": "bus", "line_name": "408"}, {"line_id": "92-408-j24-1", "route_id": "79.TA.92-408-j24-1.105.R", "mode": "bus", "line_name": "408"}, {"line_id": "92-408-j24-1", "route_id": "63.TA.92-408-j24-1.21.R", "mode": "bus", "line_name": "408"}, {"line_id": "92-408-j24-1", "route_id": "71.TA.92-408-j24-1.21.R", "mode": "bus", "line_name": "408"}, {"line_id": "92-402-j24-1", "route_id": "15.TA.92-402-j24-1.4.H", "mode": "bus", "line_name": "402"}, {"line_id": "92-408-j24-1", "route_id": "27.TA.92-408-j24-1.31.H", "mode": "bus", "line_name": "408"}, {"line_id": "92-403-j24-1", "route_id": "30.TA.92-403-j24-1.5.H", "mode": "bus", "line_name": "403"}, {"line_id": "92-403-j24-1", "route_id": "62.TA.92-403-j24-1.5.H", "mode": "bus", "line_name": "403"}, {"line_id": "92-403-j24-1", "route_id": "41.TA.92-403-j24-1.5.H", "mode": "bus", "line_name": "403"}, {"line_id": "92-403-j24-1", "route_id": "64.TA.92-403-j24-1.5.H", "mode": "bus", "line_name": "403"}, {"line_id": "92-402-j24-1", "route_id": "9.TA.92-402-j24-1.4.H", "mode": "bus", "line_name": "402"}, {"line_id": "92-408-j24-1", "route_id": "38.TA.92-408-j24-1.89.H", "mode": "bus", "line_name": "408"}, {"line_id": "92-408-j24-1", "route_id": "34.TA.92-408-j24-1.88.H", "mode": "bus", "line_name": "408"}, {"line_id": "92-408-j24-1", "route_id": "5.TA.92-408-j24-1.27.H", "mode": "bus", "line_name": "408"}, {"line_id": "92-408-j24-1", "route_id": "6.TA.92-408-j24-1.85.H", "mode": "bus", "line_name": "408"}, {"line_id": "92-402-j24-1", "route_id": "1.TA.92-402-j24-1.4.H", "mode": "bus", "line_name": "402"}, {"line_id": "92-408-j24-1", "route_id": "44.TA.92-408-j24-1.91.H", "mode": "bus", "line_name": "408"}], "predominant_mode": "bus", "assigned_canton": "Uri", "modes_list": ["bus"]}, "geometry": {"type": "Point", "coordinates": [8.63516404409962, 46.87773445187586]}}, {"id": "632", "type": "Feature", "properties": {"name": "Altdorf UR, Moosbad", "lon": 8.629127355867727, "lat": 46.890167522013414, "stop_id": ["8577373.link:1279169", "8577373.link:1279170"], "lines": [{"line_id": "92-401-j24-1", "route_id": "158.TA.92-401-j24-1.39.R", "mode": "bus", "line_name": "401"}, {"line_id": "92-401-j24-1", "route_id": "168.TA.92-401-j24-1.40.R", "mode": "bus", "line_name": "401"}, {"line_id": "92-401-j24-1", "route_id": "131.TA.92-401-j24-1.35.R", "mode": "bus", "line_name": "401"}, {"line_id": "92-401-j24-1", "route_id": "126.TA.92-401-j24-1.34.R", "mode": "bus", "line_name": "401"}, {"line_id": "92-401-j24-1", "route_id": "149.TA.92-401-j24-1.38.R", "mode": "bus", "line_name": "401"}, {"line_id": "92-401-j24-1", "route_id": "127.TA.92-401-j24-1.35.R", "mode": "bus", "line_name": "401"}, {"line_id": "92-401-j24-1", "route_id": "90.TA.92-401-j24-1.32.R", "mode": "bus", "line_name": "401"}, {"line_id": "92-413-j24-1", "route_id": "29.TA.92-413-j24-1.4.R", "mode": "bus", "line_name": "413"}, {"line_id": "92-401-j24-1", "route_id": "144.TA.92-401-j24-1.36.R", "mode": "bus", "line_name": "401"}, {"line_id": "92-401-j24-1", "route_id": "88.TA.92-401-j24-1.31.R", "mode": "bus", "line_name": "401"}, {"line_id": "92-401-j24-1", "route_id": "92.TA.92-401-j24-1.32.R", "mode": "bus", "line_name": "401"}, {"line_id": "92-401-j24-1", "route_id": "23.TA.92-401-j24-1.23.H", "mode": "bus", "line_name": "401"}, {"line_id": "92-401-j24-1", "route_id": "40.TA.92-401-j24-1.26.H", "mode": "bus", "line_name": "401"}, {"line_id": "92-401-j24-1", "route_id": "75.TA.92-401-j24-1.29.H", "mode": "bus", "line_name": "401"}, {"line_id": "92-401-j24-1", "route_id": "41.TA.92-401-j24-1.26.H", "mode": "bus", "line_name": "401"}, {"line_id": "92-413-j24-1", "route_id": "15.TA.92-413-j24-1.3.H", "mode": "bus", "line_name": "413"}, {"line_id": "92-401-j24-1", "route_id": "2.TA.92-401-j24-1.22.H", "mode": "bus", "line_name": "401"}, {"line_id": "92-401-j24-1", "route_id": "26.TA.92-401-j24-1.23.H", "mode": "bus", "line_name": "401"}, {"line_id": "92-401-j24-1", "route_id": "51.TA.92-401-j24-1.27.H", "mode": "bus", "line_name": "401"}], "predominant_mode": "bus", "assigned_canton": "Uri", "modes_list": ["bus"]}, "geometry": {"type": "Point", "coordinates": [8.629127364490497, 46.89016753197877]}}, {"id": "633", "type": "Feature", "properties": {"name": "Altdorf UR, Pro Familia", "lon": 8.63690676533549, "lat": 46.873644711889206, "stop_id": ["8588652.link:176967", "8588652.link:176968"], "lines": [{"line_id": "92-402-j24-1", "route_id": "59.TA.92-402-j24-1.3.R", "mode": "bus", "line_name": "402"}, {"line_id": "92-402-j24-1", "route_id": "30.TA.92-402-j24-1.3.R", "mode": "bus", "line_name": "402"}, {"line_id": "92-405-j24-1", "route_id": "29.TA.92-405-j24-1.8.H", "mode": "bus", "line_name": "405"}, {"line_id": "92-405-j24-1", "route_id": "7.TA.92-405-j24-1.5.H", "mode": "bus", "line_name": "405"}, {"line_id": "92-402-j24-1", "route_id": "48.TA.92-402-j24-1.3.R", "mode": "bus", "line_name": "402"}, {"line_id": "92-408-j24-1", "route_id": "81.TA.92-408-j24-1.107.R", "mode": "bus", "line_name": "408"}, {"line_id": "92-405-j24-1", "route_id": "5.TA.92-405-j24-1.14.H", "mode": "bus", "line_name": "405"}, {"line_id": "92-402-j24-1", "route_id": "62.TA.92-402-j24-1.3.R", "mode": "bus", "line_name": "402"}, {"line_id": "92-405-j24-1", "route_id": "21.TA.92-405-j24-1.7.H", "mode": "bus", "line_name": "405"}, {"line_id": "92-402-j24-1", "route_id": "16.TA.92-402-j24-1.2.R", "mode": "bus", "line_name": "402"}, {"line_id": "92-408-j24-1", "route_id": "87.TA.92-408-j24-1.109.R", "mode": "bus", "line_name": "408"}, {"line_id": "92-408-j24-1", "route_id": "51.TA.92-408-j24-1.17.R", "mode": "bus", "line_name": "408"}, {"line_id": "92-408-j24-1", "route_id": "79.TA.92-408-j24-1.105.R", "mode": "bus", "line_name": "408"}, {"line_id": "92-408-j24-1", "route_id": "63.TA.92-408-j24-1.21.R", "mode": "bus", "line_name": "408"}, {"line_id": "92-405-j24-1", "route_id": "2.TA.92-405-j24-1.1.H", "mode": "bus", "line_name": "405"}, {"line_id": "92-408-j24-1", "route_id": "71.TA.92-408-j24-1.21.R", "mode": "bus", "line_name": "408"}, {"line_id": "92-402-j24-1", "route_id": "15.TA.92-402-j24-1.4.H", "mode": "bus", "line_name": "402"}, {"line_id": "92-408-j24-1", "route_id": "27.TA.92-408-j24-1.31.H", "mode": "bus", "line_name": "408"}, {"line_id": "92-405-j24-1", "route_id": "46.TA.92-405-j24-1.13.R", "mode": "bus", "line_name": "405"}, {"line_id": "92-402-j24-1", "route_id": "9.TA.92-402-j24-1.4.H", "mode": "bus", "line_name": "402"}, {"line_id": "92-408-j24-1", "route_id": "38.TA.92-408-j24-1.89.H", "mode": "bus", "line_name": "408"}, {"line_id": "92-408-j24-1", "route_id": "34.TA.92-408-j24-1.88.H", "mode": "bus", "line_name": "408"}, {"line_id": "92-408-j24-1", "route_id": "5.TA.92-408-j24-1.27.H", "mode": "bus", "line_name": "408"}, {"line_id": "92-405-j24-1", "route_id": "33.TA.92-405-j24-1.9.R", "mode": "bus", "line_name": "405"}, {"line_id": "92-402-j24-1", "route_id": "1.TA.92-402-j24-1.4.H", "mode": "bus", "line_name": "402"}, {"line_id": "92-408-j24-1", "route_id": "44.TA.92-408-j24-1.91.H", "mode": "bus", "line_name": "408"}, {"line_id": "92-405-j24-1", "route_id": "48.TA.92-405-j24-1.13.R", "mode": "bus", "line_name": "405"}, {"line_id": "92-405-j24-1", "route_id": "34.TA.92-405-j24-1.10.R", "mode": "bus", "line_name": "405"}], "predominant_mode": "bus", "assigned_canton": "Uri", "modes_list": ["bus"]}, "geometry": {"type": "Point", "coordinates": [8.63690677397069, 46.87364472184587]}}, {"id": "634", "type": "Feature", "properties": {"name": "Altdorf UR, Ringli", "lon": 8.635029285728343, "lat": 46.885765621920235, "stop_id": ["8577374.link:269781", "8577374.link:269782"], "lines": [{"line_id": "92-401-j24-1", "route_id": "23.TA.92-401-j24-1.23.H", "mode": "bus", "line_name": "401"}, {"line_id": "92-401-j24-1", "route_id": "40.TA.92-401-j24-1.26.H", "mode": "bus", "line_name": "401"}, {"line_id": "92-401-j24-1", "route_id": "75.TA.92-401-j24-1.29.H", "mode": "bus", "line_name": "401"}, {"line_id": "92-401-j24-1", "route_id": "41.TA.92-401-j24-1.26.H", "mode": "bus", "line_name": "401"}, {"line_id": "92-413-j24-1", "route_id": "15.TA.92-413-j24-1.3.H", "mode": "bus", "line_name": "413"}, {"line_id": "92-401-j24-1", "route_id": "2.TA.92-401-j24-1.22.H", "mode": "bus", "line_name": "401"}, {"line_id": "92-401-j24-1", "route_id": "26.TA.92-401-j24-1.23.H", "mode": "bus", "line_name": "401"}, {"line_id": "92-401-j24-1", "route_id": "51.TA.92-401-j24-1.27.H", "mode": "bus", "line_name": "401"}, {"line_id": "92-401-j24-1", "route_id": "158.TA.92-401-j24-1.39.R", "mode": "bus", "line_name": "401"}, {"line_id": "92-401-j24-1", "route_id": "168.TA.92-401-j24-1.40.R", "mode": "bus", "line_name": "401"}, {"line_id": "92-401-j24-1", "route_id": "131.TA.92-401-j24-1.35.R", "mode": "bus", "line_name": "401"}, {"line_id": "92-401-j24-1", "route_id": "126.TA.92-401-j24-1.34.R", "mode": "bus", "line_name": "401"}, {"line_id": "92-401-j24-1", "route_id": "149.TA.92-401-j24-1.38.R", "mode": "bus", "line_name": "401"}, {"line_id": "92-401-j24-1", "route_id": "127.TA.92-401-j24-1.35.R", "mode": "bus", "line_name": "401"}, {"line_id": "92-401-j24-1", "route_id": "90.TA.92-401-j24-1.32.R", "mode": "bus", "line_name": "401"}, {"line_id": "92-413-j24-1", "route_id": "29.TA.92-413-j24-1.4.R", "mode": "bus", "line_name": "413"}, {"line_id": "92-401-j24-1", "route_id": "144.TA.92-401-j24-1.36.R", "mode": "bus", "line_name": "401"}, {"line_id": "92-401-j24-1", "route_id": "88.TA.92-401-j24-1.31.R", "mode": "bus", "line_name": "401"}, {"line_id": "92-401-j24-1", "route_id": "92.TA.92-401-j24-1.32.R", "mode": "bus", "line_name": "401"}], "predominant_mode": "bus", "assigned_canton": "Uri", "modes_list": ["bus"]}, "geometry": {"type": "Point", "coordinates": [8.635029294358189, 46.885765631882165]}}, {"id": "635", "type": "Feature", "properties": {"name": "Altdorf UR, Ruberst/Neuland", "lon": 8.634804705097041, "lat": 46.866348741921286, "stop_id": ["8577393.link:11876", "8577393.link:11877"], "lines": [{"line_id": "92-402-j24-1", "route_id": "59.TA.92-402-j24-1.3.R", "mode": "bus", "line_name": "402"}, {"line_id": "92-402-j24-1", "route_id": "30.TA.92-402-j24-1.3.R", "mode": "bus", "line_name": "402"}, {"line_id": "92-405-j24-1", "route_id": "29.TA.92-405-j24-1.8.H", "mode": "bus", "line_name": "405"}, {"line_id": "92-405-j24-1", "route_id": "7.TA.92-405-j24-1.5.H", "mode": "bus", "line_name": "405"}, {"line_id": "92-402-j24-1", "route_id": "48.TA.92-402-j24-1.3.R", "mode": "bus", "line_name": "402"}, {"line_id": "92-408-j24-1", "route_id": "81.TA.92-408-j24-1.107.R", "mode": "bus", "line_name": "408"}, {"line_id": "92-405-j24-1", "route_id": "5.TA.92-405-j24-1.14.H", "mode": "bus", "line_name": "405"}, {"line_id": "92-402-j24-1", "route_id": "62.TA.92-402-j24-1.3.R", "mode": "bus", "line_name": "402"}, {"line_id": "92-405-j24-1", "route_id": "21.TA.92-405-j24-1.7.H", "mode": "bus", "line_name": "405"}, {"line_id": "92-402-j24-1", "route_id": "16.TA.92-402-j24-1.2.R", "mode": "bus", "line_name": "402"}, {"line_id": "92-408-j24-1", "route_id": "87.TA.92-408-j24-1.109.R", "mode": "bus", "line_name": "408"}, {"line_id": "92-408-j24-1", "route_id": "51.TA.92-408-j24-1.17.R", "mode": "bus", "line_name": "408"}, {"line_id": "92-408-j24-1", "route_id": "79.TA.92-408-j24-1.105.R", "mode": "bus", "line_name": "408"}, {"line_id": "92-408-j24-1", "route_id": "63.TA.92-408-j24-1.21.R", "mode": "bus", "line_name": "408"}, {"line_id": "92-405-j24-1", "route_id": "2.TA.92-405-j24-1.1.H", "mode": "bus", "line_name": "405"}, {"line_id": "92-408-j24-1", "route_id": "71.TA.92-408-j24-1.21.R", "mode": "bus", "line_name": "408"}, {"line_id": "92-402-j24-1", "route_id": "15.TA.92-402-j24-1.4.H", "mode": "bus", "line_name": "402"}, {"line_id": "92-408-j24-1", "route_id": "27.TA.92-408-j24-1.31.H", "mode": "bus", "line_name": "408"}, {"line_id": "92-405-j24-1", "route_id": "46.TA.92-405-j24-1.13.R", "mode": "bus", "line_name": "405"}, {"line_id": "92-402-j24-1", "route_id": "9.TA.92-402-j24-1.4.H", "mode": "bus", "line_name": "402"}, {"line_id": "92-408-j24-1", "route_id": "38.TA.92-408-j24-1.89.H", "mode": "bus", "line_name": "408"}, {"line_id": "92-408-j24-1", "route_id": "34.TA.92-408-j24-1.88.H", "mode": "bus", "line_name": "408"}, {"line_id": "92-408-j24-1", "route_id": "5.TA.92-408-j24-1.27.H", "mode": "bus", "line_name": "408"}, {"line_id": "92-405-j24-1", "route_id": "33.TA.92-405-j24-1.9.R", "mode": "bus", "line_name": "405"}, {"line_id": "92-402-j24-1", "route_id": "1.TA.92-402-j24-1.4.H", "mode": "bus", "line_name": "402"}, {"line_id": "92-408-j24-1", "route_id": "44.TA.92-408-j24-1.91.H", "mode": "bus", "line_name": "408"}, {"line_id": "92-405-j24-1", "route_id": "48.TA.92-405-j24-1.13.R", "mode": "bus", "line_name": "405"}, {"line_id": "92-405-j24-1", "route_id": "34.TA.92-405-j24-1.10.R", "mode": "bus", "line_name": "405"}], "predominant_mode": "bus", "assigned_canton": "Uri", "modes_list": ["bus"]}, "geometry": {"type": "Point", "coordinates": [8.63480471373227, 46.86634875187571]}}, {"id": "636", "type": "Feature", "properties": {"name": "Altdorf UR, Spital", "lon": 8.637257105673694, "lat": 46.884040371885, "stop_id": ["8577375.link:269775", "8577375.link:269776", "8577375.link:786898"], "lines": [{"line_id": "92-401-j24-1", "route_id": "23.TA.92-401-j24-1.23.H", "mode": "bus", "line_name": "401"}, {"line_id": "92-401-j24-1", "route_id": "40.TA.92-401-j24-1.26.H", "mode": "bus", "line_name": "401"}, {"line_id": "92-401-j24-1", "route_id": "75.TA.92-401-j24-1.29.H", "mode": "bus", "line_name": "401"}, {"line_id": "92-401-j24-1", "route_id": "41.TA.92-401-j24-1.26.H", "mode": "bus", "line_name": "401"}, {"line_id": "92-413-j24-1", "route_id": "15.TA.92-413-j24-1.3.H", "mode": "bus", "line_name": "413"}, {"line_id": "92-401-j24-1", "route_id": "2.TA.92-401-j24-1.22.H", "mode": "bus", "line_name": "401"}, {"line_id": "92-401-j24-1", "route_id": "26.TA.92-401-j24-1.23.H", "mode": "bus", "line_name": "401"}, {"line_id": "92-401-j24-1", "route_id": "51.TA.92-401-j24-1.27.H", "mode": "bus", "line_name": "401"}, {"line_id": "92-401-j24-1", "route_id": "158.TA.92-401-j24-1.39.R", "mode": "bus", "line_name": "401"}, {"line_id": "92-401-j24-1", "route_id": "168.TA.92-401-j24-1.40.R", "mode": "bus", "line_name": "401"}, {"line_id": "92-401-j24-1", "route_id": "131.TA.92-401-j24-1.35.R", "mode": "bus", "line_name": "401"}, {"line_id": "92-401-j24-1", "route_id": "126.TA.92-401-j24-1.34.R", "mode": "bus", "line_name": "401"}, {"line_id": "92-401-j24-1", "route_id": "149.TA.92-401-j24-1.38.R", "mode": "bus", "line_name": "401"}, {"line_id": "92-401-j24-1", "route_id": "127.TA.92-401-j24-1.35.R", "mode": "bus", "line_name": "401"}, {"line_id": "92-401-j24-1", "route_id": "90.TA.92-401-j24-1.32.R", "mode": "bus", "line_name": "401"}, {"line_id": "92-413-j24-1", "route_id": "29.TA.92-413-j24-1.4.R", "mode": "bus", "line_name": "413"}, {"line_id": "92-401-j24-1", "route_id": "144.TA.92-401-j24-1.36.R", "mode": "bus", "line_name": "401"}, {"line_id": "92-401-j24-1", "route_id": "88.TA.92-401-j24-1.31.R", "mode": "bus", "line_name": "401"}, {"line_id": "92-401-j24-1", "route_id": "92.TA.92-401-j24-1.32.R", "mode": "bus", "line_name": "401"}, {"line_id": "92-412-A-j24-1", "route_id": "1.TA.92-412-A-j24-1.4.H", "mode": "bus", "line_name": "412"}, {"line_id": "92-412-A-j24-1", "route_id": "26.TA.92-412-A-j24-1.5.H", "mode": "bus", "line_name": "412"}, {"line_id": "92-412-A-j24-1", "route_id": "46.TA.92-412-A-j24-1.6.R", "mode": "bus", "line_name": "412"}], "predominant_mode": "bus", "assigned_canton": "Uri", "modes_list": ["bus"]}, "geometry": {"type": "Point", "coordinates": [8.637257114306236, 46.88404038184565]}}, {"id": "637", "type": "Feature", "properties": {"name": "Altdorf UR, Steinmattstrasse", "lon": 8.636215065236458, "lat": 46.87061099189967, "stop_id": ["8588583.link:176959", "8588583.link:176960"], "lines": [{"line_id": "92-402-j24-1", "route_id": "59.TA.92-402-j24-1.3.R", "mode": "bus", "line_name": "402"}, {"line_id": "92-402-j24-1", "route_id": "30.TA.92-402-j24-1.3.R", "mode": "bus", "line_name": "402"}, {"line_id": "92-405-j24-1", "route_id": "29.TA.92-405-j24-1.8.H", "mode": "bus", "line_name": "405"}, {"line_id": "92-405-j24-1", "route_id": "7.TA.92-405-j24-1.5.H", "mode": "bus", "line_name": "405"}, {"line_id": "92-402-j24-1", "route_id": "48.TA.92-402-j24-1.3.R", "mode": "bus", "line_name": "402"}, {"line_id": "92-408-j24-1", "route_id": "81.TA.92-408-j24-1.107.R", "mode": "bus", "line_name": "408"}, {"line_id": "92-405-j24-1", "route_id": "5.TA.92-405-j24-1.14.H", "mode": "bus", "line_name": "405"}, {"line_id": "92-402-j24-1", "route_id": "62.TA.92-402-j24-1.3.R", "mode": "bus", "line_name": "402"}, {"line_id": "92-405-j24-1", "route_id": "21.TA.92-405-j24-1.7.H", "mode": "bus", "line_name": "405"}, {"line_id": "92-402-j24-1", "route_id": "16.TA.92-402-j24-1.2.R", "mode": "bus", "line_name": "402"}, {"line_id": "92-408-j24-1", "route_id": "87.TA.92-408-j24-1.109.R", "mode": "bus", "line_name": "408"}, {"line_id": "92-408-j24-1", "route_id": "51.TA.92-408-j24-1.17.R", "mode": "bus", "line_name": "408"}, {"line_id": "92-408-j24-1", "route_id": "79.TA.92-408-j24-1.105.R", "mode": "bus", "line_name": "408"}, {"line_id": "92-408-j24-1", "route_id": "63.TA.92-408-j24-1.21.R", "mode": "bus", "line_name": "408"}, {"line_id": "92-405-j24-1", "route_id": "2.TA.92-405-j24-1.1.H", "mode": "bus", "line_name": "405"}, {"line_id": "92-408-j24-1", "route_id": "71.TA.92-408-j24-1.21.R", "mode": "bus", "line_name": "408"}, {"line_id": "92-402-j24-1", "route_id": "15.TA.92-402-j24-1.4.H", "mode": "bus", "line_name": "402"}, {"line_id": "92-408-j24-1", "route_id": "27.TA.92-408-j24-1.31.H", "mode": "bus", "line_name": "408"}, {"line_id": "92-405-j24-1", "route_id": "46.TA.92-405-j24-1.13.R", "mode": "bus", "line_name": "405"}, {"line_id": "92-402-j24-1", "route_id": "9.TA.92-402-j24-1.4.H", "mode": "bus", "line_name": "402"}, {"line_id": "92-408-j24-1", "route_id": "38.TA.92-408-j24-1.89.H", "mode": "bus", "line_name": "408"}, {"line_id": "92-408-j24-1", "route_id": "34.TA.92-408-j24-1.88.H", "mode": "bus", "line_name": "408"}, {"line_id": "92-408-j24-1", "route_id": "5.TA.92-408-j24-1.27.H", "mode": "bus", "line_name": "408"}, {"line_id": "92-405-j24-1", "route_id": "33.TA.92-405-j24-1.9.R", "mode": "bus", "line_name": "405"}, {"line_id": "92-402-j24-1", "route_id": "1.TA.92-402-j24-1.4.H", "mode": "bus", "line_name": "402"}, {"line_id": "92-408-j24-1", "route_id": "44.TA.92-408-j24-1.91.H", "mode": "bus", "line_name": "408"}, {"line_id": "92-405-j24-1", "route_id": "48.TA.92-405-j24-1.13.R", "mode": "bus", "line_name": "405"}, {"line_id": "92-405-j24-1", "route_id": "34.TA.92-405-j24-1.10.R", "mode": "bus", "line_name": "405"}], "predominant_mode": "bus", "assigned_canton": "Uri", "modes_list": ["bus"]}, "geometry": {"type": "Point", "coordinates": [8.636215073871847, 46.87061100185535]}}, {"id": "638", "type": "Feature", "properties": {"name": "Altdorf UR, Telldenkmal", "lon": 8.643937578936502, "lat": 46.881739948446466, "stop_id": ["8505892.link:1550158", "8505892.link:1550159", "8505892:0:B.link:1550158"], "lines": [{"line_id": "92-401-j24-1", "route_id": "158.TA.92-401-j24-1.39.R", "mode": "bus", "line_name": "401"}, {"line_id": "92-401-j24-1", "route_id": "168.TA.92-401-j24-1.40.R", "mode": "bus", "line_name": "401"}, {"line_id": "92-401-j24-1", "route_id": "131.TA.92-401-j24-1.35.R", "mode": "bus", "line_name": "401"}, {"line_id": "92-401-j24-1", "route_id": "126.TA.92-401-j24-1.34.R", "mode": "bus", "line_name": "401"}, {"line_id": "92-412-A-j24-1", "route_id": "46.TA.92-412-A-j24-1.6.R", "mode": "bus", "line_name": "412"}, {"line_id": "92-401-j24-1", "route_id": "145.TA.92-401-j24-1.37.R", "mode": "bus", "line_name": "401"}, {"line_id": "92-401-j24-1", "route_id": "149.TA.92-401-j24-1.38.R", "mode": "bus", "line_name": "401"}, {"line_id": "92-401-j24-1", "route_id": "127.TA.92-401-j24-1.35.R", "mode": "bus", "line_name": "401"}, {"line_id": "92-401-j24-1", "route_id": "90.TA.92-401-j24-1.32.R", "mode": "bus", "line_name": "401"}, {"line_id": "92-401-j24-1", "route_id": "144.TA.92-401-j24-1.36.R", "mode": "bus", "line_name": "401"}, {"line_id": "92-401-j24-1", "route_id": "87.TA.92-401-j24-1.30.R", "mode": "bus", "line_name": "401"}, {"line_id": "92-401-j24-1", "route_id": "88.TA.92-401-j24-1.31.R", "mode": "bus", "line_name": "401"}, {"line_id": "92-401-j24-1", "route_id": "92.TA.92-401-j24-1.32.R", "mode": "bus", "line_name": "401"}, {"line_id": "92-401-j24-1", "route_id": "66.TA.92-401-j24-1.28.H", "mode": "bus", "line_name": "401"}, {"line_id": "92-401-j24-1", "route_id": "40.TA.92-401-j24-1.26.H", "mode": "bus", "line_name": "401"}, {"line_id": "92-403-j24-1", "route_id": "62.TA.92-403-j24-1.5.H", "mode": "bus", "line_name": "403"}, {"line_id": "92-401-j24-1", "route_id": "75.TA.92-401-j24-1.29.H", "mode": "bus", "line_name": "401"}, {"line_id": "92-402-j24-1", "route_id": "9.TA.92-402-j24-1.4.H", "mode": "bus", "line_name": "402"}, {"line_id": "92-408-j24-1", "route_id": "6.TA.92-408-j24-1.85.H", "mode": "bus", "line_name": "408"}, {"line_id": "92-412-A-j24-1", "route_id": "1.TA.92-412-A-j24-1.4.H", "mode": "bus", "line_name": "412"}, {"line_id": "92-402-j24-1", "route_id": "1.TA.92-402-j24-1.4.H", "mode": "bus", "line_name": "402"}, {"line_id": "92-401-j24-1", "route_id": "23.TA.92-401-j24-1.23.H", "mode": "bus", "line_name": "401"}, {"line_id": "92-403-j24-1", "route_id": "41.TA.92-403-j24-1.5.H", "mode": "bus", "line_name": "403"}, {"line_id": "92-403-j24-1", "route_id": "64.TA.92-403-j24-1.5.H", "mode": "bus", "line_name": "403"}, {"line_id": "92-408-j24-1", "route_id": "34.TA.92-408-j24-1.88.H", "mode": "bus", "line_name": "408"}, {"line_id": "92-408-j24-1", "route_id": "38.TA.92-408-j24-1.89.H", "mode": "bus", "line_name": "408"}, {"line_id": "92-401-j24-1", "route_id": "41.TA.92-401-j24-1.26.H", "mode": "bus", "line_name": "401"}, {"line_id": "92-408-j24-1", "route_id": "5.TA.92-408-j24-1.27.H", "mode": "bus", "line_name": "408"}, {"line_id": "92-401-j24-1", "route_id": "1.TA.92-401-j24-1.21.H", "mode": "bus", "line_name": "401"}, {"line_id": "92-408-j24-1", "route_id": "44.TA.92-408-j24-1.91.H", "mode": "bus", "line_name": "408"}, {"line_id": "92-402-j24-1", "route_id": "15.TA.92-402-j24-1.4.H", "mode": "bus", "line_name": "402"}, {"line_id": "92-408-j24-1", "route_id": "27.TA.92-408-j24-1.31.H", "mode": "bus", "line_name": "408"}, {"line_id": "92-403-j24-1", "route_id": "30.TA.92-403-j24-1.5.H", "mode": "bus", "line_name": "403"}, {"line_id": "92-401-j24-1", "route_id": "2.TA.92-401-j24-1.22.H", "mode": "bus", "line_name": "401"}, {"line_id": "92-401-j24-1", "route_id": "26.TA.92-401-j24-1.23.H", "mode": "bus", "line_name": "401"}, {"line_id": "92-401-j24-1", "route_id": "51.TA.92-401-j24-1.27.H", "mode": "bus", "line_name": "401"}, {"line_id": "92-412-A-j24-1", "route_id": "26.TA.92-412-A-j24-1.5.H", "mode": "bus", "line_name": "412"}, {"line_id": "92-402-j24-1", "route_id": "59.TA.92-402-j24-1.3.R", "mode": "bus", "line_name": "402"}, {"line_id": "92-402-j24-1", "route_id": "30.TA.92-402-j24-1.3.R", "mode": "bus", "line_name": "402"}, {"line_id": "92-402-j24-1", "route_id": "48.TA.92-402-j24-1.3.R", "mode": "bus", "line_name": "402"}, {"line_id": "92-408-j24-1", "route_id": "81.TA.92-408-j24-1.107.R", "mode": "bus", "line_name": "408"}, {"line_id": "92-402-j24-1", "route_id": "62.TA.92-402-j24-1.3.R", "mode": "bus", "line_name": "402"}, {"line_id": "92-408-j24-1", "route_id": "61.TA.92-408-j24-1.38.R", "mode": "bus", "line_name": "408"}, {"line_id": "92-403-j24-1", "route_id": "126.TA.92-403-j24-1.4.R", "mode": "bus", "line_name": "403"}, {"line_id": "92-403-j24-1", "route_id": "109.TA.92-403-j24-1.4.R", "mode": "bus", "line_name": "403"}, {"line_id": "92-408-j24-1", "route_id": "87.TA.92-408-j24-1.109.R", "mode": "bus", "line_name": "408"}, {"line_id": "92-408-j24-1", "route_id": "51.TA.92-408-j24-1.17.R", "mode": "bus", "line_name": "408"}, {"line_id": "92-408-j24-1", "route_id": "79.TA.92-408-j24-1.105.R", "mode": "bus", "line_name": "408"}, {"line_id": "92-408-j24-1", "route_id": "63.TA.92-408-j24-1.21.R", "mode": "bus", "line_name": "408"}, {"line_id": "92-408-j24-1", "route_id": "71.TA.92-408-j24-1.21.R", "mode": "bus", "line_name": "408"}], "predominant_mode": "bus", "assigned_canton": "Uri", "modes_list": ["bus"]}, "geometry": {"type": "Point", "coordinates": [8.64393758757628, 46.88173995840429]}}, {"id": "817", "type": "Feature", "properties": {"name": "Amsteg (Talstation Arnisee)", "lon": 8.66481742214817, "lat": 46.774856291437, "stop_id": ["8530692.link:pt_8530692"], "lines": [{"line_id": "93-7Z-Y-j24-1", "route_id": "59.TA.93-7Z-Y-j24-1.2.R", "mode": "cable car", "line_name": "PB"}, {"line_id": "93-7Z-Y-j24-1", "route_id": "38.TA.93-7Z-Y-j24-1.1.H", "mode": "cable car", "line_name": "PB"}], "predominant_mode": "cable car", "assigned_canton": "Uri", "modes_list": ["cable car"]}, "geometry": {"type": "Point", "coordinates": [8.664817430839163, 46.77485630134615]}}, {"id": "818", "type": "Feature", "properties": {"name": "Amsteg, Grund/Seilbahn", "lon": 8.668464582156682, "lat": 46.77504701137974, "stop_id": ["8577391.link:988678", "8577391.link:988679"], "lines": [{"line_id": "92-401-j24-1", "route_id": "158.TA.92-401-j24-1.39.R", "mode": "bus", "line_name": "401"}, {"line_id": "92-401-j24-1", "route_id": "168.TA.92-401-j24-1.40.R", "mode": "bus", "line_name": "401"}, {"line_id": "92-401-j24-1", "route_id": "131.TA.92-401-j24-1.35.R", "mode": "bus", "line_name": "401"}, {"line_id": "92-412-A-j24-1", "route_id": "46.TA.92-412-A-j24-1.6.R", "mode": "bus", "line_name": "412"}, {"line_id": "92-401-j24-1", "route_id": "149.TA.92-401-j24-1.38.R", "mode": "bus", "line_name": "401"}, {"line_id": "92-401-j24-1", "route_id": "127.TA.92-401-j24-1.35.R", "mode": "bus", "line_name": "401"}, {"line_id": "92-401-j24-1", "route_id": "144.TA.92-401-j24-1.36.R", "mode": "bus", "line_name": "401"}, {"line_id": "92-401-j24-1", "route_id": "145.TA.92-401-j24-1.37.R", "mode": "bus", "line_name": "401"}, {"line_id": "92-401-j24-1", "route_id": "51.TA.92-401-j24-1.27.H", "mode": "bus", "line_name": "401"}, {"line_id": "92-401-j24-1", "route_id": "66.TA.92-401-j24-1.28.H", "mode": "bus", "line_name": "401"}, {"line_id": "92-412-A-j24-1", "route_id": "26.TA.92-412-A-j24-1.5.H", "mode": "bus", "line_name": "412"}, {"line_id": "92-401-j24-1", "route_id": "75.TA.92-401-j24-1.29.H", "mode": "bus", "line_name": "401"}], "predominant_mode": "bus", "assigned_canton": "Uri", "modes_list": ["bus"]}, "geometry": {"type": "Point", "coordinates": [8.668464590851219, 46.775047021287925]}}, {"id": "819", "type": "Feature", "properties": {"name": "Amsteg, Post", "lon": 8.670970871986128, "lat": 46.76973121133959, "stop_id": ["8505667.link:534755", "8505667.link:534757", "8505667.link:534758", "8505667.link:905642"], "lines": [{"line_id": "92-401-j24-1", "route_id": "144.TA.92-401-j24-1.36.R", "mode": "bus", "line_name": "401"}, {"line_id": "92-401-j24-1", "route_id": "158.TA.92-401-j24-1.39.R", "mode": "bus", "line_name": "401"}, {"line_id": "92-401-j24-1", "route_id": "168.TA.92-401-j24-1.40.R", "mode": "bus", "line_name": "401"}, {"line_id": "92-401-j24-1", "route_id": "131.TA.92-401-j24-1.35.R", "mode": "bus", "line_name": "401"}, {"line_id": "92-412-A-j24-1", "route_id": "46.TA.92-412-A-j24-1.6.R", "mode": "bus", "line_name": "412"}, {"line_id": "92-401-j24-1", "route_id": "149.TA.92-401-j24-1.38.R", "mode": "bus", "line_name": "401"}, {"line_id": "92-401-j24-1", "route_id": "127.TA.92-401-j24-1.35.R", "mode": "bus", "line_name": "401"}, {"line_id": "92-401-j24-1", "route_id": "145.TA.92-401-j24-1.37.R", "mode": "bus", "line_name": "401"}, {"line_id": "92-401-j24-1", "route_id": "66.TA.92-401-j24-1.28.H", "mode": "bus", "line_name": "401"}, {"line_id": "92-401-j24-1", "route_id": "75.TA.92-401-j24-1.29.H", "mode": "bus", "line_name": "401"}, {"line_id": "92-407-j24-1", "route_id": "4.TA.92-407-j24-1.1.H", "mode": "bus", "line_name": "407"}, {"line_id": "92-401-j24-1", "route_id": "51.TA.92-401-j24-1.27.H", "mode": "bus", "line_name": "401"}, {"line_id": "92-412-A-j24-1", "route_id": "26.TA.92-412-A-j24-1.5.H", "mode": "bus", "line_name": "412"}, {"line_id": "92-407-j24-1", "route_id": "18.TA.92-407-j24-1.2.R", "mode": "bus", "line_name": "407"}], "predominant_mode": "bus", "assigned_canton": "Uri", "modes_list": ["bus"]}, "geometry": {"type": "Point", "coordinates": [8.67097088068465, 46.76973122124486]}}, {"id": "820", "type": "Feature", "properties": {"name": "Amsteg, Schulhaus", "lon": 8.67003663206503, "lat": 46.772186141354666, "stop_id": ["8588654.link:989182", "8588654.link:989183"], "lines": [{"line_id": "92-401-j24-1", "route_id": "158.TA.92-401-j24-1.39.R", "mode": "bus", "line_name": "401"}, {"line_id": "92-401-j24-1", "route_id": "168.TA.92-401-j24-1.40.R", "mode": "bus", "line_name": "401"}, {"line_id": "92-401-j24-1", "route_id": "131.TA.92-401-j24-1.35.R", "mode": "bus", "line_name": "401"}, {"line_id": "92-412-A-j24-1", "route_id": "46.TA.92-412-A-j24-1.6.R", "mode": "bus", "line_name": "412"}, {"line_id": "92-401-j24-1", "route_id": "149.TA.92-401-j24-1.38.R", "mode": "bus", "line_name": "401"}, {"line_id": "92-401-j24-1", "route_id": "127.TA.92-401-j24-1.35.R", "mode": "bus", "line_name": "401"}, {"line_id": "92-401-j24-1", "route_id": "144.TA.92-401-j24-1.36.R", "mode": "bus", "line_name": "401"}, {"line_id": "92-401-j24-1", "route_id": "145.TA.92-401-j24-1.37.R", "mode": "bus", "line_name": "401"}, {"line_id": "92-401-j24-1", "route_id": "51.TA.92-401-j24-1.27.H", "mode": "bus", "line_name": "401"}, {"line_id": "92-401-j24-1", "route_id": "66.TA.92-401-j24-1.28.H", "mode": "bus", "line_name": "401"}, {"line_id": "92-412-A-j24-1", "route_id": "26.TA.92-412-A-j24-1.5.H", "mode": "bus", "line_name": "412"}, {"line_id": "92-401-j24-1", "route_id": "75.TA.92-401-j24-1.29.H", "mode": "bus", "line_name": "401"}], "predominant_mode": "bus", "assigned_canton": "Uri", "modes_list": ["bus"]}, "geometry": {"type": "Point", "coordinates": [8.670036640761934, 46.7721861512612]}}, {"id": "821", "type": "Feature", "properties": {"name": "Amsteg, St. Anton", "lon": 8.67875029198408, "lat": 46.76951586121736, "stop_id": ["8573086.link:129815", "8573086.link:129816"], "lines": [{"line_id": "92-407-j24-1", "route_id": "18.TA.92-407-j24-1.2.R", "mode": "bus", "line_name": "407"}, {"line_id": "92-407-j24-1", "route_id": "4.TA.92-407-j24-1.1.H", "mode": "bus", "line_name": "407"}], "predominant_mode": "bus", "assigned_canton": "Uri", "modes_list": ["bus"]}, "geometry": {"type": "Point", "coordinates": [8.678750300690327, 46.76951587112032]}}, {"id": "838", "type": "Feature", "properties": {"name": "Andermatt", "lon": 8.593266597644082, "lat": 46.63688772253674, "stop_id": ["8505165:0:1.link:719456", "8505165:0:1.link:719457", "8505165:0:2.link:719456", "8505165:0:2.link:719457", "8505165:0:3.link:1482266", "8505165:0:3.link:1482267", "8505165:0:3.link:719456", "8505165:0:3.link:719457", "8505165:0:4.link:719457"], "lines": [{"line_id": "91-43-j24-1", "route_id": "46.TA.91-43-j24-1.89.H", "mode": "rail", "line_name": "R43"}, {"line_id": "91-43-j24-1", "route_id": "62.TA.91-43-j24-1.93.H", "mode": "rail", "line_name": "R43"}, {"line_id": "91-GEX-A-j24-1", "route_id": "3.TA.91-GEX-A-j24-1.17.H", "mode": "rail", "line_name": "GEX"}, {"line_id": "91-43-j24-1", "route_id": "47.TA.91-43-j24-1.90.H", "mode": "rail", "line_name": "R43"}, {"line_id": "91-43-j24-1", "route_id": "72.TA.91-43-j24-1.94.H", "mode": "rail", "line_name": "R43"}, {"line_id": "91-43-j24-1", "route_id": "65.TA.91-43-j24-1.94.H", "mode": "rail", "line_name": "R43"}, {"line_id": "91-43-j24-1", "route_id": "61.TA.91-43-j24-1.92.H", "mode": "rail", "line_name": "R43"}, {"line_id": "91-45-j24-1", "route_id": "30.TA.91-45-j24-1.3.R", "mode": "rail", "line_name": "R45"}, {"line_id": "91-43-j24-1", "route_id": "138.TA.91-43-j24-1.101.R", "mode": "rail", "line_name": "R43"}, {"line_id": "91-45-j24-1", "route_id": "26.TA.91-45-j24-1.2.R", "mode": "rail", "line_name": "R45"}, {"line_id": "91-GEX-A-j24-1", "route_id": "14.TA.91-GEX-A-j24-1.5.R", "mode": "rail", "line_name": "GEX"}, {"line_id": "91-43-j24-1", "route_id": "96.TA.91-43-j24-1.103.R", "mode": "rail", "line_name": "R43"}, {"line_id": "91-GEX-A-j24-1", "route_id": "12.TA.91-GEX-A-j24-1.20.R", "mode": "rail", "line_name": "GEX"}, {"line_id": "91-43-j24-1", "route_id": "123.TA.91-43-j24-1.107.R", "mode": "rail", "line_name": "R43"}, {"line_id": "91-45-j24-1", "route_id": "7.TA.91-45-j24-1.1.H", "mode": "rail", "line_name": "R45"}, {"line_id": "91-43-j24-1", "route_id": "120.TA.91-43-j24-1.106.R", "mode": "rail", "line_name": "R43"}, {"line_id": "91-GEX-A-j24-1", "route_id": "6.TA.91-GEX-A-j24-1.2.H", "mode": "rail", "line_name": "GEX"}, {"line_id": "91-44-B-j24-1", "route_id": "22.TA.91-44-B-j24-1.1.H", "mode": "rail", "line_name": "R44"}, {"line_id": "91-44-B-j24-1", "route_id": "7.TA.91-44-B-j24-1.1.H", "mode": "rail", "line_name": "R44"}, {"line_id": "91-44-B-j24-1", "route_id": "2.TA.91-44-B-j24-1.1.H", "mode": "rail", "line_name": "R44"}, {"line_id": "91-44-B-j24-1", "route_id": "43.TA.91-44-B-j24-1.4.R", "mode": "rail", "line_name": "R44"}, {"line_id": "91-44-B-j24-1", "route_id": "57.TA.91-44-B-j24-1.4.R", "mode": "rail", "line_name": "R44"}, {"line_id": "91-44-B-j24-1", "route_id": "27.TA.91-44-B-j24-1.2.H", "mode": "rail", "line_name": "R44"}, {"line_id": "91-44-B-j24-1", "route_id": "32.TA.91-44-B-j24-1.3.H", "mode": "rail", "line_name": "R44"}, {"line_id": "91-44-B-j24-1", "route_id": "61.TA.91-44-B-j24-1.5.R", "mode": "rail", "line_name": "R44"}, {"line_id": "91-44-B-j24-1", "route_id": "69.TA.91-44-B-j24-1.5.R", "mode": "rail", "line_name": "R44"}, {"line_id": "91-43-j24-1", "route_id": "136.TA.91-43-j24-1.108.R", "mode": "rail", "line_name": "R43"}, {"line_id": "91-43-j24-1", "route_id": "124.TA.91-43-j24-1.99.R", "mode": "rail", "line_name": "R43"}], "predominant_mode": "rail", "assigned_canton": "Uri", "modes_list": ["rail"]}, "geometry": {"type": "Point", "coordinates": [8.593266606302766, 46.63688773240862]}}, {"id": "839", "type": "Feature", "properties": {"name": "Andermatt, Bahnhofplatz", "lon": 8.592844387666656, "lat": 46.637597042543526, "stop_id": ["8507915.link:12304", "8507915.link:1403179", "8507915.link:985498"], "lines": [{"line_id": "96-931-j24-1", "route_id": "8.TA.96-931-j24-1.14.R", "mode": "bus", "line_name": "162"}, {"line_id": "96-931-j24-1", "route_id": "5.TA.96-931-j24-1.13.R", "mode": "bus", "line_name": "162"}, {"line_id": "92-920-j24-1", "route_id": "14.TA.92-920-j24-1.10.R", "mode": "bus", "line_name": "920"}, {"line_id": "92-401-j24-1", "route_id": "168.TA.92-401-j24-1.40.R", "mode": "bus", "line_name": "401"}, {"line_id": "96-932-j24-1", "route_id": "10.TA.96-932-j24-1.6.R", "mode": "bus", "line_name": "110"}, {"line_id": "92-920-j24-1", "route_id": "7.TA.92-920-j24-1.7.H", "mode": "bus", "line_name": "920"}, {"line_id": "96-934-j24-1", "route_id": "6.TA.96-934-j24-1.10.R", "mode": "bus", "line_name": "681"}, {"line_id": "96-931-j24-1", "route_id": "1.TA.96-931-j24-1.11.H", "mode": "bus", "line_name": "162"}, {"line_id": "96-932-j24-1", "route_id": "9.TA.96-932-j24-1.6.R", "mode": "bus", "line_name": "110"}, {"line_id": "96-932-j24-1", "route_id": "11.TA.96-932-j24-1.6.R", "mode": "bus", "line_name": "110"}, {"line_id": "96-934-j24-1", "route_id": "7.TA.96-934-j24-1.11.R", "mode": "bus", "line_name": "681"}, {"line_id": "96-931-j24-1", "route_id": "4.TA.96-931-j24-1.12.H", "mode": "bus", "line_name": "162"}, {"line_id": "96-932-j24-1", "route_id": "3.TA.96-932-j24-1.5.H", "mode": "bus", "line_name": "110"}, {"line_id": "96-934-j24-1", "route_id": "4.TA.96-934-j24-1.9.H", "mode": "bus", "line_name": "681"}, {"line_id": "96-932-j24-1", "route_id": "2.TA.96-932-j24-1.5.H", "mode": "bus", "line_name": "110"}, {"line_id": "96-934-j24-1", "route_id": "3.TA.96-934-j24-1.8.H", "mode": "bus", "line_name": "681"}], "predominant_mode": "bus", "assigned_canton": "Uri", "modes_list": ["bus"]}, "geometry": {"type": "Point", "coordinates": [8.592844396324725, 46.63759705241587]}}, {"id": "1116", "type": "Feature", "properties": {"name": "Arni UR", "lon": 8.65138760224245, "lat": 46.77803076164846, "stop_id": ["8530693.link:pt_8530693"], "lines": [{"line_id": "93-7Z-Y-j24-1", "route_id": "59.TA.93-7Z-Y-j24-1.2.R", "mode": "cable car", "line_name": "PB"}, {"line_id": "93-7Z-Y-j24-1", "route_id": "38.TA.93-7Z-Y-j24-1.1.H", "mode": "cable car", "line_name": "PB"}], "predominant_mode": "cable car", "assigned_canton": "Uri", "modes_list": ["cable car"]}, "geometry": {"type": "Point", "coordinates": [8.651387610919295, 46.77803077156271]}}, {"id": "1117", "type": "Feature", "properties": {"name": "Arnisee", "lon": 8.642341571950684, "lat": 46.76920206178919, "stop_id": ["8530435.link:pt_8530435"], "lines": [{"line_id": "93-6B-Y-j24-1", "route_id": "39.TA.93-6B-Y-j24-1.1.H", "mode": "cable car", "line_name": "PB"}, {"line_id": "93-6B-Y-j24-1", "route_id": "118.TA.93-6B-Y-j24-1.2.R", "mode": "cable car", "line_name": "PB"}], "predominant_mode": "cable car", "assigned_canton": "Uri", "modes_list": ["cable car"]}, "geometry": {"type": "Point", "coordinates": [8.642341580621107, 46.769202071702416]}}, {"id": "1241", "type": "Feature", "properties": {"name": "Attinghausen (Luftseilbahn)", "lon": 8.628830904930144, "lat": 46.86133066201449, "stop_id": ["8530414.link:pt_8530414"], "lines": [{"line_id": "93-7E-Y-j24-1", "route_id": "50.TA.93-7E-Y-j24-1.1.H", "mode": "cable car", "line_name": "PB"}, {"line_id": "93-7E-Y-j24-1", "route_id": "71.TA.93-7E-Y-j24-1.2.R", "mode": "cable car", "line_name": "PB"}], "predominant_mode": "cable car", "assigned_canton": "Uri", "modes_list": ["cable car"]}, "geometry": {"type": "Point", "coordinates": [8.628830913560938, 46.86133067196861]}}, {"id": "1242", "type": "Feature", "properties": {"name": "Attinghausen, Galliried", "lon": 8.627519364985389, "lat": 46.86305664203531, "stop_id": ["8593514.link:21618"], "lines": [{"line_id": "92-402-j24-1", "route_id": "15.TA.92-402-j24-1.4.H", "mode": "bus", "line_name": "402"}, {"line_id": "92-408-j24-1", "route_id": "27.TA.92-408-j24-1.31.H", "mode": "bus", "line_name": "408"}, {"line_id": "92-403-j24-1", "route_id": "68.TA.92-403-j24-1.3.R", "mode": "bus", "line_name": "403"}, {"line_id": "92-402-j24-1", "route_id": "9.TA.92-402-j24-1.4.H", "mode": "bus", "line_name": "402"}, {"line_id": "92-408-j24-1", "route_id": "38.TA.92-408-j24-1.89.H", "mode": "bus", "line_name": "408"}, {"line_id": "92-408-j24-1", "route_id": "34.TA.92-408-j24-1.88.H", "mode": "bus", "line_name": "408"}, {"line_id": "92-408-j24-1", "route_id": "5.TA.92-408-j24-1.27.H", "mode": "bus", "line_name": "408"}, {"line_id": "92-402-j24-1", "route_id": "1.TA.92-402-j24-1.4.H", "mode": "bus", "line_name": "402"}, {"line_id": "92-408-j24-1", "route_id": "44.TA.92-408-j24-1.91.H", "mode": "bus", "line_name": "408"}], "predominant_mode": "bus", "assigned_canton": "Uri", "modes_list": ["bus"]}, "geometry": {"type": "Point", "coordinates": [8.62751937361439, 46.8630566519905]}}, {"id": "1243", "type": "Feature", "properties": {"name": "Attinghausen, Pl\u00e4tzli", "lon": 8.62769903509526, "lat": 46.86643473203293, "stop_id": ["8593515.link:21610"], "lines": [{"line_id": "92-402-j24-1", "route_id": "15.TA.92-402-j24-1.4.H", "mode": "bus", "line_name": "402"}, {"line_id": "92-408-j24-1", "route_id": "27.TA.92-408-j24-1.31.H", "mode": "bus", "line_name": "408"}, {"line_id": "92-403-j24-1", "route_id": "68.TA.92-403-j24-1.3.R", "mode": "bus", "line_name": "403"}, {"line_id": "92-402-j24-1", "route_id": "9.TA.92-402-j24-1.4.H", "mode": "bus", "line_name": "402"}, {"line_id": "92-408-j24-1", "route_id": "38.TA.92-408-j24-1.89.H", "mode": "bus", "line_name": "408"}, {"line_id": "92-408-j24-1", "route_id": "34.TA.92-408-j24-1.88.H", "mode": "bus", "line_name": "408"}, {"line_id": "92-408-j24-1", "route_id": "5.TA.92-408-j24-1.27.H", "mode": "bus", "line_name": "408"}, {"line_id": "92-402-j24-1", "route_id": "1.TA.92-402-j24-1.4.H", "mode": "bus", "line_name": "402"}, {"line_id": "92-408-j24-1", "route_id": "44.TA.92-408-j24-1.91.H", "mode": "bus", "line_name": "408"}], "predominant_mode": "bus", "assigned_canton": "Uri", "modes_list": ["bus"]}, "geometry": {"type": "Point", "coordinates": [8.627699043723467, 46.8664347419894]}}, {"id": "1244", "type": "Feature", "properties": {"name": "Attinghausen, Post", "lon": 8.632460105005924, "lat": 46.863591001957786, "stop_id": ["8577394.link:625015", "8577394.link:625016", "8577394.link:801181"], "lines": [{"line_id": "92-402-j24-1", "route_id": "15.TA.92-402-j24-1.4.H", "mode": "bus", "line_name": "402"}, {"line_id": "92-408-j24-1", "route_id": "27.TA.92-408-j24-1.31.H", "mode": "bus", "line_name": "408"}, {"line_id": "92-402-j24-1", "route_id": "9.TA.92-402-j24-1.4.H", "mode": "bus", "line_name": "402"}, {"line_id": "92-408-j24-1", "route_id": "38.TA.92-408-j24-1.89.H", "mode": "bus", "line_name": "408"}, {"line_id": "92-408-j24-1", "route_id": "34.TA.92-408-j24-1.88.H", "mode": "bus", "line_name": "408"}, {"line_id": "92-408-j24-1", "route_id": "5.TA.92-408-j24-1.27.H", "mode": "bus", "line_name": "408"}, {"line_id": "92-402-j24-1", "route_id": "1.TA.92-402-j24-1.4.H", "mode": "bus", "line_name": "402"}, {"line_id": "92-408-j24-1", "route_id": "44.TA.92-408-j24-1.91.H", "mode": "bus", "line_name": "408"}, {"line_id": "92-402-j24-1", "route_id": "59.TA.92-402-j24-1.3.R", "mode": "bus", "line_name": "402"}, {"line_id": "92-402-j24-1", "route_id": "30.TA.92-402-j24-1.3.R", "mode": "bus", "line_name": "402"}, {"line_id": "92-402-j24-1", "route_id": "48.TA.92-402-j24-1.3.R", "mode": "bus", "line_name": "402"}, {"line_id": "92-408-j24-1", "route_id": "81.TA.92-408-j24-1.107.R", "mode": "bus", "line_name": "408"}, {"line_id": "92-402-j24-1", "route_id": "62.TA.92-402-j24-1.3.R", "mode": "bus", "line_name": "402"}, {"line_id": "92-402-j24-1", "route_id": "16.TA.92-402-j24-1.2.R", "mode": "bus", "line_name": "402"}, {"line_id": "92-408-j24-1", "route_id": "87.TA.92-408-j24-1.109.R", "mode": "bus", "line_name": "408"}, {"line_id": "92-408-j24-1", "route_id": "51.TA.92-408-j24-1.17.R", "mode": "bus", "line_name": "408"}, {"line_id": "92-408-j24-1", "route_id": "79.TA.92-408-j24-1.105.R", "mode": "bus", "line_name": "408"}, {"line_id": "92-408-j24-1", "route_id": "63.TA.92-408-j24-1.21.R", "mode": "bus", "line_name": "408"}, {"line_id": "92-408-j24-1", "route_id": "71.TA.92-408-j24-1.21.R", "mode": "bus", "line_name": "408"}, {"line_id": "92-403-j24-1", "route_id": "68.TA.92-403-j24-1.3.R", "mode": "bus", "line_name": "403"}], "predominant_mode": "bus", "assigned_canton": "Uri", "modes_list": ["bus"]}, "geometry": {"type": "Point", "coordinates": [8.632460113639631, 46.863591011911716]}}, {"id": "1245", "type": "Feature", "properties": {"name": "Attinghausen, Seilbahn", "lon": 8.628992604932055, "lat": 46.86138594201195, "stop_id": ["8505668.link:1547863", "8505668.link:21626"], "lines": [{"line_id": "92-402-j24-1", "route_id": "59.TA.92-402-j24-1.3.R", "mode": "bus", "line_name": "402"}, {"line_id": "92-402-j24-1", "route_id": "30.TA.92-402-j24-1.3.R", "mode": "bus", "line_name": "402"}, {"line_id": "92-402-j24-1", "route_id": "48.TA.92-402-j24-1.3.R", "mode": "bus", "line_name": "402"}, {"line_id": "92-408-j24-1", "route_id": "81.TA.92-408-j24-1.107.R", "mode": "bus", "line_name": "408"}, {"line_id": "92-402-j24-1", "route_id": "62.TA.92-402-j24-1.3.R", "mode": "bus", "line_name": "402"}, {"line_id": "92-402-j24-1", "route_id": "16.TA.92-402-j24-1.2.R", "mode": "bus", "line_name": "402"}, {"line_id": "92-408-j24-1", "route_id": "87.TA.92-408-j24-1.109.R", "mode": "bus", "line_name": "408"}, {"line_id": "92-408-j24-1", "route_id": "51.TA.92-408-j24-1.17.R", "mode": "bus", "line_name": "408"}, {"line_id": "92-408-j24-1", "route_id": "79.TA.92-408-j24-1.105.R", "mode": "bus", "line_name": "408"}, {"line_id": "92-408-j24-1", "route_id": "63.TA.92-408-j24-1.21.R", "mode": "bus", "line_name": "408"}, {"line_id": "92-408-j24-1", "route_id": "71.TA.92-408-j24-1.21.R", "mode": "bus", "line_name": "408"}, {"line_id": "92-402-j24-1", "route_id": "15.TA.92-402-j24-1.4.H", "mode": "bus", "line_name": "402"}, {"line_id": "92-408-j24-1", "route_id": "27.TA.92-408-j24-1.31.H", "mode": "bus", "line_name": "408"}, {"line_id": "92-403-j24-1", "route_id": "68.TA.92-403-j24-1.3.R", "mode": "bus", "line_name": "403"}, {"line_id": "92-402-j24-1", "route_id": "9.TA.92-402-j24-1.4.H", "mode": "bus", "line_name": "402"}, {"line_id": "92-408-j24-1", "route_id": "38.TA.92-408-j24-1.89.H", "mode": "bus", "line_name": "408"}, {"line_id": "92-408-j24-1", "route_id": "34.TA.92-408-j24-1.88.H", "mode": "bus", "line_name": "408"}, {"line_id": "92-408-j24-1", "route_id": "5.TA.92-408-j24-1.27.H", "mode": "bus", "line_name": "408"}, {"line_id": "92-402-j24-1", "route_id": "1.TA.92-402-j24-1.4.H", "mode": "bus", "line_name": "402"}, {"line_id": "92-408-j24-1", "route_id": "44.TA.92-408-j24-1.91.H", "mode": "bus", "line_name": "408"}], "predominant_mode": "bus", "assigned_canton": "Uri", "modes_list": ["bus"]}, "geometry": {"type": "Point", "coordinates": [8.628992613562987, 46.86138595196602]}}, {"id": "1898", "type": "Feature", "properties": {"name": "Balm (Klausen)", "lon": 8.837123275411862, "lat": 46.87226911874359, "stop_id": ["8505752.link:1007060", "8505752.link:1007061"], "lines": [{"line_id": "92-408-j24-1", "route_id": "50.TA.92-408-j24-1.16.R", "mode": "bus", "line_name": "408"}, {"line_id": "92-408-j24-1", "route_id": "87.TA.92-408-j24-1.109.R", "mode": "bus", "line_name": "408"}, {"line_id": "92-408-j24-1", "route_id": "81.TA.92-408-j24-1.107.R", "mode": "bus", "line_name": "408"}, {"line_id": "92-408-j24-1", "route_id": "44.TA.92-408-j24-1.91.H", "mode": "bus", "line_name": "408"}, {"line_id": "92-408-j24-1", "route_id": "38.TA.92-408-j24-1.89.H", "mode": "bus", "line_name": "408"}, {"line_id": "92-408-j24-1", "route_id": "4.TA.92-408-j24-1.3.H", "mode": "bus", "line_name": "408"}], "predominant_mode": "bus", "assigned_canton": "Uri", "modes_list": ["bus"]}, "geometry": {"type": "Point", "coordinates": [8.837123284242983, 46.872269128641626]}}, {"id": "2244", "type": "Feature", "properties": {"name": "Bauen (See)", "lon": 8.58045663730159, "lat": 46.935191022783044, "stop_id": ["8508474.link:pt_8508474"], "lines": [{"line_id": "94-360-0-j24-1", "route_id": "18.TA.94-360-0-j24-1.13.H", "mode": "ferry", "line_name": "3600"}, {"line_id": "94-360-0-j24-1", "route_id": "88.TA.94-360-0-j24-1.39.R", "mode": "ferry", "line_name": "3600"}, {"line_id": "94-360-0-j24-1", "route_id": "104.TA.94-360-0-j24-1.43.R", "mode": "ferry", "line_name": "3600"}, {"line_id": "94-360-0-j24-1", "route_id": "112.TA.94-360-0-j24-1.44.R", "mode": "ferry", "line_name": "3600"}, {"line_id": "94-360-0-j24-1", "route_id": "46.TA.94-360-0-j24-1.23.H", "mode": "ferry", "line_name": "3600"}, {"line_id": "94-360-0-j24-1", "route_id": "55.TA.94-360-0-j24-1.24.H", "mode": "ferry", "line_name": "3600"}], "predominant_mode": "ferry", "assigned_canton": "Uri", "modes_list": ["ferry"]}, "geometry": {"type": "Point", "coordinates": [8.580456645863396, 46.93519103277977]}}, {"id": "2245", "type": "Feature", "properties": {"name": "Bauen, Dorf", "lon": 8.579782897290345, "lat": 46.93485979279359, "stop_id": ["8510835.link:1436282"], "lines": [{"line_id": "92-405-j24-1", "route_id": "29.TA.92-405-j24-1.8.H", "mode": "bus", "line_name": "405"}], "predominant_mode": "bus", "assigned_canton": "Uri", "modes_list": ["bus"]}, "geometry": {"type": "Point", "coordinates": [8.579782905851586, 46.93485980279039]}}, {"id": "3086", "type": "Feature", "properties": {"name": "Biel (Kinzig)", "lon": 8.708870806086932, "lat": 46.89536706076141, "stop_id": ["8530423.link:pt_8530423"], "lines": [{"line_id": "93-6G-Y-j24-1", "route_id": "118.TA.93-6G-Y-j24-1.2.R", "mode": "cable car", "line_name": "PB"}, {"line_id": "93-6G-Y-j24-1", "route_id": "39.TA.93-6G-Y-j24-1.1.H", "mode": "cable car", "line_name": "PB"}], "predominant_mode": "cable car", "assigned_canton": "Uri", "modes_list": ["cable car"]}, "geometry": {"type": "Point", "coordinates": [8.708870814786424, 46.895367070705845]}}, {"id": "4071", "type": "Feature", "properties": {"name": "Bristen (Talstation)", "lon": 8.711368111907046, "lat": 46.76650702070447, "stop_id": ["8530426.link:pt_8530426"], "lines": [{"line_id": "93-6D-Y-j24-1", "route_id": "20.TA.93-6D-Y-j24-1.1.H", "mode": "cable car", "line_name": "PB"}, {"line_id": "93-6D-Y-j24-1", "route_id": "175.TA.93-6D-Y-j24-1.2.R", "mode": "cable car", "line_name": "PB"}], "predominant_mode": "cable car", "assigned_canton": "Uri", "modes_list": ["cable car"]}, "geometry": {"type": "Point", "coordinates": [8.711368120646245, 46.76650703059687]}}, {"id": "4072", "type": "Feature", "properties": {"name": "Bristen, Dorf", "lon": 8.690060071970466, "lat": 46.76887596103958, "stop_id": ["8505778.link:1732546", "8505778.link:1732547"], "lines": [{"line_id": "92-407-j24-1", "route_id": "18.TA.92-407-j24-1.2.R", "mode": "bus", "line_name": "407"}, {"line_id": "92-407-j24-1", "route_id": "4.TA.92-407-j24-1.1.H", "mode": "bus", "line_name": "407"}], "predominant_mode": "bus", "assigned_canton": "Uri", "modes_list": ["bus"]}, "geometry": {"type": "Point", "coordinates": [8.690060080688033, 46.76887597093903]}}, {"id": "4073", "type": "Feature", "properties": {"name": "Bristen, Kohlplatz", "lon": 8.698144911950621, "lat": 46.76810683091248, "stop_id": ["8505915.link:212104", "8505915.link:212105"], "lines": [{"line_id": "92-407-j24-1", "route_id": "18.TA.92-407-j24-1.2.R", "mode": "bus", "line_name": "407"}, {"line_id": "92-407-j24-1", "route_id": "4.TA.92-407-j24-1.1.H", "mode": "bus", "line_name": "407"}], "predominant_mode": "bus", "assigned_canton": "Uri", "modes_list": ["bus"]}, "geometry": {"type": "Point", "coordinates": [8.698144920676365, 46.76810684080935]}}, {"id": "4074", "type": "Feature", "properties": {"name": "Bristen, Talstation Golzern", "lon": 8.711044721904077, "lat": 46.76642087070959, "stop_id": ["8505896.link:192874", "8505896.link:192875"], "lines": [{"line_id": "92-407-j24-1", "route_id": "18.TA.92-407-j24-1.2.R", "mode": "bus", "line_name": "407"}, {"line_id": "92-407-j24-1", "route_id": "4.TA.92-407-j24-1.1.H", "mode": "bus", "line_name": "407"}], "predominant_mode": "bus", "assigned_canton": "Uri", "modes_list": ["bus"]}, "geometry": {"type": "Point", "coordinates": [8.71104473064298, 46.766420880602006]}}, {"id": "4075", "type": "Feature", "properties": {"name": "Bristen, Wideli", "lon": 8.705313471929392, "lat": 46.76731308079972, "stop_id": ["8505916.link:212116", "8505916.link:212117"], "lines": [{"line_id": "92-407-j24-1", "route_id": "18.TA.92-407-j24-1.2.R", "mode": "bus", "line_name": "407"}, {"line_id": "92-407-j24-1", "route_id": "4.TA.92-407-j24-1.1.H", "mode": "bus", "line_name": "407"}], "predominant_mode": "bus", "assigned_canton": "Uri", "modes_list": ["bus"]}, "geometry": {"type": "Point", "coordinates": [8.705313480662408, 46.76731309069415]}}, {"id": "4224", "type": "Feature", "properties": {"name": "Br\u00fcgg (B\u00fcrglen UR)", "lon": 8.68181354546591, "lat": 46.87678266118421, "stop_id": ["8505658.link:1010600", "8505658.link:1010601", "8505658.link:893060", "8505658.link:893061"], "lines": [{"line_id": "92-402-j24-1", "route_id": "59.TA.92-402-j24-1.3.R", "mode": "bus", "line_name": "402"}, {"line_id": "92-402-j24-1", "route_id": "30.TA.92-402-j24-1.3.R", "mode": "bus", "line_name": "402"}, {"line_id": "92-402-j24-1", "route_id": "48.TA.92-402-j24-1.3.R", "mode": "bus", "line_name": "402"}, {"line_id": "92-402-j24-1", "route_id": "62.TA.92-402-j24-1.3.R", "mode": "bus", "line_name": "402"}, {"line_id": "92-403-j24-1", "route_id": "126.TA.92-403-j24-1.4.R", "mode": "bus", "line_name": "403"}, {"line_id": "92-403-j24-1", "route_id": "109.TA.92-403-j24-1.4.R", "mode": "bus", "line_name": "403"}, {"line_id": "92-408-j24-1", "route_id": "2.TA.92-408-j24-1.2.H", "mode": "bus", "line_name": "408"}, {"line_id": "92-408-j24-1", "route_id": "51.TA.92-408-j24-1.17.R", "mode": "bus", "line_name": "408"}, {"line_id": "92-402-j24-1", "route_id": "15.TA.92-402-j24-1.4.H", "mode": "bus", "line_name": "402"}, {"line_id": "92-403-j24-1", "route_id": "30.TA.92-403-j24-1.5.H", "mode": "bus", "line_name": "403"}, {"line_id": "92-403-j24-1", "route_id": "62.TA.92-403-j24-1.5.H", "mode": "bus", "line_name": "403"}, {"line_id": "92-403-j24-1", "route_id": "41.TA.92-403-j24-1.5.H", "mode": "bus", "line_name": "403"}, {"line_id": "92-403-j24-1", "route_id": "64.TA.92-403-j24-1.5.H", "mode": "bus", "line_name": "403"}, {"line_id": "92-408-j24-1", "route_id": "48.TA.92-408-j24-1.15.R", "mode": "bus", "line_name": "408"}, {"line_id": "92-402-j24-1", "route_id": "9.TA.92-402-j24-1.4.H", "mode": "bus", "line_name": "402"}, {"line_id": "92-408-j24-1", "route_id": "5.TA.92-408-j24-1.27.H", "mode": "bus", "line_name": "408"}, {"line_id": "92-402-j24-1", "route_id": "1.TA.92-402-j24-1.4.H", "mode": "bus", "line_name": "402"}, {"line_id": "92-408-j24-1", "route_id": "81.TA.92-408-j24-1.107.R", "mode": "bus", "line_name": "408"}, {"line_id": "92-408-j24-1", "route_id": "61.TA.92-408-j24-1.38.R", "mode": "bus", "line_name": "408"}, {"line_id": "92-408-j24-1", "route_id": "87.TA.92-408-j24-1.109.R", "mode": "bus", "line_name": "408"}, {"line_id": "92-408-j24-1", "route_id": "79.TA.92-408-j24-1.105.R", "mode": "bus", "line_name": "408"}, {"line_id": "92-408-j24-1", "route_id": "63.TA.92-408-j24-1.21.R", "mode": "bus", "line_name": "408"}, {"line_id": "92-408-j24-1", "route_id": "71.TA.92-408-j24-1.21.R", "mode": "bus", "line_name": "408"}, {"line_id": "92-408-j24-1", "route_id": "27.TA.92-408-j24-1.31.H", "mode": "bus", "line_name": "408"}, {"line_id": "92-408-j24-1", "route_id": "38.TA.92-408-j24-1.89.H", "mode": "bus", "line_name": "408"}, {"line_id": "92-408-j24-1", "route_id": "6.TA.92-408-j24-1.85.H", "mode": "bus", "line_name": "408"}, {"line_id": "92-408-j24-1", "route_id": "34.TA.92-408-j24-1.88.H", "mode": "bus", "line_name": "408"}, {"line_id": "92-408-j24-1", "route_id": "44.TA.92-408-j24-1.91.H", "mode": "bus", "line_name": "408"}], "predominant_mode": "bus", "assigned_canton": "Uri", "modes_list": ["bus"]}, "geometry": {"type": "Point", "coordinates": [8.681813554144316, 46.87678267112919]}}, {"id": "4225", "type": "Feature", "properties": {"name": "Br\u00fcgg (B\u00fcrglen UR) (Seilbahn)", "lon": 8.68205609548006, "lat": 46.87721250118046, "stop_id": ["8530421.link:pt_8530421"], "lines": [{"line_id": "93-6G-Y-j24-1", "route_id": "118.TA.93-6G-Y-j24-1.2.R", "mode": "cable car", "line_name": "PB"}, {"line_id": "93-6G-Y-j24-1", "route_id": "39.TA.93-6G-Y-j24-1.1.H", "mode": "cable car", "line_name": "PB"}], "predominant_mode": "cable car", "assigned_canton": "Uri", "modes_list": ["cable car"]}, "geometry": {"type": "Point", "coordinates": [8.682056104158583, 46.87721251112552]}}, {"id": "4254", "type": "Feature", "properties": {"name": "Br\u00fcsti", "lon": 8.607010834327566, "lat": 46.84321373235483, "stop_id": ["8530415.link:pt_8530415"], "lines": [{"line_id": "93-7E-Y-j24-1", "route_id": "50.TA.93-7E-Y-j24-1.1.H", "mode": "cable car", "line_name": "PB"}, {"line_id": "93-7E-Y-j24-1", "route_id": "71.TA.93-7E-Y-j24-1.2.R", "mode": "cable car", "line_name": "PB"}], "predominant_mode": "cable car", "assigned_canton": "Uri", "modes_list": ["cable car"]}, "geometry": {"type": "Point", "coordinates": [8.607010842942017, 46.84321374230795]}}, {"id": "4820", "type": "Feature", "properties": {"name": "B\u00fcrglen UR Br\u00fcgg (Ruogigbahn)", "lon": 8.680609805504487, "lat": 46.87799234120326, "stop_id": ["8530853.link:pt_8530853"], "lines": [{"line_id": "93-8O-Y-j24-1", "route_id": "27.TA.93-8O-Y-j24-1.2.R", "mode": "cable car", "line_name": "PB"}, {"line_id": "93-8O-Y-j24-1", "route_id": "20.TA.93-8O-Y-j24-1.1.H", "mode": "cable car", "line_name": "PB"}], "predominant_mode": "cable car", "assigned_canton": "Uri", "modes_list": ["cable car"]}, "geometry": {"type": "Point", "coordinates": [8.680609814181368, 46.87799235114903]}}, {"id": "4821", "type": "Feature", "properties": {"name": "B\u00fcrglen UR, Dorf", "lon": 8.663460965410096, "lat": 46.875419421472316, "stop_id": ["8505890.link:1965780", "8505890.link:1965781"], "lines": [{"line_id": "92-402-j24-1", "route_id": "59.TA.92-402-j24-1.3.R", "mode": "bus", "line_name": "402"}, {"line_id": "92-402-j24-1", "route_id": "30.TA.92-402-j24-1.3.R", "mode": "bus", "line_name": "402"}, {"line_id": "92-402-j24-1", "route_id": "48.TA.92-402-j24-1.3.R", "mode": "bus", "line_name": "402"}, {"line_id": "92-408-j24-1", "route_id": "81.TA.92-408-j24-1.107.R", "mode": "bus", "line_name": "408"}, {"line_id": "92-402-j24-1", "route_id": "62.TA.92-402-j24-1.3.R", "mode": "bus", "line_name": "402"}, {"line_id": "92-408-j24-1", "route_id": "61.TA.92-408-j24-1.38.R", "mode": "bus", "line_name": "408"}, {"line_id": "92-403-j24-1", "route_id": "126.TA.92-403-j24-1.4.R", "mode": "bus", "line_name": "403"}, {"line_id": "92-403-j24-1", "route_id": "109.TA.92-403-j24-1.4.R", "mode": "bus", "line_name": "403"}, {"line_id": "92-408-j24-1", "route_id": "87.TA.92-408-j24-1.109.R", "mode": "bus", "line_name": "408"}, {"line_id": "92-408-j24-1", "route_id": "51.TA.92-408-j24-1.17.R", "mode": "bus", "line_name": "408"}, {"line_id": "92-408-j24-1", "route_id": "79.TA.92-408-j24-1.105.R", "mode": "bus", "line_name": "408"}, {"line_id": "92-408-j24-1", "route_id": "63.TA.92-408-j24-1.21.R", "mode": "bus", "line_name": "408"}, {"line_id": "92-408-j24-1", "route_id": "71.TA.92-408-j24-1.21.R", "mode": "bus", "line_name": "408"}, {"line_id": "92-402-j24-1", "route_id": "15.TA.92-402-j24-1.4.H", "mode": "bus", "line_name": "402"}, {"line_id": "92-408-j24-1", "route_id": "27.TA.92-408-j24-1.31.H", "mode": "bus", "line_name": "408"}, {"line_id": "92-403-j24-1", "route_id": "30.TA.92-403-j24-1.5.H", "mode": "bus", "line_name": "403"}, {"line_id": "92-403-j24-1", "route_id": "62.TA.92-403-j24-1.5.H", "mode": "bus", "line_name": "403"}, {"line_id": "92-403-j24-1", "route_id": "41.TA.92-403-j24-1.5.H", "mode": "bus", "line_name": "403"}, {"line_id": "92-403-j24-1", "route_id": "64.TA.92-403-j24-1.5.H", "mode": "bus", "line_name": "403"}, {"line_id": "92-402-j24-1", "route_id": "9.TA.92-402-j24-1.4.H", "mode": "bus", "line_name": "402"}, {"line_id": "92-408-j24-1", "route_id": "38.TA.92-408-j24-1.89.H", "mode": "bus", "line_name": "408"}, {"line_id": "92-408-j24-1", "route_id": "34.TA.92-408-j24-1.88.H", "mode": "bus", "line_name": "408"}, {"line_id": "92-408-j24-1", "route_id": "5.TA.92-408-j24-1.27.H", "mode": "bus", "line_name": "408"}, {"line_id": "92-408-j24-1", "route_id": "6.TA.92-408-j24-1.85.H", "mode": "bus", "line_name": "408"}, {"line_id": "92-402-j24-1", "route_id": "1.TA.92-402-j24-1.4.H", "mode": "bus", "line_name": "402"}, {"line_id": "92-408-j24-1", "route_id": "44.TA.92-408-j24-1.91.H", "mode": "bus", "line_name": "408"}], "predominant_mode": "bus", "assigned_canton": "Uri", "modes_list": ["bus"]}, "geometry": {"type": "Point", "coordinates": [8.66346097407089, 46.87541943142204]}}, {"id": "4822", "type": "Feature", "properties": {"name": "B\u00fcrglen UR, Hartolfingen", "lon": 8.659229895393251, "lat": 46.87498343153872, "stop_id": ["8573117.link:955309", "8573117.link:955310"], "lines": [{"line_id": "92-402-j24-1", "route_id": "59.TA.92-402-j24-1.3.R", "mode": "bus", "line_name": "402"}, {"line_id": "92-402-j24-1", "route_id": "30.TA.92-402-j24-1.3.R", "mode": "bus", "line_name": "402"}, {"line_id": "92-402-j24-1", "route_id": "48.TA.92-402-j24-1.3.R", "mode": "bus", "line_name": "402"}, {"line_id": "92-408-j24-1", "route_id": "81.TA.92-408-j24-1.107.R", "mode": "bus", "line_name": "408"}, {"line_id": "92-402-j24-1", "route_id": "62.TA.92-402-j24-1.3.R", "mode": "bus", "line_name": "402"}, {"line_id": "92-408-j24-1", "route_id": "61.TA.92-408-j24-1.38.R", "mode": "bus", "line_name": "408"}, {"line_id": "92-403-j24-1", "route_id": "126.TA.92-403-j24-1.4.R", "mode": "bus", "line_name": "403"}, {"line_id": "92-403-j24-1", "route_id": "109.TA.92-403-j24-1.4.R", "mode": "bus", "line_name": "403"}, {"line_id": "92-408-j24-1", "route_id": "87.TA.92-408-j24-1.109.R", "mode": "bus", "line_name": "408"}, {"line_id": "92-408-j24-1", "route_id": "51.TA.92-408-j24-1.17.R", "mode": "bus", "line_name": "408"}, {"line_id": "92-408-j24-1", "route_id": "79.TA.92-408-j24-1.105.R", "mode": "bus", "line_name": "408"}, {"line_id": "92-408-j24-1", "route_id": "63.TA.92-408-j24-1.21.R", "mode": "bus", "line_name": "408"}, {"line_id": "92-408-j24-1", "route_id": "71.TA.92-408-j24-1.21.R", "mode": "bus", "line_name": "408"}, {"line_id": "92-402-j24-1", "route_id": "15.TA.92-402-j24-1.4.H", "mode": "bus", "line_name": "402"}, {"line_id": "92-408-j24-1", "route_id": "27.TA.92-408-j24-1.31.H", "mode": "bus", "line_name": "408"}, {"line_id": "92-403-j24-1", "route_id": "30.TA.92-403-j24-1.5.H", "mode": "bus", "line_name": "403"}, {"line_id": "92-403-j24-1", "route_id": "62.TA.92-403-j24-1.5.H", "mode": "bus", "line_name": "403"}, {"line_id": "92-403-j24-1", "route_id": "41.TA.92-403-j24-1.5.H", "mode": "bus", "line_name": "403"}, {"line_id": "92-403-j24-1", "route_id": "64.TA.92-403-j24-1.5.H", "mode": "bus", "line_name": "403"}, {"line_id": "92-402-j24-1", "route_id": "9.TA.92-402-j24-1.4.H", "mode": "bus", "line_name": "402"}, {"line_id": "92-408-j24-1", "route_id": "38.TA.92-408-j24-1.89.H", "mode": "bus", "line_name": "408"}, {"line_id": "92-408-j24-1", "route_id": "34.TA.92-408-j24-1.88.H", "mode": "bus", "line_name": "408"}, {"line_id": "92-408-j24-1", "route_id": "5.TA.92-408-j24-1.27.H", "mode": "bus", "line_name": "408"}, {"line_id": "92-408-j24-1", "route_id": "6.TA.92-408-j24-1.85.H", "mode": "bus", "line_name": "408"}, {"line_id": "92-402-j24-1", "route_id": "1.TA.92-402-j24-1.4.H", "mode": "bus", "line_name": "402"}, {"line_id": "92-408-j24-1", "route_id": "44.TA.92-408-j24-1.91.H", "mode": "bus", "line_name": "408"}], "predominant_mode": "bus", "assigned_canton": "Uri", "modes_list": ["bus"]}, "geometry": {"type": "Point", "coordinates": [8.659229904050013, 46.874983441489505]}}, {"id": "4823", "type": "Feature", "properties": {"name": "B\u00fcrglen UR, Loreto", "lon": 8.677420785473364, "lat": 46.87709583125325, "stop_id": ["8505659.link:1374103", "8505659.link:1374104"], "lines": [{"line_id": "92-402-j24-1", "route_id": "59.TA.92-402-j24-1.3.R", "mode": "bus", "line_name": "402"}, {"line_id": "92-402-j24-1", "route_id": "30.TA.92-402-j24-1.3.R", "mode": "bus", "line_name": "402"}, {"line_id": "92-402-j24-1", "route_id": "48.TA.92-402-j24-1.3.R", "mode": "bus", "line_name": "402"}, {"line_id": "92-408-j24-1", "route_id": "81.TA.92-408-j24-1.107.R", "mode": "bus", "line_name": "408"}, {"line_id": "92-402-j24-1", "route_id": "62.TA.92-402-j24-1.3.R", "mode": "bus", "line_name": "402"}, {"line_id": "92-408-j24-1", "route_id": "61.TA.92-408-j24-1.38.R", "mode": "bus", "line_name": "408"}, {"line_id": "92-403-j24-1", "route_id": "126.TA.92-403-j24-1.4.R", "mode": "bus", "line_name": "403"}, {"line_id": "92-403-j24-1", "route_id": "109.TA.92-403-j24-1.4.R", "mode": "bus", "line_name": "403"}, {"line_id": "92-408-j24-1", "route_id": "87.TA.92-408-j24-1.109.R", "mode": "bus", "line_name": "408"}, {"line_id": "92-408-j24-1", "route_id": "51.TA.92-408-j24-1.17.R", "mode": "bus", "line_name": "408"}, {"line_id": "92-408-j24-1", "route_id": "79.TA.92-408-j24-1.105.R", "mode": "bus", "line_name": "408"}, {"line_id": "92-408-j24-1", "route_id": "63.TA.92-408-j24-1.21.R", "mode": "bus", "line_name": "408"}, {"line_id": "92-408-j24-1", "route_id": "71.TA.92-408-j24-1.21.R", "mode": "bus", "line_name": "408"}, {"line_id": "92-402-j24-1", "route_id": "15.TA.92-402-j24-1.4.H", "mode": "bus", "line_name": "402"}, {"line_id": "92-408-j24-1", "route_id": "27.TA.92-408-j24-1.31.H", "mode": "bus", "line_name": "408"}, {"line_id": "92-403-j24-1", "route_id": "30.TA.92-403-j24-1.5.H", "mode": "bus", "line_name": "403"}, {"line_id": "92-403-j24-1", "route_id": "62.TA.92-403-j24-1.5.H", "mode": "bus", "line_name": "403"}, {"line_id": "92-403-j24-1", "route_id": "41.TA.92-403-j24-1.5.H", "mode": "bus", "line_name": "403"}, {"line_id": "92-403-j24-1", "route_id": "64.TA.92-403-j24-1.5.H", "mode": "bus", "line_name": "403"}, {"line_id": "92-402-j24-1", "route_id": "9.TA.92-402-j24-1.4.H", "mode": "bus", "line_name": "402"}, {"line_id": "92-408-j24-1", "route_id": "38.TA.92-408-j24-1.89.H", "mode": "bus", "line_name": "408"}, {"line_id": "92-408-j24-1", "route_id": "34.TA.92-408-j24-1.88.H", "mode": "bus", "line_name": "408"}, {"line_id": "92-408-j24-1", "route_id": "5.TA.92-408-j24-1.27.H", "mode": "bus", "line_name": "408"}, {"line_id": "92-408-j24-1", "route_id": "6.TA.92-408-j24-1.85.H", "mode": "bus", "line_name": "408"}, {"line_id": "92-402-j24-1", "route_id": "1.TA.92-402-j24-1.4.H", "mode": "bus", "line_name": "402"}, {"line_id": "92-408-j24-1", "route_id": "44.TA.92-408-j24-1.91.H", "mode": "bus", "line_name": "408"}], "predominant_mode": "bus", "assigned_canton": "Uri", "modes_list": ["bus"]}, "geometry": {"type": "Point", "coordinates": [8.677420794147375, 46.87709584119965]}}, {"id": "4824", "type": "Feature", "properties": {"name": "B\u00fcrglen UR, Seminar", "lon": 8.654962905371958, "lat": 46.87441233160569, "stop_id": ["8577395.link:955303", "8577395.link:955304"], "lines": [{"line_id": "92-402-j24-1", "route_id": "59.TA.92-402-j24-1.3.R", "mode": "bus", "line_name": "402"}, {"line_id": "92-402-j24-1", "route_id": "30.TA.92-402-j24-1.3.R", "mode": "bus", "line_name": "402"}, {"line_id": "92-402-j24-1", "route_id": "48.TA.92-402-j24-1.3.R", "mode": "bus", "line_name": "402"}, {"line_id": "92-408-j24-1", "route_id": "81.TA.92-408-j24-1.107.R", "mode": "bus", "line_name": "408"}, {"line_id": "92-402-j24-1", "route_id": "62.TA.92-402-j24-1.3.R", "mode": "bus", "line_name": "402"}, {"line_id": "92-408-j24-1", "route_id": "61.TA.92-408-j24-1.38.R", "mode": "bus", "line_name": "408"}, {"line_id": "92-403-j24-1", "route_id": "126.TA.92-403-j24-1.4.R", "mode": "bus", "line_name": "403"}, {"line_id": "92-403-j24-1", "route_id": "109.TA.92-403-j24-1.4.R", "mode": "bus", "line_name": "403"}, {"line_id": "92-408-j24-1", "route_id": "87.TA.92-408-j24-1.109.R", "mode": "bus", "line_name": "408"}, {"line_id": "92-408-j24-1", "route_id": "51.TA.92-408-j24-1.17.R", "mode": "bus", "line_name": "408"}, {"line_id": "92-408-j24-1", "route_id": "79.TA.92-408-j24-1.105.R", "mode": "bus", "line_name": "408"}, {"line_id": "92-408-j24-1", "route_id": "63.TA.92-408-j24-1.21.R", "mode": "bus", "line_name": "408"}, {"line_id": "92-408-j24-1", "route_id": "71.TA.92-408-j24-1.21.R", "mode": "bus", "line_name": "408"}, {"line_id": "92-402-j24-1", "route_id": "15.TA.92-402-j24-1.4.H", "mode": "bus", "line_name": "402"}, {"line_id": "92-408-j24-1", "route_id": "27.TA.92-408-j24-1.31.H", "mode": "bus", "line_name": "408"}, {"line_id": "92-403-j24-1", "route_id": "30.TA.92-403-j24-1.5.H", "mode": "bus", "line_name": "403"}, {"line_id": "92-403-j24-1", "route_id": "62.TA.92-403-j24-1.5.H", "mode": "bus", "line_name": "403"}, {"line_id": "92-403-j24-1", "route_id": "41.TA.92-403-j24-1.5.H", "mode": "bus", "line_name": "403"}, {"line_id": "92-403-j24-1", "route_id": "64.TA.92-403-j24-1.5.H", "mode": "bus", "line_name": "403"}, {"line_id": "92-402-j24-1", "route_id": "9.TA.92-402-j24-1.4.H", "mode": "bus", "line_name": "402"}, {"line_id": "92-408-j24-1", "route_id": "38.TA.92-408-j24-1.89.H", "mode": "bus", "line_name": "408"}, {"line_id": "92-408-j24-1", "route_id": "34.TA.92-408-j24-1.88.H", "mode": "bus", "line_name": "408"}, {"line_id": "92-408-j24-1", "route_id": "5.TA.92-408-j24-1.27.H", "mode": "bus", "line_name": "408"}, {"line_id": "92-408-j24-1", "route_id": "6.TA.92-408-j24-1.85.H", "mode": "bus", "line_name": "408"}, {"line_id": "92-402-j24-1", "route_id": "1.TA.92-402-j24-1.4.H", "mode": "bus", "line_name": "402"}, {"line_id": "92-408-j24-1", "route_id": "44.TA.92-408-j24-1.91.H", "mode": "bus", "line_name": "408"}], "predominant_mode": "bus", "assigned_canton": "Uri", "modes_list": ["bus"]}, "geometry": {"type": "Point", "coordinates": [8.65496291402469, 46.874412341557466]}}, {"id": "4825", "type": "Feature", "properties": {"name": "B\u00fcrglen UR, Sonneggstrasse", "lon": 8.667835755450362, "lat": 46.87657387140374, "stop_id": ["8587599.link:461603", "8587599.link:461604"], "lines": [{"line_id": "92-402-j24-1", "route_id": "59.TA.92-402-j24-1.3.R", "mode": "bus", "line_name": "402"}, {"line_id": "92-402-j24-1", "route_id": "30.TA.92-402-j24-1.3.R", "mode": "bus", "line_name": "402"}, {"line_id": "92-402-j24-1", "route_id": "48.TA.92-402-j24-1.3.R", "mode": "bus", "line_name": "402"}, {"line_id": "92-408-j24-1", "route_id": "81.TA.92-408-j24-1.107.R", "mode": "bus", "line_name": "408"}, {"line_id": "92-402-j24-1", "route_id": "62.TA.92-402-j24-1.3.R", "mode": "bus", "line_name": "402"}, {"line_id": "92-408-j24-1", "route_id": "61.TA.92-408-j24-1.38.R", "mode": "bus", "line_name": "408"}, {"line_id": "92-403-j24-1", "route_id": "126.TA.92-403-j24-1.4.R", "mode": "bus", "line_name": "403"}, {"line_id": "92-403-j24-1", "route_id": "109.TA.92-403-j24-1.4.R", "mode": "bus", "line_name": "403"}, {"line_id": "92-408-j24-1", "route_id": "87.TA.92-408-j24-1.109.R", "mode": "bus", "line_name": "408"}, {"line_id": "92-408-j24-1", "route_id": "51.TA.92-408-j24-1.17.R", "mode": "bus", "line_name": "408"}, {"line_id": "92-408-j24-1", "route_id": "79.TA.92-408-j24-1.105.R", "mode": "bus", "line_name": "408"}, {"line_id": "92-408-j24-1", "route_id": "63.TA.92-408-j24-1.21.R", "mode": "bus", "line_name": "408"}, {"line_id": "92-408-j24-1", "route_id": "71.TA.92-408-j24-1.21.R", "mode": "bus", "line_name": "408"}, {"line_id": "92-402-j24-1", "route_id": "15.TA.92-402-j24-1.4.H", "mode": "bus", "line_name": "402"}, {"line_id": "92-408-j24-1", "route_id": "27.TA.92-408-j24-1.31.H", "mode": "bus", "line_name": "408"}, {"line_id": "92-403-j24-1", "route_id": "30.TA.92-403-j24-1.5.H", "mode": "bus", "line_name": "403"}, {"line_id": "92-403-j24-1", "route_id": "62.TA.92-403-j24-1.5.H", "mode": "bus", "line_name": "403"}, {"line_id": "92-403-j24-1", "route_id": "41.TA.92-403-j24-1.5.H", "mode": "bus", "line_name": "403"}, {"line_id": "92-403-j24-1", "route_id": "64.TA.92-403-j24-1.5.H", "mode": "bus", "line_name": "403"}, {"line_id": "92-402-j24-1", "route_id": "9.TA.92-402-j24-1.4.H", "mode": "bus", "line_name": "402"}, {"line_id": "92-408-j24-1", "route_id": "38.TA.92-408-j24-1.89.H", "mode": "bus", "line_name": "408"}, {"line_id": "92-408-j24-1", "route_id": "34.TA.92-408-j24-1.88.H", "mode": "bus", "line_name": "408"}, {"line_id": "92-408-j24-1", "route_id": "5.TA.92-408-j24-1.27.H", "mode": "bus", "line_name": "408"}, {"line_id": "92-408-j24-1", "route_id": "6.TA.92-408-j24-1.85.H", "mode": "bus", "line_name": "408"}, {"line_id": "92-402-j24-1", "route_id": "1.TA.92-402-j24-1.4.H", "mode": "bus", "line_name": "402"}, {"line_id": "92-408-j24-1", "route_id": "44.TA.92-408-j24-1.91.H", "mode": "bus", "line_name": "408"}], "predominant_mode": "bus", "assigned_canton": "Uri", "modes_list": ["bus"]}, "geometry": {"type": "Point", "coordinates": [8.667835764115114, 46.87657388135271]}}, {"id": "4826", "type": "Feature", "properties": {"name": "B\u00fcrglen UR, St. Sebastian", "lon": 8.670943935449728, "lat": 46.87649405135488, "stop_id": ["8573118.link:461609", "8573118.link:461610"], "lines": [{"line_id": "92-402-j24-1", "route_id": "59.TA.92-402-j24-1.3.R", "mode": "bus", "line_name": "402"}, {"line_id": "92-402-j24-1", "route_id": "30.TA.92-402-j24-1.3.R", "mode": "bus", "line_name": "402"}, {"line_id": "92-402-j24-1", "route_id": "48.TA.92-402-j24-1.3.R", "mode": "bus", "line_name": "402"}, {"line_id": "92-408-j24-1", "route_id": "81.TA.92-408-j24-1.107.R", "mode": "bus", "line_name": "408"}, {"line_id": "92-402-j24-1", "route_id": "62.TA.92-402-j24-1.3.R", "mode": "bus", "line_name": "402"}, {"line_id": "92-408-j24-1", "route_id": "61.TA.92-408-j24-1.38.R", "mode": "bus", "line_name": "408"}, {"line_id": "92-403-j24-1", "route_id": "126.TA.92-403-j24-1.4.R", "mode": "bus", "line_name": "403"}, {"line_id": "92-403-j24-1", "route_id": "109.TA.92-403-j24-1.4.R", "mode": "bus", "line_name": "403"}, {"line_id": "92-408-j24-1", "route_id": "87.TA.92-408-j24-1.109.R", "mode": "bus", "line_name": "408"}, {"line_id": "92-408-j24-1", "route_id": "51.TA.92-408-j24-1.17.R", "mode": "bus", "line_name": "408"}, {"line_id": "92-408-j24-1", "route_id": "79.TA.92-408-j24-1.105.R", "mode": "bus", "line_name": "408"}, {"line_id": "92-408-j24-1", "route_id": "63.TA.92-408-j24-1.21.R", "mode": "bus", "line_name": "408"}, {"line_id": "92-408-j24-1", "route_id": "71.TA.92-408-j24-1.21.R", "mode": "bus", "line_name": "408"}, {"line_id": "92-402-j24-1", "route_id": "15.TA.92-402-j24-1.4.H", "mode": "bus", "line_name": "402"}, {"line_id": "92-408-j24-1", "route_id": "27.TA.92-408-j24-1.31.H", "mode": "bus", "line_name": "408"}, {"line_id": "92-403-j24-1", "route_id": "30.TA.92-403-j24-1.5.H", "mode": "bus", "line_name": "403"}, {"line_id": "92-403-j24-1", "route_id": "62.TA.92-403-j24-1.5.H", "mode": "bus", "line_name": "403"}, {"line_id": "92-403-j24-1", "route_id": "41.TA.92-403-j24-1.5.H", "mode": "bus", "line_name": "403"}, {"line_id": "92-403-j24-1", "route_id": "64.TA.92-403-j24-1.5.H", "mode": "bus", "line_name": "403"}, {"line_id": "92-402-j24-1", "route_id": "9.TA.92-402-j24-1.4.H", "mode": "bus", "line_name": "402"}, {"line_id": "92-408-j24-1", "route_id": "38.TA.92-408-j24-1.89.H", "mode": "bus", "line_name": "408"}, {"line_id": "92-408-j24-1", "route_id": "34.TA.92-408-j24-1.88.H", "mode": "bus", "line_name": "408"}, {"line_id": "92-408-j24-1", "route_id": "5.TA.92-408-j24-1.27.H", "mode": "bus", "line_name": "408"}, {"line_id": "92-408-j24-1", "route_id": "6.TA.92-408-j24-1.85.H", "mode": "bus", "line_name": "408"}, {"line_id": "92-402-j24-1", "route_id": "1.TA.92-402-j24-1.4.H", "mode": "bus", "line_name": "402"}, {"line_id": "92-408-j24-1", "route_id": "44.TA.92-408-j24-1.91.H", "mode": "bus", "line_name": "408"}], "predominant_mode": "bus", "assigned_canton": "Uri", "modes_list": ["bus"]}, "geometry": {"type": "Point", "coordinates": [8.67094394411756, 46.8764940613029]}}, {"id": "4827", "type": "Feature", "properties": {"name": "B\u00fcrglen UR, Trudelingen", "lon": 8.697632875552195, "lat": 46.87913446093598, "stop_id": ["8505660.link:284370", "8505660.link:284371"], "lines": [{"line_id": "92-408-j24-1", "route_id": "81.TA.92-408-j24-1.107.R", "mode": "bus", "line_name": "408"}, {"line_id": "92-408-j24-1", "route_id": "48.TA.92-408-j24-1.15.R", "mode": "bus", "line_name": "408"}, {"line_id": "92-408-j24-1", "route_id": "61.TA.92-408-j24-1.38.R", "mode": "bus", "line_name": "408"}, {"line_id": "92-408-j24-1", "route_id": "87.TA.92-408-j24-1.109.R", "mode": "bus", "line_name": "408"}, {"line_id": "92-408-j24-1", "route_id": "79.TA.92-408-j24-1.105.R", "mode": "bus", "line_name": "408"}, {"line_id": "92-408-j24-1", "route_id": "63.TA.92-408-j24-1.21.R", "mode": "bus", "line_name": "408"}, {"line_id": "92-408-j24-1", "route_id": "71.TA.92-408-j24-1.21.R", "mode": "bus", "line_name": "408"}, {"line_id": "92-408-j24-1", "route_id": "27.TA.92-408-j24-1.31.H", "mode": "bus", "line_name": "408"}, {"line_id": "92-408-j24-1", "route_id": "38.TA.92-408-j24-1.89.H", "mode": "bus", "line_name": "408"}, {"line_id": "92-408-j24-1", "route_id": "6.TA.92-408-j24-1.85.H", "mode": "bus", "line_name": "408"}, {"line_id": "92-408-j24-1", "route_id": "34.TA.92-408-j24-1.88.H", "mode": "bus", "line_name": "408"}, {"line_id": "92-408-j24-1", "route_id": "2.TA.92-408-j24-1.2.H", "mode": "bus", "line_name": "408"}, {"line_id": "92-408-j24-1", "route_id": "44.TA.92-408-j24-1.91.H", "mode": "bus", "line_name": "408"}], "predominant_mode": "bus", "assigned_canton": "Uri", "modes_list": ["bus"]}, "geometry": {"type": "Point", "coordinates": [8.69763288424542, 46.87913447087729]}}, {"id": "4828", "type": "Feature", "properties": {"name": "B\u00fcrglen UR, Urnertor", "lon": 8.650543195310865, "lat": 46.87261916167489, "stop_id": ["8588569.link:835280", "8588569.link:835281"], "lines": [{"line_id": "92-401-j24-1", "route_id": "158.TA.92-401-j24-1.39.R", "mode": "bus", "line_name": "401"}, {"line_id": "92-401-j24-1", "route_id": "168.TA.92-401-j24-1.40.R", "mode": "bus", "line_name": "401"}, {"line_id": "92-401-j24-1", "route_id": "131.TA.92-401-j24-1.35.R", "mode": "bus", "line_name": "401"}, {"line_id": "92-401-j24-1", "route_id": "126.TA.92-401-j24-1.34.R", "mode": "bus", "line_name": "401"}, {"line_id": "92-412-A-j24-1", "route_id": "46.TA.92-412-A-j24-1.6.R", "mode": "bus", "line_name": "412"}, {"line_id": "92-401-j24-1", "route_id": "145.TA.92-401-j24-1.37.R", "mode": "bus", "line_name": "401"}, {"line_id": "92-401-j24-1", "route_id": "149.TA.92-401-j24-1.38.R", "mode": "bus", "line_name": "401"}, {"line_id": "92-401-j24-1", "route_id": "127.TA.92-401-j24-1.35.R", "mode": "bus", "line_name": "401"}, {"line_id": "92-401-j24-1", "route_id": "90.TA.92-401-j24-1.32.R", "mode": "bus", "line_name": "401"}, {"line_id": "92-401-j24-1", "route_id": "144.TA.92-401-j24-1.36.R", "mode": "bus", "line_name": "401"}, {"line_id": "92-401-j24-1", "route_id": "87.TA.92-401-j24-1.30.R", "mode": "bus", "line_name": "401"}, {"line_id": "92-401-j24-1", "route_id": "88.TA.92-401-j24-1.31.R", "mode": "bus", "line_name": "401"}, {"line_id": "92-401-j24-1", "route_id": "92.TA.92-401-j24-1.32.R", "mode": "bus", "line_name": "401"}, {"line_id": "92-401-j24-1", "route_id": "23.TA.92-401-j24-1.23.H", "mode": "bus", "line_name": "401"}, {"line_id": "92-401-j24-1", "route_id": "66.TA.92-401-j24-1.28.H", "mode": "bus", "line_name": "401"}, {"line_id": "92-401-j24-1", "route_id": "40.TA.92-401-j24-1.26.H", "mode": "bus", "line_name": "401"}, {"line_id": "92-401-j24-1", "route_id": "75.TA.92-401-j24-1.29.H", "mode": "bus", "line_name": "401"}, {"line_id": "92-401-j24-1", "route_id": "41.TA.92-401-j24-1.26.H", "mode": "bus", "line_name": "401"}, {"line_id": "92-412-A-j24-1", "route_id": "1.TA.92-412-A-j24-1.4.H", "mode": "bus", "line_name": "412"}, {"line_id": "92-401-j24-1", "route_id": "2.TA.92-401-j24-1.22.H", "mode": "bus", "line_name": "401"}, {"line_id": "92-401-j24-1", "route_id": "26.TA.92-401-j24-1.23.H", "mode": "bus", "line_name": "401"}, {"line_id": "92-401-j24-1", "route_id": "51.TA.92-401-j24-1.27.H", "mode": "bus", "line_name": "401"}, {"line_id": "92-412-A-j24-1", "route_id": "26.TA.92-412-A-j24-1.5.H", "mode": "bus", "line_name": "412"}], "predominant_mode": "bus", "assigned_canton": "Uri", "modes_list": ["bus"]}, "geometry": {"type": "Point", "coordinates": [8.65054320395977, 46.87261917162723]}}, {"id": "7474", "type": "Feature", "properties": {"name": "Eggberge", "lon": 8.644443626249307, "lat": 46.9015972617742, "stop_id": ["8530420.link:pt_8530420"], "lines": [{"line_id": "93-8J-Y-j24-1", "route_id": "25.TA.93-8J-Y-j24-1.1.H", "mode": "cable car", "line_name": "PB"}, {"line_id": "93-8J-Y-j24-1", "route_id": "50.TA.93-8J-Y-j24-1.2.R", "mode": "cable car", "line_name": "PB"}], "predominant_mode": "cable car", "assigned_canton": "Uri", "modes_list": ["cable car"]}, "geometry": {"type": "Point", "coordinates": [8.644443634883828, 46.90159727173964]}}, {"id": "7581", "type": "Feature", "properties": {"name": "Eierschwand", "lon": 8.680115725742716, "lat": 46.88532970121191, "stop_id": ["8530854.link:pt_8530854"], "lines": [{"line_id": "93-8O-Y-j24-1", "route_id": "27.TA.93-8O-Y-j24-1.2.R", "mode": "cable car", "line_name": "PB"}, {"line_id": "93-8P-Y-j24-1", "route_id": "46.TA.93-8P-Y-j24-1.2.R", "mode": "cable car", "line_name": "PB"}, {"line_id": "93-8O-Y-j24-1", "route_id": "20.TA.93-8O-Y-j24-1.1.H", "mode": "cable car", "line_name": "PB"}, {"line_id": "93-8P-Y-j24-1", "route_id": "25.TA.93-8P-Y-j24-1.1.H", "mode": "cable car", "line_name": "PB"}], "predominant_mode": "cable car", "assigned_canton": "Uri", "modes_list": ["cable car"]}, "geometry": {"type": "Point", "coordinates": [8.680115734416978, 46.885329711160715]}}, {"id": "8109", "type": "Feature", "properties": {"name": "Erstfeld", "lon": 8.650147933614926, "lat": 46.82039658834079, "stop_id": ["8505114:0:2.link:1856695", "8505114:0:2.link:1856696", "8505114:0:4.link:1240554", "8505114:0:4.link:794484", "8505114:0:4.link:794485", "8505114:0:4.link:836223"], "lines": [{"line_id": "91-26-C-j24-1", "route_id": "274.TA.91-26-C-j24-1.475.H", "mode": "rail", "line_name": "IR26"}, {"line_id": "91-46-j24-1", "route_id": "277.TA.91-46-j24-1.131.R", "mode": "rail", "line_name": "IR46"}, {"line_id": "91-46-j24-1", "route_id": "271.TA.91-46-j24-1.415.R", "mode": "rail", "line_name": "IR46"}, {"line_id": "91-46-j24-1", "route_id": "187.TA.91-46-j24-1.409.R", "mode": "rail", "line_name": "IR46"}, {"line_id": "91-2-C-j24-1", "route_id": "180.TA.91-2-C-j24-1.60.R", "mode": "rail", "line_name": "S2"}, {"line_id": "91-46-j24-1", "route_id": "274.TA.91-46-j24-1.416.R", "mode": "rail", "line_name": "IR46"}, {"line_id": "91-26-C-j24-1", "route_id": "96.TA.91-26-C-j24-1.717.H", "mode": "rail", "line_name": "IR26"}, {"line_id": "91-26-C-j24-1", "route_id": "63.TA.91-26-C-j24-1.715.H", "mode": "rail", "line_name": "IR26"}, {"line_id": "91-26-C-j24-1", "route_id": "295.TA.91-26-C-j24-1.736.H", "mode": "rail", "line_name": "IR26"}, {"line_id": "91-26-C-j24-1", "route_id": "291.TA.91-26-C-j24-1.735.H", "mode": "rail", "line_name": "IR26"}, {"line_id": "91-46-j24-1", "route_id": "165.TA.91-46-j24-1.405.R", "mode": "rail", "line_name": "IR46"}, {"line_id": "91-26-C-j24-1", "route_id": "267.TA.91-26-C-j24-1.732.H", "mode": "rail", "line_name": "IR26"}, {"line_id": "91-26-C-j24-1", "route_id": "782.TA.91-26-C-j24-1.776.R", "mode": "rail", "line_name": "IR26"}, {"line_id": "91-26-C-j24-1", "route_id": "613.TA.91-26-C-j24-1.771.R", "mode": "rail", "line_name": "IR26"}, {"line_id": "91-26-C-j24-1", "route_id": "578.TA.91-26-C-j24-1.768.R", "mode": "rail", "line_name": "IR26"}, {"line_id": "91-46-j24-1", "route_id": "140.TA.91-46-j24-1.402.H", "mode": "rail", "line_name": "IR46"}, {"line_id": "91-46-j24-1", "route_id": "38.TA.91-46-j24-1.30.H", "mode": "rail", "line_name": "IR46"}, {"line_id": "91-46-j24-1", "route_id": "103.TA.91-46-j24-1.247.H", "mode": "rail", "line_name": "IR46"}, {"line_id": "91-2-C-j24-1", "route_id": "36.TA.91-2-C-j24-1.13.H", "mode": "rail", "line_name": "S2"}, {"line_id": "91-26-C-j24-1", "route_id": "725.TA.91-26-C-j24-1.773.R", "mode": "rail", "line_name": "IR26"}, {"line_id": "91-46-j24-1", "route_id": "42.TA.91-46-j24-1.34.H", "mode": "rail", "line_name": "IR46"}, {"line_id": "91-46-j24-1", "route_id": "87.TA.91-46-j24-1.257.H", "mode": "rail", "line_name": "IR46"}, {"line_id": "91-26-C-j24-1", "route_id": "752.TA.91-26-C-j24-1.824.R", "mode": "rail", "line_name": "IR26"}, {"line_id": "91-26-C-j24-1", "route_id": "703.TA.91-26-C-j24-1.772.R", "mode": "rail", "line_name": "IR26"}, {"line_id": "91-2-C-j24-1", "route_id": "86.TA.91-2-C-j24-1.35.H", "mode": "rail", "line_name": "S2"}, {"line_id": "91-46-j24-1", "route_id": "119.TA.91-46-j24-1.401.H", "mode": "rail", "line_name": "IR46"}, {"line_id": "91-26-C-j24-1", "route_id": "744.TA.91-26-C-j24-1.774.R", "mode": "rail", "line_name": "IR26"}, {"line_id": "91-3-H-j24-1", "route_id": "389.TA.91-3-H-j24-1.534.H", "mode": "rail", "line_name": "S3"}, {"line_id": "91-46-j24-1", "route_id": "13.TA.91-46-j24-1.173.H", "mode": "rail", "line_name": "IR46"}, {"line_id": "91-2-C-j24-1", "route_id": "98.TA.91-2-C-j24-1.88.H", "mode": "rail", "line_name": "S2"}, {"line_id": "91-26-C-j24-1", "route_id": "588.TA.91-26-C-j24-1.164.R", "mode": "rail", "line_name": "IR26"}, {"line_id": "91-46-j24-1", "route_id": "296.TA.91-46-j24-1.419.R", "mode": "rail", "line_name": "IR46"}, {"line_id": "91-46-j24-1", "route_id": "301.TA.91-46-j24-1.421.R", "mode": "rail", "line_name": "IR46"}, {"line_id": "91-26-C-j24-1", "route_id": "179.TA.91-26-C-j24-1.719.H", "mode": "rail", "line_name": "IR26"}, {"line_id": "91-26-C-j24-1", "route_id": "384.TA.91-26-C-j24-1.745.H", "mode": "rail", "line_name": "IR26"}, {"line_id": "91-2-C-j24-1", "route_id": "191.TA.91-2-C-j24-1.90.R", "mode": "rail", "line_name": "S2"}], "predominant_mode": "rail", "assigned_canton": "Uri", "modes_list": ["rail"]}, "geometry": {"type": "Point", "coordinates": [8.650147942278462, 46.82039659827251]}}, {"id": "8110", "type": "Feature", "properties": {"name": "Erstfeld, Bahnhof", "lon": 8.650668953615389, "lat": 46.8204006816659, "stop_id": ["8577386.link:1662161", "8577386.link:1662162"], "lines": [{"line_id": "92-401-j24-1", "route_id": "158.TA.92-401-j24-1.39.R", "mode": "bus", "line_name": "401"}, {"line_id": "92-401-j24-1", "route_id": "168.TA.92-401-j24-1.40.R", "mode": "bus", "line_name": "401"}, {"line_id": "92-401-j24-1", "route_id": "131.TA.92-401-j24-1.35.R", "mode": "bus", "line_name": "401"}, {"line_id": "92-401-j24-1", "route_id": "126.TA.92-401-j24-1.34.R", "mode": "bus", "line_name": "401"}, {"line_id": "92-412-A-j24-1", "route_id": "46.TA.92-412-A-j24-1.6.R", "mode": "bus", "line_name": "412"}, {"line_id": "92-401-j24-1", "route_id": "145.TA.92-401-j24-1.37.R", "mode": "bus", "line_name": "401"}, {"line_id": "92-401-j24-1", "route_id": "149.TA.92-401-j24-1.38.R", "mode": "bus", "line_name": "401"}, {"line_id": "92-401-j24-1", "route_id": "127.TA.92-401-j24-1.35.R", "mode": "bus", "line_name": "401"}, {"line_id": "92-401-j24-1", "route_id": "144.TA.92-401-j24-1.36.R", "mode": "bus", "line_name": "401"}, {"line_id": "92-401-j24-1", "route_id": "87.TA.92-401-j24-1.30.R", "mode": "bus", "line_name": "401"}, {"line_id": "92-401-j24-1", "route_id": "66.TA.92-401-j24-1.28.H", "mode": "bus", "line_name": "401"}, {"line_id": "92-401-j24-1", "route_id": "40.TA.92-401-j24-1.26.H", "mode": "bus", "line_name": "401"}, {"line_id": "92-401-j24-1", "route_id": "75.TA.92-401-j24-1.29.H", "mode": "bus", "line_name": "401"}, {"line_id": "92-401-j24-1", "route_id": "41.TA.92-401-j24-1.26.H", "mode": "bus", "line_name": "401"}, {"line_id": "92-401-j24-1", "route_id": "51.TA.92-401-j24-1.27.H", "mode": "bus", "line_name": "401"}, {"line_id": "92-412-A-j24-1", "route_id": "26.TA.92-412-A-j24-1.5.H", "mode": "bus", "line_name": "412"}], "predominant_mode": "bus", "assigned_canton": "Uri", "modes_list": ["bus"]}, "geometry": {"type": "Point", "coordinates": [8.650668962279436, 46.82040069159751]}}, {"id": "8111", "type": "Feature", "properties": {"name": "Erstfeld, Birtschen", "lon": 8.64732722386673, "lat": 46.82821303171949, "stop_id": ["8587505.link:385401"], "lines": [{"line_id": "92-401-j24-1", "route_id": "158.TA.92-401-j24-1.39.R", "mode": "bus", "line_name": "401"}, {"line_id": "92-401-j24-1", "route_id": "168.TA.92-401-j24-1.40.R", "mode": "bus", "line_name": "401"}, {"line_id": "92-401-j24-1", "route_id": "131.TA.92-401-j24-1.35.R", "mode": "bus", "line_name": "401"}, {"line_id": "92-401-j24-1", "route_id": "126.TA.92-401-j24-1.34.R", "mode": "bus", "line_name": "401"}, {"line_id": "92-412-A-j24-1", "route_id": "46.TA.92-412-A-j24-1.6.R", "mode": "bus", "line_name": "412"}, {"line_id": "92-401-j24-1", "route_id": "145.TA.92-401-j24-1.37.R", "mode": "bus", "line_name": "401"}, {"line_id": "92-401-j24-1", "route_id": "149.TA.92-401-j24-1.38.R", "mode": "bus", "line_name": "401"}, {"line_id": "92-401-j24-1", "route_id": "127.TA.92-401-j24-1.35.R", "mode": "bus", "line_name": "401"}, {"line_id": "92-401-j24-1", "route_id": "144.TA.92-401-j24-1.36.R", "mode": "bus", "line_name": "401"}, {"line_id": "92-401-j24-1", "route_id": "87.TA.92-401-j24-1.30.R", "mode": "bus", "line_name": "401"}], "predominant_mode": "bus", "assigned_canton": "Uri", "modes_list": ["bus"]}, "geometry": {"type": "Point", "coordinates": [8.64732723252525, 46.82821304165518]}}, {"id": "8112", "type": "Feature", "properties": {"name": "Erstfeld, Lindenried", "lon": 8.645153294081357, "lat": 46.83486891175461, "stop_id": ["8577384.link:1338299", "8577384.link:1338300"], "lines": [{"line_id": "92-401-j24-1", "route_id": "158.TA.92-401-j24-1.39.R", "mode": "bus", "line_name": "401"}, {"line_id": "92-401-j24-1", "route_id": "168.TA.92-401-j24-1.40.R", "mode": "bus", "line_name": "401"}, {"line_id": "92-401-j24-1", "route_id": "131.TA.92-401-j24-1.35.R", "mode": "bus", "line_name": "401"}, {"line_id": "92-401-j24-1", "route_id": "126.TA.92-401-j24-1.34.R", "mode": "bus", "line_name": "401"}, {"line_id": "92-412-A-j24-1", "route_id": "46.TA.92-412-A-j24-1.6.R", "mode": "bus", "line_name": "412"}, {"line_id": "92-401-j24-1", "route_id": "145.TA.92-401-j24-1.37.R", "mode": "bus", "line_name": "401"}, {"line_id": "92-401-j24-1", "route_id": "149.TA.92-401-j24-1.38.R", "mode": "bus", "line_name": "401"}, {"line_id": "92-401-j24-1", "route_id": "127.TA.92-401-j24-1.35.R", "mode": "bus", "line_name": "401"}, {"line_id": "92-401-j24-1", "route_id": "144.TA.92-401-j24-1.36.R", "mode": "bus", "line_name": "401"}, {"line_id": "92-401-j24-1", "route_id": "87.TA.92-401-j24-1.30.R", "mode": "bus", "line_name": "401"}, {"line_id": "92-401-j24-1", "route_id": "66.TA.92-401-j24-1.28.H", "mode": "bus", "line_name": "401"}, {"line_id": "92-401-j24-1", "route_id": "40.TA.92-401-j24-1.26.H", "mode": "bus", "line_name": "401"}, {"line_id": "92-401-j24-1", "route_id": "75.TA.92-401-j24-1.29.H", "mode": "bus", "line_name": "401"}, {"line_id": "92-401-j24-1", "route_id": "41.TA.92-401-j24-1.26.H", "mode": "bus", "line_name": "401"}, {"line_id": "92-401-j24-1", "route_id": "51.TA.92-401-j24-1.27.H", "mode": "bus", "line_name": "401"}, {"line_id": "92-412-A-j24-1", "route_id": "26.TA.92-412-A-j24-1.5.H", "mode": "bus", "line_name": "412"}], "predominant_mode": "bus", "assigned_canton": "Uri", "modes_list": ["bus"]}, "geometry": {"type": "Point", "coordinates": [8.645153302735828, 46.834868921693534]}}, {"id": "8113", "type": "Feature", "properties": {"name": "Erstfeld, Oberdorf", "lon": 8.653211183526283, "lat": 46.81760370162563, "stop_id": ["8588198.link:1545628", "8588198.link:1545629"], "lines": [{"line_id": "92-401-j24-1", "route_id": "158.TA.92-401-j24-1.39.R", "mode": "bus", "line_name": "401"}, {"line_id": "92-401-j24-1", "route_id": "168.TA.92-401-j24-1.40.R", "mode": "bus", "line_name": "401"}, {"line_id": "92-401-j24-1", "route_id": "131.TA.92-401-j24-1.35.R", "mode": "bus", "line_name": "401"}, {"line_id": "92-412-A-j24-1", "route_id": "46.TA.92-412-A-j24-1.6.R", "mode": "bus", "line_name": "412"}, {"line_id": "92-401-j24-1", "route_id": "149.TA.92-401-j24-1.38.R", "mode": "bus", "line_name": "401"}, {"line_id": "92-401-j24-1", "route_id": "127.TA.92-401-j24-1.35.R", "mode": "bus", "line_name": "401"}, {"line_id": "92-401-j24-1", "route_id": "144.TA.92-401-j24-1.36.R", "mode": "bus", "line_name": "401"}, {"line_id": "92-401-j24-1", "route_id": "145.TA.92-401-j24-1.37.R", "mode": "bus", "line_name": "401"}, {"line_id": "92-401-j24-1", "route_id": "51.TA.92-401-j24-1.27.H", "mode": "bus", "line_name": "401"}, {"line_id": "92-401-j24-1", "route_id": "66.TA.92-401-j24-1.28.H", "mode": "bus", "line_name": "401"}, {"line_id": "92-412-A-j24-1", "route_id": "26.TA.92-412-A-j24-1.5.H", "mode": "bus", "line_name": "412"}, {"line_id": "92-401-j24-1", "route_id": "75.TA.92-401-j24-1.29.H", "mode": "bus", "line_name": "401"}], "predominant_mode": "bus", "assigned_canton": "Uri", "modes_list": ["bus"]}, "geometry": {"type": "Point", "coordinates": [8.653211192193636, 46.817603711555364]}}, {"id": "8114", "type": "Feature", "properties": {"name": "Erstfeld, Reformierte Kirche", "lon": 8.650246743730388, "lat": 46.82395357167307, "stop_id": ["8587506.link:54606", "8587506.link:54607"], "lines": [{"line_id": "92-401-j24-1", "route_id": "158.TA.92-401-j24-1.39.R", "mode": "bus", "line_name": "401"}, {"line_id": "92-401-j24-1", "route_id": "168.TA.92-401-j24-1.40.R", "mode": "bus", "line_name": "401"}, {"line_id": "92-401-j24-1", "route_id": "131.TA.92-401-j24-1.35.R", "mode": "bus", "line_name": "401"}, {"line_id": "92-401-j24-1", "route_id": "126.TA.92-401-j24-1.34.R", "mode": "bus", "line_name": "401"}, {"line_id": "92-412-A-j24-1", "route_id": "46.TA.92-412-A-j24-1.6.R", "mode": "bus", "line_name": "412"}, {"line_id": "92-401-j24-1", "route_id": "145.TA.92-401-j24-1.37.R", "mode": "bus", "line_name": "401"}, {"line_id": "92-401-j24-1", "route_id": "149.TA.92-401-j24-1.38.R", "mode": "bus", "line_name": "401"}, {"line_id": "92-401-j24-1", "route_id": "127.TA.92-401-j24-1.35.R", "mode": "bus", "line_name": "401"}, {"line_id": "92-401-j24-1", "route_id": "144.TA.92-401-j24-1.36.R", "mode": "bus", "line_name": "401"}, {"line_id": "92-401-j24-1", "route_id": "87.TA.92-401-j24-1.30.R", "mode": "bus", "line_name": "401"}, {"line_id": "92-401-j24-1", "route_id": "66.TA.92-401-j24-1.28.H", "mode": "bus", "line_name": "401"}, {"line_id": "92-401-j24-1", "route_id": "40.TA.92-401-j24-1.26.H", "mode": "bus", "line_name": "401"}, {"line_id": "92-401-j24-1", "route_id": "75.TA.92-401-j24-1.29.H", "mode": "bus", "line_name": "401"}, {"line_id": "92-401-j24-1", "route_id": "41.TA.92-401-j24-1.26.H", "mode": "bus", "line_name": "401"}, {"line_id": "92-401-j24-1", "route_id": "51.TA.92-401-j24-1.27.H", "mode": "bus", "line_name": "401"}, {"line_id": "92-412-A-j24-1", "route_id": "26.TA.92-412-A-j24-1.5.H", "mode": "bus", "line_name": "412"}], "predominant_mode": "bus", "assigned_canton": "Uri", "modes_list": ["bus"]}, "geometry": {"type": "Point", "coordinates": [8.650246752393006, 46.823953581606204]}}, {"id": "8115", "type": "Feature", "properties": {"name": "Erstfeld, Unterdorf", "lon": 8.64866571380577, "lat": 46.82630768169825, "stop_id": ["8577385.link:54596", "8577385.link:54597"], "lines": [{"line_id": "92-401-j24-1", "route_id": "158.TA.92-401-j24-1.39.R", "mode": "bus", "line_name": "401"}, {"line_id": "92-401-j24-1", "route_id": "168.TA.92-401-j24-1.40.R", "mode": "bus", "line_name": "401"}, {"line_id": "92-401-j24-1", "route_id": "131.TA.92-401-j24-1.35.R", "mode": "bus", "line_name": "401"}, {"line_id": "92-401-j24-1", "route_id": "126.TA.92-401-j24-1.34.R", "mode": "bus", "line_name": "401"}, {"line_id": "92-412-A-j24-1", "route_id": "46.TA.92-412-A-j24-1.6.R", "mode": "bus", "line_name": "412"}, {"line_id": "92-401-j24-1", "route_id": "145.TA.92-401-j24-1.37.R", "mode": "bus", "line_name": "401"}, {"line_id": "92-401-j24-1", "route_id": "149.TA.92-401-j24-1.38.R", "mode": "bus", "line_name": "401"}, {"line_id": "92-401-j24-1", "route_id": "127.TA.92-401-j24-1.35.R", "mode": "bus", "line_name": "401"}, {"line_id": "92-401-j24-1", "route_id": "144.TA.92-401-j24-1.36.R", "mode": "bus", "line_name": "401"}, {"line_id": "92-401-j24-1", "route_id": "87.TA.92-401-j24-1.30.R", "mode": "bus", "line_name": "401"}, {"line_id": "92-401-j24-1", "route_id": "66.TA.92-401-j24-1.28.H", "mode": "bus", "line_name": "401"}, {"line_id": "92-401-j24-1", "route_id": "40.TA.92-401-j24-1.26.H", "mode": "bus", "line_name": "401"}, {"line_id": "92-401-j24-1", "route_id": "75.TA.92-401-j24-1.29.H", "mode": "bus", "line_name": "401"}, {"line_id": "92-401-j24-1", "route_id": "41.TA.92-401-j24-1.26.H", "mode": "bus", "line_name": "401"}, {"line_id": "92-401-j24-1", "route_id": "51.TA.92-401-j24-1.27.H", "mode": "bus", "line_name": "401"}, {"line_id": "92-412-A-j24-1", "route_id": "26.TA.92-412-A-j24-1.5.H", "mode": "bus", "line_name": "412"}], "predominant_mode": "bus", "assigned_canton": "Uri", "modes_list": ["bus"]}, "geometry": {"type": "Point", "coordinates": [8.648665722466156, 46.826307691632785]}}, {"id": "8763", "type": "Feature", "properties": {"name": "Fl\u00fcelen", "lon": 8.624474081262942, "lat": 46.90240897708797, "stop_id": ["8505112:0:1.link:453378", "8505112:0:1.link:453379", "8505112:0:2.link:453387", "8505112:0:3.link:533775"], "lines": [{"line_id": "91-8I-Y-j24-1", "route_id": "10.TA.91-8I-Y-j24-1.2.R", "mode": "rail", "line_name": "PE"}, {"line_id": "91-8I-Y-j24-1", "route_id": "3.TA.91-8I-Y-j24-1.9.H", "mode": "rail", "line_name": "PE"}, {"line_id": "91-26-C-j24-1", "route_id": "274.TA.91-26-C-j24-1.475.H", "mode": "rail", "line_name": "IR26"}, {"line_id": "91-46-j24-1", "route_id": "277.TA.91-46-j24-1.131.R", "mode": "rail", "line_name": "IR46"}, {"line_id": "91-46-j24-1", "route_id": "271.TA.91-46-j24-1.415.R", "mode": "rail", "line_name": "IR46"}, {"line_id": "91-46-j24-1", "route_id": "187.TA.91-46-j24-1.409.R", "mode": "rail", "line_name": "IR46"}, {"line_id": "91-2-C-j24-1", "route_id": "180.TA.91-2-C-j24-1.60.R", "mode": "rail", "line_name": "S2"}, {"line_id": "91-2-C-j24-1", "route_id": "191.TA.91-2-C-j24-1.90.R", "mode": "rail", "line_name": "S2"}, {"line_id": "91-26-C-j24-1", "route_id": "384.TA.91-26-C-j24-1.745.H", "mode": "rail", "line_name": "IR26"}, {"line_id": "91-46-j24-1", "route_id": "296.TA.91-46-j24-1.419.R", "mode": "rail", "line_name": "IR46"}, {"line_id": "91-46-j24-1", "route_id": "274.TA.91-46-j24-1.416.R", "mode": "rail", "line_name": "IR46"}, {"line_id": "91-46-j24-1", "route_id": "301.TA.91-46-j24-1.421.R", "mode": "rail", "line_name": "IR46"}, {"line_id": "91-26-C-j24-1", "route_id": "96.TA.91-26-C-j24-1.717.H", "mode": "rail", "line_name": "IR26"}, {"line_id": "91-26-C-j24-1", "route_id": "63.TA.91-26-C-j24-1.715.H", "mode": "rail", "line_name": "IR26"}, {"line_id": "91-26-C-j24-1", "route_id": "295.TA.91-26-C-j24-1.736.H", "mode": "rail", "line_name": "IR26"}, {"line_id": "91-26-C-j24-1", "route_id": "291.TA.91-26-C-j24-1.735.H", "mode": "rail", "line_name": "IR26"}, {"line_id": "91-26-C-j24-1", "route_id": "179.TA.91-26-C-j24-1.719.H", "mode": "rail", "line_name": "IR26"}, {"line_id": "91-46-j24-1", "route_id": "165.TA.91-46-j24-1.405.R", "mode": "rail", "line_name": "IR46"}, {"line_id": "91-26-C-j24-1", "route_id": "267.TA.91-26-C-j24-1.732.H", "mode": "rail", "line_name": "IR26"}, {"line_id": "91-26-C-j24-1", "route_id": "782.TA.91-26-C-j24-1.776.R", "mode": "rail", "line_name": "IR26"}, {"line_id": "91-26-C-j24-1", "route_id": "613.TA.91-26-C-j24-1.771.R", "mode": "rail", "line_name": "IR26"}, {"line_id": "91-26-C-j24-1", "route_id": "578.TA.91-26-C-j24-1.768.R", "mode": "rail", "line_name": "IR26"}, {"line_id": "91-2-C-j24-1", "route_id": "98.TA.91-2-C-j24-1.88.H", "mode": "rail", "line_name": "S2"}, {"line_id": "91-46-j24-1", "route_id": "140.TA.91-46-j24-1.402.H", "mode": "rail", "line_name": "IR46"}, {"line_id": "91-46-j24-1", "route_id": "38.TA.91-46-j24-1.30.H", "mode": "rail", "line_name": "IR46"}, {"line_id": "91-46-j24-1", "route_id": "103.TA.91-46-j24-1.247.H", "mode": "rail", "line_name": "IR46"}, {"line_id": "91-2-C-j24-1", "route_id": "36.TA.91-2-C-j24-1.13.H", "mode": "rail", "line_name": "S2"}, {"line_id": "91-26-C-j24-1", "route_id": "725.TA.91-26-C-j24-1.773.R", "mode": "rail", "line_name": "IR26"}, {"line_id": "91-46-j24-1", "route_id": "13.TA.91-46-j24-1.173.H", "mode": "rail", "line_name": "IR46"}, {"line_id": "91-46-j24-1", "route_id": "42.TA.91-46-j24-1.34.H", "mode": "rail", "line_name": "IR46"}, {"line_id": "91-46-j24-1", "route_id": "87.TA.91-46-j24-1.257.H", "mode": "rail", "line_name": "IR46"}, {"line_id": "91-26-C-j24-1", "route_id": "752.TA.91-26-C-j24-1.824.R", "mode": "rail", "line_name": "IR26"}, {"line_id": "91-26-C-j24-1", "route_id": "703.TA.91-26-C-j24-1.772.R", "mode": "rail", "line_name": "IR26"}, {"line_id": "91-2-C-j24-1", "route_id": "86.TA.91-2-C-j24-1.35.H", "mode": "rail", "line_name": "S2"}, {"line_id": "91-46-j24-1", "route_id": "119.TA.91-46-j24-1.401.H", "mode": "rail", "line_name": "IR46"}, {"line_id": "91-26-C-j24-1", "route_id": "744.TA.91-26-C-j24-1.774.R", "mode": "rail", "line_name": "IR26"}, {"line_id": "91-3-H-j24-1", "route_id": "389.TA.91-3-H-j24-1.534.H", "mode": "rail", "line_name": "S3"}], "predominant_mode": "rail", "assigned_canton": "Uri", "modes_list": ["rail"]}, "geometry": {"type": "Point", "coordinates": [8.624474089877596, 46.90240898705946]}}, {"id": "8764", "type": "Feature", "properties": {"name": "Fl\u00fcelen (See)", "lon": 8.623926106271908, "lat": 46.90269591209661, "stop_id": ["8508476.link:pt_8508476"], "lines": [{"line_id": "94-360-0-j24-1", "route_id": "18.TA.94-360-0-j24-1.13.H", "mode": "ferry", "line_name": "3600"}, {"line_id": "94-360-0-j24-1", "route_id": "88.TA.94-360-0-j24-1.39.R", "mode": "ferry", "line_name": "3600"}, {"line_id": "94-360-0-j24-1", "route_id": "104.TA.94-360-0-j24-1.43.R", "mode": "ferry", "line_name": "3600"}, {"line_id": "94-360-0-j24-1", "route_id": "98.TA.94-360-0-j24-1.42.R", "mode": "ferry", "line_name": "3600"}, {"line_id": "94-360-0-j24-1", "route_id": "112.TA.94-360-0-j24-1.44.R", "mode": "ferry", "line_name": "3600"}, {"line_id": "94-360-0-j24-1", "route_id": "40.TA.94-360-0-j24-1.22.H", "mode": "ferry", "line_name": "3600"}, {"line_id": "94-360-0-j24-1", "route_id": "46.TA.94-360-0-j24-1.23.H", "mode": "ferry", "line_name": "3600"}, {"line_id": "94-360-0-j24-1", "route_id": "55.TA.94-360-0-j24-1.24.H", "mode": "ferry", "line_name": "3600"}], "predominant_mode": "ferry", "assigned_canton": "Uri", "modes_list": ["ferry"]}, "geometry": {"type": "Point", "coordinates": [8.623926114885936, 46.90269592206837]}}, {"id": "8765", "type": "Feature", "properties": {"name": "Fl\u00fcelen (Talstation Eggberge)", "lon": 8.627564285974525, "lat": 46.89348252203843, "stop_id": ["8530418.link:pt_8530418"], "lines": [{"line_id": "93-8J-Y-j24-1", "route_id": "25.TA.93-8J-Y-j24-1.1.H", "mode": "cable car", "line_name": "PB"}, {"line_id": "93-8J-Y-j24-1", "route_id": "50.TA.93-8J-Y-j24-1.2.R", "mode": "cable car", "line_name": "PB"}], "predominant_mode": "cable car", "assigned_canton": "Uri", "modes_list": ["cable car"]}, "geometry": {"type": "Point", "coordinates": [8.627564294594801, 46.89348253200556]}}, {"id": "8766", "type": "Feature", "properties": {"name": "Fl\u00fcelen, Altersheim", "lon": 8.622964916524953, "lat": 46.91049015211265, "stop_id": ["8577370.link:1261528", "8577370.link:1261529"], "lines": [{"line_id": "92-401-j24-1", "route_id": "158.TA.92-401-j24-1.39.R", "mode": "bus", "line_name": "401"}, {"line_id": "92-401-j24-1", "route_id": "168.TA.92-401-j24-1.40.R", "mode": "bus", "line_name": "401"}, {"line_id": "92-401-j24-1", "route_id": "131.TA.92-401-j24-1.35.R", "mode": "bus", "line_name": "401"}, {"line_id": "92-401-j24-1", "route_id": "126.TA.92-401-j24-1.34.R", "mode": "bus", "line_name": "401"}, {"line_id": "92-401-j24-1", "route_id": "127.TA.92-401-j24-1.35.R", "mode": "bus", "line_name": "401"}, {"line_id": "92-401-j24-1", "route_id": "90.TA.92-401-j24-1.32.R", "mode": "bus", "line_name": "401"}, {"line_id": "92-413-j24-1", "route_id": "29.TA.92-413-j24-1.4.R", "mode": "bus", "line_name": "413"}, {"line_id": "92-401-j24-1", "route_id": "144.TA.92-401-j24-1.36.R", "mode": "bus", "line_name": "401"}, {"line_id": "92-401-j24-1", "route_id": "92.TA.92-401-j24-1.32.R", "mode": "bus", "line_name": "401"}, {"line_id": "92-401-j24-1", "route_id": "23.TA.92-401-j24-1.23.H", "mode": "bus", "line_name": "401"}, {"line_id": "92-401-j24-1", "route_id": "40.TA.92-401-j24-1.26.H", "mode": "bus", "line_name": "401"}, {"line_id": "92-401-j24-1", "route_id": "75.TA.92-401-j24-1.29.H", "mode": "bus", "line_name": "401"}, {"line_id": "92-401-j24-1", "route_id": "41.TA.92-401-j24-1.26.H", "mode": "bus", "line_name": "401"}, {"line_id": "92-413-j24-1", "route_id": "15.TA.92-413-j24-1.3.H", "mode": "bus", "line_name": "413"}, {"line_id": "92-401-j24-1", "route_id": "26.TA.92-401-j24-1.23.H", "mode": "bus", "line_name": "401"}, {"line_id": "92-401-j24-1", "route_id": "51.TA.92-401-j24-1.27.H", "mode": "bus", "line_name": "401"}], "predominant_mode": "bus", "assigned_canton": "Uri", "modes_list": ["bus"]}, "geometry": {"type": "Point", "coordinates": [8.62296492513578, 46.910490162087726]}}, {"id": "8767", "type": "Feature", "properties": {"name": "Fl\u00fcelen, Eggberge Talstation", "lon": 8.627258855950375, "lat": 46.89274587204309, "stop_id": ["8573114.link:836612", "8573114.link:836613"], "lines": [{"line_id": "92-401-j24-1", "route_id": "158.TA.92-401-j24-1.39.R", "mode": "bus", "line_name": "401"}, {"line_id": "92-401-j24-1", "route_id": "168.TA.92-401-j24-1.40.R", "mode": "bus", "line_name": "401"}, {"line_id": "92-401-j24-1", "route_id": "131.TA.92-401-j24-1.35.R", "mode": "bus", "line_name": "401"}, {"line_id": "92-401-j24-1", "route_id": "126.TA.92-401-j24-1.34.R", "mode": "bus", "line_name": "401"}, {"line_id": "92-401-j24-1", "route_id": "149.TA.92-401-j24-1.38.R", "mode": "bus", "line_name": "401"}, {"line_id": "92-401-j24-1", "route_id": "127.TA.92-401-j24-1.35.R", "mode": "bus", "line_name": "401"}, {"line_id": "92-401-j24-1", "route_id": "90.TA.92-401-j24-1.32.R", "mode": "bus", "line_name": "401"}, {"line_id": "92-413-j24-1", "route_id": "29.TA.92-413-j24-1.4.R", "mode": "bus", "line_name": "413"}, {"line_id": "92-401-j24-1", "route_id": "144.TA.92-401-j24-1.36.R", "mode": "bus", "line_name": "401"}, {"line_id": "92-401-j24-1", "route_id": "88.TA.92-401-j24-1.31.R", "mode": "bus", "line_name": "401"}, {"line_id": "92-401-j24-1", "route_id": "92.TA.92-401-j24-1.32.R", "mode": "bus", "line_name": "401"}, {"line_id": "92-401-j24-1", "route_id": "23.TA.92-401-j24-1.23.H", "mode": "bus", "line_name": "401"}, {"line_id": "92-401-j24-1", "route_id": "40.TA.92-401-j24-1.26.H", "mode": "bus", "line_name": "401"}, {"line_id": "92-401-j24-1", "route_id": "75.TA.92-401-j24-1.29.H", "mode": "bus", "line_name": "401"}, {"line_id": "92-401-j24-1", "route_id": "41.TA.92-401-j24-1.26.H", "mode": "bus", "line_name": "401"}, {"line_id": "92-413-j24-1", "route_id": "15.TA.92-413-j24-1.3.H", "mode": "bus", "line_name": "413"}, {"line_id": "92-401-j24-1", "route_id": "2.TA.92-401-j24-1.22.H", "mode": "bus", "line_name": "401"}, {"line_id": "92-401-j24-1", "route_id": "26.TA.92-401-j24-1.23.H", "mode": "bus", "line_name": "401"}, {"line_id": "92-401-j24-1", "route_id": "51.TA.92-401-j24-1.27.H", "mode": "bus", "line_name": "401"}], "predominant_mode": "bus", "assigned_canton": "Uri", "modes_list": ["bus"]}, "geometry": {"type": "Point", "coordinates": [8.627258864570557, 46.89274588200999]}}, {"id": "8768", "type": "Feature", "properties": {"name": "Fl\u00fcelen, Gruonbach", "lon": 8.624977136685645, "lat": 46.91538706208159, "stop_id": ["8577369.link:1837005", "8577369.link:1837006"], "lines": [{"line_id": "92-401-j24-1", "route_id": "158.TA.92-401-j24-1.39.R", "mode": "bus", "line_name": "401"}, {"line_id": "92-401-j24-1", "route_id": "168.TA.92-401-j24-1.40.R", "mode": "bus", "line_name": "401"}, {"line_id": "92-401-j24-1", "route_id": "131.TA.92-401-j24-1.35.R", "mode": "bus", "line_name": "401"}, {"line_id": "92-401-j24-1", "route_id": "126.TA.92-401-j24-1.34.R", "mode": "bus", "line_name": "401"}, {"line_id": "92-401-j24-1", "route_id": "127.TA.92-401-j24-1.35.R", "mode": "bus", "line_name": "401"}, {"line_id": "92-401-j24-1", "route_id": "90.TA.92-401-j24-1.32.R", "mode": "bus", "line_name": "401"}, {"line_id": "92-413-j24-1", "route_id": "29.TA.92-413-j24-1.4.R", "mode": "bus", "line_name": "413"}, {"line_id": "92-401-j24-1", "route_id": "144.TA.92-401-j24-1.36.R", "mode": "bus", "line_name": "401"}, {"line_id": "92-401-j24-1", "route_id": "92.TA.92-401-j24-1.32.R", "mode": "bus", "line_name": "401"}, {"line_id": "92-401-j24-1", "route_id": "23.TA.92-401-j24-1.23.H", "mode": "bus", "line_name": "401"}, {"line_id": "92-401-j24-1", "route_id": "40.TA.92-401-j24-1.26.H", "mode": "bus", "line_name": "401"}, {"line_id": "92-401-j24-1", "route_id": "75.TA.92-401-j24-1.29.H", "mode": "bus", "line_name": "401"}, {"line_id": "92-401-j24-1", "route_id": "41.TA.92-401-j24-1.26.H", "mode": "bus", "line_name": "401"}, {"line_id": "92-413-j24-1", "route_id": "15.TA.92-413-j24-1.3.H", "mode": "bus", "line_name": "413"}, {"line_id": "92-401-j24-1", "route_id": "26.TA.92-401-j24-1.23.H", "mode": "bus", "line_name": "401"}, {"line_id": "92-401-j24-1", "route_id": "51.TA.92-401-j24-1.27.H", "mode": "bus", "line_name": "401"}], "predominant_mode": "bus", "assigned_canton": "Uri", "modes_list": ["bus"]}, "geometry": {"type": "Point", "coordinates": [8.624977145297034, 46.91538707205799]}}, {"id": "8769", "type": "Feature", "properties": {"name": "Fl\u00fcelen, Hauptplatz", "lon": 8.625004086263623, "lat": 46.902419722079685, "stop_id": ["8577371.link:1765778", "8577371.link:1765779"], "lines": [{"line_id": "92-401-j24-1", "route_id": "158.TA.92-401-j24-1.39.R", "mode": "bus", "line_name": "401"}, {"line_id": "92-401-j24-1", "route_id": "168.TA.92-401-j24-1.40.R", "mode": "bus", "line_name": "401"}, {"line_id": "92-401-j24-1", "route_id": "131.TA.92-401-j24-1.35.R", "mode": "bus", "line_name": "401"}, {"line_id": "92-401-j24-1", "route_id": "126.TA.92-401-j24-1.34.R", "mode": "bus", "line_name": "401"}, {"line_id": "92-401-j24-1", "route_id": "149.TA.92-401-j24-1.38.R", "mode": "bus", "line_name": "401"}, {"line_id": "92-401-j24-1", "route_id": "127.TA.92-401-j24-1.35.R", "mode": "bus", "line_name": "401"}, {"line_id": "92-401-j24-1", "route_id": "90.TA.92-401-j24-1.32.R", "mode": "bus", "line_name": "401"}, {"line_id": "92-413-j24-1", "route_id": "29.TA.92-413-j24-1.4.R", "mode": "bus", "line_name": "413"}, {"line_id": "92-401-j24-1", "route_id": "144.TA.92-401-j24-1.36.R", "mode": "bus", "line_name": "401"}, {"line_id": "92-401-j24-1", "route_id": "88.TA.92-401-j24-1.31.R", "mode": "bus", "line_name": "401"}, {"line_id": "92-401-j24-1", "route_id": "92.TA.92-401-j24-1.32.R", "mode": "bus", "line_name": "401"}, {"line_id": "92-401-j24-1", "route_id": "23.TA.92-401-j24-1.23.H", "mode": "bus", "line_name": "401"}, {"line_id": "92-401-j24-1", "route_id": "40.TA.92-401-j24-1.26.H", "mode": "bus", "line_name": "401"}, {"line_id": "92-401-j24-1", "route_id": "75.TA.92-401-j24-1.29.H", "mode": "bus", "line_name": "401"}, {"line_id": "92-401-j24-1", "route_id": "41.TA.92-401-j24-1.26.H", "mode": "bus", "line_name": "401"}, {"line_id": "92-413-j24-1", "route_id": "15.TA.92-413-j24-1.3.H", "mode": "bus", "line_name": "413"}, {"line_id": "92-401-j24-1", "route_id": "2.TA.92-401-j24-1.22.H", "mode": "bus", "line_name": "401"}, {"line_id": "92-401-j24-1", "route_id": "26.TA.92-401-j24-1.23.H", "mode": "bus", "line_name": "401"}, {"line_id": "92-401-j24-1", "route_id": "51.TA.92-401-j24-1.27.H", "mode": "bus", "line_name": "401"}], "predominant_mode": "bus", "assigned_canton": "Uri", "modes_list": ["bus"]}, "geometry": {"type": "Point", "coordinates": [8.625004094878792, 46.902419732051015]}}, {"id": "8770", "type": "Feature", "properties": {"name": "Fl\u00fcelen, Matte", "lon": 8.624995106425585, "lat": 46.9073971420804, "stop_id": ["8591900.link:1653557"], "lines": [{"line_id": "92-401-j24-1", "route_id": "23.TA.92-401-j24-1.23.H", "mode": "bus", "line_name": "401"}, {"line_id": "92-401-j24-1", "route_id": "40.TA.92-401-j24-1.26.H", "mode": "bus", "line_name": "401"}, {"line_id": "92-401-j24-1", "route_id": "75.TA.92-401-j24-1.29.H", "mode": "bus", "line_name": "401"}, {"line_id": "92-401-j24-1", "route_id": "41.TA.92-401-j24-1.26.H", "mode": "bus", "line_name": "401"}, {"line_id": "92-413-j24-1", "route_id": "15.TA.92-413-j24-1.3.H", "mode": "bus", "line_name": "413"}, {"line_id": "92-401-j24-1", "route_id": "26.TA.92-401-j24-1.23.H", "mode": "bus", "line_name": "401"}, {"line_id": "92-401-j24-1", "route_id": "51.TA.92-401-j24-1.27.H", "mode": "bus", "line_name": "401"}], "predominant_mode": "bus", "assigned_canton": "Uri", "modes_list": ["bus"]}, "geometry": {"type": "Point", "coordinates": [8.624995115039303, 46.90739715205369]}}, {"id": "8771", "type": "Feature", "properties": {"name": "Fl\u00fcelen, Reider", "lon": 8.62521968612358, "lat": 46.89811089207578, "stop_id": ["8577372.link:1060039", "8577372.link:1060040"], "lines": [{"line_id": "92-401-j24-1", "route_id": "158.TA.92-401-j24-1.39.R", "mode": "bus", "line_name": "401"}, {"line_id": "92-401-j24-1", "route_id": "168.TA.92-401-j24-1.40.R", "mode": "bus", "line_name": "401"}, {"line_id": "92-401-j24-1", "route_id": "131.TA.92-401-j24-1.35.R", "mode": "bus", "line_name": "401"}, {"line_id": "92-401-j24-1", "route_id": "126.TA.92-401-j24-1.34.R", "mode": "bus", "line_name": "401"}, {"line_id": "92-401-j24-1", "route_id": "149.TA.92-401-j24-1.38.R", "mode": "bus", "line_name": "401"}, {"line_id": "92-401-j24-1", "route_id": "127.TA.92-401-j24-1.35.R", "mode": "bus", "line_name": "401"}, {"line_id": "92-401-j24-1", "route_id": "90.TA.92-401-j24-1.32.R", "mode": "bus", "line_name": "401"}, {"line_id": "92-413-j24-1", "route_id": "29.TA.92-413-j24-1.4.R", "mode": "bus", "line_name": "413"}, {"line_id": "92-401-j24-1", "route_id": "144.TA.92-401-j24-1.36.R", "mode": "bus", "line_name": "401"}, {"line_id": "92-401-j24-1", "route_id": "88.TA.92-401-j24-1.31.R", "mode": "bus", "line_name": "401"}, {"line_id": "92-401-j24-1", "route_id": "92.TA.92-401-j24-1.32.R", "mode": "bus", "line_name": "401"}, {"line_id": "92-401-j24-1", "route_id": "23.TA.92-401-j24-1.23.H", "mode": "bus", "line_name": "401"}, {"line_id": "92-401-j24-1", "route_id": "40.TA.92-401-j24-1.26.H", "mode": "bus", "line_name": "401"}, {"line_id": "92-401-j24-1", "route_id": "75.TA.92-401-j24-1.29.H", "mode": "bus", "line_name": "401"}, {"line_id": "92-401-j24-1", "route_id": "41.TA.92-401-j24-1.26.H", "mode": "bus", "line_name": "401"}, {"line_id": "92-413-j24-1", "route_id": "15.TA.92-413-j24-1.3.H", "mode": "bus", "line_name": "413"}, {"line_id": "92-401-j24-1", "route_id": "2.TA.92-401-j24-1.22.H", "mode": "bus", "line_name": "401"}, {"line_id": "92-401-j24-1", "route_id": "26.TA.92-401-j24-1.23.H", "mode": "bus", "line_name": "401"}, {"line_id": "92-401-j24-1", "route_id": "51.TA.92-401-j24-1.27.H", "mode": "bus", "line_name": "401"}], "predominant_mode": "bus", "assigned_canton": "Uri", "modes_list": ["bus"]}, "geometry": {"type": "Point", "coordinates": [8.625219694740206, 46.89811090204536]}}, {"id": "8772", "type": "Feature", "properties": {"name": "Fl\u00fcelen, Usserdorf", "lon": 8.623387116628287, "lat": 46.913656622106366, "stop_id": ["8591901.link:1297026", "8591901.link:1297027"], "lines": [{"line_id": "92-401-j24-1", "route_id": "158.TA.92-401-j24-1.39.R", "mode": "bus", "line_name": "401"}, {"line_id": "92-401-j24-1", "route_id": "168.TA.92-401-j24-1.40.R", "mode": "bus", "line_name": "401"}, {"line_id": "92-401-j24-1", "route_id": "131.TA.92-401-j24-1.35.R", "mode": "bus", "line_name": "401"}, {"line_id": "92-401-j24-1", "route_id": "126.TA.92-401-j24-1.34.R", "mode": "bus", "line_name": "401"}, {"line_id": "92-401-j24-1", "route_id": "127.TA.92-401-j24-1.35.R", "mode": "bus", "line_name": "401"}, {"line_id": "92-401-j24-1", "route_id": "90.TA.92-401-j24-1.32.R", "mode": "bus", "line_name": "401"}, {"line_id": "92-413-j24-1", "route_id": "29.TA.92-413-j24-1.4.R", "mode": "bus", "line_name": "413"}, {"line_id": "92-401-j24-1", "route_id": "144.TA.92-401-j24-1.36.R", "mode": "bus", "line_name": "401"}, {"line_id": "92-401-j24-1", "route_id": "92.TA.92-401-j24-1.32.R", "mode": "bus", "line_name": "401"}, {"line_id": "92-401-j24-1", "route_id": "23.TA.92-401-j24-1.23.H", "mode": "bus", "line_name": "401"}, {"line_id": "92-401-j24-1", "route_id": "40.TA.92-401-j24-1.26.H", "mode": "bus", "line_name": "401"}, {"line_id": "92-401-j24-1", "route_id": "75.TA.92-401-j24-1.29.H", "mode": "bus", "line_name": "401"}, {"line_id": "92-401-j24-1", "route_id": "41.TA.92-401-j24-1.26.H", "mode": "bus", "line_name": "401"}, {"line_id": "92-413-j24-1", "route_id": "15.TA.92-413-j24-1.3.H", "mode": "bus", "line_name": "413"}, {"line_id": "92-401-j24-1", "route_id": "26.TA.92-401-j24-1.23.H", "mode": "bus", "line_name": "401"}, {"line_id": "92-401-j24-1", "route_id": "51.TA.92-401-j24-1.27.H", "mode": "bus", "line_name": "401"}], "predominant_mode": "bus", "assigned_canton": "Uri", "modes_list": ["bus"]}, "geometry": {"type": "Point", "coordinates": [8.62338712523861, 46.913656632082514]}}, {"id": "9254", "type": "Feature", "properties": {"name": "Furka DFB", "lon": 8.428461675575013, "lat": 46.57620987511204, "stop_id": ["8530614.link:352037", "8530614.link:352038"], "lines": [{"line_id": "93-1-j24-1", "route_id": "7.TA.93-1-j24-1.12.R", "mode": "rail", "line_name": "1"}, {"line_id": "93-1-j24-1", "route_id": "6.TA.93-1-j24-1.12.R", "mode": "rail", "line_name": "1"}, {"line_id": "93-1-j24-1", "route_id": "8.TA.93-1-j24-1.12.R", "mode": "rail", "line_name": "1"}, {"line_id": "93-1-j24-1", "route_id": "2.TA.93-1-j24-1.10.H", "mode": "rail", "line_name": "1"}, {"line_id": "93-1-j24-1", "route_id": "4.TA.93-1-j24-1.10.H", "mode": "rail", "line_name": "1"}], "predominant_mode": "rail", "assigned_canton": "Uri", "modes_list": ["rail"]}, "geometry": {"type": "Point", "coordinates": [8.428461684084647, 46.576209885003635]}}, {"id": "9255", "type": "Feature", "properties": {"name": "Furka Passh\u00f6he", "lon": 8.415139665453614, "lat": 46.57273946532044, "stop_id": ["8505899.link:1577400", "8505899.link:1577401"], "lines": [{"line_id": "96-934-j24-1", "route_id": "4.TA.96-934-j24-1.9.H", "mode": "bus", "line_name": "681"}, {"line_id": "96-934-j24-1", "route_id": "2.TA.96-934-j24-1.2.H", "mode": "bus", "line_name": "681"}, {"line_id": "96-934-j24-1", "route_id": "3.TA.96-934-j24-1.8.H", "mode": "bus", "line_name": "681"}, {"line_id": "96-934-j24-1", "route_id": "7.TA.96-934-j24-1.11.R", "mode": "bus", "line_name": "681"}, {"line_id": "96-934-j24-1", "route_id": "5.TA.96-934-j24-1.5.R", "mode": "bus", "line_name": "681"}, {"line_id": "96-934-j24-1", "route_id": "6.TA.96-934-j24-1.10.R", "mode": "bus", "line_name": "681"}], "predominant_mode": "bus", "assigned_canton": "Uri", "modes_list": ["bus"]}, "geometry": {"type": "Point", "coordinates": [8.415139673950689, 46.572739475214206]}}, {"id": "9256", "type": "Feature", "properties": {"name": "Furkapass, Furkablick", "lon": 8.421481765570897, "lat": 46.57624075522163, "stop_id": ["8505759.link:1577390", "8505759.link:1577391"], "lines": [{"line_id": "96-934-j24-1", "route_id": "4.TA.96-934-j24-1.9.H", "mode": "bus", "line_name": "681"}, {"line_id": "96-934-j24-1", "route_id": "3.TA.96-934-j24-1.8.H", "mode": "bus", "line_name": "681"}, {"line_id": "96-934-j24-1", "route_id": "7.TA.96-934-j24-1.11.R", "mode": "bus", "line_name": "681"}, {"line_id": "96-934-j24-1", "route_id": "6.TA.96-934-j24-1.10.R", "mode": "bus", "line_name": "681"}], "predominant_mode": "bus", "assigned_canton": "Uri", "modes_list": ["bus"]}, "geometry": {"type": "Point", "coordinates": [8.421481774073467, 46.576240765115195]}}, {"id": "9279", "type": "Feature", "properties": {"name": "F\u00e4rnigen", "lon": 8.52783332077531, "lat": 46.735239603582016, "stop_id": ["8508723.link:1372189", "8508723.link:1372190"], "lines": [{"line_id": "96-931-j24-1", "route_id": "4.TA.96-931-j24-1.12.H", "mode": "bus", "line_name": "162"}, {"line_id": "96-931-j24-1", "route_id": "1.TA.96-931-j24-1.11.H", "mode": "bus", "line_name": "162"}, {"line_id": "96-931-j24-1", "route_id": "8.TA.96-931-j24-1.14.R", "mode": "bus", "line_name": "162"}, {"line_id": "96-931-j24-1", "route_id": "5.TA.96-931-j24-1.13.R", "mode": "bus", "line_name": "162"}], "predominant_mode": "bus", "assigned_canton": "Uri", "modes_list": ["bus"]}, "geometry": {"type": "Point", "coordinates": [8.52783332934156, 46.73523961351374]}}, {"id": "9356", "type": "Feature", "properties": {"name": "Galenstock (Furka)", "lon": 8.47963869604181, "lat": 46.589570764311425, "stop_id": ["8505760.link:1065134", "8505760.link:1065135"], "lines": [{"line_id": "96-934-j24-1", "route_id": "4.TA.96-934-j24-1.9.H", "mode": "bus", "line_name": "681"}, {"line_id": "96-934-j24-1", "route_id": "3.TA.96-934-j24-1.8.H", "mode": "bus", "line_name": "681"}, {"line_id": "96-934-j24-1", "route_id": "7.TA.96-934-j24-1.11.R", "mode": "bus", "line_name": "681"}, {"line_id": "96-934-j24-1", "route_id": "6.TA.96-934-j24-1.10.R", "mode": "bus", "line_name": "681"}], "predominant_mode": "bus", "assigned_canton": "Uri", "modes_list": ["bus"]}, "geometry": {"type": "Point", "coordinates": [8.47963870459952, 46.589570774194726]}}, {"id": "9822", "type": "Feature", "properties": {"name": "Gitschenen", "lon": 8.50046165610892, "lat": 46.9002162540354, "stop_id": ["8530759.link:pt_8530759"], "lines": [{"line_id": "93-6I-Y-j24-1", "route_id": "10.TA.93-6I-Y-j24-1.1.H", "mode": "cable car", "line_name": "PB"}, {"line_id": "93-6I-Y-j24-1", "route_id": "109.TA.93-6I-Y-j24-1.2.R", "mode": "cable car", "line_name": "PB"}], "predominant_mode": "cable car", "assigned_canton": "Uri", "modes_list": ["cable car"]}, "geometry": {"type": "Point", "coordinates": [8.500461664601566, 46.90021626404127]}}, {"id": "10050", "type": "Feature", "properties": {"name": "Golzern (Bergstation)", "lon": 8.721348402186734, "lat": 46.77495473054907, "stop_id": ["8530427.link:pt_8530427"], "lines": [{"line_id": "93-6D-Y-j24-1", "route_id": "20.TA.93-6D-Y-j24-1.1.H", "mode": "cable car", "line_name": "PB"}, {"line_id": "93-6D-Y-j24-1", "route_id": "175.TA.93-6D-Y-j24-1.2.R", "mode": "cable car", "line_name": "PB"}], "predominant_mode": "cable car", "assigned_canton": "Uri", "modes_list": ["cable car"]}, "geometry": {"type": "Point", "coordinates": [8.721348410933318, 46.77495474044198]}}, {"id": "10825", "type": "Feature", "properties": {"name": "Gurtnellen Wiler, Gotthardstr.", "lon": 8.623283805601817, "lat": 46.727897137081825, "stop_id": ["8505122:0:A.link:1183933", "8505122:0:B.link:1183932"], "lines": [{"line_id": "92-401-j24-1", "route_id": "66.TA.92-401-j24-1.28.H", "mode": "bus", "line_name": "401"}, {"line_id": "92-401-j24-1", "route_id": "75.TA.92-401-j24-1.29.H", "mode": "bus", "line_name": "401"}, {"line_id": "92-401-j24-1", "route_id": "158.TA.92-401-j24-1.39.R", "mode": "bus", "line_name": "401"}, {"line_id": "92-401-j24-1", "route_id": "168.TA.92-401-j24-1.40.R", "mode": "bus", "line_name": "401"}, {"line_id": "92-401-j24-1", "route_id": "145.TA.92-401-j24-1.37.R", "mode": "bus", "line_name": "401"}, {"line_id": "92-401-j24-1", "route_id": "149.TA.92-401-j24-1.38.R", "mode": "bus", "line_name": "401"}], "predominant_mode": "bus", "assigned_canton": "Uri", "modes_list": ["bus"]}, "geometry": {"type": "Point", "coordinates": [8.623283814265031, 46.72789714698353]}}, {"id": "10826", "type": "Feature", "properties": {"name": "Gurtnellen, Fellital", "lon": 8.631220420808996, "lat": 46.7341436819582, "stop_id": ["8587428.link:130243", "8587428.link:130244"], "lines": [{"line_id": "92-401-j24-1", "route_id": "158.TA.92-401-j24-1.39.R", "mode": "bus", "line_name": "401"}, {"line_id": "92-401-j24-1", "route_id": "168.TA.92-401-j24-1.40.R", "mode": "bus", "line_name": "401"}, {"line_id": "92-401-j24-1", "route_id": "145.TA.92-401-j24-1.37.R", "mode": "bus", "line_name": "401"}, {"line_id": "92-401-j24-1", "route_id": "149.TA.92-401-j24-1.38.R", "mode": "bus", "line_name": "401"}, {"line_id": "92-401-j24-1", "route_id": "66.TA.92-401-j24-1.28.H", "mode": "bus", "line_name": "401"}, {"line_id": "92-401-j24-1", "route_id": "75.TA.92-401-j24-1.29.H", "mode": "bus", "line_name": "401"}], "predominant_mode": "bus", "assigned_canton": "Uri", "modes_list": ["bus"]}, "geometry": {"type": "Point", "coordinates": [8.631220429478322, 46.73414369186023]}}, {"id": "10827", "type": "Feature", "properties": {"name": "Gurtnellen, Graggental", "lon": 8.643491411533091, "lat": 46.756279401769056, "stop_id": ["8587426.link:1734745", "8587426.link:1734746"], "lines": [{"line_id": "92-401-j24-1", "route_id": "158.TA.92-401-j24-1.39.R", "mode": "bus", "line_name": "401"}, {"line_id": "92-401-j24-1", "route_id": "168.TA.92-401-j24-1.40.R", "mode": "bus", "line_name": "401"}, {"line_id": "92-401-j24-1", "route_id": "145.TA.92-401-j24-1.37.R", "mode": "bus", "line_name": "401"}, {"line_id": "92-401-j24-1", "route_id": "149.TA.92-401-j24-1.38.R", "mode": "bus", "line_name": "401"}, {"line_id": "92-401-j24-1", "route_id": "66.TA.92-401-j24-1.28.H", "mode": "bus", "line_name": "401"}, {"line_id": "92-401-j24-1", "route_id": "75.TA.92-401-j24-1.29.H", "mode": "bus", "line_name": "401"}], "predominant_mode": "bus", "assigned_canton": "Uri", "modes_list": ["bus"]}, "geometry": {"type": "Point", "coordinates": [8.643491420208306, 46.75627941167668]}}, {"id": "10828", "type": "Feature", "properties": {"name": "Gurtnellen, Meitschligen", "lon": 8.642691911323233, "lat": 46.749810751780615, "stop_id": ["8587427.link:1733318", "8587427.link:1733321"], "lines": [{"line_id": "92-401-j24-1", "route_id": "158.TA.92-401-j24-1.39.R", "mode": "bus", "line_name": "401"}, {"line_id": "92-401-j24-1", "route_id": "168.TA.92-401-j24-1.40.R", "mode": "bus", "line_name": "401"}, {"line_id": "92-401-j24-1", "route_id": "145.TA.92-401-j24-1.37.R", "mode": "bus", "line_name": "401"}, {"line_id": "92-401-j24-1", "route_id": "149.TA.92-401-j24-1.38.R", "mode": "bus", "line_name": "401"}, {"line_id": "92-401-j24-1", "route_id": "66.TA.92-401-j24-1.28.H", "mode": "bus", "line_name": "401"}, {"line_id": "92-401-j24-1", "route_id": "75.TA.92-401-j24-1.29.H", "mode": "bus", "line_name": "401"}], "predominant_mode": "bus", "assigned_canton": "Uri", "modes_list": ["bus"]}, "geometry": {"type": "Point", "coordinates": [8.642691919999486, 46.7498107616858]}}, {"id": "10829", "type": "Feature", "properties": {"name": "Gurtnellen, Sur\u00fcti", "lon": 8.614511760277454, "lat": 46.71804095221794, "stop_id": ["8587429.link:130221", "8587429.link:130222"], "lines": [{"line_id": "92-401-j24-1", "route_id": "158.TA.92-401-j24-1.39.R", "mode": "bus", "line_name": "401"}, {"line_id": "92-401-j24-1", "route_id": "168.TA.92-401-j24-1.40.R", "mode": "bus", "line_name": "401"}, {"line_id": "92-401-j24-1", "route_id": "145.TA.92-401-j24-1.37.R", "mode": "bus", "line_name": "401"}, {"line_id": "92-401-j24-1", "route_id": "149.TA.92-401-j24-1.38.R", "mode": "bus", "line_name": "401"}, {"line_id": "92-401-j24-1", "route_id": "66.TA.92-401-j24-1.28.H", "mode": "bus", "line_name": "401"}, {"line_id": "92-401-j24-1", "route_id": "75.TA.92-401-j24-1.29.H", "mode": "bus", "line_name": "401"}], "predominant_mode": "bus", "assigned_canton": "Uri", "modes_list": ["bus"]}, "geometry": {"type": "Point", "coordinates": [8.614511768934737, 46.71804096211806]}}, {"id": "10867", "type": "Feature", "properties": {"name": "Gw\u00fcest", "lon": 8.516478608097518, "lat": 46.65257686374557, "stop_id": ["8573112.link:1146145", "8573112.link:1146146"], "lines": [{"line_id": "92-411-B-j24-1", "route_id": "14.TA.92-411-B-j24-1.2.R", "mode": "bus", "line_name": "411"}, {"line_id": "92-411-B-j24-1", "route_id": "7.TA.92-411-B-j24-1.1.H", "mode": "bus", "line_name": "411"}], "predominant_mode": "bus", "assigned_canton": "Uri", "modes_list": ["bus"]}, "geometry": {"type": "Point", "coordinates": [8.516478616675162, 46.65257687364573]}}, {"id": "10895", "type": "Feature", "properties": {"name": "G\u00f6schenen", "lon": 8.589113391927617, "lat": 46.666440852607614, "stop_id": ["8505119:0:1.link:754076", "8505119:0:1.link:754077", "8505119:0:11.link:1360512", "8505119:0:11.link:1360513", "8505119:0:3.link:1146168", "8505119:0:3.link:1146169"], "lines": [{"line_id": "91-26-C-j24-1", "route_id": "274.TA.91-26-C-j24-1.475.H", "mode": "rail", "line_name": "IR26"}, {"line_id": "91-46-j24-1", "route_id": "277.TA.91-46-j24-1.131.R", "mode": "rail", "line_name": "IR46"}, {"line_id": "91-46-j24-1", "route_id": "271.TA.91-46-j24-1.415.R", "mode": "rail", "line_name": "IR46"}, {"line_id": "91-46-j24-1", "route_id": "187.TA.91-46-j24-1.409.R", "mode": "rail", "line_name": "IR46"}, {"line_id": "91-26-C-j24-1", "route_id": "384.TA.91-26-C-j24-1.745.H", "mode": "rail", "line_name": "IR26"}, {"line_id": "91-46-j24-1", "route_id": "274.TA.91-46-j24-1.416.R", "mode": "rail", "line_name": "IR46"}, {"line_id": "91-46-j24-1", "route_id": "296.TA.91-46-j24-1.419.R", "mode": "rail", "line_name": "IR46"}, {"line_id": "91-46-j24-1", "route_id": "301.TA.91-46-j24-1.421.R", "mode": "rail", "line_name": "IR46"}, {"line_id": "91-26-C-j24-1", "route_id": "96.TA.91-26-C-j24-1.717.H", "mode": "rail", "line_name": "IR26"}, {"line_id": "91-26-C-j24-1", "route_id": "295.TA.91-26-C-j24-1.736.H", "mode": "rail", "line_name": "IR26"}, {"line_id": "91-26-C-j24-1", "route_id": "291.TA.91-26-C-j24-1.735.H", "mode": "rail", "line_name": "IR26"}, {"line_id": "91-26-C-j24-1", "route_id": "179.TA.91-26-C-j24-1.719.H", "mode": "rail", "line_name": "IR26"}, {"line_id": "91-26-C-j24-1", "route_id": "267.TA.91-26-C-j24-1.732.H", "mode": "rail", "line_name": "IR26"}, {"line_id": "91-26-C-j24-1", "route_id": "782.TA.91-26-C-j24-1.776.R", "mode": "rail", "line_name": "IR26"}, {"line_id": "91-26-C-j24-1", "route_id": "613.TA.91-26-C-j24-1.771.R", "mode": "rail", "line_name": "IR26"}, {"line_id": "91-26-C-j24-1", "route_id": "588.TA.91-26-C-j24-1.164.R", "mode": "rail", "line_name": "IR26"}, {"line_id": "91-46-j24-1", "route_id": "140.TA.91-46-j24-1.402.H", "mode": "rail", "line_name": "IR46"}, {"line_id": "91-46-j24-1", "route_id": "103.TA.91-46-j24-1.247.H", "mode": "rail", "line_name": "IR46"}, {"line_id": "91-26-C-j24-1", "route_id": "725.TA.91-26-C-j24-1.773.R", "mode": "rail", "line_name": "IR26"}, {"line_id": "91-46-j24-1", "route_id": "42.TA.91-46-j24-1.34.H", "mode": "rail", "line_name": "IR46"}, {"line_id": "91-46-j24-1", "route_id": "87.TA.91-46-j24-1.257.H", "mode": "rail", "line_name": "IR46"}, {"line_id": "91-26-C-j24-1", "route_id": "752.TA.91-26-C-j24-1.824.R", "mode": "rail", "line_name": "IR26"}, {"line_id": "91-26-C-j24-1", "route_id": "703.TA.91-26-C-j24-1.772.R", "mode": "rail", "line_name": "IR26"}, {"line_id": "91-46-j24-1", "route_id": "38.TA.91-46-j24-1.30.H", "mode": "rail", "line_name": "IR46"}, {"line_id": "91-46-j24-1", "route_id": "119.TA.91-46-j24-1.401.H", "mode": "rail", "line_name": "IR46"}, {"line_id": "91-26-C-j24-1", "route_id": "744.TA.91-26-C-j24-1.774.R", "mode": "rail", "line_name": "IR26"}, {"line_id": "91-44-B-j24-1", "route_id": "22.TA.91-44-B-j24-1.1.H", "mode": "rail", "line_name": "R44"}, {"line_id": "91-44-B-j24-1", "route_id": "61.TA.91-44-B-j24-1.5.R", "mode": "rail", "line_name": "R44"}, {"line_id": "91-44-B-j24-1", "route_id": "57.TA.91-44-B-j24-1.4.R", "mode": "rail", "line_name": "R44"}, {"line_id": "91-44-B-j24-1", "route_id": "32.TA.91-44-B-j24-1.3.H", "mode": "rail", "line_name": "R44"}, {"line_id": "91-44-B-j24-1", "route_id": "2.TA.91-44-B-j24-1.1.H", "mode": "rail", "line_name": "R44"}, {"line_id": "91-44-B-j24-1", "route_id": "43.TA.91-44-B-j24-1.4.R", "mode": "rail", "line_name": "R44"}, {"line_id": "91-44-B-j24-1", "route_id": "7.TA.91-44-B-j24-1.1.H", "mode": "rail", "line_name": "R44"}, {"line_id": "91-44-B-j24-1", "route_id": "69.TA.91-44-B-j24-1.5.R", "mode": "rail", "line_name": "R44"}, {"line_id": "91-8I-Y-j24-1", "route_id": "10.TA.91-8I-Y-j24-1.2.R", "mode": "rail", "line_name": "PE"}, {"line_id": "91-8I-Y-j24-1", "route_id": "3.TA.91-8I-Y-j24-1.9.H", "mode": "rail", "line_name": "PE"}], "predominant_mode": "rail", "assigned_canton": "Uri", "modes_list": ["rail"]}, "geometry": {"type": "Point", "coordinates": [8.589113400574007, 46.66644086249326]}}, {"id": "10896", "type": "Feature", "properties": {"name": "G\u00f6schenen, Abfrutt", "lon": 8.571392628564125, "lat": 46.66587576288582, "stop_id": ["8573108.link:903009", "8573108.link:903010"], "lines": [{"line_id": "92-411-B-j24-1", "route_id": "14.TA.92-411-B-j24-1.2.R", "mode": "bus", "line_name": "411"}, {"line_id": "92-411-B-j24-1", "route_id": "7.TA.92-411-B-j24-1.1.H", "mode": "bus", "line_name": "411"}], "predominant_mode": "bus", "assigned_canton": "Uri", "modes_list": ["bus"]}, "geometry": {"type": "Point", "coordinates": [8.571392637193014, 46.6658757727762]}}, {"id": "10897", "type": "Feature", "properties": {"name": "G\u00f6schenen, Abzw. Salbit", "lon": 8.55283342844971, "lat": 46.66271934317663, "stop_id": ["8573109.link:250455", "8573109.link:250456"], "lines": [{"line_id": "92-411-B-j24-1", "route_id": "14.TA.92-411-B-j24-1.2.R", "mode": "bus", "line_name": "411"}, {"line_id": "92-411-B-j24-1", "route_id": "7.TA.92-411-B-j24-1.1.H", "mode": "bus", "line_name": "411"}], "predominant_mode": "bus", "assigned_canton": "Uri", "modes_list": ["bus"]}, "geometry": {"type": "Point", "coordinates": [8.552833437060947, 46.66271935307094]}}, {"id": "10898", "type": "Feature", "properties": {"name": "G\u00f6schenen, Abzw. Voralp", "lon": 8.531579288396143, "lat": 46.66151097351017, "stop_id": ["8573111.link:1146089", "8573111.link:1146092"], "lines": [{"line_id": "92-411-B-j24-1", "route_id": "14.TA.92-411-B-j24-1.2.R", "mode": "bus", "line_name": "411"}, {"line_id": "92-411-B-j24-1", "route_id": "7.TA.92-411-B-j24-1.1.H", "mode": "bus", "line_name": "411"}], "predominant_mode": "bus", "assigned_canton": "Uri", "modes_list": ["bus"]}, "geometry": {"type": "Point", "coordinates": [8.531579296986465, 46.66151098340991]}}, {"id": "10899", "type": "Feature", "properties": {"name": "G\u00f6schenen, Ausserdorf", "lon": 8.589251128651936, "lat": 46.668224462605785, "stop_id": ["8591899.link:1001764", "8591899.link:1835889"], "lines": [{"line_id": "92-401-j24-1", "route_id": "158.TA.92-401-j24-1.39.R", "mode": "bus", "line_name": "401"}, {"line_id": "92-401-j24-1", "route_id": "168.TA.92-401-j24-1.40.R", "mode": "bus", "line_name": "401"}, {"line_id": "92-401-j24-1", "route_id": "145.TA.92-401-j24-1.37.R", "mode": "bus", "line_name": "401"}, {"line_id": "92-401-j24-1", "route_id": "149.TA.92-401-j24-1.38.R", "mode": "bus", "line_name": "401"}, {"line_id": "92-401-j24-1", "route_id": "66.TA.92-401-j24-1.28.H", "mode": "bus", "line_name": "401"}, {"line_id": "92-401-j24-1", "route_id": "1.TA.92-401-j24-1.21.H", "mode": "bus", "line_name": "401"}, {"line_id": "92-401-j24-1", "route_id": "75.TA.92-401-j24-1.29.H", "mode": "bus", "line_name": "401"}], "predominant_mode": "bus", "assigned_canton": "Uri", "modes_list": ["bus"]}, "geometry": {"type": "Point", "coordinates": [8.589251137297977, 46.66822447249213]}}, {"id": "10900", "type": "Feature", "properties": {"name": "G\u00f6schenen, Bahnhof", "lon": 8.588200098575234, "lat": 46.6658695926218, "stop_id": ["8573106:0:A.link:1767453", "8573106:0:A.link:840637"], "lines": [{"line_id": "92-401-j24-1", "route_id": "158.TA.92-401-j24-1.39.R", "mode": "bus", "line_name": "401"}, {"line_id": "92-401-j24-1", "route_id": "168.TA.92-401-j24-1.40.R", "mode": "bus", "line_name": "401"}, {"line_id": "96-931-j24-1", "route_id": "5.TA.96-931-j24-1.13.R", "mode": "bus", "line_name": "162"}, {"line_id": "96-931-j24-1", "route_id": "1.TA.96-931-j24-1.11.H", "mode": "bus", "line_name": "162"}, {"line_id": "96-931-j24-1", "route_id": "8.TA.96-931-j24-1.14.R", "mode": "bus", "line_name": "162"}, {"line_id": "92-401-j24-1", "route_id": "149.TA.92-401-j24-1.38.R", "mode": "bus", "line_name": "401"}, {"line_id": "96-931-j24-1", "route_id": "4.TA.96-931-j24-1.12.H", "mode": "bus", "line_name": "162"}, {"line_id": "92-411-B-j24-1", "route_id": "7.TA.92-411-B-j24-1.1.H", "mode": "bus", "line_name": "411"}, {"line_id": "92-401-j24-1", "route_id": "144.TA.92-401-j24-1.36.R", "mode": "bus", "line_name": "401"}, {"line_id": "92-401-j24-1", "route_id": "145.TA.92-401-j24-1.37.R", "mode": "bus", "line_name": "401"}, {"line_id": "92-401-j24-1", "route_id": "66.TA.92-401-j24-1.28.H", "mode": "bus", "line_name": "401"}, {"line_id": "92-401-j24-1", "route_id": "1.TA.92-401-j24-1.21.H", "mode": "bus", "line_name": "401"}, {"line_id": "92-411-B-j24-1", "route_id": "14.TA.92-411-B-j24-1.2.R", "mode": "bus", "line_name": "411"}, {"line_id": "92-401-j24-1", "route_id": "75.TA.92-401-j24-1.29.H", "mode": "bus", "line_name": "401"}], "predominant_mode": "bus", "assigned_canton": "Uri", "modes_list": ["bus"]}, "geometry": {"type": "Point", "coordinates": [8.588200107220876, 46.66586960250746]}}, {"id": "10901", "type": "Feature", "properties": {"name": "G\u00f6schenen, Dorf", "lon": 8.586861608652505, "lat": 46.66829227264334, "stop_id": ["8573107.link:250341", "8573107.link:250342"], "lines": [{"line_id": "92-411-B-j24-1", "route_id": "14.TA.92-411-B-j24-1.2.R", "mode": "bus", "line_name": "411"}, {"line_id": "92-411-B-j24-1", "route_id": "7.TA.92-411-B-j24-1.1.H", "mode": "bus", "line_name": "411"}], "predominant_mode": "bus", "assigned_canton": "Uri", "modes_list": ["bus"]}, "geometry": {"type": "Point", "coordinates": [8.586861617296147, 46.668292282530416]}}, {"id": "10902", "type": "Feature", "properties": {"name": "G\u00f6schenen, Grit", "lon": 8.55813348850423, "lat": 46.6642975730937, "stop_id": ["8583365.link:250461", "8583365.link:250462"], "lines": [{"line_id": "92-411-B-j24-1", "route_id": "14.TA.92-411-B-j24-1.2.R", "mode": "bus", "line_name": "411"}, {"line_id": "92-411-B-j24-1", "route_id": "7.TA.92-411-B-j24-1.1.H", "mode": "bus", "line_name": "411"}], "predominant_mode": "bus", "assigned_canton": "Uri", "modes_list": ["bus"]}, "geometry": {"type": "Point", "coordinates": [8.558133497120329, 46.66429758298715]}}, {"id": "10903", "type": "Feature", "properties": {"name": "G\u00f6schenen, J\u00e4ntelboden", "lon": 8.52355733809805, "lat": 46.65244120363441, "stop_id": ["8580792.link:1146135", "8580792.link:1146136"], "lines": [{"line_id": "92-411-B-j24-1", "route_id": "14.TA.92-411-B-j24-1.2.R", "mode": "bus", "line_name": "411"}, {"line_id": "92-411-B-j24-1", "route_id": "7.TA.92-411-B-j24-1.1.H", "mode": "bus", "line_name": "411"}], "predominant_mode": "bus", "assigned_canton": "Uri", "modes_list": ["bus"]}, "geometry": {"type": "Point", "coordinates": [8.523557346682821, 46.65244121353253]}}, {"id": "10904", "type": "Feature", "properties": {"name": "G\u00f6scheneralp, Dammagletscher", "lon": 8.499186037970889, "lat": 46.64902500401644, "stop_id": ["8505779.link:pt_8505779"], "lines": [{"line_id": "92-411-B-j24-1", "route_id": "7.TA.92-411-B-j24-1.1.H", "mode": "bus", "line_name": "411"}, {"line_id": "92-411-B-j24-1", "route_id": "14.TA.92-411-B-j24-1.2.R", "mode": "bus", "line_name": "411"}], "predominant_mode": "bus", "assigned_canton": "Uri", "modes_list": ["bus"]}, "geometry": {"type": "Point", "coordinates": [8.499186046532165, 46.64902501391993]}}, {"id": "11014", "type": "Feature", "properties": {"name": "Haldi", "lon": 8.670333075054772, "lat": 46.86435262136297, "stop_id": ["8530425.link:pt_8530425"], "lines": [{"line_id": "93-Y-Y-j24-1", "route_id": "69.TA.93-Y-Y-j24-1.2.R", "mode": "cable car", "line_name": "PB"}, {"line_id": "93-Y-Y-j24-1", "route_id": "27.TA.93-Y-Y-j24-1.1.H", "mode": "cable car", "line_name": "PB"}], "predominant_mode": "cable car", "assigned_canton": "Uri", "modes_list": ["cable car"]}, "geometry": {"type": "Point", "coordinates": [8.670333083725513, 46.864352631306375]}}, {"id": "11935", "type": "Feature", "properties": {"name": "Hospental", "lon": 8.57096142711982, "lat": 46.621082972883926, "stop_id": ["8505164.link:1638998", "8505164.link:1638999"], "lines": [{"line_id": "91-43-j24-1", "route_id": "138.TA.91-43-j24-1.101.R", "mode": "rail", "line_name": "R43"}, {"line_id": "91-43-j24-1", "route_id": "124.TA.91-43-j24-1.99.R", "mode": "rail", "line_name": "R43"}, {"line_id": "91-44-B-j24-1", "route_id": "61.TA.91-44-B-j24-1.5.R", "mode": "rail", "line_name": "R44"}, {"line_id": "91-43-j24-1", "route_id": "136.TA.91-43-j24-1.108.R", "mode": "rail", "line_name": "R43"}, {"line_id": "91-43-j24-1", "route_id": "123.TA.91-43-j24-1.107.R", "mode": "rail", "line_name": "R43"}, {"line_id": "91-44-B-j24-1", "route_id": "69.TA.91-44-B-j24-1.5.R", "mode": "rail", "line_name": "R44"}, {"line_id": "91-43-j24-1", "route_id": "96.TA.91-43-j24-1.103.R", "mode": "rail", "line_name": "R43"}, {"line_id": "91-43-j24-1", "route_id": "120.TA.91-43-j24-1.106.R", "mode": "rail", "line_name": "R43"}, {"line_id": "91-44-B-j24-1", "route_id": "27.TA.91-44-B-j24-1.2.H", "mode": "rail", "line_name": "R44"}, {"line_id": "91-43-j24-1", "route_id": "46.TA.91-43-j24-1.89.H", "mode": "rail", "line_name": "R43"}, {"line_id": "91-43-j24-1", "route_id": "62.TA.91-43-j24-1.93.H", "mode": "rail", "line_name": "R43"}, {"line_id": "91-43-j24-1", "route_id": "47.TA.91-43-j24-1.90.H", "mode": "rail", "line_name": "R43"}, {"line_id": "91-44-B-j24-1", "route_id": "32.TA.91-44-B-j24-1.3.H", "mode": "rail", "line_name": "R44"}, {"line_id": "91-43-j24-1", "route_id": "72.TA.91-43-j24-1.94.H", "mode": "rail", "line_name": "R43"}, {"line_id": "91-43-j24-1", "route_id": "65.TA.91-43-j24-1.94.H", "mode": "rail", "line_name": "R43"}, {"line_id": "91-43-j24-1", "route_id": "61.TA.91-43-j24-1.92.H", "mode": "rail", "line_name": "R43"}], "predominant_mode": "rail", "assigned_canton": "Uri", "modes_list": ["rail"]}, "geometry": {"type": "Point", "coordinates": [8.570961435760585, 46.62108298275536]}}, {"id": "11936", "type": "Feature", "properties": {"name": "Hospental, Dorf", "lon": 8.570296677079597, "lat": 46.61984900289412, "stop_id": ["8573141.link:1976151", "8573141.link:1976152"], "lines": [{"line_id": "96-932-j24-1", "route_id": "3.TA.96-932-j24-1.5.H", "mode": "bus", "line_name": "110"}, {"line_id": "96-934-j24-1", "route_id": "4.TA.96-934-j24-1.9.H", "mode": "bus", "line_name": "681"}, {"line_id": "96-932-j24-1", "route_id": "2.TA.96-932-j24-1.5.H", "mode": "bus", "line_name": "110"}, {"line_id": "96-934-j24-1", "route_id": "3.TA.96-934-j24-1.8.H", "mode": "bus", "line_name": "681"}, {"line_id": "96-932-j24-1", "route_id": "10.TA.96-932-j24-1.6.R", "mode": "bus", "line_name": "110"}, {"line_id": "96-934-j24-1", "route_id": "6.TA.96-934-j24-1.10.R", "mode": "bus", "line_name": "681"}, {"line_id": "96-932-j24-1", "route_id": "9.TA.96-932-j24-1.6.R", "mode": "bus", "line_name": "110"}, {"line_id": "96-932-j24-1", "route_id": "11.TA.96-932-j24-1.6.R", "mode": "bus", "line_name": "110"}, {"line_id": "96-934-j24-1", "route_id": "7.TA.96-934-j24-1.11.R", "mode": "bus", "line_name": "681"}], "predominant_mode": "bus", "assigned_canton": "Uri", "modes_list": ["bus"]}, "geometry": {"type": "Point", "coordinates": [8.570296685720036, 46.619849012765194]}}, {"id": "11937", "type": "Feature", "properties": {"name": "Hospental, Zumdorf", "lon": 8.537301556768693, "lat": 46.61089566341041, "stop_id": ["8573146.link:779835"], "lines": [{"line_id": "96-934-j24-1", "route_id": "4.TA.96-934-j24-1.9.H", "mode": "bus", "line_name": "681"}, {"line_id": "96-934-j24-1", "route_id": "3.TA.96-934-j24-1.8.H", "mode": "bus", "line_name": "681"}], "predominant_mode": "bus", "assigned_canton": "Uri", "modes_list": ["bus"]}, "geometry": {"type": "Point", "coordinates": [8.537301565378563, 46.61089567328686]}}, {"id": "12385", "type": "Feature", "properties": {"name": "Intschi (Luftseilbahn Arnisee)", "lon": 8.649626901680467, "lat": 46.76071038167339, "stop_id": ["8530434.link:pt_8530434"], "lines": [{"line_id": "93-6B-Y-j24-1", "route_id": "39.TA.93-6B-Y-j24-1.1.H", "mode": "cable car", "line_name": "PB"}, {"line_id": "93-6B-Y-j24-1", "route_id": "118.TA.93-6B-Y-j24-1.2.R", "mode": "cable car", "line_name": "PB"}], "predominant_mode": "cable car", "assigned_canton": "Uri", "modes_list": ["cable car"]}, "geometry": {"type": "Point", "coordinates": [8.649626910360485, 46.7607103915811]}}, {"id": "12386", "type": "Feature", "properties": {"name": "Intschi, Aelmen", "lon": 8.658834641767632, "lat": 46.763221101529204, "stop_id": ["8587425.link:1281317", "8587425.link:1281318"], "lines": [{"line_id": "92-401-j24-1", "route_id": "158.TA.92-401-j24-1.39.R", "mode": "bus", "line_name": "401"}, {"line_id": "92-401-j24-1", "route_id": "168.TA.92-401-j24-1.40.R", "mode": "bus", "line_name": "401"}, {"line_id": "92-401-j24-1", "route_id": "145.TA.92-401-j24-1.37.R", "mode": "bus", "line_name": "401"}, {"line_id": "92-401-j24-1", "route_id": "149.TA.92-401-j24-1.38.R", "mode": "bus", "line_name": "401"}, {"line_id": "92-401-j24-1", "route_id": "66.TA.92-401-j24-1.28.H", "mode": "bus", "line_name": "401"}, {"line_id": "92-401-j24-1", "route_id": "75.TA.92-401-j24-1.29.H", "mode": "bus", "line_name": "401"}], "predominant_mode": "bus", "assigned_canton": "Uri", "modes_list": ["bus"]}, "geometry": {"type": "Point", "coordinates": [8.658834650456027, 46.76322111143529]}}, {"id": "12387", "type": "Feature", "properties": {"name": "Intschi, Seilbahn", "lon": 8.64974368167613, "lat": 46.76057499167156, "stop_id": ["8505121.link:408137", "8505121.link:408138"], "lines": [{"line_id": "92-401-j24-1", "route_id": "158.TA.92-401-j24-1.39.R", "mode": "bus", "line_name": "401"}, {"line_id": "92-401-j24-1", "route_id": "168.TA.92-401-j24-1.40.R", "mode": "bus", "line_name": "401"}, {"line_id": "92-401-j24-1", "route_id": "145.TA.92-401-j24-1.37.R", "mode": "bus", "line_name": "401"}, {"line_id": "92-401-j24-1", "route_id": "149.TA.92-401-j24-1.38.R", "mode": "bus", "line_name": "401"}, {"line_id": "92-401-j24-1", "route_id": "66.TA.92-401-j24-1.28.H", "mode": "bus", "line_name": "401"}, {"line_id": "92-401-j24-1", "route_id": "75.TA.92-401-j24-1.29.H", "mode": "bus", "line_name": "401"}], "predominant_mode": "bus", "assigned_canton": "Uri", "modes_list": ["bus"]}, "geometry": {"type": "Point", "coordinates": [8.649743690356305, 46.76057500157922]}}, {"id": "12433", "type": "Feature", "properties": {"name": "Isenthal, Chliw\u00e4ldli", "lon": 8.529108936406958, "lat": 46.908771833586506, "stop_id": ["8573104.link:1502818", "8573104.link:1502819"], "lines": [{"line_id": "92-405-j24-1", "route_id": "29.TA.92-405-j24-1.8.H", "mode": "bus", "line_name": "405"}, {"line_id": "92-405-j24-1", "route_id": "21.TA.92-405-j24-1.7.H", "mode": "bus", "line_name": "405"}, {"line_id": "92-405-j24-1", "route_id": "48.TA.92-405-j24-1.13.R", "mode": "bus", "line_name": "405"}, {"line_id": "92-405-j24-1", "route_id": "46.TA.92-405-j24-1.13.R", "mode": "bus", "line_name": "405"}], "predominant_mode": "bus", "assigned_canton": "Uri", "modes_list": ["bus"]}, "geometry": {"type": "Point", "coordinates": [8.529108944925587, 46.90877184358763]}}, {"id": "12434", "type": "Feature", "properties": {"name": "Isenthal, Ch\u00e4ppeli", "lon": 8.591308286698526, "lat": 46.91645474261055, "stop_id": ["8573098.link:1920117", "8573098.link:1920118"], "lines": [{"line_id": "92-405-j24-1", "route_id": "29.TA.92-405-j24-1.8.H", "mode": "bus", "line_name": "405"}, {"line_id": "92-405-j24-1", "route_id": "7.TA.92-405-j24-1.5.H", "mode": "bus", "line_name": "405"}, {"line_id": "92-405-j24-1", "route_id": "21.TA.92-405-j24-1.7.H", "mode": "bus", "line_name": "405"}, {"line_id": "92-405-j24-1", "route_id": "48.TA.92-405-j24-1.13.R", "mode": "bus", "line_name": "405"}, {"line_id": "92-405-j24-1", "route_id": "46.TA.92-405-j24-1.13.R", "mode": "bus", "line_name": "405"}], "predominant_mode": "bus", "assigned_canton": "Uri", "modes_list": ["bus"]}, "geometry": {"type": "Point", "coordinates": [8.591308295276448, 46.91645475259698]}}, {"id": "12435", "type": "Feature", "properties": {"name": "Isenthal, Heissr\u00fcti", "lon": 8.574087576549154, "lat": 46.912214552880535, "stop_id": ["8573099.link:279143", "8573099.link:279144"], "lines": [{"line_id": "92-405-j24-1", "route_id": "29.TA.92-405-j24-1.8.H", "mode": "bus", "line_name": "405"}, {"line_id": "92-405-j24-1", "route_id": "7.TA.92-405-j24-1.5.H", "mode": "bus", "line_name": "405"}, {"line_id": "92-405-j24-1", "route_id": "21.TA.92-405-j24-1.7.H", "mode": "bus", "line_name": "405"}, {"line_id": "92-405-j24-1", "route_id": "48.TA.92-405-j24-1.13.R", "mode": "bus", "line_name": "405"}, {"line_id": "92-405-j24-1", "route_id": "46.TA.92-405-j24-1.13.R", "mode": "bus", "line_name": "405"}], "predominant_mode": "bus", "assigned_canton": "Uri", "modes_list": ["bus"]}, "geometry": {"type": "Point", "coordinates": [8.574087585111304, 46.91221456287025]}}, {"id": "12436", "type": "Feature", "properties": {"name": "Isenthal, Luss", "lon": 8.557055516515666, "lat": 46.91153339314796, "stop_id": ["8581321.link:1222778", "8581321.link:1222779"], "lines": [{"line_id": "92-405-j24-1", "route_id": "29.TA.92-405-j24-1.8.H", "mode": "bus", "line_name": "405"}, {"line_id": "92-405-j24-1", "route_id": "21.TA.92-405-j24-1.7.H", "mode": "bus", "line_name": "405"}, {"line_id": "92-405-j24-1", "route_id": "48.TA.92-405-j24-1.13.R", "mode": "bus", "line_name": "405"}, {"line_id": "92-405-j24-1", "route_id": "46.TA.92-405-j24-1.13.R", "mode": "bus", "line_name": "405"}], "predominant_mode": "bus", "assigned_canton": "Uri", "modes_list": ["bus"]}, "geometry": {"type": "Point", "coordinates": [8.55705552506118, 46.9115334031423]}}, {"id": "12437", "type": "Feature", "properties": {"name": "Isenthal, Post", "lon": 8.561565066486507, "lat": 46.91054538307702, "stop_id": ["8505780.link:1222780", "8505780.link:1222781", "8505780.link:1492525"], "lines": [{"line_id": "92-405-j24-1", "route_id": "29.TA.92-405-j24-1.8.H", "mode": "bus", "line_name": "405"}, {"line_id": "92-405-j24-1", "route_id": "21.TA.92-405-j24-1.7.H", "mode": "bus", "line_name": "405"}, {"line_id": "92-405-j24-1", "route_id": "48.TA.92-405-j24-1.13.R", "mode": "bus", "line_name": "405"}, {"line_id": "92-405-j24-1", "route_id": "46.TA.92-405-j24-1.13.R", "mode": "bus", "line_name": "405"}, {"line_id": "92-405-j24-1", "route_id": "7.TA.92-405-j24-1.5.H", "mode": "bus", "line_name": "405"}], "predominant_mode": "bus", "assigned_canton": "Uri", "modes_list": ["bus"]}, "geometry": {"type": "Point", "coordinates": [8.561565075036766, 46.91054539306963]}}, {"id": "12438", "type": "Feature", "properties": {"name": "Isenthal, Schluchen", "lon": 8.53528035647705, "lat": 46.91079699348987, "stop_id": ["8573103.link:381692", "8573103.link:381693"], "lines": [{"line_id": "92-405-j24-1", "route_id": "29.TA.92-405-j24-1.8.H", "mode": "bus", "line_name": "405"}, {"line_id": "92-405-j24-1", "route_id": "21.TA.92-405-j24-1.7.H", "mode": "bus", "line_name": "405"}, {"line_id": "92-405-j24-1", "route_id": "48.TA.92-405-j24-1.13.R", "mode": "bus", "line_name": "405"}, {"line_id": "92-405-j24-1", "route_id": "46.TA.92-405-j24-1.13.R", "mode": "bus", "line_name": "405"}], "predominant_mode": "bus", "assigned_canton": "Uri", "modes_list": ["bus"]}, "geometry": {"type": "Point", "coordinates": [8.53528036500122, 46.910797003490046]}}, {"id": "12439", "type": "Feature", "properties": {"name": "Isenthal, Schwanden", "lon": 8.546024206540423, "lat": 46.91252138332133, "stop_id": ["8573102.link:1920107", "8573102.link:1920108"], "lines": [{"line_id": "92-405-j24-1", "route_id": "29.TA.92-405-j24-1.8.H", "mode": "bus", "line_name": "405"}, {"line_id": "92-405-j24-1", "route_id": "21.TA.92-405-j24-1.7.H", "mode": "bus", "line_name": "405"}, {"line_id": "92-405-j24-1", "route_id": "48.TA.92-405-j24-1.13.R", "mode": "bus", "line_name": "405"}, {"line_id": "92-405-j24-1", "route_id": "46.TA.92-405-j24-1.13.R", "mode": "bus", "line_name": "405"}], "predominant_mode": "bus", "assigned_canton": "Uri", "modes_list": ["bus"]}, "geometry": {"type": "Point", "coordinates": [8.546024215074738, 46.91252139331912]}}, {"id": "12440", "type": "Feature", "properties": {"name": "Isenthal, Schwybogenbr\u00fccke", "lon": 8.566550716507782, "lat": 46.911097692998744, "stop_id": ["8573100.link:1222943", "8573100.link:1222944"], "lines": [{"line_id": "92-405-j24-1", "route_id": "29.TA.92-405-j24-1.8.H", "mode": "bus", "line_name": "405"}, {"line_id": "92-405-j24-1", "route_id": "7.TA.92-405-j24-1.5.H", "mode": "bus", "line_name": "405"}, {"line_id": "92-405-j24-1", "route_id": "21.TA.92-405-j24-1.7.H", "mode": "bus", "line_name": "405"}, {"line_id": "92-405-j24-1", "route_id": "48.TA.92-405-j24-1.13.R", "mode": "bus", "line_name": "405"}, {"line_id": "92-405-j24-1", "route_id": "46.TA.92-405-j24-1.13.R", "mode": "bus", "line_name": "405"}], "predominant_mode": "bus", "assigned_canton": "Uri", "modes_list": ["bus"]}, "geometry": {"type": "Point", "coordinates": [8.566550725062804, 46.911097702990155]}}, {"id": "12441", "type": "Feature", "properties": {"name": "Isenthal, Seilbahn St. Jakob", "lon": 8.522569196168794, "lat": 46.90159112368839, "stop_id": ["8508864.link:36730", "8508864.link:36731"], "lines": [{"line_id": "92-405-j24-1", "route_id": "29.TA.92-405-j24-1.8.H", "mode": "bus", "line_name": "405"}, {"line_id": "92-405-j24-1", "route_id": "21.TA.92-405-j24-1.7.H", "mode": "bus", "line_name": "405"}, {"line_id": "92-405-j24-1", "route_id": "48.TA.92-405-j24-1.13.R", "mode": "bus", "line_name": "405"}, {"line_id": "92-405-j24-1", "route_id": "46.TA.92-405-j24-1.13.R", "mode": "bus", "line_name": "405"}], "predominant_mode": "bus", "assigned_canton": "Uri", "modes_list": ["bus"]}, "geometry": {"type": "Point", "coordinates": [8.522569204682993, 46.90159113368854]}}, {"id": "12442", "type": "Feature", "properties": {"name": "Isenthal, Stettli", "lon": 8.525425836288388, "lat": 46.90520615364397, "stop_id": ["8573105.link:1094216", "8573105.link:1094217"], "lines": [{"line_id": "92-405-j24-1", "route_id": "29.TA.92-405-j24-1.8.H", "mode": "bus", "line_name": "405"}, {"line_id": "92-405-j24-1", "route_id": "21.TA.92-405-j24-1.7.H", "mode": "bus", "line_name": "405"}, {"line_id": "92-405-j24-1", "route_id": "48.TA.92-405-j24-1.13.R", "mode": "bus", "line_name": "405"}, {"line_id": "92-405-j24-1", "route_id": "46.TA.92-405-j24-1.13.R", "mode": "bus", "line_name": "405"}], "predominant_mode": "bus", "assigned_canton": "Uri", "modes_list": ["bus"]}, "geometry": {"type": "Point", "coordinates": [8.525425844804396, 46.905206163644735]}}, {"id": "12443", "type": "Feature", "properties": {"name": "Isenthal, Weid-Furggelen", "lon": 8.551944106549005, "lat": 46.91266252322838, "stop_id": ["8573101.link:1920099", "8573101.link:1920100"], "lines": [{"line_id": "92-405-j24-1", "route_id": "29.TA.92-405-j24-1.8.H", "mode": "bus", "line_name": "405"}, {"line_id": "92-405-j24-1", "route_id": "21.TA.92-405-j24-1.7.H", "mode": "bus", "line_name": "405"}, {"line_id": "92-405-j24-1", "route_id": "48.TA.92-405-j24-1.13.R", "mode": "bus", "line_name": "405"}, {"line_id": "92-405-j24-1", "route_id": "46.TA.92-405-j24-1.13.R", "mode": "bus", "line_name": "405"}], "predominant_mode": "bus", "assigned_canton": "Uri", "modes_list": ["bus"]}, "geometry": {"type": "Point", "coordinates": [8.551944115089137, 46.912662533224555]}}, {"id": "12445", "type": "Feature", "properties": {"name": "Isleten, Schiffsstation", "lon": 8.595629176807849, "lat": 46.919725172543046, "stop_id": ["8510834.link:1204838", "8510834.link:311474"], "lines": [{"line_id": "92-405-j24-1", "route_id": "29.TA.92-405-j24-1.8.H", "mode": "bus", "line_name": "405"}, {"line_id": "92-405-j24-1", "route_id": "29.TA.92-405-j24-1.8.H", "mode": "bus", "line_name": "405"}], "predominant_mode": "bus", "assigned_canton": "Uri", "modes_list": ["bus"]}, "geometry": {"type": "Point", "coordinates": [8.59562918538908, 46.91972518252951]}}, {"id": "12446", "type": "Feature", "properties": {"name": "Isleten, Seegarten", "lon": 8.595350696735755, "lat": 46.917516272547196, "stop_id": ["8505918.link:1284181", "8505918.link:1284182", "8505918.link:55939"], "lines": [{"line_id": "92-405-j24-1", "route_id": "21.TA.92-405-j24-1.7.H", "mode": "bus", "line_name": "405"}, {"line_id": "92-405-j24-1", "route_id": "7.TA.92-405-j24-1.5.H", "mode": "bus", "line_name": "405"}, {"line_id": "92-405-j24-1", "route_id": "48.TA.92-405-j24-1.13.R", "mode": "bus", "line_name": "405"}, {"line_id": "92-405-j24-1", "route_id": "46.TA.92-405-j24-1.13.R", "mode": "bus", "line_name": "405"}, {"line_id": "92-405-j24-1", "route_id": "29.TA.92-405-j24-1.8.H", "mode": "bus", "line_name": "405"}], "predominant_mode": "bus", "assigned_canton": "Uri", "modes_list": ["bus"]}, "geometry": {"type": "Point", "coordinates": [8.59535070531735, 46.91751628253288]}}, {"id": "12447", "type": "Feature", "properties": {"name": "Isleten-Isenthal", "lon": 8.595754946811303, "lat": 46.91982947254109, "stop_id": ["8508475.link:pt_8508475"], "lines": [{"line_id": "94-360-0-j24-1", "route_id": "88.TA.94-360-0-j24-1.39.R", "mode": "ferry", "line_name": "3600"}, {"line_id": "94-360-0-j24-1", "route_id": "104.TA.94-360-0-j24-1.43.R", "mode": "ferry", "line_name": "3600"}, {"line_id": "94-360-0-j24-1", "route_id": "112.TA.94-360-0-j24-1.44.R", "mode": "ferry", "line_name": "3600"}, {"line_id": "94-360-0-j24-1", "route_id": "46.TA.94-360-0-j24-1.23.H", "mode": "ferry", "line_name": "3600"}, {"line_id": "94-360-0-j24-1", "route_id": "55.TA.94-360-0-j24-1.24.H", "mode": "ferry", "line_name": "3600"}], "predominant_mode": "ferry", "assigned_canton": "Uri", "modes_list": ["ferry"]}, "geometry": {"type": "Point", "coordinates": [8.595754955392632, 46.91982948252753]}}, {"id": "12993", "type": "Feature", "properties": {"name": "Klausen Passh\u00f6he", "lon": 8.85488296528622, "lat": 46.86809298846395, "stop_id": ["8505975.link:1003209", "8505975.link:1003210"], "lines": [{"line_id": "92-408-j24-1", "route_id": "44.TA.92-408-j24-1.91.H", "mode": "bus", "line_name": "408"}, {"line_id": "92-408-j24-1", "route_id": "4.TA.92-408-j24-1.3.H", "mode": "bus", "line_name": "408"}, {"line_id": "92-408-j24-1", "route_id": "50.TA.92-408-j24-1.16.R", "mode": "bus", "line_name": "408"}, {"line_id": "92-408-j24-1", "route_id": "87.TA.92-408-j24-1.109.R", "mode": "bus", "line_name": "408"}], "predominant_mode": "bus", "assigned_canton": "Uri", "modes_list": ["bus"]}, "geometry": {"type": "Point", "coordinates": [8.854882974135776, 46.86809299835513]}}, {"id": "17005", "type": "Feature", "properties": {"name": "Meien, Aderbogen", "lon": 8.550336120518239, "lat": 46.72681646322722, "stop_id": ["8505762.link:323278", "8505762.link:323279"], "lines": [{"line_id": "96-931-j24-1", "route_id": "4.TA.96-931-j24-1.12.H", "mode": "bus", "line_name": "162"}, {"line_id": "96-931-j24-1", "route_id": "1.TA.96-931-j24-1.11.H", "mode": "bus", "line_name": "162"}, {"line_id": "96-931-j24-1", "route_id": "8.TA.96-931-j24-1.14.R", "mode": "bus", "line_name": "162"}, {"line_id": "96-931-j24-1", "route_id": "5.TA.96-931-j24-1.13.R", "mode": "bus", "line_name": "162"}], "predominant_mode": "bus", "assigned_canton": "Uri", "modes_list": ["bus"]}, "geometry": {"type": "Point", "coordinates": [8.550336129109269, 46.72681647314911]}}, {"id": "17006", "type": "Feature", "properties": {"name": "Meien, D\u00f6rfli", "lon": 8.556974670406284, "lat": 46.72321405312238, "stop_id": ["8580375.link:1891415", "8580375.link:1891416"], "lines": [{"line_id": "96-931-j24-1", "route_id": "4.TA.96-931-j24-1.12.H", "mode": "bus", "line_name": "162"}, {"line_id": "96-931-j24-1", "route_id": "1.TA.96-931-j24-1.11.H", "mode": "bus", "line_name": "162"}, {"line_id": "96-931-j24-1", "route_id": "8.TA.96-931-j24-1.14.R", "mode": "bus", "line_name": "162"}, {"line_id": "96-931-j24-1", "route_id": "5.TA.96-931-j24-1.13.R", "mode": "bus", "line_name": "162"}], "predominant_mode": "bus", "assigned_canton": "Uri", "modes_list": ["bus"]}, "geometry": {"type": "Point", "coordinates": [8.556974679004925, 46.72321406304091]}}, {"id": "17007", "type": "Feature", "properties": {"name": "Meien, Gorezmettlen", "lon": 8.507378681026067, "lat": 46.74342751390457, "stop_id": ["8580197.link:558004", "8580197.link:558005"], "lines": [{"line_id": "96-931-j24-1", "route_id": "4.TA.96-931-j24-1.12.H", "mode": "bus", "line_name": "162"}, {"line_id": "96-931-j24-1", "route_id": "1.TA.96-931-j24-1.11.H", "mode": "bus", "line_name": "162"}, {"line_id": "96-931-j24-1", "route_id": "8.TA.96-931-j24-1.14.R", "mode": "bus", "line_name": "162"}, {"line_id": "96-931-j24-1", "route_id": "5.TA.96-931-j24-1.13.R", "mode": "bus", "line_name": "162"}], "predominant_mode": "bus", "assigned_canton": "Uri", "modes_list": ["bus"]}, "geometry": {"type": "Point", "coordinates": [8.507378689569618, 46.74342752384541]}}, {"id": "17008", "type": "Feature", "properties": {"name": "Meien, Husen", "lon": 8.574644530257531, "lat": 46.71824419284405, "stop_id": ["8508724.link:1453382", "8508724.link:1453383"], "lines": [{"line_id": "96-931-j24-1", "route_id": "4.TA.96-931-j24-1.12.H", "mode": "bus", "line_name": "162"}, {"line_id": "96-931-j24-1", "route_id": "1.TA.96-931-j24-1.11.H", "mode": "bus", "line_name": "162"}, {"line_id": "96-931-j24-1", "route_id": "8.TA.96-931-j24-1.14.R", "mode": "bus", "line_name": "162"}, {"line_id": "96-931-j24-1", "route_id": "5.TA.96-931-j24-1.13.R", "mode": "bus", "line_name": "162"}], "predominant_mode": "bus", "assigned_canton": "Uri", "modes_list": ["bus"]}, "geometry": {"type": "Point", "coordinates": [8.57464453887515, 46.71824420275549]}}, {"id": "17009", "type": "Feature", "properties": {"name": "Meien, Sustenbr\u00fcggli", "lon": 8.467421611106797, "lat": 46.74678850453245, "stop_id": ["8508983.link:906571", "8508983.link:906572"], "lines": [{"line_id": "96-931-j24-1", "route_id": "4.TA.96-931-j24-1.12.H", "mode": "bus", "line_name": "162"}, {"line_id": "96-931-j24-1", "route_id": "1.TA.96-931-j24-1.11.H", "mode": "bus", "line_name": "162"}, {"line_id": "96-931-j24-1", "route_id": "8.TA.96-931-j24-1.14.R", "mode": "bus", "line_name": "162"}, {"line_id": "96-931-j24-1", "route_id": "5.TA.96-931-j24-1.13.R", "mode": "bus", "line_name": "162"}], "predominant_mode": "bus", "assigned_canton": "Uri", "modes_list": ["bus"]}, "geometry": {"type": "Point", "coordinates": [8.46742161960944, 46.746788514485836]}}, {"id": "18197", "type": "Feature", "properties": {"name": "M\u00e4tteli", "lon": 8.56036130616422, "lat": 46.59162646304441, "stop_id": ["8573142.link:1314350", "8573142.link:1314351"], "lines": [{"line_id": "96-932-j24-1", "route_id": "3.TA.96-932-j24-1.5.H", "mode": "bus", "line_name": "110"}, {"line_id": "96-932-j24-1", "route_id": "2.TA.96-932-j24-1.5.H", "mode": "bus", "line_name": "110"}, {"line_id": "96-932-j24-1", "route_id": "9.TA.96-932-j24-1.6.R", "mode": "bus", "line_name": "110"}, {"line_id": "96-932-j24-1", "route_id": "11.TA.96-932-j24-1.6.R", "mode": "bus", "line_name": "110"}, {"line_id": "96-932-j24-1", "route_id": "10.TA.96-932-j24-1.6.R", "mode": "bus", "line_name": "110"}], "predominant_mode": "bus", "assigned_canton": "Uri", "modes_list": ["bus"]}, "geometry": {"type": "Point", "coordinates": [8.560361314802417, 46.59162647290608]}}, {"id": "19199", "type": "Feature", "properties": {"name": "N\u00e4tschen", "lon": 8.60959796782609, "lat": 46.642198112281335, "stop_id": ["8505170:0:1.link:1020781", "8505170:0:1.link:1020782"], "lines": [{"line_id": "91-45-j24-1", "route_id": "7.TA.91-45-j24-1.1.H", "mode": "rail", "line_name": "R45"}, {"line_id": "91-45-j24-1", "route_id": "30.TA.91-45-j24-1.3.R", "mode": "rail", "line_name": "R45"}, {"line_id": "91-45-j24-1", "route_id": "26.TA.91-45-j24-1.2.R", "mode": "rail", "line_name": "R45"}], "predominant_mode": "rail", "assigned_canton": "Uri", "modes_list": ["rail"]}, "geometry": {"type": "Point", "coordinates": [8.609597976499577, 46.642198122150916]}}, {"id": "19200", "type": "Feature", "properties": {"name": "N\u00e4tschen, Abzw. Bahnhof", "lon": 8.613029537817846, "lat": 46.64187124222739, "stop_id": ["8596119.link:1468089", "8596119.link:1468090"], "lines": [{"line_id": "92-920-j24-1", "route_id": "14.TA.92-920-j24-1.10.R", "mode": "bus", "line_name": "920"}, {"line_id": "92-920-j24-1", "route_id": "7.TA.92-920-j24-1.7.H", "mode": "bus", "line_name": "920"}], "predominant_mode": "bus", "assigned_canton": "Uri", "modes_list": ["bus"]}, "geometry": {"type": "Point", "coordinates": [8.61302954649483, 46.641871252095804]}}, {"id": "19225", "type": "Feature", "properties": {"name": "Oberalppass", "lon": 8.670503748447121, "lat": 46.660228601328186, "stop_id": ["8505172.link:1020589", "8505172.link:1020590"], "lines": [{"line_id": "91-45-j24-1", "route_id": "7.TA.91-45-j24-1.1.H", "mode": "rail", "line_name": "R45"}, {"line_id": "91-45-j24-1", "route_id": "30.TA.91-45-j24-1.3.R", "mode": "rail", "line_name": "R45"}, {"line_id": "91-45-j24-1", "route_id": "26.TA.91-45-j24-1.2.R", "mode": "rail", "line_name": "R45"}], "predominant_mode": "rail", "assigned_canton": "Uri", "modes_list": ["rail"]}, "geometry": {"type": "Point", "coordinates": [8.67050375717605, 46.66022861118811]}}, {"id": "19226", "type": "Feature", "properties": {"name": "Oberalppass, Bahnhof", "lon": 8.670647478450416, "lat": 46.66032724132592, "stop_id": ["8596118.link:140696", "8596118.link:140697"], "lines": [{"line_id": "92-920-j24-1", "route_id": "14.TA.92-920-j24-1.10.R", "mode": "bus", "line_name": "920"}, {"line_id": "92-920-j24-1", "route_id": "7.TA.92-920-j24-1.7.H", "mode": "bus", "line_name": "920"}], "predominant_mode": "bus", "assigned_canton": "Uri", "modes_list": ["bus"]}, "geometry": {"type": "Point", "coordinates": [8.67064748717946, 46.66032725118586]}}, {"id": "21257", "type": "Feature", "properties": {"name": "Realp", "lon": 8.503462016350289, "lat": 46.59863255393927, "stop_id": ["8505163:0:3.link:1195775", "8505163:0:3.link:1195776"], "lines": [{"line_id": "91-43-j24-1", "route_id": "138.TA.91-43-j24-1.101.R", "mode": "rail", "line_name": "R43"}, {"line_id": "91-43-j24-1", "route_id": "124.TA.91-43-j24-1.99.R", "mode": "rail", "line_name": "R43"}, {"line_id": "91-44-B-j24-1", "route_id": "61.TA.91-44-B-j24-1.5.R", "mode": "rail", "line_name": "R44"}, {"line_id": "91-43-j24-1", "route_id": "136.TA.91-43-j24-1.108.R", "mode": "rail", "line_name": "R43"}, {"line_id": "91-43-j24-1", "route_id": "123.TA.91-43-j24-1.107.R", "mode": "rail", "line_name": "R43"}, {"line_id": "91-44-B-j24-1", "route_id": "69.TA.91-44-B-j24-1.5.R", "mode": "rail", "line_name": "R44"}, {"line_id": "91-43-j24-1", "route_id": "96.TA.91-43-j24-1.103.R", "mode": "rail", "line_name": "R43"}, {"line_id": "91-43-j24-1", "route_id": "120.TA.91-43-j24-1.106.R", "mode": "rail", "line_name": "R43"}, {"line_id": "91-44-B-j24-1", "route_id": "27.TA.91-44-B-j24-1.2.H", "mode": "rail", "line_name": "R44"}, {"line_id": "91-43-j24-1", "route_id": "46.TA.91-43-j24-1.89.H", "mode": "rail", "line_name": "R43"}, {"line_id": "91-43-j24-1", "route_id": "62.TA.91-43-j24-1.93.H", "mode": "rail", "line_name": "R43"}, {"line_id": "91-43-j24-1", "route_id": "47.TA.91-43-j24-1.90.H", "mode": "rail", "line_name": "R43"}, {"line_id": "91-44-B-j24-1", "route_id": "32.TA.91-44-B-j24-1.3.H", "mode": "rail", "line_name": "R44"}, {"line_id": "91-43-j24-1", "route_id": "72.TA.91-43-j24-1.94.H", "mode": "rail", "line_name": "R43"}, {"line_id": "91-43-j24-1", "route_id": "65.TA.91-43-j24-1.94.H", "mode": "rail", "line_name": "R43"}, {"line_id": "91-43-j24-1", "route_id": "61.TA.91-43-j24-1.92.H", "mode": "rail", "line_name": "R43"}], "predominant_mode": "rail", "assigned_canton": "Uri", "modes_list": ["rail"]}, "geometry": {"type": "Point", "coordinates": [8.503462024929528, 46.598632563819876]}}, {"id": "21258", "type": "Feature", "properties": {"name": "Realp DFB", "lon": 8.501270126253395, "lat": 46.5956697339731, "stop_id": ["8530612.link:1369830", "8530612.link:1369831"], "lines": [{"line_id": "93-1-j24-1", "route_id": "7.TA.93-1-j24-1.12.R", "mode": "rail", "line_name": "1"}, {"line_id": "93-1-j24-1", "route_id": "6.TA.93-1-j24-1.12.R", "mode": "rail", "line_name": "1"}, {"line_id": "93-1-j24-1", "route_id": "8.TA.93-1-j24-1.12.R", "mode": "rail", "line_name": "1"}, {"line_id": "93-1-j24-1", "route_id": "2.TA.93-1-j24-1.10.H", "mode": "rail", "line_name": "1"}, {"line_id": "93-1-j24-1", "route_id": "4.TA.93-1-j24-1.10.H", "mode": "rail", "line_name": "1"}], "predominant_mode": "rail", "assigned_canton": "Uri", "modes_list": ["rail"]}, "geometry": {"type": "Point", "coordinates": [8.501270134831229, 46.59566974385308]}}, {"id": "21259", "type": "Feature", "properties": {"name": "Realp, Post", "lon": 8.501809116336435, "lat": 46.59823752396515, "stop_id": ["8573147.link:184899", "8573147.link:184900"], "lines": [{"line_id": "96-934-j24-1", "route_id": "4.TA.96-934-j24-1.9.H", "mode": "bus", "line_name": "681"}, {"line_id": "96-934-j24-1", "route_id": "3.TA.96-934-j24-1.8.H", "mode": "bus", "line_name": "681"}, {"line_id": "96-934-j24-1", "route_id": "7.TA.96-934-j24-1.11.R", "mode": "bus", "line_name": "681"}, {"line_id": "96-934-j24-1", "route_id": "6.TA.96-934-j24-1.10.R", "mode": "bus", "line_name": "681"}], "predominant_mode": "bus", "assigned_canton": "Uri", "modes_list": ["bus"]}, "geometry": {"type": "Point", "coordinates": [8.501809124914121, 46.59823753384607]}}, {"id": "22444", "type": "Feature", "properties": {"name": "Ruogig", "lon": 8.687706496317274, "lat": 46.902849351094744, "stop_id": ["8530855.link:pt_8530855"], "lines": [{"line_id": "93-8P-Y-j24-1", "route_id": "46.TA.93-8P-Y-j24-1.2.R", "mode": "cable car", "line_name": "PB"}, {"line_id": "93-8P-Y-j24-1", "route_id": "25.TA.93-8P-Y-j24-1.1.H", "mode": "cable car", "line_name": "PB"}], "predominant_mode": "cable car", "assigned_canton": "Uri", "modes_list": ["cable car"]}, "geometry": {"type": "Point", "coordinates": [8.687706504993875, 46.90284936104821]}}, {"id": "22672", "type": "Feature", "properties": {"name": "R\u00fctli", "lon": 8.59329355845559, "lat": 46.970332992585085, "stop_id": ["8508471.link:pt_8508471"], "lines": [{"line_id": "94-360-0-j24-1", "route_id": "18.TA.94-360-0-j24-1.13.H", "mode": "ferry", "line_name": "3600"}, {"line_id": "94-360-0-j24-1", "route_id": "88.TA.94-360-0-j24-1.39.R", "mode": "ferry", "line_name": "3600"}, {"line_id": "94-360-0-j24-1", "route_id": "104.TA.94-360-0-j24-1.43.R", "mode": "ferry", "line_name": "3600"}, {"line_id": "94-360-0-j24-1", "route_id": "98.TA.94-360-0-j24-1.42.R", "mode": "ferry", "line_name": "3600"}, {"line_id": "94-360-0-j24-1", "route_id": "112.TA.94-360-0-j24-1.44.R", "mode": "ferry", "line_name": "3600"}, {"line_id": "94-360-0-j24-1", "route_id": "40.TA.94-360-0-j24-1.22.H", "mode": "ferry", "line_name": "3600"}, {"line_id": "94-360-0-j24-1", "route_id": "46.TA.94-360-0-j24-1.23.H", "mode": "ferry", "line_name": "3600"}, {"line_id": "94-360-0-j24-1", "route_id": "55.TA.94-360-0-j24-1.24.H", "mode": "ferry", "line_name": "3600"}, {"line_id": "94-360-0-j24-1", "route_id": "6.TA.94-360-0-j24-1.5.H", "mode": "ferry", "line_name": "3600"}], "predominant_mode": "ferry", "assigned_canton": "Uri", "modes_list": ["ferry"]}, "geometry": {"type": "Point", "coordinates": [8.593293567019838, 46.97033300259159]}}, {"id": "23575", "type": "Feature", "properties": {"name": "Schattdorf (Talstation Haldi)", "lon": 8.655654605078833, "lat": 46.86537833159368, "stop_id": ["8530424.link:pt_8530424"], "lines": [{"line_id": "93-Y-Y-j24-1", "route_id": "69.TA.93-Y-Y-j24-1.2.R", "mode": "cable car", "line_name": "PB"}, {"line_id": "93-Y-Y-j24-1", "route_id": "27.TA.93-Y-Y-j24-1.1.H", "mode": "cable car", "line_name": "PB"}], "predominant_mode": "cable car", "assigned_canton": "Uri", "modes_list": ["cable car"]}, "geometry": {"type": "Point", "coordinates": [8.655654613734857, 46.86537834154167]}}, {"id": "23576", "type": "Feature", "properties": {"name": "Schattdorf, Adlergarten", "lon": 8.648530965035386, "lat": 46.864180641705445, "stop_id": ["8577379.link:40563", "8577379.link:40564"], "lines": [{"line_id": "92-401-j24-1", "route_id": "23.TA.92-401-j24-1.23.H", "mode": "bus", "line_name": "401"}, {"line_id": "92-401-j24-1", "route_id": "66.TA.92-401-j24-1.28.H", "mode": "bus", "line_name": "401"}, {"line_id": "92-401-j24-1", "route_id": "40.TA.92-401-j24-1.26.H", "mode": "bus", "line_name": "401"}, {"line_id": "92-401-j24-1", "route_id": "75.TA.92-401-j24-1.29.H", "mode": "bus", "line_name": "401"}, {"line_id": "92-401-j24-1", "route_id": "41.TA.92-401-j24-1.26.H", "mode": "bus", "line_name": "401"}, {"line_id": "92-412-A-j24-1", "route_id": "1.TA.92-412-A-j24-1.4.H", "mode": "bus", "line_name": "412"}, {"line_id": "92-401-j24-1", "route_id": "2.TA.92-401-j24-1.22.H", "mode": "bus", "line_name": "401"}, {"line_id": "92-401-j24-1", "route_id": "26.TA.92-401-j24-1.23.H", "mode": "bus", "line_name": "401"}, {"line_id": "92-401-j24-1", "route_id": "51.TA.92-401-j24-1.27.H", "mode": "bus", "line_name": "401"}, {"line_id": "92-412-A-j24-1", "route_id": "26.TA.92-412-A-j24-1.5.H", "mode": "bus", "line_name": "412"}, {"line_id": "92-401-j24-1", "route_id": "158.TA.92-401-j24-1.39.R", "mode": "bus", "line_name": "401"}, {"line_id": "92-401-j24-1", "route_id": "168.TA.92-401-j24-1.40.R", "mode": "bus", "line_name": "401"}, {"line_id": "92-401-j24-1", "route_id": "131.TA.92-401-j24-1.35.R", "mode": "bus", "line_name": "401"}, {"line_id": "92-401-j24-1", "route_id": "126.TA.92-401-j24-1.34.R", "mode": "bus", "line_name": "401"}, {"line_id": "92-412-A-j24-1", "route_id": "46.TA.92-412-A-j24-1.6.R", "mode": "bus", "line_name": "412"}, {"line_id": "92-401-j24-1", "route_id": "145.TA.92-401-j24-1.37.R", "mode": "bus", "line_name": "401"}, {"line_id": "92-401-j24-1", "route_id": "149.TA.92-401-j24-1.38.R", "mode": "bus", "line_name": "401"}, {"line_id": "92-401-j24-1", "route_id": "127.TA.92-401-j24-1.35.R", "mode": "bus", "line_name": "401"}, {"line_id": "92-401-j24-1", "route_id": "90.TA.92-401-j24-1.32.R", "mode": "bus", "line_name": "401"}, {"line_id": "92-401-j24-1", "route_id": "144.TA.92-401-j24-1.36.R", "mode": "bus", "line_name": "401"}, {"line_id": "92-401-j24-1", "route_id": "87.TA.92-401-j24-1.30.R", "mode": "bus", "line_name": "401"}, {"line_id": "92-401-j24-1", "route_id": "88.TA.92-401-j24-1.31.R", "mode": "bus", "line_name": "401"}, {"line_id": "92-401-j24-1", "route_id": "92.TA.92-401-j24-1.32.R", "mode": "bus", "line_name": "401"}], "predominant_mode": "bus", "assigned_canton": "Uri", "modes_list": ["bus"]}, "geometry": {"type": "Point", "coordinates": [8.648530973684753, 46.86418065165501]}}, {"id": "23577", "type": "Feature", "properties": {"name": "Schattdorf, Chastelen", "lon": 8.640212564850275, "lat": 46.85864637183537, "stop_id": ["8577381.link:1393847", "8577381.link:1856677", "8577381.link:1856678"], "lines": [{"line_id": "92-405-j24-1", "route_id": "29.TA.92-405-j24-1.8.H", "mode": "bus", "line_name": "405"}, {"line_id": "92-405-j24-1", "route_id": "7.TA.92-405-j24-1.5.H", "mode": "bus", "line_name": "405"}, {"line_id": "92-405-j24-1", "route_id": "5.TA.92-405-j24-1.14.H", "mode": "bus", "line_name": "405"}, {"line_id": "92-405-j24-1", "route_id": "21.TA.92-405-j24-1.7.H", "mode": "bus", "line_name": "405"}, {"line_id": "92-405-j24-1", "route_id": "2.TA.92-405-j24-1.1.H", "mode": "bus", "line_name": "405"}, {"line_id": "92-405-j24-1", "route_id": "33.TA.92-405-j24-1.9.R", "mode": "bus", "line_name": "405"}, {"line_id": "92-405-j24-1", "route_id": "48.TA.92-405-j24-1.13.R", "mode": "bus", "line_name": "405"}, {"line_id": "92-405-j24-1", "route_id": "34.TA.92-405-j24-1.10.R", "mode": "bus", "line_name": "405"}, {"line_id": "92-405-j24-1", "route_id": "46.TA.92-405-j24-1.13.R", "mode": "bus", "line_name": "405"}, {"line_id": "92-405-j24-1", "route_id": "29.TA.92-405-j24-1.8.H", "mode": "bus", "line_name": "405"}, {"line_id": "92-405-j24-1", "route_id": "7.TA.92-405-j24-1.5.H", "mode": "bus", "line_name": "405"}, {"line_id": "92-405-j24-1", "route_id": "5.TA.92-405-j24-1.14.H", "mode": "bus", "line_name": "405"}, {"line_id": "92-405-j24-1", "route_id": "21.TA.92-405-j24-1.7.H", "mode": "bus", "line_name": "405"}, {"line_id": "92-405-j24-1", "route_id": "2.TA.92-405-j24-1.1.H", "mode": "bus", "line_name": "405"}], "predominant_mode": "bus", "assigned_canton": "Uri", "modes_list": ["bus"]}, "geometry": {"type": "Point", "coordinates": [8.640212573493045, 46.85864638178514]}}, {"id": "23578", "type": "Feature", "properties": {"name": "Schattdorf, Dorf", "lon": 8.654441875051708, "lat": 46.86456759161263, "stop_id": ["8505893.link:40577", "8505893.link:40578"], "lines": [{"line_id": "92-401-j24-1", "route_id": "23.TA.92-401-j24-1.23.H", "mode": "bus", "line_name": "401"}, {"line_id": "92-401-j24-1", "route_id": "66.TA.92-401-j24-1.28.H", "mode": "bus", "line_name": "401"}, {"line_id": "92-401-j24-1", "route_id": "40.TA.92-401-j24-1.26.H", "mode": "bus", "line_name": "401"}, {"line_id": "92-401-j24-1", "route_id": "75.TA.92-401-j24-1.29.H", "mode": "bus", "line_name": "401"}, {"line_id": "92-401-j24-1", "route_id": "41.TA.92-401-j24-1.26.H", "mode": "bus", "line_name": "401"}, {"line_id": "92-412-A-j24-1", "route_id": "1.TA.92-412-A-j24-1.4.H", "mode": "bus", "line_name": "412"}, {"line_id": "92-401-j24-1", "route_id": "2.TA.92-401-j24-1.22.H", "mode": "bus", "line_name": "401"}, {"line_id": "92-401-j24-1", "route_id": "26.TA.92-401-j24-1.23.H", "mode": "bus", "line_name": "401"}, {"line_id": "92-401-j24-1", "route_id": "51.TA.92-401-j24-1.27.H", "mode": "bus", "line_name": "401"}, {"line_id": "92-412-A-j24-1", "route_id": "26.TA.92-412-A-j24-1.5.H", "mode": "bus", "line_name": "412"}, {"line_id": "92-401-j24-1", "route_id": "158.TA.92-401-j24-1.39.R", "mode": "bus", "line_name": "401"}, {"line_id": "92-401-j24-1", "route_id": "168.TA.92-401-j24-1.40.R", "mode": "bus", "line_name": "401"}, {"line_id": "92-401-j24-1", "route_id": "131.TA.92-401-j24-1.35.R", "mode": "bus", "line_name": "401"}, {"line_id": "92-401-j24-1", "route_id": "126.TA.92-401-j24-1.34.R", "mode": "bus", "line_name": "401"}, {"line_id": "92-412-A-j24-1", "route_id": "46.TA.92-412-A-j24-1.6.R", "mode": "bus", "line_name": "412"}, {"line_id": "92-401-j24-1", "route_id": "145.TA.92-401-j24-1.37.R", "mode": "bus", "line_name": "401"}, {"line_id": "92-401-j24-1", "route_id": "149.TA.92-401-j24-1.38.R", "mode": "bus", "line_name": "401"}, {"line_id": "92-401-j24-1", "route_id": "127.TA.92-401-j24-1.35.R", "mode": "bus", "line_name": "401"}, {"line_id": "92-401-j24-1", "route_id": "90.TA.92-401-j24-1.32.R", "mode": "bus", "line_name": "401"}, {"line_id": "92-401-j24-1", "route_id": "144.TA.92-401-j24-1.36.R", "mode": "bus", "line_name": "401"}, {"line_id": "92-401-j24-1", "route_id": "87.TA.92-401-j24-1.30.R", "mode": "bus", "line_name": "401"}, {"line_id": "92-401-j24-1", "route_id": "88.TA.92-401-j24-1.31.R", "mode": "bus", "line_name": "401"}, {"line_id": "92-401-j24-1", "route_id": "92.TA.92-401-j24-1.32.R", "mode": "bus", "line_name": "401"}], "predominant_mode": "bus", "assigned_canton": "Uri", "modes_list": ["bus"]}, "geometry": {"type": "Point", "coordinates": [8.654441883706772, 46.8645676015607]}}, {"id": "23579", "type": "Feature", "properties": {"name": "Schattdorf, Gandr\u00fctti", "lon": 8.648144684954918, "lat": 46.861711481711154, "stop_id": ["8587927.link:919352", "8587927.link:919353"], "lines": [{"line_id": "92-401-j24-1", "route_id": "158.TA.92-401-j24-1.39.R", "mode": "bus", "line_name": "401"}, {"line_id": "92-401-j24-1", "route_id": "168.TA.92-401-j24-1.40.R", "mode": "bus", "line_name": "401"}, {"line_id": "92-401-j24-1", "route_id": "131.TA.92-401-j24-1.35.R", "mode": "bus", "line_name": "401"}, {"line_id": "92-401-j24-1", "route_id": "126.TA.92-401-j24-1.34.R", "mode": "bus", "line_name": "401"}, {"line_id": "92-412-A-j24-1", "route_id": "46.TA.92-412-A-j24-1.6.R", "mode": "bus", "line_name": "412"}, {"line_id": "92-401-j24-1", "route_id": "145.TA.92-401-j24-1.37.R", "mode": "bus", "line_name": "401"}, {"line_id": "92-401-j24-1", "route_id": "149.TA.92-401-j24-1.38.R", "mode": "bus", "line_name": "401"}, {"line_id": "92-401-j24-1", "route_id": "127.TA.92-401-j24-1.35.R", "mode": "bus", "line_name": "401"}, {"line_id": "92-401-j24-1", "route_id": "90.TA.92-401-j24-1.32.R", "mode": "bus", "line_name": "401"}, {"line_id": "92-401-j24-1", "route_id": "144.TA.92-401-j24-1.36.R", "mode": "bus", "line_name": "401"}, {"line_id": "92-401-j24-1", "route_id": "87.TA.92-401-j24-1.30.R", "mode": "bus", "line_name": "401"}, {"line_id": "92-401-j24-1", "route_id": "88.TA.92-401-j24-1.31.R", "mode": "bus", "line_name": "401"}, {"line_id": "92-401-j24-1", "route_id": "92.TA.92-401-j24-1.32.R", "mode": "bus", "line_name": "401"}, {"line_id": "92-401-j24-1", "route_id": "23.TA.92-401-j24-1.23.H", "mode": "bus", "line_name": "401"}, {"line_id": "92-401-j24-1", "route_id": "66.TA.92-401-j24-1.28.H", "mode": "bus", "line_name": "401"}, {"line_id": "92-401-j24-1", "route_id": "40.TA.92-401-j24-1.26.H", "mode": "bus", "line_name": "401"}, {"line_id": "92-401-j24-1", "route_id": "75.TA.92-401-j24-1.29.H", "mode": "bus", "line_name": "401"}, {"line_id": "92-401-j24-1", "route_id": "41.TA.92-401-j24-1.26.H", "mode": "bus", "line_name": "401"}, {"line_id": "92-412-A-j24-1", "route_id": "1.TA.92-412-A-j24-1.4.H", "mode": "bus", "line_name": "412"}, {"line_id": "92-401-j24-1", "route_id": "2.TA.92-401-j24-1.22.H", "mode": "bus", "line_name": "401"}, {"line_id": "92-401-j24-1", "route_id": "26.TA.92-401-j24-1.23.H", "mode": "bus", "line_name": "401"}, {"line_id": "92-401-j24-1", "route_id": "51.TA.92-401-j24-1.27.H", "mode": "bus", "line_name": "401"}, {"line_id": "92-412-A-j24-1", "route_id": "26.TA.92-412-A-j24-1.5.H", "mode": "bus", "line_name": "412"}], "predominant_mode": "bus", "assigned_canton": "Uri", "modes_list": ["bus"]}, "geometry": {"type": "Point", "coordinates": [8.648144693604612, 46.8617114916599]}}, {"id": "23580", "type": "Feature", "properties": {"name": "Schattdorf, Grund", "lon": 8.652582365182253, "lat": 46.86862116164235, "stop_id": ["8577378.link:1851725", "8577378.link:1851726"], "lines": [{"line_id": "92-401-j24-1", "route_id": "23.TA.92-401-j24-1.23.H", "mode": "bus", "line_name": "401"}, {"line_id": "92-401-j24-1", "route_id": "66.TA.92-401-j24-1.28.H", "mode": "bus", "line_name": "401"}, {"line_id": "92-401-j24-1", "route_id": "40.TA.92-401-j24-1.26.H", "mode": "bus", "line_name": "401"}, {"line_id": "92-401-j24-1", "route_id": "75.TA.92-401-j24-1.29.H", "mode": "bus", "line_name": "401"}, {"line_id": "92-401-j24-1", "route_id": "41.TA.92-401-j24-1.26.H", "mode": "bus", "line_name": "401"}, {"line_id": "92-412-A-j24-1", "route_id": "1.TA.92-412-A-j24-1.4.H", "mode": "bus", "line_name": "412"}, {"line_id": "92-401-j24-1", "route_id": "2.TA.92-401-j24-1.22.H", "mode": "bus", "line_name": "401"}, {"line_id": "92-401-j24-1", "route_id": "26.TA.92-401-j24-1.23.H", "mode": "bus", "line_name": "401"}, {"line_id": "92-401-j24-1", "route_id": "51.TA.92-401-j24-1.27.H", "mode": "bus", "line_name": "401"}, {"line_id": "92-412-A-j24-1", "route_id": "26.TA.92-412-A-j24-1.5.H", "mode": "bus", "line_name": "412"}, {"line_id": "92-401-j24-1", "route_id": "158.TA.92-401-j24-1.39.R", "mode": "bus", "line_name": "401"}, {"line_id": "92-401-j24-1", "route_id": "168.TA.92-401-j24-1.40.R", "mode": "bus", "line_name": "401"}, {"line_id": "92-401-j24-1", "route_id": "131.TA.92-401-j24-1.35.R", "mode": "bus", "line_name": "401"}, {"line_id": "92-401-j24-1", "route_id": "126.TA.92-401-j24-1.34.R", "mode": "bus", "line_name": "401"}, {"line_id": "92-412-A-j24-1", "route_id": "46.TA.92-412-A-j24-1.6.R", "mode": "bus", "line_name": "412"}, {"line_id": "92-401-j24-1", "route_id": "145.TA.92-401-j24-1.37.R", "mode": "bus", "line_name": "401"}, {"line_id": "92-401-j24-1", "route_id": "149.TA.92-401-j24-1.38.R", "mode": "bus", "line_name": "401"}, {"line_id": "92-401-j24-1", "route_id": "127.TA.92-401-j24-1.35.R", "mode": "bus", "line_name": "401"}, {"line_id": "92-401-j24-1", "route_id": "90.TA.92-401-j24-1.32.R", "mode": "bus", "line_name": "401"}, {"line_id": "92-401-j24-1", "route_id": "144.TA.92-401-j24-1.36.R", "mode": "bus", "line_name": "401"}, {"line_id": "92-401-j24-1", "route_id": "87.TA.92-401-j24-1.30.R", "mode": "bus", "line_name": "401"}, {"line_id": "92-401-j24-1", "route_id": "88.TA.92-401-j24-1.31.R", "mode": "bus", "line_name": "401"}, {"line_id": "92-401-j24-1", "route_id": "92.TA.92-401-j24-1.32.R", "mode": "bus", "line_name": "401"}], "predominant_mode": "bus", "assigned_canton": "Uri", "modes_list": ["bus"]}, "geometry": {"type": "Point", "coordinates": [8.652582373834326, 46.86862117159257]}}, {"id": "23581", "type": "Feature", "properties": {"name": "Schattdorf, Rossgiessen", "lon": 8.646204324728773, "lat": 46.85478862174075, "stop_id": ["8577383.link:1662159", "8577383.link:1662160"], "lines": [{"line_id": "92-401-j24-1", "route_id": "158.TA.92-401-j24-1.39.R", "mode": "bus", "line_name": "401"}, {"line_id": "92-401-j24-1", "route_id": "168.TA.92-401-j24-1.40.R", "mode": "bus", "line_name": "401"}, {"line_id": "92-401-j24-1", "route_id": "131.TA.92-401-j24-1.35.R", "mode": "bus", "line_name": "401"}, {"line_id": "92-401-j24-1", "route_id": "126.TA.92-401-j24-1.34.R", "mode": "bus", "line_name": "401"}, {"line_id": "92-412-A-j24-1", "route_id": "46.TA.92-412-A-j24-1.6.R", "mode": "bus", "line_name": "412"}, {"line_id": "92-405-j24-1", "route_id": "46.TA.92-405-j24-1.13.R", "mode": "bus", "line_name": "405"}, {"line_id": "92-401-j24-1", "route_id": "145.TA.92-401-j24-1.37.R", "mode": "bus", "line_name": "401"}, {"line_id": "92-405-j24-1", "route_id": "34.TA.92-405-j24-1.10.R", "mode": "bus", "line_name": "405"}, {"line_id": "92-405-j24-1", "route_id": "33.TA.92-405-j24-1.9.R", "mode": "bus", "line_name": "405"}, {"line_id": "92-401-j24-1", "route_id": "149.TA.92-401-j24-1.38.R", "mode": "bus", "line_name": "401"}, {"line_id": "92-401-j24-1", "route_id": "127.TA.92-401-j24-1.35.R", "mode": "bus", "line_name": "401"}, {"line_id": "92-401-j24-1", "route_id": "90.TA.92-401-j24-1.32.R", "mode": "bus", "line_name": "401"}, {"line_id": "92-405-j24-1", "route_id": "48.TA.92-405-j24-1.13.R", "mode": "bus", "line_name": "405"}, {"line_id": "92-401-j24-1", "route_id": "144.TA.92-401-j24-1.36.R", "mode": "bus", "line_name": "401"}, {"line_id": "92-401-j24-1", "route_id": "87.TA.92-401-j24-1.30.R", "mode": "bus", "line_name": "401"}, {"line_id": "92-401-j24-1", "route_id": "88.TA.92-401-j24-1.31.R", "mode": "bus", "line_name": "401"}, {"line_id": "92-401-j24-1", "route_id": "92.TA.92-401-j24-1.32.R", "mode": "bus", "line_name": "401"}, {"line_id": "92-401-j24-1", "route_id": "23.TA.92-401-j24-1.23.H", "mode": "bus", "line_name": "401"}, {"line_id": "92-401-j24-1", "route_id": "66.TA.92-401-j24-1.28.H", "mode": "bus", "line_name": "401"}, {"line_id": "92-401-j24-1", "route_id": "40.TA.92-401-j24-1.26.H", "mode": "bus", "line_name": "401"}, {"line_id": "92-405-j24-1", "route_id": "7.TA.92-405-j24-1.5.H", "mode": "bus", "line_name": "405"}, {"line_id": "92-405-j24-1", "route_id": "29.TA.92-405-j24-1.8.H", "mode": "bus", "line_name": "405"}, {"line_id": "92-401-j24-1", "route_id": "75.TA.92-401-j24-1.29.H", "mode": "bus", "line_name": "401"}, {"line_id": "92-405-j24-1", "route_id": "5.TA.92-405-j24-1.14.H", "mode": "bus", "line_name": "405"}, {"line_id": "92-401-j24-1", "route_id": "41.TA.92-401-j24-1.26.H", "mode": "bus", "line_name": "401"}, {"line_id": "92-412-A-j24-1", "route_id": "1.TA.92-412-A-j24-1.4.H", "mode": "bus", "line_name": "412"}, {"line_id": "92-405-j24-1", "route_id": "21.TA.92-405-j24-1.7.H", "mode": "bus", "line_name": "405"}, {"line_id": "92-401-j24-1", "route_id": "2.TA.92-401-j24-1.22.H", "mode": "bus", "line_name": "401"}, {"line_id": "92-401-j24-1", "route_id": "26.TA.92-401-j24-1.23.H", "mode": "bus", "line_name": "401"}, {"line_id": "92-401-j24-1", "route_id": "51.TA.92-401-j24-1.27.H", "mode": "bus", "line_name": "401"}, {"line_id": "92-405-j24-1", "route_id": "2.TA.92-405-j24-1.1.H", "mode": "bus", "line_name": "405"}, {"line_id": "92-412-A-j24-1", "route_id": "26.TA.92-412-A-j24-1.5.H", "mode": "bus", "line_name": "412"}], "predominant_mode": "bus", "assigned_canton": "Uri", "modes_list": ["bus"]}, "geometry": {"type": "Point", "coordinates": [8.646204333378556, 46.85478863168729]}}, {"id": "23582", "type": "Feature", "properties": {"name": "Schattdorf, Ryn\u00e4cht", "lon": 8.64671636481549, "lat": 46.85744853173302, "stop_id": ["8577380.link:971270", "8577380.link:971271"], "lines": [{"line_id": "92-401-j24-1", "route_id": "158.TA.92-401-j24-1.39.R", "mode": "bus", "line_name": "401"}, {"line_id": "92-401-j24-1", "route_id": "168.TA.92-401-j24-1.40.R", "mode": "bus", "line_name": "401"}, {"line_id": "92-401-j24-1", "route_id": "131.TA.92-401-j24-1.35.R", "mode": "bus", "line_name": "401"}, {"line_id": "92-401-j24-1", "route_id": "126.TA.92-401-j24-1.34.R", "mode": "bus", "line_name": "401"}, {"line_id": "92-412-A-j24-1", "route_id": "46.TA.92-412-A-j24-1.6.R", "mode": "bus", "line_name": "412"}, {"line_id": "92-401-j24-1", "route_id": "145.TA.92-401-j24-1.37.R", "mode": "bus", "line_name": "401"}, {"line_id": "92-401-j24-1", "route_id": "149.TA.92-401-j24-1.38.R", "mode": "bus", "line_name": "401"}, {"line_id": "92-401-j24-1", "route_id": "127.TA.92-401-j24-1.35.R", "mode": "bus", "line_name": "401"}, {"line_id": "92-401-j24-1", "route_id": "90.TA.92-401-j24-1.32.R", "mode": "bus", "line_name": "401"}, {"line_id": "92-401-j24-1", "route_id": "144.TA.92-401-j24-1.36.R", "mode": "bus", "line_name": "401"}, {"line_id": "92-401-j24-1", "route_id": "87.TA.92-401-j24-1.30.R", "mode": "bus", "line_name": "401"}, {"line_id": "92-401-j24-1", "route_id": "88.TA.92-401-j24-1.31.R", "mode": "bus", "line_name": "401"}, {"line_id": "92-401-j24-1", "route_id": "92.TA.92-401-j24-1.32.R", "mode": "bus", "line_name": "401"}, {"line_id": "92-401-j24-1", "route_id": "23.TA.92-401-j24-1.23.H", "mode": "bus", "line_name": "401"}, {"line_id": "92-401-j24-1", "route_id": "66.TA.92-401-j24-1.28.H", "mode": "bus", "line_name": "401"}, {"line_id": "92-401-j24-1", "route_id": "40.TA.92-401-j24-1.26.H", "mode": "bus", "line_name": "401"}, {"line_id": "92-401-j24-1", "route_id": "75.TA.92-401-j24-1.29.H", "mode": "bus", "line_name": "401"}, {"line_id": "92-401-j24-1", "route_id": "41.TA.92-401-j24-1.26.H", "mode": "bus", "line_name": "401"}, {"line_id": "92-412-A-j24-1", "route_id": "1.TA.92-412-A-j24-1.4.H", "mode": "bus", "line_name": "412"}, {"line_id": "92-401-j24-1", "route_id": "1.TA.92-401-j24-1.21.H", "mode": "bus", "line_name": "401"}, {"line_id": "92-401-j24-1", "route_id": "2.TA.92-401-j24-1.22.H", "mode": "bus", "line_name": "401"}, {"line_id": "92-401-j24-1", "route_id": "26.TA.92-401-j24-1.23.H", "mode": "bus", "line_name": "401"}, {"line_id": "92-401-j24-1", "route_id": "51.TA.92-401-j24-1.27.H", "mode": "bus", "line_name": "401"}, {"line_id": "92-412-A-j24-1", "route_id": "26.TA.92-412-A-j24-1.5.H", "mode": "bus", "line_name": "412"}], "predominant_mode": "bus", "assigned_canton": "Uri", "modes_list": ["bus"]}, "geometry": {"type": "Point", "coordinates": [8.646716373465008, 46.857448541680476]}}, {"id": "23583", "type": "Feature", "properties": {"name": "Schattdorf, R\u00fcttigarten", "lon": 8.642620044936606, "lat": 46.86125695179791, "stop_id": ["8577382.link:1550154", "8577382.link:1550155"], "lines": [{"line_id": "92-405-j24-1", "route_id": "29.TA.92-405-j24-1.8.H", "mode": "bus", "line_name": "405"}, {"line_id": "92-405-j24-1", "route_id": "7.TA.92-405-j24-1.5.H", "mode": "bus", "line_name": "405"}, {"line_id": "92-405-j24-1", "route_id": "5.TA.92-405-j24-1.14.H", "mode": "bus", "line_name": "405"}, {"line_id": "92-405-j24-1", "route_id": "21.TA.92-405-j24-1.7.H", "mode": "bus", "line_name": "405"}, {"line_id": "92-405-j24-1", "route_id": "33.TA.92-405-j24-1.9.R", "mode": "bus", "line_name": "405"}, {"line_id": "92-405-j24-1", "route_id": "34.TA.92-405-j24-1.10.R", "mode": "bus", "line_name": "405"}, {"line_id": "92-405-j24-1", "route_id": "2.TA.92-405-j24-1.1.H", "mode": "bus", "line_name": "405"}, {"line_id": "92-405-j24-1", "route_id": "48.TA.92-405-j24-1.13.R", "mode": "bus", "line_name": "405"}, {"line_id": "92-405-j24-1", "route_id": "46.TA.92-405-j24-1.13.R", "mode": "bus", "line_name": "405"}], "predominant_mode": "bus", "assigned_canton": "Uri", "modes_list": ["bus"]}, "geometry": {"type": "Point", "coordinates": [8.642620053580998, 46.861256961748055]}}, {"id": "24222", "type": "Feature", "properties": {"name": "Seedorf UR, Bolzbach", "lon": 8.593652886020205, "lat": 46.8955634925713, "stop_id": ["8573094.link:1747711", "8573094.link:1747712"], "lines": [{"line_id": "92-405-j24-1", "route_id": "48.TA.92-405-j24-1.13.R", "mode": "bus", "line_name": "405"}, {"line_id": "92-405-j24-1", "route_id": "46.TA.92-405-j24-1.13.R", "mode": "bus", "line_name": "405"}, {"line_id": "92-405-j24-1", "route_id": "29.TA.92-405-j24-1.8.H", "mode": "bus", "line_name": "405"}, {"line_id": "92-405-j24-1", "route_id": "7.TA.92-405-j24-1.5.H", "mode": "bus", "line_name": "405"}, {"line_id": "92-405-j24-1", "route_id": "21.TA.92-405-j24-1.7.H", "mode": "bus", "line_name": "405"}], "predominant_mode": "bus", "assigned_canton": "Uri", "modes_list": ["bus"]}, "geometry": {"type": "Point", "coordinates": [8.593652894606457, 46.8955635025489]}}, {"id": "24223", "type": "Feature", "properties": {"name": "Seedorf UR, Dorf", "lon": 8.613864975561167, "lat": 46.881044072252074, "stop_id": ["8595392.link:1574110", "8595392.link:1574111"], "lines": [{"line_id": "92-405-j24-1", "route_id": "46.TA.92-405-j24-1.13.R", "mode": "bus", "line_name": "405"}, {"line_id": "92-403-j24-1", "route_id": "68.TA.92-403-j24-1.3.R", "mode": "bus", "line_name": "403"}, {"line_id": "92-403-j24-1", "route_id": "126.TA.92-403-j24-1.4.R", "mode": "bus", "line_name": "403"}, {"line_id": "92-403-j24-1", "route_id": "109.TA.92-403-j24-1.4.R", "mode": "bus", "line_name": "403"}, {"line_id": "92-405-j24-1", "route_id": "48.TA.92-405-j24-1.13.R", "mode": "bus", "line_name": "405"}, {"line_id": "92-405-j24-1", "route_id": "34.TA.92-405-j24-1.10.R", "mode": "bus", "line_name": "405"}, {"line_id": "92-405-j24-1", "route_id": "29.TA.92-405-j24-1.8.H", "mode": "bus", "line_name": "405"}, {"line_id": "92-403-j24-1", "route_id": "30.TA.92-403-j24-1.5.H", "mode": "bus", "line_name": "403"}, {"line_id": "92-405-j24-1", "route_id": "7.TA.92-405-j24-1.5.H", "mode": "bus", "line_name": "405"}, {"line_id": "92-403-j24-1", "route_id": "62.TA.92-403-j24-1.5.H", "mode": "bus", "line_name": "403"}, {"line_id": "92-403-j24-1", "route_id": "41.TA.92-403-j24-1.5.H", "mode": "bus", "line_name": "403"}, {"line_id": "92-403-j24-1", "route_id": "64.TA.92-403-j24-1.5.H", "mode": "bus", "line_name": "403"}, {"line_id": "92-405-j24-1", "route_id": "5.TA.92-405-j24-1.14.H", "mode": "bus", "line_name": "405"}, {"line_id": "92-405-j24-1", "route_id": "21.TA.92-405-j24-1.7.H", "mode": "bus", "line_name": "405"}, {"line_id": "92-403-j24-1", "route_id": "1.TA.92-403-j24-1.1.H", "mode": "bus", "line_name": "403"}], "predominant_mode": "bus", "assigned_canton": "Uri", "modes_list": ["bus"]}, "geometry": {"type": "Point", "coordinates": [8.61386498417154, 46.88104408221825]}}, {"id": "24224", "type": "Feature", "properties": {"name": "Seedorf UR, Grund", "lon": 8.610145955605274, "lat": 46.88247470231063, "stop_id": ["8582061.link:700250", "8582061.link:700251"], "lines": [{"line_id": "92-405-j24-1", "route_id": "46.TA.92-405-j24-1.13.R", "mode": "bus", "line_name": "405"}, {"line_id": "92-403-j24-1", "route_id": "68.TA.92-403-j24-1.3.R", "mode": "bus", "line_name": "403"}, {"line_id": "92-403-j24-1", "route_id": "126.TA.92-403-j24-1.4.R", "mode": "bus", "line_name": "403"}, {"line_id": "92-403-j24-1", "route_id": "109.TA.92-403-j24-1.4.R", "mode": "bus", "line_name": "403"}, {"line_id": "92-405-j24-1", "route_id": "48.TA.92-405-j24-1.13.R", "mode": "bus", "line_name": "405"}, {"line_id": "92-405-j24-1", "route_id": "34.TA.92-405-j24-1.10.R", "mode": "bus", "line_name": "405"}, {"line_id": "92-405-j24-1", "route_id": "29.TA.92-405-j24-1.8.H", "mode": "bus", "line_name": "405"}, {"line_id": "92-403-j24-1", "route_id": "30.TA.92-403-j24-1.5.H", "mode": "bus", "line_name": "403"}, {"line_id": "92-405-j24-1", "route_id": "7.TA.92-405-j24-1.5.H", "mode": "bus", "line_name": "405"}, {"line_id": "92-403-j24-1", "route_id": "62.TA.92-403-j24-1.5.H", "mode": "bus", "line_name": "403"}, {"line_id": "92-403-j24-1", "route_id": "41.TA.92-403-j24-1.5.H", "mode": "bus", "line_name": "403"}, {"line_id": "92-403-j24-1", "route_id": "64.TA.92-403-j24-1.5.H", "mode": "bus", "line_name": "403"}, {"line_id": "92-405-j24-1", "route_id": "5.TA.92-405-j24-1.14.H", "mode": "bus", "line_name": "405"}, {"line_id": "92-405-j24-1", "route_id": "21.TA.92-405-j24-1.7.H", "mode": "bus", "line_name": "405"}, {"line_id": "92-403-j24-1", "route_id": "1.TA.92-403-j24-1.1.H", "mode": "bus", "line_name": "403"}], "predominant_mode": "bus", "assigned_canton": "Uri", "modes_list": ["bus"]}, "geometry": {"type": "Point", "coordinates": [8.610145964211563, 46.88247471227844]}}, {"id": "24225", "type": "Feature", "properties": {"name": "Seedorf UR, Reussbr\u00fccke", "lon": 8.620108265674627, "lat": 46.884408752154414, "stop_id": ["8587291.link:1120219", "8587291.link:1120220"], "lines": [{"line_id": "92-405-j24-1", "route_id": "46.TA.92-405-j24-1.13.R", "mode": "bus", "line_name": "405"}, {"line_id": "92-403-j24-1", "route_id": "68.TA.92-403-j24-1.3.R", "mode": "bus", "line_name": "403"}, {"line_id": "92-403-j24-1", "route_id": "126.TA.92-403-j24-1.4.R", "mode": "bus", "line_name": "403"}, {"line_id": "92-403-j24-1", "route_id": "109.TA.92-403-j24-1.4.R", "mode": "bus", "line_name": "403"}, {"line_id": "92-405-j24-1", "route_id": "48.TA.92-405-j24-1.13.R", "mode": "bus", "line_name": "405"}, {"line_id": "92-405-j24-1", "route_id": "34.TA.92-405-j24-1.10.R", "mode": "bus", "line_name": "405"}, {"line_id": "92-405-j24-1", "route_id": "29.TA.92-405-j24-1.8.H", "mode": "bus", "line_name": "405"}, {"line_id": "92-403-j24-1", "route_id": "30.TA.92-403-j24-1.5.H", "mode": "bus", "line_name": "403"}, {"line_id": "92-405-j24-1", "route_id": "7.TA.92-405-j24-1.5.H", "mode": "bus", "line_name": "405"}, {"line_id": "92-403-j24-1", "route_id": "62.TA.92-403-j24-1.5.H", "mode": "bus", "line_name": "403"}, {"line_id": "92-403-j24-1", "route_id": "41.TA.92-403-j24-1.5.H", "mode": "bus", "line_name": "403"}, {"line_id": "92-403-j24-1", "route_id": "64.TA.92-403-j24-1.5.H", "mode": "bus", "line_name": "403"}, {"line_id": "92-405-j24-1", "route_id": "5.TA.92-405-j24-1.14.H", "mode": "bus", "line_name": "405"}, {"line_id": "92-405-j24-1", "route_id": "21.TA.92-405-j24-1.7.H", "mode": "bus", "line_name": "405"}, {"line_id": "92-403-j24-1", "route_id": "1.TA.92-403-j24-1.1.H", "mode": "bus", "line_name": "403"}], "predominant_mode": "bus", "assigned_canton": "Uri", "modes_list": ["bus"]}, "geometry": {"type": "Point", "coordinates": [8.620108274290184, 46.88440876212013]}}, {"id": "24226", "type": "Feature", "properties": {"name": "Seedorf UR, Schloss A Pro", "lon": 8.605510645717052, "lat": 46.88600506238388, "stop_id": ["8573092.link:700242", "8573092.link:700243", "8573092.link:700245"], "lines": [{"line_id": "92-405-j24-1", "route_id": "46.TA.92-405-j24-1.13.R", "mode": "bus", "line_name": "405"}, {"line_id": "92-403-j24-1", "route_id": "68.TA.92-403-j24-1.3.R", "mode": "bus", "line_name": "403"}, {"line_id": "92-403-j24-1", "route_id": "126.TA.92-403-j24-1.4.R", "mode": "bus", "line_name": "403"}, {"line_id": "92-403-j24-1", "route_id": "109.TA.92-403-j24-1.4.R", "mode": "bus", "line_name": "403"}, {"line_id": "92-405-j24-1", "route_id": "48.TA.92-405-j24-1.13.R", "mode": "bus", "line_name": "405"}, {"line_id": "92-405-j24-1", "route_id": "34.TA.92-405-j24-1.10.R", "mode": "bus", "line_name": "405"}, {"line_id": "92-405-j24-1", "route_id": "29.TA.92-405-j24-1.8.H", "mode": "bus", "line_name": "405"}, {"line_id": "92-403-j24-1", "route_id": "30.TA.92-403-j24-1.5.H", "mode": "bus", "line_name": "403"}, {"line_id": "92-405-j24-1", "route_id": "7.TA.92-405-j24-1.5.H", "mode": "bus", "line_name": "405"}, {"line_id": "92-403-j24-1", "route_id": "62.TA.92-403-j24-1.5.H", "mode": "bus", "line_name": "403"}, {"line_id": "92-403-j24-1", "route_id": "41.TA.92-403-j24-1.5.H", "mode": "bus", "line_name": "403"}, {"line_id": "92-403-j24-1", "route_id": "64.TA.92-403-j24-1.5.H", "mode": "bus", "line_name": "403"}, {"line_id": "92-405-j24-1", "route_id": "21.TA.92-405-j24-1.7.H", "mode": "bus", "line_name": "405"}, {"line_id": "92-403-j24-1", "route_id": "1.TA.92-403-j24-1.1.H", "mode": "bus", "line_name": "403"}, {"line_id": "92-405-j24-1", "route_id": "5.TA.92-405-j24-1.14.H", "mode": "bus", "line_name": "405"}], "predominant_mode": "bus", "assigned_canton": "Uri", "modes_list": ["bus"]}, "geometry": {"type": "Point", "coordinates": [8.60551065431775, 46.886005072354365]}}, {"id": "24227", "type": "Feature", "properties": {"name": "Seedorf UR, Seehof", "lon": 8.599267355813998, "lat": 46.88911158248233, "stop_id": ["8573093.link:1210160", "8573093.link:1210161"], "lines": [{"line_id": "92-405-j24-1", "route_id": "48.TA.92-405-j24-1.13.R", "mode": "bus", "line_name": "405"}, {"line_id": "92-405-j24-1", "route_id": "46.TA.92-405-j24-1.13.R", "mode": "bus", "line_name": "405"}, {"line_id": "92-405-j24-1", "route_id": "29.TA.92-405-j24-1.8.H", "mode": "bus", "line_name": "405"}, {"line_id": "92-405-j24-1", "route_id": "7.TA.92-405-j24-1.5.H", "mode": "bus", "line_name": "405"}, {"line_id": "92-405-j24-1", "route_id": "21.TA.92-405-j24-1.7.H", "mode": "bus", "line_name": "405"}], "predominant_mode": "bus", "assigned_canton": "Uri", "modes_list": ["bus"]}, "geometry": {"type": "Point", "coordinates": [8.599267364407648, 46.88911159245584]}}, {"id": "24228", "type": "Feature", "properties": {"name": "Seedorf UR, Wyden", "lon": 8.616119745583989, "lat": 46.8817010622167, "stop_id": ["8588124.link:1574115"], "lines": [{"line_id": "92-405-j24-1", "route_id": "29.TA.92-405-j24-1.8.H", "mode": "bus", "line_name": "405"}, {"line_id": "92-403-j24-1", "route_id": "30.TA.92-403-j24-1.5.H", "mode": "bus", "line_name": "403"}, {"line_id": "92-405-j24-1", "route_id": "7.TA.92-405-j24-1.5.H", "mode": "bus", "line_name": "405"}, {"line_id": "92-403-j24-1", "route_id": "62.TA.92-403-j24-1.5.H", "mode": "bus", "line_name": "403"}, {"line_id": "92-403-j24-1", "route_id": "41.TA.92-403-j24-1.5.H", "mode": "bus", "line_name": "403"}, {"line_id": "92-403-j24-1", "route_id": "64.TA.92-403-j24-1.5.H", "mode": "bus", "line_name": "403"}, {"line_id": "92-405-j24-1", "route_id": "5.TA.92-405-j24-1.14.H", "mode": "bus", "line_name": "405"}, {"line_id": "92-405-j24-1", "route_id": "21.TA.92-405-j24-1.7.H", "mode": "bus", "line_name": "405"}, {"line_id": "92-403-j24-1", "route_id": "1.TA.92-403-j24-1.1.H", "mode": "bus", "line_name": "403"}], "predominant_mode": "bus", "assigned_canton": "Uri", "modes_list": ["bus"]}, "geometry": {"type": "Point", "coordinates": [8.616119754196388, 46.881701072182494]}}, {"id": "24231", "type": "Feature", "properties": {"name": "Seelisberg (Bergstation)", "lon": 8.586933488727995, "lat": 46.97880997268577, "stop_id": ["8508499.link:pt_8508499"], "lines": [{"line_id": "93-16-Y-j24-1", "route_id": "6.TA.93-16-Y-j24-1.1.H", "mode": "funicular", "line_name": "FUN"}, {"line_id": "93-16-Y-j24-1", "route_id": "28.TA.93-16-Y-j24-1.2.R", "mode": "funicular", "line_name": "FUN"}], "predominant_mode": "funicular", "assigned_canton": "Uri", "modes_list": ["funicular"]}, "geometry": {"type": "Point", "coordinates": [8.586933497283512, 46.97880998269732]}}, {"id": "24232", "type": "Feature", "properties": {"name": "Seelisberg, Bahnhof", "lon": 8.586969418712018, "lat": 46.97831965268517, "stop_id": ["8572959.link:362445", "8572959.link:362446"], "lines": [{"line_id": "96-363-0-j24-1", "route_id": "150.TA.96-363-0-j24-1.8.H", "mode": "bus", "line_name": "311"}, {"line_id": "96-363-0-j24-1", "route_id": "154.TA.96-363-0-j24-1.9.H", "mode": "bus", "line_name": "311"}, {"line_id": "96-363-0-j24-1", "route_id": "73.TA.96-363-0-j24-1.4.H", "mode": "bus", "line_name": "311"}, {"line_id": "96-363-0-j24-1", "route_id": "58.TA.96-363-0-j24-1.2.H", "mode": "bus", "line_name": "311"}, {"line_id": "96-363-0-j24-1", "route_id": "206.TA.96-363-0-j24-1.13.R", "mode": "bus", "line_name": "311"}, {"line_id": "96-363-0-j24-1", "route_id": "302.TA.96-363-0-j24-1.39.R", "mode": "bus", "line_name": "311"}, {"line_id": "96-363-0-j24-1", "route_id": "314.TA.96-363-0-j24-1.41.R", "mode": "bus", "line_name": "311"}, {"line_id": "96-363-0-j24-1", "route_id": "300.TA.96-363-0-j24-1.38.R", "mode": "bus", "line_name": "311"}, {"line_id": "96-363-0-j24-1", "route_id": "321.TA.96-363-0-j24-1.42.R", "mode": "bus", "line_name": "311"}, {"line_id": "96-363-0-j24-1", "route_id": "313.TA.96-363-0-j24-1.40.R", "mode": "bus", "line_name": "311"}, {"line_id": "96-363-0-j24-1", "route_id": "197.TA.96-363-0-j24-1.11.R", "mode": "bus", "line_name": "311"}], "predominant_mode": "bus", "assigned_canton": "Uri", "modes_list": ["bus"]}, "geometry": {"type": "Point", "coordinates": [8.586969427267713, 46.97831966269656]}}, {"id": "24233", "type": "Feature", "properties": {"name": "Seelisberg, Dorf", "lon": 8.585693808621807, "lat": 46.97557993270497, "stop_id": ["8572958.link:362616", "8572958.link:362617"], "lines": [{"line_id": "96-363-0-j24-1", "route_id": "150.TA.96-363-0-j24-1.8.H", "mode": "bus", "line_name": "311"}, {"line_id": "96-363-0-j24-1", "route_id": "154.TA.96-363-0-j24-1.9.H", "mode": "bus", "line_name": "311"}, {"line_id": "96-363-0-j24-1", "route_id": "73.TA.96-363-0-j24-1.4.H", "mode": "bus", "line_name": "311"}, {"line_id": "96-363-0-j24-1", "route_id": "58.TA.96-363-0-j24-1.2.H", "mode": "bus", "line_name": "311"}, {"line_id": "96-363-0-j24-1", "route_id": "206.TA.96-363-0-j24-1.13.R", "mode": "bus", "line_name": "311"}, {"line_id": "96-363-0-j24-1", "route_id": "302.TA.96-363-0-j24-1.39.R", "mode": "bus", "line_name": "311"}, {"line_id": "96-363-0-j24-1", "route_id": "314.TA.96-363-0-j24-1.41.R", "mode": "bus", "line_name": "311"}, {"line_id": "96-363-0-j24-1", "route_id": "300.TA.96-363-0-j24-1.38.R", "mode": "bus", "line_name": "311"}, {"line_id": "96-363-0-j24-1", "route_id": "321.TA.96-363-0-j24-1.42.R", "mode": "bus", "line_name": "311"}, {"line_id": "96-363-0-j24-1", "route_id": "313.TA.96-363-0-j24-1.40.R", "mode": "bus", "line_name": "311"}, {"line_id": "96-363-0-j24-1", "route_id": "197.TA.96-363-0-j24-1.11.R", "mode": "bus", "line_name": "311"}], "predominant_mode": "bus", "assigned_canton": "Uri", "modes_list": ["bus"]}, "geometry": {"type": "Point", "coordinates": [8.585693817177047, 46.975579942715704]}}, {"id": "24234", "type": "Feature", "properties": {"name": "Seelisberg, Geissweg", "lon": 8.572731128206952, "lat": 46.96312375290732, "stop_id": ["8572954.link:131202", "8572954.link:131203"], "lines": [{"line_id": "96-363-0-j24-1", "route_id": "150.TA.96-363-0-j24-1.8.H", "mode": "bus", "line_name": "311"}, {"line_id": "96-363-0-j24-1", "route_id": "154.TA.96-363-0-j24-1.9.H", "mode": "bus", "line_name": "311"}, {"line_id": "96-363-0-j24-1", "route_id": "73.TA.96-363-0-j24-1.4.H", "mode": "bus", "line_name": "311"}, {"line_id": "96-363-0-j24-1", "route_id": "58.TA.96-363-0-j24-1.2.H", "mode": "bus", "line_name": "311"}, {"line_id": "96-363-0-j24-1", "route_id": "206.TA.96-363-0-j24-1.13.R", "mode": "bus", "line_name": "311"}, {"line_id": "96-363-0-j24-1", "route_id": "302.TA.96-363-0-j24-1.39.R", "mode": "bus", "line_name": "311"}, {"line_id": "96-363-0-j24-1", "route_id": "314.TA.96-363-0-j24-1.41.R", "mode": "bus", "line_name": "311"}, {"line_id": "96-363-0-j24-1", "route_id": "300.TA.96-363-0-j24-1.38.R", "mode": "bus", "line_name": "311"}, {"line_id": "96-363-0-j24-1", "route_id": "321.TA.96-363-0-j24-1.42.R", "mode": "bus", "line_name": "311"}, {"line_id": "96-363-0-j24-1", "route_id": "313.TA.96-363-0-j24-1.40.R", "mode": "bus", "line_name": "311"}, {"line_id": "96-363-0-j24-1", "route_id": "197.TA.96-363-0-j24-1.11.R", "mode": "bus", "line_name": "311"}], "predominant_mode": "bus", "assigned_canton": "Uri", "modes_list": ["bus"]}, "geometry": {"type": "Point", "coordinates": [8.572731136753047, 46.963123762917014]}}, {"id": "24235", "type": "Feature", "properties": {"name": "Seelisberg, Hotel Sonnenberg", "lon": 8.586295688447226, "lat": 46.970216532694955, "stop_id": ["8572957.link:1580914", "8572957.link:1580915"], "lines": [{"line_id": "96-363-0-j24-1", "route_id": "150.TA.96-363-0-j24-1.8.H", "mode": "bus", "line_name": "311"}, {"line_id": "96-363-0-j24-1", "route_id": "154.TA.96-363-0-j24-1.9.H", "mode": "bus", "line_name": "311"}, {"line_id": "96-363-0-j24-1", "route_id": "73.TA.96-363-0-j24-1.4.H", "mode": "bus", "line_name": "311"}, {"line_id": "96-363-0-j24-1", "route_id": "58.TA.96-363-0-j24-1.2.H", "mode": "bus", "line_name": "311"}, {"line_id": "96-363-0-j24-1", "route_id": "206.TA.96-363-0-j24-1.13.R", "mode": "bus", "line_name": "311"}, {"line_id": "96-363-0-j24-1", "route_id": "302.TA.96-363-0-j24-1.39.R", "mode": "bus", "line_name": "311"}, {"line_id": "96-363-0-j24-1", "route_id": "314.TA.96-363-0-j24-1.41.R", "mode": "bus", "line_name": "311"}, {"line_id": "96-363-0-j24-1", "route_id": "300.TA.96-363-0-j24-1.38.R", "mode": "bus", "line_name": "311"}, {"line_id": "96-363-0-j24-1", "route_id": "321.TA.96-363-0-j24-1.42.R", "mode": "bus", "line_name": "311"}, {"line_id": "96-363-0-j24-1", "route_id": "313.TA.96-363-0-j24-1.40.R", "mode": "bus", "line_name": "311"}, {"line_id": "96-363-0-j24-1", "route_id": "197.TA.96-363-0-j24-1.11.R", "mode": "bus", "line_name": "311"}], "predominant_mode": "bus", "assigned_canton": "Uri", "modes_list": ["bus"]}, "geometry": {"type": "Point", "coordinates": [8.586295697004621, 46.97021654270348]}}, {"id": "24236", "type": "Feature", "properties": {"name": "Seelisberg, Laui", "lon": 8.559921148053924, "lat": 46.958691053108055, "stop_id": ["8572953.link:131180", "8572953.link:131181"], "lines": [{"line_id": "96-363-0-j24-1", "route_id": "150.TA.96-363-0-j24-1.8.H", "mode": "bus", "line_name": "311"}, {"line_id": "96-363-0-j24-1", "route_id": "154.TA.96-363-0-j24-1.9.H", "mode": "bus", "line_name": "311"}, {"line_id": "96-363-0-j24-1", "route_id": "73.TA.96-363-0-j24-1.4.H", "mode": "bus", "line_name": "311"}, {"line_id": "96-363-0-j24-1", "route_id": "58.TA.96-363-0-j24-1.2.H", "mode": "bus", "line_name": "311"}, {"line_id": "96-363-0-j24-1", "route_id": "206.TA.96-363-0-j24-1.13.R", "mode": "bus", "line_name": "311"}, {"line_id": "96-363-0-j24-1", "route_id": "302.TA.96-363-0-j24-1.39.R", "mode": "bus", "line_name": "311"}, {"line_id": "96-363-0-j24-1", "route_id": "314.TA.96-363-0-j24-1.41.R", "mode": "bus", "line_name": "311"}, {"line_id": "96-363-0-j24-1", "route_id": "300.TA.96-363-0-j24-1.38.R", "mode": "bus", "line_name": "311"}, {"line_id": "96-363-0-j24-1", "route_id": "321.TA.96-363-0-j24-1.42.R", "mode": "bus", "line_name": "311"}, {"line_id": "96-363-0-j24-1", "route_id": "313.TA.96-363-0-j24-1.40.R", "mode": "bus", "line_name": "311"}, {"line_id": "96-363-0-j24-1", "route_id": "197.TA.96-363-0-j24-1.11.R", "mode": "bus", "line_name": "311"}], "predominant_mode": "bus", "assigned_canton": "Uri", "modes_list": ["bus"]}, "geometry": {"type": "Point", "coordinates": [8.559921156588672, 46.95869106311972]}}, {"id": "24237", "type": "Feature", "properties": {"name": "Seelisberg, Schmidig", "lon": 8.579513408278025, "lat": 46.965165242801035, "stop_id": ["8572956.link:1224122", "8572956.link:1224123"], "lines": [{"line_id": "96-363-0-j24-1", "route_id": "150.TA.96-363-0-j24-1.8.H", "mode": "bus", "line_name": "311"}, {"line_id": "96-363-0-j24-1", "route_id": "154.TA.96-363-0-j24-1.9.H", "mode": "bus", "line_name": "311"}, {"line_id": "96-363-0-j24-1", "route_id": "73.TA.96-363-0-j24-1.4.H", "mode": "bus", "line_name": "311"}, {"line_id": "96-363-0-j24-1", "route_id": "58.TA.96-363-0-j24-1.2.H", "mode": "bus", "line_name": "311"}, {"line_id": "96-363-0-j24-1", "route_id": "206.TA.96-363-0-j24-1.13.R", "mode": "bus", "line_name": "311"}, {"line_id": "96-363-0-j24-1", "route_id": "302.TA.96-363-0-j24-1.39.R", "mode": "bus", "line_name": "311"}, {"line_id": "96-363-0-j24-1", "route_id": "314.TA.96-363-0-j24-1.41.R", "mode": "bus", "line_name": "311"}, {"line_id": "96-363-0-j24-1", "route_id": "300.TA.96-363-0-j24-1.38.R", "mode": "bus", "line_name": "311"}, {"line_id": "96-363-0-j24-1", "route_id": "321.TA.96-363-0-j24-1.42.R", "mode": "bus", "line_name": "311"}, {"line_id": "96-363-0-j24-1", "route_id": "313.TA.96-363-0-j24-1.40.R", "mode": "bus", "line_name": "311"}, {"line_id": "96-363-0-j24-1", "route_id": "197.TA.96-363-0-j24-1.11.R", "mode": "bus", "line_name": "311"}], "predominant_mode": "bus", "assigned_canton": "Uri", "modes_list": ["bus"]}, "geometry": {"type": "Point", "coordinates": [8.57951341683021, 46.96516525280955]}}, {"id": "24238", "type": "Feature", "properties": {"name": "Seelisberg, Seeli", "lon": 8.577393378245251, "lat": 46.964202752834225, "stop_id": ["8572955.link:1224118", "8572955.link:1224119"], "lines": [{"line_id": "96-363-0-j24-1", "route_id": "150.TA.96-363-0-j24-1.8.H", "mode": "bus", "line_name": "311"}, {"line_id": "96-363-0-j24-1", "route_id": "154.TA.96-363-0-j24-1.9.H", "mode": "bus", "line_name": "311"}, {"line_id": "96-363-0-j24-1", "route_id": "73.TA.96-363-0-j24-1.4.H", "mode": "bus", "line_name": "311"}, {"line_id": "96-363-0-j24-1", "route_id": "58.TA.96-363-0-j24-1.2.H", "mode": "bus", "line_name": "311"}, {"line_id": "96-363-0-j24-1", "route_id": "206.TA.96-363-0-j24-1.13.R", "mode": "bus", "line_name": "311"}, {"line_id": "96-363-0-j24-1", "route_id": "302.TA.96-363-0-j24-1.39.R", "mode": "bus", "line_name": "311"}, {"line_id": "96-363-0-j24-1", "route_id": "314.TA.96-363-0-j24-1.41.R", "mode": "bus", "line_name": "311"}, {"line_id": "96-363-0-j24-1", "route_id": "300.TA.96-363-0-j24-1.38.R", "mode": "bus", "line_name": "311"}, {"line_id": "96-363-0-j24-1", "route_id": "321.TA.96-363-0-j24-1.42.R", "mode": "bus", "line_name": "311"}, {"line_id": "96-363-0-j24-1", "route_id": "313.TA.96-363-0-j24-1.40.R", "mode": "bus", "line_name": "311"}, {"line_id": "96-363-0-j24-1", "route_id": "197.TA.96-363-0-j24-1.11.R", "mode": "bus", "line_name": "311"}], "predominant_mode": "bus", "assigned_canton": "Uri", "modes_list": ["bus"]}, "geometry": {"type": "Point", "coordinates": [8.577393386795626, 46.96420276284298]}}, {"id": "24239", "type": "Feature", "properties": {"name": "Seelisberg, Tanzplatz", "lon": 8.584490068354679, "lat": 46.967415082723065, "stop_id": ["8508736.link:1224132", "8508736.link:1224133"], "lines": [{"line_id": "96-363-0-j24-1", "route_id": "150.TA.96-363-0-j24-1.8.H", "mode": "bus", "line_name": "311"}, {"line_id": "96-363-0-j24-1", "route_id": "154.TA.96-363-0-j24-1.9.H", "mode": "bus", "line_name": "311"}, {"line_id": "96-363-0-j24-1", "route_id": "73.TA.96-363-0-j24-1.4.H", "mode": "bus", "line_name": "311"}, {"line_id": "96-363-0-j24-1", "route_id": "58.TA.96-363-0-j24-1.2.H", "mode": "bus", "line_name": "311"}, {"line_id": "96-363-0-j24-1", "route_id": "206.TA.96-363-0-j24-1.13.R", "mode": "bus", "line_name": "311"}, {"line_id": "96-363-0-j24-1", "route_id": "302.TA.96-363-0-j24-1.39.R", "mode": "bus", "line_name": "311"}, {"line_id": "96-363-0-j24-1", "route_id": "314.TA.96-363-0-j24-1.41.R", "mode": "bus", "line_name": "311"}, {"line_id": "96-363-0-j24-1", "route_id": "300.TA.96-363-0-j24-1.38.R", "mode": "bus", "line_name": "311"}, {"line_id": "96-363-0-j24-1", "route_id": "321.TA.96-363-0-j24-1.42.R", "mode": "bus", "line_name": "311"}, {"line_id": "96-363-0-j24-1", "route_id": "313.TA.96-363-0-j24-1.40.R", "mode": "bus", "line_name": "311"}, {"line_id": "96-363-0-j24-1", "route_id": "197.TA.96-363-0-j24-1.11.R", "mode": "bus", "line_name": "311"}], "predominant_mode": "bus", "assigned_canton": "Uri", "modes_list": ["bus"]}, "geometry": {"type": "Point", "coordinates": [8.584490076911111, 46.96741509273102]}}, {"id": "24445", "type": "Feature", "properties": {"name": "Sidelenbach (Furka)", "lon": 8.432243585948845, "lat": 46.587743405055136, "stop_id": ["8505549.link:1000273", "8505549.link:1000274"], "lines": [{"line_id": "96-934-j24-1", "route_id": "4.TA.96-934-j24-1.9.H", "mode": "bus", "line_name": "681"}, {"line_id": "96-934-j24-1", "route_id": "3.TA.96-934-j24-1.8.H", "mode": "bus", "line_name": "681"}, {"line_id": "96-934-j24-1", "route_id": "7.TA.96-934-j24-1.11.R", "mode": "bus", "line_name": "681"}, {"line_id": "96-934-j24-1", "route_id": "6.TA.96-934-j24-1.10.R", "mode": "bus", "line_name": "681"}], "predominant_mode": "bus", "assigned_canton": "Uri", "modes_list": ["bus"]}, "geometry": {"type": "Point", "coordinates": [8.432243594459232, 46.587743414950765]}}, {"id": "24561", "type": "Feature", "properties": {"name": "Silenen, D\u00e4gerlohn", "lon": 8.66919221272786, "lat": 46.792664151370964, "stop_id": ["8505664.link:1732742", "8505664.link:1732743"], "lines": [{"line_id": "92-401-j24-1", "route_id": "158.TA.92-401-j24-1.39.R", "mode": "bus", "line_name": "401"}, {"line_id": "92-401-j24-1", "route_id": "168.TA.92-401-j24-1.40.R", "mode": "bus", "line_name": "401"}, {"line_id": "92-401-j24-1", "route_id": "131.TA.92-401-j24-1.35.R", "mode": "bus", "line_name": "401"}, {"line_id": "92-412-A-j24-1", "route_id": "46.TA.92-412-A-j24-1.6.R", "mode": "bus", "line_name": "412"}, {"line_id": "92-401-j24-1", "route_id": "149.TA.92-401-j24-1.38.R", "mode": "bus", "line_name": "401"}, {"line_id": "92-401-j24-1", "route_id": "127.TA.92-401-j24-1.35.R", "mode": "bus", "line_name": "401"}, {"line_id": "92-401-j24-1", "route_id": "144.TA.92-401-j24-1.36.R", "mode": "bus", "line_name": "401"}, {"line_id": "92-401-j24-1", "route_id": "145.TA.92-401-j24-1.37.R", "mode": "bus", "line_name": "401"}, {"line_id": "92-401-j24-1", "route_id": "51.TA.92-401-j24-1.27.H", "mode": "bus", "line_name": "401"}, {"line_id": "92-401-j24-1", "route_id": "66.TA.92-401-j24-1.28.H", "mode": "bus", "line_name": "401"}, {"line_id": "92-412-A-j24-1", "route_id": "26.TA.92-412-A-j24-1.5.H", "mode": "bus", "line_name": "412"}, {"line_id": "92-401-j24-1", "route_id": "75.TA.92-401-j24-1.29.H", "mode": "bus", "line_name": "401"}], "predominant_mode": "bus", "assigned_canton": "Uri", "modes_list": ["bus"]}, "geometry": {"type": "Point", "coordinates": [8.669192221418092, 46.792664161286055]}}, {"id": "24562", "type": "Feature", "properties": {"name": "Silenen, D\u00f6rfli", "lon": 8.671509862298675, "lat": 46.779371861332585, "stop_id": ["8588653.link:1020502", "8588653.link:1020503"], "lines": [{"line_id": "92-401-j24-1", "route_id": "158.TA.92-401-j24-1.39.R", "mode": "bus", "line_name": "401"}, {"line_id": "92-401-j24-1", "route_id": "168.TA.92-401-j24-1.40.R", "mode": "bus", "line_name": "401"}, {"line_id": "92-401-j24-1", "route_id": "131.TA.92-401-j24-1.35.R", "mode": "bus", "line_name": "401"}, {"line_id": "92-412-A-j24-1", "route_id": "46.TA.92-412-A-j24-1.6.R", "mode": "bus", "line_name": "412"}, {"line_id": "92-401-j24-1", "route_id": "149.TA.92-401-j24-1.38.R", "mode": "bus", "line_name": "401"}, {"line_id": "92-401-j24-1", "route_id": "127.TA.92-401-j24-1.35.R", "mode": "bus", "line_name": "401"}, {"line_id": "92-401-j24-1", "route_id": "144.TA.92-401-j24-1.36.R", "mode": "bus", "line_name": "401"}, {"line_id": "92-401-j24-1", "route_id": "145.TA.92-401-j24-1.37.R", "mode": "bus", "line_name": "401"}, {"line_id": "92-401-j24-1", "route_id": "51.TA.92-401-j24-1.27.H", "mode": "bus", "line_name": "401"}, {"line_id": "92-401-j24-1", "route_id": "66.TA.92-401-j24-1.28.H", "mode": "bus", "line_name": "401"}, {"line_id": "92-412-A-j24-1", "route_id": "26.TA.92-412-A-j24-1.5.H", "mode": "bus", "line_name": "412"}, {"line_id": "92-401-j24-1", "route_id": "75.TA.92-401-j24-1.29.H", "mode": "bus", "line_name": "401"}], "predominant_mode": "bus", "assigned_canton": "Uri", "modes_list": ["bus"]}, "geometry": {"type": "Point", "coordinates": [8.671509870994983, 46.7793718712416]}}, {"id": "24563", "type": "Feature", "properties": {"name": "Silenen, Efibach", "lon": 8.666820662929688, "lat": 46.79893702140917, "stop_id": ["8577389.link:125496", "8577389.link:125497"], "lines": [{"line_id": "92-401-j24-1", "route_id": "158.TA.92-401-j24-1.39.R", "mode": "bus", "line_name": "401"}, {"line_id": "92-401-j24-1", "route_id": "168.TA.92-401-j24-1.40.R", "mode": "bus", "line_name": "401"}, {"line_id": "92-401-j24-1", "route_id": "131.TA.92-401-j24-1.35.R", "mode": "bus", "line_name": "401"}, {"line_id": "92-412-A-j24-1", "route_id": "46.TA.92-412-A-j24-1.6.R", "mode": "bus", "line_name": "412"}, {"line_id": "92-401-j24-1", "route_id": "149.TA.92-401-j24-1.38.R", "mode": "bus", "line_name": "401"}, {"line_id": "92-401-j24-1", "route_id": "127.TA.92-401-j24-1.35.R", "mode": "bus", "line_name": "401"}, {"line_id": "92-401-j24-1", "route_id": "144.TA.92-401-j24-1.36.R", "mode": "bus", "line_name": "401"}, {"line_id": "92-401-j24-1", "route_id": "145.TA.92-401-j24-1.37.R", "mode": "bus", "line_name": "401"}, {"line_id": "92-401-j24-1", "route_id": "51.TA.92-401-j24-1.27.H", "mode": "bus", "line_name": "401"}, {"line_id": "92-401-j24-1", "route_id": "66.TA.92-401-j24-1.28.H", "mode": "bus", "line_name": "401"}, {"line_id": "92-412-A-j24-1", "route_id": "26.TA.92-412-A-j24-1.5.H", "mode": "bus", "line_name": "412"}, {"line_id": "92-401-j24-1", "route_id": "75.TA.92-401-j24-1.29.H", "mode": "bus", "line_name": "401"}], "predominant_mode": "bus", "assigned_canton": "Uri", "modes_list": ["bus"]}, "geometry": {"type": "Point", "coordinates": [8.666820671615788, 46.79893703132751]}}, {"id": "24564", "type": "Feature", "properties": {"name": "Silenen, Ellbogenkapelle", "lon": 8.66436826299689, "lat": 46.801058561448016, "stop_id": ["8577388.link:1798324", "8577388.link:1798325"], "lines": [{"line_id": "92-401-j24-1", "route_id": "158.TA.92-401-j24-1.39.R", "mode": "bus", "line_name": "401"}, {"line_id": "92-401-j24-1", "route_id": "168.TA.92-401-j24-1.40.R", "mode": "bus", "line_name": "401"}, {"line_id": "92-401-j24-1", "route_id": "131.TA.92-401-j24-1.35.R", "mode": "bus", "line_name": "401"}, {"line_id": "92-412-A-j24-1", "route_id": "46.TA.92-412-A-j24-1.6.R", "mode": "bus", "line_name": "412"}, {"line_id": "92-401-j24-1", "route_id": "149.TA.92-401-j24-1.38.R", "mode": "bus", "line_name": "401"}, {"line_id": "92-401-j24-1", "route_id": "127.TA.92-401-j24-1.35.R", "mode": "bus", "line_name": "401"}, {"line_id": "92-401-j24-1", "route_id": "144.TA.92-401-j24-1.36.R", "mode": "bus", "line_name": "401"}, {"line_id": "92-401-j24-1", "route_id": "145.TA.92-401-j24-1.37.R", "mode": "bus", "line_name": "401"}, {"line_id": "92-401-j24-1", "route_id": "51.TA.92-401-j24-1.27.H", "mode": "bus", "line_name": "401"}, {"line_id": "92-401-j24-1", "route_id": "66.TA.92-401-j24-1.28.H", "mode": "bus", "line_name": "401"}, {"line_id": "92-412-A-j24-1", "route_id": "26.TA.92-412-A-j24-1.5.H", "mode": "bus", "line_name": "412"}, {"line_id": "92-401-j24-1", "route_id": "75.TA.92-401-j24-1.29.H", "mode": "bus", "line_name": "401"}], "predominant_mode": "bus", "assigned_canton": "Uri", "modes_list": ["bus"]}, "geometry": {"type": "Point", "coordinates": [8.664368271679967, 46.80105857136788]}}, {"id": "24565", "type": "Feature", "properties": {"name": "Silenen, Gemeindehaus", "lon": 8.670189342407655, "lat": 46.782761371353814, "stop_id": ["8577390.link:1020496", "8577390.link:1020497"], "lines": [{"line_id": "92-401-j24-1", "route_id": "158.TA.92-401-j24-1.39.R", "mode": "bus", "line_name": "401"}, {"line_id": "92-401-j24-1", "route_id": "168.TA.92-401-j24-1.40.R", "mode": "bus", "line_name": "401"}, {"line_id": "92-401-j24-1", "route_id": "131.TA.92-401-j24-1.35.R", "mode": "bus", "line_name": "401"}, {"line_id": "92-412-A-j24-1", "route_id": "46.TA.92-412-A-j24-1.6.R", "mode": "bus", "line_name": "412"}, {"line_id": "92-401-j24-1", "route_id": "149.TA.92-401-j24-1.38.R", "mode": "bus", "line_name": "401"}, {"line_id": "92-401-j24-1", "route_id": "127.TA.92-401-j24-1.35.R", "mode": "bus", "line_name": "401"}, {"line_id": "92-401-j24-1", "route_id": "144.TA.92-401-j24-1.36.R", "mode": "bus", "line_name": "401"}, {"line_id": "92-401-j24-1", "route_id": "145.TA.92-401-j24-1.37.R", "mode": "bus", "line_name": "401"}, {"line_id": "92-401-j24-1", "route_id": "51.TA.92-401-j24-1.27.H", "mode": "bus", "line_name": "401"}, {"line_id": "92-401-j24-1", "route_id": "66.TA.92-401-j24-1.28.H", "mode": "bus", "line_name": "401"}, {"line_id": "92-412-A-j24-1", "route_id": "26.TA.92-412-A-j24-1.5.H", "mode": "bus", "line_name": "412"}, {"line_id": "92-401-j24-1", "route_id": "75.TA.92-401-j24-1.29.H", "mode": "bus", "line_name": "401"}], "predominant_mode": "bus", "assigned_canton": "Uri", "modes_list": ["bus"]}, "geometry": {"type": "Point", "coordinates": [8.670189351101689, 46.7827613812646]}}, {"id": "24566", "type": "Feature", "properties": {"name": "Silenen, Sch\u00fctzen", "lon": 8.663874183230025, "lat": 46.808258871456786, "stop_id": ["8577387.link:1112467", "8577387.link:1112468"], "lines": [{"line_id": "92-401-j24-1", "route_id": "158.TA.92-401-j24-1.39.R", "mode": "bus", "line_name": "401"}, {"line_id": "92-401-j24-1", "route_id": "168.TA.92-401-j24-1.40.R", "mode": "bus", "line_name": "401"}, {"line_id": "92-401-j24-1", "route_id": "131.TA.92-401-j24-1.35.R", "mode": "bus", "line_name": "401"}, {"line_id": "92-412-A-j24-1", "route_id": "46.TA.92-412-A-j24-1.6.R", "mode": "bus", "line_name": "412"}, {"line_id": "92-401-j24-1", "route_id": "149.TA.92-401-j24-1.38.R", "mode": "bus", "line_name": "401"}, {"line_id": "92-401-j24-1", "route_id": "127.TA.92-401-j24-1.35.R", "mode": "bus", "line_name": "401"}, {"line_id": "92-401-j24-1", "route_id": "144.TA.92-401-j24-1.36.R", "mode": "bus", "line_name": "401"}, {"line_id": "92-401-j24-1", "route_id": "145.TA.92-401-j24-1.37.R", "mode": "bus", "line_name": "401"}, {"line_id": "92-401-j24-1", "route_id": "51.TA.92-401-j24-1.27.H", "mode": "bus", "line_name": "401"}, {"line_id": "92-401-j24-1", "route_id": "66.TA.92-401-j24-1.28.H", "mode": "bus", "line_name": "401"}, {"line_id": "92-412-A-j24-1", "route_id": "26.TA.92-412-A-j24-1.5.H", "mode": "bus", "line_name": "412"}, {"line_id": "92-401-j24-1", "route_id": "75.TA.92-401-j24-1.29.H", "mode": "bus", "line_name": "401"}], "predominant_mode": "bus", "assigned_canton": "Uri", "modes_list": ["bus"]}, "geometry": {"type": "Point", "coordinates": [8.66387419191056, 46.808258881379714]}}, {"id": "24804", "type": "Feature", "properties": {"name": "Sisikon", "lon": 8.620638277774296, "lat": 46.94889551715339, "stop_id": ["8505111:0:1.link:541709", "8505111:0:2.link:541692"], "lines": [{"line_id": "91-3-H-j24-1", "route_id": "389.TA.91-3-H-j24-1.534.H", "mode": "rail", "line_name": "S3"}, {"line_id": "91-2-C-j24-1", "route_id": "86.TA.91-2-C-j24-1.35.H", "mode": "rail", "line_name": "S2"}, {"line_id": "91-2-C-j24-1", "route_id": "98.TA.91-2-C-j24-1.88.H", "mode": "rail", "line_name": "S2"}, {"line_id": "91-2-C-j24-1", "route_id": "36.TA.91-2-C-j24-1.13.H", "mode": "rail", "line_name": "S2"}, {"line_id": "91-26-C-j24-1", "route_id": "63.TA.91-26-C-j24-1.715.H", "mode": "rail", "line_name": "IR26"}, {"line_id": "91-46-j24-1", "route_id": "165.TA.91-46-j24-1.405.R", "mode": "rail", "line_name": "IR46"}, {"line_id": "91-2-C-j24-1", "route_id": "191.TA.91-2-C-j24-1.90.R", "mode": "rail", "line_name": "S2"}, {"line_id": "91-2-C-j24-1", "route_id": "180.TA.91-2-C-j24-1.60.R", "mode": "rail", "line_name": "S2"}], "predominant_mode": "rail", "assigned_canton": "Uri", "modes_list": ["rail"]}, "geometry": {"type": "Point", "coordinates": [8.620638286371676, 46.94889552714393]}}, {"id": "24805", "type": "Feature", "properties": {"name": "Sisikon (See)", "lon": 8.619174027750695, "lat": 46.948199492176336, "stop_id": ["8508472.link:pt_8508472"], "lines": [{"line_id": "94-360-0-j24-1", "route_id": "98.TA.94-360-0-j24-1.42.R", "mode": "ferry", "line_name": "3600"}, {"line_id": "94-360-0-j24-1", "route_id": "112.TA.94-360-0-j24-1.44.R", "mode": "ferry", "line_name": "3600"}, {"line_id": "94-360-0-j24-1", "route_id": "40.TA.94-360-0-j24-1.22.H", "mode": "ferry", "line_name": "3600"}, {"line_id": "94-360-0-j24-1", "route_id": "55.TA.94-360-0-j24-1.24.H", "mode": "ferry", "line_name": "3600"}], "predominant_mode": "ferry", "assigned_canton": "Uri", "modes_list": ["ferry"]}, "geometry": {"type": "Point", "coordinates": [8.619174036346838, 46.94819950216701]}}, {"id": "24806", "type": "Feature", "properties": {"name": "Sisikon, Bahnhof", "lon": 8.620835907782324, "lat": 46.9491377421503, "stop_id": ["8573132.link:1262092", "8573132.link:1262093"], "lines": [{"line_id": "92-541-A-j24-1", "route_id": "19.TA.92-541-A-j24-1.1.H", "mode": "bus", "line_name": "541"}, {"line_id": "92-541-A-j24-1", "route_id": "50.TA.92-541-A-j24-1.2.R", "mode": "bus", "line_name": "541"}, {"line_id": "92-541-A-j24-1", "route_id": "36.TA.92-541-A-j24-1.3.H", "mode": "bus", "line_name": "541"}], "predominant_mode": "bus", "assigned_canton": "Uri", "modes_list": ["bus"]}, "geometry": {"type": "Point", "coordinates": [8.620835916379823, 46.94913775214086]}}, {"id": "25032", "type": "Feature", "properties": {"name": "Spiringen, Gl\u00e4tti", "lon": 8.74741751523991, "lat": 46.86859046015253, "stop_id": ["8573123.link:1666657", "8573123.link:1666658"], "lines": [{"line_id": "92-408-j24-1", "route_id": "81.TA.92-408-j24-1.107.R", "mode": "bus", "line_name": "408"}, {"line_id": "92-408-j24-1", "route_id": "48.TA.92-408-j24-1.15.R", "mode": "bus", "line_name": "408"}, {"line_id": "92-408-j24-1", "route_id": "61.TA.92-408-j24-1.38.R", "mode": "bus", "line_name": "408"}, {"line_id": "92-408-j24-1", "route_id": "87.TA.92-408-j24-1.109.R", "mode": "bus", "line_name": "408"}, {"line_id": "92-408-j24-1", "route_id": "79.TA.92-408-j24-1.105.R", "mode": "bus", "line_name": "408"}, {"line_id": "92-408-j24-1", "route_id": "63.TA.92-408-j24-1.21.R", "mode": "bus", "line_name": "408"}, {"line_id": "92-408-j24-1", "route_id": "71.TA.92-408-j24-1.21.R", "mode": "bus", "line_name": "408"}, {"line_id": "92-408-j24-1", "route_id": "27.TA.92-408-j24-1.31.H", "mode": "bus", "line_name": "408"}, {"line_id": "92-408-j24-1", "route_id": "38.TA.92-408-j24-1.89.H", "mode": "bus", "line_name": "408"}, {"line_id": "92-408-j24-1", "route_id": "6.TA.92-408-j24-1.85.H", "mode": "bus", "line_name": "408"}, {"line_id": "92-408-j24-1", "route_id": "34.TA.92-408-j24-1.88.H", "mode": "bus", "line_name": "408"}, {"line_id": "92-408-j24-1", "route_id": "2.TA.92-408-j24-1.2.H", "mode": "bus", "line_name": "408"}, {"line_id": "92-408-j24-1", "route_id": "44.TA.92-408-j24-1.91.H", "mode": "bus", "line_name": "408"}], "predominant_mode": "bus", "assigned_canton": "Uri", "modes_list": ["bus"]}, "geometry": {"type": "Point", "coordinates": [8.747417523984891, 46.86859047007531]}}, {"id": "25033", "type": "Feature", "properties": {"name": "Spiringen, Grindli", "lon": 8.706858575523366, "lat": 46.87807217079091, "stop_id": ["8573119.link:384508", "8573119.link:384509"], "lines": [{"line_id": "92-408-j24-1", "route_id": "81.TA.92-408-j24-1.107.R", "mode": "bus", "line_name": "408"}, {"line_id": "92-408-j24-1", "route_id": "48.TA.92-408-j24-1.15.R", "mode": "bus", "line_name": "408"}, {"line_id": "92-408-j24-1", "route_id": "61.TA.92-408-j24-1.38.R", "mode": "bus", "line_name": "408"}, {"line_id": "92-408-j24-1", "route_id": "87.TA.92-408-j24-1.109.R", "mode": "bus", "line_name": "408"}, {"line_id": "92-408-j24-1", "route_id": "79.TA.92-408-j24-1.105.R", "mode": "bus", "line_name": "408"}, {"line_id": "92-408-j24-1", "route_id": "63.TA.92-408-j24-1.21.R", "mode": "bus", "line_name": "408"}, {"line_id": "92-408-j24-1", "route_id": "71.TA.92-408-j24-1.21.R", "mode": "bus", "line_name": "408"}, {"line_id": "92-408-j24-1", "route_id": "27.TA.92-408-j24-1.31.H", "mode": "bus", "line_name": "408"}, {"line_id": "92-408-j24-1", "route_id": "38.TA.92-408-j24-1.89.H", "mode": "bus", "line_name": "408"}, {"line_id": "92-408-j24-1", "route_id": "6.TA.92-408-j24-1.85.H", "mode": "bus", "line_name": "408"}, {"line_id": "92-408-j24-1", "route_id": "34.TA.92-408-j24-1.88.H", "mode": "bus", "line_name": "408"}, {"line_id": "92-408-j24-1", "route_id": "2.TA.92-408-j24-1.2.H", "mode": "bus", "line_name": "408"}, {"line_id": "92-408-j24-1", "route_id": "44.TA.92-408-j24-1.91.H", "mode": "bus", "line_name": "408"}], "predominant_mode": "bus", "assigned_canton": "Uri", "modes_list": ["bus"]}, "geometry": {"type": "Point", "coordinates": [8.706858584225937, 46.87807218072918]}}, {"id": "25034", "type": "Feature", "properties": {"name": "Spiringen, Holzboden", "lon": 8.72666642531972, "lat": 46.87143392047891, "stop_id": ["8573121.link:1544399", "8573121.link:1544400"], "lines": [{"line_id": "92-408-j24-1", "route_id": "81.TA.92-408-j24-1.107.R", "mode": "bus", "line_name": "408"}, {"line_id": "92-408-j24-1", "route_id": "48.TA.92-408-j24-1.15.R", "mode": "bus", "line_name": "408"}, {"line_id": "92-408-j24-1", "route_id": "61.TA.92-408-j24-1.38.R", "mode": "bus", "line_name": "408"}, {"line_id": "92-408-j24-1", "route_id": "87.TA.92-408-j24-1.109.R", "mode": "bus", "line_name": "408"}, {"line_id": "92-408-j24-1", "route_id": "79.TA.92-408-j24-1.105.R", "mode": "bus", "line_name": "408"}, {"line_id": "92-408-j24-1", "route_id": "63.TA.92-408-j24-1.21.R", "mode": "bus", "line_name": "408"}, {"line_id": "92-408-j24-1", "route_id": "71.TA.92-408-j24-1.21.R", "mode": "bus", "line_name": "408"}, {"line_id": "92-408-j24-1", "route_id": "27.TA.92-408-j24-1.31.H", "mode": "bus", "line_name": "408"}, {"line_id": "92-408-j24-1", "route_id": "38.TA.92-408-j24-1.89.H", "mode": "bus", "line_name": "408"}, {"line_id": "92-408-j24-1", "route_id": "6.TA.92-408-j24-1.85.H", "mode": "bus", "line_name": "408"}, {"line_id": "92-408-j24-1", "route_id": "34.TA.92-408-j24-1.88.H", "mode": "bus", "line_name": "408"}, {"line_id": "92-408-j24-1", "route_id": "2.TA.92-408-j24-1.2.H", "mode": "bus", "line_name": "408"}, {"line_id": "92-408-j24-1", "route_id": "44.TA.92-408-j24-1.91.H", "mode": "bus", "line_name": "408"}], "predominant_mode": "bus", "assigned_canton": "Uri", "modes_list": ["bus"]}, "geometry": {"type": "Point", "coordinates": [8.726666434043599, 46.87143393040883]}}, {"id": "25035", "type": "Feature", "properties": {"name": "Spiringen, Kipfen-Tristel", "lon": 8.734023625335395, "lat": 46.8717778203634, "stop_id": ["8573122.link:1143081", "8573122.link:1143082"], "lines": [{"line_id": "92-408-j24-1", "route_id": "81.TA.92-408-j24-1.107.R", "mode": "bus", "line_name": "408"}, {"line_id": "92-408-j24-1", "route_id": "48.TA.92-408-j24-1.15.R", "mode": "bus", "line_name": "408"}, {"line_id": "92-408-j24-1", "route_id": "61.TA.92-408-j24-1.38.R", "mode": "bus", "line_name": "408"}, {"line_id": "92-408-j24-1", "route_id": "87.TA.92-408-j24-1.109.R", "mode": "bus", "line_name": "408"}, {"line_id": "92-408-j24-1", "route_id": "79.TA.92-408-j24-1.105.R", "mode": "bus", "line_name": "408"}, {"line_id": "92-408-j24-1", "route_id": "63.TA.92-408-j24-1.21.R", "mode": "bus", "line_name": "408"}, {"line_id": "92-408-j24-1", "route_id": "71.TA.92-408-j24-1.21.R", "mode": "bus", "line_name": "408"}, {"line_id": "92-408-j24-1", "route_id": "27.TA.92-408-j24-1.31.H", "mode": "bus", "line_name": "408"}, {"line_id": "92-408-j24-1", "route_id": "38.TA.92-408-j24-1.89.H", "mode": "bus", "line_name": "408"}, {"line_id": "92-408-j24-1", "route_id": "6.TA.92-408-j24-1.85.H", "mode": "bus", "line_name": "408"}, {"line_id": "92-408-j24-1", "route_id": "34.TA.92-408-j24-1.88.H", "mode": "bus", "line_name": "408"}, {"line_id": "92-408-j24-1", "route_id": "2.TA.92-408-j24-1.2.H", "mode": "bus", "line_name": "408"}, {"line_id": "92-408-j24-1", "route_id": "44.TA.92-408-j24-1.91.H", "mode": "bus", "line_name": "408"}], "predominant_mode": "bus", "assigned_canton": "Uri", "modes_list": ["bus"]}, "geometry": {"type": "Point", "coordinates": [8.734023634066364, 46.871777830291336]}}, {"id": "25036", "type": "Feature", "properties": {"name": "Spiringen, Locherbach", "lon": 8.716802925415898, "lat": 46.87457813063424, "stop_id": ["8573120.link:753657", "8573120.link:753658"], "lines": [{"line_id": "92-408-j24-1", "route_id": "81.TA.92-408-j24-1.107.R", "mode": "bus", "line_name": "408"}, {"line_id": "92-408-j24-1", "route_id": "48.TA.92-408-j24-1.15.R", "mode": "bus", "line_name": "408"}, {"line_id": "92-408-j24-1", "route_id": "61.TA.92-408-j24-1.38.R", "mode": "bus", "line_name": "408"}, {"line_id": "92-408-j24-1", "route_id": "87.TA.92-408-j24-1.109.R", "mode": "bus", "line_name": "408"}, {"line_id": "92-408-j24-1", "route_id": "79.TA.92-408-j24-1.105.R", "mode": "bus", "line_name": "408"}, {"line_id": "92-408-j24-1", "route_id": "63.TA.92-408-j24-1.21.R", "mode": "bus", "line_name": "408"}, {"line_id": "92-408-j24-1", "route_id": "71.TA.92-408-j24-1.21.R", "mode": "bus", "line_name": "408"}, {"line_id": "92-408-j24-1", "route_id": "27.TA.92-408-j24-1.31.H", "mode": "bus", "line_name": "408"}, {"line_id": "92-408-j24-1", "route_id": "38.TA.92-408-j24-1.89.H", "mode": "bus", "line_name": "408"}, {"line_id": "92-408-j24-1", "route_id": "6.TA.92-408-j24-1.85.H", "mode": "bus", "line_name": "408"}, {"line_id": "92-408-j24-1", "route_id": "34.TA.92-408-j24-1.88.H", "mode": "bus", "line_name": "408"}, {"line_id": "92-408-j24-1", "route_id": "2.TA.92-408-j24-1.2.H", "mode": "bus", "line_name": "408"}, {"line_id": "92-408-j24-1", "route_id": "44.TA.92-408-j24-1.91.H", "mode": "bus", "line_name": "408"}], "predominant_mode": "bus", "assigned_canton": "Uri", "modes_list": ["bus"]}, "geometry": {"type": "Point", "coordinates": [8.71680293412922, 46.87457814056829]}}, {"id": "25037", "type": "Feature", "properties": {"name": "Spiringen, Post", "lon": 8.728741535356528, "lat": 46.87252704044643, "stop_id": ["8505772.link:1374128", "8505772.link:1374129"], "lines": [{"line_id": "92-408-j24-1", "route_id": "81.TA.92-408-j24-1.107.R", "mode": "bus", "line_name": "408"}, {"line_id": "92-408-j24-1", "route_id": "48.TA.92-408-j24-1.15.R", "mode": "bus", "line_name": "408"}, {"line_id": "92-408-j24-1", "route_id": "61.TA.92-408-j24-1.38.R", "mode": "bus", "line_name": "408"}, {"line_id": "92-408-j24-1", "route_id": "87.TA.92-408-j24-1.109.R", "mode": "bus", "line_name": "408"}, {"line_id": "92-408-j24-1", "route_id": "79.TA.92-408-j24-1.105.R", "mode": "bus", "line_name": "408"}, {"line_id": "92-408-j24-1", "route_id": "63.TA.92-408-j24-1.21.R", "mode": "bus", "line_name": "408"}, {"line_id": "92-408-j24-1", "route_id": "71.TA.92-408-j24-1.21.R", "mode": "bus", "line_name": "408"}, {"line_id": "92-408-j24-1", "route_id": "27.TA.92-408-j24-1.31.H", "mode": "bus", "line_name": "408"}, {"line_id": "92-408-j24-1", "route_id": "38.TA.92-408-j24-1.89.H", "mode": "bus", "line_name": "408"}, {"line_id": "92-408-j24-1", "route_id": "6.TA.92-408-j24-1.85.H", "mode": "bus", "line_name": "408"}, {"line_id": "92-408-j24-1", "route_id": "34.TA.92-408-j24-1.88.H", "mode": "bus", "line_name": "408"}, {"line_id": "92-408-j24-1", "route_id": "2.TA.92-408-j24-1.2.H", "mode": "bus", "line_name": "408"}, {"line_id": "92-408-j24-1", "route_id": "44.TA.92-408-j24-1.91.H", "mode": "bus", "line_name": "408"}], "predominant_mode": "bus", "assigned_canton": "Uri", "modes_list": ["bus"]}, "geometry": {"type": "Point", "coordinates": [8.72874154408212, 46.87252705037618]}}, {"id": "25038", "type": "Feature", "properties": {"name": "Spiringen, R\u00fctti", "lon": 8.740392685311894, "lat": 46.870936480263204, "stop_id": ["8581319.link:1666645", "8581319.link:1666646"], "lines": [{"line_id": "92-408-j24-1", "route_id": "81.TA.92-408-j24-1.107.R", "mode": "bus", "line_name": "408"}, {"line_id": "92-408-j24-1", "route_id": "48.TA.92-408-j24-1.15.R", "mode": "bus", "line_name": "408"}, {"line_id": "92-408-j24-1", "route_id": "61.TA.92-408-j24-1.38.R", "mode": "bus", "line_name": "408"}, {"line_id": "92-408-j24-1", "route_id": "87.TA.92-408-j24-1.109.R", "mode": "bus", "line_name": "408"}, {"line_id": "92-408-j24-1", "route_id": "79.TA.92-408-j24-1.105.R", "mode": "bus", "line_name": "408"}, {"line_id": "92-408-j24-1", "route_id": "63.TA.92-408-j24-1.21.R", "mode": "bus", "line_name": "408"}, {"line_id": "92-408-j24-1", "route_id": "71.TA.92-408-j24-1.21.R", "mode": "bus", "line_name": "408"}, {"line_id": "92-408-j24-1", "route_id": "27.TA.92-408-j24-1.31.H", "mode": "bus", "line_name": "408"}, {"line_id": "92-408-j24-1", "route_id": "38.TA.92-408-j24-1.89.H", "mode": "bus", "line_name": "408"}, {"line_id": "92-408-j24-1", "route_id": "6.TA.92-408-j24-1.85.H", "mode": "bus", "line_name": "408"}, {"line_id": "92-408-j24-1", "route_id": "34.TA.92-408-j24-1.88.H", "mode": "bus", "line_name": "408"}, {"line_id": "92-408-j24-1", "route_id": "2.TA.92-408-j24-1.2.H", "mode": "bus", "line_name": "408"}, {"line_id": "92-408-j24-1", "route_id": "44.TA.92-408-j24-1.91.H", "mode": "bus", "line_name": "408"}], "predominant_mode": "bus", "assigned_canton": "Uri", "modes_list": ["bus"]}, "geometry": {"type": "Point", "coordinates": [8.740392694049328, 46.87093649018898]}}, {"id": "25039", "type": "Feature", "properties": {"name": "Spiringen, Witerschwanden", "lon": 8.711961005469606, "lat": 46.876322110710554, "stop_id": ["8505661.link:750766", "8505661.link:750767"], "lines": [{"line_id": "92-408-j24-1", "route_id": "81.TA.92-408-j24-1.107.R", "mode": "bus", "line_name": "408"}, {"line_id": "92-408-j24-1", "route_id": "48.TA.92-408-j24-1.15.R", "mode": "bus", "line_name": "408"}, {"line_id": "92-408-j24-1", "route_id": "61.TA.92-408-j24-1.38.R", "mode": "bus", "line_name": "408"}, {"line_id": "92-408-j24-1", "route_id": "87.TA.92-408-j24-1.109.R", "mode": "bus", "line_name": "408"}, {"line_id": "92-408-j24-1", "route_id": "79.TA.92-408-j24-1.105.R", "mode": "bus", "line_name": "408"}, {"line_id": "92-408-j24-1", "route_id": "63.TA.92-408-j24-1.21.R", "mode": "bus", "line_name": "408"}, {"line_id": "92-408-j24-1", "route_id": "71.TA.92-408-j24-1.21.R", "mode": "bus", "line_name": "408"}, {"line_id": "92-408-j24-1", "route_id": "27.TA.92-408-j24-1.31.H", "mode": "bus", "line_name": "408"}, {"line_id": "92-408-j24-1", "route_id": "38.TA.92-408-j24-1.89.H", "mode": "bus", "line_name": "408"}, {"line_id": "92-408-j24-1", "route_id": "6.TA.92-408-j24-1.85.H", "mode": "bus", "line_name": "408"}, {"line_id": "92-408-j24-1", "route_id": "34.TA.92-408-j24-1.88.H", "mode": "bus", "line_name": "408"}, {"line_id": "92-408-j24-1", "route_id": "2.TA.92-408-j24-1.2.H", "mode": "bus", "line_name": "408"}, {"line_id": "92-408-j24-1", "route_id": "44.TA.92-408-j24-1.91.H", "mode": "bus", "line_name": "408"}], "predominant_mode": "bus", "assigned_canton": "Uri", "modes_list": ["bus"]}, "geometry": {"type": "Point", "coordinates": [8.711961014177678, 46.87632212064666]}}, {"id": "25533", "type": "Feature", "properties": {"name": "St. Jakob (Isenthal)", "lon": 8.522650046171456, "lat": 46.90167091368712, "stop_id": ["8530758.link:pt_8530758"], "lines": [{"line_id": "93-6I-Y-j24-1", "route_id": "10.TA.93-6I-Y-j24-1.1.H", "mode": "cable car", "line_name": "PB"}, {"line_id": "93-6I-Y-j24-1", "route_id": "109.TA.93-6I-Y-j24-1.2.R", "mode": "cable car", "line_name": "PB"}], "predominant_mode": "cable car", "assigned_canton": "Uri", "modes_list": ["cable car"]}, "geometry": {"type": "Point", "coordinates": [8.522650054685716, 46.90167092368729]}}, {"id": "26409", "type": "Feature", "properties": {"name": "Tellsplatte", "lon": 8.612571407285175, "lat": 46.93404396227854, "stop_id": ["8508473.link:pt_8508473"], "lines": [{"line_id": "94-360-0-j24-1", "route_id": "18.TA.94-360-0-j24-1.13.H", "mode": "ferry", "line_name": "3600"}, {"line_id": "94-360-0-j24-1", "route_id": "98.TA.94-360-0-j24-1.42.R", "mode": "ferry", "line_name": "3600"}, {"line_id": "94-360-0-j24-1", "route_id": "112.TA.94-360-0-j24-1.44.R", "mode": "ferry", "line_name": "3600"}, {"line_id": "94-360-0-j24-1", "route_id": "40.TA.94-360-0-j24-1.22.H", "mode": "ferry", "line_name": "3600"}, {"line_id": "94-360-0-j24-1", "route_id": "55.TA.94-360-0-j24-1.24.H", "mode": "ferry", "line_name": "3600"}], "predominant_mode": "ferry", "assigned_canton": "Uri", "modes_list": ["ferry"]}, "geometry": {"type": "Point", "coordinates": [8.612571415878943, 46.93404397226568]}}, {"id": "26843", "type": "Feature", "properties": {"name": "Tiefenbach (Furka)", "lon": 8.461591546130027, "lat": 46.592712934595426, "stop_id": ["8508982.link:400099", "8508982.link:400100"], "lines": [{"line_id": "96-934-j24-1", "route_id": "4.TA.96-934-j24-1.9.H", "mode": "bus", "line_name": "681"}, {"line_id": "96-934-j24-1", "route_id": "3.TA.96-934-j24-1.8.H", "mode": "bus", "line_name": "681"}, {"line_id": "96-934-j24-1", "route_id": "7.TA.96-934-j24-1.11.R", "mode": "bus", "line_name": "681"}, {"line_id": "96-934-j24-1", "route_id": "6.TA.96-934-j24-1.10.R", "mode": "bus", "line_name": "681"}], "predominant_mode": "bus", "assigned_canton": "Uri", "modes_list": ["bus"]}, "geometry": {"type": "Point", "coordinates": [8.46159155466871, 46.592712944485065]}}, {"id": "26844", "type": "Feature", "properties": {"name": "Tiefenbach DFB", "lon": 8.46462784596593, "lat": 46.58754584454666, "stop_id": ["8530613.link:969168", "8530613.link:969169"], "lines": [{"line_id": "93-1-j24-1", "route_id": "7.TA.93-1-j24-1.12.R", "mode": "rail", "line_name": "1"}, {"line_id": "93-1-j24-1", "route_id": "6.TA.93-1-j24-1.12.R", "mode": "rail", "line_name": "1"}, {"line_id": "93-1-j24-1", "route_id": "8.TA.93-1-j24-1.12.R", "mode": "rail", "line_name": "1"}, {"line_id": "93-1-j24-1", "route_id": "2.TA.93-1-j24-1.10.H", "mode": "rail", "line_name": "1"}, {"line_id": "93-1-j24-1", "route_id": "4.TA.93-1-j24-1.10.H", "mode": "rail", "line_name": "1"}], "predominant_mode": "rail", "assigned_canton": "Uri", "modes_list": ["rail"]}, "geometry": {"type": "Point", "coordinates": [8.46462785450906, 46.58754585443322]}}, {"id": "27003", "type": "Feature", "properties": {"name": "Treib", "lon": 8.585666869001765, "lat": 46.987224322706474, "stop_id": ["8508469.link:pt_8508469"], "lines": [{"line_id": "94-360-0-j24-1", "route_id": "18.TA.94-360-0-j24-1.13.H", "mode": "ferry", "line_name": "3600"}, {"line_id": "94-360-0-j24-1", "route_id": "88.TA.94-360-0-j24-1.39.R", "mode": "ferry", "line_name": "3600"}, {"line_id": "94-360-0-j24-1", "route_id": "104.TA.94-360-0-j24-1.43.R", "mode": "ferry", "line_name": "3600"}, {"line_id": "94-360-0-j24-1", "route_id": "98.TA.94-360-0-j24-1.42.R", "mode": "ferry", "line_name": "3600"}, {"line_id": "94-360-0-j24-1", "route_id": "64.TA.94-360-0-j24-1.27.R", "mode": "ferry", "line_name": "3600"}, {"line_id": "94-360-0-j24-1", "route_id": "112.TA.94-360-0-j24-1.44.R", "mode": "ferry", "line_name": "3600"}, {"line_id": "94-360-0-j24-1", "route_id": "40.TA.94-360-0-j24-1.22.H", "mode": "ferry", "line_name": "3600"}, {"line_id": "94-360-0-j24-1", "route_id": "46.TA.94-360-0-j24-1.23.H", "mode": "ferry", "line_name": "3600"}, {"line_id": "94-360-0-j24-1", "route_id": "55.TA.94-360-0-j24-1.24.H", "mode": "ferry", "line_name": "3600"}, {"line_id": "94-360-0-j24-1", "route_id": "90.TA.94-360-0-j24-1.41.R", "mode": "ferry", "line_name": "3600"}, {"line_id": "94-360-0-j24-1", "route_id": "5.TA.94-360-0-j24-1.4.H", "mode": "ferry", "line_name": "3600"}, {"line_id": "94-360-0-j24-1", "route_id": "35.TA.94-360-0-j24-1.20.H", "mode": "ferry", "line_name": "3600"}, {"line_id": "94-360-0-j24-1", "route_id": "6.TA.94-360-0-j24-1.5.H", "mode": "ferry", "line_name": "3600"}], "predominant_mode": "ferry", "assigned_canton": "Uri", "modes_list": ["ferry"]}, "geometry": {"type": "Point", "coordinates": [8.585666877553585, 46.98722433272157]}}, {"id": "27004", "type": "Feature", "properties": {"name": "Treib (Talstation)", "lon": 8.585675848999156, "lat": 46.98714466270633, "stop_id": ["8508498.link:pt_8508498"], "lines": [{"line_id": "93-16-Y-j24-1", "route_id": "6.TA.93-16-Y-j24-1.1.H", "mode": "funicular", "line_name": "FUN"}, {"line_id": "93-16-Y-j24-1", "route_id": "28.TA.93-16-Y-j24-1.2.R", "mode": "funicular", "line_name": "FUN"}], "predominant_mode": "funicular", "assigned_canton": "Uri", "modes_list": ["funicular"]}, "geometry": {"type": "Point", "coordinates": [8.585675857551008, 46.98714467272142]}}, {"id": "27602", "type": "Feature", "properties": {"name": "Untersch\u00e4chen, Frittertal", "lon": 8.780870775341612, "lat": 46.87110842962725, "stop_id": ["8573126.link:170278", "8573126.link:170279"], "lines": [{"line_id": "92-408-j24-1", "route_id": "87.TA.92-408-j24-1.109.R", "mode": "bus", "line_name": "408"}, {"line_id": "92-408-j24-1", "route_id": "81.TA.92-408-j24-1.107.R", "mode": "bus", "line_name": "408"}, {"line_id": "92-408-j24-1", "route_id": "44.TA.92-408-j24-1.91.H", "mode": "bus", "line_name": "408"}, {"line_id": "92-408-j24-1", "route_id": "38.TA.92-408-j24-1.89.H", "mode": "bus", "line_name": "408"}], "predominant_mode": "bus", "assigned_canton": "Uri", "modes_list": ["bus"]}, "geometry": {"type": "Point", "coordinates": [8.780870784118456, 46.8711084395413]}}, {"id": "27603", "type": "Feature", "properties": {"name": "Untersch\u00e4chen, Halten", "lon": 8.769093855223701, "lat": 46.86769377981188, "stop_id": ["8511368.link:637199", "8511368.link:637200"], "lines": [{"line_id": "92-408-j24-1", "route_id": "79.TA.92-408-j24-1.105.R", "mode": "bus", "line_name": "408"}, {"line_id": "92-408-j24-1", "route_id": "87.TA.92-408-j24-1.109.R", "mode": "bus", "line_name": "408"}, {"line_id": "92-408-j24-1", "route_id": "81.TA.92-408-j24-1.107.R", "mode": "bus", "line_name": "408"}, {"line_id": "92-408-j24-1", "route_id": "44.TA.92-408-j24-1.91.H", "mode": "bus", "line_name": "408"}, {"line_id": "92-408-j24-1", "route_id": "38.TA.92-408-j24-1.89.H", "mode": "bus", "line_name": "408"}, {"line_id": "92-408-j24-1", "route_id": "34.TA.92-408-j24-1.88.H", "mode": "bus", "line_name": "408"}], "predominant_mode": "bus", "assigned_canton": "Uri", "modes_list": ["bus"]}, "geometry": {"type": "Point", "coordinates": [8.769093863990085, 46.86769378972803]}}, {"id": "27604", "type": "Feature", "properties": {"name": "Untersch\u00e4chen, H\u00e4ltikehr", "lon": 8.785550995152613, "lat": 46.86520635955299, "stop_id": ["8583352.link:26754", "8583352.link:26755"], "lines": [{"line_id": "92-408-j24-1", "route_id": "79.TA.92-408-j24-1.105.R", "mode": "bus", "line_name": "408"}, {"line_id": "92-408-j24-1", "route_id": "87.TA.92-408-j24-1.109.R", "mode": "bus", "line_name": "408"}, {"line_id": "92-408-j24-1", "route_id": "81.TA.92-408-j24-1.107.R", "mode": "bus", "line_name": "408"}, {"line_id": "92-408-j24-1", "route_id": "44.TA.92-408-j24-1.91.H", "mode": "bus", "line_name": "408"}, {"line_id": "92-408-j24-1", "route_id": "38.TA.92-408-j24-1.89.H", "mode": "bus", "line_name": "408"}, {"line_id": "92-408-j24-1", "route_id": "34.TA.92-408-j24-1.88.H", "mode": "bus", "line_name": "408"}], "predominant_mode": "bus", "assigned_canton": "Uri", "modes_list": ["bus"]}, "geometry": {"type": "Point", "coordinates": [8.785551003935751, 46.865206369463365]}}, {"id": "27605", "type": "Feature", "properties": {"name": "Untersch\u00e4chen, Lehnacher", "lon": 8.773315945192468, "lat": 46.866655829745405, "stop_id": ["8583353.link:1899738", "8583353.link:1899739"], "lines": [{"line_id": "92-408-j24-1", "route_id": "79.TA.92-408-j24-1.105.R", "mode": "bus", "line_name": "408"}, {"line_id": "92-408-j24-1", "route_id": "87.TA.92-408-j24-1.109.R", "mode": "bus", "line_name": "408"}, {"line_id": "92-408-j24-1", "route_id": "81.TA.92-408-j24-1.107.R", "mode": "bus", "line_name": "408"}, {"line_id": "92-408-j24-1", "route_id": "44.TA.92-408-j24-1.91.H", "mode": "bus", "line_name": "408"}, {"line_id": "92-408-j24-1", "route_id": "38.TA.92-408-j24-1.89.H", "mode": "bus", "line_name": "408"}, {"line_id": "92-408-j24-1", "route_id": "34.TA.92-408-j24-1.88.H", "mode": "bus", "line_name": "408"}], "predominant_mode": "bus", "assigned_canton": "Uri", "modes_list": ["bus"]}, "geometry": {"type": "Point", "coordinates": [8.773315953963264, 46.86665583965992]}}, {"id": "27606", "type": "Feature", "properties": {"name": "Untersch\u00e4chen, Post", "lon": 8.769021995091371, "lat": 46.86362170981252, "stop_id": ["8505774.link:170286", "8505774.link:170287", "8505774.link:pt_8505774"], "lines": [{"line_id": "92-408-j24-1", "route_id": "81.TA.92-408-j24-1.107.R", "mode": "bus", "line_name": "408"}, {"line_id": "92-408-j24-1", "route_id": "48.TA.92-408-j24-1.15.R", "mode": "bus", "line_name": "408"}, {"line_id": "92-408-j24-1", "route_id": "61.TA.92-408-j24-1.38.R", "mode": "bus", "line_name": "408"}, {"line_id": "92-408-j24-1", "route_id": "87.TA.92-408-j24-1.109.R", "mode": "bus", "line_name": "408"}, {"line_id": "92-408-j24-1", "route_id": "79.TA.92-408-j24-1.105.R", "mode": "bus", "line_name": "408"}, {"line_id": "92-408-j24-1", "route_id": "63.TA.92-408-j24-1.21.R", "mode": "bus", "line_name": "408"}, {"line_id": "92-408-j24-1", "route_id": "71.TA.92-408-j24-1.21.R", "mode": "bus", "line_name": "408"}, {"line_id": "92-408-j24-1", "route_id": "27.TA.92-408-j24-1.31.H", "mode": "bus", "line_name": "408"}, {"line_id": "92-408-j24-1", "route_id": "38.TA.92-408-j24-1.89.H", "mode": "bus", "line_name": "408"}, {"line_id": "92-408-j24-1", "route_id": "6.TA.92-408-j24-1.85.H", "mode": "bus", "line_name": "408"}, {"line_id": "92-408-j24-1", "route_id": "34.TA.92-408-j24-1.88.H", "mode": "bus", "line_name": "408"}, {"line_id": "92-408-j24-1", "route_id": "2.TA.92-408-j24-1.2.H", "mode": "bus", "line_name": "408"}, {"line_id": "92-408-j24-1", "route_id": "44.TA.92-408-j24-1.91.H", "mode": "bus", "line_name": "408"}, {"line_id": "92-408-j24-1", "route_id": "61.TA.92-408-j24-1.38.R", "mode": "bus", "line_name": "408"}], "predominant_mode": "bus", "assigned_canton": "Uri", "modes_list": ["bus"]}, "geometry": {"type": "Point", "coordinates": [8.769022003858868, 46.863621719727064]}}, {"id": "27607", "type": "Feature", "properties": {"name": "Untersch\u00e4chen, Ribi", "lon": 8.780358735125615, "lat": 46.86446931963447, "stop_id": ["8573125.link:1153102", "8573125.link:1153103"], "lines": [{"line_id": "92-408-j24-1", "route_id": "79.TA.92-408-j24-1.105.R", "mode": "bus", "line_name": "408"}, {"line_id": "92-408-j24-1", "route_id": "87.TA.92-408-j24-1.109.R", "mode": "bus", "line_name": "408"}, {"line_id": "92-408-j24-1", "route_id": "81.TA.92-408-j24-1.107.R", "mode": "bus", "line_name": "408"}, {"line_id": "92-408-j24-1", "route_id": "44.TA.92-408-j24-1.91.H", "mode": "bus", "line_name": "408"}, {"line_id": "92-408-j24-1", "route_id": "38.TA.92-408-j24-1.89.H", "mode": "bus", "line_name": "408"}, {"line_id": "92-408-j24-1", "route_id": "34.TA.92-408-j24-1.88.H", "mode": "bus", "line_name": "408"}], "predominant_mode": "bus", "assigned_canton": "Uri", "modes_list": ["bus"]}, "geometry": {"type": "Point", "coordinates": [8.78035874390391, 46.86446932954609]}}, {"id": "27608", "type": "Feature", "properties": {"name": "Untersch\u00e4chen, Ritzen", "lon": 8.773118315285771, "lat": 46.869530099748864, "stop_id": ["8583355.link:170280", "8583355.link:170281"], "lines": [{"line_id": "92-408-j24-1", "route_id": "87.TA.92-408-j24-1.109.R", "mode": "bus", "line_name": "408"}, {"line_id": "92-408-j24-1", "route_id": "81.TA.92-408-j24-1.107.R", "mode": "bus", "line_name": "408"}, {"line_id": "92-408-j24-1", "route_id": "44.TA.92-408-j24-1.91.H", "mode": "bus", "line_name": "408"}, {"line_id": "92-408-j24-1", "route_id": "38.TA.92-408-j24-1.89.H", "mode": "bus", "line_name": "408"}], "predominant_mode": "bus", "assigned_canton": "Uri", "modes_list": ["bus"]}, "geometry": {"type": "Point", "coordinates": [8.77311832405553, 46.869530109664595]}}, {"id": "27609", "type": "Feature", "properties": {"name": "Untersch\u00e4chen, Stutz", "lon": 8.760505965113046, "lat": 46.86444474994639, "stop_id": ["8573124.link:1253956", "8573124.link:1666665", "8573124.link:1666666"], "lines": [{"line_id": "92-408-j24-1", "route_id": "61.TA.92-408-j24-1.38.R", "mode": "bus", "line_name": "408"}, {"line_id": "92-408-j24-1", "route_id": "81.TA.92-408-j24-1.107.R", "mode": "bus", "line_name": "408"}, {"line_id": "92-408-j24-1", "route_id": "48.TA.92-408-j24-1.15.R", "mode": "bus", "line_name": "408"}, {"line_id": "92-408-j24-1", "route_id": "87.TA.92-408-j24-1.109.R", "mode": "bus", "line_name": "408"}, {"line_id": "92-408-j24-1", "route_id": "79.TA.92-408-j24-1.105.R", "mode": "bus", "line_name": "408"}, {"line_id": "92-408-j24-1", "route_id": "63.TA.92-408-j24-1.21.R", "mode": "bus", "line_name": "408"}, {"line_id": "92-408-j24-1", "route_id": "71.TA.92-408-j24-1.21.R", "mode": "bus", "line_name": "408"}, {"line_id": "92-408-j24-1", "route_id": "27.TA.92-408-j24-1.31.H", "mode": "bus", "line_name": "408"}, {"line_id": "92-408-j24-1", "route_id": "38.TA.92-408-j24-1.89.H", "mode": "bus", "line_name": "408"}, {"line_id": "92-408-j24-1", "route_id": "6.TA.92-408-j24-1.85.H", "mode": "bus", "line_name": "408"}, {"line_id": "92-408-j24-1", "route_id": "34.TA.92-408-j24-1.88.H", "mode": "bus", "line_name": "408"}, {"line_id": "92-408-j24-1", "route_id": "2.TA.92-408-j24-1.2.H", "mode": "bus", "line_name": "408"}, {"line_id": "92-408-j24-1", "route_id": "44.TA.92-408-j24-1.91.H", "mode": "bus", "line_name": "408"}], "predominant_mode": "bus", "assigned_canton": "Uri", "modes_list": ["bus"]}, "geometry": {"type": "Point", "coordinates": [8.760505973872002, 46.864444759863765]}}, {"id": "27610", "type": "Feature", "properties": {"name": "Untersch\u00e4chen, Untere Balm", "lon": 8.828607245468293, "lat": 46.87415440887761, "stop_id": ["8573127.link:1374145", "8573127.link:1374146"], "lines": [{"line_id": "92-408-j24-1", "route_id": "87.TA.92-408-j24-1.109.R", "mode": "bus", "line_name": "408"}, {"line_id": "92-408-j24-1", "route_id": "81.TA.92-408-j24-1.107.R", "mode": "bus", "line_name": "408"}, {"line_id": "92-408-j24-1", "route_id": "44.TA.92-408-j24-1.91.H", "mode": "bus", "line_name": "408"}, {"line_id": "92-408-j24-1", "route_id": "38.TA.92-408-j24-1.89.H", "mode": "bus", "line_name": "408"}], "predominant_mode": "bus", "assigned_canton": "Uri", "modes_list": ["bus"]}, "geometry": {"type": "Point", "coordinates": [8.828607254290601, 46.87415441877889]}}, {"id": "27611", "type": "Feature", "properties": {"name": "Untersch\u00e4chen, \u00c4bnet", "lon": 8.764647195353938, "lat": 46.87178396988226, "stop_id": ["8583354.link:637022", "8583354.link:637023"], "lines": [{"line_id": "92-408-j24-1", "route_id": "87.TA.92-408-j24-1.109.R", "mode": "bus", "line_name": "408"}, {"line_id": "92-408-j24-1", "route_id": "81.TA.92-408-j24-1.107.R", "mode": "bus", "line_name": "408"}, {"line_id": "92-408-j24-1", "route_id": "44.TA.92-408-j24-1.91.H", "mode": "bus", "line_name": "408"}, {"line_id": "92-408-j24-1", "route_id": "38.TA.92-408-j24-1.89.H", "mode": "bus", "line_name": "408"}], "predominant_mode": "bus", "assigned_canton": "Uri", "modes_list": ["bus"]}, "geometry": {"type": "Point", "coordinates": [8.764647204114784, 46.87178397980131]}}, {"id": "27703", "type": "Feature", "properties": {"name": "Urigen", "lon": 8.758206275338535, "lat": 46.87142777998341, "stop_id": ["8505775.link:170242", "8505775.link:170243"], "lines": [{"line_id": "92-408-j24-1", "route_id": "79.TA.92-408-j24-1.105.R", "mode": "bus", "line_name": "408"}, {"line_id": "92-408-j24-1", "route_id": "87.TA.92-408-j24-1.109.R", "mode": "bus", "line_name": "408"}, {"line_id": "92-408-j24-1", "route_id": "81.TA.92-408-j24-1.107.R", "mode": "bus", "line_name": "408"}, {"line_id": "92-408-j24-1", "route_id": "44.TA.92-408-j24-1.91.H", "mode": "bus", "line_name": "408"}, {"line_id": "92-408-j24-1", "route_id": "38.TA.92-408-j24-1.89.H", "mode": "bus", "line_name": "408"}, {"line_id": "92-408-j24-1", "route_id": "34.TA.92-408-j24-1.88.H", "mode": "bus", "line_name": "408"}], "predominant_mode": "bus", "assigned_canton": "Uri", "modes_list": ["bus"]}, "geometry": {"type": "Point", "coordinates": [8.758206284093207, 46.871427789904224]}}, {"id": "27711", "type": "Feature", "properties": {"name": "Urnerboden, Argseeli", "lon": 8.928203466390622, "lat": 46.900836167315624, "stop_id": ["8505997.link:1612966", "8505997.link:1612967"], "lines": [{"line_id": "92-408-j24-1", "route_id": "44.TA.92-408-j24-1.91.H", "mode": "bus", "line_name": "408"}, {"line_id": "92-408-j24-1", "route_id": "4.TA.92-408-j24-1.3.H", "mode": "bus", "line_name": "408"}, {"line_id": "92-408-j24-1", "route_id": "1.TA.92-408-j24-1.1.H", "mode": "bus", "line_name": "408"}, {"line_id": "92-408-j24-1", "route_id": "50.TA.92-408-j24-1.16.R", "mode": "bus", "line_name": "408"}, {"line_id": "92-408-j24-1", "route_id": "47.TA.92-408-j24-1.14.R", "mode": "bus", "line_name": "408"}, {"line_id": "92-408-j24-1", "route_id": "87.TA.92-408-j24-1.109.R", "mode": "bus", "line_name": "408"}], "predominant_mode": "bus", "assigned_canton": "Uri", "modes_list": ["bus"]}, "geometry": {"type": "Point", "coordinates": [8.928203475301071, 46.90083617719788]}}, {"id": "27712", "type": "Feature", "properties": {"name": "Urnerboden, Dorf", "lon": 8.900571286017268, "lat": 46.88981144774865, "stop_id": ["8505776.link:1099271", "8505776.link:1099272", "8505776.link:1099274"], "lines": [{"line_id": "92-408-j24-1", "route_id": "44.TA.92-408-j24-1.91.H", "mode": "bus", "line_name": "408"}, {"line_id": "92-408-j24-1", "route_id": "4.TA.92-408-j24-1.3.H", "mode": "bus", "line_name": "408"}, {"line_id": "92-408-j24-1", "route_id": "1.TA.92-408-j24-1.1.H", "mode": "bus", "line_name": "408"}, {"line_id": "92-408-j24-1", "route_id": "50.TA.92-408-j24-1.16.R", "mode": "bus", "line_name": "408"}, {"line_id": "92-408-j24-1", "route_id": "87.TA.92-408-j24-1.109.R", "mode": "bus", "line_name": "408"}, {"line_id": "92-408-j24-1", "route_id": "47.TA.92-408-j24-1.14.R", "mode": "bus", "line_name": "408"}], "predominant_mode": "bus", "assigned_canton": "Uri", "modes_list": ["bus"]}, "geometry": {"type": "Point", "coordinates": [8.900571294904454, 46.889811457634835]}}, {"id": "27713", "type": "Feature", "properties": {"name": "Urnerboden, Klus", "lon": 8.875184895313918, "lat": 46.86859659814501, "stop_id": ["8505880.link:765418", "8505880.link:765419"], "lines": [{"line_id": "92-408-j24-1", "route_id": "44.TA.92-408-j24-1.91.H", "mode": "bus", "line_name": "408"}, {"line_id": "92-408-j24-1", "route_id": "4.TA.92-408-j24-1.3.H", "mode": "bus", "line_name": "408"}, {"line_id": "92-408-j24-1", "route_id": "50.TA.92-408-j24-1.16.R", "mode": "bus", "line_name": "408"}, {"line_id": "92-408-j24-1", "route_id": "87.TA.92-408-j24-1.109.R", "mode": "bus", "line_name": "408"}], "predominant_mode": "bus", "assigned_canton": "Uri", "modes_list": ["bus"]}, "geometry": {"type": "Point", "coordinates": [8.875184904182944, 46.86859660803044]}}, {"id": "27714", "type": "Feature", "properties": {"name": "Urnerboden, Sonne", "lon": 8.921816436263263, "lat": 46.89702442741561, "stop_id": ["8505996.link:1733542", "8505996.link:1733543"], "lines": [{"line_id": "92-408-j24-1", "route_id": "44.TA.92-408-j24-1.91.H", "mode": "bus", "line_name": "408"}, {"line_id": "92-408-j24-1", "route_id": "4.TA.92-408-j24-1.3.H", "mode": "bus", "line_name": "408"}, {"line_id": "92-408-j24-1", "route_id": "1.TA.92-408-j24-1.1.H", "mode": "bus", "line_name": "408"}, {"line_id": "92-408-j24-1", "route_id": "50.TA.92-408-j24-1.16.R", "mode": "bus", "line_name": "408"}, {"line_id": "92-408-j24-1", "route_id": "47.TA.92-408-j24-1.14.R", "mode": "bus", "line_name": "408"}, {"line_id": "92-408-j24-1", "route_id": "87.TA.92-408-j24-1.109.R", "mode": "bus", "line_name": "408"}], "predominant_mode": "bus", "assigned_canton": "Uri", "modes_list": ["bus"]}, "geometry": {"type": "Point", "coordinates": [8.921816445168727, 46.89702443729825]}}, {"id": "27715", "type": "Feature", "properties": {"name": "Urnerboden, Vorfrutt", "lon": 8.870675355433718, "lat": 46.87236122821633, "stop_id": ["8573128.link:1277119", "8573128.link:1277120"], "lines": [{"line_id": "92-408-j24-1", "route_id": "44.TA.92-408-j24-1.91.H", "mode": "bus", "line_name": "408"}, {"line_id": "92-408-j24-1", "route_id": "4.TA.92-408-j24-1.3.H", "mode": "bus", "line_name": "408"}, {"line_id": "92-408-j24-1", "route_id": "50.TA.92-408-j24-1.16.R", "mode": "bus", "line_name": "408"}, {"line_id": "92-408-j24-1", "route_id": "87.TA.92-408-j24-1.109.R", "mode": "bus", "line_name": "408"}], "predominant_mode": "bus", "assigned_canton": "Uri", "modes_list": ["bus"]}, "geometry": {"type": "Point", "coordinates": [8.870675364297272, 46.872361238104524]}}, {"id": "29356", "type": "Feature", "properties": {"name": "Wassen, Dorf", "lon": 8.599563789890972, "lat": 46.70638733245068, "stop_id": ["8589212.link:83654", "8589212.link:83655"], "lines": [{"line_id": "92-401-j24-1", "route_id": "158.TA.92-401-j24-1.39.R", "mode": "bus", "line_name": "401"}, {"line_id": "92-401-j24-1", "route_id": "168.TA.92-401-j24-1.40.R", "mode": "bus", "line_name": "401"}, {"line_id": "92-401-j24-1", "route_id": "145.TA.92-401-j24-1.37.R", "mode": "bus", "line_name": "401"}, {"line_id": "92-401-j24-1", "route_id": "149.TA.92-401-j24-1.38.R", "mode": "bus", "line_name": "401"}, {"line_id": "92-401-j24-1", "route_id": "66.TA.92-401-j24-1.28.H", "mode": "bus", "line_name": "401"}, {"line_id": "92-401-j24-1", "route_id": "1.TA.92-401-j24-1.21.H", "mode": "bus", "line_name": "401"}, {"line_id": "92-401-j24-1", "route_id": "75.TA.92-401-j24-1.29.H", "mode": "bus", "line_name": "401"}], "predominant_mode": "bus", "assigned_canton": "Uri", "modes_list": ["bus"]}, "geometry": {"type": "Point", "coordinates": [8.599563798536671, 46.70638734235019]}}, {"id": "29357", "type": "Feature", "properties": {"name": "Wassen, Pfaffensprung", "lon": 8.60837627015018, "lat": 46.71422855231359, "stop_id": ["8587430.link:109105", "8587430.link:109106"], "lines": [{"line_id": "92-401-j24-1", "route_id": "158.TA.92-401-j24-1.39.R", "mode": "bus", "line_name": "401"}, {"line_id": "92-401-j24-1", "route_id": "168.TA.92-401-j24-1.40.R", "mode": "bus", "line_name": "401"}, {"line_id": "92-401-j24-1", "route_id": "145.TA.92-401-j24-1.37.R", "mode": "bus", "line_name": "401"}, {"line_id": "92-401-j24-1", "route_id": "149.TA.92-401-j24-1.38.R", "mode": "bus", "line_name": "401"}, {"line_id": "92-401-j24-1", "route_id": "66.TA.92-401-j24-1.28.H", "mode": "bus", "line_name": "401"}, {"line_id": "92-401-j24-1", "route_id": "75.TA.92-401-j24-1.29.H", "mode": "bus", "line_name": "401"}], "predominant_mode": "bus", "assigned_canton": "Uri", "modes_list": ["bus"]}, "geometry": {"type": "Point", "coordinates": [8.60837627880244, 46.71422856221387]}}, {"id": "29358", "type": "Feature", "properties": {"name": "Wassen, Post", "lon": 8.59871038983409, "lat": 46.70464400246377, "stop_id": ["8577396.link:1292819", "8577396.link:1292820"], "lines": [{"line_id": "92-401-j24-1", "route_id": "158.TA.92-401-j24-1.39.R", "mode": "bus", "line_name": "401"}, {"line_id": "92-401-j24-1", "route_id": "168.TA.92-401-j24-1.40.R", "mode": "bus", "line_name": "401"}, {"line_id": "96-931-j24-1", "route_id": "1.TA.96-931-j24-1.11.H", "mode": "bus", "line_name": "162"}, {"line_id": "92-401-j24-1", "route_id": "149.TA.92-401-j24-1.38.R", "mode": "bus", "line_name": "401"}, {"line_id": "96-931-j24-1", "route_id": "4.TA.96-931-j24-1.12.H", "mode": "bus", "line_name": "162"}, {"line_id": "92-401-j24-1", "route_id": "145.TA.92-401-j24-1.37.R", "mode": "bus", "line_name": "401"}, {"line_id": "92-401-j24-1", "route_id": "66.TA.92-401-j24-1.28.H", "mode": "bus", "line_name": "401"}, {"line_id": "92-401-j24-1", "route_id": "75.TA.92-401-j24-1.29.H", "mode": "bus", "line_name": "401"}, {"line_id": "96-931-j24-1", "route_id": "5.TA.96-931-j24-1.13.R", "mode": "bus", "line_name": "162"}, {"line_id": "96-931-j24-1", "route_id": "8.TA.96-931-j24-1.14.R", "mode": "bus", "line_name": "162"}, {"line_id": "92-401-j24-1", "route_id": "1.TA.92-401-j24-1.21.H", "mode": "bus", "line_name": "401"}], "predominant_mode": "bus", "assigned_canton": "Uri", "modes_list": ["bus"]}, "geometry": {"type": "Point", "coordinates": [8.598710398479428, 46.704644012362735]}}, {"id": "29359", "type": "Feature", "properties": {"name": "Wassen, Wattingen", "lon": 8.59636578952566, "lat": 46.695144012498915, "stop_id": ["8587431.link:1841011", "8587431.link:1841012"], "lines": [{"line_id": "92-401-j24-1", "route_id": "158.TA.92-401-j24-1.39.R", "mode": "bus", "line_name": "401"}, {"line_id": "92-401-j24-1", "route_id": "168.TA.92-401-j24-1.40.R", "mode": "bus", "line_name": "401"}, {"line_id": "92-401-j24-1", "route_id": "145.TA.92-401-j24-1.37.R", "mode": "bus", "line_name": "401"}, {"line_id": "92-401-j24-1", "route_id": "149.TA.92-401-j24-1.38.R", "mode": "bus", "line_name": "401"}, {"line_id": "92-401-j24-1", "route_id": "66.TA.92-401-j24-1.28.H", "mode": "bus", "line_name": "401"}, {"line_id": "92-401-j24-1", "route_id": "1.TA.92-401-j24-1.21.H", "mode": "bus", "line_name": "401"}, {"line_id": "92-401-j24-1", "route_id": "75.TA.92-401-j24-1.29.H", "mode": "bus", "line_name": "401"}], "predominant_mode": "bus", "assigned_canton": "Uri", "modes_list": ["bus"]}, "geometry": {"type": "Point", "coordinates": [8.596365798171307, 46.6951440223946]}}, {"id": "29834", "type": "Feature", "properties": {"name": "Wiggen b. G\u00f6schenen", "lon": 8.534094578348743, "lat": 46.659988153470366, "stop_id": ["8573110.link:1513161", "8573110.link:1513162"], "lines": [{"line_id": "92-411-B-j24-1", "route_id": "14.TA.92-411-B-j24-1.2.R", "mode": "bus", "line_name": "411"}, {"line_id": "92-411-B-j24-1", "route_id": "7.TA.92-411-B-j24-1.1.H", "mode": "bus", "line_name": "411"}], "predominant_mode": "bus", "assigned_canton": "Uri", "modes_list": ["bus"]}, "geometry": {"type": "Point", "coordinates": [8.534094586941999, 46.659988163368766]}}]}