{"type": "FeatureCollection", "features": [{"id": "514", "type": "Feature", "properties": {"name": "Allenwinden, Dorf", "lon": 8.555474494784628, "lat": 47.164426043192705, "stop_id": ["8502284.link:1514259", "8502284.link:1514260"], "lines": [{"line_id": "92-N1-D-j24-1", "route_id": "1.TA.92-N1-D-j24-1.6.H", "mode": "bus", "line_name": "N1"}, {"line_id": "92-634-j24-1", "route_id": "6.TA.92-634-j24-1.3.H", "mode": "bus", "line_name": "634"}, {"line_id": "92-634-j24-1", "route_id": "98.TA.92-634-j24-1.4.H", "mode": "bus", "line_name": "634"}, {"line_id": "92-634-j24-1", "route_id": "32.TA.92-634-j24-1.4.H", "mode": "bus", "line_name": "634"}, {"line_id": "92-612-C-j24-1", "route_id": "6.TA.92-612-C-j24-1.8.H", "mode": "bus", "line_name": "612"}, {"line_id": "92-634-j24-1", "route_id": "14.TA.92-634-j24-1.4.H", "mode": "bus", "line_name": "634"}, {"line_id": "92-634-j24-1", "route_id": "162.TA.92-634-j24-1.5.R", "mode": "bus", "line_name": "634"}, {"line_id": "92-634-j24-1", "route_id": "139.TA.92-634-j24-1.5.R", "mode": "bus", "line_name": "634"}, {"line_id": "92-612-C-j24-1", "route_id": "36.TA.92-612-C-j24-1.10.R", "mode": "bus", "line_name": "612"}, {"line_id": "92-634-j24-1", "route_id": "152.TA.92-634-j24-1.5.R", "mode": "bus", "line_name": "634"}], "predominant_mode": "bus", "assigned_canton": "Zug", "modes_list": ["bus"]}, "geometry": {"type": "Point", "coordinates": [8.55547450325441, 47.16442605328126]}}, {"id": "515", "type": "Feature", "properties": {"name": "Allenwinden, Egg", "lon": 8.553471254955296, "lat": 47.1696600132244, "stop_id": ["8577533.link:1444665", "8577533.link:1444666"], "lines": [{"line_id": "92-N1-D-j24-1", "route_id": "1.TA.92-N1-D-j24-1.6.H", "mode": "bus", "line_name": "N1"}, {"line_id": "92-634-j24-1", "route_id": "6.TA.92-634-j24-1.3.H", "mode": "bus", "line_name": "634"}, {"line_id": "92-634-j24-1", "route_id": "98.TA.92-634-j24-1.4.H", "mode": "bus", "line_name": "634"}, {"line_id": "92-634-j24-1", "route_id": "32.TA.92-634-j24-1.4.H", "mode": "bus", "line_name": "634"}, {"line_id": "92-612-C-j24-1", "route_id": "6.TA.92-612-C-j24-1.8.H", "mode": "bus", "line_name": "612"}, {"line_id": "92-634-j24-1", "route_id": "14.TA.92-634-j24-1.4.H", "mode": "bus", "line_name": "634"}, {"line_id": "92-634-j24-1", "route_id": "162.TA.92-634-j24-1.5.R", "mode": "bus", "line_name": "634"}, {"line_id": "92-634-j24-1", "route_id": "139.TA.92-634-j24-1.5.R", "mode": "bus", "line_name": "634"}, {"line_id": "92-612-C-j24-1", "route_id": "36.TA.92-612-C-j24-1.10.R", "mode": "bus", "line_name": "612"}, {"line_id": "92-634-j24-1", "route_id": "152.TA.92-634-j24-1.5.R", "mode": "bus", "line_name": "634"}], "predominant_mode": "bus", "assigned_canton": "Zug", "modes_list": ["bus"]}, "geometry": {"type": "Point", "coordinates": [8.553471263421555, 47.16966002331536]}}, {"id": "516", "type": "Feature", "properties": {"name": "Allenwinden, Gr\u00fct", "lon": 8.553471254859355, "lat": 47.16674077322429, "stop_id": ["8577534.link:772174", "8577534.link:772175"], "lines": [{"line_id": "92-N1-D-j24-1", "route_id": "1.TA.92-N1-D-j24-1.6.H", "mode": "bus", "line_name": "N1"}, {"line_id": "92-634-j24-1", "route_id": "6.TA.92-634-j24-1.3.H", "mode": "bus", "line_name": "634"}, {"line_id": "92-634-j24-1", "route_id": "98.TA.92-634-j24-1.4.H", "mode": "bus", "line_name": "634"}, {"line_id": "92-634-j24-1", "route_id": "32.TA.92-634-j24-1.4.H", "mode": "bus", "line_name": "634"}, {"line_id": "92-612-C-j24-1", "route_id": "6.TA.92-612-C-j24-1.8.H", "mode": "bus", "line_name": "612"}, {"line_id": "92-634-j24-1", "route_id": "14.TA.92-634-j24-1.4.H", "mode": "bus", "line_name": "634"}, {"line_id": "92-634-j24-1", "route_id": "162.TA.92-634-j24-1.5.R", "mode": "bus", "line_name": "634"}, {"line_id": "92-634-j24-1", "route_id": "139.TA.92-634-j24-1.5.R", "mode": "bus", "line_name": "634"}, {"line_id": "92-612-C-j24-1", "route_id": "36.TA.92-612-C-j24-1.10.R", "mode": "bus", "line_name": "612"}, {"line_id": "92-634-j24-1", "route_id": "152.TA.92-634-j24-1.5.R", "mode": "bus", "line_name": "634"}], "predominant_mode": "bus", "assigned_canton": "Zug", "modes_list": ["bus"]}, "geometry": {"type": "Point", "coordinates": [8.553471263326482, 47.16674078331424]}}, {"id": "517", "type": "Feature", "properties": {"name": "Allenwinden, Inkenberg", "lon": 8.5495725651522, "lat": 47.17573003328589, "stop_id": ["8577532.link:431161", "8577532.link:431162"], "lines": [{"line_id": "92-N1-D-j24-1", "route_id": "1.TA.92-N1-D-j24-1.6.H", "mode": "bus", "line_name": "N1"}, {"line_id": "92-634-j24-1", "route_id": "6.TA.92-634-j24-1.3.H", "mode": "bus", "line_name": "634"}, {"line_id": "92-634-j24-1", "route_id": "98.TA.92-634-j24-1.4.H", "mode": "bus", "line_name": "634"}, {"line_id": "92-634-j24-1", "route_id": "32.TA.92-634-j24-1.4.H", "mode": "bus", "line_name": "634"}, {"line_id": "92-612-C-j24-1", "route_id": "6.TA.92-612-C-j24-1.8.H", "mode": "bus", "line_name": "612"}, {"line_id": "92-634-j24-1", "route_id": "14.TA.92-634-j24-1.4.H", "mode": "bus", "line_name": "634"}, {"line_id": "92-634-j24-1", "route_id": "162.TA.92-634-j24-1.5.R", "mode": "bus", "line_name": "634"}, {"line_id": "92-634-j24-1", "route_id": "139.TA.92-634-j24-1.5.R", "mode": "bus", "line_name": "634"}, {"line_id": "92-612-C-j24-1", "route_id": "36.TA.92-612-C-j24-1.10.R", "mode": "bus", "line_name": "612"}, {"line_id": "92-634-j24-1", "route_id": "152.TA.92-634-j24-1.5.R", "mode": "bus", "line_name": "634"}], "predominant_mode": "bus", "assigned_canton": "Zug", "modes_list": ["bus"]}, "geometry": {"type": "Point", "coordinates": [8.549572573612823, 47.175730043380106]}}, {"id": "518", "type": "Feature", "properties": {"name": "Allenwinden, St. Meinrad", "lon": 8.5581424946347, "lat": 47.159808483150634, "stop_id": ["8577535.link:1043125", "8577535.link:1043126"], "lines": [{"line_id": "92-N1-D-j24-1", "route_id": "1.TA.92-N1-D-j24-1.6.H", "mode": "bus", "line_name": "N1"}, {"line_id": "92-634-j24-1", "route_id": "6.TA.92-634-j24-1.3.H", "mode": "bus", "line_name": "634"}, {"line_id": "92-634-j24-1", "route_id": "98.TA.92-634-j24-1.4.H", "mode": "bus", "line_name": "634"}, {"line_id": "92-634-j24-1", "route_id": "32.TA.92-634-j24-1.4.H", "mode": "bus", "line_name": "634"}, {"line_id": "92-612-C-j24-1", "route_id": "6.TA.92-612-C-j24-1.8.H", "mode": "bus", "line_name": "612"}, {"line_id": "92-634-j24-1", "route_id": "14.TA.92-634-j24-1.4.H", "mode": "bus", "line_name": "634"}, {"line_id": "92-634-j24-1", "route_id": "162.TA.92-634-j24-1.5.R", "mode": "bus", "line_name": "634"}, {"line_id": "92-634-j24-1", "route_id": "139.TA.92-634-j24-1.5.R", "mode": "bus", "line_name": "634"}, {"line_id": "92-612-C-j24-1", "route_id": "36.TA.92-612-C-j24-1.10.R", "mode": "bus", "line_name": "612"}, {"line_id": "92-634-j24-1", "route_id": "152.TA.92-634-j24-1.5.R", "mode": "bus", "line_name": "634"}], "predominant_mode": "bus", "assigned_canton": "Zug", "modes_list": ["bus"]}, "geometry": {"type": "Point", "coordinates": [8.558142503108476, 47.159808493236746]}}, {"id": "564", "type": "Feature", "properties": {"name": "Alosen, Dorf", "lon": 8.637643394065844, "lat": 47.140930951900856, "stop_id": ["8502865.link:450010", "8502865.link:450011"], "lines": [{"line_id": "92-610-A-j24-1", "route_id": "6.TA.92-610-A-j24-1.1.H", "mode": "bus", "line_name": "610"}, {"line_id": "92-610-A-j24-1", "route_id": "49.TA.92-610-A-j24-1.2.H", "mode": "bus", "line_name": "610"}, {"line_id": "92-610-A-j24-1", "route_id": "93.TA.92-610-A-j24-1.6.R", "mode": "bus", "line_name": "610"}, {"line_id": "92-610-A-j24-1", "route_id": "96.TA.92-610-A-j24-1.3.R", "mode": "bus", "line_name": "610"}, {"line_id": "92-610-A-j24-1", "route_id": "169.TA.92-610-A-j24-1.4.R", "mode": "bus", "line_name": "610"}], "predominant_mode": "bus", "assigned_canton": "Zug", "modes_list": ["bus"]}, "geometry": {"type": "Point", "coordinates": [8.637643402622906, 47.14093096195741]}}, {"id": "565", "type": "Feature", "properties": {"name": "Alosen, Giregg", "lon": 8.642593114173426, "lat": 47.14411433182326, "stop_id": ["8502866.link:1456717", "8502866.link:1882729", "8502866.link:1882730"], "lines": [{"line_id": "92-610-A-j24-1", "route_id": "93.TA.92-610-A-j24-1.6.R", "mode": "bus", "line_name": "610"}, {"line_id": "92-610-A-j24-1", "route_id": "96.TA.92-610-A-j24-1.3.R", "mode": "bus", "line_name": "610"}, {"line_id": "92-610-A-j24-1", "route_id": "6.TA.92-610-A-j24-1.1.H", "mode": "bus", "line_name": "610"}, {"line_id": "92-610-A-j24-1", "route_id": "49.TA.92-610-A-j24-1.2.H", "mode": "bus", "line_name": "610"}, {"line_id": "92-610-A-j24-1", "route_id": "169.TA.92-610-A-j24-1.4.R", "mode": "bus", "line_name": "610"}], "predominant_mode": "bus", "assigned_canton": "Zug", "modes_list": ["bus"]}, "geometry": {"type": "Point", "coordinates": [8.642593122734345, 47.14411434187942]}}, {"id": "566", "type": "Feature", "properties": {"name": "Alosen, Hundtal", "lon": 8.652420674146647, "lat": 47.14311229166883, "stop_id": ["8577574.link:1882743", "8577574.link:1882744"], "lines": [{"line_id": "92-610-A-j24-1", "route_id": "49.TA.92-610-A-j24-1.2.H", "mode": "bus", "line_name": "610"}, {"line_id": "92-610-A-j24-1", "route_id": "169.TA.92-610-A-j24-1.4.R", "mode": "bus", "line_name": "610"}], "predominant_mode": "bus", "assigned_canton": "Zug", "modes_list": ["bus"]}, "geometry": {"type": "Point", "coordinates": [8.652420682717429, 47.14311230172184]}}, {"id": "567", "type": "Feature", "properties": {"name": "Alosen, Raten", "lon": 8.663712504118738, "lat": 47.14204913149138, "stop_id": ["8502867.link:1278337", "8502867.link:779052"], "lines": [{"line_id": "92-610-A-j24-1", "route_id": "169.TA.92-610-A-j24-1.4.R", "mode": "bus", "line_name": "610"}, {"line_id": "92-610-A-j24-1", "route_id": "49.TA.92-610-A-j24-1.2.H", "mode": "bus", "line_name": "610"}], "predominant_mode": "bus", "assigned_canton": "Zug", "modes_list": ["bus"]}, "geometry": {"type": "Point", "coordinates": [8.663712512700819, 47.142049141540745]}}, {"id": "568", "type": "Feature", "properties": {"name": "Alosen, Schmidte", "lon": 8.633142834034935, "lat": 47.140075501971516, "stop_id": ["8577573.link:1882773", "8577573.link:1882774"], "lines": [{"line_id": "92-610-A-j24-1", "route_id": "6.TA.92-610-A-j24-1.1.H", "mode": "bus", "line_name": "610"}, {"line_id": "92-610-A-j24-1", "route_id": "49.TA.92-610-A-j24-1.2.H", "mode": "bus", "line_name": "610"}, {"line_id": "92-610-A-j24-1", "route_id": "93.TA.92-610-A-j24-1.6.R", "mode": "bus", "line_name": "610"}, {"line_id": "92-610-A-j24-1", "route_id": "96.TA.92-610-A-j24-1.3.R", "mode": "bus", "line_name": "610"}, {"line_id": "92-610-A-j24-1", "route_id": "169.TA.92-610-A-j24-1.4.R", "mode": "bus", "line_name": "610"}], "predominant_mode": "bus", "assigned_canton": "Zug", "modes_list": ["bus"]}, "geometry": {"type": "Point", "coordinates": [8.633142842587878, 47.140075512029]}}, {"id": "1489", "type": "Feature", "properties": {"name": "Baar", "lon": 8.522889005780584, "lat": 47.19537896170573, "stop_id": ["8502206:0:1.link:1698732", "8502206:0:1.link:1698733", "8502206:0:2.link:1698730", "8502206:0:2.link:1698731", "8502206:0:3.link:1248324"], "lines": [{"line_id": "91-75-j24-1", "route_id": "332.TA.91-75-j24-1.46.H", "mode": "rail", "line_name": "IR75"}, {"line_id": "91-75-j24-1", "route_id": "314.TA.91-75-j24-1.40.H", "mode": "rail", "line_name": "IR75"}, {"line_id": "91-75-j24-1", "route_id": "358.TA.91-75-j24-1.813.H", "mode": "rail", "line_name": "IR75"}, {"line_id": "91-75-j24-1", "route_id": "327.TA.91-75-j24-1.45.H", "mode": "rail", "line_name": "IR75"}, {"line_id": "91-75-j24-1", "route_id": "355.TA.91-75-j24-1.53.H", "mode": "rail", "line_name": "IR75"}, {"line_id": "91-75-j24-1", "route_id": "443.TA.91-75-j24-1.639.H", "mode": "rail", "line_name": "IR75"}, {"line_id": "91-24-j24-1", "route_id": "339.TA.91-24-j24-1.973.H", "mode": "rail", "line_name": "S24"}, {"line_id": "91-24-j24-1", "route_id": "483.TA.91-24-j24-1.55.H", "mode": "rail", "line_name": "S24"}, {"line_id": "91-75-j24-1", "route_id": "239.TA.91-75-j24-1.638.H", "mode": "rail", "line_name": "IR75"}, {"line_id": "91-75-j24-1", "route_id": "281.TA.91-75-j24-1.323.H", "mode": "rail", "line_name": "IR75"}, {"line_id": "91-75-j24-1", "route_id": "397.TA.91-75-j24-1.64.H", "mode": "rail", "line_name": "IR75"}, {"line_id": "91-35-Y-j24-1", "route_id": "277.TA.91-35-Y-j24-1.82.R", "mode": "rail", "line_name": "IR"}, {"line_id": "91-75-j24-1", "route_id": "251.TA.91-75-j24-1.31.H", "mode": "rail", "line_name": "IR75"}, {"line_id": "91-75-j24-1", "route_id": "274.TA.91-75-j24-1.32.H", "mode": "rail", "line_name": "IR75"}, {"line_id": "91-75-j24-1", "route_id": "342.TA.91-75-j24-1.52.H", "mode": "rail", "line_name": "IR75"}, {"line_id": "91-75-j24-1", "route_id": "459.TA.91-75-j24-1.73.H", "mode": "rail", "line_name": "IR75"}, {"line_id": "91-24-j24-1", "route_id": "373.TA.91-24-j24-1.498.H", "mode": "rail", "line_name": "S24"}, {"line_id": "91-75-j24-1", "route_id": "423.TA.91-75-j24-1.69.H", "mode": "rail", "line_name": "IR75"}, {"line_id": "91-75-j24-1", "route_id": "431.TA.91-75-j24-1.70.H", "mode": "rail", "line_name": "IR75"}, {"line_id": "91-24-j24-1", "route_id": "478.TA.91-24-j24-1.624.H", "mode": "rail", "line_name": "S24"}, {"line_id": "91-2L-Y-j24-1", "route_id": "45.TA.91-2L-Y-j24-1.24.H", "mode": "rail", "line_name": "RE"}, {"line_id": "91-1-A-j24-1", "route_id": "778.TA.91-1-A-j24-1.137.H", "mode": "rail", "line_name": "S1"}, {"line_id": "91-1-A-j24-1", "route_id": "1463.TA.91-1-A-j24-1.226.H", "mode": "rail", "line_name": "S1"}, {"line_id": "91-1-A-j24-1", "route_id": "1461.TA.91-1-A-j24-1.224.H", "mode": "rail", "line_name": "S1"}, {"line_id": "91-1-A-j24-1", "route_id": "1234.TA.91-1-A-j24-1.1631.H", "mode": "rail", "line_name": "S1"}, {"line_id": "91-1-A-j24-1", "route_id": "437.TA.91-1-A-j24-1.83.H", "mode": "rail", "line_name": "S1"}, {"line_id": "91-1-A-j24-1", "route_id": "1216.TA.91-1-A-j24-1.184.H", "mode": "rail", "line_name": "S1"}, {"line_id": "91-1-A-j24-1", "route_id": "1230.TA.91-1-A-j24-1.185.H", "mode": "rail", "line_name": "S1"}, {"line_id": "91-1-A-j24-1", "route_id": "1342.TA.91-1-A-j24-1.209.H", "mode": "rail", "line_name": "S1"}, {"line_id": "91-1-A-j24-1", "route_id": "577.TA.91-1-A-j24-1.109.H", "mode": "rail", "line_name": "S1"}, {"line_id": "91-1-A-j24-1", "route_id": "420.TA.91-1-A-j24-1.82.H", "mode": "rail", "line_name": "S1"}, {"line_id": "91-1-A-j24-1", "route_id": "1192.TA.91-1-A-j24-1.181.H", "mode": "rail", "line_name": "S1"}, {"line_id": "91-1-A-j24-1", "route_id": "1425.TA.91-1-A-j24-1.220.H", "mode": "rail", "line_name": "S1"}, {"line_id": "91-1-A-j24-1", "route_id": "720.TA.91-1-A-j24-1.134.H", "mode": "rail", "line_name": "S1"}, {"line_id": "91-1-A-j24-1", "route_id": "1451.TA.91-1-A-j24-1.221.H", "mode": "rail", "line_name": "S1"}, {"line_id": "91-1-A-j24-1", "route_id": "462.TA.91-1-A-j24-1.89.H", "mode": "rail", "line_name": "S1"}, {"line_id": "91-1-A-j24-1", "route_id": "1282.TA.91-1-A-j24-1.202.H", "mode": "rail", "line_name": "S1"}, {"line_id": "91-1-A-j24-1", "route_id": "1180.TA.91-1-A-j24-1.180.H", "mode": "rail", "line_name": "S1"}, {"line_id": "91-1-A-j24-1", "route_id": "1146.TA.91-1-A-j24-1.176.H", "mode": "rail", "line_name": "S1"}, {"line_id": "91-1-A-j24-1", "route_id": "1405.TA.91-1-A-j24-1.217.H", "mode": "rail", "line_name": "S1"}, {"line_id": "91-1-A-j24-1", "route_id": "477.TA.91-1-A-j24-1.91.H", "mode": "rail", "line_name": "S1"}, {"line_id": "91-1-A-j24-1", "route_id": "3016.TA.91-1-A-j24-1.445.R", "mode": "rail", "line_name": "S1"}, {"line_id": "91-1-A-j24-1", "route_id": "2991.TA.91-1-A-j24-1.442.R", "mode": "rail", "line_name": "S1"}, {"line_id": "91-1-A-j24-1", "route_id": "2802.TA.91-1-A-j24-1.421.R", "mode": "rail", "line_name": "S1"}, {"line_id": "91-1-A-j24-1", "route_id": "2054.TA.91-1-A-j24-1.337.R", "mode": "rail", "line_name": "S1"}, {"line_id": "91-1-A-j24-1", "route_id": "2788.TA.91-1-A-j24-1.420.R", "mode": "rail", "line_name": "S1"}, {"line_id": "91-1-A-j24-1", "route_id": "1909.TA.91-1-A-j24-1.302.R", "mode": "rail", "line_name": "S1"}, {"line_id": "91-1-A-j24-1", "route_id": "1918.TA.91-1-A-j24-1.303.R", "mode": "rail", "line_name": "S1"}, {"line_id": "91-1-A-j24-1", "route_id": "1883.TA.91-1-A-j24-1.295.R", "mode": "rail", "line_name": "S1"}, {"line_id": "91-1-A-j24-1", "route_id": "2974.TA.91-1-A-j24-1.440.R", "mode": "rail", "line_name": "S1"}, {"line_id": "91-1-A-j24-1", "route_id": "1497.TA.91-1-A-j24-1.232.R", "mode": "rail", "line_name": "S1"}, {"line_id": "91-1-A-j24-1", "route_id": "2754.TA.91-1-A-j24-1.410.R", "mode": "rail", "line_name": "S1"}, {"line_id": "91-1-A-j24-1", "route_id": "2815.TA.91-1-A-j24-1.423.R", "mode": "rail", "line_name": "S1"}, {"line_id": "91-1-A-j24-1", "route_id": "1498.TA.91-1-A-j24-1.234.R", "mode": "rail", "line_name": "S1"}, {"line_id": "91-1-A-j24-1", "route_id": "1871.TA.91-1-A-j24-1.293.R", "mode": "rail", "line_name": "S1"}, {"line_id": "91-1-A-j24-1", "route_id": "2942.TA.91-1-A-j24-1.430.R", "mode": "rail", "line_name": "S1"}, {"line_id": "91-1-A-j24-1", "route_id": "2956.TA.91-1-A-j24-1.598.R", "mode": "rail", "line_name": "S1"}, {"line_id": "91-1-A-j24-1", "route_id": "2826.TA.91-1-A-j24-1.423.R", "mode": "rail", "line_name": "S1"}, {"line_id": "91-1-A-j24-1", "route_id": "3039.TA.91-1-A-j24-1.450.R", "mode": "rail", "line_name": "S1"}, {"line_id": "91-1-A-j24-1", "route_id": "2775.TA.91-1-A-j24-1.417.R", "mode": "rail", "line_name": "S1"}, {"line_id": "91-1-A-j24-1", "route_id": "3105.TA.91-1-A-j24-1.456.R", "mode": "rail", "line_name": "S1"}, {"line_id": "91-1-A-j24-1", "route_id": "2844.TA.91-1-A-j24-1.425.R", "mode": "rail", "line_name": "S1"}, {"line_id": "91-1-A-j24-1", "route_id": "3107.TA.91-1-A-j24-1.457.R", "mode": "rail", "line_name": "S1"}, {"line_id": "91-75-j24-1", "route_id": "815.TA.91-75-j24-1.201.R", "mode": "rail", "line_name": "IR75"}, {"line_id": "91-75-j24-1", "route_id": "958.TA.91-75-j24-1.507.R", "mode": "rail", "line_name": "IR75"}, {"line_id": "91-75-j24-1", "route_id": "876.TA.91-75-j24-1.209.R", "mode": "rail", "line_name": "IR75"}, {"line_id": "91-75-j24-1", "route_id": "732.TA.91-75-j24-1.176.R", "mode": "rail", "line_name": "IR75"}, {"line_id": "91-24-j24-1", "route_id": "927.TA.91-24-j24-1.185.R", "mode": "rail", "line_name": "S24"}, {"line_id": "91-24-j24-1", "route_id": "956.TA.91-24-j24-1.189.R", "mode": "rail", "line_name": "S24"}, {"line_id": "91-75-j24-1", "route_id": "978.TA.91-75-j24-1.216.R", "mode": "rail", "line_name": "IR75"}, {"line_id": "91-75-j24-1", "route_id": "767.TA.91-75-j24-1.185.R", "mode": "rail", "line_name": "IR75"}, {"line_id": "91-75-j24-1", "route_id": "775.TA.91-75-j24-1.187.R", "mode": "rail", "line_name": "IR75"}, {"line_id": "91-75-j24-1", "route_id": "711.TA.91-75-j24-1.172.R", "mode": "rail", "line_name": "IR75"}, {"line_id": "91-75-j24-1", "route_id": "865.TA.91-75-j24-1.208.R", "mode": "rail", "line_name": "IR75"}, {"line_id": "91-75-j24-1", "route_id": "756.TA.91-75-j24-1.182.R", "mode": "rail", "line_name": "IR75"}, {"line_id": "91-35-Y-j24-1", "route_id": "133.TA.91-35-Y-j24-1.163.H", "mode": "rail", "line_name": "IR"}, {"line_id": "91-35-Y-j24-1", "route_id": "162.TA.91-35-Y-j24-1.237.H", "mode": "rail", "line_name": "IR"}, {"line_id": "91-75-j24-1", "route_id": "991.TA.91-75-j24-1.823.R", "mode": "rail", "line_name": "IR75"}, {"line_id": "91-24-j24-1", "route_id": "1016.TA.91-24-j24-1.634.R", "mode": "rail", "line_name": "S24"}, {"line_id": "91-35-Y-j24-1", "route_id": "130.TA.91-35-Y-j24-1.10.H", "mode": "rail", "line_name": "IR"}, {"line_id": "91-75-j24-1", "route_id": "886.TA.91-75-j24-1.210.R", "mode": "rail", "line_name": "IR75"}, {"line_id": "91-75-j24-1", "route_id": "835.TA.91-75-j24-1.206.R", "mode": "rail", "line_name": "IR75"}, {"line_id": "91-75-j24-1", "route_id": "781.TA.91-75-j24-1.191.R", "mode": "rail", "line_name": "IR75"}], "predominant_mode": "rail", "assigned_canton": "Zug", "modes_list": ["rail"]}, "geometry": {"type": "Point", "coordinates": [8.522889014209179, 47.19537897181446]}}, {"id": "1492", "type": "Feature", "properties": {"name": "Baar Lindenpark", "lon": 8.517109692896268, "lat": 47.1838096012961, "stop_id": ["8515993:0:1.link:1776038", "8515993:0:1.link:1776039", "8515993:0:2.link:1776038", "8515993:0:3.link:1776037"], "lines": [{"line_id": "91-2-C-j24-1", "route_id": "86.TA.91-2-C-j24-1.35.H", "mode": "rail", "line_name": "S2"}, {"line_id": "91-2-C-j24-1", "route_id": "23.TA.91-2-C-j24-1.5.H", "mode": "rail", "line_name": "S2"}, {"line_id": "91-2-C-j24-1", "route_id": "48.TA.91-2-C-j24-1.21.H", "mode": "rail", "line_name": "S2"}, {"line_id": "91-2-C-j24-1", "route_id": "98.TA.91-2-C-j24-1.88.H", "mode": "rail", "line_name": "S2"}, {"line_id": "91-2-C-j24-1", "route_id": "180.TA.91-2-C-j24-1.60.R", "mode": "rail", "line_name": "S2"}, {"line_id": "91-2-C-j24-1", "route_id": "130.TA.91-2-C-j24-1.46.R", "mode": "rail", "line_name": "S2"}, {"line_id": "91-2-C-j24-1", "route_id": "191.TA.91-2-C-j24-1.90.R", "mode": "rail", "line_name": "S2"}, {"line_id": "91-2-C-j24-1", "route_id": "118.TA.91-2-C-j24-1.43.R", "mode": "rail", "line_name": "S2"}, {"line_id": "91-1-A-j24-1", "route_id": "778.TA.91-1-A-j24-1.137.H", "mode": "rail", "line_name": "S1"}, {"line_id": "91-1-A-j24-1", "route_id": "1463.TA.91-1-A-j24-1.226.H", "mode": "rail", "line_name": "S1"}, {"line_id": "91-1-A-j24-1", "route_id": "1461.TA.91-1-A-j24-1.224.H", "mode": "rail", "line_name": "S1"}, {"line_id": "91-1-A-j24-1", "route_id": "1234.TA.91-1-A-j24-1.1631.H", "mode": "rail", "line_name": "S1"}, {"line_id": "91-1-A-j24-1", "route_id": "437.TA.91-1-A-j24-1.83.H", "mode": "rail", "line_name": "S1"}, {"line_id": "91-1-A-j24-1", "route_id": "1216.TA.91-1-A-j24-1.184.H", "mode": "rail", "line_name": "S1"}, {"line_id": "91-1-A-j24-1", "route_id": "1230.TA.91-1-A-j24-1.185.H", "mode": "rail", "line_name": "S1"}, {"line_id": "91-1-A-j24-1", "route_id": "1342.TA.91-1-A-j24-1.209.H", "mode": "rail", "line_name": "S1"}, {"line_id": "91-1-A-j24-1", "route_id": "577.TA.91-1-A-j24-1.109.H", "mode": "rail", "line_name": "S1"}, {"line_id": "91-1-A-j24-1", "route_id": "420.TA.91-1-A-j24-1.82.H", "mode": "rail", "line_name": "S1"}, {"line_id": "91-1-A-j24-1", "route_id": "1192.TA.91-1-A-j24-1.181.H", "mode": "rail", "line_name": "S1"}, {"line_id": "91-1-A-j24-1", "route_id": "1425.TA.91-1-A-j24-1.220.H", "mode": "rail", "line_name": "S1"}, {"line_id": "91-1-A-j24-1", "route_id": "720.TA.91-1-A-j24-1.134.H", "mode": "rail", "line_name": "S1"}, {"line_id": "91-1-A-j24-1", "route_id": "1451.TA.91-1-A-j24-1.221.H", "mode": "rail", "line_name": "S1"}, {"line_id": "91-1-A-j24-1", "route_id": "462.TA.91-1-A-j24-1.89.H", "mode": "rail", "line_name": "S1"}, {"line_id": "91-1-A-j24-1", "route_id": "1282.TA.91-1-A-j24-1.202.H", "mode": "rail", "line_name": "S1"}, {"line_id": "91-1-A-j24-1", "route_id": "1180.TA.91-1-A-j24-1.180.H", "mode": "rail", "line_name": "S1"}, {"line_id": "91-1-A-j24-1", "route_id": "1146.TA.91-1-A-j24-1.176.H", "mode": "rail", "line_name": "S1"}, {"line_id": "91-1-A-j24-1", "route_id": "1405.TA.91-1-A-j24-1.217.H", "mode": "rail", "line_name": "S1"}, {"line_id": "91-1-A-j24-1", "route_id": "477.TA.91-1-A-j24-1.91.H", "mode": "rail", "line_name": "S1"}, {"line_id": "91-1-A-j24-1", "route_id": "3016.TA.91-1-A-j24-1.445.R", "mode": "rail", "line_name": "S1"}, {"line_id": "91-1-A-j24-1", "route_id": "2991.TA.91-1-A-j24-1.442.R", "mode": "rail", "line_name": "S1"}, {"line_id": "91-1-A-j24-1", "route_id": "2802.TA.91-1-A-j24-1.421.R", "mode": "rail", "line_name": "S1"}, {"line_id": "91-1-A-j24-1", "route_id": "2054.TA.91-1-A-j24-1.337.R", "mode": "rail", "line_name": "S1"}, {"line_id": "91-1-A-j24-1", "route_id": "2788.TA.91-1-A-j24-1.420.R", "mode": "rail", "line_name": "S1"}, {"line_id": "91-1-A-j24-1", "route_id": "1909.TA.91-1-A-j24-1.302.R", "mode": "rail", "line_name": "S1"}, {"line_id": "91-1-A-j24-1", "route_id": "1918.TA.91-1-A-j24-1.303.R", "mode": "rail", "line_name": "S1"}, {"line_id": "91-1-A-j24-1", "route_id": "1883.TA.91-1-A-j24-1.295.R", "mode": "rail", "line_name": "S1"}, {"line_id": "91-1-A-j24-1", "route_id": "2974.TA.91-1-A-j24-1.440.R", "mode": "rail", "line_name": "S1"}, {"line_id": "91-1-A-j24-1", "route_id": "1497.TA.91-1-A-j24-1.232.R", "mode": "rail", "line_name": "S1"}, {"line_id": "91-1-A-j24-1", "route_id": "2754.TA.91-1-A-j24-1.410.R", "mode": "rail", "line_name": "S1"}, {"line_id": "91-1-A-j24-1", "route_id": "2815.TA.91-1-A-j24-1.423.R", "mode": "rail", "line_name": "S1"}, {"line_id": "91-1-A-j24-1", "route_id": "1498.TA.91-1-A-j24-1.234.R", "mode": "rail", "line_name": "S1"}, {"line_id": "91-1-A-j24-1", "route_id": "1871.TA.91-1-A-j24-1.293.R", "mode": "rail", "line_name": "S1"}, {"line_id": "91-1-A-j24-1", "route_id": "2942.TA.91-1-A-j24-1.430.R", "mode": "rail", "line_name": "S1"}, {"line_id": "91-1-A-j24-1", "route_id": "2956.TA.91-1-A-j24-1.598.R", "mode": "rail", "line_name": "S1"}, {"line_id": "91-1-A-j24-1", "route_id": "2826.TA.91-1-A-j24-1.423.R", "mode": "rail", "line_name": "S1"}, {"line_id": "91-1-A-j24-1", "route_id": "3039.TA.91-1-A-j24-1.450.R", "mode": "rail", "line_name": "S1"}, {"line_id": "91-1-A-j24-1", "route_id": "2775.TA.91-1-A-j24-1.417.R", "mode": "rail", "line_name": "S1"}, {"line_id": "91-1-A-j24-1", "route_id": "3105.TA.91-1-A-j24-1.456.R", "mode": "rail", "line_name": "S1"}, {"line_id": "91-1-A-j24-1", "route_id": "2844.TA.91-1-A-j24-1.425.R", "mode": "rail", "line_name": "S1"}, {"line_id": "91-1-A-j24-1", "route_id": "3107.TA.91-1-A-j24-1.457.R", "mode": "rail", "line_name": "S1"}], "predominant_mode": "rail", "assigned_canton": "Zug", "modes_list": ["rail"]}, "geometry": {"type": "Point", "coordinates": [8.517109701322655, 47.18380961140246]}}, {"id": "1493", "type": "Feature", "properties": {"name": "Baar Neufeld", "lon": 8.517776695571808, "lat": 47.189134758785826, "stop_id": ["8515992:0:1.link:1682763", "8515992:0:2.link:1733173"], "lines": [{"line_id": "91-1-A-j24-1", "route_id": "778.TA.91-1-A-j24-1.137.H", "mode": "rail", "line_name": "S1"}, {"line_id": "91-1-A-j24-1", "route_id": "1463.TA.91-1-A-j24-1.226.H", "mode": "rail", "line_name": "S1"}, {"line_id": "91-1-A-j24-1", "route_id": "1461.TA.91-1-A-j24-1.224.H", "mode": "rail", "line_name": "S1"}, {"line_id": "91-1-A-j24-1", "route_id": "1234.TA.91-1-A-j24-1.1631.H", "mode": "rail", "line_name": "S1"}, {"line_id": "91-1-A-j24-1", "route_id": "437.TA.91-1-A-j24-1.83.H", "mode": "rail", "line_name": "S1"}, {"line_id": "91-1-A-j24-1", "route_id": "1216.TA.91-1-A-j24-1.184.H", "mode": "rail", "line_name": "S1"}, {"line_id": "91-1-A-j24-1", "route_id": "1230.TA.91-1-A-j24-1.185.H", "mode": "rail", "line_name": "S1"}, {"line_id": "91-1-A-j24-1", "route_id": "1342.TA.91-1-A-j24-1.209.H", "mode": "rail", "line_name": "S1"}, {"line_id": "91-1-A-j24-1", "route_id": "577.TA.91-1-A-j24-1.109.H", "mode": "rail", "line_name": "S1"}, {"line_id": "91-1-A-j24-1", "route_id": "420.TA.91-1-A-j24-1.82.H", "mode": "rail", "line_name": "S1"}, {"line_id": "91-1-A-j24-1", "route_id": "1192.TA.91-1-A-j24-1.181.H", "mode": "rail", "line_name": "S1"}, {"line_id": "91-1-A-j24-1", "route_id": "1425.TA.91-1-A-j24-1.220.H", "mode": "rail", "line_name": "S1"}, {"line_id": "91-1-A-j24-1", "route_id": "720.TA.91-1-A-j24-1.134.H", "mode": "rail", "line_name": "S1"}, {"line_id": "91-1-A-j24-1", "route_id": "1451.TA.91-1-A-j24-1.221.H", "mode": "rail", "line_name": "S1"}, {"line_id": "91-1-A-j24-1", "route_id": "462.TA.91-1-A-j24-1.89.H", "mode": "rail", "line_name": "S1"}, {"line_id": "91-1-A-j24-1", "route_id": "1282.TA.91-1-A-j24-1.202.H", "mode": "rail", "line_name": "S1"}, {"line_id": "91-1-A-j24-1", "route_id": "1180.TA.91-1-A-j24-1.180.H", "mode": "rail", "line_name": "S1"}, {"line_id": "91-1-A-j24-1", "route_id": "1146.TA.91-1-A-j24-1.176.H", "mode": "rail", "line_name": "S1"}, {"line_id": "91-1-A-j24-1", "route_id": "1405.TA.91-1-A-j24-1.217.H", "mode": "rail", "line_name": "S1"}, {"line_id": "91-1-A-j24-1", "route_id": "477.TA.91-1-A-j24-1.91.H", "mode": "rail", "line_name": "S1"}, {"line_id": "91-1-A-j24-1", "route_id": "3016.TA.91-1-A-j24-1.445.R", "mode": "rail", "line_name": "S1"}, {"line_id": "91-1-A-j24-1", "route_id": "2991.TA.91-1-A-j24-1.442.R", "mode": "rail", "line_name": "S1"}, {"line_id": "91-1-A-j24-1", "route_id": "2802.TA.91-1-A-j24-1.421.R", "mode": "rail", "line_name": "S1"}, {"line_id": "91-1-A-j24-1", "route_id": "2054.TA.91-1-A-j24-1.337.R", "mode": "rail", "line_name": "S1"}, {"line_id": "91-1-A-j24-1", "route_id": "2788.TA.91-1-A-j24-1.420.R", "mode": "rail", "line_name": "S1"}, {"line_id": "91-1-A-j24-1", "route_id": "1909.TA.91-1-A-j24-1.302.R", "mode": "rail", "line_name": "S1"}, {"line_id": "91-1-A-j24-1", "route_id": "1918.TA.91-1-A-j24-1.303.R", "mode": "rail", "line_name": "S1"}, {"line_id": "91-1-A-j24-1", "route_id": "1883.TA.91-1-A-j24-1.295.R", "mode": "rail", "line_name": "S1"}, {"line_id": "91-1-A-j24-1", "route_id": "2974.TA.91-1-A-j24-1.440.R", "mode": "rail", "line_name": "S1"}, {"line_id": "91-1-A-j24-1", "route_id": "1497.TA.91-1-A-j24-1.232.R", "mode": "rail", "line_name": "S1"}, {"line_id": "91-1-A-j24-1", "route_id": "2754.TA.91-1-A-j24-1.410.R", "mode": "rail", "line_name": "S1"}, {"line_id": "91-1-A-j24-1", "route_id": "2815.TA.91-1-A-j24-1.423.R", "mode": "rail", "line_name": "S1"}, {"line_id": "91-1-A-j24-1", "route_id": "1498.TA.91-1-A-j24-1.234.R", "mode": "rail", "line_name": "S1"}, {"line_id": "91-1-A-j24-1", "route_id": "1871.TA.91-1-A-j24-1.293.R", "mode": "rail", "line_name": "S1"}, {"line_id": "91-1-A-j24-1", "route_id": "2942.TA.91-1-A-j24-1.430.R", "mode": "rail", "line_name": "S1"}, {"line_id": "91-1-A-j24-1", "route_id": "2956.TA.91-1-A-j24-1.598.R", "mode": "rail", "line_name": "S1"}, {"line_id": "91-1-A-j24-1", "route_id": "2826.TA.91-1-A-j24-1.423.R", "mode": "rail", "line_name": "S1"}, {"line_id": "91-1-A-j24-1", "route_id": "3039.TA.91-1-A-j24-1.450.R", "mode": "rail", "line_name": "S1"}, {"line_id": "91-1-A-j24-1", "route_id": "2775.TA.91-1-A-j24-1.417.R", "mode": "rail", "line_name": "S1"}, {"line_id": "91-1-A-j24-1", "route_id": "3105.TA.91-1-A-j24-1.456.R", "mode": "rail", "line_name": "S1"}, {"line_id": "91-1-A-j24-1", "route_id": "2844.TA.91-1-A-j24-1.425.R", "mode": "rail", "line_name": "S1"}, {"line_id": "91-1-A-j24-1", "route_id": "3107.TA.91-1-A-j24-1.457.R", "mode": "rail", "line_name": "S1"}], "predominant_mode": "rail", "assigned_canton": "Zug", "modes_list": ["rail"]}, "geometry": {"type": "Point", "coordinates": [8.517776703997262, 47.189134768893894]}}, {"id": "1494", "type": "Feature", "properties": {"name": "Baar, Altgasse", "lon": 8.519604765659452, "lat": 47.19176280375717, "stop_id": ["8593396.link:1532999", "8593396.link:1533000"], "lines": [{"line_id": "92-636-j24-1", "route_id": "86.TA.92-636-j24-1.3.H", "mode": "bus", "line_name": "636"}, {"line_id": "92-636-j24-1", "route_id": "132.TA.92-636-j24-1.3.H", "mode": "bus", "line_name": "636"}, {"line_id": "92-636-j24-1", "route_id": "206.TA.92-636-j24-1.4.R", "mode": "bus", "line_name": "636"}, {"line_id": "92-636-j24-1", "route_id": "273.TA.92-636-j24-1.4.R", "mode": "bus", "line_name": "636"}], "predominant_mode": "bus", "assigned_canton": "Zug", "modes_list": ["bus"]}, "geometry": {"type": "Point", "coordinates": [8.519604774085906, 47.19176281386559]}}, {"id": "1495", "type": "Feature", "properties": {"name": "Baar, Arbach", "lon": 8.529629965149667, "lat": 47.17605367359914, "stop_id": ["8588700.link:1660256", "8588700.link:1660257"], "lines": [{"line_id": "92-614-j24-1", "route_id": "27.TA.92-614-j24-1.8.H", "mode": "bus", "line_name": "614"}, {"line_id": "92-614-j24-1", "route_id": "2.TA.92-614-j24-1.6.H", "mode": "bus", "line_name": "614"}, {"line_id": "92-614-j24-1", "route_id": "73.TA.92-614-j24-1.9.R", "mode": "bus", "line_name": "614"}, {"line_id": "92-614-j24-1", "route_id": "80.TA.92-614-j24-1.10.R", "mode": "bus", "line_name": "614"}], "predominant_mode": "bus", "assigned_canton": "Zug", "modes_list": ["bus"]}, "geometry": {"type": "Point", "coordinates": [8.529629973590657, 47.1760536836992]}}, {"id": "1496", "type": "Feature", "properties": {"name": "Baar, Bachtalerh\u00f6he", "lon": 8.510437458750543, "lat": 47.209915923901754, "stop_id": ["8573187.link:668510", "8573187.link:668511", "8573187:0:10000.link:668511", "8573187:0:10001.link:668510"], "lines": [{"line_id": "96-180-1-j24-1", "route_id": "429.TA.96-180-1-j24-1.12.R", "mode": "bus", "line_name": "280"}, {"line_id": "96-180-1-j24-1", "route_id": "515.TA.96-180-1-j24-1.31.R", "mode": "bus", "line_name": "280"}, {"line_id": "96-180-1-j24-1", "route_id": "6.TA.96-180-1-j24-1.9.H", "mode": "bus", "line_name": "280"}, {"line_id": "96-180-1-j24-1", "route_id": "126.TA.96-180-1-j24-1.10.H", "mode": "bus", "line_name": "280"}, {"line_id": "96-180-1-j24-1", "route_id": "24.TA.96-180-1-j24-1.21.H", "mode": "bus", "line_name": "280"}, {"line_id": "96-180-1-j24-1", "route_id": "298.TA.96-180-1-j24-1.24.H", "mode": "bus", "line_name": "280"}, {"line_id": "96-180-1-j24-1", "route_id": "172.TA.96-180-1-j24-1.23.H", "mode": "bus", "line_name": "280"}, {"line_id": "96-180-1-j24-1", "route_id": "607.TA.96-180-1-j24-1.32.R", "mode": "bus", "line_name": "280"}, {"line_id": "96-180-1-j24-1", "route_id": "460.TA.96-180-1-j24-1.29.R", "mode": "bus", "line_name": "280"}, {"line_id": "96-180-1-j24-1", "route_id": "486.TA.96-180-1-j24-1.30.R", "mode": "bus", "line_name": "280"}], "predominant_mode": "bus", "assigned_canton": "Zug", "modes_list": ["bus"]}, "geometry": {"type": "Point", "coordinates": [8.510437467162578, 47.20991593401909]}}, {"id": "1497", "type": "Feature", "properties": {"name": "Baar, Bahnhof", "lon": 8.523916675785008, "lat": 47.19549250368959, "stop_id": ["8502798.link:1141184", "8502798.link:1141185", "8502798.link:1524163", "8502798.link:1540907", "8502798.link:1540908", "8502798:0:A.link:1141184", "8502798:0:A.link:1540908"], "lines": [{"line_id": "92-634-j24-1", "route_id": "139.TA.92-634-j24-1.5.R", "mode": "bus", "line_name": "634"}, {"line_id": "96-180-1-j24-1", "route_id": "172.TA.96-180-1-j24-1.23.H", "mode": "bus", "line_name": "280"}, {"line_id": "96-180-1-j24-1", "route_id": "126.TA.96-180-1-j24-1.10.H", "mode": "bus", "line_name": "280"}, {"line_id": "92-632-j24-1", "route_id": "139.TA.92-632-j24-1.4.R", "mode": "bus", "line_name": "632"}, {"line_id": "96-180-1-j24-1", "route_id": "6.TA.96-180-1-j24-1.9.H", "mode": "bus", "line_name": "280"}, {"line_id": "92-631-A-j24-1", "route_id": "204.TA.92-631-A-j24-1.4.R", "mode": "bus", "line_name": "631"}, {"line_id": "92-634-j24-1", "route_id": "152.TA.92-634-j24-1.5.R", "mode": "bus", "line_name": "634"}, {"line_id": "92-636-j24-1", "route_id": "273.TA.92-636-j24-1.4.R", "mode": "bus", "line_name": "636"}, {"line_id": "92-634-j24-1", "route_id": "162.TA.92-634-j24-1.5.R", "mode": "bus", "line_name": "634"}, {"line_id": "92-636-j24-1", "route_id": "206.TA.92-636-j24-1.4.R", "mode": "bus", "line_name": "636"}, {"line_id": "92-603-B-j24-1", "route_id": "12.TA.92-603-B-j24-1.2.H", "mode": "bus", "line_name": "603"}, {"line_id": "92-604-B-j24-1", "route_id": "41.TA.92-604-B-j24-1.24.H", "mode": "bus", "line_name": "604"}, {"line_id": "92-603-B-j24-1", "route_id": "66.TA.92-603-B-j24-1.9.H", "mode": "bus", "line_name": "603"}, {"line_id": "96-180-1-j24-1", "route_id": "24.TA.96-180-1-j24-1.21.H", "mode": "bus", "line_name": "280"}, {"line_id": "92-603-B-j24-1", "route_id": "131.TA.92-603-B-j24-1.9.H", "mode": "bus", "line_name": "603"}, {"line_id": "92-603-B-j24-1", "route_id": "251.TA.92-603-B-j24-1.12.R", "mode": "bus", "line_name": "603"}, {"line_id": "92-604-B-j24-1", "route_id": "201.TA.92-604-B-j24-1.25.H", "mode": "bus", "line_name": "604"}, {"line_id": "92-604-B-j24-1", "route_id": "165.TA.92-604-B-j24-1.25.H", "mode": "bus", "line_name": "604"}, {"line_id": "92-603-B-j24-1", "route_id": "214.TA.92-603-B-j24-1.5.R", "mode": "bus", "line_name": "603"}, {"line_id": "92-603-B-j24-1", "route_id": "216.TA.92-603-B-j24-1.11.R", "mode": "bus", "line_name": "603"}, {"line_id": "92-604-B-j24-1", "route_id": "91.TA.92-604-B-j24-1.25.H", "mode": "bus", "line_name": "604"}, {"line_id": "92-604-B-j24-1", "route_id": "29.TA.92-604-B-j24-1.23.H", "mode": "bus", "line_name": "604"}, {"line_id": "92-603-B-j24-1", "route_id": "218.TA.92-603-B-j24-1.11.R", "mode": "bus", "line_name": "603"}, {"line_id": "92-603-B-j24-1", "route_id": "219.TA.92-603-B-j24-1.11.R", "mode": "bus", "line_name": "603"}, {"line_id": "92-603-B-j24-1", "route_id": "404.TA.92-603-B-j24-1.12.R", "mode": "bus", "line_name": "603"}, {"line_id": "92-603-B-j24-1", "route_id": "233.TA.92-603-B-j24-1.12.R", "mode": "bus", "line_name": "603"}, {"line_id": "92-604-B-j24-1", "route_id": "655.TA.92-604-B-j24-1.28.R", "mode": "bus", "line_name": "604"}, {"line_id": "92-632-j24-1", "route_id": "79.TA.92-632-j24-1.8.H", "mode": "bus", "line_name": "632"}, {"line_id": "92-604-B-j24-1", "route_id": "538.TA.92-604-B-j24-1.27.R", "mode": "bus", "line_name": "604"}, {"line_id": "92-604-B-j24-1", "route_id": "532.TA.92-604-B-j24-1.27.R", "mode": "bus", "line_name": "604"}, {"line_id": "92-634-j24-1", "route_id": "6.TA.92-634-j24-1.3.H", "mode": "bus", "line_name": "634"}, {"line_id": "92-634-j24-1", "route_id": "98.TA.92-634-j24-1.4.H", "mode": "bus", "line_name": "634"}, {"line_id": "92-604-B-j24-1", "route_id": "550.TA.92-604-B-j24-1.28.R", "mode": "bus", "line_name": "604"}, {"line_id": "92-634-j24-1", "route_id": "32.TA.92-634-j24-1.4.H", "mode": "bus", "line_name": "634"}, {"line_id": "92-631-A-j24-1", "route_id": "110.TA.92-631-A-j24-1.3.H", "mode": "bus", "line_name": "631"}, {"line_id": "92-632-j24-1", "route_id": "93.TA.92-632-j24-1.3.H", "mode": "bus", "line_name": "632"}, {"line_id": "92-634-j24-1", "route_id": "14.TA.92-634-j24-1.4.H", "mode": "bus", "line_name": "634"}, {"line_id": "92-632-j24-1", "route_id": "41.TA.92-632-j24-1.1.H", "mode": "bus", "line_name": "632"}, {"line_id": "92-632-j24-1", "route_id": "226.TA.92-632-j24-1.7.R", "mode": "bus", "line_name": "632"}, {"line_id": "92-632-j24-1", "route_id": "187.TA.92-632-j24-1.9.R", "mode": "bus", "line_name": "632"}, {"line_id": "92-632-j24-1", "route_id": "174.TA.92-632-j24-1.5.R", "mode": "bus", "line_name": "632"}, {"line_id": "96-180-1-j24-1", "route_id": "429.TA.96-180-1-j24-1.12.R", "mode": "bus", "line_name": "280"}, {"line_id": "96-180-1-j24-1", "route_id": "460.TA.96-180-1-j24-1.29.R", "mode": "bus", "line_name": "280"}, {"line_id": "92-636-j24-1", "route_id": "86.TA.92-636-j24-1.3.H", "mode": "bus", "line_name": "636"}, {"line_id": "92-636-j24-1", "route_id": "132.TA.92-636-j24-1.3.H", "mode": "bus", "line_name": "636"}, {"line_id": "96-180-1-j24-1", "route_id": "486.TA.96-180-1-j24-1.30.R", "mode": "bus", "line_name": "280"}, {"line_id": "96-180-1-j24-1", "route_id": "298.TA.96-180-1-j24-1.24.H", "mode": "bus", "line_name": "280"}, {"line_id": "96-180-1-j24-1", "route_id": "607.TA.96-180-1-j24-1.32.R", "mode": "bus", "line_name": "280"}, {"line_id": "96-180-1-j24-1", "route_id": "515.TA.96-180-1-j24-1.31.R", "mode": "bus", "line_name": "280"}], "predominant_mode": "bus", "assigned_canton": "Zug", "modes_list": ["bus"]}, "geometry": {"type": "Point", "coordinates": [8.523916684214576, 47.19549251379809]}}, {"id": "1498", "type": "Feature", "properties": {"name": "Baar, Bahnmatt", "lon": 8.523799895825476, "lat": 47.19672550369144, "stop_id": ["8573190.link:668506", "8573190.link:668507"], "lines": [{"line_id": "92-604-B-j24-1", "route_id": "655.TA.92-604-B-j24-1.28.R", "mode": "bus", "line_name": "604"}, {"line_id": "96-180-1-j24-1", "route_id": "172.TA.96-180-1-j24-1.23.H", "mode": "bus", "line_name": "280"}, {"line_id": "96-180-1-j24-1", "route_id": "126.TA.96-180-1-j24-1.10.H", "mode": "bus", "line_name": "280"}, {"line_id": "96-180-1-j24-1", "route_id": "6.TA.96-180-1-j24-1.9.H", "mode": "bus", "line_name": "280"}, {"line_id": "96-180-1-j24-1", "route_id": "298.TA.96-180-1-j24-1.24.H", "mode": "bus", "line_name": "280"}, {"line_id": "92-636-j24-1", "route_id": "273.TA.92-636-j24-1.4.R", "mode": "bus", "line_name": "636"}, {"line_id": "92-636-j24-1", "route_id": "206.TA.92-636-j24-1.4.R", "mode": "bus", "line_name": "636"}, {"line_id": "92-604-B-j24-1", "route_id": "550.TA.92-604-B-j24-1.28.R", "mode": "bus", "line_name": "604"}, {"line_id": "96-180-1-j24-1", "route_id": "24.TA.96-180-1-j24-1.21.H", "mode": "bus", "line_name": "280"}, {"line_id": "96-180-1-j24-1", "route_id": "429.TA.96-180-1-j24-1.12.R", "mode": "bus", "line_name": "280"}, {"line_id": "96-180-1-j24-1", "route_id": "460.TA.96-180-1-j24-1.29.R", "mode": "bus", "line_name": "280"}, {"line_id": "92-636-j24-1", "route_id": "86.TA.92-636-j24-1.3.H", "mode": "bus", "line_name": "636"}, {"line_id": "92-604-B-j24-1", "route_id": "201.TA.92-604-B-j24-1.25.H", "mode": "bus", "line_name": "604"}, {"line_id": "92-636-j24-1", "route_id": "132.TA.92-636-j24-1.3.H", "mode": "bus", "line_name": "636"}, {"line_id": "92-604-B-j24-1", "route_id": "165.TA.92-604-B-j24-1.25.H", "mode": "bus", "line_name": "604"}, {"line_id": "96-180-1-j24-1", "route_id": "486.TA.96-180-1-j24-1.30.R", "mode": "bus", "line_name": "280"}, {"line_id": "96-180-1-j24-1", "route_id": "515.TA.96-180-1-j24-1.31.R", "mode": "bus", "line_name": "280"}, {"line_id": "92-604-B-j24-1", "route_id": "91.TA.92-604-B-j24-1.25.H", "mode": "bus", "line_name": "604"}, {"line_id": "96-180-1-j24-1", "route_id": "607.TA.96-180-1-j24-1.32.R", "mode": "bus", "line_name": "280"}], "predominant_mode": "bus", "assigned_canton": "Zug", "modes_list": ["bus"]}, "geometry": {"type": "Point", "coordinates": [8.523799904254561, 47.19672551380037]}}, {"id": "1499", "type": "Feature", "properties": {"name": "Baar, Blegistrasse", "lon": 8.567278356440594, "lat": 47.214552003009025, "stop_id": ["8593397.link:1341239", "8593397.link:1341240"], "lines": [{"line_id": "92-631-A-j24-1", "route_id": "204.TA.92-631-A-j24-1.4.R", "mode": "bus", "line_name": "631"}, {"line_id": "92-631-A-j24-1", "route_id": "110.TA.92-631-A-j24-1.3.H", "mode": "bus", "line_name": "631"}], "predominant_mode": "bus", "assigned_canton": "Zug", "modes_list": ["bus"]}, "geometry": {"type": "Point", "coordinates": [8.567278364906828, 47.21455201311168]}}, {"id": "1500", "type": "Feature", "properties": {"name": "Baar, Brauerei", "lon": 8.53475934581831, "lat": 47.196286023519306, "stop_id": ["8502799.link:1065492", "8502799.link:1065493"], "lines": [{"line_id": "92-603-B-j24-1", "route_id": "66.TA.92-603-B-j24-1.9.H", "mode": "bus", "line_name": "603"}, {"line_id": "92-603-B-j24-1", "route_id": "12.TA.92-603-B-j24-1.2.H", "mode": "bus", "line_name": "603"}, {"line_id": "92-631-A-j24-1", "route_id": "204.TA.92-631-A-j24-1.4.R", "mode": "bus", "line_name": "631"}, {"line_id": "92-603-B-j24-1", "route_id": "131.TA.92-603-B-j24-1.9.H", "mode": "bus", "line_name": "603"}, {"line_id": "92-N2-D-j24-1", "route_id": "1.TA.92-N2-D-j24-1.4.H", "mode": "bus", "line_name": "N2"}, {"line_id": "92-603-B-j24-1", "route_id": "251.TA.92-603-B-j24-1.12.R", "mode": "bus", "line_name": "603"}, {"line_id": "92-603-B-j24-1", "route_id": "214.TA.92-603-B-j24-1.5.R", "mode": "bus", "line_name": "603"}, {"line_id": "92-603-B-j24-1", "route_id": "216.TA.92-603-B-j24-1.11.R", "mode": "bus", "line_name": "603"}, {"line_id": "92-631-A-j24-1", "route_id": "110.TA.92-631-A-j24-1.3.H", "mode": "bus", "line_name": "631"}, {"line_id": "92-603-B-j24-1", "route_id": "218.TA.92-603-B-j24-1.11.R", "mode": "bus", "line_name": "603"}, {"line_id": "92-603-B-j24-1", "route_id": "219.TA.92-603-B-j24-1.11.R", "mode": "bus", "line_name": "603"}, {"line_id": "92-603-B-j24-1", "route_id": "404.TA.92-603-B-j24-1.12.R", "mode": "bus", "line_name": "603"}, {"line_id": "92-603-B-j24-1", "route_id": "233.TA.92-603-B-j24-1.12.R", "mode": "bus", "line_name": "603"}], "predominant_mode": "bus", "assigned_canton": "Zug", "modes_list": ["bus"]}, "geometry": {"type": "Point", "coordinates": [8.534759354258261, 47.19628603362498]}}, {"id": "1501", "type": "Feature", "properties": {"name": "Baar, B\u00fcelplatz", "lon": 8.52866876578675, "lat": 47.19544977361495, "stop_id": ["8593398.link:1565184", "8593398.link:1565185"], "lines": [{"line_id": "92-N2-D-j24-1", "route_id": "1.TA.92-N2-D-j24-1.4.H", "mode": "bus", "line_name": "N2"}, {"line_id": "92-604-B-j24-1", "route_id": "201.TA.92-604-B-j24-1.25.H", "mode": "bus", "line_name": "604"}, {"line_id": "92-604-B-j24-1", "route_id": "165.TA.92-604-B-j24-1.25.H", "mode": "bus", "line_name": "604"}, {"line_id": "92-604-B-j24-1", "route_id": "41.TA.92-604-B-j24-1.24.H", "mode": "bus", "line_name": "604"}, {"line_id": "92-604-B-j24-1", "route_id": "91.TA.92-604-B-j24-1.25.H", "mode": "bus", "line_name": "604"}, {"line_id": "92-604-B-j24-1", "route_id": "29.TA.92-604-B-j24-1.23.H", "mode": "bus", "line_name": "604"}, {"line_id": "92-604-B-j24-1", "route_id": "538.TA.92-604-B-j24-1.27.R", "mode": "bus", "line_name": "604"}, {"line_id": "92-604-B-j24-1", "route_id": "655.TA.92-604-B-j24-1.28.R", "mode": "bus", "line_name": "604"}, {"line_id": "92-604-B-j24-1", "route_id": "532.TA.92-604-B-j24-1.27.R", "mode": "bus", "line_name": "604"}, {"line_id": "92-604-B-j24-1", "route_id": "550.TA.92-604-B-j24-1.28.R", "mode": "bus", "line_name": "604"}], "predominant_mode": "bus", "assigned_canton": "Zug", "modes_list": ["bus"]}, "geometry": {"type": "Point", "coordinates": [8.528668774220987, 47.19544978372204]}}, {"id": "1502", "type": "Feature", "properties": {"name": "Baar, Chriesimatt", "lon": 8.53364543573504, "lat": 47.19377724353672, "stop_id": ["8589488.link:1079298", "8589488.link:1079299"], "lines": [{"line_id": "92-634-j24-1", "route_id": "162.TA.92-634-j24-1.5.R", "mode": "bus", "line_name": "634"}, {"line_id": "92-634-j24-1", "route_id": "139.TA.92-634-j24-1.5.R", "mode": "bus", "line_name": "634"}, {"line_id": "92-634-j24-1", "route_id": "152.TA.92-634-j24-1.5.R", "mode": "bus", "line_name": "634"}, {"line_id": "92-634-j24-1", "route_id": "6.TA.92-634-j24-1.3.H", "mode": "bus", "line_name": "634"}, {"line_id": "92-634-j24-1", "route_id": "98.TA.92-634-j24-1.4.H", "mode": "bus", "line_name": "634"}, {"line_id": "92-634-j24-1", "route_id": "32.TA.92-634-j24-1.4.H", "mode": "bus", "line_name": "634"}, {"line_id": "92-634-j24-1", "route_id": "14.TA.92-634-j24-1.4.H", "mode": "bus", "line_name": "634"}], "predominant_mode": "bus", "assigned_canton": "Zug", "modes_list": ["bus"]}, "geometry": {"type": "Point", "coordinates": [8.533645444174654, 47.1937772536418]}}, {"id": "1503", "type": "Feature", "properties": {"name": "Baar, EW", "lon": 8.531633205783514, "lat": 47.19529107356839, "stop_id": ["8593399.link:1054098"], "lines": [{"line_id": "92-634-j24-1", "route_id": "6.TA.92-634-j24-1.3.H", "mode": "bus", "line_name": "634"}, {"line_id": "92-634-j24-1", "route_id": "98.TA.92-634-j24-1.4.H", "mode": "bus", "line_name": "634"}, {"line_id": "92-634-j24-1", "route_id": "32.TA.92-634-j24-1.4.H", "mode": "bus", "line_name": "634"}, {"line_id": "92-634-j24-1", "route_id": "14.TA.92-634-j24-1.4.H", "mode": "bus", "line_name": "634"}], "predominant_mode": "bus", "assigned_canton": "Zug", "modes_list": ["bus"]}, "geometry": {"type": "Point", "coordinates": [8.531633214220706, 47.195291083674604]}}, {"id": "1504", "type": "Feature", "properties": {"name": "Baar, Fr\u00fcebergstrasse", "lon": 8.522129035878983, "lat": 47.198385743717715, "stop_id": ["8593400.link:355304", "8593400.link:355305"], "lines": [{"line_id": "92-604-B-j24-1", "route_id": "201.TA.92-604-B-j24-1.25.H", "mode": "bus", "line_name": "604"}, {"line_id": "92-604-B-j24-1", "route_id": "165.TA.92-604-B-j24-1.25.H", "mode": "bus", "line_name": "604"}, {"line_id": "92-604-B-j24-1", "route_id": "91.TA.92-604-B-j24-1.25.H", "mode": "bus", "line_name": "604"}, {"line_id": "92-604-B-j24-1", "route_id": "655.TA.92-604-B-j24-1.28.R", "mode": "bus", "line_name": "604"}, {"line_id": "92-604-B-j24-1", "route_id": "550.TA.92-604-B-j24-1.28.R", "mode": "bus", "line_name": "604"}], "predominant_mode": "bus", "assigned_canton": "Zug", "modes_list": ["bus"]}, "geometry": {"type": "Point", "coordinates": [8.522129044305931, 47.19838575382769]}}, {"id": "1505", "type": "Feature", "properties": {"name": "Baar, Geissb\u00fcel", "lon": 8.539349735569798, "lat": 47.188637223446925, "stop_id": ["8507268.link:866533", "8507268.link:866534"], "lines": [{"line_id": "92-634-j24-1", "route_id": "162.TA.92-634-j24-1.5.R", "mode": "bus", "line_name": "634"}, {"line_id": "92-634-j24-1", "route_id": "139.TA.92-634-j24-1.5.R", "mode": "bus", "line_name": "634"}, {"line_id": "92-634-j24-1", "route_id": "152.TA.92-634-j24-1.5.R", "mode": "bus", "line_name": "634"}, {"line_id": "92-634-j24-1", "route_id": "6.TA.92-634-j24-1.3.H", "mode": "bus", "line_name": "634"}, {"line_id": "92-634-j24-1", "route_id": "98.TA.92-634-j24-1.4.H", "mode": "bus", "line_name": "634"}, {"line_id": "92-634-j24-1", "route_id": "32.TA.92-634-j24-1.4.H", "mode": "bus", "line_name": "634"}, {"line_id": "92-634-j24-1", "route_id": "14.TA.92-634-j24-1.4.H", "mode": "bus", "line_name": "634"}], "predominant_mode": "bus", "assigned_canton": "Zug", "modes_list": ["bus"]}, "geometry": {"type": "Point", "coordinates": [8.539349744016539, 47.1886372335486]}}, {"id": "1506", "type": "Feature", "properties": {"name": "Baar, Grund", "lon": 8.529935395698258, "lat": 47.19273340359495, "stop_id": ["8589202.link:1565172", "8589202.link:1565173"], "lines": [{"line_id": "92-N2-D-j24-1", "route_id": "1.TA.92-N2-D-j24-1.4.H", "mode": "bus", "line_name": "N2"}, {"line_id": "92-604-B-j24-1", "route_id": "201.TA.92-604-B-j24-1.25.H", "mode": "bus", "line_name": "604"}, {"line_id": "92-604-B-j24-1", "route_id": "165.TA.92-604-B-j24-1.25.H", "mode": "bus", "line_name": "604"}, {"line_id": "92-604-B-j24-1", "route_id": "41.TA.92-604-B-j24-1.24.H", "mode": "bus", "line_name": "604"}, {"line_id": "92-604-B-j24-1", "route_id": "91.TA.92-604-B-j24-1.25.H", "mode": "bus", "line_name": "604"}, {"line_id": "92-604-B-j24-1", "route_id": "29.TA.92-604-B-j24-1.23.H", "mode": "bus", "line_name": "604"}, {"line_id": "92-604-B-j24-1", "route_id": "538.TA.92-604-B-j24-1.27.R", "mode": "bus", "line_name": "604"}, {"line_id": "92-604-B-j24-1", "route_id": "655.TA.92-604-B-j24-1.28.R", "mode": "bus", "line_name": "604"}, {"line_id": "92-604-B-j24-1", "route_id": "532.TA.92-604-B-j24-1.27.R", "mode": "bus", "line_name": "604"}, {"line_id": "92-604-B-j24-1", "route_id": "550.TA.92-604-B-j24-1.28.R", "mode": "bus", "line_name": "604"}], "predominant_mode": "bus", "assigned_canton": "Zug", "modes_list": ["bus"]}, "geometry": {"type": "Point", "coordinates": [8.52993540413455, 47.19273341370074]}}, {"id": "1507", "type": "Feature", "properties": {"name": "Baar, Hof Himmelrich", "lon": 8.536888355641624, "lat": 47.19087154348568, "stop_id": ["8587723.link:1079290", "8587723.link:1079291"], "lines": [{"line_id": "92-634-j24-1", "route_id": "162.TA.92-634-j24-1.5.R", "mode": "bus", "line_name": "634"}, {"line_id": "92-634-j24-1", "route_id": "139.TA.92-634-j24-1.5.R", "mode": "bus", "line_name": "634"}, {"line_id": "92-634-j24-1", "route_id": "152.TA.92-634-j24-1.5.R", "mode": "bus", "line_name": "634"}, {"line_id": "92-634-j24-1", "route_id": "6.TA.92-634-j24-1.3.H", "mode": "bus", "line_name": "634"}, {"line_id": "92-634-j24-1", "route_id": "98.TA.92-634-j24-1.4.H", "mode": "bus", "line_name": "634"}, {"line_id": "92-634-j24-1", "route_id": "32.TA.92-634-j24-1.4.H", "mode": "bus", "line_name": "634"}, {"line_id": "92-634-j24-1", "route_id": "14.TA.92-634-j24-1.4.H", "mode": "bus", "line_name": "634"}], "predominant_mode": "bus", "assigned_canton": "Zug", "modes_list": ["bus"]}, "geometry": {"type": "Point", "coordinates": [8.536888364085284, 47.190871553588835]}}, {"id": "1508", "type": "Feature", "properties": {"name": "Baar, Kantonsspital", "lon": 8.519344255750845, "lat": 47.194546363761354, "stop_id": ["8587374.link:1215617", "8587374.link:1215618"], "lines": [{"line_id": "92-636-j24-1", "route_id": "206.TA.92-636-j24-1.4.R", "mode": "bus", "line_name": "636"}, {"line_id": "92-636-j24-1", "route_id": "273.TA.92-636-j24-1.4.R", "mode": "bus", "line_name": "636"}, {"line_id": "92-636-j24-1", "route_id": "86.TA.92-636-j24-1.3.H", "mode": "bus", "line_name": "636"}, {"line_id": "92-636-j24-1", "route_id": "132.TA.92-636-j24-1.3.H", "mode": "bus", "line_name": "636"}], "predominant_mode": "bus", "assigned_canton": "Zug", "modes_list": ["bus"]}, "geometry": {"type": "Point", "coordinates": [8.51934426417621, 47.19454637387081]}}, {"id": "1509", "type": "Feature", "properties": {"name": "Baar, Kreuzplatz", "lon": 8.526207385776896, "lat": 47.19519950365361, "stop_id": ["8581534.link:1167083", "8581534.link:1444763", "8581534.link:1444764"], "lines": [{"line_id": "92-604-B-j24-1", "route_id": "655.TA.92-604-B-j24-1.28.R", "mode": "bus", "line_name": "604"}, {"line_id": "92-604-B-j24-1", "route_id": "538.TA.92-604-B-j24-1.27.R", "mode": "bus", "line_name": "604"}, {"line_id": "92-604-B-j24-1", "route_id": "532.TA.92-604-B-j24-1.27.R", "mode": "bus", "line_name": "604"}, {"line_id": "92-634-j24-1", "route_id": "6.TA.92-634-j24-1.3.H", "mode": "bus", "line_name": "634"}, {"line_id": "92-634-j24-1", "route_id": "98.TA.92-634-j24-1.4.H", "mode": "bus", "line_name": "634"}, {"line_id": "92-604-B-j24-1", "route_id": "550.TA.92-604-B-j24-1.28.R", "mode": "bus", "line_name": "604"}, {"line_id": "92-634-j24-1", "route_id": "32.TA.92-634-j24-1.4.H", "mode": "bus", "line_name": "634"}, {"line_id": "92-631-A-j24-1", "route_id": "110.TA.92-631-A-j24-1.3.H", "mode": "bus", "line_name": "631"}, {"line_id": "92-634-j24-1", "route_id": "14.TA.92-634-j24-1.4.H", "mode": "bus", "line_name": "634"}, {"line_id": "92-634-j24-1", "route_id": "139.TA.92-634-j24-1.5.R", "mode": "bus", "line_name": "634"}, {"line_id": "92-631-A-j24-1", "route_id": "204.TA.92-631-A-j24-1.4.R", "mode": "bus", "line_name": "631"}, {"line_id": "92-634-j24-1", "route_id": "152.TA.92-634-j24-1.5.R", "mode": "bus", "line_name": "634"}, {"line_id": "92-634-j24-1", "route_id": "162.TA.92-634-j24-1.5.R", "mode": "bus", "line_name": "634"}, {"line_id": "92-603-B-j24-1", "route_id": "12.TA.92-603-B-j24-1.2.H", "mode": "bus", "line_name": "603"}, {"line_id": "92-604-B-j24-1", "route_id": "41.TA.92-604-B-j24-1.24.H", "mode": "bus", "line_name": "604"}, {"line_id": "92-603-B-j24-1", "route_id": "66.TA.92-603-B-j24-1.9.H", "mode": "bus", "line_name": "603"}, {"line_id": "92-603-B-j24-1", "route_id": "131.TA.92-603-B-j24-1.9.H", "mode": "bus", "line_name": "603"}, {"line_id": "92-603-B-j24-1", "route_id": "251.TA.92-603-B-j24-1.12.R", "mode": "bus", "line_name": "603"}, {"line_id": "92-603-B-j24-1", "route_id": "214.TA.92-603-B-j24-1.5.R", "mode": "bus", "line_name": "603"}, {"line_id": "92-603-B-j24-1", "route_id": "216.TA.92-603-B-j24-1.11.R", "mode": "bus", "line_name": "603"}, {"line_id": "92-603-B-j24-1", "route_id": "218.TA.92-603-B-j24-1.11.R", "mode": "bus", "line_name": "603"}, {"line_id": "92-603-B-j24-1", "route_id": "219.TA.92-603-B-j24-1.11.R", "mode": "bus", "line_name": "603"}, {"line_id": "92-603-B-j24-1", "route_id": "404.TA.92-603-B-j24-1.12.R", "mode": "bus", "line_name": "603"}, {"line_id": "92-603-B-j24-1", "route_id": "233.TA.92-603-B-j24-1.12.R", "mode": "bus", "line_name": "603"}], "predominant_mode": "bus", "assigned_canton": "Zug", "modes_list": ["bus"]}, "geometry": {"type": "Point", "coordinates": [8.526207394208797, 47.19519951376137]}}, {"id": "1510", "type": "Feature", "properties": {"name": "Baar, Lindenhof", "lon": 8.523413625721819, "lat": 47.19358190369743, "stop_id": ["8589204.link:1759798", "8589204.link:1759799"], "lines": [{"line_id": "92-603-B-j24-1", "route_id": "66.TA.92-603-B-j24-1.9.H", "mode": "bus", "line_name": "603"}, {"line_id": "92-603-B-j24-1", "route_id": "12.TA.92-603-B-j24-1.2.H", "mode": "bus", "line_name": "603"}, {"line_id": "92-603-B-j24-1", "route_id": "131.TA.92-603-B-j24-1.9.H", "mode": "bus", "line_name": "603"}, {"line_id": "92-603-B-j24-1", "route_id": "251.TA.92-603-B-j24-1.12.R", "mode": "bus", "line_name": "603"}, {"line_id": "92-603-B-j24-1", "route_id": "214.TA.92-603-B-j24-1.5.R", "mode": "bus", "line_name": "603"}, {"line_id": "92-603-B-j24-1", "route_id": "216.TA.92-603-B-j24-1.11.R", "mode": "bus", "line_name": "603"}, {"line_id": "92-603-B-j24-1", "route_id": "218.TA.92-603-B-j24-1.11.R", "mode": "bus", "line_name": "603"}, {"line_id": "92-603-B-j24-1", "route_id": "219.TA.92-603-B-j24-1.11.R", "mode": "bus", "line_name": "603"}, {"line_id": "92-603-B-j24-1", "route_id": "404.TA.92-603-B-j24-1.12.R", "mode": "bus", "line_name": "603"}, {"line_id": "92-603-B-j24-1", "route_id": "233.TA.92-603-B-j24-1.12.R", "mode": "bus", "line_name": "603"}], "predominant_mode": "bus", "assigned_canton": "Zug", "modes_list": ["bus"]}, "geometry": {"type": "Point", "coordinates": [8.523413634151465, 47.19358191380536]}}, {"id": "1511", "type": "Feature", "properties": {"name": "Baar, L\u00e4ttich", "lon": 8.538002265969215, "lat": 47.20080885346852, "stop_id": ["8502970.link:225639", "8502970.link:225640"], "lines": [{"line_id": "92-603-B-j24-1", "route_id": "251.TA.92-603-B-j24-1.12.R", "mode": "bus", "line_name": "603"}, {"line_id": "92-603-B-j24-1", "route_id": "214.TA.92-603-B-j24-1.5.R", "mode": "bus", "line_name": "603"}, {"line_id": "92-603-B-j24-1", "route_id": "216.TA.92-603-B-j24-1.11.R", "mode": "bus", "line_name": "603"}, {"line_id": "92-603-B-j24-1", "route_id": "218.TA.92-603-B-j24-1.11.R", "mode": "bus", "line_name": "603"}, {"line_id": "92-603-B-j24-1", "route_id": "219.TA.92-603-B-j24-1.11.R", "mode": "bus", "line_name": "603"}, {"line_id": "92-603-B-j24-1", "route_id": "404.TA.92-603-B-j24-1.12.R", "mode": "bus", "line_name": "603"}, {"line_id": "92-603-B-j24-1", "route_id": "233.TA.92-603-B-j24-1.12.R", "mode": "bus", "line_name": "603"}, {"line_id": "92-603-B-j24-1", "route_id": "66.TA.92-603-B-j24-1.9.H", "mode": "bus", "line_name": "603"}, {"line_id": "92-603-B-j24-1", "route_id": "12.TA.92-603-B-j24-1.2.H", "mode": "bus", "line_name": "603"}, {"line_id": "92-603-B-j24-1", "route_id": "131.TA.92-603-B-j24-1.9.H", "mode": "bus", "line_name": "603"}], "predominant_mode": "bus", "assigned_canton": "Zug", "modes_list": ["bus"]}, "geometry": {"type": "Point", "coordinates": [8.538002274410983, 47.20080886357483]}}, {"id": "1512", "type": "Feature", "properties": {"name": "Baar, L\u00e4ttichstrasse", "lon": 8.538496335896665, "lat": 47.19859326346069, "stop_id": ["8577563.link:1532913", "8577563.link:1532914"], "lines": [{"line_id": "92-603-B-j24-1", "route_id": "251.TA.92-603-B-j24-1.12.R", "mode": "bus", "line_name": "603"}, {"line_id": "92-603-B-j24-1", "route_id": "214.TA.92-603-B-j24-1.5.R", "mode": "bus", "line_name": "603"}, {"line_id": "92-603-B-j24-1", "route_id": "216.TA.92-603-B-j24-1.11.R", "mode": "bus", "line_name": "603"}, {"line_id": "92-603-B-j24-1", "route_id": "218.TA.92-603-B-j24-1.11.R", "mode": "bus", "line_name": "603"}, {"line_id": "92-603-B-j24-1", "route_id": "219.TA.92-603-B-j24-1.11.R", "mode": "bus", "line_name": "603"}, {"line_id": "92-603-B-j24-1", "route_id": "404.TA.92-603-B-j24-1.12.R", "mode": "bus", "line_name": "603"}, {"line_id": "92-603-B-j24-1", "route_id": "233.TA.92-603-B-j24-1.12.R", "mode": "bus", "line_name": "603"}, {"line_id": "92-603-B-j24-1", "route_id": "66.TA.92-603-B-j24-1.9.H", "mode": "bus", "line_name": "603"}, {"line_id": "92-603-B-j24-1", "route_id": "12.TA.92-603-B-j24-1.2.H", "mode": "bus", "line_name": "603"}, {"line_id": "92-603-B-j24-1", "route_id": "131.TA.92-603-B-j24-1.9.H", "mode": "bus", "line_name": "603"}], "predominant_mode": "bus", "assigned_canton": "Zug", "modes_list": ["bus"]}, "geometry": {"type": "Point", "coordinates": [8.538496344339586, 47.198593273566075]}}, {"id": "1513", "type": "Feature", "properties": {"name": "Baar, Metro", "lon": 8.514125045618666, "lat": 47.190633463843206, "stop_id": ["8593403.link:176233", "8593403.link:176234"], "lines": [{"line_id": "92-636-j24-1", "route_id": "206.TA.92-636-j24-1.4.R", "mode": "bus", "line_name": "636"}, {"line_id": "92-636-j24-1", "route_id": "273.TA.92-636-j24-1.4.R", "mode": "bus", "line_name": "636"}, {"line_id": "92-636-j24-1", "route_id": "86.TA.92-636-j24-1.3.H", "mode": "bus", "line_name": "636"}, {"line_id": "92-636-j24-1", "route_id": "132.TA.92-636-j24-1.3.H", "mode": "bus", "line_name": "636"}], "predominant_mode": "bus", "assigned_canton": "Zug", "modes_list": ["bus"]}, "geometry": {"type": "Point", "coordinates": [8.51412505404009, 47.19063347395281]}}, {"id": "1514", "type": "Feature", "properties": {"name": "Baar, Moosrank (H\u00f6llgrotten)", "lon": 8.548377805237518, "lat": 47.17834958330476, "stop_id": ["8577531.link:855103", "8577531.link:855104"], "lines": [{"line_id": "92-N1-D-j24-1", "route_id": "1.TA.92-N1-D-j24-1.6.H", "mode": "bus", "line_name": "N1"}, {"line_id": "92-634-j24-1", "route_id": "6.TA.92-634-j24-1.3.H", "mode": "bus", "line_name": "634"}, {"line_id": "92-634-j24-1", "route_id": "98.TA.92-634-j24-1.4.H", "mode": "bus", "line_name": "634"}, {"line_id": "92-634-j24-1", "route_id": "32.TA.92-634-j24-1.4.H", "mode": "bus", "line_name": "634"}, {"line_id": "92-612-C-j24-1", "route_id": "6.TA.92-612-C-j24-1.8.H", "mode": "bus", "line_name": "612"}, {"line_id": "92-634-j24-1", "route_id": "14.TA.92-634-j24-1.4.H", "mode": "bus", "line_name": "634"}, {"line_id": "92-634-j24-1", "route_id": "139.TA.92-634-j24-1.5.R", "mode": "bus", "line_name": "634"}, {"line_id": "92-612-C-j24-1", "route_id": "36.TA.92-612-C-j24-1.10.R", "mode": "bus", "line_name": "612"}, {"line_id": "92-634-j24-1", "route_id": "152.TA.92-634-j24-1.5.R", "mode": "bus", "line_name": "634"}, {"line_id": "92-602-A-j24-1", "route_id": "199.TA.92-602-A-j24-1.8.R", "mode": "bus", "line_name": "602"}, {"line_id": "92-634-j24-1", "route_id": "162.TA.92-634-j24-1.5.R", "mode": "bus", "line_name": "634"}], "predominant_mode": "bus", "assigned_canton": "Zug", "modes_list": ["bus"]}, "geometry": {"type": "Point", "coordinates": [8.54837781369618, 47.17834959340021]}}, {"id": "1515", "type": "Feature", "properties": {"name": "Baar, Oberdorf", "lon": 8.53054624582997, "lat": 47.19672550358552, "stop_id": ["8502694.link:1779038", "8502694.link:1779039"], "lines": [{"line_id": "92-632-j24-1", "route_id": "226.TA.92-632-j24-1.7.R", "mode": "bus", "line_name": "632"}, {"line_id": "92-632-j24-1", "route_id": "174.TA.92-632-j24-1.5.R", "mode": "bus", "line_name": "632"}, {"line_id": "92-632-j24-1", "route_id": "187.TA.92-632-j24-1.9.R", "mode": "bus", "line_name": "632"}, {"line_id": "92-634-j24-1", "route_id": "139.TA.92-634-j24-1.5.R", "mode": "bus", "line_name": "634"}, {"line_id": "92-632-j24-1", "route_id": "139.TA.92-632-j24-1.4.R", "mode": "bus", "line_name": "632"}, {"line_id": "92-631-A-j24-1", "route_id": "204.TA.92-631-A-j24-1.4.R", "mode": "bus", "line_name": "631"}, {"line_id": "92-634-j24-1", "route_id": "152.TA.92-634-j24-1.5.R", "mode": "bus", "line_name": "634"}, {"line_id": "92-634-j24-1", "route_id": "162.TA.92-634-j24-1.5.R", "mode": "bus", "line_name": "634"}, {"line_id": "92-603-B-j24-1", "route_id": "12.TA.92-603-B-j24-1.2.H", "mode": "bus", "line_name": "603"}, {"line_id": "92-603-B-j24-1", "route_id": "66.TA.92-603-B-j24-1.9.H", "mode": "bus", "line_name": "603"}, {"line_id": "92-603-B-j24-1", "route_id": "131.TA.92-603-B-j24-1.9.H", "mode": "bus", "line_name": "603"}, {"line_id": "92-N2-D-j24-1", "route_id": "1.TA.92-N2-D-j24-1.4.H", "mode": "bus", "line_name": "N2"}, {"line_id": "92-632-j24-1", "route_id": "79.TA.92-632-j24-1.8.H", "mode": "bus", "line_name": "632"}, {"line_id": "92-634-j24-1", "route_id": "14.TA.92-634-j24-1.4.H", "mode": "bus", "line_name": "634"}, {"line_id": "92-603-B-j24-1", "route_id": "251.TA.92-603-B-j24-1.12.R", "mode": "bus", "line_name": "603"}, {"line_id": "92-632-j24-1", "route_id": "41.TA.92-632-j24-1.1.H", "mode": "bus", "line_name": "632"}, {"line_id": "92-634-j24-1", "route_id": "6.TA.92-634-j24-1.3.H", "mode": "bus", "line_name": "634"}, {"line_id": "92-603-B-j24-1", "route_id": "214.TA.92-603-B-j24-1.5.R", "mode": "bus", "line_name": "603"}, {"line_id": "92-632-j24-1", "route_id": "93.TA.92-632-j24-1.3.H", "mode": "bus", "line_name": "632"}, {"line_id": "92-634-j24-1", "route_id": "98.TA.92-634-j24-1.4.H", "mode": "bus", "line_name": "634"}, {"line_id": "92-634-j24-1", "route_id": "32.TA.92-634-j24-1.4.H", "mode": "bus", "line_name": "634"}, {"line_id": "92-603-B-j24-1", "route_id": "216.TA.92-603-B-j24-1.11.R", "mode": "bus", "line_name": "603"}, {"line_id": "92-631-A-j24-1", "route_id": "110.TA.92-631-A-j24-1.3.H", "mode": "bus", "line_name": "631"}, {"line_id": "92-603-B-j24-1", "route_id": "218.TA.92-603-B-j24-1.11.R", "mode": "bus", "line_name": "603"}, {"line_id": "92-603-B-j24-1", "route_id": "219.TA.92-603-B-j24-1.11.R", "mode": "bus", "line_name": "603"}, {"line_id": "92-603-B-j24-1", "route_id": "404.TA.92-603-B-j24-1.12.R", "mode": "bus", "line_name": "603"}, {"line_id": "92-603-B-j24-1", "route_id": "233.TA.92-603-B-j24-1.12.R", "mode": "bus", "line_name": "603"}], "predominant_mode": "bus", "assigned_canton": "Zug", "modes_list": ["bus"]}, "geometry": {"type": "Point", "coordinates": [8.530546254265662, 47.196725513692535]}}, {"id": "1516", "type": "Feature", "properties": {"name": "Baar, Oberneuhof", "lon": 8.515795905553723, "lat": 47.188625013816875, "stop_id": ["8593406.link:207667", "8593406.link:207668"], "lines": [{"line_id": "92-636-j24-1", "route_id": "206.TA.92-636-j24-1.4.R", "mode": "bus", "line_name": "636"}, {"line_id": "92-636-j24-1", "route_id": "273.TA.92-636-j24-1.4.R", "mode": "bus", "line_name": "636"}, {"line_id": "92-636-j24-1", "route_id": "86.TA.92-636-j24-1.3.H", "mode": "bus", "line_name": "636"}, {"line_id": "92-636-j24-1", "route_id": "132.TA.92-636-j24-1.3.H", "mode": "bus", "line_name": "636"}], "predominant_mode": "bus", "assigned_canton": "Zug", "modes_list": ["bus"]}, "geometry": {"type": "Point", "coordinates": [8.515795913977382, 47.188625023925276]}}, {"id": "1517", "type": "Feature", "properties": {"name": "Baar, Paradies", "lon": 8.537804635840201, "lat": 47.1968903134715, "stop_id": ["8588718.link:1065486", "8588718.link:1065487"], "lines": [{"line_id": "92-632-j24-1", "route_id": "226.TA.92-632-j24-1.7.R", "mode": "bus", "line_name": "632"}, {"line_id": "92-632-j24-1", "route_id": "174.TA.92-632-j24-1.5.R", "mode": "bus", "line_name": "632"}, {"line_id": "92-632-j24-1", "route_id": "187.TA.92-632-j24-1.9.R", "mode": "bus", "line_name": "632"}, {"line_id": "92-632-j24-1", "route_id": "139.TA.92-632-j24-1.4.R", "mode": "bus", "line_name": "632"}, {"line_id": "92-631-A-j24-1", "route_id": "204.TA.92-631-A-j24-1.4.R", "mode": "bus", "line_name": "631"}, {"line_id": "92-603-B-j24-1", "route_id": "12.TA.92-603-B-j24-1.2.H", "mode": "bus", "line_name": "603"}, {"line_id": "92-603-B-j24-1", "route_id": "66.TA.92-603-B-j24-1.9.H", "mode": "bus", "line_name": "603"}, {"line_id": "92-603-B-j24-1", "route_id": "131.TA.92-603-B-j24-1.9.H", "mode": "bus", "line_name": "603"}, {"line_id": "92-N2-D-j24-1", "route_id": "1.TA.92-N2-D-j24-1.4.H", "mode": "bus", "line_name": "N2"}, {"line_id": "92-632-j24-1", "route_id": "79.TA.92-632-j24-1.8.H", "mode": "bus", "line_name": "632"}, {"line_id": "92-603-B-j24-1", "route_id": "251.TA.92-603-B-j24-1.12.R", "mode": "bus", "line_name": "603"}, {"line_id": "92-632-j24-1", "route_id": "41.TA.92-632-j24-1.1.H", "mode": "bus", "line_name": "632"}, {"line_id": "92-603-B-j24-1", "route_id": "214.TA.92-603-B-j24-1.5.R", "mode": "bus", "line_name": "603"}, {"line_id": "92-632-j24-1", "route_id": "93.TA.92-632-j24-1.3.H", "mode": "bus", "line_name": "632"}, {"line_id": "92-603-B-j24-1", "route_id": "216.TA.92-603-B-j24-1.11.R", "mode": "bus", "line_name": "603"}, {"line_id": "92-631-A-j24-1", "route_id": "110.TA.92-631-A-j24-1.3.H", "mode": "bus", "line_name": "631"}, {"line_id": "92-603-B-j24-1", "route_id": "218.TA.92-603-B-j24-1.11.R", "mode": "bus", "line_name": "603"}, {"line_id": "92-603-B-j24-1", "route_id": "219.TA.92-603-B-j24-1.11.R", "mode": "bus", "line_name": "603"}, {"line_id": "92-603-B-j24-1", "route_id": "404.TA.92-603-B-j24-1.12.R", "mode": "bus", "line_name": "603"}, {"line_id": "92-603-B-j24-1", "route_id": "233.TA.92-603-B-j24-1.12.R", "mode": "bus", "line_name": "603"}], "predominant_mode": "bus", "assigned_canton": "Zug", "modes_list": ["bus"]}, "geometry": {"type": "Point", "coordinates": [8.537804644282954, 47.19689032357649]}}, {"id": "1518", "type": "Feature", "properties": {"name": "Baar, Pfaffentobel", "lon": 8.572389776485094, "lat": 47.215802872928776, "stop_id": ["8577566.link:1759104", "8577566.link:1759111"], "lines": [{"line_id": "92-631-A-j24-1", "route_id": "110.TA.92-631-A-j24-1.3.H", "mode": "bus", "line_name": "631"}, {"line_id": "92-631-A-j24-1", "route_id": "204.TA.92-631-A-j24-1.4.R", "mode": "bus", "line_name": "631"}], "predominant_mode": "bus", "assigned_canton": "Zug", "modes_list": ["bus"]}, "geometry": {"type": "Point", "coordinates": [8.572389784955934, 47.215802883030356]}}, {"id": "1519", "type": "Feature", "properties": {"name": "Baar, Rathaus", "lon": 8.525479745747122, "lat": 47.19430830366498, "stop_id": ["8502787.link:404419", "8502787.link:404420"], "lines": [{"line_id": "92-604-B-j24-1", "route_id": "538.TA.92-604-B-j24-1.27.R", "mode": "bus", "line_name": "604"}, {"line_id": "92-604-B-j24-1", "route_id": "532.TA.92-604-B-j24-1.27.R", "mode": "bus", "line_name": "604"}, {"line_id": "92-604-B-j24-1", "route_id": "201.TA.92-604-B-j24-1.25.H", "mode": "bus", "line_name": "604"}, {"line_id": "92-604-B-j24-1", "route_id": "165.TA.92-604-B-j24-1.25.H", "mode": "bus", "line_name": "604"}, {"line_id": "92-634-j24-1", "route_id": "6.TA.92-634-j24-1.3.H", "mode": "bus", "line_name": "634"}, {"line_id": "92-634-j24-1", "route_id": "98.TA.92-634-j24-1.4.H", "mode": "bus", "line_name": "634"}, {"line_id": "92-634-j24-1", "route_id": "32.TA.92-634-j24-1.4.H", "mode": "bus", "line_name": "634"}, {"line_id": "92-604-B-j24-1", "route_id": "91.TA.92-604-B-j24-1.25.H", "mode": "bus", "line_name": "604"}, {"line_id": "92-631-A-j24-1", "route_id": "110.TA.92-631-A-j24-1.3.H", "mode": "bus", "line_name": "631"}, {"line_id": "92-604-B-j24-1", "route_id": "29.TA.92-604-B-j24-1.23.H", "mode": "bus", "line_name": "604"}, {"line_id": "92-634-j24-1", "route_id": "14.TA.92-634-j24-1.4.H", "mode": "bus", "line_name": "634"}, {"line_id": "92-604-B-j24-1", "route_id": "655.TA.92-604-B-j24-1.28.R", "mode": "bus", "line_name": "604"}, {"line_id": "92-604-B-j24-1", "route_id": "550.TA.92-604-B-j24-1.28.R", "mode": "bus", "line_name": "604"}], "predominant_mode": "bus", "assigned_canton": "Zug", "modes_list": ["bus"]}, "geometry": {"type": "Point", "coordinates": [8.525479754178578, 47.19430831377261]}}, {"id": "1520", "type": "Feature", "properties": {"name": "Baar, Ruessen", "lon": 8.562301686390168, "lat": 47.21311805308719, "stop_id": ["8577564.link:1759108", "8577564.link:1759109"], "lines": [{"line_id": "92-631-A-j24-1", "route_id": "204.TA.92-631-A-j24-1.4.R", "mode": "bus", "line_name": "631"}, {"line_id": "92-631-A-j24-1", "route_id": "110.TA.92-631-A-j24-1.3.H", "mode": "bus", "line_name": "631"}], "predominant_mode": "bus", "assigned_canton": "Zug", "modes_list": ["bus"]}, "geometry": {"type": "Point", "coordinates": [8.562301694851978, 47.21311806319076]}}, {"id": "1521", "type": "Feature", "properties": {"name": "Baar, Schochenm\u00fchle", "lon": 8.500461665505675, "lat": 47.18747728405769, "stop_id": ["8593407.link:1828258", "8593407.link:1828259"], "lines": [{"line_id": "92-636-j24-1", "route_id": "86.TA.92-636-j24-1.3.H", "mode": "bus", "line_name": "636"}, {"line_id": "92-636-j24-1", "route_id": "132.TA.92-636-j24-1.3.H", "mode": "bus", "line_name": "636"}, {"line_id": "92-636-j24-1", "route_id": "206.TA.92-636-j24-1.4.R", "mode": "bus", "line_name": "636"}, {"line_id": "92-636-j24-1", "route_id": "273.TA.92-636-j24-1.4.R", "mode": "bus", "line_name": "636"}], "predominant_mode": "bus", "assigned_canton": "Zug", "modes_list": ["bus"]}, "geometry": {"type": "Point", "coordinates": [8.500461673914623, 47.187477294170066]}}, {"id": "1522", "type": "Feature", "properties": {"name": "Baar, St. Martin", "lon": 8.522892595684546, "lat": 47.192458703705604, "stop_id": ["8593408.link:173264", "8593408.link:173265"], "lines": [{"line_id": "92-603-B-j24-1", "route_id": "66.TA.92-603-B-j24-1.9.H", "mode": "bus", "line_name": "603"}, {"line_id": "92-603-B-j24-1", "route_id": "12.TA.92-603-B-j24-1.2.H", "mode": "bus", "line_name": "603"}, {"line_id": "92-603-B-j24-1", "route_id": "131.TA.92-603-B-j24-1.9.H", "mode": "bus", "line_name": "603"}, {"line_id": "92-603-B-j24-1", "route_id": "251.TA.92-603-B-j24-1.12.R", "mode": "bus", "line_name": "603"}, {"line_id": "92-603-B-j24-1", "route_id": "214.TA.92-603-B-j24-1.5.R", "mode": "bus", "line_name": "603"}, {"line_id": "92-603-B-j24-1", "route_id": "216.TA.92-603-B-j24-1.11.R", "mode": "bus", "line_name": "603"}, {"line_id": "92-603-B-j24-1", "route_id": "218.TA.92-603-B-j24-1.11.R", "mode": "bus", "line_name": "603"}, {"line_id": "92-603-B-j24-1", "route_id": "219.TA.92-603-B-j24-1.11.R", "mode": "bus", "line_name": "603"}, {"line_id": "92-603-B-j24-1", "route_id": "404.TA.92-603-B-j24-1.12.R", "mode": "bus", "line_name": "603"}, {"line_id": "92-603-B-j24-1", "route_id": "233.TA.92-603-B-j24-1.12.R", "mode": "bus", "line_name": "603"}], "predominant_mode": "bus", "assigned_canton": "Zug", "modes_list": ["bus"]}, "geometry": {"type": "Point", "coordinates": [8.522892604114022, 47.1924587138133]}}, {"id": "1523", "type": "Feature", "properties": {"name": "Baar, Stadtgrenze", "lon": 8.520467145434596, "lat": 47.18490703374343, "stop_id": ["8502788.link:1908411", "8502788.link:1908412"], "lines": [{"line_id": "92-603-B-j24-1", "route_id": "66.TA.92-603-B-j24-1.9.H", "mode": "bus", "line_name": "603"}, {"line_id": "92-603-B-j24-1", "route_id": "12.TA.92-603-B-j24-1.2.H", "mode": "bus", "line_name": "603"}, {"line_id": "92-603-B-j24-1", "route_id": "131.TA.92-603-B-j24-1.9.H", "mode": "bus", "line_name": "603"}, {"line_id": "92-603-B-j24-1", "route_id": "251.TA.92-603-B-j24-1.12.R", "mode": "bus", "line_name": "603"}, {"line_id": "92-603-B-j24-1", "route_id": "214.TA.92-603-B-j24-1.5.R", "mode": "bus", "line_name": "603"}, {"line_id": "92-603-B-j24-1", "route_id": "216.TA.92-603-B-j24-1.11.R", "mode": "bus", "line_name": "603"}, {"line_id": "92-603-B-j24-1", "route_id": "218.TA.92-603-B-j24-1.11.R", "mode": "bus", "line_name": "603"}, {"line_id": "92-603-B-j24-1", "route_id": "219.TA.92-603-B-j24-1.11.R", "mode": "bus", "line_name": "603"}, {"line_id": "92-603-B-j24-1", "route_id": "404.TA.92-603-B-j24-1.12.R", "mode": "bus", "line_name": "603"}, {"line_id": "92-603-B-j24-1", "route_id": "233.TA.92-603-B-j24-1.12.R", "mode": "bus", "line_name": "603"}], "predominant_mode": "bus", "assigned_canton": "Zug", "modes_list": ["bus"]}, "geometry": {"type": "Point", "coordinates": [8.520467153863951, 47.184907043849186]}}, {"id": "1524", "type": "Feature", "properties": {"name": "Baar, S\u00fcdstrasse", "lon": 8.521895465582297, "lat": 47.18936979372114, "stop_id": ["8577561.link:1840312", "8577561.link:1840313"], "lines": [{"line_id": "92-603-B-j24-1", "route_id": "66.TA.92-603-B-j24-1.9.H", "mode": "bus", "line_name": "603"}, {"line_id": "92-603-B-j24-1", "route_id": "12.TA.92-603-B-j24-1.2.H", "mode": "bus", "line_name": "603"}, {"line_id": "92-603-B-j24-1", "route_id": "131.TA.92-603-B-j24-1.9.H", "mode": "bus", "line_name": "603"}, {"line_id": "92-603-B-j24-1", "route_id": "251.TA.92-603-B-j24-1.12.R", "mode": "bus", "line_name": "603"}, {"line_id": "92-603-B-j24-1", "route_id": "214.TA.92-603-B-j24-1.5.R", "mode": "bus", "line_name": "603"}, {"line_id": "92-603-B-j24-1", "route_id": "216.TA.92-603-B-j24-1.11.R", "mode": "bus", "line_name": "603"}, {"line_id": "92-603-B-j24-1", "route_id": "218.TA.92-603-B-j24-1.11.R", "mode": "bus", "line_name": "603"}, {"line_id": "92-603-B-j24-1", "route_id": "219.TA.92-603-B-j24-1.11.R", "mode": "bus", "line_name": "603"}, {"line_id": "92-603-B-j24-1", "route_id": "404.TA.92-603-B-j24-1.12.R", "mode": "bus", "line_name": "603"}, {"line_id": "92-603-B-j24-1", "route_id": "233.TA.92-603-B-j24-1.12.R", "mode": "bus", "line_name": "603"}], "predominant_mode": "bus", "assigned_canton": "Zug", "modes_list": ["bus"]}, "geometry": {"type": "Point", "coordinates": [8.521895474011716, 47.18936980382806]}}, {"id": "1525", "type": "Feature", "properties": {"name": "Baar, Talacher", "lon": 8.545170815178603, "lat": 47.17662155335505, "stop_id": ["8502282.link:169278", "8502282.link:1791299"], "lines": [{"line_id": "92-634-j24-1", "route_id": "139.TA.92-634-j24-1.5.R", "mode": "bus", "line_name": "634"}, {"line_id": "92-612-C-j24-1", "route_id": "36.TA.92-612-C-j24-1.10.R", "mode": "bus", "line_name": "612"}, {"line_id": "92-634-j24-1", "route_id": "152.TA.92-634-j24-1.5.R", "mode": "bus", "line_name": "634"}, {"line_id": "92-602-A-j24-1", "route_id": "199.TA.92-602-A-j24-1.8.R", "mode": "bus", "line_name": "602"}, {"line_id": "92-602-C-j24-1", "route_id": "1.TA.92-602-C-j24-1.2.R", "mode": "bus", "line_name": "602"}, {"line_id": "92-634-j24-1", "route_id": "162.TA.92-634-j24-1.5.R", "mode": "bus", "line_name": "634"}, {"line_id": "92-N1-D-j24-1", "route_id": "1.TA.92-N1-D-j24-1.6.H", "mode": "bus", "line_name": "N1"}, {"line_id": "92-602-A-j24-1", "route_id": "135.TA.92-602-A-j24-1.7.H", "mode": "bus", "line_name": "602"}, {"line_id": "92-634-j24-1", "route_id": "6.TA.92-634-j24-1.3.H", "mode": "bus", "line_name": "634"}, {"line_id": "92-602-A-j24-1", "route_id": "134.TA.92-602-A-j24-1.6.H", "mode": "bus", "line_name": "602"}, {"line_id": "92-634-j24-1", "route_id": "98.TA.92-634-j24-1.4.H", "mode": "bus", "line_name": "634"}, {"line_id": "92-634-j24-1", "route_id": "32.TA.92-634-j24-1.4.H", "mode": "bus", "line_name": "634"}, {"line_id": "92-612-C-j24-1", "route_id": "6.TA.92-612-C-j24-1.8.H", "mode": "bus", "line_name": "612"}, {"line_id": "92-634-j24-1", "route_id": "14.TA.92-634-j24-1.4.H", "mode": "bus", "line_name": "634"}], "predominant_mode": "bus", "assigned_canton": "Zug", "modes_list": ["bus"]}, "geometry": {"type": "Point", "coordinates": [8.545170823634647, 47.17662156345084]}}, {"id": "1526", "type": "Feature", "properties": {"name": "Baar, Tobelbr\u00fccke-H\u00f6llgrotten", "lon": 8.552878365277415, "lat": 47.17947307323407, "stop_id": ["8502296.link:1791314", "8502296.link:1791315"], "lines": [{"line_id": "92-602-A-j24-1", "route_id": "199.TA.92-602-A-j24-1.8.R", "mode": "bus", "line_name": "602"}, {"line_id": "92-602-A-j24-1", "route_id": "134.TA.92-602-A-j24-1.6.H", "mode": "bus", "line_name": "602"}, {"line_id": "92-602-A-j24-1", "route_id": "135.TA.92-602-A-j24-1.7.H", "mode": "bus", "line_name": "602"}], "predominant_mode": "bus", "assigned_canton": "Zug", "modes_list": ["bus"]}, "geometry": {"type": "Point", "coordinates": [8.552878373740148, 47.17947308332865]}}, {"id": "1527", "type": "Feature", "properties": {"name": "Baar, Waldmannhalle", "lon": 8.519892225925275, "lat": 47.19983840375298, "stop_id": ["8573189.link:1215613", "8573189.link:1215614"], "lines": [{"line_id": "96-180-1-j24-1", "route_id": "429.TA.96-180-1-j24-1.12.R", "mode": "bus", "line_name": "280"}, {"line_id": "96-180-1-j24-1", "route_id": "460.TA.96-180-1-j24-1.29.R", "mode": "bus", "line_name": "280"}, {"line_id": "92-604-B-j24-1", "route_id": "201.TA.92-604-B-j24-1.25.H", "mode": "bus", "line_name": "604"}, {"line_id": "92-604-B-j24-1", "route_id": "165.TA.92-604-B-j24-1.25.H", "mode": "bus", "line_name": "604"}, {"line_id": "96-180-1-j24-1", "route_id": "486.TA.96-180-1-j24-1.30.R", "mode": "bus", "line_name": "280"}, {"line_id": "96-180-1-j24-1", "route_id": "515.TA.96-180-1-j24-1.31.R", "mode": "bus", "line_name": "280"}, {"line_id": "92-604-B-j24-1", "route_id": "91.TA.92-604-B-j24-1.25.H", "mode": "bus", "line_name": "604"}, {"line_id": "96-180-1-j24-1", "route_id": "607.TA.96-180-1-j24-1.32.R", "mode": "bus", "line_name": "280"}, {"line_id": "92-604-B-j24-1", "route_id": "655.TA.92-604-B-j24-1.28.R", "mode": "bus", "line_name": "604"}, {"line_id": "96-180-1-j24-1", "route_id": "172.TA.96-180-1-j24-1.23.H", "mode": "bus", "line_name": "280"}, {"line_id": "96-180-1-j24-1", "route_id": "126.TA.96-180-1-j24-1.10.H", "mode": "bus", "line_name": "280"}, {"line_id": "96-180-1-j24-1", "route_id": "6.TA.96-180-1-j24-1.9.H", "mode": "bus", "line_name": "280"}, {"line_id": "96-180-1-j24-1", "route_id": "298.TA.96-180-1-j24-1.24.H", "mode": "bus", "line_name": "280"}, {"line_id": "92-604-B-j24-1", "route_id": "550.TA.92-604-B-j24-1.28.R", "mode": "bus", "line_name": "604"}, {"line_id": "96-180-1-j24-1", "route_id": "24.TA.96-180-1-j24-1.21.H", "mode": "bus", "line_name": "280"}], "predominant_mode": "bus", "assigned_canton": "Zug", "modes_list": ["bus"]}, "geometry": {"type": "Point", "coordinates": [8.519892234349593, 47.1998384138641]}}, {"id": "1528", "type": "Feature", "properties": {"name": "Baar, Walterswil", "lon": 8.555788906316842, "lat": 47.211018913189434, "stop_id": ["8502971.link:1779000", "8502971.link:1779001"], "lines": [{"line_id": "92-631-A-j24-1", "route_id": "110.TA.92-631-A-j24-1.3.H", "mode": "bus", "line_name": "631"}, {"line_id": "92-631-A-j24-1", "route_id": "204.TA.92-631-A-j24-1.4.R", "mode": "bus", "line_name": "631"}], "predominant_mode": "bus", "assigned_canton": "Zug", "modes_list": ["bus"]}, "geometry": {"type": "Point", "coordinates": [8.555788914772927, 47.21101892329416]}}, {"id": "3464", "type": "Feature", "properties": {"name": "Blickensdorf, Dorf", "lon": 8.515068275988929, "lat": 47.20187084382878, "stop_id": ["8587323.link:1190796", "8587323.link:668502"], "lines": [{"line_id": "92-604-B-j24-1", "route_id": "201.TA.92-604-B-j24-1.25.H", "mode": "bus", "line_name": "604"}, {"line_id": "92-604-B-j24-1", "route_id": "165.TA.92-604-B-j24-1.25.H", "mode": "bus", "line_name": "604"}, {"line_id": "92-604-B-j24-1", "route_id": "91.TA.92-604-B-j24-1.25.H", "mode": "bus", "line_name": "604"}, {"line_id": "92-604-B-j24-1", "route_id": "655.TA.92-604-B-j24-1.28.R", "mode": "bus", "line_name": "604"}, {"line_id": "92-604-B-j24-1", "route_id": "550.TA.92-604-B-j24-1.28.R", "mode": "bus", "line_name": "604"}], "predominant_mode": "bus", "assigned_canton": "Zug", "modes_list": ["bus"]}, "geometry": {"type": "Point", "coordinates": [8.515068284407914, 47.201870853941976]}}, {"id": "3465", "type": "Feature", "properties": {"name": "Blickensdorf, H. Waldmann-Str", "lon": 8.51717033596742, "lat": 47.201175063795766, "stop_id": ["8573188.link:549392", "8573188.link:549393"], "lines": [{"line_id": "96-180-1-j24-1", "route_id": "429.TA.96-180-1-j24-1.12.R", "mode": "bus", "line_name": "280"}, {"line_id": "96-180-1-j24-1", "route_id": "460.TA.96-180-1-j24-1.29.R", "mode": "bus", "line_name": "280"}, {"line_id": "92-604-B-j24-1", "route_id": "201.TA.92-604-B-j24-1.25.H", "mode": "bus", "line_name": "604"}, {"line_id": "92-604-B-j24-1", "route_id": "165.TA.92-604-B-j24-1.25.H", "mode": "bus", "line_name": "604"}, {"line_id": "96-180-1-j24-1", "route_id": "486.TA.96-180-1-j24-1.30.R", "mode": "bus", "line_name": "280"}, {"line_id": "96-180-1-j24-1", "route_id": "515.TA.96-180-1-j24-1.31.R", "mode": "bus", "line_name": "280"}, {"line_id": "92-604-B-j24-1", "route_id": "91.TA.92-604-B-j24-1.25.H", "mode": "bus", "line_name": "604"}, {"line_id": "96-180-1-j24-1", "route_id": "607.TA.96-180-1-j24-1.32.R", "mode": "bus", "line_name": "280"}, {"line_id": "92-604-B-j24-1", "route_id": "655.TA.92-604-B-j24-1.28.R", "mode": "bus", "line_name": "604"}, {"line_id": "96-180-1-j24-1", "route_id": "172.TA.96-180-1-j24-1.23.H", "mode": "bus", "line_name": "280"}, {"line_id": "96-180-1-j24-1", "route_id": "126.TA.96-180-1-j24-1.10.H", "mode": "bus", "line_name": "280"}, {"line_id": "96-180-1-j24-1", "route_id": "6.TA.96-180-1-j24-1.9.H", "mode": "bus", "line_name": "280"}, {"line_id": "96-180-1-j24-1", "route_id": "298.TA.96-180-1-j24-1.24.H", "mode": "bus", "line_name": "280"}, {"line_id": "92-604-B-j24-1", "route_id": "550.TA.92-604-B-j24-1.28.R", "mode": "bus", "line_name": "604"}, {"line_id": "96-180-1-j24-1", "route_id": "24.TA.96-180-1-j24-1.21.H", "mode": "bus", "line_name": "280"}], "predominant_mode": "bus", "assigned_canton": "Zug", "modes_list": ["bus"]}, "geometry": {"type": "Point", "coordinates": [8.517170344388676, 47.20117507390817]}}, {"id": "4433", "type": "Feature", "properties": {"name": "Buonas (See)", "lon": 8.458528303990219, "lat": 47.142226324714386, "stop_id": ["8502253.link:pt_8502253"], "lines": [{"line_id": "94-10-Y-j24-1", "route_id": "3.TA.94-10-Y-j24-1.2.H", "mode": "ferry", "line_name": "BAT"}, {"line_id": "94-10-Y-j24-1", "route_id": "4.TA.94-10-Y-j24-1.3.H", "mode": "ferry", "line_name": "BAT"}], "predominant_mode": "ferry", "assigned_canton": "Zug", "modes_list": ["ferry"]}, "geometry": {"type": "Point", "coordinates": [8.4585283123713, 47.142226334822695]}}, {"id": "4434", "type": "Feature", "properties": {"name": "Buonas, Neuhofstrasse", "lon": 8.456093873909085, "lat": 47.1398066447525, "stop_id": ["8587587.link:1943943", "8587587.link:1943944"], "lines": [{"line_id": "92-653-j24-1", "route_id": "188.TA.92-653-j24-1.15.R", "mode": "bus", "line_name": "653"}, {"line_id": "92-653-j24-1", "route_id": "202.TA.92-653-j24-1.15.R", "mode": "bus", "line_name": "653"}, {"line_id": "92-653-j24-1", "route_id": "167.TA.92-653-j24-1.15.R", "mode": "bus", "line_name": "653"}, {"line_id": "92-653-j24-1", "route_id": "314.TA.92-653-j24-1.16.R", "mode": "bus", "line_name": "653"}, {"line_id": "92-653-j24-1", "route_id": "280.TA.92-653-j24-1.16.R", "mode": "bus", "line_name": "653"}, {"line_id": "92-653-j24-1", "route_id": "150.TA.92-653-j24-1.14.H", "mode": "bus", "line_name": "653"}, {"line_id": "92-653-j24-1", "route_id": "109.TA.92-653-j24-1.14.H", "mode": "bus", "line_name": "653"}, {"line_id": "92-653-j24-1", "route_id": "47.TA.92-653-j24-1.13.H", "mode": "bus", "line_name": "653"}, {"line_id": "92-653-j24-1", "route_id": "31.TA.92-653-j24-1.13.H", "mode": "bus", "line_name": "653"}], "predominant_mode": "bus", "assigned_canton": "Zug", "modes_list": ["bus"]}, "geometry": {"type": "Point", "coordinates": [8.45609388228847, 47.13980665486065]}}, {"id": "4435", "type": "Feature", "properties": {"name": "Buonas, Schmidhof", "lon": 8.453264183937222, "lat": 47.14072320479694, "stop_id": ["8587588.link:778582", "8587588.link:778583"], "lines": [{"line_id": "92-653-j24-1", "route_id": "188.TA.92-653-j24-1.15.R", "mode": "bus", "line_name": "653"}, {"line_id": "92-653-j24-1", "route_id": "202.TA.92-653-j24-1.15.R", "mode": "bus", "line_name": "653"}, {"line_id": "92-653-j24-1", "route_id": "167.TA.92-653-j24-1.15.R", "mode": "bus", "line_name": "653"}, {"line_id": "92-653-j24-1", "route_id": "314.TA.92-653-j24-1.16.R", "mode": "bus", "line_name": "653"}, {"line_id": "92-653-j24-1", "route_id": "280.TA.92-653-j24-1.16.R", "mode": "bus", "line_name": "653"}, {"line_id": "92-653-j24-1", "route_id": "150.TA.92-653-j24-1.14.H", "mode": "bus", "line_name": "653"}, {"line_id": "92-653-j24-1", "route_id": "109.TA.92-653-j24-1.14.H", "mode": "bus", "line_name": "653"}, {"line_id": "92-653-j24-1", "route_id": "47.TA.92-653-j24-1.13.H", "mode": "bus", "line_name": "653"}, {"line_id": "92-653-j24-1", "route_id": "31.TA.92-653-j24-1.13.H", "mode": "bus", "line_name": "653"}], "predominant_mode": "bus", "assigned_canton": "Zug", "modes_list": ["bus"]}, "geometry": {"type": "Point", "coordinates": [8.453264192313544, 47.14072321490622]}}, {"id": "5184", "type": "Feature", "properties": {"name": "Cham", "lon": 8.458959500182285, "lat": 47.17850222970918, "stop_id": ["8502203:0:2.link:1631415", "8502203:0:3.link:962670"], "lines": [{"line_id": "91-1-A-j24-1", "route_id": "3016.TA.91-1-A-j24-1.445.R", "mode": "rail", "line_name": "S1"}, {"line_id": "91-1-A-j24-1", "route_id": "2991.TA.91-1-A-j24-1.442.R", "mode": "rail", "line_name": "S1"}, {"line_id": "91-1-A-j24-1", "route_id": "2802.TA.91-1-A-j24-1.421.R", "mode": "rail", "line_name": "S1"}, {"line_id": "91-1-A-j24-1", "route_id": "2456.TA.91-1-A-j24-1.359.R", "mode": "rail", "line_name": "S1"}, {"line_id": "91-1-A-j24-1", "route_id": "2054.TA.91-1-A-j24-1.337.R", "mode": "rail", "line_name": "S1"}, {"line_id": "91-1-A-j24-1", "route_id": "2788.TA.91-1-A-j24-1.420.R", "mode": "rail", "line_name": "S1"}, {"line_id": "91-1-A-j24-1", "route_id": "2532.TA.91-1-A-j24-1.380.R", "mode": "rail", "line_name": "S1"}, {"line_id": "91-1-A-j24-1", "route_id": "1909.TA.91-1-A-j24-1.302.R", "mode": "rail", "line_name": "S1"}, {"line_id": "91-1-A-j24-1", "route_id": "1918.TA.91-1-A-j24-1.303.R", "mode": "rail", "line_name": "S1"}, {"line_id": "91-1-A-j24-1", "route_id": "1883.TA.91-1-A-j24-1.295.R", "mode": "rail", "line_name": "S1"}, {"line_id": "91-1-A-j24-1", "route_id": "2974.TA.91-1-A-j24-1.440.R", "mode": "rail", "line_name": "S1"}, {"line_id": "91-4Q-Y-j24-1", "route_id": "1.TA.91-4Q-Y-j24-1.2.H", "mode": "rail", "line_name": "S"}, {"line_id": "91-1-A-j24-1", "route_id": "2554.TA.91-1-A-j24-1.388.R", "mode": "rail", "line_name": "S1"}, {"line_id": "91-35-Y-j24-1", "route_id": "133.TA.91-35-Y-j24-1.163.H", "mode": "rail", "line_name": "IR"}, {"line_id": "91-1-A-j24-1", "route_id": "2754.TA.91-1-A-j24-1.410.R", "mode": "rail", "line_name": "S1"}, {"line_id": "91-1-A-j24-1", "route_id": "2815.TA.91-1-A-j24-1.423.R", "mode": "rail", "line_name": "S1"}, {"line_id": "91-35-Y-j24-1", "route_id": "162.TA.91-35-Y-j24-1.237.H", "mode": "rail", "line_name": "IR"}, {"line_id": "91-1-A-j24-1", "route_id": "1871.TA.91-1-A-j24-1.293.R", "mode": "rail", "line_name": "S1"}, {"line_id": "91-1-A-j24-1", "route_id": "2942.TA.91-1-A-j24-1.430.R", "mode": "rail", "line_name": "S1"}, {"line_id": "91-35-Y-j24-1", "route_id": "130.TA.91-35-Y-j24-1.10.H", "mode": "rail", "line_name": "IR"}, {"line_id": "91-1-A-j24-1", "route_id": "2956.TA.91-1-A-j24-1.598.R", "mode": "rail", "line_name": "S1"}, {"line_id": "91-1-A-j24-1", "route_id": "2826.TA.91-1-A-j24-1.423.R", "mode": "rail", "line_name": "S1"}, {"line_id": "91-1-A-j24-1", "route_id": "3039.TA.91-1-A-j24-1.450.R", "mode": "rail", "line_name": "S1"}, {"line_id": "91-1-A-j24-1", "route_id": "2775.TA.91-1-A-j24-1.417.R", "mode": "rail", "line_name": "S1"}, {"line_id": "91-1-A-j24-1", "route_id": "3105.TA.91-1-A-j24-1.456.R", "mode": "rail", "line_name": "S1"}, {"line_id": "91-1-A-j24-1", "route_id": "2844.TA.91-1-A-j24-1.425.R", "mode": "rail", "line_name": "S1"}, {"line_id": "91-1-A-j24-1", "route_id": "3107.TA.91-1-A-j24-1.457.R", "mode": "rail", "line_name": "S1"}, {"line_id": "91-1-A-j24-1", "route_id": "778.TA.91-1-A-j24-1.137.H", "mode": "rail", "line_name": "S1"}, {"line_id": "91-1-A-j24-1", "route_id": "1463.TA.91-1-A-j24-1.226.H", "mode": "rail", "line_name": "S1"}, {"line_id": "91-1-A-j24-1", "route_id": "1087.TA.91-1-A-j24-1.169.H", "mode": "rail", "line_name": "S1"}, {"line_id": "91-1-A-j24-1", "route_id": "1461.TA.91-1-A-j24-1.224.H", "mode": "rail", "line_name": "S1"}, {"line_id": "91-1-A-j24-1", "route_id": "1234.TA.91-1-A-j24-1.1631.H", "mode": "rail", "line_name": "S1"}, {"line_id": "91-1-A-j24-1", "route_id": "437.TA.91-1-A-j24-1.83.H", "mode": "rail", "line_name": "S1"}, {"line_id": "91-1-A-j24-1", "route_id": "1216.TA.91-1-A-j24-1.184.H", "mode": "rail", "line_name": "S1"}, {"line_id": "91-1-A-j24-1", "route_id": "1230.TA.91-1-A-j24-1.185.H", "mode": "rail", "line_name": "S1"}, {"line_id": "91-1-A-j24-1", "route_id": "1342.TA.91-1-A-j24-1.209.H", "mode": "rail", "line_name": "S1"}, {"line_id": "91-1-A-j24-1", "route_id": "577.TA.91-1-A-j24-1.109.H", "mode": "rail", "line_name": "S1"}, {"line_id": "91-1-A-j24-1", "route_id": "420.TA.91-1-A-j24-1.82.H", "mode": "rail", "line_name": "S1"}, {"line_id": "91-1-A-j24-1", "route_id": "1192.TA.91-1-A-j24-1.181.H", "mode": "rail", "line_name": "S1"}, {"line_id": "91-1-A-j24-1", "route_id": "1425.TA.91-1-A-j24-1.220.H", "mode": "rail", "line_name": "S1"}, {"line_id": "91-1-A-j24-1", "route_id": "720.TA.91-1-A-j24-1.134.H", "mode": "rail", "line_name": "S1"}, {"line_id": "91-1-A-j24-1", "route_id": "1451.TA.91-1-A-j24-1.221.H", "mode": "rail", "line_name": "S1"}, {"line_id": "91-1-A-j24-1", "route_id": "462.TA.91-1-A-j24-1.89.H", "mode": "rail", "line_name": "S1"}, {"line_id": "91-1-A-j24-1", "route_id": "1282.TA.91-1-A-j24-1.202.H", "mode": "rail", "line_name": "S1"}, {"line_id": "91-1-A-j24-1", "route_id": "1180.TA.91-1-A-j24-1.180.H", "mode": "rail", "line_name": "S1"}, {"line_id": "91-1-A-j24-1", "route_id": "1146.TA.91-1-A-j24-1.176.H", "mode": "rail", "line_name": "S1"}, {"line_id": "91-1-A-j24-1", "route_id": "1053.TA.91-1-A-j24-1.1747.H", "mode": "rail", "line_name": "S1"}, {"line_id": "91-1-A-j24-1", "route_id": "1405.TA.91-1-A-j24-1.217.H", "mode": "rail", "line_name": "S1"}, {"line_id": "91-1-A-j24-1", "route_id": "477.TA.91-1-A-j24-1.91.H", "mode": "rail", "line_name": "S1"}], "predominant_mode": "rail", "assigned_canton": "Zug", "modes_list": ["rail"]}, "geometry": {"type": "Point", "coordinates": [8.458959508553075, 47.178502239830195]}}, {"id": "5185", "type": "Feature", "properties": {"name": "Cham (See)", "lon": 8.463469045190818, "lat": 47.17866709463838, "stop_id": ["8502250.link:pt_8502250"], "lines": [{"line_id": "94-10-Y-j24-1", "route_id": "1.TA.94-10-Y-j24-1.1.H", "mode": "ferry", "line_name": "BAT"}, {"line_id": "94-10-Y-j24-1", "route_id": "3.TA.94-10-Y-j24-1.2.H", "mode": "ferry", "line_name": "BAT"}, {"line_id": "94-10-Y-j24-1", "route_id": "4.TA.94-10-Y-j24-1.3.H", "mode": "ferry", "line_name": "BAT"}], "predominant_mode": "ferry", "assigned_canton": "Zug", "modes_list": ["ferry"]}, "geometry": {"type": "Point", "coordinates": [8.463469053566003, 47.17866710475822]}}, {"id": "5186", "type": "Feature", "properties": {"name": "Cham Alpenblick", "lon": 8.472317450326356, "lat": 47.18260530449955, "stop_id": ["8515995:0:1.link:25969", "8515995:0:2.link:525303"], "lines": [{"line_id": "91-1-A-j24-1", "route_id": "3016.TA.91-1-A-j24-1.445.R", "mode": "rail", "line_name": "S1"}, {"line_id": "91-1-A-j24-1", "route_id": "2991.TA.91-1-A-j24-1.442.R", "mode": "rail", "line_name": "S1"}, {"line_id": "91-1-A-j24-1", "route_id": "2802.TA.91-1-A-j24-1.421.R", "mode": "rail", "line_name": "S1"}, {"line_id": "91-1-A-j24-1", "route_id": "2456.TA.91-1-A-j24-1.359.R", "mode": "rail", "line_name": "S1"}, {"line_id": "91-1-A-j24-1", "route_id": "2054.TA.91-1-A-j24-1.337.R", "mode": "rail", "line_name": "S1"}, {"line_id": "91-1-A-j24-1", "route_id": "2788.TA.91-1-A-j24-1.420.R", "mode": "rail", "line_name": "S1"}, {"line_id": "91-1-A-j24-1", "route_id": "2532.TA.91-1-A-j24-1.380.R", "mode": "rail", "line_name": "S1"}, {"line_id": "91-1-A-j24-1", "route_id": "1909.TA.91-1-A-j24-1.302.R", "mode": "rail", "line_name": "S1"}, {"line_id": "91-1-A-j24-1", "route_id": "1918.TA.91-1-A-j24-1.303.R", "mode": "rail", "line_name": "S1"}, {"line_id": "91-1-A-j24-1", "route_id": "1883.TA.91-1-A-j24-1.295.R", "mode": "rail", "line_name": "S1"}, {"line_id": "91-1-A-j24-1", "route_id": "2974.TA.91-1-A-j24-1.440.R", "mode": "rail", "line_name": "S1"}, {"line_id": "91-1-A-j24-1", "route_id": "2554.TA.91-1-A-j24-1.388.R", "mode": "rail", "line_name": "S1"}, {"line_id": "91-1-A-j24-1", "route_id": "2754.TA.91-1-A-j24-1.410.R", "mode": "rail", "line_name": "S1"}, {"line_id": "91-1-A-j24-1", "route_id": "2815.TA.91-1-A-j24-1.423.R", "mode": "rail", "line_name": "S1"}, {"line_id": "91-1-A-j24-1", "route_id": "1871.TA.91-1-A-j24-1.293.R", "mode": "rail", "line_name": "S1"}, {"line_id": "91-1-A-j24-1", "route_id": "2942.TA.91-1-A-j24-1.430.R", "mode": "rail", "line_name": "S1"}, {"line_id": "91-1-A-j24-1", "route_id": "2956.TA.91-1-A-j24-1.598.R", "mode": "rail", "line_name": "S1"}, {"line_id": "91-1-A-j24-1", "route_id": "2826.TA.91-1-A-j24-1.423.R", "mode": "rail", "line_name": "S1"}, {"line_id": "91-1-A-j24-1", "route_id": "3039.TA.91-1-A-j24-1.450.R", "mode": "rail", "line_name": "S1"}, {"line_id": "91-1-A-j24-1", "route_id": "2775.TA.91-1-A-j24-1.417.R", "mode": "rail", "line_name": "S1"}, {"line_id": "91-1-A-j24-1", "route_id": "3105.TA.91-1-A-j24-1.456.R", "mode": "rail", "line_name": "S1"}, {"line_id": "91-1-A-j24-1", "route_id": "2844.TA.91-1-A-j24-1.425.R", "mode": "rail", "line_name": "S1"}, {"line_id": "91-1-A-j24-1", "route_id": "3107.TA.91-1-A-j24-1.457.R", "mode": "rail", "line_name": "S1"}, {"line_id": "91-1-A-j24-1", "route_id": "778.TA.91-1-A-j24-1.137.H", "mode": "rail", "line_name": "S1"}, {"line_id": "91-1-A-j24-1", "route_id": "1463.TA.91-1-A-j24-1.226.H", "mode": "rail", "line_name": "S1"}, {"line_id": "91-1-A-j24-1", "route_id": "1087.TA.91-1-A-j24-1.169.H", "mode": "rail", "line_name": "S1"}, {"line_id": "91-1-A-j24-1", "route_id": "1461.TA.91-1-A-j24-1.224.H", "mode": "rail", "line_name": "S1"}, {"line_id": "91-1-A-j24-1", "route_id": "1234.TA.91-1-A-j24-1.1631.H", "mode": "rail", "line_name": "S1"}, {"line_id": "91-1-A-j24-1", "route_id": "437.TA.91-1-A-j24-1.83.H", "mode": "rail", "line_name": "S1"}, {"line_id": "91-1-A-j24-1", "route_id": "1216.TA.91-1-A-j24-1.184.H", "mode": "rail", "line_name": "S1"}, {"line_id": "91-1-A-j24-1", "route_id": "1230.TA.91-1-A-j24-1.185.H", "mode": "rail", "line_name": "S1"}, {"line_id": "91-1-A-j24-1", "route_id": "1342.TA.91-1-A-j24-1.209.H", "mode": "rail", "line_name": "S1"}, {"line_id": "91-1-A-j24-1", "route_id": "577.TA.91-1-A-j24-1.109.H", "mode": "rail", "line_name": "S1"}, {"line_id": "91-1-A-j24-1", "route_id": "420.TA.91-1-A-j24-1.82.H", "mode": "rail", "line_name": "S1"}, {"line_id": "91-1-A-j24-1", "route_id": "1192.TA.91-1-A-j24-1.181.H", "mode": "rail", "line_name": "S1"}, {"line_id": "91-1-A-j24-1", "route_id": "1425.TA.91-1-A-j24-1.220.H", "mode": "rail", "line_name": "S1"}, {"line_id": "91-1-A-j24-1", "route_id": "720.TA.91-1-A-j24-1.134.H", "mode": "rail", "line_name": "S1"}, {"line_id": "91-1-A-j24-1", "route_id": "1451.TA.91-1-A-j24-1.221.H", "mode": "rail", "line_name": "S1"}, {"line_id": "91-1-A-j24-1", "route_id": "462.TA.91-1-A-j24-1.89.H", "mode": "rail", "line_name": "S1"}, {"line_id": "91-1-A-j24-1", "route_id": "1282.TA.91-1-A-j24-1.202.H", "mode": "rail", "line_name": "S1"}, {"line_id": "91-1-A-j24-1", "route_id": "1180.TA.91-1-A-j24-1.180.H", "mode": "rail", "line_name": "S1"}, {"line_id": "91-1-A-j24-1", "route_id": "1146.TA.91-1-A-j24-1.176.H", "mode": "rail", "line_name": "S1"}, {"line_id": "91-1-A-j24-1", "route_id": "1053.TA.91-1-A-j24-1.1747.H", "mode": "rail", "line_name": "S1"}, {"line_id": "91-1-A-j24-1", "route_id": "1405.TA.91-1-A-j24-1.217.H", "mode": "rail", "line_name": "S1"}, {"line_id": "91-1-A-j24-1", "route_id": "477.TA.91-1-A-j24-1.91.H", "mode": "rail", "line_name": "S1"}], "predominant_mode": "rail", "assigned_canton": "Zug", "modes_list": ["rail"]}, "geometry": {"type": "Point", "coordinates": [8.472317458709083, 47.182605314618264]}}, {"id": "5187", "type": "Feature", "properties": {"name": "Cham, Alpenblick", "lon": 8.4730181353696, "lat": 47.18390576448862, "stop_id": ["8502850.link:176372", "8502850.link:176373_spec"], "lines": [{"line_id": "92-606-j24-1", "route_id": "70.TA.92-606-j24-1.11.H", "mode": "bus", "line_name": "606"}, {"line_id": "92-606-j24-1", "route_id": "1.TA.92-606-j24-1.9.H", "mode": "bus", "line_name": "606"}, {"line_id": "92-606-j24-1", "route_id": "173.TA.92-606-j24-1.14.H", "mode": "bus", "line_name": "606"}, {"line_id": "92-606-j24-1", "route_id": "136.TA.92-606-j24-1.13.H", "mode": "bus", "line_name": "606"}, {"line_id": "92-N6-A-j24-1", "route_id": "1.TA.92-N6-A-j24-1.4.H", "mode": "bus", "line_name": "N6"}, {"line_id": "92-N4-C-j24-1", "route_id": "1.TA.92-N4-C-j24-1.3.H", "mode": "bus", "line_name": "N4"}, {"line_id": "92-606-j24-1", "route_id": "32.TA.92-606-j24-1.11.H", "mode": "bus", "line_name": "606"}, {"line_id": "92-606-j24-1", "route_id": "217.TA.92-606-j24-1.16.R", "mode": "bus", "line_name": "606"}, {"line_id": "92-606-j24-1", "route_id": "307.TA.92-606-j24-1.17.R", "mode": "bus", "line_name": "606"}, {"line_id": "92-606-j24-1", "route_id": "345.TA.92-606-j24-1.18.R", "mode": "bus", "line_name": "606"}], "predominant_mode": "bus", "assigned_canton": "Zug", "modes_list": ["bus"]}, "geometry": {"type": "Point", "coordinates": [8.473018143752633, 47.18390577460758]}}, {"id": "5188", "type": "Feature", "properties": {"name": "Cham, Bahnhof", "lon": 8.456677775165035, "lat": 47.17802596474505, "stop_id": ["8577581:0:A.link:146185", "8577581:0:A.link:146186", "8577581:0:A.link:183003", "8577581:0:B.link:146186", "8577581:0:B.link:183003", "8577581:0:B.link:183004", "8577581:0:C.link:146185", "8577581:0:C.link:146186", "8577581:0:C.link:183003", "8577581:0:D.link:146186", "8577581:0:D.link:183004"], "lines": [{"line_id": "92-606-j24-1", "route_id": "217.TA.92-606-j24-1.16.R", "mode": "bus", "line_name": "606"}, {"line_id": "92-606-j24-1", "route_id": "307.TA.92-606-j24-1.17.R", "mode": "bus", "line_name": "606"}, {"line_id": "92-606-j24-1", "route_id": "345.TA.92-606-j24-1.18.R", "mode": "bus", "line_name": "606"}, {"line_id": "92-606-j24-1", "route_id": "70.TA.92-606-j24-1.11.H", "mode": "bus", "line_name": "606"}, {"line_id": "92-606-j24-1", "route_id": "1.TA.92-606-j24-1.9.H", "mode": "bus", "line_name": "606"}, {"line_id": "92-641-A-j24-1", "route_id": "215.TA.92-641-A-j24-1.4.R", "mode": "bus", "line_name": "641"}, {"line_id": "92-606-j24-1", "route_id": "136.TA.92-606-j24-1.13.H", "mode": "bus", "line_name": "606"}, {"line_id": "92-606-j24-1", "route_id": "32.TA.92-606-j24-1.11.H", "mode": "bus", "line_name": "606"}, {"line_id": "92-648-j24-1", "route_id": "203.TA.92-648-j24-1.9.R", "mode": "bus", "line_name": "648"}, {"line_id": "92-643-j24-1", "route_id": "308.TA.92-643-j24-1.8.R", "mode": "bus", "line_name": "643"}, {"line_id": "92-643-j24-1", "route_id": "356.TA.92-643-j24-1.10.R", "mode": "bus", "line_name": "643"}, {"line_id": "92-642-j24-1", "route_id": "260.TA.92-642-j24-1.17.R", "mode": "bus", "line_name": "642"}, {"line_id": "92-643-j24-1", "route_id": "274.TA.92-643-j24-1.8.R", "mode": "bus", "line_name": "643"}, {"line_id": "92-648-j24-1", "route_id": "280.TA.92-648-j24-1.11.R", "mode": "bus", "line_name": "648"}, {"line_id": "92-648-j24-1", "route_id": "195.TA.92-648-j24-1.8.R", "mode": "bus", "line_name": "648"}, {"line_id": "92-648-j24-1", "route_id": "41.TA.92-648-j24-1.5.H", "mode": "bus", "line_name": "648"}, {"line_id": "92-648-j24-1", "route_id": "104.TA.92-648-j24-1.6.H", "mode": "bus", "line_name": "648"}, {"line_id": "92-642-j24-1", "route_id": "97.TA.92-642-j24-1.11.H", "mode": "bus", "line_name": "642"}, {"line_id": "92-642-j24-1", "route_id": "120.TA.92-642-j24-1.12.H", "mode": "bus", "line_name": "642"}, {"line_id": "92-643-j24-1", "route_id": "8.TA.92-643-j24-1.5.H", "mode": "bus", "line_name": "643"}, {"line_id": "92-642-j24-1", "route_id": "20.TA.92-642-j24-1.11.H", "mode": "bus", "line_name": "642"}, {"line_id": "92-643-j24-1", "route_id": "167.TA.92-643-j24-1.6.H", "mode": "bus", "line_name": "643"}, {"line_id": "92-642-j24-1", "route_id": "100.TA.92-642-j24-1.12.H", "mode": "bus", "line_name": "642"}, {"line_id": "92-643-j24-1", "route_id": "82.TA.92-643-j24-1.5.H", "mode": "bus", "line_name": "643"}, {"line_id": "92-643-j24-1", "route_id": "333.TA.92-643-j24-1.9.R", "mode": "bus", "line_name": "643"}, {"line_id": "92-643-j24-1", "route_id": "244.TA.92-643-j24-1.7.R", "mode": "bus", "line_name": "643"}, {"line_id": "92-643-j24-1", "route_id": "180.TA.92-643-j24-1.7.R", "mode": "bus", "line_name": "643"}, {"line_id": "92-642-j24-1", "route_id": "247.TA.92-642-j24-1.16.R", "mode": "bus", "line_name": "642"}, {"line_id": "92-642-j24-1", "route_id": "243.TA.92-642-j24-1.16.R", "mode": "bus", "line_name": "642"}, {"line_id": "92-642-j24-1", "route_id": "236.TA.92-642-j24-1.15.R", "mode": "bus", "line_name": "642"}, {"line_id": "92-648-j24-1", "route_id": "168.TA.92-648-j24-1.7.R", "mode": "bus", "line_name": "648"}, {"line_id": "92-648-j24-1", "route_id": "243.TA.92-648-j24-1.10.R", "mode": "bus", "line_name": "648"}, {"line_id": "92-606-j24-1", "route_id": "173.TA.92-606-j24-1.14.H", "mode": "bus", "line_name": "606"}, {"line_id": "92-641-A-j24-1", "route_id": "348.TA.92-641-A-j24-1.5.R", "mode": "bus", "line_name": "641"}, {"line_id": "92-641-A-j24-1", "route_id": "82.TA.92-641-A-j24-1.3.H", "mode": "bus", "line_name": "641"}], "predominant_mode": "bus", "assigned_canton": "Zug", "modes_list": ["bus"]}, "geometry": {"type": "Point", "coordinates": [8.456677783533712, 47.17802597486661]}}, {"id": "5189", "type": "Feature", "properties": {"name": "Cham, Bahnhofstrasse", "lon": 8.456048955214982, "lat": 47.17955855475494, "stop_id": ["8593411.link:489268"], "lines": [{"line_id": "92-641-A-j24-1", "route_id": "348.TA.92-641-A-j24-1.5.R", "mode": "bus", "line_name": "641"}, {"line_id": "92-641-A-j24-1", "route_id": "215.TA.92-641-A-j24-1.4.R", "mode": "bus", "line_name": "641"}], "predominant_mode": "bus", "assigned_canton": "Zug", "modes_list": ["bus"]}, "geometry": {"type": "Point", "coordinates": [8.45604896358259, 47.17955856487721]}}, {"id": "5190", "type": "Feature", "properties": {"name": "Cham, Chamerried", "lon": 8.474922565470884, "lat": 47.18694615445878, "stop_id": ["8587516.link:1128028_spec", "8587516.link:1128089_spec"], "lines": [{"line_id": "92-607-j24-1", "route_id": "173.TA.92-607-j24-1.3.R", "mode": "bus", "line_name": "607"}, {"line_id": "92-606-j24-1", "route_id": "217.TA.92-606-j24-1.16.R", "mode": "bus", "line_name": "606"}, {"line_id": "92-606-j24-1", "route_id": "307.TA.92-606-j24-1.17.R", "mode": "bus", "line_name": "606"}, {"line_id": "92-606-j24-1", "route_id": "345.TA.92-606-j24-1.18.R", "mode": "bus", "line_name": "606"}, {"line_id": "92-607-j24-1", "route_id": "101.TA.92-607-j24-1.1.H", "mode": "bus", "line_name": "607"}, {"line_id": "92-606-j24-1", "route_id": "70.TA.92-606-j24-1.11.H", "mode": "bus", "line_name": "606"}, {"line_id": "92-606-j24-1", "route_id": "1.TA.92-606-j24-1.9.H", "mode": "bus", "line_name": "606"}, {"line_id": "92-606-j24-1", "route_id": "173.TA.92-606-j24-1.14.H", "mode": "bus", "line_name": "606"}, {"line_id": "92-606-j24-1", "route_id": "136.TA.92-606-j24-1.13.H", "mode": "bus", "line_name": "606"}, {"line_id": "92-N4-C-j24-1", "route_id": "1.TA.92-N4-C-j24-1.3.H", "mode": "bus", "line_name": "N4"}, {"line_id": "92-607-j24-1", "route_id": "23.TA.92-607-j24-1.1.H", "mode": "bus", "line_name": "607"}, {"line_id": "92-606-j24-1", "route_id": "32.TA.92-606-j24-1.11.H", "mode": "bus", "line_name": "606"}], "predominant_mode": "bus", "assigned_canton": "Zug", "modes_list": ["bus"]}, "geometry": {"type": "Point", "coordinates": [8.474922573854885, 47.186946164578266]}}, {"id": "5191", "type": "Feature", "properties": {"name": "Cham, Eich", "lon": 8.469559615315037, "lat": 47.18231834454285, "stop_id": ["8593413.link:176362", "8593413.link:176363"], "lines": [{"line_id": "92-606-j24-1", "route_id": "70.TA.92-606-j24-1.11.H", "mode": "bus", "line_name": "606"}, {"line_id": "92-606-j24-1", "route_id": "1.TA.92-606-j24-1.9.H", "mode": "bus", "line_name": "606"}, {"line_id": "92-606-j24-1", "route_id": "173.TA.92-606-j24-1.14.H", "mode": "bus", "line_name": "606"}, {"line_id": "92-606-j24-1", "route_id": "136.TA.92-606-j24-1.13.H", "mode": "bus", "line_name": "606"}, {"line_id": "92-N6-A-j24-1", "route_id": "1.TA.92-N6-A-j24-1.4.H", "mode": "bus", "line_name": "N6"}, {"line_id": "92-N4-C-j24-1", "route_id": "1.TA.92-N4-C-j24-1.3.H", "mode": "bus", "line_name": "N4"}, {"line_id": "92-606-j24-1", "route_id": "32.TA.92-606-j24-1.11.H", "mode": "bus", "line_name": "606"}, {"line_id": "92-606-j24-1", "route_id": "217.TA.92-606-j24-1.16.R", "mode": "bus", "line_name": "606"}, {"line_id": "92-606-j24-1", "route_id": "307.TA.92-606-j24-1.17.R", "mode": "bus", "line_name": "606"}, {"line_id": "92-606-j24-1", "route_id": "345.TA.92-606-j24-1.18.R", "mode": "bus", "line_name": "606"}], "predominant_mode": "bus", "assigned_canton": "Zug", "modes_list": ["bus"]}, "geometry": {"type": "Point", "coordinates": [8.469559623695133, 47.18231835466225]}}, {"id": "5192", "type": "Feature", "properties": {"name": "Cham, Eizmoos", "lon": 8.454737415687893, "lat": 47.19396647477608, "stop_id": ["8593414.link:169334", "8593414.link:169335"], "lines": [{"line_id": "92-642-j24-1", "route_id": "97.TA.92-642-j24-1.11.H", "mode": "bus", "line_name": "642"}, {"line_id": "92-642-j24-1", "route_id": "120.TA.92-642-j24-1.12.H", "mode": "bus", "line_name": "642"}, {"line_id": "92-642-j24-1", "route_id": "100.TA.92-642-j24-1.12.H", "mode": "bus", "line_name": "642"}, {"line_id": "92-642-j24-1", "route_id": "20.TA.92-642-j24-1.11.H", "mode": "bus", "line_name": "642"}, {"line_id": "92-642-j24-1", "route_id": "260.TA.92-642-j24-1.17.R", "mode": "bus", "line_name": "642"}, {"line_id": "92-642-j24-1", "route_id": "236.TA.92-642-j24-1.15.R", "mode": "bus", "line_name": "642"}, {"line_id": "92-642-j24-1", "route_id": "247.TA.92-642-j24-1.16.R", "mode": "bus", "line_name": "642"}, {"line_id": "92-642-j24-1", "route_id": "243.TA.92-642-j24-1.16.R", "mode": "bus", "line_name": "642"}], "predominant_mode": "bus", "assigned_canton": "Zug", "modes_list": ["bus"]}, "geometry": {"type": "Point", "coordinates": [8.454737424049936, 47.19396648490374]}}, {"id": "5193", "type": "Feature", "properties": {"name": "Cham, Enikerweg", "lon": 8.451817895207437, "lat": 47.17941812482137, "stop_id": ["8593415.link:489277", "8593415.link:489278"], "lines": [{"line_id": "92-N6-A-j24-1", "route_id": "1.TA.92-N6-A-j24-1.4.H", "mode": "bus", "line_name": "N6"}, {"line_id": "92-641-A-j24-1", "route_id": "82.TA.92-641-A-j24-1.3.H", "mode": "bus", "line_name": "641"}, {"line_id": "92-641-A-j24-1", "route_id": "348.TA.92-641-A-j24-1.5.R", "mode": "bus", "line_name": "641"}, {"line_id": "92-641-A-j24-1", "route_id": "215.TA.92-641-A-j24-1.4.R", "mode": "bus", "line_name": "641"}], "predominant_mode": "bus", "assigned_canton": "Zug", "modes_list": ["bus"]}, "geometry": {"type": "Point", "coordinates": [8.451817903570918, 47.17941813494479]}}, {"id": "5194", "type": "Feature", "properties": {"name": "Cham, Gemeindehaus", "lon": 8.45883373525165, "lat": 47.18061486471126, "stop_id": ["8577582.link:473749", "8577582.link:473750"], "lines": [{"line_id": "92-606-j24-1", "route_id": "70.TA.92-606-j24-1.11.H", "mode": "bus", "line_name": "606"}, {"line_id": "92-606-j24-1", "route_id": "1.TA.92-606-j24-1.9.H", "mode": "bus", "line_name": "606"}, {"line_id": "92-643-j24-1", "route_id": "333.TA.92-643-j24-1.9.R", "mode": "bus", "line_name": "643"}, {"line_id": "92-606-j24-1", "route_id": "173.TA.92-606-j24-1.14.H", "mode": "bus", "line_name": "606"}, {"line_id": "92-642-j24-1", "route_id": "260.TA.92-642-j24-1.17.R", "mode": "bus", "line_name": "642"}, {"line_id": "92-606-j24-1", "route_id": "136.TA.92-606-j24-1.13.H", "mode": "bus", "line_name": "606"}, {"line_id": "92-643-j24-1", "route_id": "244.TA.92-643-j24-1.7.R", "mode": "bus", "line_name": "643"}, {"line_id": "92-643-j24-1", "route_id": "308.TA.92-643-j24-1.8.R", "mode": "bus", "line_name": "643"}, {"line_id": "92-643-j24-1", "route_id": "356.TA.92-643-j24-1.10.R", "mode": "bus", "line_name": "643"}, {"line_id": "92-N6-A-j24-1", "route_id": "1.TA.92-N6-A-j24-1.4.H", "mode": "bus", "line_name": "N6"}, {"line_id": "92-643-j24-1", "route_id": "180.TA.92-643-j24-1.7.R", "mode": "bus", "line_name": "643"}, {"line_id": "92-642-j24-1", "route_id": "247.TA.92-642-j24-1.16.R", "mode": "bus", "line_name": "642"}, {"line_id": "92-606-j24-1", "route_id": "32.TA.92-606-j24-1.11.H", "mode": "bus", "line_name": "606"}, {"line_id": "92-642-j24-1", "route_id": "243.TA.92-642-j24-1.16.R", "mode": "bus", "line_name": "642"}, {"line_id": "92-642-j24-1", "route_id": "236.TA.92-642-j24-1.15.R", "mode": "bus", "line_name": "642"}, {"line_id": "92-643-j24-1", "route_id": "274.TA.92-643-j24-1.8.R", "mode": "bus", "line_name": "643"}, {"line_id": "92-642-j24-1", "route_id": "97.TA.92-642-j24-1.11.H", "mode": "bus", "line_name": "642"}, {"line_id": "92-606-j24-1", "route_id": "217.TA.92-606-j24-1.16.R", "mode": "bus", "line_name": "606"}, {"line_id": "92-642-j24-1", "route_id": "120.TA.92-642-j24-1.12.H", "mode": "bus", "line_name": "642"}, {"line_id": "92-606-j24-1", "route_id": "307.TA.92-606-j24-1.17.R", "mode": "bus", "line_name": "606"}, {"line_id": "92-643-j24-1", "route_id": "8.TA.92-643-j24-1.5.H", "mode": "bus", "line_name": "643"}, {"line_id": "92-642-j24-1", "route_id": "20.TA.92-642-j24-1.11.H", "mode": "bus", "line_name": "642"}, {"line_id": "92-643-j24-1", "route_id": "167.TA.92-643-j24-1.6.H", "mode": "bus", "line_name": "643"}, {"line_id": "92-642-j24-1", "route_id": "100.TA.92-642-j24-1.12.H", "mode": "bus", "line_name": "642"}, {"line_id": "92-643-j24-1", "route_id": "82.TA.92-643-j24-1.5.H", "mode": "bus", "line_name": "643"}, {"line_id": "92-606-j24-1", "route_id": "345.TA.92-606-j24-1.18.R", "mode": "bus", "line_name": "606"}], "predominant_mode": "bus", "assigned_canton": "Zug", "modes_list": ["bus"]}, "geometry": {"type": "Point", "coordinates": [8.45883374362169, 47.18061487483307]}}, {"id": "5195", "type": "Feature", "properties": {"name": "Cham, Gewerbestrasse", "lon": 8.474733915529969, "lat": 47.188747104461854, "stop_id": ["8593416.link:1638074", "8593416.link:639277"], "lines": [{"line_id": "92-607-j24-1", "route_id": "101.TA.92-607-j24-1.1.H", "mode": "bus", "line_name": "607"}, {"line_id": "92-607-j24-1", "route_id": "23.TA.92-607-j24-1.1.H", "mode": "bus", "line_name": "607"}, {"line_id": "92-607-j24-1", "route_id": "173.TA.92-607-j24-1.3.R", "mode": "bus", "line_name": "607"}], "predominant_mode": "bus", "assigned_canton": "Zug", "modes_list": ["bus"]}, "geometry": {"type": "Point", "coordinates": [8.47473392391325, 47.18874711458203]}}, {"id": "5196", "type": "Feature", "properties": {"name": "Cham, Hammer", "lon": 8.45171907548542, "lat": 47.18787411482329, "stop_id": ["8577585.link:1606832", "8577585.link:1606833"], "lines": [{"line_id": "92-643-j24-1", "route_id": "333.TA.92-643-j24-1.9.R", "mode": "bus", "line_name": "643"}, {"line_id": "92-643-j24-1", "route_id": "244.TA.92-643-j24-1.7.R", "mode": "bus", "line_name": "643"}, {"line_id": "92-643-j24-1", "route_id": "308.TA.92-643-j24-1.8.R", "mode": "bus", "line_name": "643"}, {"line_id": "92-643-j24-1", "route_id": "356.TA.92-643-j24-1.10.R", "mode": "bus", "line_name": "643"}, {"line_id": "92-643-j24-1", "route_id": "180.TA.92-643-j24-1.7.R", "mode": "bus", "line_name": "643"}, {"line_id": "92-643-j24-1", "route_id": "274.TA.92-643-j24-1.8.R", "mode": "bus", "line_name": "643"}, {"line_id": "92-N4-C-j24-1", "route_id": "1.TA.92-N4-C-j24-1.3.H", "mode": "bus", "line_name": "N4"}, {"line_id": "92-643-j24-1", "route_id": "167.TA.92-643-j24-1.6.H", "mode": "bus", "line_name": "643"}, {"line_id": "92-643-j24-1", "route_id": "8.TA.92-643-j24-1.5.H", "mode": "bus", "line_name": "643"}, {"line_id": "92-643-j24-1", "route_id": "82.TA.92-643-j24-1.5.H", "mode": "bus", "line_name": "643"}], "predominant_mode": "bus", "assigned_canton": "Zug", "modes_list": ["bus"]}, "geometry": {"type": "Point", "coordinates": [8.451719083846294, 47.18787412494965]}}, {"id": "5197", "type": "Feature", "properties": {"name": "Cham, Heiligkreuz", "lon": 8.443760005661224, "lat": 47.19338656494845, "stop_id": ["8588246.link:847422", "8588246.link:847423"], "lines": [{"line_id": "92-643-j24-1", "route_id": "333.TA.92-643-j24-1.9.R", "mode": "bus", "line_name": "643"}, {"line_id": "92-643-j24-1", "route_id": "244.TA.92-643-j24-1.7.R", "mode": "bus", "line_name": "643"}, {"line_id": "92-643-j24-1", "route_id": "308.TA.92-643-j24-1.8.R", "mode": "bus", "line_name": "643"}, {"line_id": "92-643-j24-1", "route_id": "356.TA.92-643-j24-1.10.R", "mode": "bus", "line_name": "643"}, {"line_id": "92-643-j24-1", "route_id": "180.TA.92-643-j24-1.7.R", "mode": "bus", "line_name": "643"}, {"line_id": "92-643-j24-1", "route_id": "274.TA.92-643-j24-1.8.R", "mode": "bus", "line_name": "643"}, {"line_id": "92-N4-C-j24-1", "route_id": "1.TA.92-N4-C-j24-1.3.H", "mode": "bus", "line_name": "N4"}, {"line_id": "92-643-j24-1", "route_id": "167.TA.92-643-j24-1.6.H", "mode": "bus", "line_name": "643"}, {"line_id": "92-643-j24-1", "route_id": "8.TA.92-643-j24-1.5.H", "mode": "bus", "line_name": "643"}, {"line_id": "92-643-j24-1", "route_id": "82.TA.92-643-j24-1.5.H", "mode": "bus", "line_name": "643"}], "predominant_mode": "bus", "assigned_canton": "Zug", "modes_list": ["bus"]}, "geometry": {"type": "Point", "coordinates": [8.443760014012616, 47.193386575078996]}}, {"id": "5198", "type": "Feature", "properties": {"name": "Cham, Langacker", "lon": 8.453389945796793, "lat": 47.19730537479734, "stop_id": ["8587285:0:A.link:1232939", "8587285:0:A.link:1232941", "8587285:0:B.link:1232940"], "lines": [{"line_id": "92-642-j24-1", "route_id": "97.TA.92-642-j24-1.11.H", "mode": "bus", "line_name": "642"}, {"line_id": "92-642-j24-1", "route_id": "120.TA.92-642-j24-1.12.H", "mode": "bus", "line_name": "642"}, {"line_id": "92-642-j24-1", "route_id": "100.TA.92-642-j24-1.12.H", "mode": "bus", "line_name": "642"}, {"line_id": "92-642-j24-1", "route_id": "20.TA.92-642-j24-1.11.H", "mode": "bus", "line_name": "642"}, {"line_id": "92-642-j24-1", "route_id": "236.TA.92-642-j24-1.15.R", "mode": "bus", "line_name": "642"}, {"line_id": "92-642-j24-1", "route_id": "260.TA.92-642-j24-1.17.R", "mode": "bus", "line_name": "642"}, {"line_id": "92-N4-C-j24-1", "route_id": "1.TA.92-N4-C-j24-1.3.H", "mode": "bus", "line_name": "N4"}, {"line_id": "92-642-j24-1", "route_id": "145.TA.92-642-j24-1.14.R", "mode": "bus", "line_name": "642"}, {"line_id": "92-642-j24-1", "route_id": "247.TA.92-642-j24-1.16.R", "mode": "bus", "line_name": "642"}, {"line_id": "92-642-j24-1", "route_id": "243.TA.92-642-j24-1.16.R", "mode": "bus", "line_name": "642"}], "predominant_mode": "bus", "assigned_canton": "Zug", "modes_list": ["bus"]}, "geometry": {"type": "Point", "coordinates": [8.453389954156519, 47.19730538492654]}}, {"id": "5199", "type": "Feature", "properties": {"name": "Cham, Langweid", "lon": 8.446760375232031, "lat": 47.18027294490081, "stop_id": ["8588710.link:489287", "8588710.link:489288"], "lines": [{"line_id": "92-N6-A-j24-1", "route_id": "1.TA.92-N6-A-j24-1.4.H", "mode": "bus", "line_name": "N6"}, {"line_id": "92-641-A-j24-1", "route_id": "82.TA.92-641-A-j24-1.3.H", "mode": "bus", "line_name": "641"}, {"line_id": "92-641-A-j24-1", "route_id": "348.TA.92-641-A-j24-1.5.R", "mode": "bus", "line_name": "641"}, {"line_id": "92-641-A-j24-1", "route_id": "215.TA.92-641-A-j24-1.4.R", "mode": "bus", "line_name": "641"}], "predominant_mode": "bus", "assigned_canton": "Zug", "modes_list": ["bus"]}, "geometry": {"type": "Point", "coordinates": [8.446760383590266, 47.180272955025934]}}, {"id": "5200", "type": "Feature", "properties": {"name": "Cham, Lindencham", "lon": 8.445853075611662, "lat": 47.19183605491549, "stop_id": ["8577586.link:1127274", "8577586.link:1946001"], "lines": [{"line_id": "92-643-j24-1", "route_id": "333.TA.92-643-j24-1.9.R", "mode": "bus", "line_name": "643"}, {"line_id": "92-643-j24-1", "route_id": "244.TA.92-643-j24-1.7.R", "mode": "bus", "line_name": "643"}, {"line_id": "92-643-j24-1", "route_id": "308.TA.92-643-j24-1.8.R", "mode": "bus", "line_name": "643"}, {"line_id": "92-643-j24-1", "route_id": "356.TA.92-643-j24-1.10.R", "mode": "bus", "line_name": "643"}, {"line_id": "92-643-j24-1", "route_id": "180.TA.92-643-j24-1.7.R", "mode": "bus", "line_name": "643"}, {"line_id": "92-643-j24-1", "route_id": "274.TA.92-643-j24-1.8.R", "mode": "bus", "line_name": "643"}, {"line_id": "92-N4-C-j24-1", "route_id": "1.TA.92-N4-C-j24-1.3.H", "mode": "bus", "line_name": "N4"}, {"line_id": "92-643-j24-1", "route_id": "167.TA.92-643-j24-1.6.H", "mode": "bus", "line_name": "643"}, {"line_id": "92-643-j24-1", "route_id": "8.TA.92-643-j24-1.5.H", "mode": "bus", "line_name": "643"}, {"line_id": "92-643-j24-1", "route_id": "82.TA.92-643-j24-1.5.H", "mode": "bus", "line_name": "643"}], "predominant_mode": "bus", "assigned_canton": "Zug", "modes_list": ["bus"]}, "geometry": {"type": "Point", "coordinates": [8.445853083965577, 47.191836065044946]}}, {"id": "5201", "type": "Feature", "properties": {"name": "Cham, Lorzenpark", "lon": 8.456282525629332, "lat": 47.19215348475173, "stop_id": ["8591837.link:335867", "8591837.link:335868"], "lines": [{"line_id": "92-642-j24-1", "route_id": "97.TA.92-642-j24-1.11.H", "mode": "bus", "line_name": "642"}, {"line_id": "92-642-j24-1", "route_id": "120.TA.92-642-j24-1.12.H", "mode": "bus", "line_name": "642"}, {"line_id": "92-642-j24-1", "route_id": "100.TA.92-642-j24-1.12.H", "mode": "bus", "line_name": "642"}, {"line_id": "92-642-j24-1", "route_id": "20.TA.92-642-j24-1.11.H", "mode": "bus", "line_name": "642"}, {"line_id": "92-642-j24-1", "route_id": "260.TA.92-642-j24-1.17.R", "mode": "bus", "line_name": "642"}, {"line_id": "92-642-j24-1", "route_id": "236.TA.92-642-j24-1.15.R", "mode": "bus", "line_name": "642"}, {"line_id": "92-642-j24-1", "route_id": "247.TA.92-642-j24-1.16.R", "mode": "bus", "line_name": "642"}, {"line_id": "92-642-j24-1", "route_id": "243.TA.92-642-j24-1.16.R", "mode": "bus", "line_name": "642"}], "predominant_mode": "bus", "assigned_canton": "Zug", "modes_list": ["bus"]}, "geometry": {"type": "Point", "coordinates": [8.456282533993436, 47.19215349487833]}}, {"id": "5202", "type": "Feature", "properties": {"name": "Cham, L\u00f6bernmatt", "lon": 8.460235105394137, "lat": 47.18491924468939, "stop_id": ["8593417.link:490117", "8593417.link:490118"], "lines": [{"line_id": "92-642-j24-1", "route_id": "97.TA.92-642-j24-1.11.H", "mode": "bus", "line_name": "642"}, {"line_id": "92-642-j24-1", "route_id": "120.TA.92-642-j24-1.12.H", "mode": "bus", "line_name": "642"}, {"line_id": "92-642-j24-1", "route_id": "100.TA.92-642-j24-1.12.H", "mode": "bus", "line_name": "642"}, {"line_id": "92-642-j24-1", "route_id": "20.TA.92-642-j24-1.11.H", "mode": "bus", "line_name": "642"}, {"line_id": "92-642-j24-1", "route_id": "260.TA.92-642-j24-1.17.R", "mode": "bus", "line_name": "642"}, {"line_id": "92-642-j24-1", "route_id": "236.TA.92-642-j24-1.15.R", "mode": "bus", "line_name": "642"}, {"line_id": "92-642-j24-1", "route_id": "247.TA.92-642-j24-1.16.R", "mode": "bus", "line_name": "642"}, {"line_id": "92-642-j24-1", "route_id": "243.TA.92-642-j24-1.16.R", "mode": "bus", "line_name": "642"}], "predominant_mode": "bus", "assigned_canton": "Zug", "modes_list": ["bus"]}, "geometry": {"type": "Point", "coordinates": [8.460235113764282, 47.18491925481234]}}, {"id": "5203", "type": "Feature", "properties": {"name": "Cham, Neudorf", "lon": 8.461277155284064, "lat": 47.18154903467291, "stop_id": ["8577580:0:A.link:989988", "8577580:0:B.link:989989", "8577580:0:C.link:989990", "8577580:0:D.link:989991"], "lines": [{"line_id": "92-606-j24-1", "route_id": "70.TA.92-606-j24-1.11.H", "mode": "bus", "line_name": "606"}, {"line_id": "92-606-j24-1", "route_id": "1.TA.92-606-j24-1.9.H", "mode": "bus", "line_name": "606"}, {"line_id": "92-606-j24-1", "route_id": "173.TA.92-606-j24-1.14.H", "mode": "bus", "line_name": "606"}, {"line_id": "92-606-j24-1", "route_id": "136.TA.92-606-j24-1.13.H", "mode": "bus", "line_name": "606"}, {"line_id": "92-N6-A-j24-1", "route_id": "1.TA.92-N6-A-j24-1.4.H", "mode": "bus", "line_name": "N6"}, {"line_id": "92-N4-C-j24-1", "route_id": "1.TA.92-N4-C-j24-1.3.H", "mode": "bus", "line_name": "N4"}, {"line_id": "92-606-j24-1", "route_id": "32.TA.92-606-j24-1.11.H", "mode": "bus", "line_name": "606"}, {"line_id": "92-606-j24-1", "route_id": "217.TA.92-606-j24-1.16.R", "mode": "bus", "line_name": "606"}, {"line_id": "92-606-j24-1", "route_id": "307.TA.92-606-j24-1.17.R", "mode": "bus", "line_name": "606"}, {"line_id": "92-606-j24-1", "route_id": "345.TA.92-606-j24-1.18.R", "mode": "bus", "line_name": "606"}, {"line_id": "92-642-j24-1", "route_id": "97.TA.92-642-j24-1.11.H", "mode": "bus", "line_name": "642"}, {"line_id": "92-642-j24-1", "route_id": "120.TA.92-642-j24-1.12.H", "mode": "bus", "line_name": "642"}, {"line_id": "92-642-j24-1", "route_id": "100.TA.92-642-j24-1.12.H", "mode": "bus", "line_name": "642"}, {"line_id": "92-642-j24-1", "route_id": "20.TA.92-642-j24-1.11.H", "mode": "bus", "line_name": "642"}, {"line_id": "92-642-j24-1", "route_id": "260.TA.92-642-j24-1.17.R", "mode": "bus", "line_name": "642"}, {"line_id": "92-642-j24-1", "route_id": "236.TA.92-642-j24-1.15.R", "mode": "bus", "line_name": "642"}, {"line_id": "92-642-j24-1", "route_id": "247.TA.92-642-j24-1.16.R", "mode": "bus", "line_name": "642"}, {"line_id": "92-642-j24-1", "route_id": "243.TA.92-642-j24-1.16.R", "mode": "bus", "line_name": "642"}], "predominant_mode": "bus", "assigned_canton": "Zug", "modes_list": ["bus"]}, "geometry": {"type": "Point", "coordinates": [8.461277163656233, 47.181549044794345]}}, {"id": "5204", "type": "Feature", "properties": {"name": "Cham, Neuhof", "lon": 8.453030615113539, "lat": 47.17653606480221, "stop_id": ["8594340.link:1233443"], "lines": [{"line_id": "92-648-j24-1", "route_id": "41.TA.92-648-j24-1.5.H", "mode": "bus", "line_name": "648"}, {"line_id": "92-648-j24-1", "route_id": "104.TA.92-648-j24-1.6.H", "mode": "bus", "line_name": "648"}], "predominant_mode": "bus", "assigned_canton": "Zug", "modes_list": ["bus"]}, "geometry": {"type": "Point", "coordinates": [8.453030623479068, 47.17653607492428]}}, {"id": "5205", "type": "Feature", "properties": {"name": "Cham, Niederwil", "lon": 8.451593316303649, "lat": 47.212745824826065, "stop_id": ["8587593.link:652596", "8587593.link:652597"], "lines": [{"line_id": "92-643-j24-1", "route_id": "333.TA.92-643-j24-1.9.R", "mode": "bus", "line_name": "643"}, {"line_id": "92-643-j24-1", "route_id": "356.TA.92-643-j24-1.10.R", "mode": "bus", "line_name": "643"}, {"line_id": "92-N4-C-j24-1", "route_id": "1.TA.92-N4-C-j24-1.3.H", "mode": "bus", "line_name": "N4"}, {"line_id": "92-642-j24-1", "route_id": "145.TA.92-642-j24-1.14.R", "mode": "bus", "line_name": "642"}, {"line_id": "92-643-j24-1", "route_id": "167.TA.92-643-j24-1.6.H", "mode": "bus", "line_name": "643"}], "predominant_mode": "bus", "assigned_canton": "Zug", "modes_list": ["bus"]}, "geometry": {"type": "Point", "coordinates": [8.451593324657013, 47.21274583496116]}}, {"id": "5206", "type": "Feature", "properties": {"name": "Cham, Niederwil Schulhaus", "lon": 8.447011906255897, "lat": 47.21139115489797, "stop_id": ["8593422.link:553953", "8593422.link:553954"], "lines": [{"line_id": "92-N4-C-j24-1", "route_id": "1.TA.92-N4-C-j24-1.3.H", "mode": "bus", "line_name": "N4"}, {"line_id": "92-642-j24-1", "route_id": "145.TA.92-642-j24-1.14.R", "mode": "bus", "line_name": "642"}, {"line_id": "92-643-j24-1", "route_id": "167.TA.92-643-j24-1.6.H", "mode": "bus", "line_name": "643"}, {"line_id": "92-643-j24-1", "route_id": "333.TA.92-643-j24-1.9.R", "mode": "bus", "line_name": "643"}, {"line_id": "92-643-j24-1", "route_id": "356.TA.92-643-j24-1.10.R", "mode": "bus", "line_name": "643"}], "predominant_mode": "bus", "assigned_canton": "Zug", "modes_list": ["bus"]}, "geometry": {"type": "Point", "coordinates": [8.447011914605154, 47.21139116503391]}}, {"id": "5207", "type": "Feature", "properties": {"name": "Cham, Oberwil", "lon": 8.458860686206036, "lat": 47.20962758471182, "stop_id": ["8593419.link:260842", "8593419.link:260843"], "lines": [{"line_id": "92-643-j24-1", "route_id": "333.TA.92-643-j24-1.9.R", "mode": "bus", "line_name": "643"}, {"line_id": "92-643-j24-1", "route_id": "356.TA.92-643-j24-1.10.R", "mode": "bus", "line_name": "643"}, {"line_id": "92-N4-C-j24-1", "route_id": "1.TA.92-N4-C-j24-1.3.H", "mode": "bus", "line_name": "N4"}, {"line_id": "92-642-j24-1", "route_id": "145.TA.92-642-j24-1.14.R", "mode": "bus", "line_name": "642"}, {"line_id": "92-643-j24-1", "route_id": "167.TA.92-643-j24-1.6.H", "mode": "bus", "line_name": "643"}], "predominant_mode": "bus", "assigned_canton": "Zug", "modes_list": ["bus"]}, "geometry": {"type": "Point", "coordinates": [8.458860694567484, 47.209627594843774]}}, {"id": "5208", "type": "Feature", "properties": {"name": "Cham, Pavatex", "lon": 8.45949848548699, "lat": 47.18775811470106, "stop_id": ["8593420.link:535691", "8593420.link:535692"], "lines": [{"line_id": "92-642-j24-1", "route_id": "97.TA.92-642-j24-1.11.H", "mode": "bus", "line_name": "642"}, {"line_id": "92-642-j24-1", "route_id": "120.TA.92-642-j24-1.12.H", "mode": "bus", "line_name": "642"}, {"line_id": "92-642-j24-1", "route_id": "100.TA.92-642-j24-1.12.H", "mode": "bus", "line_name": "642"}, {"line_id": "92-642-j24-1", "route_id": "20.TA.92-642-j24-1.11.H", "mode": "bus", "line_name": "642"}, {"line_id": "92-642-j24-1", "route_id": "260.TA.92-642-j24-1.17.R", "mode": "bus", "line_name": "642"}, {"line_id": "92-642-j24-1", "route_id": "236.TA.92-642-j24-1.15.R", "mode": "bus", "line_name": "642"}, {"line_id": "92-642-j24-1", "route_id": "247.TA.92-642-j24-1.16.R", "mode": "bus", "line_name": "642"}, {"line_id": "92-642-j24-1", "route_id": "243.TA.92-642-j24-1.16.R", "mode": "bus", "line_name": "642"}], "predominant_mode": "bus", "assigned_canton": "Zug", "modes_list": ["bus"]}, "geometry": {"type": "Point", "coordinates": [8.459498493855568, 47.1877581248252]}}, {"id": "5209", "type": "Feature", "properties": {"name": "Cham, Pfad", "lon": 8.453785205867934, "lat": 47.199459984791204, "stop_id": ["8587284:0:A.link:1232945", "8587284:0:B.link:1232946"], "lines": [{"line_id": "92-642-j24-1", "route_id": "236.TA.92-642-j24-1.15.R", "mode": "bus", "line_name": "642"}, {"line_id": "92-642-j24-1", "route_id": "120.TA.92-642-j24-1.12.H", "mode": "bus", "line_name": "642"}, {"line_id": "92-642-j24-1", "route_id": "100.TA.92-642-j24-1.12.H", "mode": "bus", "line_name": "642"}, {"line_id": "92-642-j24-1", "route_id": "260.TA.92-642-j24-1.17.R", "mode": "bus", "line_name": "642"}, {"line_id": "92-N4-C-j24-1", "route_id": "1.TA.92-N4-C-j24-1.3.H", "mode": "bus", "line_name": "N4"}, {"line_id": "92-642-j24-1", "route_id": "145.TA.92-642-j24-1.14.R", "mode": "bus", "line_name": "642"}, {"line_id": "92-642-j24-1", "route_id": "247.TA.92-642-j24-1.16.R", "mode": "bus", "line_name": "642"}, {"line_id": "92-642-j24-1", "route_id": "243.TA.92-642-j24-1.16.R", "mode": "bus", "line_name": "642"}], "predominant_mode": "bus", "assigned_canton": "Zug", "modes_list": ["bus"]}, "geometry": {"type": "Point", "coordinates": [8.453785214227404, 47.19945999492105]}}, {"id": "5210", "type": "Feature", "properties": {"name": "Cham, Riedstrasse", "lon": 8.478120565519447, "lat": 47.18835639440863, "stop_id": ["8593421.link:1782474", "8593421.link:1782475"], "lines": [{"line_id": "92-606-j24-1", "route_id": "70.TA.92-606-j24-1.11.H", "mode": "bus", "line_name": "606"}, {"line_id": "92-606-j24-1", "route_id": "1.TA.92-606-j24-1.9.H", "mode": "bus", "line_name": "606"}, {"line_id": "92-606-j24-1", "route_id": "173.TA.92-606-j24-1.14.H", "mode": "bus", "line_name": "606"}, {"line_id": "92-606-j24-1", "route_id": "136.TA.92-606-j24-1.13.H", "mode": "bus", "line_name": "606"}, {"line_id": "92-N4-C-j24-1", "route_id": "1.TA.92-N4-C-j24-1.3.H", "mode": "bus", "line_name": "N4"}, {"line_id": "92-606-j24-1", "route_id": "32.TA.92-606-j24-1.11.H", "mode": "bus", "line_name": "606"}, {"line_id": "92-606-j24-1", "route_id": "217.TA.92-606-j24-1.16.R", "mode": "bus", "line_name": "606"}, {"line_id": "92-606-j24-1", "route_id": "307.TA.92-606-j24-1.17.R", "mode": "bus", "line_name": "606"}, {"line_id": "92-606-j24-1", "route_id": "345.TA.92-606-j24-1.18.R", "mode": "bus", "line_name": "606"}], "predominant_mode": "bus", "assigned_canton": "Zug", "modes_list": ["bus"]}, "geometry": {"type": "Point", "coordinates": [8.478120573906182, 47.18835640452769]}}, {"id": "5211", "type": "Feature", "properties": {"name": "Cham, R\u00f6hrliberg", "lon": 8.454836235409678, "lat": 47.18550534477422, "stop_id": ["8577584.link:1424263", "8577584.link:1424264"], "lines": [{"line_id": "92-643-j24-1", "route_id": "333.TA.92-643-j24-1.9.R", "mode": "bus", "line_name": "643"}, {"line_id": "92-643-j24-1", "route_id": "244.TA.92-643-j24-1.7.R", "mode": "bus", "line_name": "643"}, {"line_id": "92-643-j24-1", "route_id": "308.TA.92-643-j24-1.8.R", "mode": "bus", "line_name": "643"}, {"line_id": "92-643-j24-1", "route_id": "356.TA.92-643-j24-1.10.R", "mode": "bus", "line_name": "643"}, {"line_id": "92-643-j24-1", "route_id": "180.TA.92-643-j24-1.7.R", "mode": "bus", "line_name": "643"}, {"line_id": "92-643-j24-1", "route_id": "274.TA.92-643-j24-1.8.R", "mode": "bus", "line_name": "643"}, {"line_id": "92-N4-C-j24-1", "route_id": "1.TA.92-N4-C-j24-1.3.H", "mode": "bus", "line_name": "N4"}, {"line_id": "92-643-j24-1", "route_id": "167.TA.92-643-j24-1.6.H", "mode": "bus", "line_name": "643"}, {"line_id": "92-643-j24-1", "route_id": "8.TA.92-643-j24-1.5.H", "mode": "bus", "line_name": "643"}, {"line_id": "92-643-j24-1", "route_id": "82.TA.92-643-j24-1.5.H", "mode": "bus", "line_name": "643"}], "predominant_mode": "bus", "assigned_canton": "Zug", "modes_list": ["bus"]}, "geometry": {"type": "Point", "coordinates": [8.454836243774325, 47.18550535489889]}}, {"id": "5212", "type": "Feature", "properties": {"name": "Cham, St\u00e4dtli", "lon": 8.466379585298201, "lat": 47.18187263459279, "stop_id": ["8502795.link:1422255", "8502795.link:1422256"], "lines": [{"line_id": "92-606-j24-1", "route_id": "70.TA.92-606-j24-1.11.H", "mode": "bus", "line_name": "606"}, {"line_id": "92-606-j24-1", "route_id": "1.TA.92-606-j24-1.9.H", "mode": "bus", "line_name": "606"}, {"line_id": "92-606-j24-1", "route_id": "173.TA.92-606-j24-1.14.H", "mode": "bus", "line_name": "606"}, {"line_id": "92-606-j24-1", "route_id": "136.TA.92-606-j24-1.13.H", "mode": "bus", "line_name": "606"}, {"line_id": "92-N6-A-j24-1", "route_id": "1.TA.92-N6-A-j24-1.4.H", "mode": "bus", "line_name": "N6"}, {"line_id": "92-N4-C-j24-1", "route_id": "1.TA.92-N4-C-j24-1.3.H", "mode": "bus", "line_name": "N4"}, {"line_id": "92-606-j24-1", "route_id": "32.TA.92-606-j24-1.11.H", "mode": "bus", "line_name": "606"}, {"line_id": "92-606-j24-1", "route_id": "217.TA.92-606-j24-1.16.R", "mode": "bus", "line_name": "606"}, {"line_id": "92-606-j24-1", "route_id": "307.TA.92-606-j24-1.17.R", "mode": "bus", "line_name": "606"}, {"line_id": "92-606-j24-1", "route_id": "345.TA.92-606-j24-1.18.R", "mode": "bus", "line_name": "606"}], "predominant_mode": "bus", "assigned_canton": "Zug", "modes_list": ["bus"]}, "geometry": {"type": "Point", "coordinates": [8.466379593675299, 47.18187264471291]}}, {"id": "7421", "type": "Feature", "properties": {"name": "Edlibach, Bad Sch\u00f6nbrunn", "lon": 8.564637305187368, "lat": 47.17649942304929, "stop_id": ["8502293.link:352480", "8502293.link:352481"], "lines": [{"line_id": "92-602-A-j24-1", "route_id": "134.TA.92-602-A-j24-1.6.H", "mode": "bus", "line_name": "602"}, {"line_id": "92-602-A-j24-1", "route_id": "3.TA.92-602-A-j24-1.1.H", "mode": "bus", "line_name": "602"}, {"line_id": "92-612-C-j24-1", "route_id": "20.TA.92-612-C-j24-1.9.R", "mode": "bus", "line_name": "612"}, {"line_id": "92-602-A-j24-1", "route_id": "135.TA.92-602-A-j24-1.7.H", "mode": "bus", "line_name": "602"}, {"line_id": "92-602-A-j24-1", "route_id": "137.TA.92-602-A-j24-1.4.R", "mode": "bus", "line_name": "602"}, {"line_id": "92-612-C-j24-1", "route_id": "4.TA.92-612-C-j24-1.7.H", "mode": "bus", "line_name": "612"}, {"line_id": "92-602-A-j24-1", "route_id": "199.TA.92-602-A-j24-1.8.R", "mode": "bus", "line_name": "602"}], "predominant_mode": "bus", "assigned_canton": "Zug", "modes_list": ["bus"]}, "geometry": {"type": "Point", "coordinates": [8.564637313662491, 47.17649943313944]}}, {"id": "7422", "type": "Feature", "properties": {"name": "Edlibach, Dorf", "lon": 8.57035957538676, "lat": 47.18245266295964, "stop_id": ["8502288.link:1468578", "8502288.link:1468579"], "lines": [{"line_id": "92-632-j24-1", "route_id": "226.TA.92-632-j24-1.7.R", "mode": "bus", "line_name": "632"}, {"line_id": "92-602-A-j24-1", "route_id": "137.TA.92-602-A-j24-1.4.R", "mode": "bus", "line_name": "602"}, {"line_id": "92-602-A-j24-1", "route_id": "199.TA.92-602-A-j24-1.8.R", "mode": "bus", "line_name": "602"}, {"line_id": "92-N2-D-j24-1", "route_id": "1.TA.92-N2-D-j24-1.4.H", "mode": "bus", "line_name": "N2"}, {"line_id": "92-602-A-j24-1", "route_id": "3.TA.92-602-A-j24-1.1.H", "mode": "bus", "line_name": "602"}, {"line_id": "92-602-A-j24-1", "route_id": "135.TA.92-602-A-j24-1.7.H", "mode": "bus", "line_name": "602"}, {"line_id": "92-602-A-j24-1", "route_id": "134.TA.92-602-A-j24-1.6.H", "mode": "bus", "line_name": "602"}, {"line_id": "92-632-j24-1", "route_id": "93.TA.92-632-j24-1.3.H", "mode": "bus", "line_name": "632"}], "predominant_mode": "bus", "assigned_canton": "Zug", "modes_list": ["bus"]}, "geometry": {"type": "Point", "coordinates": [8.570359583865693, 47.182452673050264]}}, {"id": "7423", "type": "Feature", "properties": {"name": "Edlibach, H\u00fcndlital", "lon": 8.56532901537846, "lat": 47.18230002303863, "stop_id": ["8577540.link:1200504"], "lines": [{"line_id": "92-602-A-j24-1", "route_id": "137.TA.92-602-A-j24-1.4.R", "mode": "bus", "line_name": "602"}, {"line_id": "92-602-A-j24-1", "route_id": "199.TA.92-602-A-j24-1.8.R", "mode": "bus", "line_name": "602"}], "predominant_mode": "bus", "assigned_canton": "Zug", "modes_list": ["bus"]}, "geometry": {"type": "Point", "coordinates": [8.565329023852518, 47.1823000331306]}}, {"id": "7424", "type": "Feature", "properties": {"name": "Edlibach, Nidfuren", "lon": 8.562696945079129, "lat": 47.17324470307962, "stop_id": ["8502283.link:629945", "8502283.link:629946"], "lines": [{"line_id": "92-601-A-j24-1", "route_id": "569.TA.92-601-A-j24-1.4.R", "mode": "bus", "line_name": "601"}, {"line_id": "92-601-A-j24-1", "route_id": "397.TA.92-601-A-j24-1.4.R", "mode": "bus", "line_name": "601"}, {"line_id": "92-601-A-j24-1", "route_id": "538.TA.92-601-A-j24-1.4.R", "mode": "bus", "line_name": "601"}, {"line_id": "92-602-A-j24-1", "route_id": "199.TA.92-602-A-j24-1.8.R", "mode": "bus", "line_name": "602"}, {"line_id": "92-601-A-j24-1", "route_id": "83.TA.92-601-A-j24-1.3.H", "mode": "bus", "line_name": "601"}, {"line_id": "92-602-A-j24-1", "route_id": "135.TA.92-602-A-j24-1.7.H", "mode": "bus", "line_name": "602"}, {"line_id": "92-601-A-j24-1", "route_id": "13.TA.92-601-A-j24-1.3.H", "mode": "bus", "line_name": "601"}, {"line_id": "92-601-A-j24-1", "route_id": "183.TA.92-601-A-j24-1.3.H", "mode": "bus", "line_name": "601"}, {"line_id": "92-602-A-j24-1", "route_id": "134.TA.92-602-A-j24-1.6.H", "mode": "bus", "line_name": "602"}], "predominant_mode": "bus", "assigned_canton": "Zug", "modes_list": ["bus"]}, "geometry": {"type": "Point", "coordinates": [8.562696953553337, 47.173244713169154]}}, {"id": "7425", "type": "Feature", "properties": {"name": "Edlibach, Oberedlibach", "lon": 8.573243175352099, "lat": 47.181341442914274, "stop_id": ["8577541.link:1468574", "8577541.link:1468575"], "lines": [{"line_id": "92-632-j24-1", "route_id": "226.TA.92-632-j24-1.7.R", "mode": "bus", "line_name": "632"}, {"line_id": "92-602-A-j24-1", "route_id": "137.TA.92-602-A-j24-1.4.R", "mode": "bus", "line_name": "602"}, {"line_id": "92-602-A-j24-1", "route_id": "199.TA.92-602-A-j24-1.8.R", "mode": "bus", "line_name": "602"}, {"line_id": "92-N2-D-j24-1", "route_id": "1.TA.92-N2-D-j24-1.4.H", "mode": "bus", "line_name": "N2"}, {"line_id": "92-602-A-j24-1", "route_id": "3.TA.92-602-A-j24-1.1.H", "mode": "bus", "line_name": "602"}, {"line_id": "92-602-A-j24-1", "route_id": "135.TA.92-602-A-j24-1.7.H", "mode": "bus", "line_name": "602"}, {"line_id": "92-602-A-j24-1", "route_id": "134.TA.92-602-A-j24-1.6.H", "mode": "bus", "line_name": "602"}, {"line_id": "92-632-j24-1", "route_id": "93.TA.92-632-j24-1.3.H", "mode": "bus", "line_name": "632"}], "predominant_mode": "bus", "assigned_canton": "Zug", "modes_list": ["bus"]}, "geometry": {"type": "Point", "coordinates": [8.573243183834185, 47.18134145300365]}}, {"id": "7426", "type": "Feature", "properties": {"name": "Edlibach, Sonnhalde", "lon": 8.578246785343483, "lat": 47.18098120283566, "stop_id": ["8577542.link:1314950", "8577542.link:1314951"], "lines": [{"line_id": "92-632-j24-1", "route_id": "226.TA.92-632-j24-1.7.R", "mode": "bus", "line_name": "632"}, {"line_id": "92-602-A-j24-1", "route_id": "137.TA.92-602-A-j24-1.4.R", "mode": "bus", "line_name": "602"}, {"line_id": "92-602-A-j24-1", "route_id": "199.TA.92-602-A-j24-1.8.R", "mode": "bus", "line_name": "602"}, {"line_id": "92-N2-D-j24-1", "route_id": "1.TA.92-N2-D-j24-1.4.H", "mode": "bus", "line_name": "N2"}, {"line_id": "92-602-A-j24-1", "route_id": "3.TA.92-602-A-j24-1.1.H", "mode": "bus", "line_name": "602"}, {"line_id": "92-602-A-j24-1", "route_id": "135.TA.92-602-A-j24-1.7.H", "mode": "bus", "line_name": "602"}, {"line_id": "92-602-A-j24-1", "route_id": "134.TA.92-602-A-j24-1.6.H", "mode": "bus", "line_name": "602"}, {"line_id": "92-632-j24-1", "route_id": "93.TA.92-632-j24-1.3.H", "mode": "bus", "line_name": "632"}], "predominant_mode": "bus", "assigned_canton": "Zug", "modes_list": ["bus"]}, "geometry": {"type": "Point", "coordinates": [8.57824679383056, 47.180981212923456]}}, {"id": "7580", "type": "Feature", "properties": {"name": "Eierhals (See)", "lon": 8.640877323254852, "lat": 47.11614784184875, "stop_id": ["8530633.link:pt_8530633"], "lines": [{"line_id": "94-16-Y-j24-1", "route_id": "7.TA.94-16-Y-j24-1.3.H", "mode": "ferry", "line_name": "BAT"}, {"line_id": "94-16-Y-j24-1", "route_id": "2.TA.94-16-Y-j24-1.2.H", "mode": "ferry", "line_name": "BAT"}], "predominant_mode": "ferry", "assigned_canton": "Zug", "modes_list": ["ferry"]}, "geometry": {"type": "Point", "coordinates": [8.640877331822525, 47.11614785189549]}}, {"id": "8600", "type": "Feature", "properties": {"name": "Finstersee, Kirche", "lon": 8.629944834928363, "lat": 47.167345402023024, "stop_id": ["8502759.link:856449"], "lines": [{"line_id": "92-602-A-j24-1", "route_id": "135.TA.92-602-A-j24-1.7.H", "mode": "bus", "line_name": "602"}], "predominant_mode": "bus", "assigned_canton": "Zug", "modes_list": ["bus"]}, "geometry": {"type": "Point", "coordinates": [8.62994484346995, 47.167345412091095]}}, {"id": "10982", "type": "Feature", "properties": {"name": "Hagendorn, Blumenweg", "lon": 8.433465316096433, "lat": 47.20683260511054, "stop_id": ["8593412.link:1046714", "8593412.link:1046715"], "lines": [{"line_id": "92-N4-C-j24-1", "route_id": "1.TA.92-N4-C-j24-1.3.H", "mode": "bus", "line_name": "N4"}, {"line_id": "92-643-j24-1", "route_id": "167.TA.92-643-j24-1.6.H", "mode": "bus", "line_name": "643"}, {"line_id": "92-643-j24-1", "route_id": "8.TA.92-643-j24-1.5.H", "mode": "bus", "line_name": "643"}, {"line_id": "92-643-j24-1", "route_id": "82.TA.92-643-j24-1.5.H", "mode": "bus", "line_name": "643"}, {"line_id": "92-643-j24-1", "route_id": "333.TA.92-643-j24-1.9.R", "mode": "bus", "line_name": "643"}, {"line_id": "92-643-j24-1", "route_id": "244.TA.92-643-j24-1.7.R", "mode": "bus", "line_name": "643"}, {"line_id": "92-643-j24-1", "route_id": "308.TA.92-643-j24-1.8.R", "mode": "bus", "line_name": "643"}, {"line_id": "92-643-j24-1", "route_id": "356.TA.92-643-j24-1.10.R", "mode": "bus", "line_name": "643"}, {"line_id": "92-643-j24-1", "route_id": "180.TA.92-643-j24-1.7.R", "mode": "bus", "line_name": "643"}, {"line_id": "92-643-j24-1", "route_id": "274.TA.92-643-j24-1.8.R", "mode": "bus", "line_name": "643"}], "predominant_mode": "bus", "assigned_canton": "Zug", "modes_list": ["bus"]}, "geometry": {"type": "Point", "coordinates": [8.43346532443369, 47.20683261524873]}}, {"id": "10983", "type": "Feature", "properties": {"name": "Hagendorn, Grobenmoos", "lon": 8.43616025573804, "lat": 47.1958831650679, "stop_id": ["8577587.link:1310489", "8577587.link:1310490"], "lines": [{"line_id": "92-643-j24-1", "route_id": "333.TA.92-643-j24-1.9.R", "mode": "bus", "line_name": "643"}, {"line_id": "92-643-j24-1", "route_id": "244.TA.92-643-j24-1.7.R", "mode": "bus", "line_name": "643"}, {"line_id": "92-643-j24-1", "route_id": "308.TA.92-643-j24-1.8.R", "mode": "bus", "line_name": "643"}, {"line_id": "92-643-j24-1", "route_id": "356.TA.92-643-j24-1.10.R", "mode": "bus", "line_name": "643"}, {"line_id": "92-643-j24-1", "route_id": "180.TA.92-643-j24-1.7.R", "mode": "bus", "line_name": "643"}, {"line_id": "92-643-j24-1", "route_id": "274.TA.92-643-j24-1.8.R", "mode": "bus", "line_name": "643"}, {"line_id": "92-N4-C-j24-1", "route_id": "1.TA.92-N4-C-j24-1.3.H", "mode": "bus", "line_name": "N4"}, {"line_id": "92-643-j24-1", "route_id": "167.TA.92-643-j24-1.6.H", "mode": "bus", "line_name": "643"}, {"line_id": "92-643-j24-1", "route_id": "8.TA.92-643-j24-1.5.H", "mode": "bus", "line_name": "643"}, {"line_id": "92-643-j24-1", "route_id": "82.TA.92-643-j24-1.5.H", "mode": "bus", "line_name": "643"}], "predominant_mode": "bus", "assigned_canton": "Zug", "modes_list": ["bus"]}, "geometry": {"type": "Point", "coordinates": [8.4361602640812, 47.19588317520151]}}, {"id": "10984", "type": "Feature", "properties": {"name": "Hagendorn, Hofmatt", "lon": 8.43077934590596, "lat": 47.20110182515257, "stop_id": ["8587375.link:864540", "8587375.link:864541"], "lines": [{"line_id": "92-643-j24-1", "route_id": "333.TA.92-643-j24-1.9.R", "mode": "bus", "line_name": "643"}, {"line_id": "92-643-j24-1", "route_id": "244.TA.92-643-j24-1.7.R", "mode": "bus", "line_name": "643"}, {"line_id": "92-643-j24-1", "route_id": "308.TA.92-643-j24-1.8.R", "mode": "bus", "line_name": "643"}, {"line_id": "92-643-j24-1", "route_id": "356.TA.92-643-j24-1.10.R", "mode": "bus", "line_name": "643"}, {"line_id": "92-643-j24-1", "route_id": "180.TA.92-643-j24-1.7.R", "mode": "bus", "line_name": "643"}, {"line_id": "92-643-j24-1", "route_id": "274.TA.92-643-j24-1.8.R", "mode": "bus", "line_name": "643"}, {"line_id": "92-N4-C-j24-1", "route_id": "1.TA.92-N4-C-j24-1.3.H", "mode": "bus", "line_name": "N4"}, {"line_id": "92-643-j24-1", "route_id": "167.TA.92-643-j24-1.6.H", "mode": "bus", "line_name": "643"}, {"line_id": "92-643-j24-1", "route_id": "8.TA.92-643-j24-1.5.H", "mode": "bus", "line_name": "643"}, {"line_id": "92-643-j24-1", "route_id": "82.TA.92-643-j24-1.5.H", "mode": "bus", "line_name": "643"}], "predominant_mode": "bus", "assigned_canton": "Zug", "modes_list": ["bus"]}, "geometry": {"type": "Point", "coordinates": [8.430779354242262, 47.20110183528953]}}, {"id": "10985", "type": "Feature", "properties": {"name": "Hagendorn, Lorzenmatt", "lon": 8.432495136010207, "lat": 47.20423277512568, "stop_id": ["8593418.link:645345", "8593418.link:645346"], "lines": [{"line_id": "92-N4-C-j24-1", "route_id": "1.TA.92-N4-C-j24-1.3.H", "mode": "bus", "line_name": "N4"}, {"line_id": "92-643-j24-1", "route_id": "167.TA.92-643-j24-1.6.H", "mode": "bus", "line_name": "643"}, {"line_id": "92-643-j24-1", "route_id": "8.TA.92-643-j24-1.5.H", "mode": "bus", "line_name": "643"}, {"line_id": "92-643-j24-1", "route_id": "82.TA.92-643-j24-1.5.H", "mode": "bus", "line_name": "643"}, {"line_id": "92-643-j24-1", "route_id": "333.TA.92-643-j24-1.9.R", "mode": "bus", "line_name": "643"}, {"line_id": "92-643-j24-1", "route_id": "244.TA.92-643-j24-1.7.R", "mode": "bus", "line_name": "643"}, {"line_id": "92-643-j24-1", "route_id": "308.TA.92-643-j24-1.8.R", "mode": "bus", "line_name": "643"}, {"line_id": "92-643-j24-1", "route_id": "356.TA.92-643-j24-1.10.R", "mode": "bus", "line_name": "643"}, {"line_id": "92-643-j24-1", "route_id": "180.TA.92-643-j24-1.7.R", "mode": "bus", "line_name": "643"}, {"line_id": "92-643-j24-1", "route_id": "274.TA.92-643-j24-1.8.R", "mode": "bus", "line_name": "643"}], "predominant_mode": "bus", "assigned_canton": "Zug", "modes_list": ["bus"]}, "geometry": {"type": "Point", "coordinates": [8.432495144347277, 47.204232785263244]}}, {"id": "10986", "type": "Feature", "properties": {"name": "Hagendorn, Rumentikon", "lon": 8.43612432613303, "lat": 47.20788836506887, "stop_id": ["8587283.link:1203788", "8587283.link:1203792", "8587283.link:1203793"], "lines": [{"line_id": "92-642-j24-1", "route_id": "145.TA.92-642-j24-1.14.R", "mode": "bus", "line_name": "642"}, {"line_id": "92-N4-C-j24-1", "route_id": "1.TA.92-N4-C-j24-1.3.H", "mode": "bus", "line_name": "N4"}, {"line_id": "92-643-j24-1", "route_id": "167.TA.92-643-j24-1.6.H", "mode": "bus", "line_name": "643"}, {"line_id": "92-643-j24-1", "route_id": "8.TA.92-643-j24-1.5.H", "mode": "bus", "line_name": "643"}, {"line_id": "92-643-j24-1", "route_id": "82.TA.92-643-j24-1.5.H", "mode": "bus", "line_name": "643"}, {"line_id": "92-643-j24-1", "route_id": "333.TA.92-643-j24-1.9.R", "mode": "bus", "line_name": "643"}, {"line_id": "92-643-j24-1", "route_id": "244.TA.92-643-j24-1.7.R", "mode": "bus", "line_name": "643"}, {"line_id": "92-643-j24-1", "route_id": "308.TA.92-643-j24-1.8.R", "mode": "bus", "line_name": "643"}, {"line_id": "92-643-j24-1", "route_id": "356.TA.92-643-j24-1.10.R", "mode": "bus", "line_name": "643"}, {"line_id": "92-643-j24-1", "route_id": "180.TA.92-643-j24-1.7.R", "mode": "bus", "line_name": "643"}, {"line_id": "92-643-j24-1", "route_id": "274.TA.92-643-j24-1.8.R", "mode": "bus", "line_name": "643"}], "predominant_mode": "bus", "assigned_canton": "Zug", "modes_list": ["bus"]}, "geometry": {"type": "Point", "coordinates": [8.436124334472595, 47.20788837520664]}}, {"id": "10987", "type": "Feature", "properties": {"name": "Hagendorn, Ziegelei-Museum", "lon": 8.430662565802276, "lat": 47.19795237515425, "stop_id": ["8577588.link:1528244", "8577588.link:1528245"], "lines": [{"line_id": "92-643-j24-1", "route_id": "333.TA.92-643-j24-1.9.R", "mode": "bus", "line_name": "643"}, {"line_id": "92-643-j24-1", "route_id": "244.TA.92-643-j24-1.7.R", "mode": "bus", "line_name": "643"}, {"line_id": "92-643-j24-1", "route_id": "308.TA.92-643-j24-1.8.R", "mode": "bus", "line_name": "643"}, {"line_id": "92-643-j24-1", "route_id": "356.TA.92-643-j24-1.10.R", "mode": "bus", "line_name": "643"}, {"line_id": "92-643-j24-1", "route_id": "180.TA.92-643-j24-1.7.R", "mode": "bus", "line_name": "643"}, {"line_id": "92-643-j24-1", "route_id": "274.TA.92-643-j24-1.8.R", "mode": "bus", "line_name": "643"}, {"line_id": "92-N4-C-j24-1", "route_id": "1.TA.92-N4-C-j24-1.3.H", "mode": "bus", "line_name": "N4"}, {"line_id": "92-643-j24-1", "route_id": "167.TA.92-643-j24-1.6.H", "mode": "bus", "line_name": "643"}, {"line_id": "92-643-j24-1", "route_id": "8.TA.92-643-j24-1.5.H", "mode": "bus", "line_name": "643"}, {"line_id": "92-643-j24-1", "route_id": "82.TA.92-643-j24-1.5.H", "mode": "bus", "line_name": "643"}], "predominant_mode": "bus", "assigned_canton": "Zug", "modes_list": ["bus"]}, "geometry": {"type": "Point", "coordinates": [8.4306625741394, 47.197952385290165]}}, {"id": "11791", "type": "Feature", "properties": {"name": "Holzh\u00e4usern ZG, Kreisel", "lon": 8.440157764416435, "lat": 47.15559369500351, "stop_id": ["8587259:0:A.link:1537594", "8587259:0:B.link:474543", "8587259:0:C.link:474542"], "lines": [{"line_id": "92-648-j24-1", "route_id": "203.TA.92-648-j24-1.9.R", "mode": "bus", "line_name": "648"}, {"line_id": "92-648-j24-1", "route_id": "280.TA.92-648-j24-1.11.R", "mode": "bus", "line_name": "648"}, {"line_id": "92-651-j24-1", "route_id": "13.TA.92-651-j24-1.17.H", "mode": "bus", "line_name": "651"}, {"line_id": "92-648-j24-1", "route_id": "243.TA.92-648-j24-1.10.R", "mode": "bus", "line_name": "648"}, {"line_id": "92-651-j24-1", "route_id": "98.TA.92-651-j24-1.38.R", "mode": "bus", "line_name": "651"}, {"line_id": "92-648-j24-1", "route_id": "104.TA.92-648-j24-1.6.H", "mode": "bus", "line_name": "648"}, {"line_id": "92-651-j24-1", "route_id": "90.TA.92-651-j24-1.22.R", "mode": "bus", "line_name": "651"}, {"line_id": "92-651-j24-1", "route_id": "125.TA.92-651-j24-1.39.R", "mode": "bus", "line_name": "651"}, {"line_id": "92-651-j24-1", "route_id": "129.TA.92-651-j24-1.39.R", "mode": "bus", "line_name": "651"}, {"line_id": "92-651-j24-1", "route_id": "79.TA.92-651-j24-1.21.R", "mode": "bus", "line_name": "651"}, {"line_id": "92-648-j24-1", "route_id": "168.TA.92-648-j24-1.7.R", "mode": "bus", "line_name": "648"}, {"line_id": "92-648-j24-1", "route_id": "195.TA.92-648-j24-1.8.R", "mode": "bus", "line_name": "648"}, {"line_id": "92-651-j24-1", "route_id": "50.TA.92-651-j24-1.36.H", "mode": "bus", "line_name": "651"}, {"line_id": "92-651-j24-1", "route_id": "25.TA.92-651-j24-1.18.H", "mode": "bus", "line_name": "651"}], "predominant_mode": "bus", "assigned_canton": "Zug", "modes_list": ["bus"]}, "geometry": {"type": "Point", "coordinates": [8.440157772775434, 47.1555937051218]}}, {"id": "11792", "type": "Feature", "properties": {"name": "Holzh\u00e4usern ZG, St. Wendelin", "lon": 8.43871147436645, "lat": 47.15410316502615, "stop_id": ["8588708.link:191295", "8588708.link:191296"], "lines": [{"line_id": "92-651-j24-1", "route_id": "98.TA.92-651-j24-1.38.R", "mode": "bus", "line_name": "651"}, {"line_id": "92-648-j24-1", "route_id": "104.TA.92-648-j24-1.6.H", "mode": "bus", "line_name": "648"}, {"line_id": "92-651-j24-1", "route_id": "90.TA.92-651-j24-1.22.R", "mode": "bus", "line_name": "651"}, {"line_id": "92-648-j24-1", "route_id": "41.TA.92-648-j24-1.5.H", "mode": "bus", "line_name": "648"}, {"line_id": "92-651-j24-1", "route_id": "125.TA.92-651-j24-1.39.R", "mode": "bus", "line_name": "651"}, {"line_id": "92-651-j24-1", "route_id": "129.TA.92-651-j24-1.39.R", "mode": "bus", "line_name": "651"}, {"line_id": "92-651-j24-1", "route_id": "79.TA.92-651-j24-1.21.R", "mode": "bus", "line_name": "651"}, {"line_id": "92-648-j24-1", "route_id": "168.TA.92-648-j24-1.7.R", "mode": "bus", "line_name": "648"}, {"line_id": "92-648-j24-1", "route_id": "243.TA.92-648-j24-1.10.R", "mode": "bus", "line_name": "648"}, {"line_id": "92-651-j24-1", "route_id": "25.TA.92-651-j24-1.18.H", "mode": "bus", "line_name": "651"}, {"line_id": "92-648-j24-1", "route_id": "280.TA.92-648-j24-1.11.R", "mode": "bus", "line_name": "648"}, {"line_id": "92-651-j24-1", "route_id": "50.TA.92-651-j24-1.36.H", "mode": "bus", "line_name": "651"}, {"line_id": "92-651-j24-1", "route_id": "13.TA.92-651-j24-1.17.H", "mode": "bus", "line_name": "651"}, {"line_id": "92-648-j24-1", "route_id": "195.TA.92-648-j24-1.8.R", "mode": "bus", "line_name": "648"}, {"line_id": "92-648-j24-1", "route_id": "203.TA.92-648-j24-1.9.R", "mode": "bus", "line_name": "648"}], "predominant_mode": "bus", "assigned_canton": "Zug", "modes_list": ["bus"]}, "geometry": {"type": "Point", "coordinates": [8.438711482724457, 47.15410317514432]}}, {"id": "12137", "type": "Feature", "properties": {"name": "H\u00fcnenberg Ch\u00e4mleten", "lon": 8.449729309890376, "lat": 47.1698157398538, "stop_id": ["8502306:0:1.link:1631391", "8502306:0:2.link:963357"], "lines": [{"line_id": "91-1-A-j24-1", "route_id": "2974.TA.91-1-A-j24-1.440.R", "mode": "rail", "line_name": "S1"}, {"line_id": "91-1-A-j24-1", "route_id": "3016.TA.91-1-A-j24-1.445.R", "mode": "rail", "line_name": "S1"}, {"line_id": "91-1-A-j24-1", "route_id": "2554.TA.91-1-A-j24-1.388.R", "mode": "rail", "line_name": "S1"}, {"line_id": "91-1-A-j24-1", "route_id": "2532.TA.91-1-A-j24-1.380.R", "mode": "rail", "line_name": "S1"}, {"line_id": "91-1-A-j24-1", "route_id": "3039.TA.91-1-A-j24-1.450.R", "mode": "rail", "line_name": "S1"}, {"line_id": "91-1-A-j24-1", "route_id": "2991.TA.91-1-A-j24-1.442.R", "mode": "rail", "line_name": "S1"}, {"line_id": "91-1-A-j24-1", "route_id": "1909.TA.91-1-A-j24-1.302.R", "mode": "rail", "line_name": "S1"}, {"line_id": "91-1-A-j24-1", "route_id": "2956.TA.91-1-A-j24-1.598.R", "mode": "rail", "line_name": "S1"}, {"line_id": "91-1-A-j24-1", "route_id": "1918.TA.91-1-A-j24-1.303.R", "mode": "rail", "line_name": "S1"}, {"line_id": "91-1-A-j24-1", "route_id": "3105.TA.91-1-A-j24-1.456.R", "mode": "rail", "line_name": "S1"}, {"line_id": "91-1-A-j24-1", "route_id": "3107.TA.91-1-A-j24-1.457.R", "mode": "rail", "line_name": "S1"}, {"line_id": "91-1-A-j24-1", "route_id": "720.TA.91-1-A-j24-1.134.H", "mode": "rail", "line_name": "S1"}, {"line_id": "91-1-A-j24-1", "route_id": "1451.TA.91-1-A-j24-1.221.H", "mode": "rail", "line_name": "S1"}, {"line_id": "91-1-A-j24-1", "route_id": "1342.TA.91-1-A-j24-1.209.H", "mode": "rail", "line_name": "S1"}, {"line_id": "91-1-A-j24-1", "route_id": "778.TA.91-1-A-j24-1.137.H", "mode": "rail", "line_name": "S1"}, {"line_id": "91-1-A-j24-1", "route_id": "462.TA.91-1-A-j24-1.89.H", "mode": "rail", "line_name": "S1"}, {"line_id": "91-1-A-j24-1", "route_id": "1463.TA.91-1-A-j24-1.226.H", "mode": "rail", "line_name": "S1"}, {"line_id": "91-1-A-j24-1", "route_id": "1405.TA.91-1-A-j24-1.217.H", "mode": "rail", "line_name": "S1"}, {"line_id": "91-1-A-j24-1", "route_id": "1087.TA.91-1-A-j24-1.169.H", "mode": "rail", "line_name": "S1"}, {"line_id": "91-1-A-j24-1", "route_id": "1282.TA.91-1-A-j24-1.202.H", "mode": "rail", "line_name": "S1"}, {"line_id": "91-1-A-j24-1", "route_id": "477.TA.91-1-A-j24-1.91.H", "mode": "rail", "line_name": "S1"}, {"line_id": "91-1-A-j24-1", "route_id": "1461.TA.91-1-A-j24-1.224.H", "mode": "rail", "line_name": "S1"}, {"line_id": "91-1-A-j24-1", "route_id": "1425.TA.91-1-A-j24-1.220.H", "mode": "rail", "line_name": "S1"}], "predominant_mode": "rail", "assigned_canton": "Zug", "modes_list": ["rail"]}, "geometry": {"type": "Point", "coordinates": [8.449729318254636, 47.169815749974426]}}, {"id": "12138", "type": "Feature", "properties": {"name": "H\u00fcnenberg Zythus", "lon": 8.450614155037407, "lat": 47.1742706048401, "stop_id": ["8515996:0:1.link:1631383", "8515996:0:2.link:375991"], "lines": [{"line_id": "91-1-A-j24-1", "route_id": "3016.TA.91-1-A-j24-1.445.R", "mode": "rail", "line_name": "S1"}, {"line_id": "91-1-A-j24-1", "route_id": "2991.TA.91-1-A-j24-1.442.R", "mode": "rail", "line_name": "S1"}, {"line_id": "91-1-A-j24-1", "route_id": "2802.TA.91-1-A-j24-1.421.R", "mode": "rail", "line_name": "S1"}, {"line_id": "91-1-A-j24-1", "route_id": "2456.TA.91-1-A-j24-1.359.R", "mode": "rail", "line_name": "S1"}, {"line_id": "91-1-A-j24-1", "route_id": "2054.TA.91-1-A-j24-1.337.R", "mode": "rail", "line_name": "S1"}, {"line_id": "91-1-A-j24-1", "route_id": "2788.TA.91-1-A-j24-1.420.R", "mode": "rail", "line_name": "S1"}, {"line_id": "91-1-A-j24-1", "route_id": "2532.TA.91-1-A-j24-1.380.R", "mode": "rail", "line_name": "S1"}, {"line_id": "91-1-A-j24-1", "route_id": "1909.TA.91-1-A-j24-1.302.R", "mode": "rail", "line_name": "S1"}, {"line_id": "91-1-A-j24-1", "route_id": "1918.TA.91-1-A-j24-1.303.R", "mode": "rail", "line_name": "S1"}, {"line_id": "91-1-A-j24-1", "route_id": "1883.TA.91-1-A-j24-1.295.R", "mode": "rail", "line_name": "S1"}, {"line_id": "91-1-A-j24-1", "route_id": "2974.TA.91-1-A-j24-1.440.R", "mode": "rail", "line_name": "S1"}, {"line_id": "91-1-A-j24-1", "route_id": "2554.TA.91-1-A-j24-1.388.R", "mode": "rail", "line_name": "S1"}, {"line_id": "91-1-A-j24-1", "route_id": "2754.TA.91-1-A-j24-1.410.R", "mode": "rail", "line_name": "S1"}, {"line_id": "91-1-A-j24-1", "route_id": "2815.TA.91-1-A-j24-1.423.R", "mode": "rail", "line_name": "S1"}, {"line_id": "91-1-A-j24-1", "route_id": "1871.TA.91-1-A-j24-1.293.R", "mode": "rail", "line_name": "S1"}, {"line_id": "91-1-A-j24-1", "route_id": "2942.TA.91-1-A-j24-1.430.R", "mode": "rail", "line_name": "S1"}, {"line_id": "91-1-A-j24-1", "route_id": "2956.TA.91-1-A-j24-1.598.R", "mode": "rail", "line_name": "S1"}, {"line_id": "91-1-A-j24-1", "route_id": "2826.TA.91-1-A-j24-1.423.R", "mode": "rail", "line_name": "S1"}, {"line_id": "91-1-A-j24-1", "route_id": "3039.TA.91-1-A-j24-1.450.R", "mode": "rail", "line_name": "S1"}, {"line_id": "91-1-A-j24-1", "route_id": "2775.TA.91-1-A-j24-1.417.R", "mode": "rail", "line_name": "S1"}, {"line_id": "91-1-A-j24-1", "route_id": "3105.TA.91-1-A-j24-1.456.R", "mode": "rail", "line_name": "S1"}, {"line_id": "91-1-A-j24-1", "route_id": "2844.TA.91-1-A-j24-1.425.R", "mode": "rail", "line_name": "S1"}, {"line_id": "91-1-A-j24-1", "route_id": "3107.TA.91-1-A-j24-1.457.R", "mode": "rail", "line_name": "S1"}, {"line_id": "91-1-A-j24-1", "route_id": "778.TA.91-1-A-j24-1.137.H", "mode": "rail", "line_name": "S1"}, {"line_id": "91-1-A-j24-1", "route_id": "1463.TA.91-1-A-j24-1.226.H", "mode": "rail", "line_name": "S1"}, {"line_id": "91-1-A-j24-1", "route_id": "1087.TA.91-1-A-j24-1.169.H", "mode": "rail", "line_name": "S1"}, {"line_id": "91-1-A-j24-1", "route_id": "1461.TA.91-1-A-j24-1.224.H", "mode": "rail", "line_name": "S1"}, {"line_id": "91-1-A-j24-1", "route_id": "1234.TA.91-1-A-j24-1.1631.H", "mode": "rail", "line_name": "S1"}, {"line_id": "91-1-A-j24-1", "route_id": "437.TA.91-1-A-j24-1.83.H", "mode": "rail", "line_name": "S1"}, {"line_id": "91-1-A-j24-1", "route_id": "1216.TA.91-1-A-j24-1.184.H", "mode": "rail", "line_name": "S1"}, {"line_id": "91-1-A-j24-1", "route_id": "1230.TA.91-1-A-j24-1.185.H", "mode": "rail", "line_name": "S1"}, {"line_id": "91-1-A-j24-1", "route_id": "1342.TA.91-1-A-j24-1.209.H", "mode": "rail", "line_name": "S1"}, {"line_id": "91-1-A-j24-1", "route_id": "577.TA.91-1-A-j24-1.109.H", "mode": "rail", "line_name": "S1"}, {"line_id": "91-1-A-j24-1", "route_id": "420.TA.91-1-A-j24-1.82.H", "mode": "rail", "line_name": "S1"}, {"line_id": "91-1-A-j24-1", "route_id": "1192.TA.91-1-A-j24-1.181.H", "mode": "rail", "line_name": "S1"}, {"line_id": "91-1-A-j24-1", "route_id": "1425.TA.91-1-A-j24-1.220.H", "mode": "rail", "line_name": "S1"}, {"line_id": "91-1-A-j24-1", "route_id": "720.TA.91-1-A-j24-1.134.H", "mode": "rail", "line_name": "S1"}, {"line_id": "91-1-A-j24-1", "route_id": "1451.TA.91-1-A-j24-1.221.H", "mode": "rail", "line_name": "S1"}, {"line_id": "91-1-A-j24-1", "route_id": "462.TA.91-1-A-j24-1.89.H", "mode": "rail", "line_name": "S1"}, {"line_id": "91-1-A-j24-1", "route_id": "1282.TA.91-1-A-j24-1.202.H", "mode": "rail", "line_name": "S1"}, {"line_id": "91-1-A-j24-1", "route_id": "1180.TA.91-1-A-j24-1.180.H", "mode": "rail", "line_name": "S1"}, {"line_id": "91-1-A-j24-1", "route_id": "1146.TA.91-1-A-j24-1.176.H", "mode": "rail", "line_name": "S1"}, {"line_id": "91-1-A-j24-1", "route_id": "1053.TA.91-1-A-j24-1.1747.H", "mode": "rail", "line_name": "S1"}, {"line_id": "91-1-A-j24-1", "route_id": "1405.TA.91-1-A-j24-1.217.H", "mode": "rail", "line_name": "S1"}, {"line_id": "91-1-A-j24-1", "route_id": "477.TA.91-1-A-j24-1.91.H", "mode": "rail", "line_name": "S1"}], "predominant_mode": "rail", "assigned_canton": "Zug", "modes_list": ["rail"]}, "geometry": {"type": "Point", "coordinates": [8.450614163401218, 47.17427061496205]}}, {"id": "12139", "type": "Feature", "properties": {"name": "H\u00fcnenberg, Badi H\u00fcnenberg", "lon": 8.449509224877076, "lat": 47.16941572485725, "stop_id": ["8593423.link:980542", "8593423.link:980543"], "lines": [{"line_id": "92-648-j24-1", "route_id": "168.TA.92-648-j24-1.7.R", "mode": "bus", "line_name": "648"}, {"line_id": "92-648-j24-1", "route_id": "243.TA.92-648-j24-1.10.R", "mode": "bus", "line_name": "648"}, {"line_id": "92-648-j24-1", "route_id": "280.TA.92-648-j24-1.11.R", "mode": "bus", "line_name": "648"}, {"line_id": "92-648-j24-1", "route_id": "195.TA.92-648-j24-1.8.R", "mode": "bus", "line_name": "648"}, {"line_id": "92-648-j24-1", "route_id": "203.TA.92-648-j24-1.9.R", "mode": "bus", "line_name": "648"}, {"line_id": "92-648-j24-1", "route_id": "41.TA.92-648-j24-1.5.H", "mode": "bus", "line_name": "648"}, {"line_id": "92-648-j24-1", "route_id": "104.TA.92-648-j24-1.6.H", "mode": "bus", "line_name": "648"}], "predominant_mode": "bus", "assigned_canton": "Zug", "modes_list": ["bus"]}, "geometry": {"type": "Point", "coordinates": [8.449509233241233, 47.16941573497779]}}, {"id": "12140", "type": "Feature", "properties": {"name": "H\u00fcnenberg, B\u00f6sch", "lon": 8.43506431459504, "lat": 47.16114004508372, "stop_id": ["8588709:0:A.link:1160168", "8588709:0:B.link:1160168", "8588709:0:C.link:1160167", "8588709:0:C.link:1319436"], "lines": [{"line_id": "92-648-j24-1", "route_id": "41.TA.92-648-j24-1.5.H", "mode": "bus", "line_name": "648"}, {"line_id": "92-651-j24-1", "route_id": "50.TA.92-651-j24-1.36.H", "mode": "bus", "line_name": "651"}, {"line_id": "92-651-j24-1", "route_id": "25.TA.92-651-j24-1.18.H", "mode": "bus", "line_name": "651"}, {"line_id": "92-651-j24-1", "route_id": "98.TA.92-651-j24-1.38.R", "mode": "bus", "line_name": "651"}, {"line_id": "92-648-j24-1", "route_id": "243.TA.92-648-j24-1.10.R", "mode": "bus", "line_name": "648"}, {"line_id": "92-651-j24-1", "route_id": "90.TA.92-651-j24-1.22.R", "mode": "bus", "line_name": "651"}, {"line_id": "92-648-j24-1", "route_id": "280.TA.92-648-j24-1.11.R", "mode": "bus", "line_name": "648"}, {"line_id": "92-651-j24-1", "route_id": "125.TA.92-651-j24-1.39.R", "mode": "bus", "line_name": "651"}, {"line_id": "92-651-j24-1", "route_id": "13.TA.92-651-j24-1.17.H", "mode": "bus", "line_name": "651"}, {"line_id": "92-651-j24-1", "route_id": "129.TA.92-651-j24-1.39.R", "mode": "bus", "line_name": "651"}, {"line_id": "92-648-j24-1", "route_id": "203.TA.92-648-j24-1.9.R", "mode": "bus", "line_name": "648"}, {"line_id": "92-651-j24-1", "route_id": "79.TA.92-651-j24-1.21.R", "mode": "bus", "line_name": "651"}], "predominant_mode": "bus", "assigned_canton": "Zug", "modes_list": ["bus"]}, "geometry": {"type": "Point", "coordinates": [8.43506432294737, 47.16114005520541]}}, {"id": "12141", "type": "Feature", "properties": {"name": "H\u00fcnenberg, Chr\u00fczacher", "lon": 8.42500318513134, "lat": 47.177671805242426, "stop_id": ["8595428.link:828478"], "lines": [{"line_id": "92-651-j24-1", "route_id": "50.TA.92-651-j24-1.36.H", "mode": "bus", "line_name": "651"}, {"line_id": "92-651-j24-1", "route_id": "25.TA.92-651-j24-1.18.H", "mode": "bus", "line_name": "651"}], "predominant_mode": "bus", "assigned_canton": "Zug", "modes_list": ["bus"]}, "geometry": {"type": "Point", "coordinates": [8.425003193468863, 47.177671815372825]}}, {"id": "12142", "type": "Feature", "properties": {"name": "H\u00fcnenberg, Dorf", "lon": 8.426997445045407, "lat": 47.175015595211, "stop_id": ["8587260.link:747211", "8587260.link:747212"], "lines": [{"line_id": "92-641-A-j24-1", "route_id": "348.TA.92-641-A-j24-1.5.R", "mode": "bus", "line_name": "641"}, {"line_id": "92-641-A-j24-1", "route_id": "215.TA.92-641-A-j24-1.4.R", "mode": "bus", "line_name": "641"}, {"line_id": "92-651-j24-1", "route_id": "50.TA.92-651-j24-1.36.H", "mode": "bus", "line_name": "651"}, {"line_id": "92-651-j24-1", "route_id": "25.TA.92-651-j24-1.18.H", "mode": "bus", "line_name": "651"}, {"line_id": "92-651-j24-1", "route_id": "98.TA.92-651-j24-1.38.R", "mode": "bus", "line_name": "651"}, {"line_id": "92-651-j24-1", "route_id": "90.TA.92-651-j24-1.22.R", "mode": "bus", "line_name": "651"}, {"line_id": "92-651-j24-1", "route_id": "125.TA.92-651-j24-1.39.R", "mode": "bus", "line_name": "651"}, {"line_id": "92-641-A-j24-1", "route_id": "82.TA.92-641-A-j24-1.3.H", "mode": "bus", "line_name": "641"}, {"line_id": "92-N6-A-j24-1", "route_id": "1.TA.92-N6-A-j24-1.4.H", "mode": "bus", "line_name": "N6"}, {"line_id": "92-651-j24-1", "route_id": "129.TA.92-651-j24-1.39.R", "mode": "bus", "line_name": "651"}], "predominant_mode": "bus", "assigned_canton": "Zug", "modes_list": ["bus"]}, "geometry": {"type": "Point", "coordinates": [8.426997453385685, 47.175015605339894]}}, {"id": "12143", "type": "Feature", "properties": {"name": "H\u00fcnenberg, Ehret", "lon": 8.428147284860561, "lat": 47.16936687519274, "stop_id": ["8588690:0:A.link:1614039", "8588690:0:B.link:1614038", "8588690:0:C.link:1614038", "8588690:0:C.link:1614039"], "lines": [{"line_id": "92-651-j24-1", "route_id": "98.TA.92-651-j24-1.38.R", "mode": "bus", "line_name": "651"}, {"line_id": "92-651-j24-1", "route_id": "125.TA.92-651-j24-1.39.R", "mode": "bus", "line_name": "651"}, {"line_id": "92-651-j24-1", "route_id": "90.TA.92-651-j24-1.22.R", "mode": "bus", "line_name": "651"}, {"line_id": "92-651-j24-1", "route_id": "129.TA.92-651-j24-1.39.R", "mode": "bus", "line_name": "651"}, {"line_id": "92-651-j24-1", "route_id": "50.TA.92-651-j24-1.36.H", "mode": "bus", "line_name": "651"}, {"line_id": "92-651-j24-1", "route_id": "25.TA.92-651-j24-1.18.H", "mode": "bus", "line_name": "651"}, {"line_id": "92-641-A-j24-1", "route_id": "348.TA.92-641-A-j24-1.5.R", "mode": "bus", "line_name": "641"}, {"line_id": "92-641-A-j24-1", "route_id": "215.TA.92-641-A-j24-1.4.R", "mode": "bus", "line_name": "641"}, {"line_id": "92-641-A-j24-1", "route_id": "82.TA.92-641-A-j24-1.3.H", "mode": "bus", "line_name": "641"}], "predominant_mode": "bus", "assigned_canton": "Zug", "modes_list": ["bus"]}, "geometry": {"type": "Point", "coordinates": [8.428147293203637, 47.16936688531929]}}, {"id": "12144", "type": "Feature", "properties": {"name": "H\u00fcnenberg, Huob", "lon": 8.442475415242722, "lat": 47.18068813496813, "stop_id": ["8589237.link:1019488", "8589237.link:1019489"], "lines": [{"line_id": "92-N6-A-j24-1", "route_id": "1.TA.92-N6-A-j24-1.4.H", "mode": "bus", "line_name": "N6"}, {"line_id": "92-641-A-j24-1", "route_id": "82.TA.92-641-A-j24-1.3.H", "mode": "bus", "line_name": "641"}, {"line_id": "92-641-A-j24-1", "route_id": "348.TA.92-641-A-j24-1.5.R", "mode": "bus", "line_name": "641"}, {"line_id": "92-641-A-j24-1", "route_id": "215.TA.92-641-A-j24-1.4.R", "mode": "bus", "line_name": "641"}], "predominant_mode": "bus", "assigned_canton": "Zug", "modes_list": ["bus"]}, "geometry": {"type": "Point", "coordinates": [8.442475423596614, 47.18068814509467]}}, {"id": "12145", "type": "Feature", "properties": {"name": "H\u00fcnenberg, Langr\u00fcti", "lon": 8.448206664769808, "lat": 47.16617889487756, "stop_id": ["8593424.link:1775255", "8593424.link:1775256"], "lines": [{"line_id": "92-648-j24-1", "route_id": "41.TA.92-648-j24-1.5.H", "mode": "bus", "line_name": "648"}, {"line_id": "92-648-j24-1", "route_id": "104.TA.92-648-j24-1.6.H", "mode": "bus", "line_name": "648"}, {"line_id": "92-648-j24-1", "route_id": "168.TA.92-648-j24-1.7.R", "mode": "bus", "line_name": "648"}, {"line_id": "92-648-j24-1", "route_id": "243.TA.92-648-j24-1.10.R", "mode": "bus", "line_name": "648"}, {"line_id": "92-648-j24-1", "route_id": "280.TA.92-648-j24-1.11.R", "mode": "bus", "line_name": "648"}, {"line_id": "92-648-j24-1", "route_id": "195.TA.92-648-j24-1.8.R", "mode": "bus", "line_name": "648"}, {"line_id": "92-648-j24-1", "route_id": "203.TA.92-648-j24-1.9.R", "mode": "bus", "line_name": "648"}], "predominant_mode": "bus", "assigned_canton": "Zug", "modes_list": ["bus"]}, "geometry": {"type": "Point", "coordinates": [8.448206673133637, 47.16617890499732]}}, {"id": "12146", "type": "Feature", "properties": {"name": "H\u00fcnenberg, Moos", "lon": 8.42977323516881, "lat": 47.17870983516756, "stop_id": ["8502794.link:1972881", "8502794.link:1972882"], "lines": [{"line_id": "92-651-j24-1", "route_id": "98.TA.92-651-j24-1.38.R", "mode": "bus", "line_name": "651"}, {"line_id": "92-651-j24-1", "route_id": "90.TA.92-651-j24-1.22.R", "mode": "bus", "line_name": "651"}, {"line_id": "92-651-j24-1", "route_id": "125.TA.92-651-j24-1.39.R", "mode": "bus", "line_name": "651"}, {"line_id": "92-641-A-j24-1", "route_id": "82.TA.92-641-A-j24-1.3.H", "mode": "bus", "line_name": "641"}, {"line_id": "92-N6-A-j24-1", "route_id": "1.TA.92-N6-A-j24-1.4.H", "mode": "bus", "line_name": "N6"}, {"line_id": "92-651-j24-1", "route_id": "129.TA.92-651-j24-1.39.R", "mode": "bus", "line_name": "651"}, {"line_id": "92-641-A-j24-1", "route_id": "348.TA.92-641-A-j24-1.5.R", "mode": "bus", "line_name": "641"}, {"line_id": "92-641-A-j24-1", "route_id": "215.TA.92-641-A-j24-1.4.R", "mode": "bus", "line_name": "641"}], "predominant_mode": "bus", "assigned_canton": "Zug", "modes_list": ["bus"]}, "geometry": {"type": "Point", "coordinates": [8.429773243510738, 47.17870984529696]}}, {"id": "12147", "type": "Feature", "properties": {"name": "H\u00fcnenberg, Rony", "lon": 8.426099125205761, "lat": 47.179912695225276, "stop_id": ["8595432.link:1069806", "8595432.link:1318688", "8595432.link:1318689"], "lines": [{"line_id": "92-651-j24-1", "route_id": "98.TA.92-651-j24-1.38.R", "mode": "bus", "line_name": "651"}, {"line_id": "92-651-j24-1", "route_id": "90.TA.92-651-j24-1.22.R", "mode": "bus", "line_name": "651"}, {"line_id": "92-651-j24-1", "route_id": "50.TA.92-651-j24-1.36.H", "mode": "bus", "line_name": "651"}, {"line_id": "92-651-j24-1", "route_id": "25.TA.92-651-j24-1.18.H", "mode": "bus", "line_name": "651"}, {"line_id": "92-651-j24-1", "route_id": "125.TA.92-651-j24-1.39.R", "mode": "bus", "line_name": "651"}, {"line_id": "92-651-j24-1", "route_id": "129.TA.92-651-j24-1.39.R", "mode": "bus", "line_name": "651"}], "predominant_mode": "bus", "assigned_canton": "Zug", "modes_list": ["bus"]}, "geometry": {"type": "Point", "coordinates": [8.426099133543708, 47.179912705356124]}}, {"id": "12148", "type": "Feature", "properties": {"name": "H\u00fcnenberg, Rothus", "lon": 8.44485594456597, "lat": 47.160046704929904, "stop_id": ["8593425.link:383947", "8593425.link:383948"], "lines": [{"line_id": "92-648-j24-1", "route_id": "168.TA.92-648-j24-1.7.R", "mode": "bus", "line_name": "648"}, {"line_id": "92-648-j24-1", "route_id": "195.TA.92-648-j24-1.8.R", "mode": "bus", "line_name": "648"}, {"line_id": "92-648-j24-1", "route_id": "104.TA.92-648-j24-1.6.H", "mode": "bus", "line_name": "648"}], "predominant_mode": "bus", "assigned_canton": "Zug", "modes_list": ["bus"]}, "geometry": {"type": "Point", "coordinates": [8.444855952928297, 47.16004671504844]}}, {"id": "12149", "type": "Feature", "properties": {"name": "H\u00fcnenberg, Schmiedheim", "lon": 8.426611164943386, "lat": 47.17191955521694, "stop_id": ["8593426.link:1890814", "8593426.link:1890815"], "lines": [{"line_id": "92-641-A-j24-1", "route_id": "348.TA.92-641-A-j24-1.5.R", "mode": "bus", "line_name": "641"}, {"line_id": "92-641-A-j24-1", "route_id": "215.TA.92-641-A-j24-1.4.R", "mode": "bus", "line_name": "641"}, {"line_id": "92-651-j24-1", "route_id": "50.TA.92-651-j24-1.36.H", "mode": "bus", "line_name": "651"}, {"line_id": "92-651-j24-1", "route_id": "25.TA.92-651-j24-1.18.H", "mode": "bus", "line_name": "651"}, {"line_id": "92-651-j24-1", "route_id": "98.TA.92-651-j24-1.38.R", "mode": "bus", "line_name": "651"}, {"line_id": "92-651-j24-1", "route_id": "90.TA.92-651-j24-1.22.R", "mode": "bus", "line_name": "651"}, {"line_id": "92-651-j24-1", "route_id": "125.TA.92-651-j24-1.39.R", "mode": "bus", "line_name": "651"}, {"line_id": "92-641-A-j24-1", "route_id": "82.TA.92-641-A-j24-1.3.H", "mode": "bus", "line_name": "641"}, {"line_id": "92-651-j24-1", "route_id": "129.TA.92-651-j24-1.39.R", "mode": "bus", "line_name": "651"}], "predominant_mode": "bus", "assigned_canton": "Zug", "modes_list": ["bus"]}, "geometry": {"type": "Point", "coordinates": [8.426611173284199, 47.17191956534484]}}, {"id": "12150", "type": "Feature", "properties": {"name": "H\u00fcnenberg, Seeblick", "lon": 8.44223286458262, "lat": 47.16060864497113, "stop_id": ["8588247.link:399504", "8588247.link:399505"], "lines": [{"line_id": "92-651-j24-1", "route_id": "98.TA.92-651-j24-1.38.R", "mode": "bus", "line_name": "651"}, {"line_id": "92-648-j24-1", "route_id": "243.TA.92-648-j24-1.10.R", "mode": "bus", "line_name": "648"}, {"line_id": "92-651-j24-1", "route_id": "90.TA.92-651-j24-1.22.R", "mode": "bus", "line_name": "651"}, {"line_id": "92-648-j24-1", "route_id": "280.TA.92-648-j24-1.11.R", "mode": "bus", "line_name": "648"}, {"line_id": "92-651-j24-1", "route_id": "125.TA.92-651-j24-1.39.R", "mode": "bus", "line_name": "651"}, {"line_id": "92-651-j24-1", "route_id": "129.TA.92-651-j24-1.39.R", "mode": "bus", "line_name": "651"}, {"line_id": "92-651-j24-1", "route_id": "79.TA.92-651-j24-1.21.R", "mode": "bus", "line_name": "651"}, {"line_id": "92-648-j24-1", "route_id": "203.TA.92-648-j24-1.9.R", "mode": "bus", "line_name": "648"}, {"line_id": "92-648-j24-1", "route_id": "41.TA.92-648-j24-1.5.H", "mode": "bus", "line_name": "648"}, {"line_id": "92-651-j24-1", "route_id": "50.TA.92-651-j24-1.36.H", "mode": "bus", "line_name": "651"}, {"line_id": "92-651-j24-1", "route_id": "25.TA.92-651-j24-1.18.H", "mode": "bus", "line_name": "651"}], "predominant_mode": "bus", "assigned_canton": "Zug", "modes_list": ["bus"]}, "geometry": {"type": "Point", "coordinates": [8.442232872942196, 47.160608655090606]}}, {"id": "12151", "type": "Feature", "properties": {"name": "H\u00fcnenberg, Zythus", "lon": 8.449410405031346, "lat": 47.174111834858984, "stop_id": ["8502862.link:1233434", "8502862.link:1233435"], "lines": [{"line_id": "92-648-j24-1", "route_id": "168.TA.92-648-j24-1.7.R", "mode": "bus", "line_name": "648"}, {"line_id": "92-648-j24-1", "route_id": "243.TA.92-648-j24-1.10.R", "mode": "bus", "line_name": "648"}, {"line_id": "92-648-j24-1", "route_id": "280.TA.92-648-j24-1.11.R", "mode": "bus", "line_name": "648"}, {"line_id": "92-648-j24-1", "route_id": "195.TA.92-648-j24-1.8.R", "mode": "bus", "line_name": "648"}, {"line_id": "92-648-j24-1", "route_id": "203.TA.92-648-j24-1.9.R", "mode": "bus", "line_name": "648"}, {"line_id": "92-648-j24-1", "route_id": "41.TA.92-648-j24-1.5.H", "mode": "bus", "line_name": "648"}, {"line_id": "92-648-j24-1", "route_id": "104.TA.92-648-j24-1.6.H", "mode": "bus", "line_name": "648"}], "predominant_mode": "bus", "assigned_canton": "Zug", "modes_list": ["bus"]}, "geometry": {"type": "Point", "coordinates": [8.44941041339402, 47.174111844981184]}}, {"id": "12388", "type": "Feature", "properties": {"name": "Inwil bei Baar, Ebel", "lon": 8.532747115350238, "lat": 47.182092433550416, "stop_id": ["8593409.link:1746522", "8593409.link:1746523"], "lines": [{"line_id": "92-614-j24-1", "route_id": "27.TA.92-614-j24-1.8.H", "mode": "bus", "line_name": "614"}, {"line_id": "92-614-j24-1", "route_id": "2.TA.92-614-j24-1.6.H", "mode": "bus", "line_name": "614"}, {"line_id": "92-614-j24-1", "route_id": "73.TA.92-614-j24-1.9.R", "mode": "bus", "line_name": "614"}, {"line_id": "92-614-j24-1", "route_id": "80.TA.92-614-j24-1.10.R", "mode": "bus", "line_name": "614"}], "predominant_mode": "bus", "assigned_canton": "Zug", "modes_list": ["bus"]}, "geometry": {"type": "Point", "coordinates": [8.532747123792475, 47.1820924436517]}}, {"id": "12389", "type": "Feature", "properties": {"name": "Inwil bei Baar, Huobhof", "lon": 8.532603385283288, "lat": 47.18005923355262, "stop_id": ["8588702.link:407557", "8588702.link:407558"], "lines": [{"line_id": "92-614-j24-1", "route_id": "27.TA.92-614-j24-1.8.H", "mode": "bus", "line_name": "614"}, {"line_id": "92-614-j24-1", "route_id": "2.TA.92-614-j24-1.6.H", "mode": "bus", "line_name": "614"}, {"line_id": "92-614-j24-1", "route_id": "73.TA.92-614-j24-1.9.R", "mode": "bus", "line_name": "614"}, {"line_id": "92-614-j24-1", "route_id": "80.TA.92-614-j24-1.10.R", "mode": "bus", "line_name": "614"}], "predominant_mode": "bus", "assigned_canton": "Zug", "modes_list": ["bus"]}, "geometry": {"type": "Point", "coordinates": [8.532603393725994, 47.18005924365321]}}, {"id": "12390", "type": "Feature", "properties": {"name": "Inwil bei Baar, Kirche", "lon": 8.535747495328929, "lat": 47.18138418350324, "stop_id": ["8587719.link:456495", "8587719.link:456496"], "lines": [{"line_id": "92-614-j24-1", "route_id": "73.TA.92-614-j24-1.9.R", "mode": "bus", "line_name": "614"}, {"line_id": "92-614-j24-1", "route_id": "80.TA.92-614-j24-1.10.R", "mode": "bus", "line_name": "614"}, {"line_id": "92-614-j24-1", "route_id": "27.TA.92-614-j24-1.8.H", "mode": "bus", "line_name": "614"}, {"line_id": "92-614-j24-1", "route_id": "2.TA.92-614-j24-1.6.H", "mode": "bus", "line_name": "614"}], "predominant_mode": "bus", "assigned_canton": "Zug", "modes_list": ["bus"]}, "geometry": {"type": "Point", "coordinates": [8.535747503774315, 47.1813841936034]}}, {"id": "12391", "type": "Feature", "properties": {"name": "Inwil bei Baar, Rigistrasse", "lon": 8.531624225441632, "lat": 47.18489482356812, "stop_id": ["8587326:0:A.link:1107613", "8587326:0:B.link:1107612", "8587326:0:C.link:1107608", "8587326:0:C.link:1107609"], "lines": [{"line_id": "92-604-B-j24-1", "route_id": "538.TA.92-604-B-j24-1.27.R", "mode": "bus", "line_name": "604"}, {"line_id": "92-604-B-j24-1", "route_id": "655.TA.92-604-B-j24-1.28.R", "mode": "bus", "line_name": "604"}, {"line_id": "92-604-B-j24-1", "route_id": "532.TA.92-604-B-j24-1.27.R", "mode": "bus", "line_name": "604"}, {"line_id": "92-604-B-j24-1", "route_id": "550.TA.92-604-B-j24-1.28.R", "mode": "bus", "line_name": "604"}, {"line_id": "92-N2-D-j24-1", "route_id": "1.TA.92-N2-D-j24-1.4.H", "mode": "bus", "line_name": "N2"}, {"line_id": "92-604-B-j24-1", "route_id": "201.TA.92-604-B-j24-1.25.H", "mode": "bus", "line_name": "604"}, {"line_id": "92-604-B-j24-1", "route_id": "165.TA.92-604-B-j24-1.25.H", "mode": "bus", "line_name": "604"}, {"line_id": "92-604-B-j24-1", "route_id": "41.TA.92-604-B-j24-1.24.H", "mode": "bus", "line_name": "604"}, {"line_id": "92-604-B-j24-1", "route_id": "91.TA.92-604-B-j24-1.25.H", "mode": "bus", "line_name": "604"}, {"line_id": "92-604-B-j24-1", "route_id": "29.TA.92-604-B-j24-1.23.H", "mode": "bus", "line_name": "604"}, {"line_id": "92-614-j24-1", "route_id": "27.TA.92-614-j24-1.8.H", "mode": "bus", "line_name": "614"}, {"line_id": "92-614-j24-1", "route_id": "2.TA.92-614-j24-1.6.H", "mode": "bus", "line_name": "614"}, {"line_id": "92-614-j24-1", "route_id": "73.TA.92-614-j24-1.9.R", "mode": "bus", "line_name": "614"}, {"line_id": "92-614-j24-1", "route_id": "80.TA.92-614-j24-1.10.R", "mode": "bus", "line_name": "614"}], "predominant_mode": "bus", "assigned_canton": "Zug", "modes_list": ["bus"]}, "geometry": {"type": "Point", "coordinates": [8.53162423388193, 47.184894833670704]}}, {"id": "12392", "type": "Feature", "properties": {"name": "Inwil bei Baar, Zuwebe", "lon": 8.53603495542767, "lat": 47.18438198349887, "stop_id": ["8593410.link:456489", "8593410.link:456490"], "lines": [{"line_id": "92-614-j24-1", "route_id": "73.TA.92-614-j24-1.9.R", "mode": "bus", "line_name": "614"}, {"line_id": "92-614-j24-1", "route_id": "80.TA.92-614-j24-1.10.R", "mode": "bus", "line_name": "614"}, {"line_id": "92-614-j24-1", "route_id": "27.TA.92-614-j24-1.8.H", "mode": "bus", "line_name": "614"}, {"line_id": "92-614-j24-1", "route_id": "2.TA.92-614-j24-1.6.H", "mode": "bus", "line_name": "614"}], "predominant_mode": "bus", "assigned_canton": "Zug", "modes_list": ["bus"]}, "geometry": {"type": "Point", "coordinates": [8.53603496387244, 47.18438199359999]}}, {"id": "17217", "type": "Feature", "properties": {"name": "Menzingen, Dorf", "lon": 8.590751335261837, "lat": 47.178251882639124, "stop_id": ["8502761.link:60155", "8502761.link:60156"], "lines": [{"line_id": "92-602-C-j24-1", "route_id": "1.TA.92-602-C-j24-1.2.R", "mode": "bus", "line_name": "602"}, {"line_id": "92-632-j24-1", "route_id": "226.TA.92-632-j24-1.7.R", "mode": "bus", "line_name": "632"}, {"line_id": "92-602-A-j24-1", "route_id": "199.TA.92-602-A-j24-1.8.R", "mode": "bus", "line_name": "602"}, {"line_id": "92-N2-D-j24-1", "route_id": "1.TA.92-N2-D-j24-1.4.H", "mode": "bus", "line_name": "N2"}, {"line_id": "92-602-A-j24-1", "route_id": "3.TA.92-602-A-j24-1.1.H", "mode": "bus", "line_name": "602"}, {"line_id": "92-602-A-j24-1", "route_id": "135.TA.92-602-A-j24-1.7.H", "mode": "bus", "line_name": "602"}, {"line_id": "92-602-A-j24-1", "route_id": "134.TA.92-602-A-j24-1.6.H", "mode": "bus", "line_name": "602"}, {"line_id": "92-632-j24-1", "route_id": "93.TA.92-632-j24-1.3.H", "mode": "bus", "line_name": "632"}], "predominant_mode": "bus", "assigned_canton": "Zug", "modes_list": ["bus"]}, "geometry": {"type": "Point", "coordinates": [8.590751343761942, 47.17825189272237]}}, {"id": "17218", "type": "Feature", "properties": {"name": "Menzingen, Kreuzegg", "lon": 8.60398351506762, "lat": 47.17208444243103, "stop_id": ["8577545.link:1467119", "8577545.link:1467123"], "lines": [{"line_id": "92-N2-D-j24-1", "route_id": "1.TA.92-N2-D-j24-1.4.H", "mode": "bus", "line_name": "N2"}, {"line_id": "92-602-A-j24-1", "route_id": "134.TA.92-602-A-j24-1.6.H", "mode": "bus", "line_name": "602"}, {"line_id": "92-602-A-j24-1", "route_id": "3.TA.92-602-A-j24-1.1.H", "mode": "bus", "line_name": "602"}, {"line_id": "92-602-A-j24-1", "route_id": "135.TA.92-602-A-j24-1.7.H", "mode": "bus", "line_name": "602"}, {"line_id": "92-602-C-j24-1", "route_id": "1.TA.92-602-C-j24-1.2.R", "mode": "bus", "line_name": "602"}, {"line_id": "92-602-A-j24-1", "route_id": "199.TA.92-602-A-j24-1.8.R", "mode": "bus", "line_name": "602"}], "predominant_mode": "bus", "assigned_canton": "Zug", "modes_list": ["bus"]}, "geometry": {"type": "Point", "coordinates": [8.60398352358249, 47.17208445250829]}}, {"id": "17219", "type": "Feature", "properties": {"name": "Menzingen, Moosstrasse", "lon": 8.600569925097561, "lat": 47.17306150248467, "stop_id": ["8577544.link:1362381", "8577544.link:1362382", "8577544.link:1362383", "8577544.link:1362384"], "lines": [{"line_id": "92-632-j24-1", "route_id": "93.TA.92-632-j24-1.3.H", "mode": "bus", "line_name": "632"}, {"line_id": "92-632-j24-1", "route_id": "226.TA.92-632-j24-1.7.R", "mode": "bus", "line_name": "632"}, {"line_id": "92-N2-D-j24-1", "route_id": "1.TA.92-N2-D-j24-1.4.H", "mode": "bus", "line_name": "N2"}, {"line_id": "92-602-A-j24-1", "route_id": "134.TA.92-602-A-j24-1.6.H", "mode": "bus", "line_name": "602"}, {"line_id": "92-602-A-j24-1", "route_id": "3.TA.92-602-A-j24-1.1.H", "mode": "bus", "line_name": "602"}, {"line_id": "92-602-A-j24-1", "route_id": "135.TA.92-602-A-j24-1.7.H", "mode": "bus", "line_name": "602"}, {"line_id": "92-602-C-j24-1", "route_id": "1.TA.92-602-C-j24-1.2.R", "mode": "bus", "line_name": "602"}, {"line_id": "92-602-A-j24-1", "route_id": "199.TA.92-602-A-j24-1.8.R", "mode": "bus", "line_name": "602"}], "predominant_mode": "bus", "assigned_canton": "Zug", "modes_list": ["bus"]}, "geometry": {"type": "Point", "coordinates": [8.600569933608805, 47.17306151256327]}}, {"id": "17220", "type": "Feature", "properties": {"name": "Menzingen, Weid", "lon": 8.594497305191789, "lat": 47.17604756258019, "stop_id": ["8577543.link:1812696", "8577543.link:1812697"], "lines": [{"line_id": "92-602-C-j24-1", "route_id": "1.TA.92-602-C-j24-1.2.R", "mode": "bus", "line_name": "602"}, {"line_id": "92-632-j24-1", "route_id": "226.TA.92-632-j24-1.7.R", "mode": "bus", "line_name": "632"}, {"line_id": "92-602-A-j24-1", "route_id": "199.TA.92-602-A-j24-1.8.R", "mode": "bus", "line_name": "602"}, {"line_id": "92-N2-D-j24-1", "route_id": "1.TA.92-N2-D-j24-1.4.H", "mode": "bus", "line_name": "N2"}, {"line_id": "92-602-A-j24-1", "route_id": "3.TA.92-602-A-j24-1.1.H", "mode": "bus", "line_name": "602"}, {"line_id": "92-602-A-j24-1", "route_id": "135.TA.92-602-A-j24-1.7.H", "mode": "bus", "line_name": "602"}, {"line_id": "92-602-A-j24-1", "route_id": "134.TA.92-602-A-j24-1.6.H", "mode": "bus", "line_name": "602"}, {"line_id": "92-632-j24-1", "route_id": "93.TA.92-632-j24-1.3.H", "mode": "bus", "line_name": "632"}], "predominant_mode": "bus", "assigned_canton": "Zug", "modes_list": ["bus"]}, "geometry": {"type": "Point", "coordinates": [8.594497313696214, 47.17604757266157]}}, {"id": "17221", "type": "Feature", "properties": {"name": "Menzingen,Institut/Bernardapl.", "lon": 8.58828096526527, "lat": 47.178404532677945, "stop_id": ["8502793.link:647363", "8502793.link:92034", "8502793.link:92035"], "lines": [{"line_id": "92-602-A-j24-1", "route_id": "137.TA.92-602-A-j24-1.4.R", "mode": "bus", "line_name": "602"}, {"line_id": "92-602-C-j24-1", "route_id": "1.TA.92-602-C-j24-1.2.R", "mode": "bus", "line_name": "602"}, {"line_id": "92-632-j24-1", "route_id": "226.TA.92-632-j24-1.7.R", "mode": "bus", "line_name": "632"}, {"line_id": "92-602-A-j24-1", "route_id": "199.TA.92-602-A-j24-1.8.R", "mode": "bus", "line_name": "602"}, {"line_id": "92-N2-D-j24-1", "route_id": "1.TA.92-N2-D-j24-1.4.H", "mode": "bus", "line_name": "N2"}, {"line_id": "92-602-A-j24-1", "route_id": "3.TA.92-602-A-j24-1.1.H", "mode": "bus", "line_name": "602"}, {"line_id": "92-602-A-j24-1", "route_id": "135.TA.92-602-A-j24-1.7.H", "mode": "bus", "line_name": "602"}, {"line_id": "92-602-A-j24-1", "route_id": "134.TA.92-602-A-j24-1.6.H", "mode": "bus", "line_name": "602"}, {"line_id": "92-632-j24-1", "route_id": "93.TA.92-632-j24-1.3.H", "mode": "bus", "line_name": "632"}], "predominant_mode": "bus", "assigned_canton": "Zug", "modes_list": ["bus"]}, "geometry": {"type": "Point", "coordinates": [8.588280973762918, 47.17840454276196]}}, {"id": "17812", "type": "Feature", "properties": {"name": "Morgarten Denkmal (See)", "lon": 8.641299532927816, "lat": 47.10616411184159, "stop_id": ["8530634.link:pt_8530634"], "lines": [{"line_id": "94-16-Y-j24-1", "route_id": "7.TA.94-16-Y-j24-1.3.H", "mode": "ferry", "line_name": "BAT"}, {"line_id": "94-16-Y-j24-1", "route_id": "2.TA.94-16-Y-j24-1.2.H", "mode": "ferry", "line_name": "BAT"}], "predominant_mode": "ferry", "assigned_canton": "Zug", "modes_list": ["ferry"]}, "geometry": {"type": "Point", "coordinates": [8.6412995414989, 47.10616412188459]}}, {"id": "17813", "type": "Feature", "properties": {"name": "Morgarten Hotel (See)", "lon": 8.640032912849447, "lat": 47.10379782186134, "stop_id": ["8530635.link:pt_8530635"], "lines": [{"line_id": "94-16-Y-j24-1", "route_id": "7.TA.94-16-Y-j24-1.3.H", "mode": "ferry", "line_name": "BAT"}, {"line_id": "94-16-Y-j24-1", "route_id": "2.TA.94-16-Y-j24-1.2.H", "mode": "ferry", "line_name": "BAT"}], "predominant_mode": "ferry", "assigned_canton": "Zug", "modes_list": ["ferry"]}, "geometry": {"type": "Point", "coordinates": [8.640032921420007, 47.10379783190387]}}, {"id": "17814", "type": "Feature", "properties": {"name": "Morgarten, Denkmal", "lon": 8.641479192932325, "lat": 47.10629862183877, "stop_id": ["8577600.link:1187973", "8577600.link:1187974"], "lines": [{"line_id": "92-609-j24-1", "route_id": "90.TA.92-609-j24-1.4.R", "mode": "bus", "line_name": "609"}, {"line_id": "92-609-j24-1", "route_id": "120.TA.92-609-j24-1.5.R", "mode": "bus", "line_name": "609"}, {"line_id": "92-609-j24-1", "route_id": "150.TA.92-609-j24-1.6.R", "mode": "bus", "line_name": "609"}, {"line_id": "92-609-j24-1", "route_id": "81.TA.92-609-j24-1.3.H", "mode": "bus", "line_name": "609"}, {"line_id": "92-609-j24-1", "route_id": "45.TA.92-609-j24-1.2.H", "mode": "bus", "line_name": "609"}, {"line_id": "92-609-j24-1", "route_id": "17.TA.92-609-j24-1.2.H", "mode": "bus", "line_name": "609"}, {"line_id": "92-609-j24-1", "route_id": "5.TA.92-609-j24-1.1.H", "mode": "bus", "line_name": "609"}, {"line_id": "92-609-j24-1", "route_id": "10.TA.92-609-j24-1.2.H", "mode": "bus", "line_name": "609"}], "predominant_mode": "bus", "assigned_canton": "Zug", "modes_list": ["bus"]}, "geometry": {"type": "Point", "coordinates": [8.641479201503545, 47.10629863188183]}}, {"id": "17815", "type": "Feature", "properties": {"name": "Morgarten, Eierhals", "lon": 8.640922243263889, "lat": 47.11642293184808, "stop_id": ["8577598.link:1337648", "8577598.link:1337649"], "lines": [{"line_id": "92-609-j24-1", "route_id": "90.TA.92-609-j24-1.4.R", "mode": "bus", "line_name": "609"}, {"line_id": "92-609-j24-1", "route_id": "120.TA.92-609-j24-1.5.R", "mode": "bus", "line_name": "609"}, {"line_id": "92-609-j24-1", "route_id": "150.TA.92-609-j24-1.6.R", "mode": "bus", "line_name": "609"}, {"line_id": "92-609-j24-1", "route_id": "81.TA.92-609-j24-1.3.H", "mode": "bus", "line_name": "609"}, {"line_id": "92-609-j24-1", "route_id": "45.TA.92-609-j24-1.2.H", "mode": "bus", "line_name": "609"}, {"line_id": "92-609-j24-1", "route_id": "17.TA.92-609-j24-1.2.H", "mode": "bus", "line_name": "609"}, {"line_id": "92-609-j24-1", "route_id": "5.TA.92-609-j24-1.1.H", "mode": "bus", "line_name": "609"}, {"line_id": "92-609-j24-1", "route_id": "10.TA.92-609-j24-1.2.H", "mode": "bus", "line_name": "609"}], "predominant_mode": "bus", "assigned_canton": "Zug", "modes_list": ["bus"]}, "geometry": {"type": "Point", "coordinates": [8.640922251831526, 47.116422941894854]}}, {"id": "17816", "type": "Feature", "properties": {"name": "Morgarten, Haselmatt", "lon": 8.642772773078631, "lat": 47.11073742181875, "stop_id": ["8577599.link:1187981", "8577599.link:1187982"], "lines": [{"line_id": "92-609-j24-1", "route_id": "90.TA.92-609-j24-1.4.R", "mode": "bus", "line_name": "609"}, {"line_id": "92-609-j24-1", "route_id": "120.TA.92-609-j24-1.5.R", "mode": "bus", "line_name": "609"}, {"line_id": "92-609-j24-1", "route_id": "150.TA.92-609-j24-1.6.R", "mode": "bus", "line_name": "609"}, {"line_id": "92-609-j24-1", "route_id": "81.TA.92-609-j24-1.3.H", "mode": "bus", "line_name": "609"}, {"line_id": "92-609-j24-1", "route_id": "45.TA.92-609-j24-1.2.H", "mode": "bus", "line_name": "609"}, {"line_id": "92-609-j24-1", "route_id": "17.TA.92-609-j24-1.2.H", "mode": "bus", "line_name": "609"}, {"line_id": "92-609-j24-1", "route_id": "5.TA.92-609-j24-1.1.H", "mode": "bus", "line_name": "609"}, {"line_id": "92-609-j24-1", "route_id": "10.TA.92-609-j24-1.2.H", "mode": "bus", "line_name": "609"}], "predominant_mode": "bus", "assigned_canton": "Zug", "modes_list": ["bus"]}, "geometry": {"type": "Point", "coordinates": [8.642772781649779, 47.11073743186299]}}, {"id": "17817", "type": "Feature", "properties": {"name": "Morgarten, Hotel", "lon": 8.640239522847992, "lat": 47.10374890185809, "stop_id": ["8502692.link:215895", "8502692.link:215896", "8502692.link:215901"], "lines": [{"line_id": "92-609-j24-1", "route_id": "120.TA.92-609-j24-1.5.R", "mode": "bus", "line_name": "609"}, {"line_id": "92-609-j24-1", "route_id": "150.TA.92-609-j24-1.6.R", "mode": "bus", "line_name": "609"}, {"line_id": "92-609-j24-1", "route_id": "81.TA.92-609-j24-1.3.H", "mode": "bus", "line_name": "609"}, {"line_id": "92-609-j24-1", "route_id": "45.TA.92-609-j24-1.2.H", "mode": "bus", "line_name": "609"}, {"line_id": "92-609-j24-1", "route_id": "17.TA.92-609-j24-1.2.H", "mode": "bus", "line_name": "609"}, {"line_id": "92-609-j24-1", "route_id": "5.TA.92-609-j24-1.1.H", "mode": "bus", "line_name": "609"}, {"line_id": "92-609-j24-1", "route_id": "10.TA.92-609-j24-1.2.H", "mode": "bus", "line_name": "609"}, {"line_id": "92-609-j24-1", "route_id": "90.TA.92-609-j24-1.4.R", "mode": "bus", "line_name": "609"}], "predominant_mode": "bus", "assigned_canton": "Zug", "modes_list": ["bus"]}, "geometry": {"type": "Point", "coordinates": [8.640239531418773, 47.103748911900546]}}, {"id": "17818", "type": "Feature", "properties": {"name": "Morgarten, Oberb\u00fcel", "lon": 8.635927613476474, "lat": 47.12300026192691, "stop_id": ["8577597.link:1882717", "8577597.link:1882718"], "lines": [{"line_id": "92-609-j24-1", "route_id": "90.TA.92-609-j24-1.4.R", "mode": "bus", "line_name": "609"}, {"line_id": "92-609-j24-1", "route_id": "120.TA.92-609-j24-1.5.R", "mode": "bus", "line_name": "609"}, {"line_id": "92-609-j24-1", "route_id": "150.TA.92-609-j24-1.6.R", "mode": "bus", "line_name": "609"}, {"line_id": "92-609-j24-1", "route_id": "81.TA.92-609-j24-1.3.H", "mode": "bus", "line_name": "609"}, {"line_id": "92-609-j24-1", "route_id": "45.TA.92-609-j24-1.2.H", "mode": "bus", "line_name": "609"}, {"line_id": "92-609-j24-1", "route_id": "17.TA.92-609-j24-1.2.H", "mode": "bus", "line_name": "609"}, {"line_id": "92-609-j24-1", "route_id": "5.TA.92-609-j24-1.1.H", "mode": "bus", "line_name": "609"}, {"line_id": "92-609-j24-1", "route_id": "10.TA.92-609-j24-1.2.H", "mode": "bus", "line_name": "609"}], "predominant_mode": "bus", "assigned_canton": "Zug", "modes_list": ["bus"]}, "geometry": {"type": "Point", "coordinates": [8.635927622037265, 47.12300027197752]}}, {"id": "17819", "type": "Feature", "properties": {"name": "Morgarten, Sydefade", "lon": 8.635900662669894, "lat": 47.098398371925946, "stop_id": ["8577601.link:1365415", "8577601.link:1365416"], "lines": [{"line_id": "92-609-j24-1", "route_id": "120.TA.92-609-j24-1.5.R", "mode": "bus", "line_name": "609"}, {"line_id": "92-609-j24-1", "route_id": "150.TA.92-609-j24-1.6.R", "mode": "bus", "line_name": "609"}, {"line_id": "92-609-j24-1", "route_id": "17.TA.92-609-j24-1.2.H", "mode": "bus", "line_name": "609"}, {"line_id": "92-609-j24-1", "route_id": "81.TA.92-609-j24-1.3.H", "mode": "bus", "line_name": "609"}, {"line_id": "92-609-j24-1", "route_id": "10.TA.92-609-j24-1.2.H", "mode": "bus", "line_name": "609"}, {"line_id": "92-609-j24-1", "route_id": "45.TA.92-609-j24-1.2.H", "mode": "bus", "line_name": "609"}], "predominant_mode": "bus", "assigned_canton": "Zug", "modes_list": ["bus"]}, "geometry": {"type": "Point", "coordinates": [8.635900671238048, 47.09839838196772]}}, {"id": "18493", "type": "Feature", "properties": {"name": "Naas (See)", "lon": 8.621392863184033, "lat": 47.114362772154784, "stop_id": ["8530636.link:pt_8530636"], "lines": [{"line_id": "94-16-Y-j24-1", "route_id": "7.TA.94-16-Y-j24-1.3.H", "mode": "ferry", "line_name": "BAT"}, {"line_id": "94-16-Y-j24-1", "route_id": "2.TA.94-16-Y-j24-1.2.H", "mode": "ferry", "line_name": "BAT"}], "predominant_mode": "ferry", "assigned_canton": "Zug", "modes_list": ["ferry"]}, "geometry": {"type": "Point", "coordinates": [8.62139287173325, 47.11436278220651]}}, {"id": "18782", "type": "Feature", "properties": {"name": "Neuheim, Baarburgrank", "lon": 8.562301686083744, "lat": 47.20380556308693, "stop_id": ["8588245.link:1060240", "8588245.link:1060241"], "lines": [{"line_id": "92-N2-D-j24-1", "route_id": "1.TA.92-N2-D-j24-1.4.H", "mode": "bus", "line_name": "N2"}, {"line_id": "92-632-j24-1", "route_id": "79.TA.92-632-j24-1.8.H", "mode": "bus", "line_name": "632"}, {"line_id": "92-632-j24-1", "route_id": "93.TA.92-632-j24-1.3.H", "mode": "bus", "line_name": "632"}, {"line_id": "92-632-j24-1", "route_id": "41.TA.92-632-j24-1.1.H", "mode": "bus", "line_name": "632"}, {"line_id": "92-632-j24-1", "route_id": "226.TA.92-632-j24-1.7.R", "mode": "bus", "line_name": "632"}, {"line_id": "92-632-j24-1", "route_id": "187.TA.92-632-j24-1.9.R", "mode": "bus", "line_name": "632"}, {"line_id": "92-632-j24-1", "route_id": "174.TA.92-632-j24-1.5.R", "mode": "bus", "line_name": "632"}, {"line_id": "92-632-j24-1", "route_id": "139.TA.92-632-j24-1.4.R", "mode": "bus", "line_name": "632"}], "predominant_mode": "bus", "assigned_canton": "Zug", "modes_list": ["bus"]}, "geometry": {"type": "Point", "coordinates": [8.562301694548367, 47.20380557318729]}}, {"id": "18783", "type": "Feature", "properties": {"name": "Neuheim, Dorf", "lon": 8.57600998610206, "lat": 47.204092402871574, "stop_id": ["8502995.link:1516809", "8502995.link:719175", "8502995.link:719176"], "lines": [{"line_id": "92-632-j24-1", "route_id": "41.TA.92-632-j24-1.1.H", "mode": "bus", "line_name": "632"}, {"line_id": "92-N2-D-j24-1", "route_id": "1.TA.92-N2-D-j24-1.4.H", "mode": "bus", "line_name": "N2"}, {"line_id": "92-632-j24-1", "route_id": "79.TA.92-632-j24-1.8.H", "mode": "bus", "line_name": "632"}, {"line_id": "92-632-j24-1", "route_id": "174.TA.92-632-j24-1.5.R", "mode": "bus", "line_name": "632"}, {"line_id": "92-632-j24-1", "route_id": "187.TA.92-632-j24-1.9.R", "mode": "bus", "line_name": "632"}, {"line_id": "92-632-j24-1", "route_id": "226.TA.92-632-j24-1.7.R", "mode": "bus", "line_name": "632"}, {"line_id": "92-632-j24-1", "route_id": "93.TA.92-632-j24-1.3.H", "mode": "bus", "line_name": "632"}, {"line_id": "92-632-j24-1", "route_id": "139.TA.92-632-j24-1.4.R", "mode": "bus", "line_name": "632"}], "predominant_mode": "bus", "assigned_canton": "Zug", "modes_list": ["bus"]}, "geometry": {"type": "Point", "coordinates": [8.576009994579978, 47.20409241296808]}}, {"id": "18784", "type": "Feature", "properties": {"name": "Neuheim, Falken", "lon": 8.573889955943908, "lat": 47.199325702904716, "stop_id": ["8577569.link:349218", "8577569.link:349219"], "lines": [{"line_id": "92-632-j24-1", "route_id": "226.TA.92-632-j24-1.7.R", "mode": "bus", "line_name": "632"}, {"line_id": "92-632-j24-1", "route_id": "93.TA.92-632-j24-1.3.H", "mode": "bus", "line_name": "632"}], "predominant_mode": "bus", "assigned_canton": "Zug", "modes_list": ["bus"]}, "geometry": {"type": "Point", "coordinates": [8.573889964421198, 47.199325713000164]}}, {"id": "18785", "type": "Feature", "properties": {"name": "Neuheim, Felderhus", "lon": 8.573449785980744, "lat": 47.20045485291166, "stop_id": ["8593427.link:231940", "8593427.link:231941"], "lines": [{"line_id": "92-N2-D-j24-1", "route_id": "1.TA.92-N2-D-j24-1.4.H", "mode": "bus", "line_name": "N2"}, {"line_id": "92-632-j24-1", "route_id": "79.TA.92-632-j24-1.8.H", "mode": "bus", "line_name": "632"}, {"line_id": "92-632-j24-1", "route_id": "226.TA.92-632-j24-1.7.R", "mode": "bus", "line_name": "632"}, {"line_id": "92-632-j24-1", "route_id": "187.TA.92-632-j24-1.9.R", "mode": "bus", "line_name": "632"}, {"line_id": "92-632-j24-1", "route_id": "174.TA.92-632-j24-1.5.R", "mode": "bus", "line_name": "632"}, {"line_id": "92-632-j24-1", "route_id": "93.TA.92-632-j24-1.3.H", "mode": "bus", "line_name": "632"}, {"line_id": "92-632-j24-1", "route_id": "41.TA.92-632-j24-1.1.H", "mode": "bus", "line_name": "632"}, {"line_id": "92-632-j24-1", "route_id": "79.TA.92-632-j24-1.8.H", "mode": "bus", "line_name": "632"}, {"line_id": "92-632-j24-1", "route_id": "226.TA.92-632-j24-1.7.R", "mode": "bus", "line_name": "632"}, {"line_id": "92-632-j24-1", "route_id": "187.TA.92-632-j24-1.9.R", "mode": "bus", "line_name": "632"}, {"line_id": "92-632-j24-1", "route_id": "174.TA.92-632-j24-1.5.R", "mode": "bus", "line_name": "632"}, {"line_id": "92-632-j24-1", "route_id": "139.TA.92-632-j24-1.4.R", "mode": "bus", "line_name": "632"}, {"line_id": "92-632-j24-1", "route_id": "93.TA.92-632-j24-1.3.H", "mode": "bus", "line_name": "632"}], "predominant_mode": "bus", "assigned_canton": "Zug", "modes_list": ["bus"]}, "geometry": {"type": "Point", "coordinates": [8.573449794457263, 47.20045486300765]}}, {"id": "18786", "type": "Feature", "properties": {"name": "Neuheim, Hinterburg", "lon": 8.570557205889534, "lat": 47.19773874295702, "stop_id": ["8577570.link:1516800", "8577570.link:1516801"], "lines": [{"line_id": "92-N2-D-j24-1", "route_id": "1.TA.92-N2-D-j24-1.4.H", "mode": "bus", "line_name": "N2"}, {"line_id": "92-632-j24-1", "route_id": "79.TA.92-632-j24-1.8.H", "mode": "bus", "line_name": "632"}, {"line_id": "92-632-j24-1", "route_id": "93.TA.92-632-j24-1.3.H", "mode": "bus", "line_name": "632"}, {"line_id": "92-632-j24-1", "route_id": "41.TA.92-632-j24-1.1.H", "mode": "bus", "line_name": "632"}, {"line_id": "92-632-j24-1", "route_id": "226.TA.92-632-j24-1.7.R", "mode": "bus", "line_name": "632"}, {"line_id": "92-632-j24-1", "route_id": "187.TA.92-632-j24-1.9.R", "mode": "bus", "line_name": "632"}, {"line_id": "92-632-j24-1", "route_id": "174.TA.92-632-j24-1.5.R", "mode": "bus", "line_name": "632"}, {"line_id": "92-632-j24-1", "route_id": "139.TA.92-632-j24-1.4.R", "mode": "bus", "line_name": "632"}], "predominant_mode": "bus", "assigned_canton": "Zug", "modes_list": ["bus"]}, "geometry": {"type": "Point", "coordinates": [8.570557214364046, 47.19773875305286]}}, {"id": "18787", "type": "Feature", "properties": {"name": "Neuheim, Sarbach", "lon": 8.581049526111952, "lat": 47.204293802792435, "stop_id": ["8577568.link:349242", "8577568.link:349243"], "lines": [{"line_id": "92-632-j24-1", "route_id": "79.TA.92-632-j24-1.8.H", "mode": "bus", "line_name": "632"}, {"line_id": "92-632-j24-1", "route_id": "174.TA.92-632-j24-1.5.R", "mode": "bus", "line_name": "632"}, {"line_id": "92-632-j24-1", "route_id": "187.TA.92-632-j24-1.9.R", "mode": "bus", "line_name": "632"}], "predominant_mode": "bus", "assigned_canton": "Zug", "modes_list": ["bus"]}, "geometry": {"type": "Point", "coordinates": [8.581049534594726, 47.20429381288756]}}, {"id": "18788", "type": "Feature", "properties": {"name": "Neuheim, Tal", "lon": 8.585918396193403, "lat": 47.20667393271602, "stop_id": ["8577567.link:897732", "8577567.link:897733"], "lines": [{"line_id": "92-632-j24-1", "route_id": "79.TA.92-632-j24-1.8.H", "mode": "bus", "line_name": "632"}, {"line_id": "92-632-j24-1", "route_id": "174.TA.92-632-j24-1.5.R", "mode": "bus", "line_name": "632"}, {"line_id": "92-632-j24-1", "route_id": "187.TA.92-632-j24-1.9.R", "mode": "bus", "line_name": "632"}], "predominant_mode": "bus", "assigned_canton": "Zug", "modes_list": ["bus"]}, "geometry": {"type": "Point", "coordinates": [8.585918404680202, 47.20667394281055]}}, {"id": "18845", "type": "Feature", "properties": {"name": "Neu\u00e4geri, Alte Post", "lon": 8.56331678437646, "lat": 47.15184286306898, "stop_id": ["8502285.link:448533", "8502285.link:448534"], "lines": [{"line_id": "92-N1-D-j24-1", "route_id": "1.TA.92-N1-D-j24-1.6.H", "mode": "bus", "line_name": "N1"}, {"line_id": "92-634-j24-1", "route_id": "6.TA.92-634-j24-1.3.H", "mode": "bus", "line_name": "634"}, {"line_id": "92-634-j24-1", "route_id": "98.TA.92-634-j24-1.4.H", "mode": "bus", "line_name": "634"}, {"line_id": "92-634-j24-1", "route_id": "32.TA.92-634-j24-1.4.H", "mode": "bus", "line_name": "634"}, {"line_id": "92-612-C-j24-1", "route_id": "4.TA.92-612-C-j24-1.7.H", "mode": "bus", "line_name": "612"}, {"line_id": "92-612-C-j24-1", "route_id": "6.TA.92-612-C-j24-1.8.H", "mode": "bus", "line_name": "612"}, {"line_id": "92-634-j24-1", "route_id": "14.TA.92-634-j24-1.4.H", "mode": "bus", "line_name": "634"}, {"line_id": "92-634-j24-1", "route_id": "139.TA.92-634-j24-1.5.R", "mode": "bus", "line_name": "634"}, {"line_id": "92-612-C-j24-1", "route_id": "36.TA.92-612-C-j24-1.10.R", "mode": "bus", "line_name": "612"}, {"line_id": "92-634-j24-1", "route_id": "152.TA.92-634-j24-1.5.R", "mode": "bus", "line_name": "634"}, {"line_id": "92-634-j24-1", "route_id": "162.TA.92-634-j24-1.5.R", "mode": "bus", "line_name": "634"}, {"line_id": "92-612-C-j24-1", "route_id": "20.TA.92-612-C-j24-1.9.R", "mode": "bus", "line_name": "612"}], "predominant_mode": "bus", "assigned_canton": "Zug", "modes_list": ["bus"]}, "geometry": {"type": "Point", "coordinates": [8.563316792857684, 47.151842873150834]}}, {"id": "18846", "type": "Feature", "properties": {"name": "Neu\u00e4geri, R\u00f6ssli", "lon": 8.565409864250267, "lat": 47.14795735303591, "stop_id": ["8502297.link:448543", "8502297.link:448544"], "lines": [{"line_id": "92-N1-D-j24-1", "route_id": "1.TA.92-N1-D-j24-1.6.H", "mode": "bus", "line_name": "N1"}, {"line_id": "92-634-j24-1", "route_id": "6.TA.92-634-j24-1.3.H", "mode": "bus", "line_name": "634"}, {"line_id": "92-634-j24-1", "route_id": "98.TA.92-634-j24-1.4.H", "mode": "bus", "line_name": "634"}, {"line_id": "92-634-j24-1", "route_id": "32.TA.92-634-j24-1.4.H", "mode": "bus", "line_name": "634"}, {"line_id": "92-612-C-j24-1", "route_id": "4.TA.92-612-C-j24-1.7.H", "mode": "bus", "line_name": "612"}, {"line_id": "92-612-C-j24-1", "route_id": "6.TA.92-612-C-j24-1.8.H", "mode": "bus", "line_name": "612"}, {"line_id": "92-634-j24-1", "route_id": "14.TA.92-634-j24-1.4.H", "mode": "bus", "line_name": "634"}, {"line_id": "92-634-j24-1", "route_id": "139.TA.92-634-j24-1.5.R", "mode": "bus", "line_name": "634"}, {"line_id": "92-612-C-j24-1", "route_id": "36.TA.92-612-C-j24-1.10.R", "mode": "bus", "line_name": "612"}, {"line_id": "92-634-j24-1", "route_id": "152.TA.92-634-j24-1.5.R", "mode": "bus", "line_name": "634"}, {"line_id": "92-634-j24-1", "route_id": "162.TA.92-634-j24-1.5.R", "mode": "bus", "line_name": "634"}, {"line_id": "92-612-C-j24-1", "route_id": "20.TA.92-612-C-j24-1.9.R", "mode": "bus", "line_name": "612"}], "predominant_mode": "bus", "assigned_canton": "Zug", "modes_list": ["bus"]}, "geometry": {"type": "Point", "coordinates": [8.565409872734703, 47.14795736311578]}}, {"id": "18847", "type": "Feature", "properties": {"name": "Neu\u00e4geri, Schmittli", "lon": 8.561062014452647, "lat": 47.15420701310453, "stop_id": ["8577536.link:431173", "8577536.link:431174"], "lines": [{"line_id": "92-N1-D-j24-1", "route_id": "1.TA.92-N1-D-j24-1.6.H", "mode": "bus", "line_name": "N1"}, {"line_id": "92-634-j24-1", "route_id": "6.TA.92-634-j24-1.3.H", "mode": "bus", "line_name": "634"}, {"line_id": "92-634-j24-1", "route_id": "98.TA.92-634-j24-1.4.H", "mode": "bus", "line_name": "634"}, {"line_id": "92-634-j24-1", "route_id": "32.TA.92-634-j24-1.4.H", "mode": "bus", "line_name": "634"}, {"line_id": "92-612-C-j24-1", "route_id": "4.TA.92-612-C-j24-1.7.H", "mode": "bus", "line_name": "612"}, {"line_id": "92-612-C-j24-1", "route_id": "6.TA.92-612-C-j24-1.8.H", "mode": "bus", "line_name": "612"}, {"line_id": "92-634-j24-1", "route_id": "14.TA.92-634-j24-1.4.H", "mode": "bus", "line_name": "634"}, {"line_id": "92-634-j24-1", "route_id": "139.TA.92-634-j24-1.5.R", "mode": "bus", "line_name": "634"}, {"line_id": "92-612-C-j24-1", "route_id": "36.TA.92-612-C-j24-1.10.R", "mode": "bus", "line_name": "612"}, {"line_id": "92-634-j24-1", "route_id": "152.TA.92-634-j24-1.5.R", "mode": "bus", "line_name": "634"}, {"line_id": "92-634-j24-1", "route_id": "162.TA.92-634-j24-1.5.R", "mode": "bus", "line_name": "634"}, {"line_id": "92-612-C-j24-1", "route_id": "20.TA.92-612-C-j24-1.9.R", "mode": "bus", "line_name": "612"}], "predominant_mode": "bus", "assigned_canton": "Zug", "modes_list": ["bus"]}, "geometry": {"type": "Point", "coordinates": [8.561062022930958, 47.154207023187865]}}, {"id": "19582", "type": "Feature", "properties": {"name": "Oberwil b. Zug, Bahnhof", "lon": 8.509507704209984, "lat": 47.14785960391399, "stop_id": ["8593442.link:299679"], "lines": [{"line_id": "92-611-B-j24-1", "route_id": "325.TA.92-611-B-j24-1.12.R", "mode": "bus", "line_name": "611"}], "predominant_mode": "bus", "assigned_canton": "Zug", "modes_list": ["bus"]}, "geometry": {"type": "Point", "coordinates": [8.50950771263962, 47.14785961400981]}}, {"id": "19583", "type": "Feature", "properties": {"name": "Oberwil b. Zug, Fuchsloch", "lon": 8.510989924057522, "lat": 47.14318561389045, "stop_id": ["8593438.link:1621974", "8593438.link:1621975"], "lines": [{"line_id": "92-611-B-j24-1", "route_id": "12.TA.92-611-B-j24-1.9.H", "mode": "bus", "line_name": "611"}, {"line_id": "92-611-B-j24-1", "route_id": "183.TA.92-611-B-j24-1.9.H", "mode": "bus", "line_name": "611"}, {"line_id": "92-611-B-j24-1", "route_id": "4.TA.92-611-B-j24-1.8.H", "mode": "bus", "line_name": "611"}, {"line_id": "92-611-B-j24-1", "route_id": "48.TA.92-611-B-j24-1.9.H", "mode": "bus", "line_name": "611"}, {"line_id": "92-611-B-j24-1", "route_id": "199.TA.92-611-B-j24-1.10.R", "mode": "bus", "line_name": "611"}, {"line_id": "92-611-B-j24-1", "route_id": "242.TA.92-611-B-j24-1.11.R", "mode": "bus", "line_name": "611"}, {"line_id": "92-611-B-j24-1", "route_id": "325.TA.92-611-B-j24-1.12.R", "mode": "bus", "line_name": "611"}, {"line_id": "92-611-B-j24-1", "route_id": "282.TA.92-611-B-j24-1.11.R", "mode": "bus", "line_name": "611"}], "predominant_mode": "bus", "assigned_canton": "Zug", "modes_list": ["bus"]}, "geometry": {"type": "Point", "coordinates": [8.510989932489997, 47.14318562398418]}}, {"id": "19584", "type": "Feature", "properties": {"name": "Oberwil b. Zug, Kreuz", "lon": 8.507145134240082, "lat": 47.1488248939511, "stop_id": ["8577547.link:177017", "8577547.link:177018"], "lines": [{"line_id": "92-605-A-j24-1", "route_id": "107.TA.92-605-A-j24-1.4.R", "mode": "bus", "line_name": "605"}, {"line_id": "92-611-B-j24-1", "route_id": "199.TA.92-611-B-j24-1.10.R", "mode": "bus", "line_name": "611"}, {"line_id": "92-611-B-j24-1", "route_id": "282.TA.92-611-B-j24-1.11.R", "mode": "bus", "line_name": "611"}, {"line_id": "92-611-B-j24-1", "route_id": "242.TA.92-611-B-j24-1.11.R", "mode": "bus", "line_name": "611"}, {"line_id": "92-605-A-j24-1", "route_id": "74.TA.92-605-A-j24-1.4.R", "mode": "bus", "line_name": "605"}, {"line_id": "92-611-B-j24-1", "route_id": "4.TA.92-611-B-j24-1.8.H", "mode": "bus", "line_name": "611"}, {"line_id": "92-N5-A-j24-1", "route_id": "1.TA.92-N5-A-j24-1.8.H", "mode": "bus", "line_name": "N5"}, {"line_id": "92-611-B-j24-1", "route_id": "12.TA.92-611-B-j24-1.9.H", "mode": "bus", "line_name": "611"}, {"line_id": "92-605-A-j24-1", "route_id": "38.TA.92-605-A-j24-1.3.H", "mode": "bus", "line_name": "605"}, {"line_id": "92-611-B-j24-1", "route_id": "183.TA.92-611-B-j24-1.9.H", "mode": "bus", "line_name": "611"}, {"line_id": "92-605-A-j24-1", "route_id": "14.TA.92-605-A-j24-1.3.H", "mode": "bus", "line_name": "605"}, {"line_id": "92-611-B-j24-1", "route_id": "48.TA.92-611-B-j24-1.9.H", "mode": "bus", "line_name": "611"}], "predominant_mode": "bus", "assigned_canton": "Zug", "modes_list": ["bus"]}, "geometry": {"type": "Point", "coordinates": [8.507145142667106, 47.14882490404798]}}, {"id": "19585", "type": "Feature", "properties": {"name": "Oberwil b. Zug, Leimatt", "lon": 8.509139394091774, "lat": 47.144267083919566, "stop_id": ["8593439.link:1621970", "8593439.link:1621971"], "lines": [{"line_id": "92-611-B-j24-1", "route_id": "12.TA.92-611-B-j24-1.9.H", "mode": "bus", "line_name": "611"}, {"line_id": "92-611-B-j24-1", "route_id": "183.TA.92-611-B-j24-1.9.H", "mode": "bus", "line_name": "611"}, {"line_id": "92-611-B-j24-1", "route_id": "4.TA.92-611-B-j24-1.8.H", "mode": "bus", "line_name": "611"}, {"line_id": "92-611-B-j24-1", "route_id": "48.TA.92-611-B-j24-1.9.H", "mode": "bus", "line_name": "611"}, {"line_id": "92-611-B-j24-1", "route_id": "199.TA.92-611-B-j24-1.10.R", "mode": "bus", "line_name": "611"}, {"line_id": "92-611-B-j24-1", "route_id": "242.TA.92-611-B-j24-1.11.R", "mode": "bus", "line_name": "611"}, {"line_id": "92-611-B-j24-1", "route_id": "325.TA.92-611-B-j24-1.12.R", "mode": "bus", "line_name": "611"}, {"line_id": "92-611-B-j24-1", "route_id": "282.TA.92-611-B-j24-1.11.R", "mode": "bus", "line_name": "611"}], "predominant_mode": "bus", "assigned_canton": "Zug", "modes_list": ["bus"]}, "geometry": {"type": "Point", "coordinates": [8.509139402522111, 47.14426709401422]}}, {"id": "19586", "type": "Feature", "properties": {"name": "Oberwil b. Zug, Murpfli", "lon": 8.499177073583223, "lat": 47.12897783407527, "stop_id": ["8577550.link:1650687", "8577550.link:1650688"], "lines": [{"line_id": "92-605-A-j24-1", "route_id": "107.TA.92-605-A-j24-1.4.R", "mode": "bus", "line_name": "605"}, {"line_id": "92-605-A-j24-1", "route_id": "74.TA.92-605-A-j24-1.4.R", "mode": "bus", "line_name": "605"}, {"line_id": "92-605-A-j24-1", "route_id": "38.TA.92-605-A-j24-1.3.H", "mode": "bus", "line_name": "605"}, {"line_id": "92-605-A-j24-1", "route_id": "14.TA.92-605-A-j24-1.3.H", "mode": "bus", "line_name": "605"}, {"line_id": "92-N5-A-j24-1", "route_id": "1.TA.92-N5-A-j24-1.8.H", "mode": "bus", "line_name": "N5"}], "predominant_mode": "bus", "assigned_canton": "Zug", "modes_list": ["bus"]}, "geometry": {"type": "Point", "coordinates": [8.499177082008282, 47.12897784416729]}}, {"id": "19587", "type": "Feature", "properties": {"name": "Oberwil b. Zug, M\u00fclimatt", "lon": 8.508384804148433, "lat": 47.14600838393153, "stop_id": ["8593440.link:490013"], "lines": [{"line_id": "92-611-B-j24-1", "route_id": "12.TA.92-611-B-j24-1.9.H", "mode": "bus", "line_name": "611"}, {"line_id": "92-611-B-j24-1", "route_id": "183.TA.92-611-B-j24-1.9.H", "mode": "bus", "line_name": "611"}, {"line_id": "92-611-B-j24-1", "route_id": "4.TA.92-611-B-j24-1.8.H", "mode": "bus", "line_name": "611"}, {"line_id": "92-611-B-j24-1", "route_id": "48.TA.92-611-B-j24-1.9.H", "mode": "bus", "line_name": "611"}], "predominant_mode": "bus", "assigned_canton": "Zug", "modes_list": ["bus"]}, "geometry": {"type": "Point", "coordinates": [8.50838481257751, 47.146008394027014]}}, {"id": "19588", "type": "Feature", "properties": {"name": "Oberwil b. Zug, Rigiblick", "lon": 8.50591443415842, "lat": 47.14636275397036, "stop_id": ["8587449.link:985718", "8587449.link:985719"], "lines": [{"line_id": "92-605-A-j24-1", "route_id": "107.TA.92-605-A-j24-1.4.R", "mode": "bus", "line_name": "605"}, {"line_id": "92-605-A-j24-1", "route_id": "74.TA.92-605-A-j24-1.4.R", "mode": "bus", "line_name": "605"}, {"line_id": "92-605-A-j24-1", "route_id": "38.TA.92-605-A-j24-1.3.H", "mode": "bus", "line_name": "605"}, {"line_id": "92-605-A-j24-1", "route_id": "14.TA.92-605-A-j24-1.3.H", "mode": "bus", "line_name": "605"}, {"line_id": "92-N5-A-j24-1", "route_id": "1.TA.92-N5-A-j24-1.8.H", "mode": "bus", "line_name": "N5"}], "predominant_mode": "bus", "assigned_canton": "Zug", "modes_list": ["bus"]}, "geometry": {"type": "Point", "coordinates": [8.505914442584967, 47.14636276406667]}}, {"id": "19589", "type": "Feature", "properties": {"name": "Oberwil b. Zug, R\u00e4bmatt", "lon": 8.50509697390131, "lat": 47.138547873982795, "stop_id": ["8577549.link:1051386", "8577549.link:1051387"], "lines": [{"line_id": "92-605-A-j24-1", "route_id": "107.TA.92-605-A-j24-1.4.R", "mode": "bus", "line_name": "605"}, {"line_id": "92-605-A-j24-1", "route_id": "74.TA.92-605-A-j24-1.4.R", "mode": "bus", "line_name": "605"}, {"line_id": "92-605-A-j24-1", "route_id": "38.TA.92-605-A-j24-1.3.H", "mode": "bus", "line_name": "605"}, {"line_id": "92-605-A-j24-1", "route_id": "14.TA.92-605-A-j24-1.3.H", "mode": "bus", "line_name": "605"}, {"line_id": "92-N5-A-j24-1", "route_id": "1.TA.92-N5-A-j24-1.8.H", "mode": "bus", "line_name": "N5"}], "predominant_mode": "bus", "assigned_canton": "Zug", "modes_list": ["bus"]}, "geometry": {"type": "Point", "coordinates": [8.505096982329365, 47.13854788407657]}}, {"id": "19590", "type": "Feature", "properties": {"name": "Oberwil b. Zug, Stolzengraben", "lon": 8.508842944265314, "lat": 47.14955802392451, "stop_id": ["8593441.link:299685"], "lines": [{"line_id": "92-611-B-j24-1", "route_id": "325.TA.92-611-B-j24-1.12.R", "mode": "bus", "line_name": "611"}], "predominant_mode": "bus", "assigned_canton": "Zug", "modes_list": ["bus"]}, "geometry": {"type": "Point", "coordinates": [8.50884295269379, 47.14955803402116]}}, {"id": "19591", "type": "Feature", "properties": {"name": "Oberwil b. Zug, Widenstrasse", "lon": 8.507046314173598, "lat": 47.14680264395257, "stop_id": ["8577548.link:1841394", "8577548.link:1841395"], "lines": [{"line_id": "92-611-B-j24-1", "route_id": "12.TA.92-611-B-j24-1.9.H", "mode": "bus", "line_name": "611"}, {"line_id": "92-611-B-j24-1", "route_id": "183.TA.92-611-B-j24-1.9.H", "mode": "bus", "line_name": "611"}, {"line_id": "92-611-B-j24-1", "route_id": "4.TA.92-611-B-j24-1.8.H", "mode": "bus", "line_name": "611"}, {"line_id": "92-611-B-j24-1", "route_id": "48.TA.92-611-B-j24-1.9.H", "mode": "bus", "line_name": "611"}, {"line_id": "92-611-B-j24-1", "route_id": "199.TA.92-611-B-j24-1.10.R", "mode": "bus", "line_name": "611"}, {"line_id": "92-611-B-j24-1", "route_id": "242.TA.92-611-B-j24-1.11.R", "mode": "bus", "line_name": "611"}, {"line_id": "92-611-B-j24-1", "route_id": "282.TA.92-611-B-j24-1.11.R", "mode": "bus", "line_name": "611"}], "predominant_mode": "bus", "assigned_canton": "Zug", "modes_list": ["bus"]}, "geometry": {"type": "Point", "coordinates": [8.507046322601125, 47.14680265404873]}}, {"id": "19592", "type": "Feature", "properties": {"name": "Oberwil b. Zug,Klinik Zugersee", "lon": 8.513226724048994, "lat": 47.14288011385533, "stop_id": ["8587376.link:299677", "8587376.link:299678"], "lines": [{"line_id": "92-611-B-j24-1", "route_id": "12.TA.92-611-B-j24-1.9.H", "mode": "bus", "line_name": "611"}, {"line_id": "92-611-B-j24-1", "route_id": "183.TA.92-611-B-j24-1.9.H", "mode": "bus", "line_name": "611"}, {"line_id": "92-611-B-j24-1", "route_id": "4.TA.92-611-B-j24-1.8.H", "mode": "bus", "line_name": "611"}, {"line_id": "92-611-B-j24-1", "route_id": "48.TA.92-611-B-j24-1.9.H", "mode": "bus", "line_name": "611"}, {"line_id": "92-611-B-j24-1", "route_id": "199.TA.92-611-B-j24-1.10.R", "mode": "bus", "line_name": "611"}, {"line_id": "92-611-B-j24-1", "route_id": "242.TA.92-611-B-j24-1.11.R", "mode": "bus", "line_name": "611"}, {"line_id": "92-611-B-j24-1", "route_id": "325.TA.92-611-B-j24-1.12.R", "mode": "bus", "line_name": "611"}, {"line_id": "92-611-B-j24-1", "route_id": "282.TA.92-611-B-j24-1.11.R", "mode": "bus", "line_name": "611"}], "predominant_mode": "bus", "assigned_canton": "Zug", "modes_list": ["bus"]}, "geometry": {"type": "Point", "coordinates": [8.513226732483764, 47.14288012394836]}}, {"id": "19593", "type": "Feature", "properties": {"name": "Oberwil bei Zug (See)", "lon": 8.506794784245864, "lat": 47.14900818395666, "stop_id": ["8502252.link:pt_8502252"], "lines": [{"line_id": "94-10-Y-j24-1", "route_id": "8.TA.94-10-Y-j24-1.5.R", "mode": "ferry", "line_name": "BAT"}, {"line_id": "94-10-Y-j24-1", "route_id": "7.TA.94-10-Y-j24-1.5.R", "mode": "ferry", "line_name": "BAT"}], "predominant_mode": "ferry", "assigned_canton": "Zug", "modes_list": ["ferry"]}, "geometry": {"type": "Point", "coordinates": [8.506794792672487, 47.14900819405367]}}, {"id": "19611", "type": "Feature", "properties": {"name": "Ober\u00e4geri (See)", "lon": 8.608124753805345, "lat": 47.133561402364265, "stop_id": ["8530743.link:pt_8530743"], "lines": [{"line_id": "94-16-Y-j24-1", "route_id": "7.TA.94-16-Y-j24-1.3.H", "mode": "ferry", "line_name": "BAT"}, {"line_id": "94-16-Y-j24-1", "route_id": "2.TA.94-16-Y-j24-1.2.H", "mode": "ferry", "line_name": "BAT"}], "predominant_mode": "ferry", "assigned_canton": "Zug", "modes_list": ["ferry"]}, "geometry": {"type": "Point", "coordinates": [8.60812476233585, 47.13356141242669]}}, {"id": "19612", "type": "Feature", "properties": {"name": "Ober\u00e4geri L\u00e4ndli (See)", "lon": 8.629971783687441, "lat": 47.12954621202081, "stop_id": ["8530857.link:pt_8530857"], "lines": [{"line_id": "94-16-Y-j24-1", "route_id": "7.TA.94-16-Y-j24-1.3.H", "mode": "ferry", "line_name": "BAT"}, {"line_id": "94-16-Y-j24-1", "route_id": "2.TA.94-16-Y-j24-1.2.H", "mode": "ferry", "line_name": "BAT"}], "predominant_mode": "ferry", "assigned_canton": "Zug", "modes_list": ["ferry"]}, "geometry": {"type": "Point", "coordinates": [8.629971792240463, 47.1295462220755]}}, {"id": "19613", "type": "Feature", "properties": {"name": "Ober\u00e4geri, Breiten", "lon": 8.622560673774977, "lat": 47.13235749213737, "stop_id": ["8577596.link:1694992", "8577596.link:1694993"], "lines": [{"line_id": "92-609-j24-1", "route_id": "90.TA.92-609-j24-1.4.R", "mode": "bus", "line_name": "609"}, {"line_id": "92-609-j24-1", "route_id": "120.TA.92-609-j24-1.5.R", "mode": "bus", "line_name": "609"}, {"line_id": "92-609-j24-1", "route_id": "150.TA.92-609-j24-1.6.R", "mode": "bus", "line_name": "609"}, {"line_id": "92-609-j24-1", "route_id": "81.TA.92-609-j24-1.3.H", "mode": "bus", "line_name": "609"}, {"line_id": "92-609-j24-1", "route_id": "45.TA.92-609-j24-1.2.H", "mode": "bus", "line_name": "609"}, {"line_id": "92-609-j24-1", "route_id": "17.TA.92-609-j24-1.2.H", "mode": "bus", "line_name": "609"}, {"line_id": "92-609-j24-1", "route_id": "5.TA.92-609-j24-1.1.H", "mode": "bus", "line_name": "609"}, {"line_id": "92-609-j24-1", "route_id": "10.TA.92-609-j24-1.2.H", "mode": "bus", "line_name": "609"}], "predominant_mode": "bus", "assigned_canton": "Zug", "modes_list": ["bus"]}, "geometry": {"type": "Point", "coordinates": [8.62256068231993, 47.13235750219519]}}, {"id": "19614", "type": "Feature", "properties": {"name": "Ober\u00e4geri, Fischmatt", "lon": 8.607873223885782, "lat": 47.136018032368305, "stop_id": ["8577539.link:1552126", "8577539.link:1552127"], "lines": [{"line_id": "92-N1-D-j24-1", "route_id": "1.TA.92-N1-D-j24-1.6.H", "mode": "bus", "line_name": "N1"}, {"line_id": "92-601-A-j24-1", "route_id": "83.TA.92-601-A-j24-1.3.H", "mode": "bus", "line_name": "601"}, {"line_id": "92-601-A-j24-1", "route_id": "13.TA.92-601-A-j24-1.3.H", "mode": "bus", "line_name": "601"}, {"line_id": "92-601-A-j24-1", "route_id": "183.TA.92-601-A-j24-1.3.H", "mode": "bus", "line_name": "601"}, {"line_id": "92-634-j24-1", "route_id": "6.TA.92-634-j24-1.3.H", "mode": "bus", "line_name": "634"}, {"line_id": "92-634-j24-1", "route_id": "98.TA.92-634-j24-1.4.H", "mode": "bus", "line_name": "634"}, {"line_id": "92-634-j24-1", "route_id": "32.TA.92-634-j24-1.4.H", "mode": "bus", "line_name": "634"}, {"line_id": "92-612-C-j24-1", "route_id": "4.TA.92-612-C-j24-1.7.H", "mode": "bus", "line_name": "612"}, {"line_id": "92-612-C-j24-1", "route_id": "6.TA.92-612-C-j24-1.8.H", "mode": "bus", "line_name": "612"}, {"line_id": "92-634-j24-1", "route_id": "14.TA.92-634-j24-1.4.H", "mode": "bus", "line_name": "634"}, {"line_id": "92-634-j24-1", "route_id": "139.TA.92-634-j24-1.5.R", "mode": "bus", "line_name": "634"}, {"line_id": "92-612-C-j24-1", "route_id": "36.TA.92-612-C-j24-1.10.R", "mode": "bus", "line_name": "612"}, {"line_id": "92-601-A-j24-1", "route_id": "569.TA.92-601-A-j24-1.4.R", "mode": "bus", "line_name": "601"}, {"line_id": "92-634-j24-1", "route_id": "152.TA.92-634-j24-1.5.R", "mode": "bus", "line_name": "634"}, {"line_id": "92-634-j24-1", "route_id": "162.TA.92-634-j24-1.5.R", "mode": "bus", "line_name": "634"}, {"line_id": "92-601-A-j24-1", "route_id": "397.TA.92-601-A-j24-1.4.R", "mode": "bus", "line_name": "601"}, {"line_id": "92-612-C-j24-1", "route_id": "20.TA.92-612-C-j24-1.9.R", "mode": "bus", "line_name": "612"}, {"line_id": "92-601-A-j24-1", "route_id": "538.TA.92-601-A-j24-1.4.R", "mode": "bus", "line_name": "601"}], "predominant_mode": "bus", "assigned_canton": "Zug", "modes_list": ["bus"]}, "geometry": {"type": "Point", "coordinates": [8.607873232415304, 47.136018042431694]}}, {"id": "19615", "type": "Feature", "properties": {"name": "Ober\u00e4geri, Lohmatt", "lon": 8.600255513927642, "lat": 47.137441852488045, "stop_id": ["8502295.link:1639932", "8502295.link:1639933"], "lines": [{"line_id": "92-N1-D-j24-1", "route_id": "1.TA.92-N1-D-j24-1.6.H", "mode": "bus", "line_name": "N1"}, {"line_id": "92-601-A-j24-1", "route_id": "83.TA.92-601-A-j24-1.3.H", "mode": "bus", "line_name": "601"}, {"line_id": "92-601-A-j24-1", "route_id": "13.TA.92-601-A-j24-1.3.H", "mode": "bus", "line_name": "601"}, {"line_id": "92-601-A-j24-1", "route_id": "183.TA.92-601-A-j24-1.3.H", "mode": "bus", "line_name": "601"}, {"line_id": "92-634-j24-1", "route_id": "6.TA.92-634-j24-1.3.H", "mode": "bus", "line_name": "634"}, {"line_id": "92-634-j24-1", "route_id": "98.TA.92-634-j24-1.4.H", "mode": "bus", "line_name": "634"}, {"line_id": "92-634-j24-1", "route_id": "32.TA.92-634-j24-1.4.H", "mode": "bus", "line_name": "634"}, {"line_id": "92-612-C-j24-1", "route_id": "4.TA.92-612-C-j24-1.7.H", "mode": "bus", "line_name": "612"}, {"line_id": "92-612-C-j24-1", "route_id": "6.TA.92-612-C-j24-1.8.H", "mode": "bus", "line_name": "612"}, {"line_id": "92-634-j24-1", "route_id": "14.TA.92-634-j24-1.4.H", "mode": "bus", "line_name": "634"}, {"line_id": "92-634-j24-1", "route_id": "139.TA.92-634-j24-1.5.R", "mode": "bus", "line_name": "634"}, {"line_id": "92-612-C-j24-1", "route_id": "36.TA.92-612-C-j24-1.10.R", "mode": "bus", "line_name": "612"}, {"line_id": "92-601-A-j24-1", "route_id": "569.TA.92-601-A-j24-1.4.R", "mode": "bus", "line_name": "601"}, {"line_id": "92-634-j24-1", "route_id": "152.TA.92-634-j24-1.5.R", "mode": "bus", "line_name": "634"}, {"line_id": "92-634-j24-1", "route_id": "162.TA.92-634-j24-1.5.R", "mode": "bus", "line_name": "634"}, {"line_id": "92-601-A-j24-1", "route_id": "397.TA.92-601-A-j24-1.4.R", "mode": "bus", "line_name": "601"}, {"line_id": "92-612-C-j24-1", "route_id": "20.TA.92-612-C-j24-1.9.R", "mode": "bus", "line_name": "612"}, {"line_id": "92-601-A-j24-1", "route_id": "538.TA.92-601-A-j24-1.4.R", "mode": "bus", "line_name": "601"}], "predominant_mode": "bus", "assigned_canton": "Zug", "modes_list": ["bus"]}, "geometry": {"type": "Point", "coordinates": [8.6002555224493, 47.13744186255413]}}, {"id": "19616", "type": "Feature", "properties": {"name": "Ober\u00e4geri, L\u00e4ndli", "lon": 8.629360923701693, "lat": 47.12999236203046, "stop_id": ["8502747.link:1365427", "8502747.link:1365428"], "lines": [{"line_id": "92-609-j24-1", "route_id": "90.TA.92-609-j24-1.4.R", "mode": "bus", "line_name": "609"}, {"line_id": "92-609-j24-1", "route_id": "120.TA.92-609-j24-1.5.R", "mode": "bus", "line_name": "609"}, {"line_id": "92-609-j24-1", "route_id": "150.TA.92-609-j24-1.6.R", "mode": "bus", "line_name": "609"}, {"line_id": "92-609-j24-1", "route_id": "81.TA.92-609-j24-1.3.H", "mode": "bus", "line_name": "609"}, {"line_id": "92-609-j24-1", "route_id": "45.TA.92-609-j24-1.2.H", "mode": "bus", "line_name": "609"}, {"line_id": "92-609-j24-1", "route_id": "17.TA.92-609-j24-1.2.H", "mode": "bus", "line_name": "609"}, {"line_id": "92-609-j24-1", "route_id": "5.TA.92-609-j24-1.1.H", "mode": "bus", "line_name": "609"}, {"line_id": "92-609-j24-1", "route_id": "10.TA.92-609-j24-1.2.H", "mode": "bus", "line_name": "609"}], "predominant_mode": "bus", "assigned_canton": "Zug", "modes_list": ["bus"]}, "geometry": {"type": "Point", "coordinates": [8.62936093225398, 47.129992372085475]}}, {"id": "19617", "type": "Feature", "properties": {"name": "Ober\u00e4geri, Maienmatt", "lon": 8.615374153876111, "lat": 47.13557804225045, "stop_id": ["8577572.link:497372", "8577572.link:497373"], "lines": [{"line_id": "92-610-A-j24-1", "route_id": "6.TA.92-610-A-j24-1.1.H", "mode": "bus", "line_name": "610"}, {"line_id": "92-610-A-j24-1", "route_id": "49.TA.92-610-A-j24-1.2.H", "mode": "bus", "line_name": "610"}, {"line_id": "92-610-A-j24-1", "route_id": "93.TA.92-610-A-j24-1.6.R", "mode": "bus", "line_name": "610"}, {"line_id": "92-610-A-j24-1", "route_id": "96.TA.92-610-A-j24-1.3.R", "mode": "bus", "line_name": "610"}, {"line_id": "92-610-A-j24-1", "route_id": "169.TA.92-610-A-j24-1.4.R", "mode": "bus", "line_name": "610"}], "predominant_mode": "bus", "assigned_canton": "Zug", "modes_list": ["bus"]}, "geometry": {"type": "Point", "coordinates": [8.615374162413081, 47.13557805231152]}}, {"id": "19618", "type": "Feature", "properties": {"name": "Ober\u00e4geri, Pfrundhaus", "lon": 8.614035663841781, "lat": 47.134557512271456, "stop_id": ["8577571.link:979863", "8577571.link:979864"], "lines": [{"line_id": "92-609-j24-1", "route_id": "81.TA.92-609-j24-1.3.H", "mode": "bus", "line_name": "609"}, {"line_id": "92-609-j24-1", "route_id": "45.TA.92-609-j24-1.2.H", "mode": "bus", "line_name": "609"}, {"line_id": "92-609-j24-1", "route_id": "17.TA.92-609-j24-1.2.H", "mode": "bus", "line_name": "609"}, {"line_id": "92-610-A-j24-1", "route_id": "49.TA.92-610-A-j24-1.2.H", "mode": "bus", "line_name": "610"}, {"line_id": "92-609-j24-1", "route_id": "5.TA.92-609-j24-1.1.H", "mode": "bus", "line_name": "609"}, {"line_id": "92-610-A-j24-1", "route_id": "6.TA.92-610-A-j24-1.1.H", "mode": "bus", "line_name": "610"}, {"line_id": "92-609-j24-1", "route_id": "10.TA.92-609-j24-1.2.H", "mode": "bus", "line_name": "609"}, {"line_id": "92-609-j24-1", "route_id": "90.TA.92-609-j24-1.4.R", "mode": "bus", "line_name": "609"}, {"line_id": "92-610-A-j24-1", "route_id": "169.TA.92-610-A-j24-1.4.R", "mode": "bus", "line_name": "610"}, {"line_id": "92-610-A-j24-1", "route_id": "96.TA.92-610-A-j24-1.3.R", "mode": "bus", "line_name": "610"}, {"line_id": "92-609-j24-1", "route_id": "120.TA.92-609-j24-1.5.R", "mode": "bus", "line_name": "609"}, {"line_id": "92-610-A-j24-1", "route_id": "93.TA.92-610-A-j24-1.6.R", "mode": "bus", "line_name": "610"}, {"line_id": "92-609-j24-1", "route_id": "150.TA.92-609-j24-1.6.R", "mode": "bus", "line_name": "609"}], "predominant_mode": "bus", "assigned_canton": "Zug", "modes_list": ["bus"]}, "geometry": {"type": "Point", "coordinates": [8.614035672377756, 47.13455752233252]}}, {"id": "19619", "type": "Feature", "properties": {"name": "Ober\u00e4geri, Station", "lon": 8.611259873827368, "lat": 47.134172512315025, "stop_id": ["8502287:0:A.link:1895890", "8502287:0:A.link:1895891", "8502287:0:B.link:1895890", "8502287:0:B.link:1895891", "8502287:0:C.link:1895890", "8502287:0:C.link:1895891"], "lines": [{"line_id": "92-612-C-j24-1", "route_id": "36.TA.92-612-C-j24-1.10.R", "mode": "bus", "line_name": "612"}, {"line_id": "92-601-A-j24-1", "route_id": "569.TA.92-601-A-j24-1.4.R", "mode": "bus", "line_name": "601"}, {"line_id": "92-601-A-j24-1", "route_id": "397.TA.92-601-A-j24-1.4.R", "mode": "bus", "line_name": "601"}, {"line_id": "92-612-C-j24-1", "route_id": "20.TA.92-612-C-j24-1.9.R", "mode": "bus", "line_name": "612"}, {"line_id": "92-601-A-j24-1", "route_id": "538.TA.92-601-A-j24-1.4.R", "mode": "bus", "line_name": "601"}, {"line_id": "92-N1-D-j24-1", "route_id": "1.TA.92-N1-D-j24-1.6.H", "mode": "bus", "line_name": "N1"}, {"line_id": "92-601-A-j24-1", "route_id": "83.TA.92-601-A-j24-1.3.H", "mode": "bus", "line_name": "601"}, {"line_id": "92-601-A-j24-1", "route_id": "13.TA.92-601-A-j24-1.3.H", "mode": "bus", "line_name": "601"}, {"line_id": "92-601-A-j24-1", "route_id": "183.TA.92-601-A-j24-1.3.H", "mode": "bus", "line_name": "601"}, {"line_id": "92-612-C-j24-1", "route_id": "4.TA.92-612-C-j24-1.7.H", "mode": "bus", "line_name": "612"}, {"line_id": "92-612-C-j24-1", "route_id": "6.TA.92-612-C-j24-1.8.H", "mode": "bus", "line_name": "612"}, {"line_id": "92-609-j24-1", "route_id": "90.TA.92-609-j24-1.4.R", "mode": "bus", "line_name": "609"}, {"line_id": "92-634-j24-1", "route_id": "139.TA.92-634-j24-1.5.R", "mode": "bus", "line_name": "634"}, {"line_id": "92-610-A-j24-1", "route_id": "96.TA.92-610-A-j24-1.3.R", "mode": "bus", "line_name": "610"}, {"line_id": "92-634-j24-1", "route_id": "152.TA.92-634-j24-1.5.R", "mode": "bus", "line_name": "634"}, {"line_id": "92-634-j24-1", "route_id": "162.TA.92-634-j24-1.5.R", "mode": "bus", "line_name": "634"}, {"line_id": "92-634-j24-1", "route_id": "98.TA.92-634-j24-1.4.H", "mode": "bus", "line_name": "634"}, {"line_id": "92-634-j24-1", "route_id": "32.TA.92-634-j24-1.4.H", "mode": "bus", "line_name": "634"}, {"line_id": "92-634-j24-1", "route_id": "14.TA.92-634-j24-1.4.H", "mode": "bus", "line_name": "634"}, {"line_id": "92-610-A-j24-1", "route_id": "93.TA.92-610-A-j24-1.6.R", "mode": "bus", "line_name": "610"}, {"line_id": "92-609-j24-1", "route_id": "120.TA.92-609-j24-1.5.R", "mode": "bus", "line_name": "609"}, {"line_id": "92-610-A-j24-1", "route_id": "169.TA.92-610-A-j24-1.4.R", "mode": "bus", "line_name": "610"}, {"line_id": "92-609-j24-1", "route_id": "150.TA.92-609-j24-1.6.R", "mode": "bus", "line_name": "609"}, {"line_id": "92-609-j24-1", "route_id": "81.TA.92-609-j24-1.3.H", "mode": "bus", "line_name": "609"}, {"line_id": "92-609-j24-1", "route_id": "45.TA.92-609-j24-1.2.H", "mode": "bus", "line_name": "609"}, {"line_id": "92-609-j24-1", "route_id": "17.TA.92-609-j24-1.2.H", "mode": "bus", "line_name": "609"}, {"line_id": "92-610-A-j24-1", "route_id": "49.TA.92-610-A-j24-1.2.H", "mode": "bus", "line_name": "610"}, {"line_id": "92-609-j24-1", "route_id": "5.TA.92-609-j24-1.1.H", "mode": "bus", "line_name": "609"}, {"line_id": "92-634-j24-1", "route_id": "6.TA.92-634-j24-1.3.H", "mode": "bus", "line_name": "634"}, {"line_id": "92-610-A-j24-1", "route_id": "6.TA.92-610-A-j24-1.1.H", "mode": "bus", "line_name": "610"}, {"line_id": "92-609-j24-1", "route_id": "10.TA.92-609-j24-1.2.H", "mode": "bus", "line_name": "609"}], "predominant_mode": "bus", "assigned_canton": "Zug", "modes_list": ["bus"]}, "geometry": {"type": "Point", "coordinates": [8.611259882360748, 47.13417252237676]}}, {"id": "21938", "type": "Feature", "properties": {"name": "Risch (See)", "lon": 8.467978583721127, "lat": 47.13383029456551, "stop_id": ["8502254.link:pt_8502254"], "lines": [{"line_id": "94-10-Y-j24-1", "route_id": "4.TA.94-10-Y-j24-1.3.H", "mode": "ferry", "line_name": "BAT"}], "predominant_mode": "ferry", "assigned_canton": "Zug", "modes_list": ["ferry"]}, "geometry": {"type": "Point", "coordinates": [8.467978592114004, 47.13383030466815]}}, {"id": "21939", "type": "Feature", "properties": {"name": "Risch, Dorf", "lon": 8.466002293748863, "lat": 47.13471640459662, "stop_id": ["8587572.link:472106", "8587572.link:472107"], "lines": [{"line_id": "92-653-j24-1", "route_id": "188.TA.92-653-j24-1.15.R", "mode": "bus", "line_name": "653"}, {"line_id": "92-653-j24-1", "route_id": "202.TA.92-653-j24-1.15.R", "mode": "bus", "line_name": "653"}, {"line_id": "92-653-j24-1", "route_id": "167.TA.92-653-j24-1.15.R", "mode": "bus", "line_name": "653"}, {"line_id": "92-653-j24-1", "route_id": "314.TA.92-653-j24-1.16.R", "mode": "bus", "line_name": "653"}, {"line_id": "92-653-j24-1", "route_id": "280.TA.92-653-j24-1.16.R", "mode": "bus", "line_name": "653"}, {"line_id": "92-653-j24-1", "route_id": "150.TA.92-653-j24-1.14.H", "mode": "bus", "line_name": "653"}, {"line_id": "92-653-j24-1", "route_id": "109.TA.92-653-j24-1.14.H", "mode": "bus", "line_name": "653"}, {"line_id": "92-653-j24-1", "route_id": "47.TA.92-653-j24-1.13.H", "mode": "bus", "line_name": "653"}, {"line_id": "92-653-j24-1", "route_id": "31.TA.92-653-j24-1.13.H", "mode": "bus", "line_name": "653"}], "predominant_mode": "bus", "assigned_canton": "Zug", "modes_list": ["bus"]}, "geometry": {"type": "Point", "coordinates": [8.466002302139524, 47.134716414700094]}}, {"id": "21940", "type": "Feature", "properties": {"name": "Risch, Eichengrundweg", "lon": 8.46167241344162, "lat": 47.12544515466412, "stop_id": ["8588880.link:1371033", "8588880.link:1371034"], "lines": [{"line_id": "92-653-j24-1", "route_id": "150.TA.92-653-j24-1.14.H", "mode": "bus", "line_name": "653"}, {"line_id": "92-653-j24-1", "route_id": "109.TA.92-653-j24-1.14.H", "mode": "bus", "line_name": "653"}, {"line_id": "92-653-j24-1", "route_id": "47.TA.92-653-j24-1.13.H", "mode": "bus", "line_name": "653"}, {"line_id": "92-653-j24-1", "route_id": "31.TA.92-653-j24-1.13.H", "mode": "bus", "line_name": "653"}, {"line_id": "92-653-j24-1", "route_id": "188.TA.92-653-j24-1.15.R", "mode": "bus", "line_name": "653"}, {"line_id": "92-653-j24-1", "route_id": "202.TA.92-653-j24-1.15.R", "mode": "bus", "line_name": "653"}, {"line_id": "92-653-j24-1", "route_id": "167.TA.92-653-j24-1.15.R", "mode": "bus", "line_name": "653"}, {"line_id": "92-653-j24-1", "route_id": "314.TA.92-653-j24-1.16.R", "mode": "bus", "line_name": "653"}, {"line_id": "92-653-j24-1", "route_id": "280.TA.92-653-j24-1.16.R", "mode": "bus", "line_name": "653"}], "predominant_mode": "bus", "assigned_canton": "Zug", "modes_list": ["bus"]}, "geometry": {"type": "Point", "coordinates": [8.461672421830738, 47.12544516476554]}}, {"id": "21941", "type": "Feature", "properties": {"name": "Risch, Landhaus", "lon": 8.462570723179347, "lat": 47.11743159464954, "stop_id": ["8587584.link:979006", "8587584.link:979007"], "lines": [{"line_id": "92-653-j24-1", "route_id": "150.TA.92-653-j24-1.14.H", "mode": "bus", "line_name": "653"}, {"line_id": "92-653-j24-1", "route_id": "109.TA.92-653-j24-1.14.H", "mode": "bus", "line_name": "653"}, {"line_id": "92-653-j24-1", "route_id": "47.TA.92-653-j24-1.13.H", "mode": "bus", "line_name": "653"}, {"line_id": "92-653-j24-1", "route_id": "31.TA.92-653-j24-1.13.H", "mode": "bus", "line_name": "653"}, {"line_id": "92-653-j24-1", "route_id": "188.TA.92-653-j24-1.15.R", "mode": "bus", "line_name": "653"}, {"line_id": "92-653-j24-1", "route_id": "202.TA.92-653-j24-1.15.R", "mode": "bus", "line_name": "653"}, {"line_id": "92-653-j24-1", "route_id": "167.TA.92-653-j24-1.15.R", "mode": "bus", "line_name": "653"}, {"line_id": "92-653-j24-1", "route_id": "314.TA.92-653-j24-1.16.R", "mode": "bus", "line_name": "653"}, {"line_id": "92-653-j24-1", "route_id": "280.TA.92-653-j24-1.16.R", "mode": "bus", "line_name": "653"}], "predominant_mode": "bus", "assigned_canton": "Zug", "modes_list": ["bus"]}, "geometry": {"type": "Point", "coordinates": [8.462570731571702, 47.11743160474781]}}, {"id": "21942", "type": "Feature", "properties": {"name": "Risch, Stotzenacker", "lon": 8.46344209364601, "lat": 47.13163635463667, "stop_id": ["8587585.link:472098", "8587585.link:472099"], "lines": [{"line_id": "92-653-j24-1", "route_id": "188.TA.92-653-j24-1.15.R", "mode": "bus", "line_name": "653"}, {"line_id": "92-653-j24-1", "route_id": "202.TA.92-653-j24-1.15.R", "mode": "bus", "line_name": "653"}, {"line_id": "92-653-j24-1", "route_id": "167.TA.92-653-j24-1.15.R", "mode": "bus", "line_name": "653"}, {"line_id": "92-653-j24-1", "route_id": "314.TA.92-653-j24-1.16.R", "mode": "bus", "line_name": "653"}, {"line_id": "92-653-j24-1", "route_id": "280.TA.92-653-j24-1.16.R", "mode": "bus", "line_name": "653"}, {"line_id": "92-653-j24-1", "route_id": "150.TA.92-653-j24-1.14.H", "mode": "bus", "line_name": "653"}, {"line_id": "92-653-j24-1", "route_id": "109.TA.92-653-j24-1.14.H", "mode": "bus", "line_name": "653"}, {"line_id": "92-653-j24-1", "route_id": "47.TA.92-653-j24-1.13.H", "mode": "bus", "line_name": "653"}, {"line_id": "92-653-j24-1", "route_id": "31.TA.92-653-j24-1.13.H", "mode": "bus", "line_name": "653"}], "predominant_mode": "bus", "assigned_canton": "Zug", "modes_list": ["bus"]}, "geometry": {"type": "Point", "coordinates": [8.463442102035055, 47.13163636473981]}}, {"id": "22310", "type": "Feature", "properties": {"name": "Rotkreuz", "lon": 8.432332148261095, "lat": 47.142330638697175, "stop_id": ["8502202:0:1.link:1457014", "8502202:0:1.link:1457015", "8502202:0:1.link:1861284", "8502202:0:1.link:1861285", "8502202:0:2.link:1861285", "8502202:0:2.link:503353", "8502202:0:2.link:503354", "8502202:0:3.link:1457027", "8502202:0:3.link:503353", "8502202:0:3.link:503354", "8502202:0:5.link:1845334", "8502202:0:5.link:1845335", "8502202:0:5CD.link:1845335", "8502202:0:6.link:1845334"], "lines": [{"line_id": "91-1-A-j24-1", "route_id": "2554.TA.91-1-A-j24-1.388.R", "mode": "rail", "line_name": "S1"}, {"line_id": "91-1-A-j24-1", "route_id": "3039.TA.91-1-A-j24-1.450.R", "mode": "rail", "line_name": "S1"}, {"line_id": "91-1-A-j24-1", "route_id": "2991.TA.91-1-A-j24-1.442.R", "mode": "rail", "line_name": "S1"}, {"line_id": "91-1-A-j24-1", "route_id": "2956.TA.91-1-A-j24-1.598.R", "mode": "rail", "line_name": "S1"}, {"line_id": "91-1-A-j24-1", "route_id": "3105.TA.91-1-A-j24-1.456.R", "mode": "rail", "line_name": "S1"}, {"line_id": "91-1-A-j24-1", "route_id": "3107.TA.91-1-A-j24-1.457.R", "mode": "rail", "line_name": "S1"}, {"line_id": "91-1-A-j24-1", "route_id": "1451.TA.91-1-A-j24-1.221.H", "mode": "rail", "line_name": "S1"}, {"line_id": "91-1-A-j24-1", "route_id": "1463.TA.91-1-A-j24-1.226.H", "mode": "rail", "line_name": "S1"}, {"line_id": "91-1-A-j24-1", "route_id": "1405.TA.91-1-A-j24-1.217.H", "mode": "rail", "line_name": "S1"}, {"line_id": "91-1-A-j24-1", "route_id": "1087.TA.91-1-A-j24-1.169.H", "mode": "rail", "line_name": "S1"}, {"line_id": "91-1-A-j24-1", "route_id": "1461.TA.91-1-A-j24-1.224.H", "mode": "rail", "line_name": "S1"}, {"line_id": "91-1-A-j24-1", "route_id": "1425.TA.91-1-A-j24-1.220.H", "mode": "rail", "line_name": "S1"}, {"line_id": "91-1-A-j24-1", "route_id": "1883.TA.91-1-A-j24-1.295.R", "mode": "rail", "line_name": "S1"}, {"line_id": "91-1-A-j24-1", "route_id": "477.TA.91-1-A-j24-1.91.H", "mode": "rail", "line_name": "S1"}, {"line_id": "91-1-A-j24-1", "route_id": "778.TA.91-1-A-j24-1.137.H", "mode": "rail", "line_name": "S1"}, {"line_id": "91-75-j24-1", "route_id": "332.TA.91-75-j24-1.46.H", "mode": "rail", "line_name": "IR75"}, {"line_id": "91-75-j24-1", "route_id": "314.TA.91-75-j24-1.40.H", "mode": "rail", "line_name": "IR75"}, {"line_id": "91-75-j24-1", "route_id": "358.TA.91-75-j24-1.813.H", "mode": "rail", "line_name": "IR75"}, {"line_id": "91-1-A-j24-1", "route_id": "1234.TA.91-1-A-j24-1.1631.H", "mode": "rail", "line_name": "S1"}, {"line_id": "91-1-A-j24-1", "route_id": "1216.TA.91-1-A-j24-1.184.H", "mode": "rail", "line_name": "S1"}, {"line_id": "91-1-A-j24-1", "route_id": "1230.TA.91-1-A-j24-1.185.H", "mode": "rail", "line_name": "S1"}, {"line_id": "91-75-j24-1", "route_id": "327.TA.91-75-j24-1.45.H", "mode": "rail", "line_name": "IR75"}, {"line_id": "91-1-A-j24-1", "route_id": "1342.TA.91-1-A-j24-1.209.H", "mode": "rail", "line_name": "S1"}, {"line_id": "91-1-A-j24-1", "route_id": "577.TA.91-1-A-j24-1.109.H", "mode": "rail", "line_name": "S1"}, {"line_id": "91-75-j24-1", "route_id": "355.TA.91-75-j24-1.53.H", "mode": "rail", "line_name": "IR75"}, {"line_id": "91-75-j24-1", "route_id": "443.TA.91-75-j24-1.639.H", "mode": "rail", "line_name": "IR75"}, {"line_id": "91-1-A-j24-1", "route_id": "1192.TA.91-1-A-j24-1.181.H", "mode": "rail", "line_name": "S1"}, {"line_id": "91-75-j24-1", "route_id": "239.TA.91-75-j24-1.638.H", "mode": "rail", "line_name": "IR75"}, {"line_id": "91-75-j24-1", "route_id": "281.TA.91-75-j24-1.323.H", "mode": "rail", "line_name": "IR75"}, {"line_id": "91-1-A-j24-1", "route_id": "720.TA.91-1-A-j24-1.134.H", "mode": "rail", "line_name": "S1"}, {"line_id": "91-75-j24-1", "route_id": "397.TA.91-75-j24-1.64.H", "mode": "rail", "line_name": "IR75"}, {"line_id": "91-35-Y-j24-1", "route_id": "277.TA.91-35-Y-j24-1.82.R", "mode": "rail", "line_name": "IR"}, {"line_id": "91-75-j24-1", "route_id": "251.TA.91-75-j24-1.31.H", "mode": "rail", "line_name": "IR75"}, {"line_id": "91-75-j24-1", "route_id": "274.TA.91-75-j24-1.32.H", "mode": "rail", "line_name": "IR75"}, {"line_id": "91-75-j24-1", "route_id": "342.TA.91-75-j24-1.52.H", "mode": "rail", "line_name": "IR75"}, {"line_id": "91-1-A-j24-1", "route_id": "1282.TA.91-1-A-j24-1.202.H", "mode": "rail", "line_name": "S1"}, {"line_id": "91-75-j24-1", "route_id": "459.TA.91-75-j24-1.73.H", "mode": "rail", "line_name": "IR75"}, {"line_id": "91-1-A-j24-1", "route_id": "1180.TA.91-1-A-j24-1.180.H", "mode": "rail", "line_name": "S1"}, {"line_id": "91-1-A-j24-1", "route_id": "1146.TA.91-1-A-j24-1.176.H", "mode": "rail", "line_name": "S1"}, {"line_id": "91-1-A-j24-1", "route_id": "1053.TA.91-1-A-j24-1.1747.H", "mode": "rail", "line_name": "S1"}, {"line_id": "91-75-j24-1", "route_id": "423.TA.91-75-j24-1.69.H", "mode": "rail", "line_name": "IR75"}, {"line_id": "91-75-j24-1", "route_id": "431.TA.91-75-j24-1.70.H", "mode": "rail", "line_name": "IR75"}, {"line_id": "91-1-A-j24-1", "route_id": "1918.TA.91-1-A-j24-1.303.R", "mode": "rail", "line_name": "S1"}, {"line_id": "91-1-A-j24-1", "route_id": "437.TA.91-1-A-j24-1.83.H", "mode": "rail", "line_name": "S1"}, {"line_id": "91-1-A-j24-1", "route_id": "3016.TA.91-1-A-j24-1.445.R", "mode": "rail", "line_name": "S1"}, {"line_id": "91-75-j24-1", "route_id": "815.TA.91-75-j24-1.201.R", "mode": "rail", "line_name": "IR75"}, {"line_id": "91-75-j24-1", "route_id": "958.TA.91-75-j24-1.507.R", "mode": "rail", "line_name": "IR75"}, {"line_id": "91-75-j24-1", "route_id": "876.TA.91-75-j24-1.209.R", "mode": "rail", "line_name": "IR75"}, {"line_id": "91-1-A-j24-1", "route_id": "2802.TA.91-1-A-j24-1.421.R", "mode": "rail", "line_name": "S1"}, {"line_id": "91-75-j24-1", "route_id": "732.TA.91-75-j24-1.176.R", "mode": "rail", "line_name": "IR75"}, {"line_id": "91-1-A-j24-1", "route_id": "2456.TA.91-1-A-j24-1.359.R", "mode": "rail", "line_name": "S1"}, {"line_id": "91-1-A-j24-1", "route_id": "2054.TA.91-1-A-j24-1.337.R", "mode": "rail", "line_name": "S1"}, {"line_id": "91-1-A-j24-1", "route_id": "2788.TA.91-1-A-j24-1.420.R", "mode": "rail", "line_name": "S1"}, {"line_id": "91-1-A-j24-1", "route_id": "2532.TA.91-1-A-j24-1.380.R", "mode": "rail", "line_name": "S1"}, {"line_id": "91-75-j24-1", "route_id": "978.TA.91-75-j24-1.216.R", "mode": "rail", "line_name": "IR75"}, {"line_id": "91-75-j24-1", "route_id": "767.TA.91-75-j24-1.185.R", "mode": "rail", "line_name": "IR75"}, {"line_id": "91-75-j24-1", "route_id": "775.TA.91-75-j24-1.187.R", "mode": "rail", "line_name": "IR75"}, {"line_id": "91-75-j24-1", "route_id": "711.TA.91-75-j24-1.172.R", "mode": "rail", "line_name": "IR75"}, {"line_id": "91-75-j24-1", "route_id": "865.TA.91-75-j24-1.208.R", "mode": "rail", "line_name": "IR75"}, {"line_id": "91-1-A-j24-1", "route_id": "2974.TA.91-1-A-j24-1.440.R", "mode": "rail", "line_name": "S1"}, {"line_id": "91-75-j24-1", "route_id": "756.TA.91-75-j24-1.182.R", "mode": "rail", "line_name": "IR75"}, {"line_id": "91-35-Y-j24-1", "route_id": "133.TA.91-35-Y-j24-1.163.H", "mode": "rail", "line_name": "IR"}, {"line_id": "91-1-A-j24-1", "route_id": "2754.TA.91-1-A-j24-1.410.R", "mode": "rail", "line_name": "S1"}, {"line_id": "91-1-A-j24-1", "route_id": "2815.TA.91-1-A-j24-1.423.R", "mode": "rail", "line_name": "S1"}, {"line_id": "91-35-Y-j24-1", "route_id": "162.TA.91-35-Y-j24-1.237.H", "mode": "rail", "line_name": "IR"}, {"line_id": "91-75-j24-1", "route_id": "991.TA.91-75-j24-1.823.R", "mode": "rail", "line_name": "IR75"}, {"line_id": "91-35-Y-j24-1", "route_id": "130.TA.91-35-Y-j24-1.10.H", "mode": "rail", "line_name": "IR"}, {"line_id": "91-1-A-j24-1", "route_id": "2826.TA.91-1-A-j24-1.423.R", "mode": "rail", "line_name": "S1"}, {"line_id": "91-75-j24-1", "route_id": "886.TA.91-75-j24-1.210.R", "mode": "rail", "line_name": "IR75"}, {"line_id": "91-75-j24-1", "route_id": "835.TA.91-75-j24-1.206.R", "mode": "rail", "line_name": "IR75"}, {"line_id": "91-1-A-j24-1", "route_id": "2775.TA.91-1-A-j24-1.417.R", "mode": "rail", "line_name": "S1"}, {"line_id": "91-1-A-j24-1", "route_id": "2942.TA.91-1-A-j24-1.430.R", "mode": "rail", "line_name": "S1"}, {"line_id": "91-75-j24-1", "route_id": "781.TA.91-75-j24-1.191.R", "mode": "rail", "line_name": "IR75"}, {"line_id": "91-1-A-j24-1", "route_id": "2844.TA.91-1-A-j24-1.425.R", "mode": "rail", "line_name": "S1"}, {"line_id": "91-1-A-j24-1", "route_id": "1871.TA.91-1-A-j24-1.293.R", "mode": "rail", "line_name": "S1"}, {"line_id": "91-4Q-Y-j24-1", "route_id": "1.TA.91-4Q-Y-j24-1.2.H", "mode": "rail", "line_name": "S"}, {"line_id": "91-1-A-j24-1", "route_id": "1909.TA.91-1-A-j24-1.302.R", "mode": "rail", "line_name": "S1"}, {"line_id": "91-1-A-j24-1", "route_id": "420.TA.91-1-A-j24-1.82.H", "mode": "rail", "line_name": "S1"}, {"line_id": "91-1-A-j24-1", "route_id": "462.TA.91-1-A-j24-1.89.H", "mode": "rail", "line_name": "S1"}, {"line_id": "91-26-j24-1", "route_id": "328.TA.91-26-j24-1.67.H", "mode": "rail", "line_name": "S26"}, {"line_id": "91-26-j24-1", "route_id": "160.TA.91-26-j24-1.30.H", "mode": "rail", "line_name": "S26"}, {"line_id": "91-26-j24-1", "route_id": "265.TA.91-26-j24-1.55.H", "mode": "rail", "line_name": "S26"}, {"line_id": "91-26-j24-1", "route_id": "170.TA.91-26-j24-1.32.H", "mode": "rail", "line_name": "S26"}, {"line_id": "91-26-j24-1", "route_id": "110.TA.91-26-j24-1.17.H", "mode": "rail", "line_name": "S26"}, {"line_id": "91-26-j24-1", "route_id": "146.TA.91-26-j24-1.22.H", "mode": "rail", "line_name": "S26"}, {"line_id": "91-26-j24-1", "route_id": "154.TA.91-26-j24-1.26.H", "mode": "rail", "line_name": "S26"}, {"line_id": "91-26-j24-1", "route_id": "161.TA.91-26-j24-1.30.H", "mode": "rail", "line_name": "S26"}, {"line_id": "91-26-j24-1", "route_id": "227.TA.91-26-j24-1.38.H", "mode": "rail", "line_name": "S26"}, {"line_id": "91-26-j24-1", "route_id": "151.TA.91-26-j24-1.25.H", "mode": "rail", "line_name": "S26"}, {"line_id": "91-26-j24-1", "route_id": "813.TA.91-26-j24-1.145.R", "mode": "rail", "line_name": "S26"}, {"line_id": "91-26-j24-1", "route_id": "638.TA.91-26-j24-1.114.R", "mode": "rail", "line_name": "S26"}, {"line_id": "91-26-j24-1", "route_id": "948.TA.91-26-j24-1.619.R", "mode": "rail", "line_name": "S26"}, {"line_id": "91-26-j24-1", "route_id": "573.TA.91-26-j24-1.108.R", "mode": "rail", "line_name": "S26"}, {"line_id": "91-26-j24-1", "route_id": "818.TA.91-26-j24-1.294.R", "mode": "rail", "line_name": "S26"}, {"line_id": "91-26-j24-1", "route_id": "850.TA.91-26-j24-1.148.R", "mode": "rail", "line_name": "S26"}, {"line_id": "91-26-j24-1", "route_id": "568.TA.91-26-j24-1.107.R", "mode": "rail", "line_name": "S26"}, {"line_id": "91-26-j24-1", "route_id": "892.TA.91-26-j24-1.149.R", "mode": "rail", "line_name": "S26"}, {"line_id": "91-I-Y-j24-1", "route_id": "12.TA.91-I-Y-j24-1.14.H", "mode": "rail", "line_name": "EXT"}, {"line_id": "91-I-Y-j24-1", "route_id": "5.TA.91-I-Y-j24-1.13.H", "mode": "rail", "line_name": "EXT"}, {"line_id": "91-26-j24-1", "route_id": "929.TA.91-26-j24-1.299.R", "mode": "rail", "line_name": "S26"}, {"line_id": "91-26-j24-1", "route_id": "411.TA.91-26-j24-1.77.H", "mode": "rail", "line_name": "S26"}, {"line_id": "91-26-j24-1", "route_id": "229.TA.91-26-j24-1.39.H", "mode": "rail", "line_name": "S26"}], "predominant_mode": "rail", "assigned_canton": "Zug", "modes_list": ["rail"]}, "geometry": {"type": "Point", "coordinates": [8.43233215661626, 47.14233064881294]}}, {"id": "22311", "type": "Feature", "properties": {"name": "Rotkreuz, Bahnhof Nord", "lon": 8.430545783982742, "lat": 47.142592935153814, "stop_id": ["8588626.link:1637310", "8588626.link:1637311", "8588626:0:A.link:1637309", "8588626:0:A.link:1637310", "8588626:0:A.link:1637311", "8588626:0:A.link:551725", "8588626:0:B.link:1637310", "8588626:0:B.link:1637311"], "lines": [{"line_id": "92-526-j24-1", "route_id": "16.TA.92-526-j24-1.6.H", "mode": "bus", "line_name": "526"}, {"line_id": "92-528-j24-1", "route_id": "17.TA.92-528-j24-1.34.H", "mode": "bus", "line_name": "528"}, {"line_id": "92-526-j24-1", "route_id": "4.TA.92-526-j24-1.5.H", "mode": "bus", "line_name": "526"}, {"line_id": "92-528-j24-1", "route_id": "2.TA.92-528-j24-1.1.H", "mode": "bus", "line_name": "528"}, {"line_id": "92-526-j24-1", "route_id": "21.TA.92-526-j24-1.7.R", "mode": "bus", "line_name": "526"}, {"line_id": "92-528-j24-1", "route_id": "35.TA.92-528-j24-1.4.R", "mode": "bus", "line_name": "528"}, {"line_id": "92-526-j24-1", "route_id": "26.TA.92-526-j24-1.8.R", "mode": "bus", "line_name": "526"}, {"line_id": "92-528-j24-1", "route_id": "49.TA.92-528-j24-1.35.R", "mode": "bus", "line_name": "528"}, {"line_id": "92-651-j24-1", "route_id": "50.TA.92-651-j24-1.36.H", "mode": "bus", "line_name": "651"}, {"line_id": "92-648-j24-1", "route_id": "41.TA.92-648-j24-1.5.H", "mode": "bus", "line_name": "648"}, {"line_id": "92-648-j24-1", "route_id": "104.TA.92-648-j24-1.6.H", "mode": "bus", "line_name": "648"}, {"line_id": "92-651-j24-1", "route_id": "13.TA.92-651-j24-1.17.H", "mode": "bus", "line_name": "651"}, {"line_id": "92-651-j24-1", "route_id": "25.TA.92-651-j24-1.18.H", "mode": "bus", "line_name": "651"}, {"line_id": "92-648-j24-1", "route_id": "168.TA.92-648-j24-1.7.R", "mode": "bus", "line_name": "648"}, {"line_id": "92-648-j24-1", "route_id": "243.TA.92-648-j24-1.10.R", "mode": "bus", "line_name": "648"}, {"line_id": "92-648-j24-1", "route_id": "280.TA.92-648-j24-1.11.R", "mode": "bus", "line_name": "648"}, {"line_id": "92-648-j24-1", "route_id": "195.TA.92-648-j24-1.8.R", "mode": "bus", "line_name": "648"}, {"line_id": "92-648-j24-1", "route_id": "203.TA.92-648-j24-1.9.R", "mode": "bus", "line_name": "648"}, {"line_id": "92-651-j24-1", "route_id": "98.TA.92-651-j24-1.38.R", "mode": "bus", "line_name": "651"}, {"line_id": "92-525-j24-1", "route_id": "52.TA.92-525-j24-1.5.H", "mode": "bus", "line_name": "525"}, {"line_id": "92-525-j24-1", "route_id": "29.TA.92-525-j24-1.5.H", "mode": "bus", "line_name": "525"}, {"line_id": "92-651-j24-1", "route_id": "90.TA.92-651-j24-1.22.R", "mode": "bus", "line_name": "651"}, {"line_id": "92-651-j24-1", "route_id": "125.TA.92-651-j24-1.39.R", "mode": "bus", "line_name": "651"}, {"line_id": "92-651-j24-1", "route_id": "129.TA.92-651-j24-1.39.R", "mode": "bus", "line_name": "651"}, {"line_id": "92-651-j24-1", "route_id": "79.TA.92-651-j24-1.21.R", "mode": "bus", "line_name": "651"}, {"line_id": "92-525-j24-1", "route_id": "95.TA.92-525-j24-1.6.R", "mode": "bus", "line_name": "525"}, {"line_id": "92-525-j24-1", "route_id": "61.TA.92-525-j24-1.6.R", "mode": "bus", "line_name": "525"}], "predominant_mode": "bus", "assigned_canton": "Zug", "modes_list": ["bus"]}, "geometry": {"type": "Point", "coordinates": [8.43054579233606, 47.1425929452702]}}, {"id": "22312", "type": "Feature", "properties": {"name": "Rotkreuz, Bahnhof S\u00fcd", "lon": 8.430312223944656, "lat": 47.14143810515741, "stop_id": ["8573081:0:C.link:1318735", "8573081:0:C.link:1965117", "8573081:0:C.link:485236", "8573081:0:C.link:832484", "8573081:0:D.link:1318735", "8573081:0:D.link:1965117", "8573081:0:D.link:1965118", "8573081:0:D.link:485236", "8573081:0:D.link:832484"], "lines": [{"line_id": "96-352-3-j24-1", "route_id": "563.TA.96-352-3-j24-1.89.R", "mode": "bus", "line_name": "73"}, {"line_id": "96-352-3-j24-1", "route_id": "540.TA.96-352-3-j24-1.88.R", "mode": "bus", "line_name": "73"}, {"line_id": "96-352-3-j24-1", "route_id": "565.TA.96-352-3-j24-1.89.R", "mode": "bus", "line_name": "73"}, {"line_id": "96-352-3-j24-1", "route_id": "544.TA.96-352-3-j24-1.88.R", "mode": "bus", "line_name": "73"}, {"line_id": "96-352-3-j24-1", "route_id": "575.TA.96-352-3-j24-1.89.R", "mode": "bus", "line_name": "73"}, {"line_id": "96-359-4-j24-1", "route_id": "6.TA.96-359-4-j24-1.12.R", "mode": "bus", "line_name": "N73"}, {"line_id": "96-352-3-j24-1", "route_id": "596.TA.96-352-3-j24-1.90.R", "mode": "bus", "line_name": "73"}, {"line_id": "96-352-3-j24-1", "route_id": "512.TA.96-352-3-j24-1.83.R", "mode": "bus", "line_name": "73"}, {"line_id": "96-357-7-j24-1", "route_id": "20.TA.96-357-7-j24-1.6.R", "mode": "bus", "line_name": "110"}, {"line_id": "96-357-7-j24-1", "route_id": "1.TA.96-357-7-j24-1.5.H", "mode": "bus", "line_name": "110"}, {"line_id": "96-359-4-j24-1", "route_id": "3.TA.96-359-4-j24-1.11.H", "mode": "bus", "line_name": "N73"}, {"line_id": "96-352-3-j24-1", "route_id": "215.TA.96-352-3-j24-1.78.H", "mode": "bus", "line_name": "73"}, {"line_id": "96-352-3-j24-1", "route_id": "260.TA.96-352-3-j24-1.81.H", "mode": "bus", "line_name": "73"}, {"line_id": "92-653-j24-1", "route_id": "150.TA.92-653-j24-1.14.H", "mode": "bus", "line_name": "653"}, {"line_id": "92-653-j24-1", "route_id": "109.TA.92-653-j24-1.14.H", "mode": "bus", "line_name": "653"}, {"line_id": "92-653-j24-1", "route_id": "47.TA.92-653-j24-1.13.H", "mode": "bus", "line_name": "653"}, {"line_id": "92-653-j24-1", "route_id": "31.TA.92-653-j24-1.13.H", "mode": "bus", "line_name": "653"}, {"line_id": "92-651-j24-1", "route_id": "71.TA.92-651-j24-1.37.R", "mode": "bus", "line_name": "651"}, {"line_id": "92-651-j24-1", "route_id": "50.TA.92-651-j24-1.36.H", "mode": "bus", "line_name": "651"}, {"line_id": "92-651-j24-1", "route_id": "125.TA.92-651-j24-1.39.R", "mode": "bus", "line_name": "651"}, {"line_id": "92-651-j24-1", "route_id": "129.TA.92-651-j24-1.39.R", "mode": "bus", "line_name": "651"}, {"line_id": "92-651-j24-1", "route_id": "98.TA.92-651-j24-1.38.R", "mode": "bus", "line_name": "651"}, {"line_id": "92-651-j24-1", "route_id": "10.TA.92-651-j24-1.35.H", "mode": "bus", "line_name": "651"}, {"line_id": "92-653-j24-1", "route_id": "188.TA.92-653-j24-1.15.R", "mode": "bus", "line_name": "653"}, {"line_id": "92-653-j24-1", "route_id": "202.TA.92-653-j24-1.15.R", "mode": "bus", "line_name": "653"}, {"line_id": "92-653-j24-1", "route_id": "167.TA.92-653-j24-1.15.R", "mode": "bus", "line_name": "653"}, {"line_id": "92-653-j24-1", "route_id": "314.TA.92-653-j24-1.16.R", "mode": "bus", "line_name": "653"}, {"line_id": "92-653-j24-1", "route_id": "280.TA.92-653-j24-1.16.R", "mode": "bus", "line_name": "653"}], "predominant_mode": "bus", "assigned_canton": "Zug", "modes_list": ["bus"]}, "geometry": {"type": "Point", "coordinates": [8.430312232298087, 47.14143811527342]}}, {"id": "22313", "type": "Feature", "properties": {"name": "Rotkreuz, Birkenstrasse", "lon": 8.434363624074292, "lat": 47.14529965509401, "stop_id": ["8589203.link:28569", "8589203.link:28570"], "lines": [{"line_id": "92-528-j24-1", "route_id": "35.TA.92-528-j24-1.4.R", "mode": "bus", "line_name": "528"}, {"line_id": "92-525-j24-1", "route_id": "61.TA.92-525-j24-1.6.R", "mode": "bus", "line_name": "525"}, {"line_id": "92-651-j24-1", "route_id": "25.TA.92-651-j24-1.18.H", "mode": "bus", "line_name": "651"}, {"line_id": "92-525-j24-1", "route_id": "95.TA.92-525-j24-1.6.R", "mode": "bus", "line_name": "525"}, {"line_id": "92-528-j24-1", "route_id": "49.TA.92-528-j24-1.35.R", "mode": "bus", "line_name": "528"}, {"line_id": "92-526-j24-1", "route_id": "26.TA.92-526-j24-1.8.R", "mode": "bus", "line_name": "526"}, {"line_id": "92-651-j24-1", "route_id": "13.TA.92-651-j24-1.17.H", "mode": "bus", "line_name": "651"}, {"line_id": "92-526-j24-1", "route_id": "21.TA.92-526-j24-1.7.R", "mode": "bus", "line_name": "526"}, {"line_id": "92-651-j24-1", "route_id": "50.TA.92-651-j24-1.36.H", "mode": "bus", "line_name": "651"}, {"line_id": "92-651-j24-1", "route_id": "98.TA.92-651-j24-1.38.R", "mode": "bus", "line_name": "651"}, {"line_id": "92-526-j24-1", "route_id": "16.TA.92-526-j24-1.6.H", "mode": "bus", "line_name": "526"}, {"line_id": "92-525-j24-1", "route_id": "52.TA.92-525-j24-1.5.H", "mode": "bus", "line_name": "525"}, {"line_id": "92-525-j24-1", "route_id": "29.TA.92-525-j24-1.5.H", "mode": "bus", "line_name": "525"}, {"line_id": "92-651-j24-1", "route_id": "90.TA.92-651-j24-1.22.R", "mode": "bus", "line_name": "651"}, {"line_id": "92-651-j24-1", "route_id": "125.TA.92-651-j24-1.39.R", "mode": "bus", "line_name": "651"}, {"line_id": "92-528-j24-1", "route_id": "2.TA.92-528-j24-1.1.H", "mode": "bus", "line_name": "528"}, {"line_id": "92-651-j24-1", "route_id": "129.TA.92-651-j24-1.39.R", "mode": "bus", "line_name": "651"}, {"line_id": "92-651-j24-1", "route_id": "79.TA.92-651-j24-1.21.R", "mode": "bus", "line_name": "651"}, {"line_id": "92-528-j24-1", "route_id": "17.TA.92-528-j24-1.34.H", "mode": "bus", "line_name": "528"}, {"line_id": "92-526-j24-1", "route_id": "4.TA.92-526-j24-1.5.H", "mode": "bus", "line_name": "526"}], "predominant_mode": "bus", "assigned_canton": "Zug", "modes_list": ["bus"]}, "geometry": {"type": "Point", "coordinates": [8.43436363243059, 47.14529966521026]}}, {"id": "22314", "type": "Feature", "properties": {"name": "Rotkreuz, Blegi", "lon": 8.43430972416515, "lat": 47.14806732509495, "stop_id": ["8593428.link:1501511", "8593428.link:1501512"], "lines": [{"line_id": "92-651-j24-1", "route_id": "98.TA.92-651-j24-1.38.R", "mode": "bus", "line_name": "651"}, {"line_id": "92-526-j24-1", "route_id": "16.TA.92-526-j24-1.6.H", "mode": "bus", "line_name": "526"}, {"line_id": "92-525-j24-1", "route_id": "52.TA.92-525-j24-1.5.H", "mode": "bus", "line_name": "525"}, {"line_id": "92-525-j24-1", "route_id": "29.TA.92-525-j24-1.5.H", "mode": "bus", "line_name": "525"}, {"line_id": "92-651-j24-1", "route_id": "90.TA.92-651-j24-1.22.R", "mode": "bus", "line_name": "651"}, {"line_id": "92-651-j24-1", "route_id": "125.TA.92-651-j24-1.39.R", "mode": "bus", "line_name": "651"}, {"line_id": "92-528-j24-1", "route_id": "2.TA.92-528-j24-1.1.H", "mode": "bus", "line_name": "528"}, {"line_id": "92-651-j24-1", "route_id": "129.TA.92-651-j24-1.39.R", "mode": "bus", "line_name": "651"}, {"line_id": "92-651-j24-1", "route_id": "79.TA.92-651-j24-1.21.R", "mode": "bus", "line_name": "651"}, {"line_id": "92-528-j24-1", "route_id": "17.TA.92-528-j24-1.34.H", "mode": "bus", "line_name": "528"}, {"line_id": "92-526-j24-1", "route_id": "4.TA.92-526-j24-1.5.H", "mode": "bus", "line_name": "526"}, {"line_id": "92-528-j24-1", "route_id": "35.TA.92-528-j24-1.4.R", "mode": "bus", "line_name": "528"}, {"line_id": "92-525-j24-1", "route_id": "61.TA.92-525-j24-1.6.R", "mode": "bus", "line_name": "525"}, {"line_id": "92-651-j24-1", "route_id": "25.TA.92-651-j24-1.18.H", "mode": "bus", "line_name": "651"}, {"line_id": "92-525-j24-1", "route_id": "95.TA.92-525-j24-1.6.R", "mode": "bus", "line_name": "525"}, {"line_id": "92-528-j24-1", "route_id": "49.TA.92-528-j24-1.35.R", "mode": "bus", "line_name": "528"}, {"line_id": "92-526-j24-1", "route_id": "26.TA.92-526-j24-1.8.R", "mode": "bus", "line_name": "526"}, {"line_id": "92-651-j24-1", "route_id": "13.TA.92-651-j24-1.17.H", "mode": "bus", "line_name": "651"}, {"line_id": "92-526-j24-1", "route_id": "21.TA.92-526-j24-1.7.R", "mode": "bus", "line_name": "526"}, {"line_id": "92-651-j24-1", "route_id": "50.TA.92-651-j24-1.36.H", "mode": "bus", "line_name": "651"}], "predominant_mode": "bus", "assigned_canton": "Zug", "modes_list": ["bus"]}, "geometry": {"type": "Point", "coordinates": [8.434309732520582, 47.1480673352122]}}, {"id": "22315", "type": "Feature", "properties": {"name": "Rotkreuz, Breitfeld", "lon": 8.444676283640609, "lat": 47.13186858493138, "stop_id": ["8573078.link:16044", "8573078.link:16045"], "lines": [{"line_id": "96-359-4-j24-1", "route_id": "3.TA.96-359-4-j24-1.11.H", "mode": "bus", "line_name": "N73"}, {"line_id": "96-352-3-j24-1", "route_id": "215.TA.96-352-3-j24-1.78.H", "mode": "bus", "line_name": "73"}, {"line_id": "96-352-3-j24-1", "route_id": "260.TA.96-352-3-j24-1.81.H", "mode": "bus", "line_name": "73"}, {"line_id": "96-352-3-j24-1", "route_id": "563.TA.96-352-3-j24-1.89.R", "mode": "bus", "line_name": "73"}, {"line_id": "96-352-3-j24-1", "route_id": "540.TA.96-352-3-j24-1.88.R", "mode": "bus", "line_name": "73"}, {"line_id": "96-352-3-j24-1", "route_id": "565.TA.96-352-3-j24-1.89.R", "mode": "bus", "line_name": "73"}, {"line_id": "96-352-3-j24-1", "route_id": "544.TA.96-352-3-j24-1.88.R", "mode": "bus", "line_name": "73"}, {"line_id": "96-352-3-j24-1", "route_id": "575.TA.96-352-3-j24-1.89.R", "mode": "bus", "line_name": "73"}, {"line_id": "96-359-4-j24-1", "route_id": "6.TA.96-359-4-j24-1.12.R", "mode": "bus", "line_name": "N73"}, {"line_id": "96-352-3-j24-1", "route_id": "596.TA.96-352-3-j24-1.90.R", "mode": "bus", "line_name": "73"}, {"line_id": "96-352-3-j24-1", "route_id": "512.TA.96-352-3-j24-1.83.R", "mode": "bus", "line_name": "73"}], "predominant_mode": "bus", "assigned_canton": "Zug", "modes_list": ["bus"]}, "geometry": {"type": "Point", "coordinates": [8.444676292011044, 47.131868595039904]}}, {"id": "22316", "type": "Feature", "properties": {"name": "Rotkreuz, Forren", "lon": 8.431201554194056, "lat": 47.14901429514385, "stop_id": ["8593429.link:883167", "8593429.link:883168"], "lines": [{"line_id": "92-648-j24-1", "route_id": "168.TA.92-648-j24-1.7.R", "mode": "bus", "line_name": "648"}, {"line_id": "92-648-j24-1", "route_id": "243.TA.92-648-j24-1.10.R", "mode": "bus", "line_name": "648"}, {"line_id": "92-648-j24-1", "route_id": "280.TA.92-648-j24-1.11.R", "mode": "bus", "line_name": "648"}, {"line_id": "92-648-j24-1", "route_id": "195.TA.92-648-j24-1.8.R", "mode": "bus", "line_name": "648"}, {"line_id": "92-648-j24-1", "route_id": "203.TA.92-648-j24-1.9.R", "mode": "bus", "line_name": "648"}, {"line_id": "92-648-j24-1", "route_id": "41.TA.92-648-j24-1.5.H", "mode": "bus", "line_name": "648"}, {"line_id": "92-648-j24-1", "route_id": "104.TA.92-648-j24-1.6.H", "mode": "bus", "line_name": "648"}], "predominant_mode": "bus", "assigned_canton": "Zug", "modes_list": ["bus"]}, "geometry": {"type": "Point", "coordinates": [8.431201562546141, 47.14901430526232]}}, {"id": "22317", "type": "Feature", "properties": {"name": "Rotkreuz, Ibikon", "lon": 8.439906233675961, "lat": 47.13304806500635, "stop_id": ["8580236.link:610066", "8580236.link:610067"], "lines": [{"line_id": "96-359-4-j24-1", "route_id": "3.TA.96-359-4-j24-1.11.H", "mode": "bus", "line_name": "N73"}, {"line_id": "96-352-3-j24-1", "route_id": "215.TA.96-352-3-j24-1.78.H", "mode": "bus", "line_name": "73"}, {"line_id": "96-352-3-j24-1", "route_id": "260.TA.96-352-3-j24-1.81.H", "mode": "bus", "line_name": "73"}, {"line_id": "96-352-3-j24-1", "route_id": "563.TA.96-352-3-j24-1.89.R", "mode": "bus", "line_name": "73"}, {"line_id": "96-352-3-j24-1", "route_id": "540.TA.96-352-3-j24-1.88.R", "mode": "bus", "line_name": "73"}, {"line_id": "96-352-3-j24-1", "route_id": "565.TA.96-352-3-j24-1.89.R", "mode": "bus", "line_name": "73"}, {"line_id": "96-352-3-j24-1", "route_id": "544.TA.96-352-3-j24-1.88.R", "mode": "bus", "line_name": "73"}, {"line_id": "96-352-3-j24-1", "route_id": "575.TA.96-352-3-j24-1.89.R", "mode": "bus", "line_name": "73"}, {"line_id": "96-359-4-j24-1", "route_id": "6.TA.96-359-4-j24-1.12.R", "mode": "bus", "line_name": "N73"}, {"line_id": "96-352-3-j24-1", "route_id": "596.TA.96-352-3-j24-1.90.R", "mode": "bus", "line_name": "73"}, {"line_id": "96-352-3-j24-1", "route_id": "512.TA.96-352-3-j24-1.83.R", "mode": "bus", "line_name": "73"}], "predominant_mode": "bus", "assigned_canton": "Zug", "modes_list": ["bus"]}, "geometry": {"type": "Point", "coordinates": [8.439906242041335, 47.13304807511667]}}, {"id": "22318", "type": "Feature", "properties": {"name": "Rotkreuz, Industriestrasse", "lon": 8.428614404051183, "lat": 47.144719215184274, "stop_id": ["8593430.link:883155", "8593430.link:883156"], "lines": [{"line_id": "92-648-j24-1", "route_id": "168.TA.92-648-j24-1.7.R", "mode": "bus", "line_name": "648"}, {"line_id": "92-648-j24-1", "route_id": "243.TA.92-648-j24-1.10.R", "mode": "bus", "line_name": "648"}, {"line_id": "92-648-j24-1", "route_id": "280.TA.92-648-j24-1.11.R", "mode": "bus", "line_name": "648"}, {"line_id": "92-648-j24-1", "route_id": "195.TA.92-648-j24-1.8.R", "mode": "bus", "line_name": "648"}, {"line_id": "92-648-j24-1", "route_id": "203.TA.92-648-j24-1.9.R", "mode": "bus", "line_name": "648"}, {"line_id": "92-648-j24-1", "route_id": "41.TA.92-648-j24-1.5.H", "mode": "bus", "line_name": "648"}, {"line_id": "92-648-j24-1", "route_id": "104.TA.92-648-j24-1.6.H", "mode": "bus", "line_name": "648"}], "predominant_mode": "bus", "assigned_canton": "Zug", "modes_list": ["bus"]}, "geometry": {"type": "Point", "coordinates": [8.428614412401965, 47.14471922530196]}}, {"id": "22319", "type": "Feature", "properties": {"name": "Rotkreuz, K\u00fcntwil", "lon": 8.422874173682468, "lat": 47.133610295273854, "stop_id": ["8587722.link:610064", "8587722.link:999233", "8587722.link:999234"], "lines": [{"line_id": "92-651-j24-1", "route_id": "125.TA.92-651-j24-1.39.R", "mode": "bus", "line_name": "651"}, {"line_id": "92-651-j24-1", "route_id": "129.TA.92-651-j24-1.39.R", "mode": "bus", "line_name": "651"}, {"line_id": "92-651-j24-1", "route_id": "71.TA.92-651-j24-1.37.R", "mode": "bus", "line_name": "651"}, {"line_id": "92-651-j24-1", "route_id": "10.TA.92-651-j24-1.35.H", "mode": "bus", "line_name": "651"}, {"line_id": "92-651-j24-1", "route_id": "50.TA.92-651-j24-1.36.H", "mode": "bus", "line_name": "651"}], "predominant_mode": "bus", "assigned_canton": "Zug", "modes_list": ["bus"]}, "geometry": {"type": "Point", "coordinates": [8.422874182030831, 47.13361030538913]}}, {"id": "22320", "type": "Feature", "properties": {"name": "Rotkreuz, Langmatt", "lon": 8.435729063927006, "lat": 47.14078430507235, "stop_id": ["8587590.link:778430", "8587590.link:778431"], "lines": [{"line_id": "92-653-j24-1", "route_id": "188.TA.92-653-j24-1.15.R", "mode": "bus", "line_name": "653"}, {"line_id": "92-653-j24-1", "route_id": "202.TA.92-653-j24-1.15.R", "mode": "bus", "line_name": "653"}, {"line_id": "92-653-j24-1", "route_id": "167.TA.92-653-j24-1.15.R", "mode": "bus", "line_name": "653"}, {"line_id": "92-653-j24-1", "route_id": "314.TA.92-653-j24-1.16.R", "mode": "bus", "line_name": "653"}, {"line_id": "92-653-j24-1", "route_id": "280.TA.92-653-j24-1.16.R", "mode": "bus", "line_name": "653"}, {"line_id": "92-653-j24-1", "route_id": "150.TA.92-653-j24-1.14.H", "mode": "bus", "line_name": "653"}, {"line_id": "92-653-j24-1", "route_id": "109.TA.92-653-j24-1.14.H", "mode": "bus", "line_name": "653"}, {"line_id": "92-653-j24-1", "route_id": "47.TA.92-653-j24-1.13.H", "mode": "bus", "line_name": "653"}, {"line_id": "92-653-j24-1", "route_id": "31.TA.92-653-j24-1.13.H", "mode": "bus", "line_name": "653"}], "predominant_mode": "bus", "assigned_canton": "Zug", "modes_list": ["bus"]}, "geometry": {"type": "Point", "coordinates": [8.435729072285982, 47.1407843151866]}}, {"id": "22321", "type": "Feature", "properties": {"name": "Rotkreuz, Lindenplatz", "lon": 8.426683033896778, "lat": 47.14005717521435, "stop_id": ["8588644.link:485237", "8588644.link:485238"], "lines": [{"line_id": "92-651-j24-1", "route_id": "50.TA.92-651-j24-1.36.H", "mode": "bus", "line_name": "651"}, {"line_id": "92-651-j24-1", "route_id": "71.TA.92-651-j24-1.37.R", "mode": "bus", "line_name": "651"}, {"line_id": "92-651-j24-1", "route_id": "125.TA.92-651-j24-1.39.R", "mode": "bus", "line_name": "651"}, {"line_id": "92-651-j24-1", "route_id": "129.TA.92-651-j24-1.39.R", "mode": "bus", "line_name": "651"}, {"line_id": "92-651-j24-1", "route_id": "98.TA.92-651-j24-1.38.R", "mode": "bus", "line_name": "651"}, {"line_id": "92-651-j24-1", "route_id": "125.TA.92-651-j24-1.39.R", "mode": "bus", "line_name": "651"}, {"line_id": "92-651-j24-1", "route_id": "129.TA.92-651-j24-1.39.R", "mode": "bus", "line_name": "651"}, {"line_id": "92-651-j24-1", "route_id": "10.TA.92-651-j24-1.35.H", "mode": "bus", "line_name": "651"}, {"line_id": "92-651-j24-1", "route_id": "50.TA.92-651-j24-1.36.H", "mode": "bus", "line_name": "651"}], "predominant_mode": "bus", "assigned_canton": "Zug", "modes_list": ["bus"]}, "geometry": {"type": "Point", "coordinates": [8.42668304224702, 47.140057185330924]}}, {"id": "22322", "type": "Feature", "properties": {"name": "Rotkreuz, Ried", "lon": 8.429449844122402, "lat": 47.14686985517122, "stop_id": ["8587435.link:883161", "8587435.link:883162"], "lines": [{"line_id": "92-648-j24-1", "route_id": "168.TA.92-648-j24-1.7.R", "mode": "bus", "line_name": "648"}, {"line_id": "92-648-j24-1", "route_id": "243.TA.92-648-j24-1.10.R", "mode": "bus", "line_name": "648"}, {"line_id": "92-648-j24-1", "route_id": "280.TA.92-648-j24-1.11.R", "mode": "bus", "line_name": "648"}, {"line_id": "92-648-j24-1", "route_id": "195.TA.92-648-j24-1.8.R", "mode": "bus", "line_name": "648"}, {"line_id": "92-648-j24-1", "route_id": "203.TA.92-648-j24-1.9.R", "mode": "bus", "line_name": "648"}, {"line_id": "92-648-j24-1", "route_id": "41.TA.92-648-j24-1.5.H", "mode": "bus", "line_name": "648"}, {"line_id": "92-648-j24-1", "route_id": "104.TA.92-648-j24-1.6.H", "mode": "bus", "line_name": "648"}], "predominant_mode": "bus", "assigned_canton": "Zug", "modes_list": ["bus"]}, "geometry": {"type": "Point", "coordinates": [8.429449852473379, 47.146869865289446]}}, {"id": "22323", "type": "Feature", "properties": {"name": "Rotkreuz, R\u00fcti", "lon": 8.446275283937364, "lat": 47.14087596490671, "stop_id": ["8587589.link:470721", "8587589.link:470722"], "lines": [{"line_id": "92-653-j24-1", "route_id": "188.TA.92-653-j24-1.15.R", "mode": "bus", "line_name": "653"}, {"line_id": "92-653-j24-1", "route_id": "202.TA.92-653-j24-1.15.R", "mode": "bus", "line_name": "653"}, {"line_id": "92-653-j24-1", "route_id": "167.TA.92-653-j24-1.15.R", "mode": "bus", "line_name": "653"}, {"line_id": "92-653-j24-1", "route_id": "314.TA.92-653-j24-1.16.R", "mode": "bus", "line_name": "653"}, {"line_id": "92-653-j24-1", "route_id": "280.TA.92-653-j24-1.16.R", "mode": "bus", "line_name": "653"}, {"line_id": "92-653-j24-1", "route_id": "150.TA.92-653-j24-1.14.H", "mode": "bus", "line_name": "653"}, {"line_id": "92-653-j24-1", "route_id": "109.TA.92-653-j24-1.14.H", "mode": "bus", "line_name": "653"}, {"line_id": "92-653-j24-1", "route_id": "47.TA.92-653-j24-1.13.H", "mode": "bus", "line_name": "653"}, {"line_id": "92-653-j24-1", "route_id": "31.TA.92-653-j24-1.13.H", "mode": "bus", "line_name": "653"}], "predominant_mode": "bus", "assigned_canton": "Zug", "modes_list": ["bus"]}, "geometry": {"type": "Point", "coordinates": [8.446275292306735, 47.140875975018005]}}, {"id": "22324", "type": "Feature", "properties": {"name": "Rotkreuz, Sagi", "lon": 8.427473543780984, "lat": 47.136513015201736, "stop_id": ["8593431.link:999853", "8593431.link:999854"], "lines": [{"line_id": "92-651-j24-1", "route_id": "71.TA.92-651-j24-1.37.R", "mode": "bus", "line_name": "651"}, {"line_id": "92-651-j24-1", "route_id": "125.TA.92-651-j24-1.39.R", "mode": "bus", "line_name": "651"}, {"line_id": "92-651-j24-1", "route_id": "129.TA.92-651-j24-1.39.R", "mode": "bus", "line_name": "651"}, {"line_id": "92-651-j24-1", "route_id": "10.TA.92-651-j24-1.35.H", "mode": "bus", "line_name": "651"}, {"line_id": "92-651-j24-1", "route_id": "50.TA.92-651-j24-1.36.H", "mode": "bus", "line_name": "651"}], "predominant_mode": "bus", "assigned_canton": "Zug", "modes_list": ["bus"]}, "geometry": {"type": "Point", "coordinates": [8.427473552133044, 47.136513025316795]}}, {"id": "22325", "type": "Feature", "properties": {"name": "Rotkreuz, Schulanlagen", "lon": 8.432971233878721, "lat": 47.139372805115556, "stop_id": ["8573080.link:470713", "8573080.link:470714"], "lines": [{"line_id": "96-352-3-j24-1", "route_id": "563.TA.96-352-3-j24-1.89.R", "mode": "bus", "line_name": "73"}, {"line_id": "96-352-3-j24-1", "route_id": "540.TA.96-352-3-j24-1.88.R", "mode": "bus", "line_name": "73"}, {"line_id": "96-352-3-j24-1", "route_id": "565.TA.96-352-3-j24-1.89.R", "mode": "bus", "line_name": "73"}, {"line_id": "96-352-3-j24-1", "route_id": "544.TA.96-352-3-j24-1.88.R", "mode": "bus", "line_name": "73"}, {"line_id": "96-352-3-j24-1", "route_id": "575.TA.96-352-3-j24-1.89.R", "mode": "bus", "line_name": "73"}, {"line_id": "96-359-4-j24-1", "route_id": "6.TA.96-359-4-j24-1.12.R", "mode": "bus", "line_name": "N73"}, {"line_id": "96-352-3-j24-1", "route_id": "596.TA.96-352-3-j24-1.90.R", "mode": "bus", "line_name": "73"}, {"line_id": "96-352-3-j24-1", "route_id": "512.TA.96-352-3-j24-1.83.R", "mode": "bus", "line_name": "73"}, {"line_id": "96-359-4-j24-1", "route_id": "3.TA.96-359-4-j24-1.11.H", "mode": "bus", "line_name": "N73"}, {"line_id": "96-352-3-j24-1", "route_id": "215.TA.96-352-3-j24-1.78.H", "mode": "bus", "line_name": "73"}, {"line_id": "96-352-3-j24-1", "route_id": "260.TA.96-352-3-j24-1.81.H", "mode": "bus", "line_name": "73"}], "predominant_mode": "bus", "assigned_canton": "Zug", "modes_list": ["bus"]}, "geometry": {"type": "Point", "coordinates": [8.432971242235384, 47.139372815230075]}}, {"id": "22326", "type": "Feature", "properties": {"name": "Rotkreuz, Waldetenstrasse", "lon": 8.428362883839782, "lat": 47.138285125187906, "stop_id": ["8593433.link:470727", "8593433.link:470728"], "lines": [{"line_id": "92-651-j24-1", "route_id": "71.TA.92-651-j24-1.37.R", "mode": "bus", "line_name": "651"}, {"line_id": "92-651-j24-1", "route_id": "125.TA.92-651-j24-1.39.R", "mode": "bus", "line_name": "651"}, {"line_id": "92-651-j24-1", "route_id": "129.TA.92-651-j24-1.39.R", "mode": "bus", "line_name": "651"}, {"line_id": "92-651-j24-1", "route_id": "10.TA.92-651-j24-1.35.H", "mode": "bus", "line_name": "651"}, {"line_id": "92-651-j24-1", "route_id": "50.TA.92-651-j24-1.36.H", "mode": "bus", "line_name": "651"}], "predominant_mode": "bus", "assigned_canton": "Zug", "modes_list": ["bus"]}, "geometry": {"type": "Point", "coordinates": [8.428362892192203, 47.138285135303356]}}, {"id": "22327", "type": "Feature", "properties": {"name": "Rotkreuz, Weidstrasse", "lon": 8.431956143784122, "lat": 47.136513015131364, "stop_id": ["8573079.link:1404443", "8573079.link:1404444"], "lines": [{"line_id": "96-359-4-j24-1", "route_id": "3.TA.96-359-4-j24-1.11.H", "mode": "bus", "line_name": "N73"}, {"line_id": "96-352-3-j24-1", "route_id": "215.TA.96-352-3-j24-1.78.H", "mode": "bus", "line_name": "73"}, {"line_id": "96-352-3-j24-1", "route_id": "260.TA.96-352-3-j24-1.81.H", "mode": "bus", "line_name": "73"}, {"line_id": "96-352-3-j24-1", "route_id": "563.TA.96-352-3-j24-1.89.R", "mode": "bus", "line_name": "73"}, {"line_id": "96-352-3-j24-1", "route_id": "540.TA.96-352-3-j24-1.88.R", "mode": "bus", "line_name": "73"}, {"line_id": "96-352-3-j24-1", "route_id": "565.TA.96-352-3-j24-1.89.R", "mode": "bus", "line_name": "73"}, {"line_id": "96-352-3-j24-1", "route_id": "544.TA.96-352-3-j24-1.88.R", "mode": "bus", "line_name": "73"}, {"line_id": "96-352-3-j24-1", "route_id": "575.TA.96-352-3-j24-1.89.R", "mode": "bus", "line_name": "73"}, {"line_id": "96-359-4-j24-1", "route_id": "6.TA.96-359-4-j24-1.12.R", "mode": "bus", "line_name": "N73"}, {"line_id": "96-352-3-j24-1", "route_id": "596.TA.96-352-3-j24-1.90.R", "mode": "bus", "line_name": "73"}, {"line_id": "96-352-3-j24-1", "route_id": "512.TA.96-352-3-j24-1.83.R", "mode": "bus", "line_name": "73"}], "predominant_mode": "bus", "assigned_canton": "Zug", "modes_list": ["bus"]}, "geometry": {"type": "Point", "coordinates": [8.431956152140623, 47.13651302524515]}}, {"id": "22328", "type": "Feature", "properties": {"name": "Rotkreuz, Weihermatt", "lon": 8.42547928373966, "lat": 47.13529694523301, "stop_id": ["8593434.link:610056", "8593434.link:610057"], "lines": [{"line_id": "92-651-j24-1", "route_id": "71.TA.92-651-j24-1.37.R", "mode": "bus", "line_name": "651"}, {"line_id": "92-651-j24-1", "route_id": "125.TA.92-651-j24-1.39.R", "mode": "bus", "line_name": "651"}, {"line_id": "92-651-j24-1", "route_id": "129.TA.92-651-j24-1.39.R", "mode": "bus", "line_name": "651"}, {"line_id": "92-651-j24-1", "route_id": "10.TA.92-651-j24-1.35.H", "mode": "bus", "line_name": "651"}, {"line_id": "92-651-j24-1", "route_id": "50.TA.92-651-j24-1.36.H", "mode": "bus", "line_name": "651"}], "predominant_mode": "bus", "assigned_canton": "Zug", "modes_list": ["bus"]}, "geometry": {"type": "Point", "coordinates": [8.425479292090102, 47.13529695534819]}}, {"id": "24093", "type": "Feature", "properties": {"name": "Sch\u00f6negg", "lon": 8.521185794330554, "lat": 47.151293043730746, "stop_id": ["8502291.link:806431", "8502291.link:806432"], "lines": [{"line_id": "93-256-6-j24-1", "route_id": "45.TA.93-256-6-j24-1.2.R", "mode": "funicular", "line_name": "2566"}, {"line_id": "93-256-6-j24-1", "route_id": "30.TA.93-256-6-j24-1.1.H", "mode": "funicular", "line_name": "2566"}], "predominant_mode": "funicular", "assigned_canton": "Zug", "modes_list": ["funicular"]}, "geometry": {"type": "Point", "coordinates": [8.521185802770637, 47.15129305382447]}}, {"id": "24559", "type": "Feature", "properties": {"name": "Sihlbrugg, Dorf", "lon": 8.577043046534072, "lat": 47.2172001428557, "stop_id": ["8502972:0:A.link:1137198", "8502972:0:A.link:36359", "8502972:0:B.link:36359", "8502972:0:B.link:36361"], "lines": [{"line_id": "92-631-A-j24-1", "route_id": "110.TA.92-631-A-j24-1.3.H", "mode": "bus", "line_name": "631"}, {"line_id": "92-631-A-j24-1", "route_id": "204.TA.92-631-A-j24-1.4.R", "mode": "bus", "line_name": "631"}, {"line_id": "92-632-j24-1", "route_id": "79.TA.92-632-j24-1.8.H", "mode": "bus", "line_name": "632"}, {"line_id": "92-632-j24-1", "route_id": "187.TA.92-632-j24-1.9.R", "mode": "bus", "line_name": "632"}], "predominant_mode": "bus", "assigned_canton": "Zug", "modes_list": ["bus"]}, "geometry": {"type": "Point", "coordinates": [8.577043055009034, 47.21720015295646]}}, {"id": "25936", "type": "Feature", "properties": {"name": "Steinhausen", "lon": 8.478021745748462, "lat": 47.195321594410395, "stop_id": ["8502227:0:2.link:250252", "8502227:0:2.link:250253"], "lines": [{"line_id": "91-5-C-j24-1", "route_id": "229.TA.91-5-C-j24-1.37.H", "mode": "rail", "line_name": "S5"}, {"line_id": "91-5-C-j24-1", "route_id": "238.TA.91-5-C-j24-1.227.H", "mode": "rail", "line_name": "S5"}, {"line_id": "91-5-C-j24-1", "route_id": "251.TA.91-5-C-j24-1.43.H", "mode": "rail", "line_name": "S5"}, {"line_id": "91-5-C-j24-1", "route_id": "356.TA.91-5-C-j24-1.72.H", "mode": "rail", "line_name": "S5"}, {"line_id": "91-5-C-j24-1", "route_id": "311.TA.91-5-C-j24-1.70.H", "mode": "rail", "line_name": "S5"}, {"line_id": "91-5-C-j24-1", "route_id": "236.TA.91-5-C-j24-1.39.H", "mode": "rail", "line_name": "S5"}, {"line_id": "91-5-C-j24-1", "route_id": "153.TA.91-5-C-j24-1.17.H", "mode": "rail", "line_name": "S5"}, {"line_id": "91-5-C-j24-1", "route_id": "364.TA.91-5-C-j24-1.72.H", "mode": "rail", "line_name": "S5"}, {"line_id": "91-5-C-j24-1", "route_id": "327.TA.91-5-C-j24-1.70.H", "mode": "rail", "line_name": "S5"}, {"line_id": "91-5-C-j24-1", "route_id": "764.TA.91-5-C-j24-1.381.R", "mode": "rail", "line_name": "S5"}, {"line_id": "91-5-C-j24-1", "route_id": "829.TA.91-5-C-j24-1.153.R", "mode": "rail", "line_name": "S5"}, {"line_id": "91-5-C-j24-1", "route_id": "777.TA.91-5-C-j24-1.381.R", "mode": "rail", "line_name": "S5"}, {"line_id": "91-5-C-j24-1", "route_id": "604.TA.91-5-C-j24-1.113.R", "mode": "rail", "line_name": "S5"}, {"line_id": "91-5-C-j24-1", "route_id": "839.TA.91-5-C-j24-1.386.R", "mode": "rail", "line_name": "S5"}, {"line_id": "91-5-C-j24-1", "route_id": "798.TA.91-5-C-j24-1.382.R", "mode": "rail", "line_name": "S5"}, {"line_id": "91-5-C-j24-1", "route_id": "807.TA.91-5-C-j24-1.382.R", "mode": "rail", "line_name": "S5"}, {"line_id": "91-5-C-j24-1", "route_id": "696.TA.91-5-C-j24-1.135.R", "mode": "rail", "line_name": "S5"}, {"line_id": "91-5-C-j24-1", "route_id": "705.TA.91-5-C-j24-1.141.R", "mode": "rail", "line_name": "S5"}, {"line_id": "91-5-C-j24-1", "route_id": "831.TA.91-5-C-j24-1.153.R", "mode": "rail", "line_name": "S5"}], "predominant_mode": "rail", "assigned_canton": "Zug", "modes_list": ["rail"]}, "geometry": {"type": "Point", "coordinates": [8.478021754133025, 47.19532160453194]}}, {"id": "25939", "type": "Feature", "properties": {"name": "Steinhausen Rigiblick", "lon": 8.479548885533648, "lat": 47.18875931438622, "stop_id": ["8518459:0:1.link:1325659", "8518459:0:1.link:1325660"], "lines": [{"line_id": "91-5-C-j24-1", "route_id": "229.TA.91-5-C-j24-1.37.H", "mode": "rail", "line_name": "S5"}, {"line_id": "91-5-C-j24-1", "route_id": "238.TA.91-5-C-j24-1.227.H", "mode": "rail", "line_name": "S5"}, {"line_id": "91-5-C-j24-1", "route_id": "251.TA.91-5-C-j24-1.43.H", "mode": "rail", "line_name": "S5"}, {"line_id": "91-5-C-j24-1", "route_id": "356.TA.91-5-C-j24-1.72.H", "mode": "rail", "line_name": "S5"}, {"line_id": "91-5-C-j24-1", "route_id": "311.TA.91-5-C-j24-1.70.H", "mode": "rail", "line_name": "S5"}, {"line_id": "91-5-C-j24-1", "route_id": "236.TA.91-5-C-j24-1.39.H", "mode": "rail", "line_name": "S5"}, {"line_id": "91-5-C-j24-1", "route_id": "153.TA.91-5-C-j24-1.17.H", "mode": "rail", "line_name": "S5"}, {"line_id": "91-5-C-j24-1", "route_id": "364.TA.91-5-C-j24-1.72.H", "mode": "rail", "line_name": "S5"}, {"line_id": "91-5-C-j24-1", "route_id": "327.TA.91-5-C-j24-1.70.H", "mode": "rail", "line_name": "S5"}, {"line_id": "91-5-C-j24-1", "route_id": "764.TA.91-5-C-j24-1.381.R", "mode": "rail", "line_name": "S5"}, {"line_id": "91-5-C-j24-1", "route_id": "829.TA.91-5-C-j24-1.153.R", "mode": "rail", "line_name": "S5"}, {"line_id": "91-5-C-j24-1", "route_id": "777.TA.91-5-C-j24-1.381.R", "mode": "rail", "line_name": "S5"}, {"line_id": "91-5-C-j24-1", "route_id": "604.TA.91-5-C-j24-1.113.R", "mode": "rail", "line_name": "S5"}, {"line_id": "91-5-C-j24-1", "route_id": "839.TA.91-5-C-j24-1.386.R", "mode": "rail", "line_name": "S5"}, {"line_id": "91-5-C-j24-1", "route_id": "798.TA.91-5-C-j24-1.382.R", "mode": "rail", "line_name": "S5"}, {"line_id": "91-5-C-j24-1", "route_id": "807.TA.91-5-C-j24-1.382.R", "mode": "rail", "line_name": "S5"}, {"line_id": "91-5-C-j24-1", "route_id": "696.TA.91-5-C-j24-1.135.R", "mode": "rail", "line_name": "S5"}, {"line_id": "91-5-C-j24-1", "route_id": "705.TA.91-5-C-j24-1.141.R", "mode": "rail", "line_name": "S5"}, {"line_id": "91-5-C-j24-1", "route_id": "831.TA.91-5-C-j24-1.153.R", "mode": "rail", "line_name": "S5"}], "predominant_mode": "rail", "assigned_canton": "Zug", "modes_list": ["rail"]}, "geometry": {"type": "Point", "coordinates": [8.479548893921665, 47.188759324505]}}, {"id": "25940", "type": "Feature", "properties": {"name": "Steinhausen, Bahnhof", "lon": 8.478524805763678, "lat": 47.19577328440256, "stop_id": ["8595086.link:1222246", "8595086.link:1222247"], "lines": [{"line_id": "92-636-j24-1", "route_id": "86.TA.92-636-j24-1.3.H", "mode": "bus", "line_name": "636"}, {"line_id": "92-636-j24-1", "route_id": "132.TA.92-636-j24-1.3.H", "mode": "bus", "line_name": "636"}, {"line_id": "92-636-j24-1", "route_id": "206.TA.92-636-j24-1.4.R", "mode": "bus", "line_name": "636"}, {"line_id": "92-636-j24-1", "route_id": "273.TA.92-636-j24-1.4.R", "mode": "bus", "line_name": "636"}], "predominant_mode": "bus", "assigned_canton": "Zug", "modes_list": ["bus"]}, "geometry": {"type": "Point", "coordinates": [8.478524814148598, 47.195773294524095]}}, {"id": "25941", "type": "Feature", "properties": {"name": "Steinhausen, Birkenhalde", "lon": 8.481507215791577, "lat": 47.196560704355726, "stop_id": ["8593435:0:A.link:977474", "8593435:0:A.link:977476", "8593435:0:B.link:977475", "8593435:0:B.link:pt_8593435:0:B", "8593435:0:C.link:588227", "8593435:0:C.link:977475"], "lines": [{"line_id": "92-616-A-j24-1", "route_id": "54.TA.92-616-A-j24-1.5.R", "mode": "bus", "line_name": "616"}, {"line_id": "92-616-A-j24-1", "route_id": "70.TA.92-616-A-j24-1.6.R", "mode": "bus", "line_name": "616"}, {"line_id": "92-606-j24-1", "route_id": "217.TA.92-606-j24-1.16.R", "mode": "bus", "line_name": "606"}, {"line_id": "92-606-j24-1", "route_id": "307.TA.92-606-j24-1.17.R", "mode": "bus", "line_name": "606"}, {"line_id": "92-636-j24-1", "route_id": "273.TA.92-636-j24-1.4.R", "mode": "bus", "line_name": "636"}, {"line_id": "92-636-j24-1", "route_id": "206.TA.92-636-j24-1.4.R", "mode": "bus", "line_name": "636"}, {"line_id": "92-606-j24-1", "route_id": "345.TA.92-606-j24-1.18.R", "mode": "bus", "line_name": "606"}, {"line_id": "92-636-j24-1", "route_id": "86.TA.92-636-j24-1.3.H", "mode": "bus", "line_name": "636"}, {"line_id": "92-606-j24-1", "route_id": "6.TA.92-606-j24-1.10.H", "mode": "bus", "line_name": "606"}, {"line_id": "92-636-j24-1", "route_id": "132.TA.92-636-j24-1.3.H", "mode": "bus", "line_name": "636"}, {"line_id": "92-606-j24-1", "route_id": "173.TA.92-606-j24-1.14.H", "mode": "bus", "line_name": "606"}, {"line_id": "92-606-j24-1", "route_id": "136.TA.92-606-j24-1.13.H", "mode": "bus", "line_name": "606"}, {"line_id": "92-606-j24-1", "route_id": "173.TA.92-606-j24-1.14.H", "mode": "bus", "line_name": "606"}, {"line_id": "92-606-j24-1", "route_id": "136.TA.92-606-j24-1.13.H", "mode": "bus", "line_name": "606"}, {"line_id": "92-606-j24-1", "route_id": "70.TA.92-606-j24-1.11.H", "mode": "bus", "line_name": "606"}, {"line_id": "92-606-j24-1", "route_id": "1.TA.92-606-j24-1.9.H", "mode": "bus", "line_name": "606"}, {"line_id": "92-616-A-j24-1", "route_id": "14.TA.92-616-A-j24-1.4.H", "mode": "bus", "line_name": "616"}, {"line_id": "92-N4-C-j24-1", "route_id": "1.TA.92-N4-C-j24-1.3.H", "mode": "bus", "line_name": "N4"}, {"line_id": "92-606-j24-1", "route_id": "32.TA.92-606-j24-1.11.H", "mode": "bus", "line_name": "606"}], "predominant_mode": "bus", "assigned_canton": "Zug", "modes_list": ["bus"]}, "geometry": {"type": "Point", "coordinates": [8.481507224179198, 47.19656071447663]}}, {"id": "25942", "type": "Feature", "properties": {"name": "Steinhausen, Eichholz", "lon": 8.488541025629917, "lat": 47.191500304245096, "stop_id": ["8593436.link:518711", "8593436.link:518712"], "lines": [{"line_id": "92-616-A-j24-1", "route_id": "70.TA.92-616-A-j24-1.6.R", "mode": "bus", "line_name": "616"}, {"line_id": "92-606-j24-1", "route_id": "217.TA.92-606-j24-1.16.R", "mode": "bus", "line_name": "606"}, {"line_id": "92-606-j24-1", "route_id": "307.TA.92-606-j24-1.17.R", "mode": "bus", "line_name": "606"}, {"line_id": "92-636-j24-1", "route_id": "273.TA.92-636-j24-1.4.R", "mode": "bus", "line_name": "636"}, {"line_id": "92-636-j24-1", "route_id": "206.TA.92-636-j24-1.4.R", "mode": "bus", "line_name": "636"}, {"line_id": "92-616-A-j24-1", "route_id": "54.TA.92-616-A-j24-1.5.R", "mode": "bus", "line_name": "616"}, {"line_id": "92-606-j24-1", "route_id": "345.TA.92-606-j24-1.18.R", "mode": "bus", "line_name": "606"}, {"line_id": "92-606-j24-1", "route_id": "70.TA.92-606-j24-1.11.H", "mode": "bus", "line_name": "606"}, {"line_id": "92-606-j24-1", "route_id": "1.TA.92-606-j24-1.9.H", "mode": "bus", "line_name": "606"}, {"line_id": "92-636-j24-1", "route_id": "86.TA.92-636-j24-1.3.H", "mode": "bus", "line_name": "636"}, {"line_id": "92-606-j24-1", "route_id": "173.TA.92-606-j24-1.14.H", "mode": "bus", "line_name": "606"}, {"line_id": "92-606-j24-1", "route_id": "6.TA.92-606-j24-1.10.H", "mode": "bus", "line_name": "606"}, {"line_id": "92-636-j24-1", "route_id": "132.TA.92-636-j24-1.3.H", "mode": "bus", "line_name": "636"}, {"line_id": "92-606-j24-1", "route_id": "136.TA.92-606-j24-1.13.H", "mode": "bus", "line_name": "606"}, {"line_id": "92-616-A-j24-1", "route_id": "14.TA.92-616-A-j24-1.4.H", "mode": "bus", "line_name": "616"}, {"line_id": "92-N4-C-j24-1", "route_id": "1.TA.92-N4-C-j24-1.3.H", "mode": "bus", "line_name": "N4"}, {"line_id": "92-606-j24-1", "route_id": "32.TA.92-606-j24-1.11.H", "mode": "bus", "line_name": "606"}], "predominant_mode": "bus", "assigned_canton": "Zug", "modes_list": ["bus"]}, "geometry": {"type": "Point", "coordinates": [8.488541034025959, 47.19150031436229]}}, {"id": "25943", "type": "Feature", "properties": {"name": "Steinhausen, Hinterberg Bhf", "lon": 8.476117325731497, "lat": 47.194845474440335, "stop_id": ["8587377.link:431090", "8587377.link:431091"], "lines": [{"line_id": "92-606-j24-1", "route_id": "70.TA.92-606-j24-1.11.H", "mode": "bus", "line_name": "606"}, {"line_id": "92-606-j24-1", "route_id": "1.TA.92-606-j24-1.9.H", "mode": "bus", "line_name": "606"}, {"line_id": "92-606-j24-1", "route_id": "173.TA.92-606-j24-1.14.H", "mode": "bus", "line_name": "606"}, {"line_id": "92-606-j24-1", "route_id": "136.TA.92-606-j24-1.13.H", "mode": "bus", "line_name": "606"}, {"line_id": "92-616-A-j24-1", "route_id": "14.TA.92-616-A-j24-1.4.H", "mode": "bus", "line_name": "616"}, {"line_id": "92-N4-C-j24-1", "route_id": "1.TA.92-N4-C-j24-1.3.H", "mode": "bus", "line_name": "N4"}, {"line_id": "92-606-j24-1", "route_id": "32.TA.92-606-j24-1.11.H", "mode": "bus", "line_name": "606"}, {"line_id": "92-616-A-j24-1", "route_id": "70.TA.92-616-A-j24-1.6.R", "mode": "bus", "line_name": "616"}, {"line_id": "92-606-j24-1", "route_id": "217.TA.92-606-j24-1.16.R", "mode": "bus", "line_name": "606"}, {"line_id": "92-606-j24-1", "route_id": "307.TA.92-606-j24-1.17.R", "mode": "bus", "line_name": "606"}, {"line_id": "92-606-j24-1", "route_id": "345.TA.92-606-j24-1.18.R", "mode": "bus", "line_name": "606"}], "predominant_mode": "bus", "assigned_canton": "Zug", "modes_list": ["bus"]}, "geometry": {"type": "Point", "coordinates": [8.476117334114331, 47.19484548456226]}}, {"id": "25944", "type": "Feature", "properties": {"name": "Steinhausen, Oele", "lon": 8.486403035698745, "lat": 47.193636844278736, "stop_id": ["8593437.link:1222730", "8593437.link:1222731"], "lines": [{"line_id": "92-616-A-j24-1", "route_id": "70.TA.92-616-A-j24-1.6.R", "mode": "bus", "line_name": "616"}, {"line_id": "92-606-j24-1", "route_id": "217.TA.92-606-j24-1.16.R", "mode": "bus", "line_name": "606"}, {"line_id": "92-606-j24-1", "route_id": "307.TA.92-606-j24-1.17.R", "mode": "bus", "line_name": "606"}, {"line_id": "92-636-j24-1", "route_id": "273.TA.92-636-j24-1.4.R", "mode": "bus", "line_name": "636"}, {"line_id": "92-636-j24-1", "route_id": "206.TA.92-636-j24-1.4.R", "mode": "bus", "line_name": "636"}, {"line_id": "92-616-A-j24-1", "route_id": "54.TA.92-616-A-j24-1.5.R", "mode": "bus", "line_name": "616"}, {"line_id": "92-606-j24-1", "route_id": "345.TA.92-606-j24-1.18.R", "mode": "bus", "line_name": "606"}, {"line_id": "92-606-j24-1", "route_id": "70.TA.92-606-j24-1.11.H", "mode": "bus", "line_name": "606"}, {"line_id": "92-606-j24-1", "route_id": "1.TA.92-606-j24-1.9.H", "mode": "bus", "line_name": "606"}, {"line_id": "92-636-j24-1", "route_id": "86.TA.92-636-j24-1.3.H", "mode": "bus", "line_name": "636"}, {"line_id": "92-606-j24-1", "route_id": "173.TA.92-606-j24-1.14.H", "mode": "bus", "line_name": "606"}, {"line_id": "92-606-j24-1", "route_id": "6.TA.92-606-j24-1.10.H", "mode": "bus", "line_name": "606"}, {"line_id": "92-636-j24-1", "route_id": "132.TA.92-636-j24-1.3.H", "mode": "bus", "line_name": "636"}, {"line_id": "92-606-j24-1", "route_id": "136.TA.92-606-j24-1.13.H", "mode": "bus", "line_name": "606"}, {"line_id": "92-616-A-j24-1", "route_id": "14.TA.92-616-A-j24-1.4.H", "mode": "bus", "line_name": "616"}, {"line_id": "92-N4-C-j24-1", "route_id": "1.TA.92-N4-C-j24-1.3.H", "mode": "bus", "line_name": "N4"}, {"line_id": "92-606-j24-1", "route_id": "32.TA.92-606-j24-1.11.H", "mode": "bus", "line_name": "606"}], "predominant_mode": "bus", "assigned_canton": "Zug", "modes_list": ["bus"]}, "geometry": {"type": "Point", "coordinates": [8.48640304409205, 47.19363685439729]}}, {"id": "25945", "type": "Feature", "properties": {"name": "Steinhausen, Rigiweg", "lon": 8.480770595639086, "lat": 47.191939834367126, "stop_id": ["8595087.link:518620", "8595087.link:518621"], "lines": [{"line_id": "92-636-j24-1", "route_id": "86.TA.92-636-j24-1.3.H", "mode": "bus", "line_name": "636"}, {"line_id": "92-636-j24-1", "route_id": "132.TA.92-636-j24-1.3.H", "mode": "bus", "line_name": "636"}, {"line_id": "92-636-j24-1", "route_id": "206.TA.92-636-j24-1.4.R", "mode": "bus", "line_name": "636"}, {"line_id": "92-636-j24-1", "route_id": "273.TA.92-636-j24-1.4.R", "mode": "bus", "line_name": "636"}], "predominant_mode": "bus", "assigned_canton": "Zug", "modes_list": ["bus"]}, "geometry": {"type": "Point", "coordinates": [8.48077060402736, 47.1919398444867]}}, {"id": "25946", "type": "Feature", "properties": {"name": "Steinhausen, Sennweid", "lon": 8.484283005558774, "lat": 47.189424734311885, "stop_id": ["8595088.link:793532", "8595088.link:793533"], "lines": [{"line_id": "92-636-j24-1", "route_id": "206.TA.92-636-j24-1.4.R", "mode": "bus", "line_name": "636"}, {"line_id": "92-636-j24-1", "route_id": "273.TA.92-636-j24-1.4.R", "mode": "bus", "line_name": "636"}, {"line_id": "92-636-j24-1", "route_id": "86.TA.92-636-j24-1.3.H", "mode": "bus", "line_name": "636"}, {"line_id": "92-636-j24-1", "route_id": "132.TA.92-636-j24-1.3.H", "mode": "bus", "line_name": "636"}], "predominant_mode": "bus", "assigned_canton": "Zug", "modes_list": ["bus"]}, "geometry": {"type": "Point", "coordinates": [8.484283013951252, 47.189424744429594]}}, {"id": "25947", "type": "Feature", "properties": {"name": "Steinhausen, Sumpfstrasse", "lon": 8.489035095470452, "lat": 47.186640904237144, "stop_id": ["8595393.link:1215631", "8595393.link:1215632"], "lines": [{"line_id": "92-607-j24-1", "route_id": "101.TA.92-607-j24-1.1.H", "mode": "bus", "line_name": "607"}, {"line_id": "92-607-j24-1", "route_id": "23.TA.92-607-j24-1.1.H", "mode": "bus", "line_name": "607"}, {"line_id": "92-607-j24-1", "route_id": "173.TA.92-607-j24-1.3.R", "mode": "bus", "line_name": "607"}], "predominant_mode": "bus", "assigned_canton": "Zug", "modes_list": ["bus"]}, "geometry": {"type": "Point", "coordinates": [8.48903510386843, 47.18664091435246]}}, {"id": "25948", "type": "Feature", "properties": {"name": "Steinhausen, Turmstrasse", "lon": 8.481606025479062, "lat": 47.18705604435384, "stop_id": ["8595394.link:1058665", "8595394.link:1058666"], "lines": [{"line_id": "92-607-j24-1", "route_id": "101.TA.92-607-j24-1.1.H", "mode": "bus", "line_name": "607"}, {"line_id": "92-607-j24-1", "route_id": "23.TA.92-607-j24-1.1.H", "mode": "bus", "line_name": "607"}, {"line_id": "92-607-j24-1", "route_id": "173.TA.92-607-j24-1.3.R", "mode": "bus", "line_name": "607"}], "predominant_mode": "bus", "assigned_canton": "Zug", "modes_list": ["bus"]}, "geometry": {"type": "Point", "coordinates": [8.481606033869605, 47.187056054471455]}}, {"id": "25949", "type": "Feature", "properties": {"name": "Steinhausen, Zentrum", "lon": 8.484085375799982, "lat": 47.19676213431526, "stop_id": ["8587378.link:518728", "8587378.link:518730", "8587378.link:518731"], "lines": [{"line_id": "92-606-j24-1", "route_id": "173.TA.92-606-j24-1.14.H", "mode": "bus", "line_name": "606"}, {"line_id": "92-606-j24-1", "route_id": "136.TA.92-606-j24-1.13.H", "mode": "bus", "line_name": "606"}, {"line_id": "92-606-j24-1", "route_id": "70.TA.92-606-j24-1.11.H", "mode": "bus", "line_name": "606"}, {"line_id": "92-606-j24-1", "route_id": "1.TA.92-606-j24-1.9.H", "mode": "bus", "line_name": "606"}, {"line_id": "92-636-j24-1", "route_id": "86.TA.92-636-j24-1.3.H", "mode": "bus", "line_name": "636"}, {"line_id": "92-606-j24-1", "route_id": "6.TA.92-606-j24-1.10.H", "mode": "bus", "line_name": "606"}, {"line_id": "92-636-j24-1", "route_id": "132.TA.92-636-j24-1.3.H", "mode": "bus", "line_name": "636"}, {"line_id": "92-616-A-j24-1", "route_id": "14.TA.92-616-A-j24-1.4.H", "mode": "bus", "line_name": "616"}, {"line_id": "92-N4-C-j24-1", "route_id": "1.TA.92-N4-C-j24-1.3.H", "mode": "bus", "line_name": "N4"}, {"line_id": "92-606-j24-1", "route_id": "32.TA.92-606-j24-1.11.H", "mode": "bus", "line_name": "606"}, {"line_id": "92-616-A-j24-1", "route_id": "70.TA.92-616-A-j24-1.6.R", "mode": "bus", "line_name": "616"}, {"line_id": "92-606-j24-1", "route_id": "217.TA.92-606-j24-1.16.R", "mode": "bus", "line_name": "606"}, {"line_id": "92-606-j24-1", "route_id": "307.TA.92-606-j24-1.17.R", "mode": "bus", "line_name": "606"}, {"line_id": "92-636-j24-1", "route_id": "273.TA.92-636-j24-1.4.R", "mode": "bus", "line_name": "636"}, {"line_id": "92-636-j24-1", "route_id": "206.TA.92-636-j24-1.4.R", "mode": "bus", "line_name": "636"}, {"line_id": "92-616-A-j24-1", "route_id": "54.TA.92-616-A-j24-1.5.R", "mode": "bus", "line_name": "616"}, {"line_id": "92-606-j24-1", "route_id": "345.TA.92-606-j24-1.18.R", "mode": "bus", "line_name": "606"}], "predominant_mode": "bus", "assigned_canton": "Zug", "modes_list": ["bus"]}, "geometry": {"type": "Point", "coordinates": [8.484085384190076, 47.19676214443557]}}, {"id": "25950", "type": "Feature", "properties": {"name": "Steinhausen, Zugerland EKZ", "lon": 8.476728175629113, "lat": 47.191720074430606, "stop_id": ["8587515.link:120117", "8587515.link:120118", "8587515.link:374251", "8587515.link:374252"], "lines": [{"line_id": "92-616-A-j24-1", "route_id": "14.TA.92-616-A-j24-1.4.H", "mode": "bus", "line_name": "616"}, {"line_id": "92-616-A-j24-1", "route_id": "70.TA.92-616-A-j24-1.6.R", "mode": "bus", "line_name": "616"}, {"line_id": "92-606-j24-1", "route_id": "217.TA.92-606-j24-1.16.R", "mode": "bus", "line_name": "606"}, {"line_id": "92-606-j24-1", "route_id": "307.TA.92-606-j24-1.17.R", "mode": "bus", "line_name": "606"}, {"line_id": "92-606-j24-1", "route_id": "345.TA.92-606-j24-1.18.R", "mode": "bus", "line_name": "606"}, {"line_id": "92-606-j24-1", "route_id": "70.TA.92-606-j24-1.11.H", "mode": "bus", "line_name": "606"}, {"line_id": "92-606-j24-1", "route_id": "1.TA.92-606-j24-1.9.H", "mode": "bus", "line_name": "606"}, {"line_id": "92-606-j24-1", "route_id": "173.TA.92-606-j24-1.14.H", "mode": "bus", "line_name": "606"}, {"line_id": "92-606-j24-1", "route_id": "136.TA.92-606-j24-1.13.H", "mode": "bus", "line_name": "606"}, {"line_id": "92-N4-C-j24-1", "route_id": "1.TA.92-N4-C-j24-1.3.H", "mode": "bus", "line_name": "N4"}, {"line_id": "92-606-j24-1", "route_id": "32.TA.92-606-j24-1.11.H", "mode": "bus", "line_name": "606"}], "predominant_mode": "bus", "assigned_canton": "Zug", "modes_list": ["bus"]}, "geometry": {"type": "Point", "coordinates": [8.476728184013476, 47.19172008455125]}}, {"id": "27674", "type": "Feature", "properties": {"name": "Unter\u00e4geri (See)", "lon": 8.589331993940462, "lat": 47.138046802659694, "stop_id": ["8530742.link:pt_8530742"], "lines": [{"line_id": "94-16-Y-j24-1", "route_id": "7.TA.94-16-Y-j24-1.3.H", "mode": "ferry", "line_name": "BAT"}, {"line_id": "94-16-Y-j24-1", "route_id": "2.TA.94-16-Y-j24-1.2.H", "mode": "ferry", "line_name": "BAT"}], "predominant_mode": "ferry", "assigned_canton": "Zug", "modes_list": ["ferry"]}, "geometry": {"type": "Point", "coordinates": [8.589332002451266, 47.13804681272912]}}, {"id": "27675", "type": "Feature", "properties": {"name": "Unter\u00e4geri, Buechli", "lon": 8.59393137392578, "lat": 47.13750906258743, "stop_id": ["8502294.link:1639928", "8502294.link:1639929"], "lines": [{"line_id": "92-N1-D-j24-1", "route_id": "1.TA.92-N1-D-j24-1.6.H", "mode": "bus", "line_name": "N1"}, {"line_id": "92-601-A-j24-1", "route_id": "83.TA.92-601-A-j24-1.3.H", "mode": "bus", "line_name": "601"}, {"line_id": "92-601-A-j24-1", "route_id": "13.TA.92-601-A-j24-1.3.H", "mode": "bus", "line_name": "601"}, {"line_id": "92-601-A-j24-1", "route_id": "183.TA.92-601-A-j24-1.3.H", "mode": "bus", "line_name": "601"}, {"line_id": "92-634-j24-1", "route_id": "6.TA.92-634-j24-1.3.H", "mode": "bus", "line_name": "634"}, {"line_id": "92-634-j24-1", "route_id": "98.TA.92-634-j24-1.4.H", "mode": "bus", "line_name": "634"}, {"line_id": "92-634-j24-1", "route_id": "32.TA.92-634-j24-1.4.H", "mode": "bus", "line_name": "634"}, {"line_id": "92-612-C-j24-1", "route_id": "4.TA.92-612-C-j24-1.7.H", "mode": "bus", "line_name": "612"}, {"line_id": "92-612-C-j24-1", "route_id": "6.TA.92-612-C-j24-1.8.H", "mode": "bus", "line_name": "612"}, {"line_id": "92-634-j24-1", "route_id": "14.TA.92-634-j24-1.4.H", "mode": "bus", "line_name": "634"}, {"line_id": "92-634-j24-1", "route_id": "139.TA.92-634-j24-1.5.R", "mode": "bus", "line_name": "634"}, {"line_id": "92-612-C-j24-1", "route_id": "36.TA.92-612-C-j24-1.10.R", "mode": "bus", "line_name": "612"}, {"line_id": "92-601-A-j24-1", "route_id": "569.TA.92-601-A-j24-1.4.R", "mode": "bus", "line_name": "601"}, {"line_id": "92-634-j24-1", "route_id": "152.TA.92-634-j24-1.5.R", "mode": "bus", "line_name": "634"}, {"line_id": "92-634-j24-1", "route_id": "162.TA.92-634-j24-1.5.R", "mode": "bus", "line_name": "634"}, {"line_id": "92-601-A-j24-1", "route_id": "397.TA.92-601-A-j24-1.4.R", "mode": "bus", "line_name": "601"}, {"line_id": "92-612-C-j24-1", "route_id": "20.TA.92-612-C-j24-1.9.R", "mode": "bus", "line_name": "612"}, {"line_id": "92-601-A-j24-1", "route_id": "538.TA.92-601-A-j24-1.4.R", "mode": "bus", "line_name": "601"}], "predominant_mode": "bus", "assigned_canton": "Zug", "modes_list": ["bus"]}, "geometry": {"type": "Point", "coordinates": [8.593931382441237, 47.13750907265532]}}, {"id": "27676", "type": "Feature", "properties": {"name": "Unter\u00e4geri, Chl\u00f6sterli", "lon": 8.57627049371342, "lat": 47.13138578286453, "stop_id": ["8595727.link:pt_8595727"], "lines": [{"line_id": "92-619-j24-1", "route_id": "3.TA.92-619-j24-1.5.H", "mode": "bus", "line_name": "619"}, {"line_id": "92-619-j24-1", "route_id": "59.TA.92-619-j24-1.4.R", "mode": "bus", "line_name": "619"}, {"line_id": "92-619-j24-1", "route_id": "63.TA.92-619-j24-1.4.R", "mode": "bus", "line_name": "619"}, {"line_id": "92-619-j24-1", "route_id": "60.TA.92-619-j24-1.4.R", "mode": "bus", "line_name": "619"}, {"line_id": "92-619-j24-1", "route_id": "30.TA.92-619-j24-1.2.H", "mode": "bus", "line_name": "619"}], "predominant_mode": "bus", "assigned_canton": "Zug", "modes_list": ["bus"]}, "geometry": {"type": "Point", "coordinates": [8.576270502213443, 47.13138579293537]}}, {"id": "27677", "type": "Feature", "properties": {"name": "Unter\u00e4geri, Klinik Adelheid", "lon": 8.591901174049028, "lat": 47.14130368261945, "stop_id": ["8595726.link:1770519", "8595726.link:1770520"], "lines": [{"line_id": "92-619-j24-1", "route_id": "60.TA.92-619-j24-1.4.R", "mode": "bus", "line_name": "619"}, {"line_id": "92-619-j24-1", "route_id": "63.TA.92-619-j24-1.4.R", "mode": "bus", "line_name": "619"}, {"line_id": "92-619-j24-1", "route_id": "51.TA.92-619-j24-1.3.R", "mode": "bus", "line_name": "619"}, {"line_id": "92-619-j24-1", "route_id": "59.TA.92-619-j24-1.4.R", "mode": "bus", "line_name": "619"}, {"line_id": "92-619-j24-1", "route_id": "30.TA.92-619-j24-1.2.H", "mode": "bus", "line_name": "619"}, {"line_id": "92-619-j24-1", "route_id": "11.TA.92-619-j24-1.1.H", "mode": "bus", "line_name": "619"}], "predominant_mode": "bus", "assigned_canton": "Zug", "modes_list": ["bus"]}, "geometry": {"type": "Point", "coordinates": [8.59190118256136, 47.14130369268932]}}, {"id": "27678", "type": "Feature", "properties": {"name": "Unter\u00e4geri, Seefeld", "lon": 8.586223823926217, "lat": 47.13767405270848, "stop_id": ["8577538.link:1972007", "8577538.link:1972008"], "lines": [{"line_id": "92-N1-D-j24-1", "route_id": "1.TA.92-N1-D-j24-1.6.H", "mode": "bus", "line_name": "N1"}, {"line_id": "92-601-A-j24-1", "route_id": "83.TA.92-601-A-j24-1.3.H", "mode": "bus", "line_name": "601"}, {"line_id": "92-601-A-j24-1", "route_id": "13.TA.92-601-A-j24-1.3.H", "mode": "bus", "line_name": "601"}, {"line_id": "92-601-A-j24-1", "route_id": "183.TA.92-601-A-j24-1.3.H", "mode": "bus", "line_name": "601"}, {"line_id": "92-634-j24-1", "route_id": "6.TA.92-634-j24-1.3.H", "mode": "bus", "line_name": "634"}, {"line_id": "92-634-j24-1", "route_id": "98.TA.92-634-j24-1.4.H", "mode": "bus", "line_name": "634"}, {"line_id": "92-634-j24-1", "route_id": "32.TA.92-634-j24-1.4.H", "mode": "bus", "line_name": "634"}, {"line_id": "92-612-C-j24-1", "route_id": "4.TA.92-612-C-j24-1.7.H", "mode": "bus", "line_name": "612"}, {"line_id": "92-612-C-j24-1", "route_id": "6.TA.92-612-C-j24-1.8.H", "mode": "bus", "line_name": "612"}, {"line_id": "92-634-j24-1", "route_id": "14.TA.92-634-j24-1.4.H", "mode": "bus", "line_name": "634"}, {"line_id": "92-634-j24-1", "route_id": "139.TA.92-634-j24-1.5.R", "mode": "bus", "line_name": "634"}, {"line_id": "92-612-C-j24-1", "route_id": "36.TA.92-612-C-j24-1.10.R", "mode": "bus", "line_name": "612"}, {"line_id": "92-601-A-j24-1", "route_id": "569.TA.92-601-A-j24-1.4.R", "mode": "bus", "line_name": "601"}, {"line_id": "92-634-j24-1", "route_id": "152.TA.92-634-j24-1.5.R", "mode": "bus", "line_name": "634"}, {"line_id": "92-634-j24-1", "route_id": "162.TA.92-634-j24-1.5.R", "mode": "bus", "line_name": "634"}, {"line_id": "92-601-A-j24-1", "route_id": "397.TA.92-601-A-j24-1.4.R", "mode": "bus", "line_name": "601"}, {"line_id": "92-612-C-j24-1", "route_id": "20.TA.92-612-C-j24-1.9.R", "mode": "bus", "line_name": "612"}, {"line_id": "92-601-A-j24-1", "route_id": "538.TA.92-601-A-j24-1.4.R", "mode": "bus", "line_name": "601"}], "predominant_mode": "bus", "assigned_canton": "Zug", "modes_list": ["bus"]}, "geometry": {"type": "Point", "coordinates": [8.58622383243409, 47.13767406277868]}}, {"id": "27679", "type": "Feature", "properties": {"name": "Unter\u00e4geri, Spinnerei", "lon": 8.572847914023853, "lat": 47.14091262291872, "stop_id": ["8502853.link:1882952", "8502853.link:1882953"], "lines": [{"line_id": "92-634-j24-1", "route_id": "139.TA.92-634-j24-1.5.R", "mode": "bus", "line_name": "634"}, {"line_id": "92-612-C-j24-1", "route_id": "36.TA.92-612-C-j24-1.10.R", "mode": "bus", "line_name": "612"}, {"line_id": "92-601-A-j24-1", "route_id": "569.TA.92-601-A-j24-1.4.R", "mode": "bus", "line_name": "601"}, {"line_id": "92-634-j24-1", "route_id": "152.TA.92-634-j24-1.5.R", "mode": "bus", "line_name": "634"}, {"line_id": "92-634-j24-1", "route_id": "162.TA.92-634-j24-1.5.R", "mode": "bus", "line_name": "634"}, {"line_id": "92-601-A-j24-1", "route_id": "397.TA.92-601-A-j24-1.4.R", "mode": "bus", "line_name": "601"}, {"line_id": "92-612-C-j24-1", "route_id": "20.TA.92-612-C-j24-1.9.R", "mode": "bus", "line_name": "612"}, {"line_id": "92-601-A-j24-1", "route_id": "538.TA.92-601-A-j24-1.4.R", "mode": "bus", "line_name": "601"}, {"line_id": "92-N1-D-j24-1", "route_id": "1.TA.92-N1-D-j24-1.6.H", "mode": "bus", "line_name": "N1"}, {"line_id": "92-601-A-j24-1", "route_id": "83.TA.92-601-A-j24-1.3.H", "mode": "bus", "line_name": "601"}, {"line_id": "92-601-A-j24-1", "route_id": "13.TA.92-601-A-j24-1.3.H", "mode": "bus", "line_name": "601"}, {"line_id": "92-601-A-j24-1", "route_id": "183.TA.92-601-A-j24-1.3.H", "mode": "bus", "line_name": "601"}, {"line_id": "92-634-j24-1", "route_id": "6.TA.92-634-j24-1.3.H", "mode": "bus", "line_name": "634"}, {"line_id": "92-634-j24-1", "route_id": "98.TA.92-634-j24-1.4.H", "mode": "bus", "line_name": "634"}, {"line_id": "92-634-j24-1", "route_id": "32.TA.92-634-j24-1.4.H", "mode": "bus", "line_name": "634"}, {"line_id": "92-612-C-j24-1", "route_id": "4.TA.92-612-C-j24-1.7.H", "mode": "bus", "line_name": "612"}, {"line_id": "92-612-C-j24-1", "route_id": "6.TA.92-612-C-j24-1.8.H", "mode": "bus", "line_name": "612"}, {"line_id": "92-634-j24-1", "route_id": "14.TA.92-634-j24-1.4.H", "mode": "bus", "line_name": "634"}], "predominant_mode": "bus", "assigned_canton": "Zug", "modes_list": ["bus"]}, "geometry": {"type": "Point", "coordinates": [8.572847922517681, 47.140912632993945]}}, {"id": "27680", "type": "Feature", "properties": {"name": "Unter\u00e4geri, Zentrum", "lon": 8.581804113921951, "lat": 47.13763128277786, "stop_id": ["8502286.link:385632", "8502286.link:385633"], "lines": [{"line_id": "92-634-j24-1", "route_id": "139.TA.92-634-j24-1.5.R", "mode": "bus", "line_name": "634"}, {"line_id": "92-612-C-j24-1", "route_id": "36.TA.92-612-C-j24-1.10.R", "mode": "bus", "line_name": "612"}, {"line_id": "92-601-A-j24-1", "route_id": "569.TA.92-601-A-j24-1.4.R", "mode": "bus", "line_name": "601"}, {"line_id": "92-634-j24-1", "route_id": "152.TA.92-634-j24-1.5.R", "mode": "bus", "line_name": "634"}, {"line_id": "92-619-j24-1", "route_id": "11.TA.92-619-j24-1.1.H", "mode": "bus", "line_name": "619"}, {"line_id": "92-634-j24-1", "route_id": "162.TA.92-634-j24-1.5.R", "mode": "bus", "line_name": "634"}, {"line_id": "92-619-j24-1", "route_id": "30.TA.92-619-j24-1.2.H", "mode": "bus", "line_name": "619"}, {"line_id": "92-601-A-j24-1", "route_id": "397.TA.92-601-A-j24-1.4.R", "mode": "bus", "line_name": "601"}, {"line_id": "92-612-C-j24-1", "route_id": "20.TA.92-612-C-j24-1.9.R", "mode": "bus", "line_name": "612"}, {"line_id": "92-601-A-j24-1", "route_id": "538.TA.92-601-A-j24-1.4.R", "mode": "bus", "line_name": "601"}, {"line_id": "92-N1-D-j24-1", "route_id": "1.TA.92-N1-D-j24-1.6.H", "mode": "bus", "line_name": "N1"}, {"line_id": "92-601-A-j24-1", "route_id": "83.TA.92-601-A-j24-1.3.H", "mode": "bus", "line_name": "601"}, {"line_id": "92-619-j24-1", "route_id": "3.TA.92-619-j24-1.5.H", "mode": "bus", "line_name": "619"}, {"line_id": "92-601-A-j24-1", "route_id": "13.TA.92-601-A-j24-1.3.H", "mode": "bus", "line_name": "601"}, {"line_id": "92-619-j24-1", "route_id": "51.TA.92-619-j24-1.3.R", "mode": "bus", "line_name": "619"}, {"line_id": "92-601-A-j24-1", "route_id": "183.TA.92-601-A-j24-1.3.H", "mode": "bus", "line_name": "601"}, {"line_id": "92-619-j24-1", "route_id": "59.TA.92-619-j24-1.4.R", "mode": "bus", "line_name": "619"}, {"line_id": "92-634-j24-1", "route_id": "6.TA.92-634-j24-1.3.H", "mode": "bus", "line_name": "634"}, {"line_id": "92-619-j24-1", "route_id": "63.TA.92-619-j24-1.4.R", "mode": "bus", "line_name": "619"}, {"line_id": "92-634-j24-1", "route_id": "98.TA.92-634-j24-1.4.H", "mode": "bus", "line_name": "634"}, {"line_id": "92-634-j24-1", "route_id": "32.TA.92-634-j24-1.4.H", "mode": "bus", "line_name": "634"}, {"line_id": "92-612-C-j24-1", "route_id": "4.TA.92-612-C-j24-1.7.H", "mode": "bus", "line_name": "612"}, {"line_id": "92-619-j24-1", "route_id": "60.TA.92-619-j24-1.4.R", "mode": "bus", "line_name": "619"}, {"line_id": "92-612-C-j24-1", "route_id": "6.TA.92-612-C-j24-1.8.H", "mode": "bus", "line_name": "612"}, {"line_id": "92-634-j24-1", "route_id": "14.TA.92-634-j24-1.4.H", "mode": "bus", "line_name": "634"}], "predominant_mode": "bus", "assigned_canton": "Zug", "modes_list": ["bus"]}, "geometry": {"type": "Point", "coordinates": [8.581804122425519, 47.13763129284932]}}, {"id": "27681", "type": "Feature", "properties": {"name": "Unter\u00e4geri, Zimmel", "lon": 8.574779283953495, "lat": 47.13873119288831, "stop_id": ["8577537.link:1007840", "8577537.link:1007841"], "lines": [{"line_id": "92-634-j24-1", "route_id": "139.TA.92-634-j24-1.5.R", "mode": "bus", "line_name": "634"}, {"line_id": "92-612-C-j24-1", "route_id": "36.TA.92-612-C-j24-1.10.R", "mode": "bus", "line_name": "612"}, {"line_id": "92-601-A-j24-1", "route_id": "569.TA.92-601-A-j24-1.4.R", "mode": "bus", "line_name": "601"}, {"line_id": "92-634-j24-1", "route_id": "152.TA.92-634-j24-1.5.R", "mode": "bus", "line_name": "634"}, {"line_id": "92-634-j24-1", "route_id": "162.TA.92-634-j24-1.5.R", "mode": "bus", "line_name": "634"}, {"line_id": "92-601-A-j24-1", "route_id": "397.TA.92-601-A-j24-1.4.R", "mode": "bus", "line_name": "601"}, {"line_id": "92-612-C-j24-1", "route_id": "20.TA.92-612-C-j24-1.9.R", "mode": "bus", "line_name": "612"}, {"line_id": "92-601-A-j24-1", "route_id": "538.TA.92-601-A-j24-1.4.R", "mode": "bus", "line_name": "601"}, {"line_id": "92-N1-D-j24-1", "route_id": "1.TA.92-N1-D-j24-1.6.H", "mode": "bus", "line_name": "N1"}, {"line_id": "92-601-A-j24-1", "route_id": "83.TA.92-601-A-j24-1.3.H", "mode": "bus", "line_name": "601"}, {"line_id": "92-601-A-j24-1", "route_id": "13.TA.92-601-A-j24-1.3.H", "mode": "bus", "line_name": "601"}, {"line_id": "92-601-A-j24-1", "route_id": "183.TA.92-601-A-j24-1.3.H", "mode": "bus", "line_name": "601"}, {"line_id": "92-634-j24-1", "route_id": "6.TA.92-634-j24-1.3.H", "mode": "bus", "line_name": "634"}, {"line_id": "92-634-j24-1", "route_id": "98.TA.92-634-j24-1.4.H", "mode": "bus", "line_name": "634"}, {"line_id": "92-634-j24-1", "route_id": "32.TA.92-634-j24-1.4.H", "mode": "bus", "line_name": "634"}, {"line_id": "92-612-C-j24-1", "route_id": "4.TA.92-612-C-j24-1.7.H", "mode": "bus", "line_name": "612"}, {"line_id": "92-612-C-j24-1", "route_id": "6.TA.92-612-C-j24-1.8.H", "mode": "bus", "line_name": "612"}, {"line_id": "92-634-j24-1", "route_id": "14.TA.92-634-j24-1.4.H", "mode": "bus", "line_name": "634"}], "predominant_mode": "bus", "assigned_canton": "Zug", "modes_list": ["bus"]}, "geometry": {"type": "Point", "coordinates": [8.574779292449863, 47.13873120296219]}}, {"id": "28941", "type": "Feature", "properties": {"name": "Walchwil", "lon": 8.516730152618935, "lat": 47.0992116837979, "stop_id": ["8502205:0:3.link:1552836", "8502205:0:3.link:1552837"], "lines": [{"line_id": "91-2-C-j24-1", "route_id": "98.TA.91-2-C-j24-1.88.H", "mode": "rail", "line_name": "S2"}, {"line_id": "91-2-C-j24-1", "route_id": "23.TA.91-2-C-j24-1.5.H", "mode": "rail", "line_name": "S2"}, {"line_id": "91-2-C-j24-1", "route_id": "9.TA.91-2-C-j24-1.3.H", "mode": "rail", "line_name": "S2"}, {"line_id": "91-2-C-j24-1", "route_id": "86.TA.91-2-C-j24-1.35.H", "mode": "rail", "line_name": "S2"}, {"line_id": "91-2-C-j24-1", "route_id": "48.TA.91-2-C-j24-1.21.H", "mode": "rail", "line_name": "S2"}, {"line_id": "91-2-C-j24-1", "route_id": "180.TA.91-2-C-j24-1.60.R", "mode": "rail", "line_name": "S2"}, {"line_id": "91-2-C-j24-1", "route_id": "118.TA.91-2-C-j24-1.43.R", "mode": "rail", "line_name": "S2"}, {"line_id": "91-2-C-j24-1", "route_id": "139.TA.91-2-C-j24-1.49.R", "mode": "rail", "line_name": "S2"}, {"line_id": "91-2-C-j24-1", "route_id": "130.TA.91-2-C-j24-1.46.R", "mode": "rail", "line_name": "S2"}, {"line_id": "91-2-C-j24-1", "route_id": "191.TA.91-2-C-j24-1.90.R", "mode": "rail", "line_name": "S2"}], "predominant_mode": "rail", "assigned_canton": "Zug", "modes_list": ["rail"]}, "geometry": {"type": "Point", "coordinates": [8.516730161070061, 47.09921169387412]}}, {"id": "28942", "type": "Feature", "properties": {"name": "Walchwil (See)", "lon": 8.512490102631288, "lat": 47.099676433864474, "stop_id": ["8502258.link:pt_8502258"], "lines": [{"line_id": "94-10-Y-j24-1", "route_id": "1.TA.94-10-Y-j24-1.1.H", "mode": "ferry", "line_name": "BAT"}, {"line_id": "94-10-Y-j24-1", "route_id": "3.TA.94-10-Y-j24-1.2.H", "mode": "ferry", "line_name": "BAT"}], "predominant_mode": "ferry", "assigned_canton": "Zug", "modes_list": ["ferry"]}, "geometry": {"type": "Point", "coordinates": [8.512490111078105, 47.09967644394212]}}, {"id": "28943", "type": "Feature", "properties": {"name": "Walchwil H\u00f6rndli", "lon": 8.504405262922285, "lat": 47.10871983399207, "stop_id": ["8517112:0:1.link:474498", "8517112:0:1.link:474499"], "lines": [{"line_id": "91-2-C-j24-1", "route_id": "98.TA.91-2-C-j24-1.88.H", "mode": "rail", "line_name": "S2"}, {"line_id": "91-2-C-j24-1", "route_id": "23.TA.91-2-C-j24-1.5.H", "mode": "rail", "line_name": "S2"}, {"line_id": "91-2-C-j24-1", "route_id": "9.TA.91-2-C-j24-1.3.H", "mode": "rail", "line_name": "S2"}, {"line_id": "91-2-C-j24-1", "route_id": "86.TA.91-2-C-j24-1.35.H", "mode": "rail", "line_name": "S2"}, {"line_id": "91-2-C-j24-1", "route_id": "48.TA.91-2-C-j24-1.21.H", "mode": "rail", "line_name": "S2"}, {"line_id": "91-2-C-j24-1", "route_id": "180.TA.91-2-C-j24-1.60.R", "mode": "rail", "line_name": "S2"}, {"line_id": "91-2-C-j24-1", "route_id": "118.TA.91-2-C-j24-1.43.R", "mode": "rail", "line_name": "S2"}, {"line_id": "91-2-C-j24-1", "route_id": "139.TA.91-2-C-j24-1.49.R", "mode": "rail", "line_name": "S2"}, {"line_id": "91-2-C-j24-1", "route_id": "130.TA.91-2-C-j24-1.46.R", "mode": "rail", "line_name": "S2"}, {"line_id": "91-2-C-j24-1", "route_id": "191.TA.91-2-C-j24-1.90.R", "mode": "rail", "line_name": "S2"}], "predominant_mode": "rail", "assigned_canton": "Zug", "modes_list": ["rail"]}, "geometry": {"type": "Point", "coordinates": [8.50440527135847, 47.10871984407532]}}, {"id": "28944", "type": "Feature", "properties": {"name": "Walchwil, Aesch", "lon": 8.522299712515036, "lat": 47.09592777371021, "stop_id": ["8595342.link:984902"], "lines": [{"line_id": "92-626-A-j24-1", "route_id": "3.TA.92-626-A-j24-1.1.H", "mode": "bus", "line_name": "626"}], "predominant_mode": "bus", "assigned_canton": "Zug", "modes_list": ["bus"]}, "geometry": {"type": "Point", "coordinates": [8.522299720972612, 47.095927783783736]}}, {"id": "28945", "type": "Feature", "properties": {"name": "Walchwil, Bahnhof", "lon": 8.516828972598734, "lat": 47.09859405379629, "stop_id": ["8502988.link:1177348", "8502988.link:1177349"], "lines": [{"line_id": "92-605-A-j24-1", "route_id": "38.TA.92-605-A-j24-1.3.H", "mode": "bus", "line_name": "605"}, {"line_id": "92-605-A-j24-1", "route_id": "14.TA.92-605-A-j24-1.3.H", "mode": "bus", "line_name": "605"}, {"line_id": "92-626-A-j24-1", "route_id": "3.TA.92-626-A-j24-1.1.H", "mode": "bus", "line_name": "626"}, {"line_id": "92-N5-A-j24-1", "route_id": "1.TA.92-N5-A-j24-1.8.H", "mode": "bus", "line_name": "N5"}, {"line_id": "92-605-A-j24-1", "route_id": "107.TA.92-605-A-j24-1.4.R", "mode": "bus", "line_name": "605"}, {"line_id": "92-626-A-j24-1", "route_id": "3.TA.92-626-A-j24-1.1.H", "mode": "bus", "line_name": "626"}, {"line_id": "92-605-A-j24-1", "route_id": "74.TA.92-605-A-j24-1.4.R", "mode": "bus", "line_name": "605"}], "predominant_mode": "bus", "assigned_canton": "Zug", "modes_list": ["bus"]}, "geometry": {"type": "Point", "coordinates": [8.51682898105014, 47.098594063872376]}}, {"id": "28946", "type": "Feature", "properties": {"name": "Walchwil, Blimoos", "lon": 8.513900462777157, "lat": 47.10409743384267, "stop_id": ["8595497.link:912384"], "lines": [{"line_id": "92-626-A-j24-1", "route_id": "3.TA.92-626-A-j24-1.1.H", "mode": "bus", "line_name": "626"}], "predominant_mode": "bus", "assigned_canton": "Zug", "modes_list": ["bus"]}, "geometry": {"type": "Point", "coordinates": [8.513900471224057, 47.104097443921525]}}, {"id": "28947", "type": "Feature", "properties": {"name": "Walchwil, Chellen", "lon": 8.522730902574041, "lat": 47.09771957370354, "stop_id": ["8595335.link:985188"], "lines": [{"line_id": "92-626-A-j24-1", "route_id": "3.TA.92-626-A-j24-1.1.H", "mode": "bus", "line_name": "626"}], "predominant_mode": "bus", "assigned_canton": "Zug", "modes_list": ["bus"]}, "geometry": {"type": "Point", "coordinates": [8.522730911031513, 47.09771958377757]}}, {"id": "28948", "type": "Feature", "properties": {"name": "Walchwil, Engel", "lon": 8.513262652621972, "lat": 47.099376793852336, "stop_id": ["8577554.link:99880"], "lines": [{"line_id": "92-605-A-j24-1", "route_id": "38.TA.92-605-A-j24-1.3.H", "mode": "bus", "line_name": "605"}, {"line_id": "92-605-A-j24-1", "route_id": "14.TA.92-605-A-j24-1.3.H", "mode": "bus", "line_name": "605"}, {"line_id": "92-N5-A-j24-1", "route_id": "1.TA.92-N5-A-j24-1.8.H", "mode": "bus", "line_name": "N5"}], "predominant_mode": "bus", "assigned_canton": "Zug", "modes_list": ["bus"]}, "geometry": {"type": "Point", "coordinates": [8.513262661069636, 47.09937680392966]}}, {"id": "28949", "type": "Feature", "properties": {"name": "Walchwil, Gerbi", "lon": 8.516083362686617, "lat": 47.10129078380819, "stop_id": ["8595343.link:1087208"], "lines": [{"line_id": "92-626-A-j24-1", "route_id": "3.TA.92-626-A-j24-1.1.H", "mode": "bus", "line_name": "626"}], "predominant_mode": "bus", "assigned_canton": "Zug", "modes_list": ["bus"]}, "geometry": {"type": "Point", "coordinates": [8.516083371136492, 47.10129079388543]}}, {"id": "28950", "type": "Feature", "properties": {"name": "Walchwil, Grueb", "lon": 8.513963342713863, "lat": 47.10216520384151, "stop_id": ["8595341.link:1087215", "8595341.link:1087216"], "lines": [{"line_id": "92-605-A-j24-1", "route_id": "107.TA.92-605-A-j24-1.4.R", "mode": "bus", "line_name": "605"}, {"line_id": "92-605-A-j24-1", "route_id": "74.TA.92-605-A-j24-1.4.R", "mode": "bus", "line_name": "605"}, {"line_id": "92-626-A-j24-1", "route_id": "3.TA.92-626-A-j24-1.1.H", "mode": "bus", "line_name": "626"}], "predominant_mode": "bus", "assigned_canton": "Zug", "modes_list": ["bus"]}, "geometry": {"type": "Point", "coordinates": [8.513963351161394, 47.10216521391964]}}, {"id": "28951", "type": "Feature", "properties": {"name": "Walchwil, Hintermettlen", "lon": 8.518877122740827, "lat": 47.102886743764365, "stop_id": ["8595337.link:912394"], "lines": [{"line_id": "92-626-A-j24-1", "route_id": "3.TA.92-626-A-j24-1.1.H", "mode": "bus", "line_name": "626"}], "predominant_mode": "bus", "assigned_canton": "Zug", "modes_list": ["bus"]}, "geometry": {"type": "Point", "coordinates": [8.51887713119298, 47.10288675384139]}}, {"id": "28952", "type": "Feature", "properties": {"name": "Walchwil, H\u00f6rndli", "lon": 8.504486112896092, "lat": 47.10791889399071, "stop_id": ["8577552.link:231002"], "lines": [{"line_id": "92-605-A-j24-1", "route_id": "38.TA.92-605-A-j24-1.3.H", "mode": "bus", "line_name": "605"}, {"line_id": "92-605-A-j24-1", "route_id": "14.TA.92-605-A-j24-1.3.H", "mode": "bus", "line_name": "605"}, {"line_id": "92-N5-A-j24-1", "route_id": "1.TA.92-N5-A-j24-1.8.H", "mode": "bus", "line_name": "N5"}], "predominant_mode": "bus", "assigned_canton": "Zug", "modes_list": ["bus"]}, "geometry": {"type": "Point", "coordinates": [8.504486121332594, 47.10791890407362]}}, {"id": "28953", "type": "Feature", "properties": {"name": "Walchwil, H\u00f6rndlirain", "lon": 8.505141882911342, "lat": 47.10837133398044, "stop_id": ["8507909.link:1088618"], "lines": [{"line_id": "92-605-A-j24-1", "route_id": "107.TA.92-605-A-j24-1.4.R", "mode": "bus", "line_name": "605"}, {"line_id": "92-605-A-j24-1", "route_id": "74.TA.92-605-A-j24-1.4.R", "mode": "bus", "line_name": "605"}], "predominant_mode": "bus", "assigned_canton": "Zug", "modes_list": ["bus"]}, "geometry": {"type": "Point", "coordinates": [8.50514189134835, 47.10837134406333]}}, {"id": "28954", "type": "Feature", "properties": {"name": "Walchwil, Lido", "lon": 8.51630794251862, "lat": 47.09616015380433, "stop_id": ["8577416.link:99869", "8577416.link:99870"], "lines": [{"line_id": "92-605-A-j24-1", "route_id": "38.TA.92-605-A-j24-1.3.H", "mode": "bus", "line_name": "605"}, {"line_id": "92-605-A-j24-1", "route_id": "14.TA.92-605-A-j24-1.3.H", "mode": "bus", "line_name": "605"}, {"line_id": "92-N5-A-j24-1", "route_id": "1.TA.92-N5-A-j24-1.8.H", "mode": "bus", "line_name": "N5"}, {"line_id": "92-605-A-j24-1", "route_id": "38.TA.92-605-A-j24-1.3.H", "mode": "bus", "line_name": "605"}, {"line_id": "92-605-A-j24-1", "route_id": "14.TA.92-605-A-j24-1.3.H", "mode": "bus", "line_name": "605"}, {"line_id": "92-N5-A-j24-1", "route_id": "1.TA.92-N5-A-j24-1.8.H", "mode": "bus", "line_name": "N5"}], "predominant_mode": "bus", "assigned_canton": "Zug", "modes_list": ["bus"]}, "geometry": {"type": "Point", "coordinates": [8.51630795097023, 47.09616016387958]}}, {"id": "28955", "type": "Feature", "properties": {"name": "Walchwil, Lotenbach", "lon": 8.500785053090857, "lat": 47.11393483404924, "stop_id": ["8577551.link:1517587", "8577551.link:1517588"], "lines": [{"line_id": "92-605-A-j24-1", "route_id": "107.TA.92-605-A-j24-1.4.R", "mode": "bus", "line_name": "605"}, {"line_id": "92-605-A-j24-1", "route_id": "74.TA.92-605-A-j24-1.4.R", "mode": "bus", "line_name": "605"}, {"line_id": "92-605-A-j24-1", "route_id": "38.TA.92-605-A-j24-1.3.H", "mode": "bus", "line_name": "605"}, {"line_id": "92-605-A-j24-1", "route_id": "14.TA.92-605-A-j24-1.3.H", "mode": "bus", "line_name": "605"}, {"line_id": "92-N5-A-j24-1", "route_id": "1.TA.92-N5-A-j24-1.8.H", "mode": "bus", "line_name": "N5"}], "predominant_mode": "bus", "assigned_canton": "Zug", "modes_list": ["bus"]}, "geometry": {"type": "Point", "coordinates": [8.500785061521936, 47.113934844135414]}}, {"id": "28956", "type": "Feature", "properties": {"name": "Walchwil, M\u00fctschi", "lon": 8.517448802622194, "lat": 47.09929729378663, "stop_id": ["8595332.link:1375635"], "lines": [{"line_id": "92-626-A-j24-1", "route_id": "3.TA.92-626-A-j24-1.1.H", "mode": "bus", "line_name": "626"}], "predominant_mode": "bus", "assigned_canton": "Zug", "modes_list": ["bus"]}, "geometry": {"type": "Point", "coordinates": [8.517448811074003, 47.09929730386274]}}, {"id": "28957", "type": "Feature", "properties": {"name": "Walchwil, Oberdorf", "lon": 8.514053172821567, "lat": 47.10544873384033, "stop_id": ["8595339.link:725002"], "lines": [{"line_id": "92-605-A-j24-1", "route_id": "107.TA.92-605-A-j24-1.4.R", "mode": "bus", "line_name": "605"}, {"line_id": "92-626-A-j24-1", "route_id": "3.TA.92-626-A-j24-1.1.H", "mode": "bus", "line_name": "626"}, {"line_id": "92-605-A-j24-1", "route_id": "74.TA.92-605-A-j24-1.4.R", "mode": "bus", "line_name": "605"}], "predominant_mode": "bus", "assigned_canton": "Zug", "modes_list": ["bus"]}, "geometry": {"type": "Point", "coordinates": [8.51405318126822, 47.105448743919645]}}, {"id": "28958", "type": "Feature", "properties": {"name": "Walchwil, Oberhalten", "lon": 8.51593963273845, "lat": 47.10287451381049, "stop_id": ["8595338.link:912388"], "lines": [{"line_id": "92-626-A-j24-1", "route_id": "3.TA.92-626-A-j24-1.1.H", "mode": "bus", "line_name": "626"}], "predominant_mode": "bus", "assigned_canton": "Zug", "modes_list": ["bus"]}, "geometry": {"type": "Point", "coordinates": [8.515939641187718, 47.10287452388835]}}, {"id": "28959", "type": "Feature", "properties": {"name": "Walchwil, Obersagen", "lon": 8.513298592759705, "lat": 47.10357769385203, "stop_id": ["8595340.link:1087222"], "lines": [{"line_id": "92-626-A-j24-1", "route_id": "3.TA.92-626-A-j24-1.1.H", "mode": "bus", "line_name": "626"}], "predominant_mode": "bus", "assigned_canton": "Zug", "modes_list": ["bus"]}, "geometry": {"type": "Point", "coordinates": [8.513298601206165, 47.10357770393089]}}, {"id": "28960", "type": "Feature", "properties": {"name": "Walchwil, Oberwihel", "lon": 8.518922042590708, "lat": 47.09830664376341, "stop_id": ["8595333.link:1375641"], "lines": [{"line_id": "92-626-A-j24-1", "route_id": "3.TA.92-626-A-j24-1.1.H", "mode": "bus", "line_name": "626"}], "predominant_mode": "bus", "assigned_canton": "Zug", "modes_list": ["bus"]}, "geometry": {"type": "Point", "coordinates": [8.518922051044255, 47.09830665383875]}}, {"id": "28961", "type": "Feature", "properties": {"name": "Walchwil, Sagenbrugg", "lon": 8.51011855273891, "lat": 47.103009033901955, "stop_id": ["8577553.link:599860"], "lines": [{"line_id": "92-605-A-j24-1", "route_id": "38.TA.92-605-A-j24-1.3.H", "mode": "bus", "line_name": "605"}, {"line_id": "92-605-A-j24-1", "route_id": "14.TA.92-605-A-j24-1.3.H", "mode": "bus", "line_name": "605"}, {"line_id": "92-N5-A-j24-1", "route_id": "1.TA.92-N5-A-j24-1.8.H", "mode": "bus", "line_name": "N5"}], "predominant_mode": "bus", "assigned_canton": "Zug", "modes_list": ["bus"]}, "geometry": {"type": "Point", "coordinates": [8.510118561182406, 47.10300904398149]}}, {"id": "28962", "type": "Feature", "properties": {"name": "Walchwil, St. Adrian", "lon": 8.520916302405476, "lat": 47.092613073731776, "stop_id": ["8577556.link:1059782"], "lines": [{"line_id": "92-605-A-j24-1", "route_id": "38.TA.92-605-A-j24-1.3.H", "mode": "bus", "line_name": "605"}, {"line_id": "92-605-A-j24-1", "route_id": "14.TA.92-605-A-j24-1.3.H", "mode": "bus", "line_name": "605"}, {"line_id": "92-N5-A-j24-1", "route_id": "1.TA.92-N5-A-j24-1.8.H", "mode": "bus", "line_name": "N5"}], "predominant_mode": "bus", "assigned_canton": "Zug", "modes_list": ["bus"]}, "geometry": {"type": "Point", "coordinates": [8.520916310862662, 47.092613083804466]}}, {"id": "28963", "type": "Feature", "properties": {"name": "Walchwil, Sternenmatt", "lon": 8.51302909265008, "lat": 47.10023901385609, "stop_id": ["8577417.link:787044"], "lines": [{"line_id": "92-605-A-j24-1", "route_id": "38.TA.92-605-A-j24-1.3.H", "mode": "bus", "line_name": "605"}, {"line_id": "92-605-A-j24-1", "route_id": "14.TA.92-605-A-j24-1.3.H", "mode": "bus", "line_name": "605"}, {"line_id": "92-N5-A-j24-1", "route_id": "1.TA.92-N5-A-j24-1.8.H", "mode": "bus", "line_name": "N5"}], "predominant_mode": "bus", "assigned_canton": "Zug", "modes_list": ["bus"]}, "geometry": {"type": "Point", "coordinates": [8.513029101097258, 47.10023902393381]}}, {"id": "28964", "type": "Feature", "properties": {"name": "Walchwil, Usseregg", "lon": 8.521113932648309, "lat": 47.10001887372911, "stop_id": ["8595336.link:632802"], "lines": [{"line_id": "92-626-A-j24-1", "route_id": "3.TA.92-626-A-j24-1.1.H", "mode": "bus", "line_name": "626"}], "predominant_mode": "bus", "assigned_canton": "Zug", "modes_list": ["bus"]}, "geometry": {"type": "Point", "coordinates": [8.521113941103508, 47.10001888380446]}}, {"id": "28965", "type": "Feature", "properties": {"name": "Walchwil, Z\u00e4mattli", "lon": 8.520799522569128, "lat": 47.09760950373388, "stop_id": ["8595334.link:984894"], "lines": [{"line_id": "92-626-A-j24-1", "route_id": "3.TA.92-626-A-j24-1.1.H", "mode": "bus", "line_name": "626"}], "predominant_mode": "bus", "assigned_canton": "Zug", "modes_list": ["bus"]}, "geometry": {"type": "Point", "coordinates": [8.520799531024732, 47.09760951380841]}}, {"id": "30948", "type": "Feature", "properties": {"name": "Zug", "lon": 8.51588686181394, "lat": 47.17626000381501, "stop_id": ["8502204:0:2.link:278664", "8502204:0:3.link:1549557", "8502204:0:3.link:1549558", "8502204:0:3.link:355087", "8502204:0:3.link:355088", "8502204:0:4.link:355087", "8502204:0:4.link:355103", "8502204:0:4.link:404913", "8502204:0:4.link:404914", "8502204:0:5.link:404895", "8502204:0:5.link:404913", "8502204:0:5.link:405132", "8502204:0:6.link:338123", "8502204:0:6.link:338124", "8502204:0:6.link:404895", "8502204:0:6.link:404913", "8502204:0:6.link:404914", "8502204:0:6B.link:404913", "8502204:0:6B.link:404914", "8502204:0:6CD.link:404914", "8502204:0:7.link:404911", "8502204:0:7.link:404912", "8502204:0:7CD.link:404911", "8502204:0:7CD.link:404912"], "lines": [{"line_id": "91-2-G-j24-1", "route_id": "659.TA.91-2-G-j24-1.75.R", "mode": "rail", "line_name": "IC2"}, {"line_id": "91-2-G-j24-1", "route_id": "798.TA.91-2-G-j24-1.92.R", "mode": "rail", "line_name": "IC2"}, {"line_id": "91-2A-Y-j24-1", "route_id": "647.TA.91-2A-Y-j24-1.108.R", "mode": "rail", "line_name": "EC"}, {"line_id": "91-2A-Y-j24-1", "route_id": "519.TA.91-2A-Y-j24-1.82.R", "mode": "rail", "line_name": "EC"}, {"line_id": "91-35-Y-j24-1", "route_id": "223.TA.91-35-Y-j24-1.51.R", "mode": "rail", "line_name": "IR"}, {"line_id": "91-46-j24-1", "route_id": "103.TA.91-46-j24-1.247.H", "mode": "rail", "line_name": "IR46"}, {"line_id": "91-2-G-j24-1", "route_id": "741.TA.91-2-G-j24-1.108.R", "mode": "rail", "line_name": "IC2"}, {"line_id": "91-46-j24-1", "route_id": "42.TA.91-46-j24-1.34.H", "mode": "rail", "line_name": "IR46"}, {"line_id": "91-2-G-j24-1", "route_id": "605.TA.91-2-G-j24-1.645.R", "mode": "rail", "line_name": "IC2"}, {"line_id": "91-2-G-j24-1", "route_id": "727.TA.91-2-G-j24-1.82.R", "mode": "rail", "line_name": "IC2"}, {"line_id": "91-2A-Y-j24-1", "route_id": "695.TA.91-2A-Y-j24-1.114.R", "mode": "rail", "line_name": "EC"}, {"line_id": "91-35-Y-j24-1", "route_id": "200.TA.91-35-Y-j24-1.46.R", "mode": "rail", "line_name": "IR"}, {"line_id": "91-46-j24-1", "route_id": "87.TA.91-46-j24-1.257.H", "mode": "rail", "line_name": "IR46"}, {"line_id": "91-46-j24-1", "route_id": "38.TA.91-46-j24-1.30.H", "mode": "rail", "line_name": "IR46"}, {"line_id": "91-2A-Y-j24-1", "route_id": "489.TA.91-2A-Y-j24-1.77.R", "mode": "rail", "line_name": "EC"}, {"line_id": "91-46-j24-1", "route_id": "119.TA.91-46-j24-1.401.H", "mode": "rail", "line_name": "IR46"}, {"line_id": "91-2-G-j24-1", "route_id": "755.TA.91-2-G-j24-1.688.R", "mode": "rail", "line_name": "IC2"}, {"line_id": "91-2-G-j24-1", "route_id": "669.TA.91-2-G-j24-1.651.R", "mode": "rail", "line_name": "IC2"}, {"line_id": "91-46-j24-1", "route_id": "140.TA.91-46-j24-1.402.H", "mode": "rail", "line_name": "IR46"}, {"line_id": "91-2-G-j24-1", "route_id": "554.TA.91-2-G-j24-1.69.R", "mode": "rail", "line_name": "IC2"}, {"line_id": "91-46-j24-1", "route_id": "13.TA.91-46-j24-1.173.H", "mode": "rail", "line_name": "IR46"}, {"line_id": "91-2-G-j24-1", "route_id": "722.TA.91-2-G-j24-1.81.R", "mode": "rail", "line_name": "IC2"}, {"line_id": "91-2A-Y-j24-1", "route_id": "617.TA.91-2A-Y-j24-1.102.R", "mode": "rail", "line_name": "EC"}, {"line_id": "91-2-C-j24-1", "route_id": "9.TA.91-2-C-j24-1.3.H", "mode": "rail", "line_name": "S2"}, {"line_id": "91-2-C-j24-1", "route_id": "139.TA.91-2-C-j24-1.49.R", "mode": "rail", "line_name": "S2"}, {"line_id": "91-2L-Y-j24-1", "route_id": "45.TA.91-2L-Y-j24-1.24.H", "mode": "rail", "line_name": "RE"}, {"line_id": "91-46-j24-1", "route_id": "271.TA.91-46-j24-1.415.R", "mode": "rail", "line_name": "IR46"}, {"line_id": "91-46-j24-1", "route_id": "187.TA.91-46-j24-1.409.R", "mode": "rail", "line_name": "IR46"}, {"line_id": "91-2-G-j24-1", "route_id": "210.TA.91-2-G-j24-1.17.H", "mode": "rail", "line_name": "IC2"}, {"line_id": "91-46-j24-1", "route_id": "296.TA.91-46-j24-1.419.R", "mode": "rail", "line_name": "IR46"}, {"line_id": "91-2-G-j24-1", "route_id": "6.TA.91-2-G-j24-1.170.H", "mode": "rail", "line_name": "IC2"}, {"line_id": "91-35-Y-j24-1", "route_id": "89.TA.91-35-Y-j24-1.5.H", "mode": "rail", "line_name": "IR"}, {"line_id": "91-2A-Y-j24-1", "route_id": "348.TA.91-2A-Y-j24-1.48.H", "mode": "rail", "line_name": "EC"}, {"line_id": "91-2A-Y-j24-1", "route_id": "28.TA.91-2A-Y-j24-1.5.H", "mode": "rail", "line_name": "EC"}, {"line_id": "91-46-j24-1", "route_id": "274.TA.91-46-j24-1.416.R", "mode": "rail", "line_name": "IR46"}, {"line_id": "91-2A-Y-j24-1", "route_id": "242.TA.91-2A-Y-j24-1.43.H", "mode": "rail", "line_name": "EC"}, {"line_id": "91-35-Y-j24-1", "route_id": "48.TA.91-35-Y-j24-1.159.H", "mode": "rail", "line_name": "IR"}, {"line_id": "91-2A-Y-j24-1", "route_id": "308.TA.91-2A-Y-j24-1.46.H", "mode": "rail", "line_name": "EC"}, {"line_id": "91-2-C-j24-1", "route_id": "191.TA.91-2-C-j24-1.90.R", "mode": "rail", "line_name": "S2"}, {"line_id": "91-2A-Y-j24-1", "route_id": "283.TA.91-2A-Y-j24-1.45.H", "mode": "rail", "line_name": "EC"}, {"line_id": "91-2A-Y-j24-1", "route_id": "254.TA.91-2A-Y-j24-1.44.H", "mode": "rail", "line_name": "EC"}, {"line_id": "91-46-j24-1", "route_id": "277.TA.91-46-j24-1.131.R", "mode": "rail", "line_name": "IR46"}, {"line_id": "91-2-C-j24-1", "route_id": "180.TA.91-2-C-j24-1.60.R", "mode": "rail", "line_name": "S2"}, {"line_id": "91-2-C-j24-1", "route_id": "118.TA.91-2-C-j24-1.43.R", "mode": "rail", "line_name": "S2"}, {"line_id": "91-2-G-j24-1", "route_id": "18.TA.91-2-G-j24-1.479.H", "mode": "rail", "line_name": "IC2"}, {"line_id": "91-35-Y-j24-1", "route_id": "116.TA.91-35-Y-j24-1.8.H", "mode": "rail", "line_name": "IR"}, {"line_id": "91-2-G-j24-1", "route_id": "202.TA.91-2-G-j24-1.16.H", "mode": "rail", "line_name": "IC2"}, {"line_id": "91-2A-Y-j24-1", "route_id": "328.TA.91-2A-Y-j24-1.47.H", "mode": "rail", "line_name": "EC"}, {"line_id": "91-35-Y-j24-1", "route_id": "108.TA.91-35-Y-j24-1.7.H", "mode": "rail", "line_name": "IR"}, {"line_id": "91-2-G-j24-1", "route_id": "120.TA.91-2-G-j24-1.13.H", "mode": "rail", "line_name": "IC2"}, {"line_id": "91-2-G-j24-1", "route_id": "398.TA.91-2-G-j24-1.45.H", "mode": "rail", "line_name": "IC2"}, {"line_id": "91-2-G-j24-1", "route_id": "401.TA.91-2-G-j24-1.46.H", "mode": "rail", "line_name": "IC2"}, {"line_id": "91-2A-Y-j24-1", "route_id": "264.TA.91-2A-Y-j24-1.45.H", "mode": "rail", "line_name": "EC"}, {"line_id": "91-35-Y-j24-1", "route_id": "92.TA.91-35-Y-j24-1.61.H", "mode": "rail", "line_name": "IR"}, {"line_id": "91-2-G-j24-1", "route_id": "179.TA.91-2-G-j24-1.15.H", "mode": "rail", "line_name": "IC2"}, {"line_id": "91-46-j24-1", "route_id": "301.TA.91-46-j24-1.421.R", "mode": "rail", "line_name": "IR46"}, {"line_id": "91-2-G-j24-1", "route_id": "153.TA.91-2-G-j24-1.14.H", "mode": "rail", "line_name": "IC2"}, {"line_id": "91-2-G-j24-1", "route_id": "99.TA.91-2-G-j24-1.11.H", "mode": "rail", "line_name": "IC2"}, {"line_id": "91-35-Y-j24-1", "route_id": "121.TA.91-35-Y-j24-1.69.H", "mode": "rail", "line_name": "IR"}, {"line_id": "91-2-C-j24-1", "route_id": "130.TA.91-2-C-j24-1.46.R", "mode": "rail", "line_name": "S2"}, {"line_id": "91-46-j24-1", "route_id": "165.TA.91-46-j24-1.405.R", "mode": "rail", "line_name": "IR46"}, {"line_id": "91-2-C-j24-1", "route_id": "86.TA.91-2-C-j24-1.35.H", "mode": "rail", "line_name": "S2"}, {"line_id": "91-2-C-j24-1", "route_id": "23.TA.91-2-C-j24-1.5.H", "mode": "rail", "line_name": "S2"}, {"line_id": "91-2-C-j24-1", "route_id": "48.TA.91-2-C-j24-1.21.H", "mode": "rail", "line_name": "S2"}, {"line_id": "91-2-C-j24-1", "route_id": "98.TA.91-2-C-j24-1.88.H", "mode": "rail", "line_name": "S2"}, {"line_id": "91-1-A-j24-1", "route_id": "1497.TA.91-1-A-j24-1.232.R", "mode": "rail", "line_name": "S1"}, {"line_id": "91-70-A-j24-1", "route_id": "38.TA.91-70-A-j24-1.15.H", "mode": "rail", "line_name": "IR70"}, {"line_id": "91-1-A-j24-1", "route_id": "778.TA.91-1-A-j24-1.137.H", "mode": "rail", "line_name": "S1"}, {"line_id": "91-75-j24-1", "route_id": "332.TA.91-75-j24-1.46.H", "mode": "rail", "line_name": "IR75"}, {"line_id": "91-70-A-j24-1", "route_id": "228.TA.91-70-A-j24-1.41.H", "mode": "rail", "line_name": "IR70"}, {"line_id": "91-75-j24-1", "route_id": "314.TA.91-75-j24-1.40.H", "mode": "rail", "line_name": "IR75"}, {"line_id": "91-1-A-j24-1", "route_id": "1463.TA.91-1-A-j24-1.226.H", "mode": "rail", "line_name": "S1"}, {"line_id": "91-1-A-j24-1", "route_id": "1461.TA.91-1-A-j24-1.224.H", "mode": "rail", "line_name": "S1"}, {"line_id": "91-75-j24-1", "route_id": "358.TA.91-75-j24-1.813.H", "mode": "rail", "line_name": "IR75"}, {"line_id": "91-1-A-j24-1", "route_id": "1234.TA.91-1-A-j24-1.1631.H", "mode": "rail", "line_name": "S1"}, {"line_id": "91-1-A-j24-1", "route_id": "437.TA.91-1-A-j24-1.83.H", "mode": "rail", "line_name": "S1"}, {"line_id": "91-70-A-j24-1", "route_id": "123.TA.91-70-A-j24-1.21.H", "mode": "rail", "line_name": "IR70"}, {"line_id": "91-1-A-j24-1", "route_id": "1216.TA.91-1-A-j24-1.184.H", "mode": "rail", "line_name": "S1"}, {"line_id": "91-70-A-j24-1", "route_id": "19.TA.91-70-A-j24-1.14.H", "mode": "rail", "line_name": "IR70"}, {"line_id": "91-1-A-j24-1", "route_id": "1230.TA.91-1-A-j24-1.185.H", "mode": "rail", "line_name": "S1"}, {"line_id": "91-75-j24-1", "route_id": "327.TA.91-75-j24-1.45.H", "mode": "rail", "line_name": "IR75"}, {"line_id": "91-1-A-j24-1", "route_id": "1342.TA.91-1-A-j24-1.209.H", "mode": "rail", "line_name": "S1"}, {"line_id": "91-1-A-j24-1", "route_id": "577.TA.91-1-A-j24-1.109.H", "mode": "rail", "line_name": "S1"}, {"line_id": "91-75-j24-1", "route_id": "355.TA.91-75-j24-1.53.H", "mode": "rail", "line_name": "IR75"}, {"line_id": "91-1-A-j24-1", "route_id": "420.TA.91-1-A-j24-1.82.H", "mode": "rail", "line_name": "S1"}, {"line_id": "91-75-j24-1", "route_id": "443.TA.91-75-j24-1.639.H", "mode": "rail", "line_name": "IR75"}, {"line_id": "91-1-A-j24-1", "route_id": "1192.TA.91-1-A-j24-1.181.H", "mode": "rail", "line_name": "S1"}, {"line_id": "91-70-A-j24-1", "route_id": "257.TA.91-70-A-j24-1.233.H", "mode": "rail", "line_name": "IR70"}, {"line_id": "91-70-A-j24-1", "route_id": "188.TA.91-70-A-j24-1.34.H", "mode": "rail", "line_name": "IR70"}, {"line_id": "91-70-A-j24-1", "route_id": "335.TA.91-70-A-j24-1.56.H", "mode": "rail", "line_name": "IR70"}, {"line_id": "91-1-A-j24-1", "route_id": "1425.TA.91-1-A-j24-1.220.H", "mode": "rail", "line_name": "S1"}, {"line_id": "91-75-j24-1", "route_id": "239.TA.91-75-j24-1.638.H", "mode": "rail", "line_name": "IR75"}, {"line_id": "91-75-j24-1", "route_id": "281.TA.91-75-j24-1.323.H", "mode": "rail", "line_name": "IR75"}, {"line_id": "91-1-A-j24-1", "route_id": "720.TA.91-1-A-j24-1.134.H", "mode": "rail", "line_name": "S1"}, {"line_id": "91-70-A-j24-1", "route_id": "80.TA.91-70-A-j24-1.18.H", "mode": "rail", "line_name": "IR70"}, {"line_id": "91-1-A-j24-1", "route_id": "1451.TA.91-1-A-j24-1.221.H", "mode": "rail", "line_name": "S1"}, {"line_id": "91-75-j24-1", "route_id": "397.TA.91-75-j24-1.64.H", "mode": "rail", "line_name": "IR75"}, {"line_id": "91-35-Y-j24-1", "route_id": "277.TA.91-35-Y-j24-1.82.R", "mode": "rail", "line_name": "IR"}, {"line_id": "91-1-A-j24-1", "route_id": "462.TA.91-1-A-j24-1.89.H", "mode": "rail", "line_name": "S1"}, {"line_id": "91-75-j24-1", "route_id": "251.TA.91-75-j24-1.31.H", "mode": "rail", "line_name": "IR75"}, {"line_id": "91-75-j24-1", "route_id": "274.TA.91-75-j24-1.32.H", "mode": "rail", "line_name": "IR75"}, {"line_id": "91-75-j24-1", "route_id": "342.TA.91-75-j24-1.52.H", "mode": "rail", "line_name": "IR75"}, {"line_id": "91-1-A-j24-1", "route_id": "1282.TA.91-1-A-j24-1.202.H", "mode": "rail", "line_name": "S1"}, {"line_id": "91-70-A-j24-1", "route_id": "137.TA.91-70-A-j24-1.469.H", "mode": "rail", "line_name": "IR70"}, {"line_id": "91-75-j24-1", "route_id": "459.TA.91-75-j24-1.73.H", "mode": "rail", "line_name": "IR75"}, {"line_id": "91-1-A-j24-1", "route_id": "1180.TA.91-1-A-j24-1.180.H", "mode": "rail", "line_name": "S1"}, {"line_id": "91-1-A-j24-1", "route_id": "1146.TA.91-1-A-j24-1.176.H", "mode": "rail", "line_name": "S1"}, {"line_id": "91-70-A-j24-1", "route_id": "203.TA.91-70-A-j24-1.37.H", "mode": "rail", "line_name": "IR70"}, {"line_id": "91-1-A-j24-1", "route_id": "1405.TA.91-1-A-j24-1.217.H", "mode": "rail", "line_name": "S1"}, {"line_id": "91-75-j24-1", "route_id": "423.TA.91-75-j24-1.69.H", "mode": "rail", "line_name": "IR75"}, {"line_id": "91-1-A-j24-1", "route_id": "477.TA.91-1-A-j24-1.91.H", "mode": "rail", "line_name": "S1"}, {"line_id": "91-75-j24-1", "route_id": "431.TA.91-75-j24-1.70.H", "mode": "rail", "line_name": "IR75"}, {"line_id": "91-1-A-j24-1", "route_id": "1087.TA.91-1-A-j24-1.169.H", "mode": "rail", "line_name": "S1"}, {"line_id": "91-1-A-j24-1", "route_id": "2456.TA.91-1-A-j24-1.359.R", "mode": "rail", "line_name": "S1"}, {"line_id": "91-1-A-j24-1", "route_id": "2532.TA.91-1-A-j24-1.380.R", "mode": "rail", "line_name": "S1"}, {"line_id": "91-1-A-j24-1", "route_id": "3016.TA.91-1-A-j24-1.445.R", "mode": "rail", "line_name": "S1"}, {"line_id": "91-75-j24-1", "route_id": "815.TA.91-75-j24-1.201.R", "mode": "rail", "line_name": "IR75"}, {"line_id": "91-75-j24-1", "route_id": "958.TA.91-75-j24-1.507.R", "mode": "rail", "line_name": "IR75"}, {"line_id": "91-75-j24-1", "route_id": "876.TA.91-75-j24-1.209.R", "mode": "rail", "line_name": "IR75"}, {"line_id": "91-1-A-j24-1", "route_id": "2991.TA.91-1-A-j24-1.442.R", "mode": "rail", "line_name": "S1"}, {"line_id": "91-1-A-j24-1", "route_id": "2802.TA.91-1-A-j24-1.421.R", "mode": "rail", "line_name": "S1"}, {"line_id": "91-75-j24-1", "route_id": "732.TA.91-75-j24-1.176.R", "mode": "rail", "line_name": "IR75"}, {"line_id": "91-1-A-j24-1", "route_id": "2054.TA.91-1-A-j24-1.337.R", "mode": "rail", "line_name": "S1"}, {"line_id": "91-1-A-j24-1", "route_id": "2788.TA.91-1-A-j24-1.420.R", "mode": "rail", "line_name": "S1"}, {"line_id": "91-70-A-j24-1", "route_id": "501.TA.91-70-A-j24-1.109.R", "mode": "rail", "line_name": "IR70"}, {"line_id": "91-70-A-j24-1", "route_id": "726.TA.91-70-A-j24-1.208.R", "mode": "rail", "line_name": "IR70"}, {"line_id": "91-75-j24-1", "route_id": "978.TA.91-75-j24-1.216.R", "mode": "rail", "line_name": "IR75"}, {"line_id": "91-75-j24-1", "route_id": "767.TA.91-75-j24-1.185.R", "mode": "rail", "line_name": "IR75"}, {"line_id": "91-75-j24-1", "route_id": "775.TA.91-75-j24-1.187.R", "mode": "rail", "line_name": "IR75"}, {"line_id": "91-70-A-j24-1", "route_id": "470.TA.91-70-A-j24-1.268.R", "mode": "rail", "line_name": "IR70"}, {"line_id": "91-75-j24-1", "route_id": "711.TA.91-75-j24-1.172.R", "mode": "rail", "line_name": "IR75"}, {"line_id": "91-75-j24-1", "route_id": "865.TA.91-75-j24-1.208.R", "mode": "rail", "line_name": "IR75"}, {"line_id": "91-1-A-j24-1", "route_id": "1909.TA.91-1-A-j24-1.302.R", "mode": "rail", "line_name": "S1"}, {"line_id": "91-1-A-j24-1", "route_id": "1918.TA.91-1-A-j24-1.303.R", "mode": "rail", "line_name": "S1"}, {"line_id": "91-70-A-j24-1", "route_id": "646.TA.91-70-A-j24-1.132.R", "mode": "rail", "line_name": "IR70"}, {"line_id": "91-1-A-j24-1", "route_id": "1883.TA.91-1-A-j24-1.295.R", "mode": "rail", "line_name": "S1"}, {"line_id": "91-1-A-j24-1", "route_id": "2974.TA.91-1-A-j24-1.440.R", "mode": "rail", "line_name": "S1"}, {"line_id": "91-75-j24-1", "route_id": "756.TA.91-75-j24-1.182.R", "mode": "rail", "line_name": "IR75"}, {"line_id": "91-1-A-j24-1", "route_id": "2754.TA.91-1-A-j24-1.410.R", "mode": "rail", "line_name": "S1"}, {"line_id": "91-1-A-j24-1", "route_id": "2815.TA.91-1-A-j24-1.423.R", "mode": "rail", "line_name": "S1"}, {"line_id": "91-35-Y-j24-1", "route_id": "162.TA.91-35-Y-j24-1.237.H", "mode": "rail", "line_name": "IR"}, {"line_id": "91-75-j24-1", "route_id": "991.TA.91-75-j24-1.823.R", "mode": "rail", "line_name": "IR75"}, {"line_id": "91-1-A-j24-1", "route_id": "1871.TA.91-1-A-j24-1.293.R", "mode": "rail", "line_name": "S1"}, {"line_id": "91-70-A-j24-1", "route_id": "630.TA.91-70-A-j24-1.131.R", "mode": "rail", "line_name": "IR70"}, {"line_id": "91-1-A-j24-1", "route_id": "3105.TA.91-1-A-j24-1.456.R", "mode": "rail", "line_name": "S1"}, {"line_id": "91-1-A-j24-1", "route_id": "2956.TA.91-1-A-j24-1.598.R", "mode": "rail", "line_name": "S1"}, {"line_id": "91-1-A-j24-1", "route_id": "2826.TA.91-1-A-j24-1.423.R", "mode": "rail", "line_name": "S1"}, {"line_id": "91-70-A-j24-1", "route_id": "562.TA.91-70-A-j24-1.117.R", "mode": "rail", "line_name": "IR70"}, {"line_id": "91-75-j24-1", "route_id": "886.TA.91-75-j24-1.210.R", "mode": "rail", "line_name": "IR75"}, {"line_id": "91-1-A-j24-1", "route_id": "3039.TA.91-1-A-j24-1.450.R", "mode": "rail", "line_name": "S1"}, {"line_id": "91-75-j24-1", "route_id": "835.TA.91-75-j24-1.206.R", "mode": "rail", "line_name": "IR75"}, {"line_id": "91-70-A-j24-1", "route_id": "613.TA.91-70-A-j24-1.294.R", "mode": "rail", "line_name": "IR70"}, {"line_id": "91-70-A-j24-1", "route_id": "671.TA.91-70-A-j24-1.388.R", "mode": "rail", "line_name": "IR70"}, {"line_id": "91-75-j24-1", "route_id": "781.TA.91-75-j24-1.191.R", "mode": "rail", "line_name": "IR75"}, {"line_id": "91-1-A-j24-1", "route_id": "2775.TA.91-1-A-j24-1.417.R", "mode": "rail", "line_name": "S1"}, {"line_id": "91-1-A-j24-1", "route_id": "2942.TA.91-1-A-j24-1.430.R", "mode": "rail", "line_name": "S1"}, {"line_id": "91-70-A-j24-1", "route_id": "771.TA.91-70-A-j24-1.402.R", "mode": "rail", "line_name": "IR70"}, {"line_id": "91-70-A-j24-1", "route_id": "493.TA.91-70-A-j24-1.107.R", "mode": "rail", "line_name": "IR70"}, {"line_id": "91-1-A-j24-1", "route_id": "2844.TA.91-1-A-j24-1.425.R", "mode": "rail", "line_name": "S1"}, {"line_id": "91-70-A-j24-1", "route_id": "665.TA.91-70-A-j24-1.135.R", "mode": "rail", "line_name": "IR70"}, {"line_id": "91-1-A-j24-1", "route_id": "3107.TA.91-1-A-j24-1.457.R", "mode": "rail", "line_name": "S1"}, {"line_id": "91-24-j24-1", "route_id": "339.TA.91-24-j24-1.973.H", "mode": "rail", "line_name": "S24"}, {"line_id": "91-1-A-j24-1", "route_id": "2554.TA.91-1-A-j24-1.388.R", "mode": "rail", "line_name": "S1"}, {"line_id": "91-1-A-j24-1", "route_id": "1053.TA.91-1-A-j24-1.1747.H", "mode": "rail", "line_name": "S1"}, {"line_id": "91-4Q-Y-j24-1", "route_id": "1.TA.91-4Q-Y-j24-1.2.H", "mode": "rail", "line_name": "S"}, {"line_id": "91-35-Y-j24-1", "route_id": "130.TA.91-35-Y-j24-1.10.H", "mode": "rail", "line_name": "IR"}, {"line_id": "91-35-Y-j24-1", "route_id": "133.TA.91-35-Y-j24-1.163.H", "mode": "rail", "line_name": "IR"}, {"line_id": "91-24-j24-1", "route_id": "478.TA.91-24-j24-1.624.H", "mode": "rail", "line_name": "S24"}, {"line_id": "91-24-j24-1", "route_id": "373.TA.91-24-j24-1.498.H", "mode": "rail", "line_name": "S24"}, {"line_id": "91-24-j24-1", "route_id": "927.TA.91-24-j24-1.185.R", "mode": "rail", "line_name": "S24"}, {"line_id": "91-24-j24-1", "route_id": "956.TA.91-24-j24-1.189.R", "mode": "rail", "line_name": "S24"}, {"line_id": "91-24-j24-1", "route_id": "483.TA.91-24-j24-1.55.H", "mode": "rail", "line_name": "S24"}, {"line_id": "91-24-j24-1", "route_id": "1016.TA.91-24-j24-1.634.R", "mode": "rail", "line_name": "S24"}, {"line_id": "91-1-A-j24-1", "route_id": "1498.TA.91-1-A-j24-1.234.R", "mode": "rail", "line_name": "S1"}, {"line_id": "91-5-C-j24-1", "route_id": "764.TA.91-5-C-j24-1.381.R", "mode": "rail", "line_name": "S5"}, {"line_id": "91-5-C-j24-1", "route_id": "829.TA.91-5-C-j24-1.153.R", "mode": "rail", "line_name": "S5"}, {"line_id": "91-5-C-j24-1", "route_id": "777.TA.91-5-C-j24-1.381.R", "mode": "rail", "line_name": "S5"}, {"line_id": "91-5-C-j24-1", "route_id": "604.TA.91-5-C-j24-1.113.R", "mode": "rail", "line_name": "S5"}, {"line_id": "91-5-C-j24-1", "route_id": "798.TA.91-5-C-j24-1.382.R", "mode": "rail", "line_name": "S5"}, {"line_id": "91-5-C-j24-1", "route_id": "807.TA.91-5-C-j24-1.382.R", "mode": "rail", "line_name": "S5"}, {"line_id": "91-5-C-j24-1", "route_id": "696.TA.91-5-C-j24-1.135.R", "mode": "rail", "line_name": "S5"}, {"line_id": "91-5-C-j24-1", "route_id": "705.TA.91-5-C-j24-1.141.R", "mode": "rail", "line_name": "S5"}, {"line_id": "91-5-C-j24-1", "route_id": "831.TA.91-5-C-j24-1.153.R", "mode": "rail", "line_name": "S5"}, {"line_id": "91-5-C-j24-1", "route_id": "229.TA.91-5-C-j24-1.37.H", "mode": "rail", "line_name": "S5"}, {"line_id": "91-5-C-j24-1", "route_id": "251.TA.91-5-C-j24-1.43.H", "mode": "rail", "line_name": "S5"}, {"line_id": "91-5-C-j24-1", "route_id": "356.TA.91-5-C-j24-1.72.H", "mode": "rail", "line_name": "S5"}, {"line_id": "91-5-C-j24-1", "route_id": "311.TA.91-5-C-j24-1.70.H", "mode": "rail", "line_name": "S5"}, {"line_id": "91-5-C-j24-1", "route_id": "236.TA.91-5-C-j24-1.39.H", "mode": "rail", "line_name": "S5"}, {"line_id": "91-5-C-j24-1", "route_id": "153.TA.91-5-C-j24-1.17.H", "mode": "rail", "line_name": "S5"}, {"line_id": "91-5-C-j24-1", "route_id": "364.TA.91-5-C-j24-1.72.H", "mode": "rail", "line_name": "S5"}, {"line_id": "91-5-C-j24-1", "route_id": "327.TA.91-5-C-j24-1.70.H", "mode": "rail", "line_name": "S5"}, {"line_id": "91-5-C-j24-1", "route_id": "839.TA.91-5-C-j24-1.386.R", "mode": "rail", "line_name": "S5"}, {"line_id": "91-5-C-j24-1", "route_id": "238.TA.91-5-C-j24-1.227.H", "mode": "rail", "line_name": "S5"}], "predominant_mode": "rail", "assigned_canton": "Zug", "modes_list": ["rail"]}, "geometry": {"type": "Point", "coordinates": [8.515886870241381, 47.17626001391905]}}, {"id": "30949", "type": "Feature", "properties": {"name": "Zug Bahnhofsteg (See)", "lon": 8.513334524943101, "lat": 47.170099713854874, "stop_id": ["8502251.link:pt_8502251"], "lines": [{"line_id": "94-10-Y-j24-1", "route_id": "3.TA.94-10-Y-j24-1.2.H", "mode": "ferry", "line_name": "BAT"}, {"line_id": "94-10-Y-j24-1", "route_id": "7.TA.94-10-Y-j24-1.5.R", "mode": "ferry", "line_name": "BAT"}, {"line_id": "94-10-Y-j24-1", "route_id": "1.TA.94-10-Y-j24-1.1.H", "mode": "ferry", "line_name": "BAT"}, {"line_id": "94-10-Y-j24-1", "route_id": "6.TA.94-10-Y-j24-1.4.R", "mode": "ferry", "line_name": "BAT"}, {"line_id": "94-10-Y-j24-1", "route_id": "4.TA.94-10-Y-j24-1.3.H", "mode": "ferry", "line_name": "BAT"}, {"line_id": "94-10-Y-j24-1", "route_id": "8.TA.94-10-Y-j24-1.5.R", "mode": "ferry", "line_name": "BAT"}], "predominant_mode": "ferry", "assigned_canton": "Zug", "modes_list": ["ferry"]}, "geometry": {"type": "Point", "coordinates": [8.513334533369877, 47.170099723957485]}}, {"id": "30950", "type": "Feature", "properties": {"name": "Zug Casino", "lon": 8.515598274695977, "lat": 47.162532643818956, "stop_id": ["8517527:0:1.link:845909", "8517527:0:1.link:845910"], "lines": [{"line_id": "91-2-C-j24-1", "route_id": "180.TA.91-2-C-j24-1.60.R", "mode": "rail", "line_name": "S2"}, {"line_id": "91-2-C-j24-1", "route_id": "118.TA.91-2-C-j24-1.43.R", "mode": "rail", "line_name": "S2"}, {"line_id": "91-2-C-j24-1", "route_id": "139.TA.91-2-C-j24-1.49.R", "mode": "rail", "line_name": "S2"}, {"line_id": "91-2-C-j24-1", "route_id": "130.TA.91-2-C-j24-1.46.R", "mode": "rail", "line_name": "S2"}, {"line_id": "91-2-C-j24-1", "route_id": "191.TA.91-2-C-j24-1.90.R", "mode": "rail", "line_name": "S2"}, {"line_id": "91-2-C-j24-1", "route_id": "98.TA.91-2-C-j24-1.88.H", "mode": "rail", "line_name": "S2"}, {"line_id": "91-2-C-j24-1", "route_id": "23.TA.91-2-C-j24-1.5.H", "mode": "rail", "line_name": "S2"}, {"line_id": "91-2-C-j24-1", "route_id": "9.TA.91-2-C-j24-1.3.H", "mode": "rail", "line_name": "S2"}, {"line_id": "91-2-C-j24-1", "route_id": "86.TA.91-2-C-j24-1.35.H", "mode": "rail", "line_name": "S2"}, {"line_id": "91-2-C-j24-1", "route_id": "48.TA.91-2-C-j24-1.21.H", "mode": "rail", "line_name": "S2"}], "predominant_mode": "rail", "assigned_canton": "Zug", "modes_list": ["rail"]}, "geometry": {"type": "Point", "coordinates": [8.515598283127233, 47.16253265391824]}}, {"id": "30951", "type": "Feature", "properties": {"name": "Zug Chollerm\u00fcli", "lon": 8.487512450248108, "lat": 47.1799096442608, "stop_id": ["8502230:0:1.link:616919", "8502230:0:2.link:1682407"], "lines": [{"line_id": "91-1-A-j24-1", "route_id": "3016.TA.91-1-A-j24-1.445.R", "mode": "rail", "line_name": "S1"}, {"line_id": "91-1-A-j24-1", "route_id": "2991.TA.91-1-A-j24-1.442.R", "mode": "rail", "line_name": "S1"}, {"line_id": "91-1-A-j24-1", "route_id": "2802.TA.91-1-A-j24-1.421.R", "mode": "rail", "line_name": "S1"}, {"line_id": "91-1-A-j24-1", "route_id": "2456.TA.91-1-A-j24-1.359.R", "mode": "rail", "line_name": "S1"}, {"line_id": "91-1-A-j24-1", "route_id": "2054.TA.91-1-A-j24-1.337.R", "mode": "rail", "line_name": "S1"}, {"line_id": "91-1-A-j24-1", "route_id": "2788.TA.91-1-A-j24-1.420.R", "mode": "rail", "line_name": "S1"}, {"line_id": "91-1-A-j24-1", "route_id": "2532.TA.91-1-A-j24-1.380.R", "mode": "rail", "line_name": "S1"}, {"line_id": "91-1-A-j24-1", "route_id": "1909.TA.91-1-A-j24-1.302.R", "mode": "rail", "line_name": "S1"}, {"line_id": "91-1-A-j24-1", "route_id": "1918.TA.91-1-A-j24-1.303.R", "mode": "rail", "line_name": "S1"}, {"line_id": "91-1-A-j24-1", "route_id": "1883.TA.91-1-A-j24-1.295.R", "mode": "rail", "line_name": "S1"}, {"line_id": "91-1-A-j24-1", "route_id": "2974.TA.91-1-A-j24-1.440.R", "mode": "rail", "line_name": "S1"}, {"line_id": "91-1-A-j24-1", "route_id": "2554.TA.91-1-A-j24-1.388.R", "mode": "rail", "line_name": "S1"}, {"line_id": "91-1-A-j24-1", "route_id": "2754.TA.91-1-A-j24-1.410.R", "mode": "rail", "line_name": "S1"}, {"line_id": "91-1-A-j24-1", "route_id": "2815.TA.91-1-A-j24-1.423.R", "mode": "rail", "line_name": "S1"}, {"line_id": "91-1-A-j24-1", "route_id": "1871.TA.91-1-A-j24-1.293.R", "mode": "rail", "line_name": "S1"}, {"line_id": "91-1-A-j24-1", "route_id": "2942.TA.91-1-A-j24-1.430.R", "mode": "rail", "line_name": "S1"}, {"line_id": "91-1-A-j24-1", "route_id": "2956.TA.91-1-A-j24-1.598.R", "mode": "rail", "line_name": "S1"}, {"line_id": "91-1-A-j24-1", "route_id": "2826.TA.91-1-A-j24-1.423.R", "mode": "rail", "line_name": "S1"}, {"line_id": "91-1-A-j24-1", "route_id": "3039.TA.91-1-A-j24-1.450.R", "mode": "rail", "line_name": "S1"}, {"line_id": "91-1-A-j24-1", "route_id": "2775.TA.91-1-A-j24-1.417.R", "mode": "rail", "line_name": "S1"}, {"line_id": "91-1-A-j24-1", "route_id": "3105.TA.91-1-A-j24-1.456.R", "mode": "rail", "line_name": "S1"}, {"line_id": "91-1-A-j24-1", "route_id": "2844.TA.91-1-A-j24-1.425.R", "mode": "rail", "line_name": "S1"}, {"line_id": "91-1-A-j24-1", "route_id": "3107.TA.91-1-A-j24-1.457.R", "mode": "rail", "line_name": "S1"}, {"line_id": "91-1-A-j24-1", "route_id": "778.TA.91-1-A-j24-1.137.H", "mode": "rail", "line_name": "S1"}, {"line_id": "91-1-A-j24-1", "route_id": "1463.TA.91-1-A-j24-1.226.H", "mode": "rail", "line_name": "S1"}, {"line_id": "91-1-A-j24-1", "route_id": "1087.TA.91-1-A-j24-1.169.H", "mode": "rail", "line_name": "S1"}, {"line_id": "91-1-A-j24-1", "route_id": "1461.TA.91-1-A-j24-1.224.H", "mode": "rail", "line_name": "S1"}, {"line_id": "91-1-A-j24-1", "route_id": "1234.TA.91-1-A-j24-1.1631.H", "mode": "rail", "line_name": "S1"}, {"line_id": "91-1-A-j24-1", "route_id": "437.TA.91-1-A-j24-1.83.H", "mode": "rail", "line_name": "S1"}, {"line_id": "91-1-A-j24-1", "route_id": "1216.TA.91-1-A-j24-1.184.H", "mode": "rail", "line_name": "S1"}, {"line_id": "91-1-A-j24-1", "route_id": "1230.TA.91-1-A-j24-1.185.H", "mode": "rail", "line_name": "S1"}, {"line_id": "91-1-A-j24-1", "route_id": "1342.TA.91-1-A-j24-1.209.H", "mode": "rail", "line_name": "S1"}, {"line_id": "91-1-A-j24-1", "route_id": "577.TA.91-1-A-j24-1.109.H", "mode": "rail", "line_name": "S1"}, {"line_id": "91-1-A-j24-1", "route_id": "420.TA.91-1-A-j24-1.82.H", "mode": "rail", "line_name": "S1"}, {"line_id": "91-1-A-j24-1", "route_id": "1192.TA.91-1-A-j24-1.181.H", "mode": "rail", "line_name": "S1"}, {"line_id": "91-1-A-j24-1", "route_id": "1425.TA.91-1-A-j24-1.220.H", "mode": "rail", "line_name": "S1"}, {"line_id": "91-1-A-j24-1", "route_id": "720.TA.91-1-A-j24-1.134.H", "mode": "rail", "line_name": "S1"}, {"line_id": "91-1-A-j24-1", "route_id": "1451.TA.91-1-A-j24-1.221.H", "mode": "rail", "line_name": "S1"}, {"line_id": "91-1-A-j24-1", "route_id": "462.TA.91-1-A-j24-1.89.H", "mode": "rail", "line_name": "S1"}, {"line_id": "91-1-A-j24-1", "route_id": "1282.TA.91-1-A-j24-1.202.H", "mode": "rail", "line_name": "S1"}, {"line_id": "91-1-A-j24-1", "route_id": "1180.TA.91-1-A-j24-1.180.H", "mode": "rail", "line_name": "S1"}, {"line_id": "91-1-A-j24-1", "route_id": "1146.TA.91-1-A-j24-1.176.H", "mode": "rail", "line_name": "S1"}, {"line_id": "91-1-A-j24-1", "route_id": "1053.TA.91-1-A-j24-1.1747.H", "mode": "rail", "line_name": "S1"}, {"line_id": "91-1-A-j24-1", "route_id": "1405.TA.91-1-A-j24-1.217.H", "mode": "rail", "line_name": "S1"}, {"line_id": "91-1-A-j24-1", "route_id": "477.TA.91-1-A-j24-1.91.H", "mode": "rail", "line_name": "S1"}], "predominant_mode": "rail", "assigned_canton": "Zug", "modes_list": ["rail"]}, "geometry": {"type": "Point", "coordinates": [8.487512458646588, 47.17990965437419]}}, {"id": "30952", "type": "Feature", "properties": {"name": "Zug Fridbach", "lon": 8.51250807450952, "lat": 47.15691925386728, "stop_id": ["8515994:0:1.link:202038", "8515994:0:1.link:202039"], "lines": [{"line_id": "91-2-C-j24-1", "route_id": "180.TA.91-2-C-j24-1.60.R", "mode": "rail", "line_name": "S2"}, {"line_id": "91-2-C-j24-1", "route_id": "118.TA.91-2-C-j24-1.43.R", "mode": "rail", "line_name": "S2"}, {"line_id": "91-2-C-j24-1", "route_id": "139.TA.91-2-C-j24-1.49.R", "mode": "rail", "line_name": "S2"}, {"line_id": "91-2-C-j24-1", "route_id": "130.TA.91-2-C-j24-1.46.R", "mode": "rail", "line_name": "S2"}, {"line_id": "91-2-C-j24-1", "route_id": "191.TA.91-2-C-j24-1.90.R", "mode": "rail", "line_name": "S2"}, {"line_id": "91-2-C-j24-1", "route_id": "98.TA.91-2-C-j24-1.88.H", "mode": "rail", "line_name": "S2"}, {"line_id": "91-2-C-j24-1", "route_id": "23.TA.91-2-C-j24-1.5.H", "mode": "rail", "line_name": "S2"}, {"line_id": "91-2-C-j24-1", "route_id": "9.TA.91-2-C-j24-1.3.H", "mode": "rail", "line_name": "S2"}, {"line_id": "91-2-C-j24-1", "route_id": "86.TA.91-2-C-j24-1.35.H", "mode": "rail", "line_name": "S2"}, {"line_id": "91-2-C-j24-1", "route_id": "48.TA.91-2-C-j24-1.21.H", "mode": "rail", "line_name": "S2"}], "predominant_mode": "rail", "assigned_canton": "Zug", "modes_list": ["rail"]}, "geometry": {"type": "Point", "coordinates": [8.512508082939407, 47.15691926396547]}}, {"id": "30953", "type": "Feature", "properties": {"name": "Zug Oberwil", "lon": 8.509925414194521, "lat": 47.14738000390739, "stop_id": ["8502231:0:1.link:104284", "8502231:0:2.link:76977"], "lines": [{"line_id": "91-2-C-j24-1", "route_id": "180.TA.91-2-C-j24-1.60.R", "mode": "rail", "line_name": "S2"}, {"line_id": "91-2-C-j24-1", "route_id": "118.TA.91-2-C-j24-1.43.R", "mode": "rail", "line_name": "S2"}, {"line_id": "91-2-C-j24-1", "route_id": "139.TA.91-2-C-j24-1.49.R", "mode": "rail", "line_name": "S2"}, {"line_id": "91-2-C-j24-1", "route_id": "130.TA.91-2-C-j24-1.46.R", "mode": "rail", "line_name": "S2"}, {"line_id": "91-2-C-j24-1", "route_id": "191.TA.91-2-C-j24-1.90.R", "mode": "rail", "line_name": "S2"}, {"line_id": "91-2-C-j24-1", "route_id": "98.TA.91-2-C-j24-1.88.H", "mode": "rail", "line_name": "S2"}, {"line_id": "91-2-C-j24-1", "route_id": "23.TA.91-2-C-j24-1.5.H", "mode": "rail", "line_name": "S2"}, {"line_id": "91-2-C-j24-1", "route_id": "9.TA.91-2-C-j24-1.3.H", "mode": "rail", "line_name": "S2"}, {"line_id": "91-2-C-j24-1", "route_id": "86.TA.91-2-C-j24-1.35.H", "mode": "rail", "line_name": "S2"}, {"line_id": "91-2-C-j24-1", "route_id": "48.TA.91-2-C-j24-1.21.H", "mode": "rail", "line_name": "S2"}], "predominant_mode": "rail", "assigned_canton": "Zug", "modes_list": ["rail"]}, "geometry": {"type": "Point", "coordinates": [8.50992542262471, 47.14738001400291]}}, {"id": "30954", "type": "Feature", "properties": {"name": "Zug Postplatz", "lon": 8.516900834898527, "lat": 47.168670663798785, "stop_id": ["8502300:0:1.link:1108072", "8502300:0:1.link:1108073"], "lines": [{"line_id": "91-2-C-j24-1", "route_id": "180.TA.91-2-C-j24-1.60.R", "mode": "rail", "line_name": "S2"}, {"line_id": "91-2-C-j24-1", "route_id": "118.TA.91-2-C-j24-1.43.R", "mode": "rail", "line_name": "S2"}, {"line_id": "91-2-C-j24-1", "route_id": "139.TA.91-2-C-j24-1.49.R", "mode": "rail", "line_name": "S2"}, {"line_id": "91-2-C-j24-1", "route_id": "130.TA.91-2-C-j24-1.46.R", "mode": "rail", "line_name": "S2"}, {"line_id": "91-2-C-j24-1", "route_id": "191.TA.91-2-C-j24-1.90.R", "mode": "rail", "line_name": "S2"}, {"line_id": "91-2-C-j24-1", "route_id": "98.TA.91-2-C-j24-1.88.H", "mode": "rail", "line_name": "S2"}, {"line_id": "91-2-C-j24-1", "route_id": "23.TA.91-2-C-j24-1.5.H", "mode": "rail", "line_name": "S2"}, {"line_id": "91-2-C-j24-1", "route_id": "9.TA.91-2-C-j24-1.3.H", "mode": "rail", "line_name": "S2"}, {"line_id": "91-2-C-j24-1", "route_id": "86.TA.91-2-C-j24-1.35.H", "mode": "rail", "line_name": "S2"}, {"line_id": "91-2-C-j24-1", "route_id": "48.TA.91-2-C-j24-1.21.H", "mode": "rail", "line_name": "S2"}], "predominant_mode": "rail", "assigned_canton": "Zug", "modes_list": ["rail"]}, "geometry": {"type": "Point", "coordinates": [8.516900843329227, 47.16867067389989]}}, {"id": "30955", "type": "Feature", "properties": {"name": "Zug Schutzengel", "lon": 8.508169210051616, "lat": 47.173507288936115, "stop_id": ["8516187:0:1.link:404900", "8516187:0:2.link:1478715"], "lines": [{"line_id": "91-1-A-j24-1", "route_id": "3016.TA.91-1-A-j24-1.445.R", "mode": "rail", "line_name": "S1"}, {"line_id": "91-1-A-j24-1", "route_id": "2991.TA.91-1-A-j24-1.442.R", "mode": "rail", "line_name": "S1"}, {"line_id": "91-1-A-j24-1", "route_id": "2802.TA.91-1-A-j24-1.421.R", "mode": "rail", "line_name": "S1"}, {"line_id": "91-1-A-j24-1", "route_id": "2456.TA.91-1-A-j24-1.359.R", "mode": "rail", "line_name": "S1"}, {"line_id": "91-1-A-j24-1", "route_id": "2054.TA.91-1-A-j24-1.337.R", "mode": "rail", "line_name": "S1"}, {"line_id": "91-1-A-j24-1", "route_id": "2788.TA.91-1-A-j24-1.420.R", "mode": "rail", "line_name": "S1"}, {"line_id": "91-1-A-j24-1", "route_id": "2532.TA.91-1-A-j24-1.380.R", "mode": "rail", "line_name": "S1"}, {"line_id": "91-1-A-j24-1", "route_id": "1909.TA.91-1-A-j24-1.302.R", "mode": "rail", "line_name": "S1"}, {"line_id": "91-1-A-j24-1", "route_id": "1918.TA.91-1-A-j24-1.303.R", "mode": "rail", "line_name": "S1"}, {"line_id": "91-1-A-j24-1", "route_id": "1883.TA.91-1-A-j24-1.295.R", "mode": "rail", "line_name": "S1"}, {"line_id": "91-1-A-j24-1", "route_id": "2974.TA.91-1-A-j24-1.440.R", "mode": "rail", "line_name": "S1"}, {"line_id": "91-1-A-j24-1", "route_id": "2554.TA.91-1-A-j24-1.388.R", "mode": "rail", "line_name": "S1"}, {"line_id": "91-1-A-j24-1", "route_id": "2754.TA.91-1-A-j24-1.410.R", "mode": "rail", "line_name": "S1"}, {"line_id": "91-1-A-j24-1", "route_id": "2815.TA.91-1-A-j24-1.423.R", "mode": "rail", "line_name": "S1"}, {"line_id": "91-1-A-j24-1", "route_id": "1871.TA.91-1-A-j24-1.293.R", "mode": "rail", "line_name": "S1"}, {"line_id": "91-1-A-j24-1", "route_id": "2942.TA.91-1-A-j24-1.430.R", "mode": "rail", "line_name": "S1"}, {"line_id": "91-1-A-j24-1", "route_id": "2956.TA.91-1-A-j24-1.598.R", "mode": "rail", "line_name": "S1"}, {"line_id": "91-1-A-j24-1", "route_id": "2826.TA.91-1-A-j24-1.423.R", "mode": "rail", "line_name": "S1"}, {"line_id": "91-1-A-j24-1", "route_id": "3039.TA.91-1-A-j24-1.450.R", "mode": "rail", "line_name": "S1"}, {"line_id": "91-1-A-j24-1", "route_id": "2775.TA.91-1-A-j24-1.417.R", "mode": "rail", "line_name": "S1"}, {"line_id": "91-1-A-j24-1", "route_id": "3105.TA.91-1-A-j24-1.456.R", "mode": "rail", "line_name": "S1"}, {"line_id": "91-1-A-j24-1", "route_id": "2844.TA.91-1-A-j24-1.425.R", "mode": "rail", "line_name": "S1"}, {"line_id": "91-1-A-j24-1", "route_id": "3107.TA.91-1-A-j24-1.457.R", "mode": "rail", "line_name": "S1"}, {"line_id": "91-1-A-j24-1", "route_id": "778.TA.91-1-A-j24-1.137.H", "mode": "rail", "line_name": "S1"}, {"line_id": "91-1-A-j24-1", "route_id": "1463.TA.91-1-A-j24-1.226.H", "mode": "rail", "line_name": "S1"}, {"line_id": "91-1-A-j24-1", "route_id": "1087.TA.91-1-A-j24-1.169.H", "mode": "rail", "line_name": "S1"}, {"line_id": "91-1-A-j24-1", "route_id": "1461.TA.91-1-A-j24-1.224.H", "mode": "rail", "line_name": "S1"}, {"line_id": "91-1-A-j24-1", "route_id": "1234.TA.91-1-A-j24-1.1631.H", "mode": "rail", "line_name": "S1"}, {"line_id": "91-1-A-j24-1", "route_id": "437.TA.91-1-A-j24-1.83.H", "mode": "rail", "line_name": "S1"}, {"line_id": "91-1-A-j24-1", "route_id": "1216.TA.91-1-A-j24-1.184.H", "mode": "rail", "line_name": "S1"}, {"line_id": "91-1-A-j24-1", "route_id": "1230.TA.91-1-A-j24-1.185.H", "mode": "rail", "line_name": "S1"}, {"line_id": "91-1-A-j24-1", "route_id": "1342.TA.91-1-A-j24-1.209.H", "mode": "rail", "line_name": "S1"}, {"line_id": "91-1-A-j24-1", "route_id": "577.TA.91-1-A-j24-1.109.H", "mode": "rail", "line_name": "S1"}, {"line_id": "91-1-A-j24-1", "route_id": "420.TA.91-1-A-j24-1.82.H", "mode": "rail", "line_name": "S1"}, {"line_id": "91-1-A-j24-1", "route_id": "1192.TA.91-1-A-j24-1.181.H", "mode": "rail", "line_name": "S1"}, {"line_id": "91-1-A-j24-1", "route_id": "1425.TA.91-1-A-j24-1.220.H", "mode": "rail", "line_name": "S1"}, {"line_id": "91-1-A-j24-1", "route_id": "720.TA.91-1-A-j24-1.134.H", "mode": "rail", "line_name": "S1"}, {"line_id": "91-1-A-j24-1", "route_id": "1451.TA.91-1-A-j24-1.221.H", "mode": "rail", "line_name": "S1"}, {"line_id": "91-1-A-j24-1", "route_id": "462.TA.91-1-A-j24-1.89.H", "mode": "rail", "line_name": "S1"}, {"line_id": "91-1-A-j24-1", "route_id": "1282.TA.91-1-A-j24-1.202.H", "mode": "rail", "line_name": "S1"}, {"line_id": "91-1-A-j24-1", "route_id": "1180.TA.91-1-A-j24-1.180.H", "mode": "rail", "line_name": "S1"}, {"line_id": "91-1-A-j24-1", "route_id": "1146.TA.91-1-A-j24-1.176.H", "mode": "rail", "line_name": "S1"}, {"line_id": "91-1-A-j24-1", "route_id": "1053.TA.91-1-A-j24-1.1747.H", "mode": "rail", "line_name": "S1"}, {"line_id": "91-1-A-j24-1", "route_id": "1405.TA.91-1-A-j24-1.217.H", "mode": "rail", "line_name": "S1"}, {"line_id": "91-1-A-j24-1", "route_id": "477.TA.91-1-A-j24-1.91.H", "mode": "rail", "line_name": "S1"}], "predominant_mode": "rail", "assigned_canton": "Zug", "modes_list": ["rail"]}, "geometry": {"type": "Point", "coordinates": [8.50816921847231, 47.173507299041425]}}, {"id": "30956", "type": "Feature", "properties": {"name": "Zug, Aabachstrasse", "lon": 8.511627725100302, "lat": 47.174917893881876, "stop_id": ["8593443.link:34184", "8593443.link:34187", "8593443.link:34188"], "lines": [{"line_id": "92-N4-C-j24-1", "route_id": "1.TA.92-N4-C-j24-1.3.H", "mode": "bus", "line_name": "N4"}, {"line_id": "92-607-j24-1", "route_id": "101.TA.92-607-j24-1.1.H", "mode": "bus", "line_name": "607"}, {"line_id": "92-606-j24-1", "route_id": "70.TA.92-606-j24-1.11.H", "mode": "bus", "line_name": "606"}, {"line_id": "92-611-B-j24-1", "route_id": "325.TA.92-611-B-j24-1.12.R", "mode": "bus", "line_name": "611"}, {"line_id": "92-606-j24-1", "route_id": "173.TA.92-606-j24-1.14.H", "mode": "bus", "line_name": "606"}, {"line_id": "92-606-j24-1", "route_id": "6.TA.92-606-j24-1.10.H", "mode": "bus", "line_name": "606"}, {"line_id": "92-611-B-j24-1", "route_id": "282.TA.92-611-B-j24-1.11.R", "mode": "bus", "line_name": "611"}, {"line_id": "92-606-j24-1", "route_id": "136.TA.92-606-j24-1.13.H", "mode": "bus", "line_name": "606"}, {"line_id": "92-616-A-j24-1", "route_id": "14.TA.92-616-A-j24-1.4.H", "mode": "bus", "line_name": "616"}, {"line_id": "92-607-j24-1", "route_id": "23.TA.92-607-j24-1.1.H", "mode": "bus", "line_name": "607"}, {"line_id": "92-606-j24-1", "route_id": "32.TA.92-606-j24-1.11.H", "mode": "bus", "line_name": "606"}, {"line_id": "92-611-B-j24-1", "route_id": "242.TA.92-611-B-j24-1.11.R", "mode": "bus", "line_name": "611"}, {"line_id": "92-616-A-j24-1", "route_id": "70.TA.92-616-A-j24-1.6.R", "mode": "bus", "line_name": "616"}, {"line_id": "92-606-j24-1", "route_id": "217.TA.92-606-j24-1.16.R", "mode": "bus", "line_name": "606"}, {"line_id": "92-606-j24-1", "route_id": "307.TA.92-606-j24-1.17.R", "mode": "bus", "line_name": "606"}, {"line_id": "92-611-B-j24-1", "route_id": "12.TA.92-611-B-j24-1.9.H", "mode": "bus", "line_name": "611"}, {"line_id": "92-611-B-j24-1", "route_id": "183.TA.92-611-B-j24-1.9.H", "mode": "bus", "line_name": "611"}, {"line_id": "92-616-A-j24-1", "route_id": "54.TA.92-616-A-j24-1.5.R", "mode": "bus", "line_name": "616"}, {"line_id": "92-607-j24-1", "route_id": "173.TA.92-607-j24-1.3.R", "mode": "bus", "line_name": "607"}, {"line_id": "92-611-B-j24-1", "route_id": "48.TA.92-611-B-j24-1.9.H", "mode": "bus", "line_name": "611"}, {"line_id": "92-611-B-j24-1", "route_id": "1.TA.92-611-B-j24-1.1.H", "mode": "bus", "line_name": "611"}, {"line_id": "92-606-j24-1", "route_id": "345.TA.92-606-j24-1.18.R", "mode": "bus", "line_name": "606"}], "predominant_mode": "bus", "assigned_canton": "Zug", "modes_list": ["bus"]}, "geometry": {"type": "Point", "coordinates": [8.51162773352397, 47.174917903986696]}}, {"id": "30957", "type": "Feature", "properties": {"name": "Zug, Ammannsmatt", "lon": 8.493912945460508, "lat": 47.18623796416053, "stop_id": ["8502851.link:202893", "8502851.link:202894", "8502851.link:202895"], "lines": [{"line_id": "92-607-j24-1", "route_id": "101.TA.92-607-j24-1.1.H", "mode": "bus", "line_name": "607"}, {"line_id": "92-606-j24-1", "route_id": "70.TA.92-606-j24-1.11.H", "mode": "bus", "line_name": "606"}, {"line_id": "92-636-j24-1", "route_id": "86.TA.92-636-j24-1.3.H", "mode": "bus", "line_name": "636"}, {"line_id": "92-606-j24-1", "route_id": "173.TA.92-606-j24-1.14.H", "mode": "bus", "line_name": "606"}, {"line_id": "92-606-j24-1", "route_id": "6.TA.92-606-j24-1.10.H", "mode": "bus", "line_name": "606"}, {"line_id": "92-636-j24-1", "route_id": "132.TA.92-636-j24-1.3.H", "mode": "bus", "line_name": "636"}, {"line_id": "92-606-j24-1", "route_id": "136.TA.92-606-j24-1.13.H", "mode": "bus", "line_name": "606"}, {"line_id": "92-616-A-j24-1", "route_id": "14.TA.92-616-A-j24-1.4.H", "mode": "bus", "line_name": "616"}, {"line_id": "92-N4-C-j24-1", "route_id": "1.TA.92-N4-C-j24-1.3.H", "mode": "bus", "line_name": "N4"}, {"line_id": "92-607-j24-1", "route_id": "23.TA.92-607-j24-1.1.H", "mode": "bus", "line_name": "607"}, {"line_id": "92-606-j24-1", "route_id": "32.TA.92-606-j24-1.11.H", "mode": "bus", "line_name": "606"}, {"line_id": "92-616-A-j24-1", "route_id": "70.TA.92-616-A-j24-1.6.R", "mode": "bus", "line_name": "616"}, {"line_id": "92-606-j24-1", "route_id": "217.TA.92-606-j24-1.16.R", "mode": "bus", "line_name": "606"}, {"line_id": "92-606-j24-1", "route_id": "307.TA.92-606-j24-1.17.R", "mode": "bus", "line_name": "606"}, {"line_id": "92-636-j24-1", "route_id": "273.TA.92-636-j24-1.4.R", "mode": "bus", "line_name": "636"}, {"line_id": "92-636-j24-1", "route_id": "206.TA.92-636-j24-1.4.R", "mode": "bus", "line_name": "636"}, {"line_id": "92-616-A-j24-1", "route_id": "54.TA.92-616-A-j24-1.5.R", "mode": "bus", "line_name": "616"}, {"line_id": "92-607-j24-1", "route_id": "173.TA.92-607-j24-1.3.R", "mode": "bus", "line_name": "607"}, {"line_id": "92-606-j24-1", "route_id": "345.TA.92-606-j24-1.18.R", "mode": "bus", "line_name": "606"}, {"line_id": "92-606-j24-1", "route_id": "1.TA.92-606-j24-1.9.H", "mode": "bus", "line_name": "606"}], "predominant_mode": "bus", "assigned_canton": "Zug", "modes_list": ["bus"]}, "geometry": {"type": "Point", "coordinates": [8.493912953863395, 47.18623797427434]}}, {"id": "30958", "type": "Feature", "properties": {"name": "Zug, Athene", "lon": 8.515894724634787, "lat": 47.160663613814236, "stop_id": ["8588729.link:845921", "8588729.link:845922"], "lines": [{"line_id": "92-614-j24-1", "route_id": "80.TA.92-614-j24-1.10.R", "mode": "bus", "line_name": "614"}, {"line_id": "92-614-j24-1", "route_id": "27.TA.92-614-j24-1.8.H", "mode": "bus", "line_name": "614"}, {"line_id": "92-614-j24-1", "route_id": "4.TA.92-614-j24-1.7.H", "mode": "bus", "line_name": "614"}], "predominant_mode": "bus", "assigned_canton": "Zug", "modes_list": ["bus"]}, "geometry": {"type": "Point", "coordinates": [8.515894733066892, 47.1606636239128]}}, {"id": "30959", "type": "Feature", "properties": {"name": "Zug, Bahnhofplatz", "lon": 8.515212005046115, "lat": 47.17319585382548, "stop_id": ["8502280.link:1177441", "8502280.link:448549"], "lines": [{"line_id": "92-N2-D-j24-1", "route_id": "1.TA.92-N2-D-j24-1.4.H", "mode": "bus", "line_name": "N2"}, {"line_id": "92-601-A-j24-1", "route_id": "183.TA.92-601-A-j24-1.3.H", "mode": "bus", "line_name": "601"}, {"line_id": "92-613-C-j24-1", "route_id": "152.TA.92-613-C-j24-1.3.H", "mode": "bus", "line_name": "613"}, {"line_id": "92-605-A-j24-1", "route_id": "38.TA.92-605-A-j24-1.3.H", "mode": "bus", "line_name": "605"}, {"line_id": "92-612-C-j24-1", "route_id": "1.TA.92-612-C-j24-1.6.H", "mode": "bus", "line_name": "612"}, {"line_id": "92-N5-A-j24-1", "route_id": "1.TA.92-N5-A-j24-1.8.H", "mode": "bus", "line_name": "N5"}, {"line_id": "92-613-C-j24-1", "route_id": "6.TA.92-613-C-j24-1.3.H", "mode": "bus", "line_name": "613"}, {"line_id": "92-N6-A-j24-1", "route_id": "1.TA.92-N6-A-j24-1.4.H", "mode": "bus", "line_name": "N6"}, {"line_id": "92-604-B-j24-1", "route_id": "91.TA.92-604-B-j24-1.25.H", "mode": "bus", "line_name": "604"}, {"line_id": "92-613-C-j24-1", "route_id": "43.TA.92-613-C-j24-1.3.H", "mode": "bus", "line_name": "613"}, {"line_id": "92-601-A-j24-1", "route_id": "13.TA.92-601-A-j24-1.3.H", "mode": "bus", "line_name": "601"}, {"line_id": "92-N4-C-j24-1", "route_id": "1.TA.92-N4-C-j24-1.3.H", "mode": "bus", "line_name": "N4"}, {"line_id": "92-601-A-j24-1", "route_id": "83.TA.92-601-A-j24-1.3.H", "mode": "bus", "line_name": "601"}, {"line_id": "92-602-A-j24-1", "route_id": "134.TA.92-602-A-j24-1.6.H", "mode": "bus", "line_name": "602"}, {"line_id": "92-605-A-j24-1", "route_id": "14.TA.92-605-A-j24-1.3.H", "mode": "bus", "line_name": "605"}, {"line_id": "92-604-B-j24-1", "route_id": "41.TA.92-604-B-j24-1.24.H", "mode": "bus", "line_name": "604"}, {"line_id": "92-604-B-j24-1", "route_id": "29.TA.92-604-B-j24-1.23.H", "mode": "bus", "line_name": "604"}, {"line_id": "92-N1-D-j24-1", "route_id": "1.TA.92-N1-D-j24-1.6.H", "mode": "bus", "line_name": "N1"}, {"line_id": "92-604-B-j24-1", "route_id": "201.TA.92-604-B-j24-1.25.H", "mode": "bus", "line_name": "604"}, {"line_id": "92-602-A-j24-1", "route_id": "135.TA.92-602-A-j24-1.7.H", "mode": "bus", "line_name": "602"}, {"line_id": "92-604-B-j24-1", "route_id": "165.TA.92-604-B-j24-1.25.H", "mode": "bus", "line_name": "604"}, {"line_id": "92-612-C-j24-1", "route_id": "6.TA.92-612-C-j24-1.8.H", "mode": "bus", "line_name": "612"}, {"line_id": "92-604-B-j24-1", "route_id": "655.TA.92-604-B-j24-1.28.R", "mode": "bus", "line_name": "604"}, {"line_id": "92-605-A-j24-1", "route_id": "107.TA.92-605-A-j24-1.4.R", "mode": "bus", "line_name": "605"}, {"line_id": "92-612-C-j24-1", "route_id": "36.TA.92-612-C-j24-1.10.R", "mode": "bus", "line_name": "612"}, {"line_id": "92-601-A-j24-1", "route_id": "569.TA.92-601-A-j24-1.4.R", "mode": "bus", "line_name": "601"}, {"line_id": "92-604-B-j24-1", "route_id": "538.TA.92-604-B-j24-1.27.R", "mode": "bus", "line_name": "604"}, {"line_id": "92-604-B-j24-1", "route_id": "532.TA.92-604-B-j24-1.27.R", "mode": "bus", "line_name": "604"}, {"line_id": "92-N1-D-j24-1", "route_id": "2.TA.92-N1-D-j24-1.7.R", "mode": "bus", "line_name": "N1"}, {"line_id": "92-602-A-j24-1", "route_id": "199.TA.92-602-A-j24-1.8.R", "mode": "bus", "line_name": "602"}, {"line_id": "92-602-C-j24-1", "route_id": "1.TA.92-602-C-j24-1.2.R", "mode": "bus", "line_name": "602"}, {"line_id": "92-613-C-j24-1", "route_id": "316.TA.92-613-C-j24-1.4.R", "mode": "bus", "line_name": "613"}, {"line_id": "92-N3-E-j24-1", "route_id": "2.TA.92-N3-E-j24-1.1.H", "mode": "bus", "line_name": "N3"}, {"line_id": "92-613-C-j24-1", "route_id": "180.TA.92-613-C-j24-1.4.R", "mode": "bus", "line_name": "613"}, {"line_id": "92-604-B-j24-1", "route_id": "550.TA.92-604-B-j24-1.28.R", "mode": "bus", "line_name": "604"}, {"line_id": "92-601-A-j24-1", "route_id": "397.TA.92-601-A-j24-1.4.R", "mode": "bus", "line_name": "601"}, {"line_id": "92-605-A-j24-1", "route_id": "74.TA.92-605-A-j24-1.4.R", "mode": "bus", "line_name": "605"}, {"line_id": "92-601-A-j24-1", "route_id": "538.TA.92-601-A-j24-1.4.R", "mode": "bus", "line_name": "601"}, {"line_id": "92-613-C-j24-1", "route_id": "237.TA.92-613-C-j24-1.4.R", "mode": "bus", "line_name": "613"}], "predominant_mode": "bus", "assigned_canton": "Zug", "modes_list": ["bus"]}, "geometry": {"type": "Point", "coordinates": [8.515212013473812, 47.17319586392859]}}, {"id": "30960", "type": "Feature", "properties": {"name": "Zug, Bellevueweg", "lon": 8.520314434432501, "lat": 47.15441471374456, "stop_id": ["8593444.link:1322978", "8593444.link:1322979"], "lines": [{"line_id": "92-603-B-j24-1", "route_id": "251.TA.92-603-B-j24-1.12.R", "mode": "bus", "line_name": "603"}, {"line_id": "92-603-B-j24-1", "route_id": "233.TA.92-603-B-j24-1.12.R", "mode": "bus", "line_name": "603"}, {"line_id": "92-603-B-j24-1", "route_id": "404.TA.92-603-B-j24-1.12.R", "mode": "bus", "line_name": "603"}, {"line_id": "92-603-B-j24-1", "route_id": "211.TA.92-603-B-j24-1.10.R", "mode": "bus", "line_name": "603"}, {"line_id": "92-603-B-j24-1", "route_id": "66.TA.92-603-B-j24-1.9.H", "mode": "bus", "line_name": "603"}, {"line_id": "92-603-B-j24-1", "route_id": "7.TA.92-603-B-j24-1.8.H", "mode": "bus", "line_name": "603"}, {"line_id": "92-603-B-j24-1", "route_id": "2.TA.92-603-B-j24-1.8.H", "mode": "bus", "line_name": "603"}, {"line_id": "92-603-B-j24-1", "route_id": "131.TA.92-603-B-j24-1.9.H", "mode": "bus", "line_name": "603"}], "predominant_mode": "bus", "assigned_canton": "Zug", "modes_list": ["bus"]}, "geometry": {"type": "Point", "coordinates": [8.520314442870808, 47.15441472383963]}}, {"id": "30961", "type": "Feature", "properties": {"name": "Zug, Bibliothek", "lon": 8.515149124754275, "lat": 47.16431610382611, "stop_id": ["8507264:0:A.link:486353", "8507264:0:B.link:486354", "8507264:0:C.link:486352"], "lines": [{"line_id": "92-603-B-j24-1", "route_id": "251.TA.92-603-B-j24-1.12.R", "mode": "bus", "line_name": "603"}, {"line_id": "92-603-B-j24-1", "route_id": "233.TA.92-603-B-j24-1.12.R", "mode": "bus", "line_name": "603"}, {"line_id": "92-603-B-j24-1", "route_id": "404.TA.92-603-B-j24-1.12.R", "mode": "bus", "line_name": "603"}, {"line_id": "92-603-B-j24-1", "route_id": "211.TA.92-603-B-j24-1.10.R", "mode": "bus", "line_name": "603"}, {"line_id": "92-603-B-j24-1", "route_id": "66.TA.92-603-B-j24-1.9.H", "mode": "bus", "line_name": "603"}, {"line_id": "92-603-B-j24-1", "route_id": "7.TA.92-603-B-j24-1.8.H", "mode": "bus", "line_name": "603"}, {"line_id": "92-603-B-j24-1", "route_id": "2.TA.92-603-B-j24-1.8.H", "mode": "bus", "line_name": "603"}, {"line_id": "92-603-B-j24-1", "route_id": "131.TA.92-603-B-j24-1.9.H", "mode": "bus", "line_name": "603"}, {"line_id": "92-614-j24-1", "route_id": "27.TA.92-614-j24-1.8.H", "mode": "bus", "line_name": "614"}, {"line_id": "92-614-j24-1", "route_id": "4.TA.92-614-j24-1.7.H", "mode": "bus", "line_name": "614"}], "predominant_mode": "bus", "assigned_canton": "Zug", "modes_list": ["bus"]}, "geometry": {"type": "Point", "coordinates": [8.515149133184556, 47.164316113926176]}}, {"id": "30962", "type": "Feature", "properties": {"name": "Zug, Bleichi", "lon": 8.519353235125342, "lat": 47.17552242376053, "stop_id": ["8593445.link:353503", "8593445.link:353504"], "lines": [{"line_id": "92-614-j24-1", "route_id": "27.TA.92-614-j24-1.8.H", "mode": "bus", "line_name": "614"}, {"line_id": "92-614-j24-1", "route_id": "2.TA.92-614-j24-1.6.H", "mode": "bus", "line_name": "614"}, {"line_id": "92-614-j24-1", "route_id": "73.TA.92-614-j24-1.9.R", "mode": "bus", "line_name": "614"}, {"line_id": "92-614-j24-1", "route_id": "80.TA.92-614-j24-1.10.R", "mode": "bus", "line_name": "614"}], "predominant_mode": "bus", "assigned_canton": "Zug", "modes_list": ["bus"]}, "geometry": {"type": "Point", "coordinates": [8.51935324355641, 47.17552243386333]}}, {"id": "30963", "type": "Feature", "properties": {"name": "Zug, Br\u00fcggli", "lon": 8.498090115175067, "lat": 47.177470304094584, "stop_id": ["8577577.link:630917"], "lines": [{"line_id": "92-607-j24-1", "route_id": "101.TA.92-607-j24-1.1.H", "mode": "bus", "line_name": "607"}, {"line_id": "92-606-j24-1", "route_id": "70.TA.92-606-j24-1.11.H", "mode": "bus", "line_name": "606"}, {"line_id": "92-606-j24-1", "route_id": "173.TA.92-606-j24-1.14.H", "mode": "bus", "line_name": "606"}, {"line_id": "92-606-j24-1", "route_id": "6.TA.92-606-j24-1.10.H", "mode": "bus", "line_name": "606"}, {"line_id": "92-606-j24-1", "route_id": "136.TA.92-606-j24-1.13.H", "mode": "bus", "line_name": "606"}, {"line_id": "92-616-A-j24-1", "route_id": "14.TA.92-616-A-j24-1.4.H", "mode": "bus", "line_name": "616"}, {"line_id": "92-N6-A-j24-1", "route_id": "1.TA.92-N6-A-j24-1.4.H", "mode": "bus", "line_name": "N6"}, {"line_id": "92-N4-C-j24-1", "route_id": "1.TA.92-N4-C-j24-1.3.H", "mode": "bus", "line_name": "N4"}, {"line_id": "92-607-j24-1", "route_id": "23.TA.92-607-j24-1.1.H", "mode": "bus", "line_name": "607"}, {"line_id": "92-606-j24-1", "route_id": "32.TA.92-606-j24-1.11.H", "mode": "bus", "line_name": "606"}], "predominant_mode": "bus", "assigned_canton": "Zug", "modes_list": ["bus"]}, "geometry": {"type": "Point", "coordinates": [8.498090123584673, 47.177470314204136]}}, {"id": "30964", "type": "Feature", "properties": {"name": "Zug, Bundesplatz", "lon": 8.514403514983362, "lat": 47.171302773838114, "stop_id": ["8577529.link:1099304", "8577529.link:1652552_spec"], "lines": [{"line_id": "92-604-B-j24-1", "route_id": "655.TA.92-604-B-j24-1.28.R", "mode": "bus", "line_name": "604"}, {"line_id": "92-601-A-j24-1", "route_id": "569.TA.92-601-A-j24-1.4.R", "mode": "bus", "line_name": "601"}, {"line_id": "92-604-B-j24-1", "route_id": "538.TA.92-604-B-j24-1.27.R", "mode": "bus", "line_name": "604"}, {"line_id": "92-604-B-j24-1", "route_id": "532.TA.92-604-B-j24-1.27.R", "mode": "bus", "line_name": "604"}, {"line_id": "92-604-B-j24-1", "route_id": "550.TA.92-604-B-j24-1.28.R", "mode": "bus", "line_name": "604"}, {"line_id": "92-601-A-j24-1", "route_id": "397.TA.92-601-A-j24-1.4.R", "mode": "bus", "line_name": "601"}, {"line_id": "92-601-A-j24-1", "route_id": "538.TA.92-601-A-j24-1.4.R", "mode": "bus", "line_name": "601"}, {"line_id": "92-613-C-j24-1", "route_id": "237.TA.92-613-C-j24-1.4.R", "mode": "bus", "line_name": "613"}, {"line_id": "92-602-C-j24-1", "route_id": "1.TA.92-602-C-j24-1.2.R", "mode": "bus", "line_name": "602"}, {"line_id": "92-611-B-j24-1", "route_id": "12.TA.92-611-B-j24-1.9.H", "mode": "bus", "line_name": "611"}, {"line_id": "92-603-B-j24-1", "route_id": "7.TA.92-603-B-j24-1.8.H", "mode": "bus", "line_name": "603"}, {"line_id": "92-607-j24-1", "route_id": "173.TA.92-607-j24-1.3.R", "mode": "bus", "line_name": "607"}, {"line_id": "92-613-C-j24-1", "route_id": "180.TA.92-613-C-j24-1.4.R", "mode": "bus", "line_name": "613"}, {"line_id": "92-611-B-j24-1", "route_id": "48.TA.92-611-B-j24-1.9.H", "mode": "bus", "line_name": "611"}, {"line_id": "92-603-B-j24-1", "route_id": "66.TA.92-603-B-j24-1.9.H", "mode": "bus", "line_name": "603"}, {"line_id": "92-605-A-j24-1", "route_id": "74.TA.92-605-A-j24-1.4.R", "mode": "bus", "line_name": "605"}, {"line_id": "92-605-A-j24-1", "route_id": "107.TA.92-605-A-j24-1.4.R", "mode": "bus", "line_name": "605"}, {"line_id": "92-612-C-j24-1", "route_id": "36.TA.92-612-C-j24-1.10.R", "mode": "bus", "line_name": "612"}, {"line_id": "92-613-C-j24-1", "route_id": "316.TA.92-613-C-j24-1.4.R", "mode": "bus", "line_name": "613"}, {"line_id": "92-611-B-j24-1", "route_id": "183.TA.92-611-B-j24-1.9.H", "mode": "bus", "line_name": "611"}, {"line_id": "92-606-j24-1", "route_id": "345.TA.92-606-j24-1.18.R", "mode": "bus", "line_name": "606"}, {"line_id": "92-606-j24-1", "route_id": "217.TA.92-606-j24-1.16.R", "mode": "bus", "line_name": "606"}, {"line_id": "92-606-j24-1", "route_id": "307.TA.92-606-j24-1.17.R", "mode": "bus", "line_name": "606"}, {"line_id": "92-N1-D-j24-1", "route_id": "2.TA.92-N1-D-j24-1.7.R", "mode": "bus", "line_name": "N1"}, {"line_id": "92-603-B-j24-1", "route_id": "2.TA.92-603-B-j24-1.8.H", "mode": "bus", "line_name": "603"}, {"line_id": "92-611-B-j24-1", "route_id": "4.TA.92-611-B-j24-1.8.H", "mode": "bus", "line_name": "611"}, {"line_id": "92-602-A-j24-1", "route_id": "199.TA.92-602-A-j24-1.8.R", "mode": "bus", "line_name": "602"}, {"line_id": "92-614-j24-1", "route_id": "80.TA.92-614-j24-1.10.R", "mode": "bus", "line_name": "614"}, {"line_id": "92-603-B-j24-1", "route_id": "131.TA.92-603-B-j24-1.9.H", "mode": "bus", "line_name": "603"}], "predominant_mode": "bus", "assigned_canton": "Zug", "modes_list": ["bus"]}, "geometry": {"type": "Point", "coordinates": [8.514403523410827, 47.171302783940824]}}, {"id": "30965", "type": "Feature", "properties": {"name": "Zug, Burgbach", "lon": 8.51667625481532, "lat": 47.16614225380223, "stop_id": ["8507249.link:169265", "8507249.link:169266", "8507249.link:1695010"], "lines": [{"line_id": "92-N1-D-j24-1", "route_id": "1.TA.92-N1-D-j24-1.6.H", "mode": "bus", "line_name": "N1"}, {"line_id": "92-613-C-j24-1", "route_id": "43.TA.92-613-C-j24-1.3.H", "mode": "bus", "line_name": "613"}, {"line_id": "92-602-A-j24-1", "route_id": "135.TA.92-602-A-j24-1.7.H", "mode": "bus", "line_name": "602"}, {"line_id": "92-613-C-j24-1", "route_id": "152.TA.92-613-C-j24-1.3.H", "mode": "bus", "line_name": "613"}, {"line_id": "92-602-A-j24-1", "route_id": "134.TA.92-602-A-j24-1.6.H", "mode": "bus", "line_name": "602"}, {"line_id": "92-612-C-j24-1", "route_id": "1.TA.92-612-C-j24-1.6.H", "mode": "bus", "line_name": "612"}, {"line_id": "92-613-C-j24-1", "route_id": "6.TA.92-613-C-j24-1.3.H", "mode": "bus", "line_name": "613"}, {"line_id": "92-612-C-j24-1", "route_id": "6.TA.92-612-C-j24-1.8.H", "mode": "bus", "line_name": "612"}, {"line_id": "92-612-C-j24-1", "route_id": "36.TA.92-612-C-j24-1.10.R", "mode": "bus", "line_name": "612"}, {"line_id": "92-613-C-j24-1", "route_id": "316.TA.92-613-C-j24-1.4.R", "mode": "bus", "line_name": "613"}, {"line_id": "92-602-C-j24-1", "route_id": "1.TA.92-602-C-j24-1.2.R", "mode": "bus", "line_name": "602"}, {"line_id": "92-602-A-j24-1", "route_id": "199.TA.92-602-A-j24-1.8.R", "mode": "bus", "line_name": "602"}, {"line_id": "92-613-C-j24-1", "route_id": "180.TA.92-613-C-j24-1.4.R", "mode": "bus", "line_name": "613"}, {"line_id": "92-613-C-j24-1", "route_id": "237.TA.92-613-C-j24-1.4.R", "mode": "bus", "line_name": "613"}, {"line_id": "92-N1-D-j24-1", "route_id": "2.TA.92-N1-D-j24-1.7.R", "mode": "bus", "line_name": "N1"}], "predominant_mode": "bus", "assigned_canton": "Zug", "modes_list": ["bus"]}, "geometry": {"type": "Point", "coordinates": [8.51667626324656, 47.16614226390248]}}, {"id": "30966", "type": "Feature", "properties": {"name": "Zug, Chollerm\u00fcli", "lon": 8.485387935273861, "lat": 47.180736974294206, "stop_id": ["8577579.link:202897"], "lines": [{"line_id": "92-N3-E-j24-1", "route_id": "2.TA.92-N3-E-j24-1.1.H", "mode": "bus", "line_name": "N3"}], "predominant_mode": "bus", "assigned_canton": "Zug", "modes_list": ["bus"]}, "geometry": {"type": "Point", "coordinates": [8.48538794367001, 47.180736984408526]}}, {"id": "30967", "type": "Feature", "properties": {"name": "Zug, Dammstrasse/Bahnhof", "lon": 8.51371181506378, "lat": 47.17376376384909, "stop_id": ["8588622.link:764851", "8588622.link:764852"], "lines": [{"line_id": "92-616-A-j24-1", "route_id": "70.TA.92-616-A-j24-1.6.R", "mode": "bus", "line_name": "616"}, {"line_id": "92-616-A-j24-1", "route_id": "54.TA.92-616-A-j24-1.5.R", "mode": "bus", "line_name": "616"}, {"line_id": "92-616-A-j24-1", "route_id": "14.TA.92-616-A-j24-1.4.H", "mode": "bus", "line_name": "616"}], "predominant_mode": "bus", "assigned_canton": "Zug", "modes_list": ["bus"]}, "geometry": {"type": "Point", "coordinates": [8.513711823489835, 47.17376377395287]}}, {"id": "30968", "type": "Feature", "properties": {"name": "Zug, Eichwaldstrasse", "lon": 8.508321925294174, "lat": 47.18088351393396, "stop_id": ["8588694.link:1218650", "8588694.link:849304"], "lines": [{"line_id": "92-611-B-j24-1", "route_id": "242.TA.92-611-B-j24-1.11.R", "mode": "bus", "line_name": "611"}, {"line_id": "92-611-B-j24-1", "route_id": "325.TA.92-611-B-j24-1.12.R", "mode": "bus", "line_name": "611"}, {"line_id": "92-611-B-j24-1", "route_id": "282.TA.92-611-B-j24-1.11.R", "mode": "bus", "line_name": "611"}, {"line_id": "92-611-B-j24-1", "route_id": "12.TA.92-611-B-j24-1.9.H", "mode": "bus", "line_name": "611"}, {"line_id": "92-611-B-j24-1", "route_id": "183.TA.92-611-B-j24-1.9.H", "mode": "bus", "line_name": "611"}, {"line_id": "92-611-B-j24-1", "route_id": "1.TA.92-611-B-j24-1.1.H", "mode": "bus", "line_name": "611"}, {"line_id": "92-611-B-j24-1", "route_id": "48.TA.92-611-B-j24-1.9.H", "mode": "bus", "line_name": "611"}], "predominant_mode": "bus", "assigned_canton": "Zug", "modes_list": ["bus"]}, "geometry": {"type": "Point", "coordinates": [8.508321933712812, 47.18088352404174]}}, {"id": "30969", "type": "Feature", "properties": {"name": "Zug, Fadenstrasse", "lon": 8.524976684955712, "lat": 47.170246283672, "stop_id": ["8593446.link:1196722"], "lines": [{"line_id": "92-N1-D-j24-1", "route_id": "1.TA.92-N1-D-j24-1.6.H", "mode": "bus", "line_name": "N1"}, {"line_id": "92-613-C-j24-1", "route_id": "43.TA.92-613-C-j24-1.3.H", "mode": "bus", "line_name": "613"}, {"line_id": "92-613-C-j24-1", "route_id": "152.TA.92-613-C-j24-1.3.H", "mode": "bus", "line_name": "613"}, {"line_id": "92-612-C-j24-1", "route_id": "1.TA.92-612-C-j24-1.6.H", "mode": "bus", "line_name": "612"}, {"line_id": "92-613-C-j24-1", "route_id": "6.TA.92-613-C-j24-1.3.H", "mode": "bus", "line_name": "613"}, {"line_id": "92-612-C-j24-1", "route_id": "6.TA.92-612-C-j24-1.8.H", "mode": "bus", "line_name": "612"}], "predominant_mode": "bus", "assigned_canton": "Zug", "modes_list": ["bus"]}, "geometry": {"type": "Point", "coordinates": [8.524976693393873, 47.17024629377134]}}, {"id": "30970", "type": "Feature", "properties": {"name": "Zug, Feldhof", "lon": 8.512984185273837, "lat": 47.18016914386073, "stop_id": ["8589870.link:966636", "8589870.link:966637"], "lines": [{"line_id": "92-611-B-j24-1", "route_id": "12.TA.92-611-B-j24-1.9.H", "mode": "bus", "line_name": "611"}, {"line_id": "92-611-B-j24-1", "route_id": "183.TA.92-611-B-j24-1.9.H", "mode": "bus", "line_name": "611"}, {"line_id": "92-611-B-j24-1", "route_id": "1.TA.92-611-B-j24-1.1.H", "mode": "bus", "line_name": "611"}, {"line_id": "92-611-B-j24-1", "route_id": "48.TA.92-611-B-j24-1.9.H", "mode": "bus", "line_name": "611"}, {"line_id": "92-611-B-j24-1", "route_id": "242.TA.92-611-B-j24-1.11.R", "mode": "bus", "line_name": "611"}, {"line_id": "92-611-B-j24-1", "route_id": "325.TA.92-611-B-j24-1.12.R", "mode": "bus", "line_name": "611"}, {"line_id": "92-611-B-j24-1", "route_id": "282.TA.92-611-B-j24-1.11.R", "mode": "bus", "line_name": "611"}], "predominant_mode": "bus", "assigned_canton": "Zug", "modes_list": ["bus"]}, "geometry": {"type": "Point", "coordinates": [8.51298419369727, 47.180169153966965]}}, {"id": "30971", "type": "Feature", "properties": {"name": "Zug, Feldstrasse", "lon": 8.510882125289271, "lat": 47.18068202389379, "stop_id": ["8587724.link:1625941", "8587724.link:1625942"], "lines": [{"line_id": "92-611-B-j24-1", "route_id": "12.TA.92-611-B-j24-1.9.H", "mode": "bus", "line_name": "611"}, {"line_id": "92-611-B-j24-1", "route_id": "183.TA.92-611-B-j24-1.9.H", "mode": "bus", "line_name": "611"}, {"line_id": "92-611-B-j24-1", "route_id": "1.TA.92-611-B-j24-1.1.H", "mode": "bus", "line_name": "611"}, {"line_id": "92-611-B-j24-1", "route_id": "48.TA.92-611-B-j24-1.9.H", "mode": "bus", "line_name": "611"}, {"line_id": "92-611-B-j24-1", "route_id": "242.TA.92-611-B-j24-1.11.R", "mode": "bus", "line_name": "611"}, {"line_id": "92-611-B-j24-1", "route_id": "325.TA.92-611-B-j24-1.12.R", "mode": "bus", "line_name": "611"}, {"line_id": "92-611-B-j24-1", "route_id": "282.TA.92-611-B-j24-1.11.R", "mode": "bus", "line_name": "611"}], "predominant_mode": "bus", "assigned_canton": "Zug", "modes_list": ["bus"]}, "geometry": {"type": "Point", "coordinates": [8.510882133710483, 47.18068203400082]}}, {"id": "30972", "type": "Feature", "properties": {"name": "Zug, Frauensteinmatt", "lon": 8.515158104724579, "lat": 47.16341216382592, "stop_id": ["8593447.link:251246"], "lines": [{"line_id": "92-614-j24-1", "route_id": "80.TA.92-614-j24-1.10.R", "mode": "bus", "line_name": "614"}], "predominant_mode": "bus", "assigned_canton": "Zug", "modes_list": ["bus"]}, "geometry": {"type": "Point", "coordinates": [8.51515811315514, 47.16341217392566]}}, {"id": "30973", "type": "Feature", "properties": {"name": "Zug, Freudenberg", "lon": 8.514592164456962, "lat": 47.15527604383446, "stop_id": ["8591868.link:936980", "8591868.link:936981"], "lines": [{"line_id": "92-614-j24-1", "route_id": "80.TA.92-614-j24-1.10.R", "mode": "bus", "line_name": "614"}, {"line_id": "92-614-j24-1", "route_id": "27.TA.92-614-j24-1.8.H", "mode": "bus", "line_name": "614"}, {"line_id": "92-614-j24-1", "route_id": "4.TA.92-614-j24-1.7.H", "mode": "bus", "line_name": "614"}], "predominant_mode": "bus", "assigned_canton": "Zug", "modes_list": ["bus"]}, "geometry": {"type": "Point", "coordinates": [8.514592172889387, 47.155276053931445]}}, {"id": "30974", "type": "Feature", "properties": {"name": "Zug, Gartenstadt", "lon": 8.512741635201193, "lat": 47.17796490386449, "stop_id": ["8591898.link:1525861", "8591898.link:1525862"], "lines": [{"line_id": "92-611-B-j24-1", "route_id": "242.TA.92-611-B-j24-1.11.R", "mode": "bus", "line_name": "611"}, {"line_id": "92-611-B-j24-1", "route_id": "325.TA.92-611-B-j24-1.12.R", "mode": "bus", "line_name": "611"}, {"line_id": "92-611-B-j24-1", "route_id": "282.TA.92-611-B-j24-1.11.R", "mode": "bus", "line_name": "611"}, {"line_id": "92-611-B-j24-1", "route_id": "12.TA.92-611-B-j24-1.9.H", "mode": "bus", "line_name": "611"}, {"line_id": "92-611-B-j24-1", "route_id": "183.TA.92-611-B-j24-1.9.H", "mode": "bus", "line_name": "611"}, {"line_id": "92-611-B-j24-1", "route_id": "1.TA.92-611-B-j24-1.1.H", "mode": "bus", "line_name": "611"}, {"line_id": "92-611-B-j24-1", "route_id": "48.TA.92-611-B-j24-1.9.H", "mode": "bus", "line_name": "611"}], "predominant_mode": "bus", "assigned_canton": "Zug", "modes_list": ["bus"]}, "geometry": {"type": "Point", "coordinates": [8.512741643625041, 47.17796491397004]}}, {"id": "30975", "type": "Feature", "properties": {"name": "Zug, Gimenen", "lon": 8.51871543440895, "lat": 47.15373052376965, "stop_id": ["8588731.link:15577", "8588731.link:1914804"], "lines": [{"line_id": "92-614-j24-1", "route_id": "27.TA.92-614-j24-1.8.H", "mode": "bus", "line_name": "614"}, {"line_id": "92-614-j24-1", "route_id": "4.TA.92-614-j24-1.7.H", "mode": "bus", "line_name": "614"}, {"line_id": "92-614-j24-1", "route_id": "80.TA.92-614-j24-1.10.R", "mode": "bus", "line_name": "614"}], "predominant_mode": "bus", "assigned_canton": "Zug", "modes_list": ["bus"]}, "geometry": {"type": "Point", "coordinates": [8.518715442845886, 47.15373053386492]}}, {"id": "30976", "type": "Feature", "properties": {"name": "Zug, Grienbach", "lon": 8.523341755379501, "lat": 47.1831731136982, "stop_id": ["8593448.link:965722", "8593448.link:965723"], "lines": [{"line_id": "92-604-B-j24-1", "route_id": "538.TA.92-604-B-j24-1.27.R", "mode": "bus", "line_name": "604"}, {"line_id": "92-604-B-j24-1", "route_id": "655.TA.92-604-B-j24-1.28.R", "mode": "bus", "line_name": "604"}, {"line_id": "92-604-B-j24-1", "route_id": "532.TA.92-604-B-j24-1.27.R", "mode": "bus", "line_name": "604"}, {"line_id": "92-604-B-j24-1", "route_id": "550.TA.92-604-B-j24-1.28.R", "mode": "bus", "line_name": "604"}, {"line_id": "92-N2-D-j24-1", "route_id": "1.TA.92-N2-D-j24-1.4.H", "mode": "bus", "line_name": "N2"}, {"line_id": "92-604-B-j24-1", "route_id": "201.TA.92-604-B-j24-1.25.H", "mode": "bus", "line_name": "604"}, {"line_id": "92-604-B-j24-1", "route_id": "165.TA.92-604-B-j24-1.25.H", "mode": "bus", "line_name": "604"}, {"line_id": "92-604-B-j24-1", "route_id": "41.TA.92-604-B-j24-1.24.H", "mode": "bus", "line_name": "604"}, {"line_id": "92-604-B-j24-1", "route_id": "91.TA.92-604-B-j24-1.25.H", "mode": "bus", "line_name": "604"}, {"line_id": "92-604-B-j24-1", "route_id": "29.TA.92-604-B-j24-1.23.H", "mode": "bus", "line_name": "604"}], "predominant_mode": "bus", "assigned_canton": "Zug", "modes_list": ["bus"]}, "geometry": {"type": "Point", "coordinates": [8.523341763812192, 47.18317312380253]}}, {"id": "30977", "type": "Feature", "properties": {"name": "Zug, Guggital", "lon": 8.519577814517872, "lat": 47.15702920375627, "stop_id": ["8593449.link:1322976", "8593449.link:1322977"], "lines": [{"line_id": "92-603-B-j24-1", "route_id": "251.TA.92-603-B-j24-1.12.R", "mode": "bus", "line_name": "603"}, {"line_id": "92-603-B-j24-1", "route_id": "233.TA.92-603-B-j24-1.12.R", "mode": "bus", "line_name": "603"}, {"line_id": "92-603-B-j24-1", "route_id": "404.TA.92-603-B-j24-1.12.R", "mode": "bus", "line_name": "603"}, {"line_id": "92-603-B-j24-1", "route_id": "211.TA.92-603-B-j24-1.10.R", "mode": "bus", "line_name": "603"}, {"line_id": "92-603-B-j24-1", "route_id": "66.TA.92-603-B-j24-1.9.H", "mode": "bus", "line_name": "603"}, {"line_id": "92-603-B-j24-1", "route_id": "7.TA.92-603-B-j24-1.8.H", "mode": "bus", "line_name": "603"}, {"line_id": "92-603-B-j24-1", "route_id": "2.TA.92-603-B-j24-1.8.H", "mode": "bus", "line_name": "603"}, {"line_id": "92-603-B-j24-1", "route_id": "131.TA.92-603-B-j24-1.9.H", "mode": "bus", "line_name": "603"}], "predominant_mode": "bus", "assigned_canton": "Zug", "modes_list": ["bus"]}, "geometry": {"type": "Point", "coordinates": [8.519577822954668, 47.15702921385249]}}, {"id": "30978", "type": "Feature", "properties": {"name": "Zug, Guthirt", "lon": 8.518005765185459, "lat": 47.177378713781756, "stop_id": ["8577559.link:612744", "8577559.link:612745"], "lines": [{"line_id": "92-604-B-j24-1", "route_id": "655.TA.92-604-B-j24-1.28.R", "mode": "bus", "line_name": "604"}, {"line_id": "92-604-B-j24-1", "route_id": "538.TA.92-604-B-j24-1.27.R", "mode": "bus", "line_name": "604"}, {"line_id": "92-604-B-j24-1", "route_id": "532.TA.92-604-B-j24-1.27.R", "mode": "bus", "line_name": "604"}, {"line_id": "92-603-B-j24-1", "route_id": "12.TA.92-603-B-j24-1.2.H", "mode": "bus", "line_name": "603"}, {"line_id": "92-604-B-j24-1", "route_id": "550.TA.92-604-B-j24-1.28.R", "mode": "bus", "line_name": "604"}, {"line_id": "92-603-B-j24-1", "route_id": "66.TA.92-603-B-j24-1.9.H", "mode": "bus", "line_name": "603"}, {"line_id": "92-603-B-j24-1", "route_id": "131.TA.92-603-B-j24-1.9.H", "mode": "bus", "line_name": "603"}, {"line_id": "92-N2-D-j24-1", "route_id": "1.TA.92-N2-D-j24-1.4.H", "mode": "bus", "line_name": "N2"}, {"line_id": "92-603-B-j24-1", "route_id": "251.TA.92-603-B-j24-1.12.R", "mode": "bus", "line_name": "603"}, {"line_id": "92-604-B-j24-1", "route_id": "201.TA.92-604-B-j24-1.25.H", "mode": "bus", "line_name": "604"}, {"line_id": "92-604-B-j24-1", "route_id": "165.TA.92-604-B-j24-1.25.H", "mode": "bus", "line_name": "604"}, {"line_id": "92-603-B-j24-1", "route_id": "214.TA.92-603-B-j24-1.5.R", "mode": "bus", "line_name": "603"}, {"line_id": "92-603-B-j24-1", "route_id": "216.TA.92-603-B-j24-1.11.R", "mode": "bus", "line_name": "603"}, {"line_id": "92-604-B-j24-1", "route_id": "41.TA.92-604-B-j24-1.24.H", "mode": "bus", "line_name": "604"}, {"line_id": "92-604-B-j24-1", "route_id": "91.TA.92-604-B-j24-1.25.H", "mode": "bus", "line_name": "604"}, {"line_id": "92-604-B-j24-1", "route_id": "29.TA.92-604-B-j24-1.23.H", "mode": "bus", "line_name": "604"}, {"line_id": "92-603-B-j24-1", "route_id": "218.TA.92-603-B-j24-1.11.R", "mode": "bus", "line_name": "603"}, {"line_id": "92-603-B-j24-1", "route_id": "219.TA.92-603-B-j24-1.11.R", "mode": "bus", "line_name": "603"}, {"line_id": "92-603-B-j24-1", "route_id": "404.TA.92-603-B-j24-1.12.R", "mode": "bus", "line_name": "603"}, {"line_id": "92-603-B-j24-1", "route_id": "233.TA.92-603-B-j24-1.12.R", "mode": "bus", "line_name": "603"}], "predominant_mode": "bus", "assigned_canton": "Zug", "modes_list": ["bus"]}, "geometry": {"type": "Point", "coordinates": [8.51800577361465, 47.177378723885575]}}, {"id": "30979", "type": "Feature", "properties": {"name": "Zug, Gutsch", "lon": 8.530689975003657, "lat": 47.17158979358234, "stop_id": ["8502792.link:1849698", "8502792.link:1849699"], "lines": [{"line_id": "92-N1-D-j24-1", "route_id": "1.TA.92-N1-D-j24-1.6.H", "mode": "bus", "line_name": "N1"}, {"line_id": "92-602-A-j24-1", "route_id": "135.TA.92-602-A-j24-1.7.H", "mode": "bus", "line_name": "602"}, {"line_id": "92-602-A-j24-1", "route_id": "134.TA.92-602-A-j24-1.6.H", "mode": "bus", "line_name": "602"}, {"line_id": "92-612-C-j24-1", "route_id": "1.TA.92-612-C-j24-1.6.H", "mode": "bus", "line_name": "612"}, {"line_id": "92-612-C-j24-1", "route_id": "6.TA.92-612-C-j24-1.8.H", "mode": "bus", "line_name": "612"}, {"line_id": "92-612-C-j24-1", "route_id": "36.TA.92-612-C-j24-1.10.R", "mode": "bus", "line_name": "612"}, {"line_id": "92-602-A-j24-1", "route_id": "199.TA.92-602-A-j24-1.8.R", "mode": "bus", "line_name": "602"}], "predominant_mode": "bus", "assigned_canton": "Zug", "modes_list": ["bus"]}, "geometry": {"type": "Point", "coordinates": [8.530689983447017, 47.17158980368051]}}, {"id": "30980", "type": "Feature", "properties": {"name": "Zug, Gutschweg", "lon": 8.52637806495925, "lat": 47.17032567364998, "stop_id": ["8593450.link:1726026"], "lines": [{"line_id": "92-613-C-j24-1", "route_id": "237.TA.92-613-C-j24-1.4.R", "mode": "bus", "line_name": "613"}, {"line_id": "92-613-C-j24-1", "route_id": "180.TA.92-613-C-j24-1.4.R", "mode": "bus", "line_name": "613"}, {"line_id": "92-613-C-j24-1", "route_id": "316.TA.92-613-C-j24-1.4.R", "mode": "bus", "line_name": "613"}], "predominant_mode": "bus", "assigned_canton": "Zug", "modes_list": ["bus"]}, "geometry": {"type": "Point", "coordinates": [8.52637807339876, 47.17032568374892]}}, {"id": "30981", "type": "Feature", "properties": {"name": "Zug, G\u00f6bli", "lon": 8.52041324523947, "lat": 47.178972393744004, "stop_id": ["8587257.link:322184"], "lines": [{"line_id": "92-N2-D-j24-1", "route_id": "1.TA.92-N2-D-j24-1.4.H", "mode": "bus", "line_name": "N2"}, {"line_id": "92-604-B-j24-1", "route_id": "655.TA.92-604-B-j24-1.28.R", "mode": "bus", "line_name": "604"}, {"line_id": "92-604-B-j24-1", "route_id": "538.TA.92-604-B-j24-1.27.R", "mode": "bus", "line_name": "604"}, {"line_id": "92-604-B-j24-1", "route_id": "532.TA.92-604-B-j24-1.27.R", "mode": "bus", "line_name": "604"}, {"line_id": "92-604-B-j24-1", "route_id": "201.TA.92-604-B-j24-1.25.H", "mode": "bus", "line_name": "604"}, {"line_id": "92-604-B-j24-1", "route_id": "165.TA.92-604-B-j24-1.25.H", "mode": "bus", "line_name": "604"}, {"line_id": "92-604-B-j24-1", "route_id": "41.TA.92-604-B-j24-1.24.H", "mode": "bus", "line_name": "604"}, {"line_id": "92-604-B-j24-1", "route_id": "91.TA.92-604-B-j24-1.25.H", "mode": "bus", "line_name": "604"}, {"line_id": "92-604-B-j24-1", "route_id": "550.TA.92-604-B-j24-1.28.R", "mode": "bus", "line_name": "604"}, {"line_id": "92-604-B-j24-1", "route_id": "29.TA.92-604-B-j24-1.23.H", "mode": "bus", "line_name": "604"}], "predominant_mode": "bus", "assigned_canton": "Zug", "modes_list": ["bus"]}, "geometry": {"type": "Point", "coordinates": [8.520413253670545, 47.1789724038477]}}, {"id": "30982", "type": "Feature", "properties": {"name": "Zug, Hasenb\u00fcel", "lon": 8.516793034379592, "lat": 47.15287528379976, "stop_id": ["8593453.link:1914800", "8593453.link:1914801"], "lines": [{"line_id": "92-614-j24-1", "route_id": "80.TA.92-614-j24-1.10.R", "mode": "bus", "line_name": "614"}, {"line_id": "92-614-j24-1", "route_id": "27.TA.92-614-j24-1.8.H", "mode": "bus", "line_name": "614"}, {"line_id": "92-614-j24-1", "route_id": "4.TA.92-614-j24-1.7.H", "mode": "bus", "line_name": "614"}], "predominant_mode": "bus", "assigned_canton": "Zug", "modes_list": ["bus"]}, "geometry": {"type": "Point", "coordinates": [8.516793042814895, 47.152875293895306]}}, {"id": "30983", "type": "Feature", "properties": {"name": "Zug, H\u00e4nggelisteig", "lon": 8.526261284874291, "lat": 47.16774237365173, "stop_id": ["8593451.link:1561050", "8593451.link:1561051"], "lines": [{"line_id": "92-613-C-j24-1", "route_id": "237.TA.92-613-C-j24-1.4.R", "mode": "bus", "line_name": "613"}, {"line_id": "92-613-C-j24-1", "route_id": "180.TA.92-613-C-j24-1.4.R", "mode": "bus", "line_name": "613"}, {"line_id": "92-613-C-j24-1", "route_id": "316.TA.92-613-C-j24-1.4.R", "mode": "bus", "line_name": "613"}, {"line_id": "92-613-C-j24-1", "route_id": "6.TA.92-613-C-j24-1.3.H", "mode": "bus", "line_name": "613"}, {"line_id": "92-613-C-j24-1", "route_id": "43.TA.92-613-C-j24-1.3.H", "mode": "bus", "line_name": "613"}, {"line_id": "92-613-C-j24-1", "route_id": "152.TA.92-613-C-j24-1.3.H", "mode": "bus", "line_name": "613"}], "predominant_mode": "bus", "assigned_canton": "Zug", "modes_list": ["bus"]}, "geometry": {"type": "Point", "coordinates": [8.526261293314457, 47.16774238374985]}}, {"id": "30984", "type": "Feature", "properties": {"name": "Zug, H\u00e4nib\u00fcel", "lon": 8.51868848456925, "lat": 47.15861127377029, "stop_id": ["8593452.link:721350", "8593452.link:721351"], "lines": [{"line_id": "92-603-B-j24-1", "route_id": "251.TA.92-603-B-j24-1.12.R", "mode": "bus", "line_name": "603"}, {"line_id": "92-603-B-j24-1", "route_id": "233.TA.92-603-B-j24-1.12.R", "mode": "bus", "line_name": "603"}, {"line_id": "92-603-B-j24-1", "route_id": "404.TA.92-603-B-j24-1.12.R", "mode": "bus", "line_name": "603"}, {"line_id": "92-603-B-j24-1", "route_id": "211.TA.92-603-B-j24-1.10.R", "mode": "bus", "line_name": "603"}, {"line_id": "92-603-B-j24-1", "route_id": "66.TA.92-603-B-j24-1.9.H", "mode": "bus", "line_name": "603"}, {"line_id": "92-603-B-j24-1", "route_id": "7.TA.92-603-B-j24-1.8.H", "mode": "bus", "line_name": "603"}, {"line_id": "92-603-B-j24-1", "route_id": "2.TA.92-603-B-j24-1.8.H", "mode": "bus", "line_name": "603"}, {"line_id": "92-603-B-j24-1", "route_id": "131.TA.92-603-B-j24-1.9.H", "mode": "bus", "line_name": "603"}], "predominant_mode": "bus", "assigned_canton": "Zug", "modes_list": ["bus"]}, "geometry": {"type": "Point", "coordinates": [8.518688493004701, 47.15861128386731]}}, {"id": "30985", "type": "Feature", "properties": {"name": "Zug, Kantonsschule", "lon": 8.522398525139641, "lat": 47.17589490371272, "stop_id": ["8588701.link:339392", "8588701.link:339393"], "lines": [{"line_id": "92-614-j24-1", "route_id": "27.TA.92-614-j24-1.8.H", "mode": "bus", "line_name": "614"}, {"line_id": "92-614-j24-1", "route_id": "2.TA.92-614-j24-1.6.H", "mode": "bus", "line_name": "614"}, {"line_id": "92-614-j24-1", "route_id": "73.TA.92-614-j24-1.9.R", "mode": "bus", "line_name": "614"}, {"line_id": "92-614-j24-1", "route_id": "80.TA.92-614-j24-1.10.R", "mode": "bus", "line_name": "614"}], "predominant_mode": "bus", "assigned_canton": "Zug", "modes_list": ["bus"]}, "geometry": {"type": "Point", "coordinates": [8.522398533573584, 47.17589491381475]}}, {"id": "30986", "type": "Feature", "properties": {"name": "Zug, Kistenfabrik", "lon": 8.519137645307044, "lat": 47.18105447376412, "stop_id": ["8577560.link:1245518", "8577560.link:1245519"], "lines": [{"line_id": "92-603-B-j24-1", "route_id": "66.TA.92-603-B-j24-1.9.H", "mode": "bus", "line_name": "603"}, {"line_id": "92-603-B-j24-1", "route_id": "12.TA.92-603-B-j24-1.2.H", "mode": "bus", "line_name": "603"}, {"line_id": "92-603-B-j24-1", "route_id": "131.TA.92-603-B-j24-1.9.H", "mode": "bus", "line_name": "603"}, {"line_id": "92-603-B-j24-1", "route_id": "251.TA.92-603-B-j24-1.12.R", "mode": "bus", "line_name": "603"}, {"line_id": "92-603-B-j24-1", "route_id": "214.TA.92-603-B-j24-1.5.R", "mode": "bus", "line_name": "603"}, {"line_id": "92-603-B-j24-1", "route_id": "216.TA.92-603-B-j24-1.11.R", "mode": "bus", "line_name": "603"}, {"line_id": "92-603-B-j24-1", "route_id": "218.TA.92-603-B-j24-1.11.R", "mode": "bus", "line_name": "603"}, {"line_id": "92-603-B-j24-1", "route_id": "219.TA.92-603-B-j24-1.11.R", "mode": "bus", "line_name": "603"}, {"line_id": "92-603-B-j24-1", "route_id": "404.TA.92-603-B-j24-1.12.R", "mode": "bus", "line_name": "603"}, {"line_id": "92-603-B-j24-1", "route_id": "233.TA.92-603-B-j24-1.12.R", "mode": "bus", "line_name": "603"}], "predominant_mode": "bus", "assigned_canton": "Zug", "modes_list": ["bus"]}, "geometry": {"type": "Point", "coordinates": [8.519137653736248, 47.181054483868934]}}, {"id": "30987", "type": "Feature", "properties": {"name": "Zug, Kolinplatz", "lon": 8.515283864801335, "lat": 47.16574527382401, "stop_id": ["8502281.link:1078071", "8502281.link:1078072"], "lines": [{"line_id": "92-605-A-j24-1", "route_id": "107.TA.92-605-A-j24-1.4.R", "mode": "bus", "line_name": "605"}, {"line_id": "92-611-B-j24-1", "route_id": "325.TA.92-611-B-j24-1.12.R", "mode": "bus", "line_name": "611"}, {"line_id": "92-614-j24-1", "route_id": "27.TA.92-614-j24-1.8.H", "mode": "bus", "line_name": "614"}, {"line_id": "92-603-B-j24-1", "route_id": "251.TA.92-603-B-j24-1.12.R", "mode": "bus", "line_name": "603"}, {"line_id": "92-611-B-j24-1", "route_id": "199.TA.92-611-B-j24-1.10.R", "mode": "bus", "line_name": "611"}, {"line_id": "92-603-B-j24-1", "route_id": "404.TA.92-603-B-j24-1.12.R", "mode": "bus", "line_name": "603"}, {"line_id": "92-611-B-j24-1", "route_id": "282.TA.92-611-B-j24-1.11.R", "mode": "bus", "line_name": "611"}, {"line_id": "92-603-B-j24-1", "route_id": "211.TA.92-603-B-j24-1.10.R", "mode": "bus", "line_name": "603"}, {"line_id": "92-614-j24-1", "route_id": "4.TA.92-614-j24-1.7.H", "mode": "bus", "line_name": "614"}, {"line_id": "92-611-B-j24-1", "route_id": "242.TA.92-611-B-j24-1.11.R", "mode": "bus", "line_name": "611"}, {"line_id": "92-605-A-j24-1", "route_id": "74.TA.92-605-A-j24-1.4.R", "mode": "bus", "line_name": "605"}, {"line_id": "92-603-B-j24-1", "route_id": "233.TA.92-603-B-j24-1.12.R", "mode": "bus", "line_name": "603"}, {"line_id": "92-603-B-j24-1", "route_id": "2.TA.92-603-B-j24-1.8.H", "mode": "bus", "line_name": "603"}, {"line_id": "92-611-B-j24-1", "route_id": "4.TA.92-611-B-j24-1.8.H", "mode": "bus", "line_name": "611"}, {"line_id": "92-614-j24-1", "route_id": "80.TA.92-614-j24-1.10.R", "mode": "bus", "line_name": "614"}, {"line_id": "92-611-B-j24-1", "route_id": "12.TA.92-611-B-j24-1.9.H", "mode": "bus", "line_name": "611"}, {"line_id": "92-605-A-j24-1", "route_id": "38.TA.92-605-A-j24-1.3.H", "mode": "bus", "line_name": "605"}, {"line_id": "92-611-B-j24-1", "route_id": "183.TA.92-611-B-j24-1.9.H", "mode": "bus", "line_name": "611"}, {"line_id": "92-N5-A-j24-1", "route_id": "1.TA.92-N5-A-j24-1.8.H", "mode": "bus", "line_name": "N5"}, {"line_id": "92-605-A-j24-1", "route_id": "14.TA.92-605-A-j24-1.3.H", "mode": "bus", "line_name": "605"}, {"line_id": "92-603-B-j24-1", "route_id": "7.TA.92-603-B-j24-1.8.H", "mode": "bus", "line_name": "603"}, {"line_id": "92-611-B-j24-1", "route_id": "48.TA.92-611-B-j24-1.9.H", "mode": "bus", "line_name": "611"}, {"line_id": "92-603-B-j24-1", "route_id": "66.TA.92-603-B-j24-1.9.H", "mode": "bus", "line_name": "603"}, {"line_id": "92-603-B-j24-1", "route_id": "131.TA.92-603-B-j24-1.9.H", "mode": "bus", "line_name": "603"}], "predominant_mode": "bus", "assigned_canton": "Zug", "modes_list": ["bus"]}, "geometry": {"type": "Point", "coordinates": [8.515283873231327, 47.165745283924544]}}, {"id": "30988", "type": "Feature", "properties": {"name": "Zug, Landis & Gyr/Bahnhof", "lon": 8.514789795093979, "lat": 47.17466142383218, "stop_id": ["8587514.link:1750242", "8587514.link:1750243"], "lines": [{"line_id": "92-606-j24-1", "route_id": "217.TA.92-606-j24-1.16.R", "mode": "bus", "line_name": "606"}, {"line_id": "92-606-j24-1", "route_id": "307.TA.92-606-j24-1.17.R", "mode": "bus", "line_name": "606"}, {"line_id": "92-611-B-j24-1", "route_id": "12.TA.92-611-B-j24-1.9.H", "mode": "bus", "line_name": "611"}, {"line_id": "92-611-B-j24-1", "route_id": "183.TA.92-611-B-j24-1.9.H", "mode": "bus", "line_name": "611"}, {"line_id": "92-607-j24-1", "route_id": "173.TA.92-607-j24-1.3.R", "mode": "bus", "line_name": "607"}, {"line_id": "92-611-B-j24-1", "route_id": "48.TA.92-611-B-j24-1.9.H", "mode": "bus", "line_name": "611"}, {"line_id": "92-611-B-j24-1", "route_id": "1.TA.92-611-B-j24-1.1.H", "mode": "bus", "line_name": "611"}, {"line_id": "92-606-j24-1", "route_id": "345.TA.92-606-j24-1.18.R", "mode": "bus", "line_name": "606"}, {"line_id": "92-607-j24-1", "route_id": "101.TA.92-607-j24-1.1.H", "mode": "bus", "line_name": "607"}, {"line_id": "92-606-j24-1", "route_id": "70.TA.92-606-j24-1.11.H", "mode": "bus", "line_name": "606"}, {"line_id": "92-611-B-j24-1", "route_id": "325.TA.92-611-B-j24-1.12.R", "mode": "bus", "line_name": "611"}, {"line_id": "92-606-j24-1", "route_id": "173.TA.92-606-j24-1.14.H", "mode": "bus", "line_name": "606"}, {"line_id": "92-606-j24-1", "route_id": "6.TA.92-606-j24-1.10.H", "mode": "bus", "line_name": "606"}, {"line_id": "92-611-B-j24-1", "route_id": "282.TA.92-611-B-j24-1.11.R", "mode": "bus", "line_name": "611"}, {"line_id": "92-606-j24-1", "route_id": "136.TA.92-606-j24-1.13.H", "mode": "bus", "line_name": "606"}, {"line_id": "92-616-A-j24-1", "route_id": "14.TA.92-616-A-j24-1.4.H", "mode": "bus", "line_name": "616"}, {"line_id": "92-607-j24-1", "route_id": "23.TA.92-607-j24-1.1.H", "mode": "bus", "line_name": "607"}, {"line_id": "92-606-j24-1", "route_id": "32.TA.92-606-j24-1.11.H", "mode": "bus", "line_name": "606"}, {"line_id": "92-611-B-j24-1", "route_id": "242.TA.92-611-B-j24-1.11.R", "mode": "bus", "line_name": "611"}], "predominant_mode": "bus", "assigned_canton": "Zug", "modes_list": ["bus"]}, "geometry": {"type": "Point", "coordinates": [8.514789803520824, 47.17466143393597]}}, {"id": "30989", "type": "Feature", "properties": {"name": "Zug, Letzi", "lon": 8.500964725136283, "lat": 47.176230754049364, "stop_id": ["8502791.link:929093", "8502791.link:929094"], "lines": [{"line_id": "92-N3-E-j24-1", "route_id": "2.TA.92-N3-E-j24-1.1.H", "mode": "bus", "line_name": "N3"}, {"line_id": "92-606-j24-1", "route_id": "217.TA.92-606-j24-1.16.R", "mode": "bus", "line_name": "606"}, {"line_id": "92-607-j24-1", "route_id": "173.TA.92-607-j24-1.3.R", "mode": "bus", "line_name": "607"}, {"line_id": "92-606-j24-1", "route_id": "345.TA.92-606-j24-1.18.R", "mode": "bus", "line_name": "606"}, {"line_id": "92-N6-A-j24-1", "route_id": "1.TA.92-N6-A-j24-1.4.H", "mode": "bus", "line_name": "N6"}, {"line_id": "92-607-j24-1", "route_id": "101.TA.92-607-j24-1.1.H", "mode": "bus", "line_name": "607"}, {"line_id": "92-607-j24-1", "route_id": "23.TA.92-607-j24-1.1.H", "mode": "bus", "line_name": "607"}], "predominant_mode": "bus", "assigned_canton": "Zug", "modes_list": ["bus"]}, "geometry": {"type": "Point", "coordinates": [8.500964733549088, 47.17623076415766]}}, {"id": "30990", "type": "Feature", "properties": {"name": "Zug, Liebfrauenhof", "lon": 8.520206634569874, "lat": 47.158599053746435, "stop_id": ["8587263.link:584477", "8587263.link:584478"], "lines": [{"line_id": "92-603-B-j24-1", "route_id": "251.TA.92-603-B-j24-1.12.R", "mode": "bus", "line_name": "603"}, {"line_id": "92-603-B-j24-1", "route_id": "233.TA.92-603-B-j24-1.12.R", "mode": "bus", "line_name": "603"}, {"line_id": "92-603-B-j24-1", "route_id": "404.TA.92-603-B-j24-1.12.R", "mode": "bus", "line_name": "603"}, {"line_id": "92-603-B-j24-1", "route_id": "211.TA.92-603-B-j24-1.10.R", "mode": "bus", "line_name": "603"}, {"line_id": "92-603-B-j24-1", "route_id": "66.TA.92-603-B-j24-1.9.H", "mode": "bus", "line_name": "603"}, {"line_id": "92-603-B-j24-1", "route_id": "7.TA.92-603-B-j24-1.8.H", "mode": "bus", "line_name": "603"}, {"line_id": "92-603-B-j24-1", "route_id": "2.TA.92-603-B-j24-1.8.H", "mode": "bus", "line_name": "603"}, {"line_id": "92-603-B-j24-1", "route_id": "131.TA.92-603-B-j24-1.9.H", "mode": "bus", "line_name": "603"}], "predominant_mode": "bus", "assigned_canton": "Zug", "modes_list": ["bus"]}, "geometry": {"type": "Point", "coordinates": [8.520206643006826, 47.15859906384302]}}, {"id": "30991", "type": "Feature", "properties": {"name": "Zug, Lorzen", "lon": 8.492709205212988, "lat": 47.178734254179155, "stop_id": ["8502852.link:819488", "8502852.link:819489"], "lines": [{"line_id": "92-616-A-j24-1", "route_id": "70.TA.92-616-A-j24-1.6.R", "mode": "bus", "line_name": "616"}, {"line_id": "92-606-j24-1", "route_id": "217.TA.92-606-j24-1.16.R", "mode": "bus", "line_name": "606"}, {"line_id": "92-606-j24-1", "route_id": "307.TA.92-606-j24-1.17.R", "mode": "bus", "line_name": "606"}, {"line_id": "92-616-A-j24-1", "route_id": "54.TA.92-616-A-j24-1.5.R", "mode": "bus", "line_name": "616"}, {"line_id": "92-607-j24-1", "route_id": "173.TA.92-607-j24-1.3.R", "mode": "bus", "line_name": "607"}, {"line_id": "92-N3-E-j24-1", "route_id": "2.TA.92-N3-E-j24-1.1.H", "mode": "bus", "line_name": "N3"}, {"line_id": "92-606-j24-1", "route_id": "345.TA.92-606-j24-1.18.R", "mode": "bus", "line_name": "606"}, {"line_id": "92-607-j24-1", "route_id": "101.TA.92-607-j24-1.1.H", "mode": "bus", "line_name": "607"}, {"line_id": "92-606-j24-1", "route_id": "70.TA.92-606-j24-1.11.H", "mode": "bus", "line_name": "606"}, {"line_id": "92-606-j24-1", "route_id": "173.TA.92-606-j24-1.14.H", "mode": "bus", "line_name": "606"}, {"line_id": "92-606-j24-1", "route_id": "6.TA.92-606-j24-1.10.H", "mode": "bus", "line_name": "606"}, {"line_id": "92-606-j24-1", "route_id": "136.TA.92-606-j24-1.13.H", "mode": "bus", "line_name": "606"}, {"line_id": "92-616-A-j24-1", "route_id": "14.TA.92-616-A-j24-1.4.H", "mode": "bus", "line_name": "616"}, {"line_id": "92-N6-A-j24-1", "route_id": "1.TA.92-N6-A-j24-1.4.H", "mode": "bus", "line_name": "N6"}, {"line_id": "92-N4-C-j24-1", "route_id": "1.TA.92-N4-C-j24-1.3.H", "mode": "bus", "line_name": "N4"}, {"line_id": "92-607-j24-1", "route_id": "23.TA.92-607-j24-1.1.H", "mode": "bus", "line_name": "607"}, {"line_id": "92-606-j24-1", "route_id": "32.TA.92-606-j24-1.11.H", "mode": "bus", "line_name": "606"}], "predominant_mode": "bus", "assigned_canton": "Zug", "modes_list": ["bus"]}, "geometry": {"type": "Point", "coordinates": [8.492709213616932, 47.17873426429067]}}, {"id": "30992", "type": "Feature", "properties": {"name": "Zug, L\u00fcssirain", "lon": 8.530258784941354, "lat": 47.169702763589, "stop_id": ["8593455.link:31662", "8593455.link:31663"], "lines": [{"line_id": "92-613-C-j24-1", "route_id": "6.TA.92-613-C-j24-1.3.H", "mode": "bus", "line_name": "613"}, {"line_id": "92-613-C-j24-1", "route_id": "43.TA.92-613-C-j24-1.3.H", "mode": "bus", "line_name": "613"}, {"line_id": "92-613-C-j24-1", "route_id": "152.TA.92-613-C-j24-1.3.H", "mode": "bus", "line_name": "613"}, {"line_id": "92-613-C-j24-1", "route_id": "237.TA.92-613-C-j24-1.4.R", "mode": "bus", "line_name": "613"}, {"line_id": "92-613-C-j24-1", "route_id": "180.TA.92-613-C-j24-1.4.R", "mode": "bus", "line_name": "613"}, {"line_id": "92-613-C-j24-1", "route_id": "316.TA.92-613-C-j24-1.4.R", "mode": "bus", "line_name": "613"}], "predominant_mode": "bus", "assigned_canton": "Zug", "modes_list": ["bus"]}, "geometry": {"type": "Point", "coordinates": [8.530258793384856, 47.169702773686616]}}, {"id": "30993", "type": "Feature", "properties": {"name": "Zug, Meisenberg", "lon": 8.51487064437145, "lat": 47.15266757382997, "stop_id": ["8588732.link:936986", "8588732.link:936987"], "lines": [{"line_id": "92-614-j24-1", "route_id": "80.TA.92-614-j24-1.10.R", "mode": "bus", "line_name": "614"}, {"line_id": "92-614-j24-1", "route_id": "27.TA.92-614-j24-1.8.H", "mode": "bus", "line_name": "614"}, {"line_id": "92-614-j24-1", "route_id": "4.TA.92-614-j24-1.7.H", "mode": "bus", "line_name": "614"}], "predominant_mode": "bus", "assigned_canton": "Zug", "modes_list": ["bus"]}, "geometry": {"type": "Point", "coordinates": [8.514870652804927, 47.152667583925975]}}, {"id": "30994", "type": "Feature", "properties": {"name": "Zug, Metalli/Bahnhof", "lon": 8.51673913504292, "lat": 47.17306761380152, "stop_id": ["8502781:0:A.link:793534", "8502781:0:B.link:793534", "8502781:0:C.link:793535", "8502781:0:D.link:353492", "8502781:0:D.link:793535"], "lines": [{"line_id": "92-606-j24-1", "route_id": "217.TA.92-606-j24-1.16.R", "mode": "bus", "line_name": "606"}, {"line_id": "92-606-j24-1", "route_id": "307.TA.92-606-j24-1.17.R", "mode": "bus", "line_name": "606"}, {"line_id": "92-611-B-j24-1", "route_id": "1.TA.92-611-B-j24-1.1.H", "mode": "bus", "line_name": "611"}, {"line_id": "92-603-B-j24-1", "route_id": "2.TA.92-603-B-j24-1.8.H", "mode": "bus", "line_name": "603"}, {"line_id": "92-611-B-j24-1", "route_id": "4.TA.92-611-B-j24-1.8.H", "mode": "bus", "line_name": "611"}, {"line_id": "92-611-B-j24-1", "route_id": "12.TA.92-611-B-j24-1.9.H", "mode": "bus", "line_name": "611"}, {"line_id": "92-611-B-j24-1", "route_id": "183.TA.92-611-B-j24-1.9.H", "mode": "bus", "line_name": "611"}, {"line_id": "92-603-B-j24-1", "route_id": "12.TA.92-603-B-j24-1.2.H", "mode": "bus", "line_name": "603"}, {"line_id": "92-603-B-j24-1", "route_id": "7.TA.92-603-B-j24-1.8.H", "mode": "bus", "line_name": "603"}, {"line_id": "92-611-B-j24-1", "route_id": "48.TA.92-611-B-j24-1.9.H", "mode": "bus", "line_name": "611"}, {"line_id": "92-603-B-j24-1", "route_id": "66.TA.92-603-B-j24-1.9.H", "mode": "bus", "line_name": "603"}, {"line_id": "92-606-j24-1", "route_id": "345.TA.92-606-j24-1.18.R", "mode": "bus", "line_name": "606"}, {"line_id": "92-603-B-j24-1", "route_id": "131.TA.92-603-B-j24-1.9.H", "mode": "bus", "line_name": "603"}, {"line_id": "92-604-B-j24-1", "route_id": "655.TA.92-604-B-j24-1.28.R", "mode": "bus", "line_name": "604"}, {"line_id": "92-601-A-j24-1", "route_id": "569.TA.92-601-A-j24-1.4.R", "mode": "bus", "line_name": "601"}, {"line_id": "92-604-B-j24-1", "route_id": "538.TA.92-604-B-j24-1.27.R", "mode": "bus", "line_name": "604"}, {"line_id": "92-604-B-j24-1", "route_id": "532.TA.92-604-B-j24-1.27.R", "mode": "bus", "line_name": "604"}, {"line_id": "92-614-j24-1", "route_id": "73.TA.92-614-j24-1.9.R", "mode": "bus", "line_name": "614"}, {"line_id": "92-614-j24-1", "route_id": "80.TA.92-614-j24-1.10.R", "mode": "bus", "line_name": "614"}, {"line_id": "92-607-j24-1", "route_id": "173.TA.92-607-j24-1.3.R", "mode": "bus", "line_name": "607"}, {"line_id": "92-604-B-j24-1", "route_id": "550.TA.92-604-B-j24-1.28.R", "mode": "bus", "line_name": "604"}, {"line_id": "92-601-A-j24-1", "route_id": "397.TA.92-601-A-j24-1.4.R", "mode": "bus", "line_name": "601"}, {"line_id": "92-601-A-j24-1", "route_id": "538.TA.92-601-A-j24-1.4.R", "mode": "bus", "line_name": "601"}, {"line_id": "92-606-j24-1", "route_id": "136.TA.92-606-j24-1.13.H", "mode": "bus", "line_name": "606"}, {"line_id": "92-603-B-j24-1", "route_id": "216.TA.92-603-B-j24-1.11.R", "mode": "bus", "line_name": "603"}, {"line_id": "92-603-B-j24-1", "route_id": "219.TA.92-603-B-j24-1.11.R", "mode": "bus", "line_name": "603"}, {"line_id": "92-603-B-j24-1", "route_id": "233.TA.92-603-B-j24-1.12.R", "mode": "bus", "line_name": "603"}, {"line_id": "92-606-j24-1", "route_id": "70.TA.92-606-j24-1.11.H", "mode": "bus", "line_name": "606"}, {"line_id": "92-611-B-j24-1", "route_id": "325.TA.92-611-B-j24-1.12.R", "mode": "bus", "line_name": "611"}, {"line_id": "92-606-j24-1", "route_id": "173.TA.92-606-j24-1.14.H", "mode": "bus", "line_name": "606"}, {"line_id": "92-606-j24-1", "route_id": "6.TA.92-606-j24-1.10.H", "mode": "bus", "line_name": "606"}, {"line_id": "92-603-B-j24-1", "route_id": "404.TA.92-603-B-j24-1.12.R", "mode": "bus", "line_name": "603"}, {"line_id": "92-607-j24-1", "route_id": "101.TA.92-607-j24-1.1.H", "mode": "bus", "line_name": "607"}, {"line_id": "92-603-B-j24-1", "route_id": "251.TA.92-603-B-j24-1.12.R", "mode": "bus", "line_name": "603"}, {"line_id": "92-611-B-j24-1", "route_id": "282.TA.92-611-B-j24-1.11.R", "mode": "bus", "line_name": "611"}, {"line_id": "92-603-B-j24-1", "route_id": "214.TA.92-603-B-j24-1.5.R", "mode": "bus", "line_name": "603"}, {"line_id": "92-607-j24-1", "route_id": "23.TA.92-607-j24-1.1.H", "mode": "bus", "line_name": "607"}, {"line_id": "92-606-j24-1", "route_id": "32.TA.92-606-j24-1.11.H", "mode": "bus", "line_name": "606"}, {"line_id": "92-603-B-j24-1", "route_id": "218.TA.92-603-B-j24-1.11.R", "mode": "bus", "line_name": "603"}, {"line_id": "92-611-B-j24-1", "route_id": "242.TA.92-611-B-j24-1.11.R", "mode": "bus", "line_name": "611"}, {"line_id": "92-611-B-j24-1", "route_id": "199.TA.92-611-B-j24-1.10.R", "mode": "bus", "line_name": "611"}, {"line_id": "92-603-B-j24-1", "route_id": "211.TA.92-603-B-j24-1.10.R", "mode": "bus", "line_name": "603"}, {"line_id": "92-616-A-j24-1", "route_id": "14.TA.92-616-A-j24-1.4.H", "mode": "bus", "line_name": "616"}, {"line_id": "92-614-j24-1", "route_id": "27.TA.92-614-j24-1.8.H", "mode": "bus", "line_name": "614"}, {"line_id": "92-601-A-j24-1", "route_id": "83.TA.92-601-A-j24-1.3.H", "mode": "bus", "line_name": "601"}, {"line_id": "92-604-B-j24-1", "route_id": "201.TA.92-604-B-j24-1.25.H", "mode": "bus", "line_name": "604"}, {"line_id": "92-601-A-j24-1", "route_id": "13.TA.92-601-A-j24-1.3.H", "mode": "bus", "line_name": "601"}, {"line_id": "92-604-B-j24-1", "route_id": "165.TA.92-604-B-j24-1.25.H", "mode": "bus", "line_name": "604"}, {"line_id": "92-601-A-j24-1", "route_id": "183.TA.92-601-A-j24-1.3.H", "mode": "bus", "line_name": "601"}, {"line_id": "92-604-B-j24-1", "route_id": "41.TA.92-604-B-j24-1.24.H", "mode": "bus", "line_name": "604"}, {"line_id": "92-604-B-j24-1", "route_id": "91.TA.92-604-B-j24-1.25.H", "mode": "bus", "line_name": "604"}, {"line_id": "92-614-j24-1", "route_id": "4.TA.92-614-j24-1.7.H", "mode": "bus", "line_name": "614"}, {"line_id": "92-614-j24-1", "route_id": "2.TA.92-614-j24-1.6.H", "mode": "bus", "line_name": "614"}, {"line_id": "92-604-B-j24-1", "route_id": "29.TA.92-604-B-j24-1.23.H", "mode": "bus", "line_name": "604"}], "predominant_mode": "bus", "assigned_canton": "Zug", "modes_list": ["bus"]}, "geometry": {"type": "Point", "coordinates": [8.516739143472154, 47.17306762390421]}}, {"id": "30995", "type": "Feature", "properties": {"name": "Zug, M\u00e4nibach", "lon": 8.513199774652243, "lat": 47.16124998385662, "stop_id": ["8502864.link:490019", "8502864.link:490020"], "lines": [{"line_id": "92-605-A-j24-1", "route_id": "107.TA.92-605-A-j24-1.4.R", "mode": "bus", "line_name": "605"}, {"line_id": "92-611-B-j24-1", "route_id": "325.TA.92-611-B-j24-1.12.R", "mode": "bus", "line_name": "611"}, {"line_id": "92-611-B-j24-1", "route_id": "199.TA.92-611-B-j24-1.10.R", "mode": "bus", "line_name": "611"}, {"line_id": "92-611-B-j24-1", "route_id": "282.TA.92-611-B-j24-1.11.R", "mode": "bus", "line_name": "611"}, {"line_id": "92-611-B-j24-1", "route_id": "242.TA.92-611-B-j24-1.11.R", "mode": "bus", "line_name": "611"}, {"line_id": "92-605-A-j24-1", "route_id": "74.TA.92-605-A-j24-1.4.R", "mode": "bus", "line_name": "605"}, {"line_id": "92-611-B-j24-1", "route_id": "4.TA.92-611-B-j24-1.8.H", "mode": "bus", "line_name": "611"}, {"line_id": "92-N5-A-j24-1", "route_id": "1.TA.92-N5-A-j24-1.8.H", "mode": "bus", "line_name": "N5"}, {"line_id": "92-611-B-j24-1", "route_id": "12.TA.92-611-B-j24-1.9.H", "mode": "bus", "line_name": "611"}, {"line_id": "92-605-A-j24-1", "route_id": "38.TA.92-605-A-j24-1.3.H", "mode": "bus", "line_name": "605"}, {"line_id": "92-611-B-j24-1", "route_id": "183.TA.92-611-B-j24-1.9.H", "mode": "bus", "line_name": "611"}, {"line_id": "92-605-A-j24-1", "route_id": "14.TA.92-605-A-j24-1.3.H", "mode": "bus", "line_name": "605"}, {"line_id": "92-611-B-j24-1", "route_id": "48.TA.92-611-B-j24-1.9.H", "mode": "bus", "line_name": "611"}], "predominant_mode": "bus", "assigned_canton": "Zug", "modes_list": ["bus"]}, "geometry": {"type": "Point", "coordinates": [8.513199783081523, 47.16124999395614]}}, {"id": "30996", "type": "Feature", "properties": {"name": "Zug, Oberallmend", "lon": 8.526548745348125, "lat": 47.1821534936478, "stop_id": ["8587280.link:965718", "8587280.link:965719"], "lines": [{"line_id": "92-604-B-j24-1", "route_id": "538.TA.92-604-B-j24-1.27.R", "mode": "bus", "line_name": "604"}, {"line_id": "92-604-B-j24-1", "route_id": "655.TA.92-604-B-j24-1.28.R", "mode": "bus", "line_name": "604"}, {"line_id": "92-604-B-j24-1", "route_id": "532.TA.92-604-B-j24-1.27.R", "mode": "bus", "line_name": "604"}, {"line_id": "92-604-B-j24-1", "route_id": "550.TA.92-604-B-j24-1.28.R", "mode": "bus", "line_name": "604"}, {"line_id": "92-N2-D-j24-1", "route_id": "1.TA.92-N2-D-j24-1.4.H", "mode": "bus", "line_name": "N2"}, {"line_id": "92-604-B-j24-1", "route_id": "201.TA.92-604-B-j24-1.25.H", "mode": "bus", "line_name": "604"}, {"line_id": "92-604-B-j24-1", "route_id": "165.TA.92-604-B-j24-1.25.H", "mode": "bus", "line_name": "604"}, {"line_id": "92-604-B-j24-1", "route_id": "41.TA.92-604-B-j24-1.24.H", "mode": "bus", "line_name": "604"}, {"line_id": "92-604-B-j24-1", "route_id": "91.TA.92-604-B-j24-1.25.H", "mode": "bus", "line_name": "604"}, {"line_id": "92-604-B-j24-1", "route_id": "29.TA.92-604-B-j24-1.23.H", "mode": "bus", "line_name": "604"}], "predominant_mode": "bus", "assigned_canton": "Zug", "modes_list": ["bus"]}, "geometry": {"type": "Point", "coordinates": [8.526548753784265, 47.18215350375084]}}, {"id": "30997", "type": "Feature", "properties": {"name": "Zug, Obersack", "lon": 8.528525034875976, "lat": 47.16774848361617, "stop_id": ["8587278.link:31668", "8587278.link:31669"], "lines": [{"line_id": "92-613-C-j24-1", "route_id": "6.TA.92-613-C-j24-1.3.H", "mode": "bus", "line_name": "613"}, {"line_id": "92-613-C-j24-1", "route_id": "43.TA.92-613-C-j24-1.3.H", "mode": "bus", "line_name": "613"}, {"line_id": "92-613-C-j24-1", "route_id": "152.TA.92-613-C-j24-1.3.H", "mode": "bus", "line_name": "613"}, {"line_id": "92-613-C-j24-1", "route_id": "237.TA.92-613-C-j24-1.4.R", "mode": "bus", "line_name": "613"}, {"line_id": "92-613-C-j24-1", "route_id": "180.TA.92-613-C-j24-1.4.R", "mode": "bus", "line_name": "613"}, {"line_id": "92-613-C-j24-1", "route_id": "316.TA.92-613-C-j24-1.4.R", "mode": "bus", "line_name": "613"}], "predominant_mode": "bus", "assigned_canton": "Zug", "modes_list": ["bus"]}, "geometry": {"type": "Point", "coordinates": [8.52852504331836, 47.167748493713574]}}, {"id": "30998", "type": "Feature", "properties": {"name": "Zug, Oberwiler Kirchweg", "lon": 8.518338134641645, "lat": 47.160822423775855, "stop_id": ["8593454.link:721358", "8593454.link:721359"], "lines": [{"line_id": "92-603-B-j24-1", "route_id": "251.TA.92-603-B-j24-1.12.R", "mode": "bus", "line_name": "603"}, {"line_id": "92-603-B-j24-1", "route_id": "233.TA.92-603-B-j24-1.12.R", "mode": "bus", "line_name": "603"}, {"line_id": "92-603-B-j24-1", "route_id": "404.TA.92-603-B-j24-1.12.R", "mode": "bus", "line_name": "603"}, {"line_id": "92-603-B-j24-1", "route_id": "211.TA.92-603-B-j24-1.10.R", "mode": "bus", "line_name": "603"}, {"line_id": "92-603-B-j24-1", "route_id": "66.TA.92-603-B-j24-1.9.H", "mode": "bus", "line_name": "603"}, {"line_id": "92-603-B-j24-1", "route_id": "7.TA.92-603-B-j24-1.8.H", "mode": "bus", "line_name": "603"}, {"line_id": "92-603-B-j24-1", "route_id": "2.TA.92-603-B-j24-1.8.H", "mode": "bus", "line_name": "603"}, {"line_id": "92-603-B-j24-1", "route_id": "131.TA.92-603-B-j24-1.9.H", "mode": "bus", "line_name": "603"}], "predominant_mode": "bus", "assigned_canton": "Zug", "modes_list": ["bus"]}, "geometry": {"type": "Point", "coordinates": [8.518338143076102, 47.160822433873776]}}, {"id": "30999", "type": "Feature", "properties": {"name": "Zug, Obmoos", "lon": 8.522847684909122, "lat": 47.16887220370541, "stop_id": ["8502784.link:1196718", "8502784.link:1196719"], "lines": [{"line_id": "92-N1-D-j24-1", "route_id": "1.TA.92-N1-D-j24-1.6.H", "mode": "bus", "line_name": "N1"}, {"line_id": "92-613-C-j24-1", "route_id": "43.TA.92-613-C-j24-1.3.H", "mode": "bus", "line_name": "613"}, {"line_id": "92-602-A-j24-1", "route_id": "135.TA.92-602-A-j24-1.7.H", "mode": "bus", "line_name": "602"}, {"line_id": "92-613-C-j24-1", "route_id": "152.TA.92-613-C-j24-1.3.H", "mode": "bus", "line_name": "613"}, {"line_id": "92-602-A-j24-1", "route_id": "134.TA.92-602-A-j24-1.6.H", "mode": "bus", "line_name": "602"}, {"line_id": "92-612-C-j24-1", "route_id": "1.TA.92-612-C-j24-1.6.H", "mode": "bus", "line_name": "612"}, {"line_id": "92-613-C-j24-1", "route_id": "6.TA.92-613-C-j24-1.3.H", "mode": "bus", "line_name": "613"}, {"line_id": "92-612-C-j24-1", "route_id": "6.TA.92-612-C-j24-1.8.H", "mode": "bus", "line_name": "612"}, {"line_id": "92-612-C-j24-1", "route_id": "36.TA.92-612-C-j24-1.10.R", "mode": "bus", "line_name": "612"}, {"line_id": "92-613-C-j24-1", "route_id": "316.TA.92-613-C-j24-1.4.R", "mode": "bus", "line_name": "613"}, {"line_id": "92-602-A-j24-1", "route_id": "199.TA.92-602-A-j24-1.8.R", "mode": "bus", "line_name": "602"}, {"line_id": "92-613-C-j24-1", "route_id": "180.TA.92-613-C-j24-1.4.R", "mode": "bus", "line_name": "613"}, {"line_id": "92-613-C-j24-1", "route_id": "237.TA.92-613-C-j24-1.4.R", "mode": "bus", "line_name": "613"}], "predominant_mode": "bus", "assigned_canton": "Zug", "modes_list": ["bus"]}, "geometry": {"type": "Point", "coordinates": [8.522847693345597, 47.168872213804875]}}, {"id": "31000", "type": "Feature", "properties": {"name": "Zug, Postplatz", "lon": 8.515445564874083, "lat": 47.16795612382158, "stop_id": ["8577530:0:A.link:156961", "8577530:0:B.link:1178079", "8577530:0:B.link:1213621", "8577530:0:B.link:156961"], "lines": [{"line_id": "92-613-C-j24-1", "route_id": "152.TA.92-613-C-j24-1.3.H", "mode": "bus", "line_name": "613"}, {"line_id": "92-N5-A-j24-1", "route_id": "1.TA.92-N5-A-j24-1.8.H", "mode": "bus", "line_name": "N5"}, {"line_id": "92-605-A-j24-1", "route_id": "38.TA.92-605-A-j24-1.3.H", "mode": "bus", "line_name": "605"}, {"line_id": "92-612-C-j24-1", "route_id": "1.TA.92-612-C-j24-1.6.H", "mode": "bus", "line_name": "612"}, {"line_id": "92-613-C-j24-1", "route_id": "6.TA.92-613-C-j24-1.3.H", "mode": "bus", "line_name": "613"}, {"line_id": "92-613-C-j24-1", "route_id": "43.TA.92-613-C-j24-1.3.H", "mode": "bus", "line_name": "613"}, {"line_id": "92-611-B-j24-1", "route_id": "12.TA.92-611-B-j24-1.9.H", "mode": "bus", "line_name": "611"}, {"line_id": "92-603-B-j24-1", "route_id": "7.TA.92-603-B-j24-1.8.H", "mode": "bus", "line_name": "603"}, {"line_id": "92-611-B-j24-1", "route_id": "48.TA.92-611-B-j24-1.9.H", "mode": "bus", "line_name": "611"}, {"line_id": "92-603-B-j24-1", "route_id": "66.TA.92-603-B-j24-1.9.H", "mode": "bus", "line_name": "603"}, {"line_id": "92-602-A-j24-1", "route_id": "134.TA.92-602-A-j24-1.6.H", "mode": "bus", "line_name": "602"}, {"line_id": "92-611-B-j24-1", "route_id": "183.TA.92-611-B-j24-1.9.H", "mode": "bus", "line_name": "611"}, {"line_id": "92-605-A-j24-1", "route_id": "14.TA.92-605-A-j24-1.3.H", "mode": "bus", "line_name": "605"}, {"line_id": "92-N1-D-j24-1", "route_id": "1.TA.92-N1-D-j24-1.6.H", "mode": "bus", "line_name": "N1"}, {"line_id": "92-603-B-j24-1", "route_id": "2.TA.92-603-B-j24-1.8.H", "mode": "bus", "line_name": "603"}, {"line_id": "92-602-A-j24-1", "route_id": "135.TA.92-602-A-j24-1.7.H", "mode": "bus", "line_name": "602"}, {"line_id": "92-614-j24-1", "route_id": "80.TA.92-614-j24-1.10.R", "mode": "bus", "line_name": "614"}, {"line_id": "92-611-B-j24-1", "route_id": "4.TA.92-611-B-j24-1.8.H", "mode": "bus", "line_name": "611"}, {"line_id": "92-612-C-j24-1", "route_id": "6.TA.92-612-C-j24-1.8.H", "mode": "bus", "line_name": "612"}, {"line_id": "92-603-B-j24-1", "route_id": "131.TA.92-603-B-j24-1.9.H", "mode": "bus", "line_name": "603"}, {"line_id": "92-614-j24-1", "route_id": "27.TA.92-614-j24-1.8.H", "mode": "bus", "line_name": "614"}, {"line_id": "92-603-B-j24-1", "route_id": "233.TA.92-603-B-j24-1.12.R", "mode": "bus", "line_name": "603"}, {"line_id": "92-613-C-j24-1", "route_id": "237.TA.92-613-C-j24-1.4.R", "mode": "bus", "line_name": "613"}, {"line_id": "92-611-B-j24-1", "route_id": "325.TA.92-611-B-j24-1.12.R", "mode": "bus", "line_name": "611"}, {"line_id": "92-602-C-j24-1", "route_id": "1.TA.92-602-C-j24-1.2.R", "mode": "bus", "line_name": "602"}, {"line_id": "92-613-C-j24-1", "route_id": "180.TA.92-613-C-j24-1.4.R", "mode": "bus", "line_name": "613"}, {"line_id": "92-605-A-j24-1", "route_id": "74.TA.92-605-A-j24-1.4.R", "mode": "bus", "line_name": "605"}, {"line_id": "92-603-B-j24-1", "route_id": "404.TA.92-603-B-j24-1.12.R", "mode": "bus", "line_name": "603"}, {"line_id": "92-605-A-j24-1", "route_id": "107.TA.92-605-A-j24-1.4.R", "mode": "bus", "line_name": "605"}, {"line_id": "92-612-C-j24-1", "route_id": "36.TA.92-612-C-j24-1.10.R", "mode": "bus", "line_name": "612"}, {"line_id": "92-603-B-j24-1", "route_id": "251.TA.92-603-B-j24-1.12.R", "mode": "bus", "line_name": "603"}, {"line_id": "92-611-B-j24-1", "route_id": "282.TA.92-611-B-j24-1.11.R", "mode": "bus", "line_name": "611"}, {"line_id": "92-613-C-j24-1", "route_id": "316.TA.92-613-C-j24-1.4.R", "mode": "bus", "line_name": "613"}, {"line_id": "92-614-j24-1", "route_id": "4.TA.92-614-j24-1.7.H", "mode": "bus", "line_name": "614"}, {"line_id": "92-611-B-j24-1", "route_id": "242.TA.92-611-B-j24-1.11.R", "mode": "bus", "line_name": "611"}, {"line_id": "92-611-B-j24-1", "route_id": "199.TA.92-611-B-j24-1.10.R", "mode": "bus", "line_name": "611"}, {"line_id": "92-N1-D-j24-1", "route_id": "2.TA.92-N1-D-j24-1.7.R", "mode": "bus", "line_name": "N1"}, {"line_id": "92-603-B-j24-1", "route_id": "211.TA.92-603-B-j24-1.10.R", "mode": "bus", "line_name": "603"}, {"line_id": "92-602-A-j24-1", "route_id": "199.TA.92-602-A-j24-1.8.R", "mode": "bus", "line_name": "602"}, {"line_id": "92-607-j24-1", "route_id": "173.TA.92-607-j24-1.3.R", "mode": "bus", "line_name": "607"}, {"line_id": "92-606-j24-1", "route_id": "307.TA.92-606-j24-1.17.R", "mode": "bus", "line_name": "606"}, {"line_id": "92-606-j24-1", "route_id": "345.TA.92-606-j24-1.18.R", "mode": "bus", "line_name": "606"}, {"line_id": "92-603-B-j24-1", "route_id": "218.TA.92-603-B-j24-1.11.R", "mode": "bus", "line_name": "603"}, {"line_id": "92-603-B-j24-1", "route_id": "219.TA.92-603-B-j24-1.11.R", "mode": "bus", "line_name": "603"}, {"line_id": "92-603-B-j24-1", "route_id": "216.TA.92-603-B-j24-1.11.R", "mode": "bus", "line_name": "603"}], "predominant_mode": "bus", "assigned_canton": "Zug", "modes_list": ["bus"]}, "geometry": {"type": "Point", "coordinates": [8.515445573303568, 47.16795613392285]}}, {"id": "31001", "type": "Feature", "properties": {"name": "Zug, Pulverh\u00fcsli", "lon": 8.50754039534545, "lat": 47.18245877394632, "stop_id": ["8588695.link:1625907"], "lines": [{"line_id": "92-611-B-j24-1", "route_id": "242.TA.92-611-B-j24-1.11.R", "mode": "bus", "line_name": "611"}, {"line_id": "92-611-B-j24-1", "route_id": "325.TA.92-611-B-j24-1.12.R", "mode": "bus", "line_name": "611"}, {"line_id": "92-611-B-j24-1", "route_id": "282.TA.92-611-B-j24-1.11.R", "mode": "bus", "line_name": "611"}], "predominant_mode": "bus", "assigned_canton": "Zug", "modes_list": ["bus"]}, "geometry": {"type": "Point", "coordinates": [8.507540403762855, 47.182458784054894]}}, {"id": "31002", "type": "Feature", "properties": {"name": "Zug, Rank", "lon": 8.492017505267512, "lat": 47.180407264190094, "stop_id": ["8593457.link:1222718", "8593457.link:1222719"], "lines": [{"line_id": "92-607-j24-1", "route_id": "101.TA.92-607-j24-1.1.H", "mode": "bus", "line_name": "607"}, {"line_id": "92-606-j24-1", "route_id": "70.TA.92-606-j24-1.11.H", "mode": "bus", "line_name": "606"}, {"line_id": "92-606-j24-1", "route_id": "173.TA.92-606-j24-1.14.H", "mode": "bus", "line_name": "606"}, {"line_id": "92-606-j24-1", "route_id": "6.TA.92-606-j24-1.10.H", "mode": "bus", "line_name": "606"}, {"line_id": "92-606-j24-1", "route_id": "136.TA.92-606-j24-1.13.H", "mode": "bus", "line_name": "606"}, {"line_id": "92-616-A-j24-1", "route_id": "14.TA.92-616-A-j24-1.4.H", "mode": "bus", "line_name": "616"}, {"line_id": "92-N4-C-j24-1", "route_id": "1.TA.92-N4-C-j24-1.3.H", "mode": "bus", "line_name": "N4"}, {"line_id": "92-607-j24-1", "route_id": "23.TA.92-607-j24-1.1.H", "mode": "bus", "line_name": "607"}, {"line_id": "92-606-j24-1", "route_id": "32.TA.92-606-j24-1.11.H", "mode": "bus", "line_name": "606"}, {"line_id": "92-616-A-j24-1", "route_id": "70.TA.92-616-A-j24-1.6.R", "mode": "bus", "line_name": "616"}, {"line_id": "92-606-j24-1", "route_id": "217.TA.92-606-j24-1.16.R", "mode": "bus", "line_name": "606"}, {"line_id": "92-606-j24-1", "route_id": "307.TA.92-606-j24-1.17.R", "mode": "bus", "line_name": "606"}, {"line_id": "92-616-A-j24-1", "route_id": "54.TA.92-616-A-j24-1.5.R", "mode": "bus", "line_name": "616"}, {"line_id": "92-607-j24-1", "route_id": "173.TA.92-607-j24-1.3.R", "mode": "bus", "line_name": "607"}, {"line_id": "92-606-j24-1", "route_id": "345.TA.92-606-j24-1.18.R", "mode": "bus", "line_name": "606"}], "predominant_mode": "bus", "assigned_canton": "Zug", "modes_list": ["bus"]}, "geometry": {"type": "Point", "coordinates": [8.492017513670273, 47.18040727430238]}}, {"id": "31003", "type": "Feature", "properties": {"name": "Zug, Rankhof", "lon": 8.487543895254035, "lat": 47.18008976426031, "stop_id": ["8577578.link:202900"], "lines": [{"line_id": "92-N6-A-j24-1", "route_id": "1.TA.92-N6-A-j24-1.4.H", "mode": "bus", "line_name": "N6"}], "predominant_mode": "bus", "assigned_canton": "Zug", "modes_list": ["bus"]}, "geometry": {"type": "Point", "coordinates": [8.487543903652492, 47.18008977437381]}}, {"id": "31004", "type": "Feature", "properties": {"name": "Zug, Riedmatt", "lon": 8.493580575358296, "lat": 47.18313648416563, "stop_id": ["8593458.link:1371256", "8593458.link:1371257"], "lines": [{"line_id": "92-607-j24-1", "route_id": "101.TA.92-607-j24-1.1.H", "mode": "bus", "line_name": "607"}, {"line_id": "92-606-j24-1", "route_id": "70.TA.92-606-j24-1.11.H", "mode": "bus", "line_name": "606"}, {"line_id": "92-606-j24-1", "route_id": "173.TA.92-606-j24-1.14.H", "mode": "bus", "line_name": "606"}, {"line_id": "92-606-j24-1", "route_id": "6.TA.92-606-j24-1.10.H", "mode": "bus", "line_name": "606"}, {"line_id": "92-606-j24-1", "route_id": "136.TA.92-606-j24-1.13.H", "mode": "bus", "line_name": "606"}, {"line_id": "92-616-A-j24-1", "route_id": "14.TA.92-616-A-j24-1.4.H", "mode": "bus", "line_name": "616"}, {"line_id": "92-N4-C-j24-1", "route_id": "1.TA.92-N4-C-j24-1.3.H", "mode": "bus", "line_name": "N4"}, {"line_id": "92-607-j24-1", "route_id": "23.TA.92-607-j24-1.1.H", "mode": "bus", "line_name": "607"}, {"line_id": "92-606-j24-1", "route_id": "32.TA.92-606-j24-1.11.H", "mode": "bus", "line_name": "606"}, {"line_id": "92-616-A-j24-1", "route_id": "70.TA.92-616-A-j24-1.6.R", "mode": "bus", "line_name": "616"}, {"line_id": "92-606-j24-1", "route_id": "217.TA.92-606-j24-1.16.R", "mode": "bus", "line_name": "606"}, {"line_id": "92-606-j24-1", "route_id": "307.TA.92-606-j24-1.17.R", "mode": "bus", "line_name": "606"}, {"line_id": "92-616-A-j24-1", "route_id": "54.TA.92-616-A-j24-1.5.R", "mode": "bus", "line_name": "616"}, {"line_id": "92-607-j24-1", "route_id": "173.TA.92-607-j24-1.3.R", "mode": "bus", "line_name": "607"}, {"line_id": "92-606-j24-1", "route_id": "345.TA.92-606-j24-1.18.R", "mode": "bus", "line_name": "606"}], "predominant_mode": "bus", "assigned_canton": "Zug", "modes_list": ["bus"]}, "geometry": {"type": "Point", "coordinates": [8.493580583761785, 47.18313649427843]}}, {"id": "31005", "type": "Feature", "properties": {"name": "Zug, Roost", "lon": 8.514574194527967, "lat": 47.157438463834865, "stop_id": ["8588730.link:1073382", "8588730.link:1073383"], "lines": [{"line_id": "92-614-j24-1", "route_id": "27.TA.92-614-j24-1.8.H", "mode": "bus", "line_name": "614"}, {"line_id": "92-614-j24-1", "route_id": "4.TA.92-614-j24-1.7.H", "mode": "bus", "line_name": "614"}, {"line_id": "92-614-j24-1", "route_id": "80.TA.92-614-j24-1.10.R", "mode": "bus", "line_name": "614"}], "predominant_mode": "bus", "assigned_canton": "Zug", "modes_list": ["bus"]}, "geometry": {"type": "Point", "coordinates": [8.514574202959736, 47.157438473932615]}}, {"id": "31006", "type": "Feature", "properties": {"name": "Zug, R\u00f6telstrasse", "lon": 8.525183304840654, "lat": 47.16674077366862, "stop_id": ["8593459.link:1561052", "8593459.link:1561053"], "lines": [{"line_id": "92-613-C-j24-1", "route_id": "237.TA.92-613-C-j24-1.4.R", "mode": "bus", "line_name": "613"}, {"line_id": "92-613-C-j24-1", "route_id": "180.TA.92-613-C-j24-1.4.R", "mode": "bus", "line_name": "613"}, {"line_id": "92-613-C-j24-1", "route_id": "316.TA.92-613-C-j24-1.4.R", "mode": "bus", "line_name": "613"}, {"line_id": "92-613-C-j24-1", "route_id": "6.TA.92-613-C-j24-1.3.H", "mode": "bus", "line_name": "613"}, {"line_id": "92-613-C-j24-1", "route_id": "43.TA.92-613-C-j24-1.3.H", "mode": "bus", "line_name": "613"}, {"line_id": "92-613-C-j24-1", "route_id": "152.TA.92-613-C-j24-1.3.H", "mode": "bus", "line_name": "613"}], "predominant_mode": "bus", "assigned_canton": "Zug", "modes_list": ["bus"]}, "geometry": {"type": "Point", "coordinates": [8.525183313280056, 47.16674078376664]}}, {"id": "31007", "type": "Feature", "properties": {"name": "Zug, R\u00fcschenhof", "lon": 8.525919925080355, "lat": 47.17402024365733, "stop_id": ["8591838.link:1645281", "8591838.link:1645282"], "lines": [{"line_id": "92-614-j24-1", "route_id": "27.TA.92-614-j24-1.8.H", "mode": "bus", "line_name": "614"}, {"line_id": "92-614-j24-1", "route_id": "2.TA.92-614-j24-1.6.H", "mode": "bus", "line_name": "614"}, {"line_id": "92-614-j24-1", "route_id": "73.TA.92-614-j24-1.9.R", "mode": "bus", "line_name": "614"}, {"line_id": "92-614-j24-1", "route_id": "80.TA.92-614-j24-1.10.R", "mode": "bus", "line_name": "614"}], "predominant_mode": "bus", "assigned_canton": "Zug", "modes_list": ["bus"]}, "geometry": {"type": "Point", "coordinates": [8.525919933518312, 47.1740202537577]}}, {"id": "31008", "type": "Feature", "properties": {"name": "Zug, R\u00fctli", "lon": 8.520718674867185, "lat": 47.167638553738776, "stop_id": ["8593460.link:1196714", "8593460.link:1196715"], "lines": [{"line_id": "92-N1-D-j24-1", "route_id": "1.TA.92-N1-D-j24-1.6.H", "mode": "bus", "line_name": "N1"}, {"line_id": "92-613-C-j24-1", "route_id": "6.TA.92-613-C-j24-1.3.H", "mode": "bus", "line_name": "613"}, {"line_id": "92-613-C-j24-1", "route_id": "43.TA.92-613-C-j24-1.3.H", "mode": "bus", "line_name": "613"}, {"line_id": "92-613-C-j24-1", "route_id": "152.TA.92-613-C-j24-1.3.H", "mode": "bus", "line_name": "613"}, {"line_id": "92-613-C-j24-1", "route_id": "237.TA.92-613-C-j24-1.4.R", "mode": "bus", "line_name": "613"}, {"line_id": "92-613-C-j24-1", "route_id": "180.TA.92-613-C-j24-1.4.R", "mode": "bus", "line_name": "613"}, {"line_id": "92-613-C-j24-1", "route_id": "316.TA.92-613-C-j24-1.4.R", "mode": "bus", "line_name": "613"}], "predominant_mode": "bus", "assigned_canton": "Zug", "modes_list": ["bus"]}, "geometry": {"type": "Point", "coordinates": [8.52071868330194, 47.167638563838416]}}, {"id": "31009", "type": "Feature", "properties": {"name": "Zug, Salesianum", "lon": 8.510855174485153, "lat": 47.15621066389321, "stop_id": ["8577546.link:1650624", "8577546.link:1650625", "8577546.link:952991"], "lines": [{"line_id": "92-605-A-j24-1", "route_id": "107.TA.92-605-A-j24-1.4.R", "mode": "bus", "line_name": "605"}, {"line_id": "92-611-B-j24-1", "route_id": "325.TA.92-611-B-j24-1.12.R", "mode": "bus", "line_name": "611"}, {"line_id": "92-611-B-j24-1", "route_id": "199.TA.92-611-B-j24-1.10.R", "mode": "bus", "line_name": "611"}, {"line_id": "92-611-B-j24-1", "route_id": "282.TA.92-611-B-j24-1.11.R", "mode": "bus", "line_name": "611"}, {"line_id": "92-611-B-j24-1", "route_id": "242.TA.92-611-B-j24-1.11.R", "mode": "bus", "line_name": "611"}, {"line_id": "92-605-A-j24-1", "route_id": "74.TA.92-605-A-j24-1.4.R", "mode": "bus", "line_name": "605"}, {"line_id": "92-605-A-j24-1", "route_id": "38.TA.92-605-A-j24-1.3.H", "mode": "bus", "line_name": "605"}, {"line_id": "92-605-A-j24-1", "route_id": "14.TA.92-605-A-j24-1.3.H", "mode": "bus", "line_name": "605"}, {"line_id": "92-N5-A-j24-1", "route_id": "1.TA.92-N5-A-j24-1.8.H", "mode": "bus", "line_name": "N5"}, {"line_id": "92-611-B-j24-1", "route_id": "12.TA.92-611-B-j24-1.9.H", "mode": "bus", "line_name": "611"}, {"line_id": "92-611-B-j24-1", "route_id": "183.TA.92-611-B-j24-1.9.H", "mode": "bus", "line_name": "611"}, {"line_id": "92-611-B-j24-1", "route_id": "4.TA.92-611-B-j24-1.8.H", "mode": "bus", "line_name": "611"}, {"line_id": "92-611-B-j24-1", "route_id": "48.TA.92-611-B-j24-1.9.H", "mode": "bus", "line_name": "611"}], "predominant_mode": "bus", "assigned_canton": "Zug", "modes_list": ["bus"]}, "geometry": {"type": "Point", "coordinates": [8.510855182913629, 47.15621067399163]}}, {"id": "31010", "type": "Feature", "properties": {"name": "Zug, Schulhaus Herti", "lon": 8.504710695326887, "lat": 47.181952003990766, "stop_id": ["8588696.link:279843"], "lines": [{"line_id": "92-611-B-j24-1", "route_id": "242.TA.92-611-B-j24-1.11.R", "mode": "bus", "line_name": "611"}, {"line_id": "92-611-B-j24-1", "route_id": "325.TA.92-611-B-j24-1.12.R", "mode": "bus", "line_name": "611"}, {"line_id": "92-611-B-j24-1", "route_id": "282.TA.92-611-B-j24-1.11.R", "mode": "bus", "line_name": "611"}], "predominant_mode": "bus", "assigned_canton": "Zug", "modes_list": ["bus"]}, "geometry": {"type": "Point", "coordinates": [8.50471070374166, 47.18195201409997]}}, {"id": "31011", "type": "Feature", "properties": {"name": "Zug, Schutzengel", "lon": 8.50678580504668, "lat": 47.173385153957874, "stop_id": ["8577576.link:406868", "8577576.link:406869"], "lines": [{"line_id": "92-607-j24-1", "route_id": "173.TA.92-607-j24-1.3.R", "mode": "bus", "line_name": "607"}, {"line_id": "92-N3-E-j24-1", "route_id": "2.TA.92-N3-E-j24-1.1.H", "mode": "bus", "line_name": "N3"}, {"line_id": "92-N6-A-j24-1", "route_id": "1.TA.92-N6-A-j24-1.4.H", "mode": "bus", "line_name": "N6"}, {"line_id": "92-607-j24-1", "route_id": "101.TA.92-607-j24-1.1.H", "mode": "bus", "line_name": "607"}, {"line_id": "92-607-j24-1", "route_id": "23.TA.92-607-j24-1.1.H", "mode": "bus", "line_name": "607"}], "predominant_mode": "bus", "assigned_canton": "Zug", "modes_list": ["bus"]}, "geometry": {"type": "Point", "coordinates": [8.506785813466049, 47.173385164063504]}}, {"id": "31012", "type": "Feature", "properties": {"name": "Zug, Sch\u00f6negg", "lon": 8.520889354338172, "lat": 47.15153129373536, "stop_id": ["8587264.link:488446", "8587264.link:488447"], "lines": [{"line_id": "92-603-B-j24-1", "route_id": "251.TA.92-603-B-j24-1.12.R", "mode": "bus", "line_name": "603"}, {"line_id": "92-603-B-j24-1", "route_id": "233.TA.92-603-B-j24-1.12.R", "mode": "bus", "line_name": "603"}, {"line_id": "92-603-B-j24-1", "route_id": "404.TA.92-603-B-j24-1.12.R", "mode": "bus", "line_name": "603"}, {"line_id": "92-603-B-j24-1", "route_id": "211.TA.92-603-B-j24-1.10.R", "mode": "bus", "line_name": "603"}, {"line_id": "92-603-B-j24-1", "route_id": "66.TA.92-603-B-j24-1.9.H", "mode": "bus", "line_name": "603"}, {"line_id": "92-603-B-j24-1", "route_id": "7.TA.92-603-B-j24-1.8.H", "mode": "bus", "line_name": "603"}, {"line_id": "92-603-B-j24-1", "route_id": "2.TA.92-603-B-j24-1.8.H", "mode": "bus", "line_name": "603"}, {"line_id": "92-603-B-j24-1", "route_id": "131.TA.92-603-B-j24-1.9.H", "mode": "bus", "line_name": "603"}], "predominant_mode": "bus", "assigned_canton": "Zug", "modes_list": ["bus"]}, "geometry": {"type": "Point", "coordinates": [8.520889362777899, 47.15153130382926]}}, {"id": "31013", "type": "Feature", "properties": {"name": "Zug, Sch\u00fctzenmatt", "lon": 8.509956855017105, "lat": 47.172420303908005, "stop_id": ["8577575.link:929100"], "lines": [{"line_id": "92-N6-A-j24-1", "route_id": "1.TA.92-N6-A-j24-1.4.H", "mode": "bus", "line_name": "N6"}, {"line_id": "92-607-j24-1", "route_id": "101.TA.92-607-j24-1.1.H", "mode": "bus", "line_name": "607"}, {"line_id": "92-607-j24-1", "route_id": "23.TA.92-607-j24-1.1.H", "mode": "bus", "line_name": "607"}], "predominant_mode": "bus", "assigned_canton": "Zug", "modes_list": ["bus"]}, "geometry": {"type": "Point", "coordinates": [8.509956863439871, 47.172420314012406]}}, {"id": "31014", "type": "Feature", "properties": {"name": "Zug, St. Johannes", "lon": 8.506300715234433, "lat": 47.1791067239657, "stop_id": ["8502299.link:1219086", "8502299.link:849300"], "lines": [{"line_id": "92-611-B-j24-1", "route_id": "12.TA.92-611-B-j24-1.9.H", "mode": "bus", "line_name": "611"}, {"line_id": "92-611-B-j24-1", "route_id": "183.TA.92-611-B-j24-1.9.H", "mode": "bus", "line_name": "611"}, {"line_id": "92-611-B-j24-1", "route_id": "1.TA.92-611-B-j24-1.1.H", "mode": "bus", "line_name": "611"}, {"line_id": "92-611-B-j24-1", "route_id": "48.TA.92-611-B-j24-1.9.H", "mode": "bus", "line_name": "611"}, {"line_id": "92-611-B-j24-1", "route_id": "242.TA.92-611-B-j24-1.11.R", "mode": "bus", "line_name": "611"}, {"line_id": "92-611-B-j24-1", "route_id": "325.TA.92-611-B-j24-1.12.R", "mode": "bus", "line_name": "611"}, {"line_id": "92-611-B-j24-1", "route_id": "282.TA.92-611-B-j24-1.11.R", "mode": "bus", "line_name": "611"}], "predominant_mode": "bus", "assigned_canton": "Zug", "modes_list": ["bus"]}, "geometry": {"type": "Point", "coordinates": [8.506300723651618, 47.17910673407349]}}, {"id": "31015", "type": "Feature", "properties": {"name": "Zug, St. Michael", "lon": 8.51744880469604, "lat": 47.162495993789925, "stop_id": ["8593461.link:721360", "8593461.link:721361"], "lines": [{"line_id": "92-603-B-j24-1", "route_id": "251.TA.92-603-B-j24-1.12.R", "mode": "bus", "line_name": "603"}, {"line_id": "92-603-B-j24-1", "route_id": "233.TA.92-603-B-j24-1.12.R", "mode": "bus", "line_name": "603"}, {"line_id": "92-603-B-j24-1", "route_id": "404.TA.92-603-B-j24-1.12.R", "mode": "bus", "line_name": "603"}, {"line_id": "92-603-B-j24-1", "route_id": "211.TA.92-603-B-j24-1.10.R", "mode": "bus", "line_name": "603"}, {"line_id": "92-603-B-j24-1", "route_id": "66.TA.92-603-B-j24-1.9.H", "mode": "bus", "line_name": "603"}, {"line_id": "92-603-B-j24-1", "route_id": "7.TA.92-603-B-j24-1.8.H", "mode": "bus", "line_name": "603"}, {"line_id": "92-603-B-j24-1", "route_id": "2.TA.92-603-B-j24-1.8.H", "mode": "bus", "line_name": "603"}, {"line_id": "92-603-B-j24-1", "route_id": "131.TA.92-603-B-j24-1.9.H", "mode": "bus", "line_name": "603"}], "predominant_mode": "bus", "assigned_canton": "Zug", "modes_list": ["bus"]}, "geometry": {"type": "Point", "coordinates": [8.517448813129118, 47.16249600388868]}}, {"id": "31016", "type": "Feature", "properties": {"name": "Zug, Stadion", "lon": 8.507414625116537, "lat": 47.17549799394807, "stop_id": ["8587262.link:1076624_spec", "8587262.link:1076625"], "lines": [{"line_id": "92-606-j24-1", "route_id": "70.TA.92-606-j24-1.11.H", "mode": "bus", "line_name": "606"}, {"line_id": "92-606-j24-1", "route_id": "173.TA.92-606-j24-1.14.H", "mode": "bus", "line_name": "606"}, {"line_id": "92-606-j24-1", "route_id": "6.TA.92-606-j24-1.10.H", "mode": "bus", "line_name": "606"}, {"line_id": "92-606-j24-1", "route_id": "136.TA.92-606-j24-1.13.H", "mode": "bus", "line_name": "606"}, {"line_id": "92-616-A-j24-1", "route_id": "14.TA.92-616-A-j24-1.4.H", "mode": "bus", "line_name": "616"}, {"line_id": "92-N4-C-j24-1", "route_id": "1.TA.92-N4-C-j24-1.3.H", "mode": "bus", "line_name": "N4"}, {"line_id": "92-606-j24-1", "route_id": "32.TA.92-606-j24-1.11.H", "mode": "bus", "line_name": "606"}, {"line_id": "92-616-A-j24-1", "route_id": "70.TA.92-616-A-j24-1.6.R", "mode": "bus", "line_name": "616"}, {"line_id": "92-606-j24-1", "route_id": "217.TA.92-606-j24-1.16.R", "mode": "bus", "line_name": "606"}, {"line_id": "92-606-j24-1", "route_id": "307.TA.92-606-j24-1.17.R", "mode": "bus", "line_name": "606"}, {"line_id": "92-616-A-j24-1", "route_id": "54.TA.92-616-A-j24-1.5.R", "mode": "bus", "line_name": "616"}, {"line_id": "92-606-j24-1", "route_id": "345.TA.92-606-j24-1.18.R", "mode": "bus", "line_name": "606"}], "predominant_mode": "bus", "assigned_canton": "Zug", "modes_list": ["bus"]}, "geometry": {"type": "Point", "coordinates": [8.507414633535893, 47.17549800405423]}}, {"id": "31017", "type": "Feature", "properties": {"name": "Zug, Stampfi", "lon": 8.502985935206501, "lat": 47.17832515401773, "stop_id": ["8593462.link:736250", "8593462.link:736251"], "lines": [{"line_id": "92-606-j24-1", "route_id": "70.TA.92-606-j24-1.11.H", "mode": "bus", "line_name": "606"}, {"line_id": "92-606-j24-1", "route_id": "173.TA.92-606-j24-1.14.H", "mode": "bus", "line_name": "606"}, {"line_id": "92-606-j24-1", "route_id": "6.TA.92-606-j24-1.10.H", "mode": "bus", "line_name": "606"}, {"line_id": "92-606-j24-1", "route_id": "136.TA.92-606-j24-1.13.H", "mode": "bus", "line_name": "606"}, {"line_id": "92-616-A-j24-1", "route_id": "14.TA.92-616-A-j24-1.4.H", "mode": "bus", "line_name": "616"}, {"line_id": "92-N4-C-j24-1", "route_id": "1.TA.92-N4-C-j24-1.3.H", "mode": "bus", "line_name": "N4"}, {"line_id": "92-606-j24-1", "route_id": "32.TA.92-606-j24-1.11.H", "mode": "bus", "line_name": "606"}, {"line_id": "92-616-A-j24-1", "route_id": "70.TA.92-616-A-j24-1.6.R", "mode": "bus", "line_name": "616"}, {"line_id": "92-606-j24-1", "route_id": "217.TA.92-606-j24-1.16.R", "mode": "bus", "line_name": "606"}, {"line_id": "92-606-j24-1", "route_id": "307.TA.92-606-j24-1.17.R", "mode": "bus", "line_name": "606"}, {"line_id": "92-616-A-j24-1", "route_id": "54.TA.92-616-A-j24-1.5.R", "mode": "bus", "line_name": "616"}, {"line_id": "92-606-j24-1", "route_id": "345.TA.92-606-j24-1.18.R", "mode": "bus", "line_name": "606"}], "predominant_mode": "bus", "assigned_canton": "Zug", "modes_list": ["bus"]}, "geometry": {"type": "Point", "coordinates": [8.50298594362066, 47.17832516412615]}}, {"id": "31018", "type": "Feature", "properties": {"name": "Zug, Steinhof", "lon": 8.51593065494966, "lat": 47.17024628381408, "stop_id": ["8587708.link:555606"], "lines": [{"line_id": "92-614-j24-1", "route_id": "27.TA.92-614-j24-1.8.H", "mode": "bus", "line_name": "614"}, {"line_id": "92-606-j24-1", "route_id": "136.TA.92-606-j24-1.13.H", "mode": "bus", "line_name": "606"}, {"line_id": "92-603-B-j24-1", "route_id": "216.TA.92-603-B-j24-1.11.R", "mode": "bus", "line_name": "603"}, {"line_id": "92-603-B-j24-1", "route_id": "219.TA.92-603-B-j24-1.11.R", "mode": "bus", "line_name": "603"}, {"line_id": "92-603-B-j24-1", "route_id": "233.TA.92-603-B-j24-1.12.R", "mode": "bus", "line_name": "603"}, {"line_id": "92-606-j24-1", "route_id": "70.TA.92-606-j24-1.11.H", "mode": "bus", "line_name": "606"}, {"line_id": "92-611-B-j24-1", "route_id": "325.TA.92-611-B-j24-1.12.R", "mode": "bus", "line_name": "611"}, {"line_id": "92-606-j24-1", "route_id": "173.TA.92-606-j24-1.14.H", "mode": "bus", "line_name": "606"}, {"line_id": "92-606-j24-1", "route_id": "6.TA.92-606-j24-1.10.H", "mode": "bus", "line_name": "606"}, {"line_id": "92-607-j24-1", "route_id": "173.TA.92-607-j24-1.3.R", "mode": "bus", "line_name": "607"}, {"line_id": "92-603-B-j24-1", "route_id": "404.TA.92-603-B-j24-1.12.R", "mode": "bus", "line_name": "603"}, {"line_id": "92-607-j24-1", "route_id": "101.TA.92-607-j24-1.1.H", "mode": "bus", "line_name": "607"}, {"line_id": "92-603-B-j24-1", "route_id": "251.TA.92-603-B-j24-1.12.R", "mode": "bus", "line_name": "603"}, {"line_id": "92-611-B-j24-1", "route_id": "282.TA.92-611-B-j24-1.11.R", "mode": "bus", "line_name": "611"}, {"line_id": "92-607-j24-1", "route_id": "23.TA.92-607-j24-1.1.H", "mode": "bus", "line_name": "607"}, {"line_id": "92-614-j24-1", "route_id": "4.TA.92-614-j24-1.7.H", "mode": "bus", "line_name": "614"}, {"line_id": "92-606-j24-1", "route_id": "32.TA.92-606-j24-1.11.H", "mode": "bus", "line_name": "606"}, {"line_id": "92-603-B-j24-1", "route_id": "218.TA.92-603-B-j24-1.11.R", "mode": "bus", "line_name": "603"}, {"line_id": "92-611-B-j24-1", "route_id": "242.TA.92-611-B-j24-1.11.R", "mode": "bus", "line_name": "611"}, {"line_id": "92-606-j24-1", "route_id": "345.TA.92-606-j24-1.18.R", "mode": "bus", "line_name": "606"}, {"line_id": "92-606-j24-1", "route_id": "307.TA.92-606-j24-1.17.R", "mode": "bus", "line_name": "606"}, {"line_id": "92-611-B-j24-1", "route_id": "199.TA.92-611-B-j24-1.10.R", "mode": "bus", "line_name": "611"}, {"line_id": "92-603-B-j24-1", "route_id": "211.TA.92-603-B-j24-1.10.R", "mode": "bus", "line_name": "603"}], "predominant_mode": "bus", "assigned_canton": "Zug", "modes_list": ["bus"]}, "geometry": {"type": "Point", "coordinates": [8.51593066337894, 47.17024629391599]}}, {"id": "31019", "type": "Feature", "properties": {"name": "Zug, Sternwarte", "lon": 8.52452753484483, "lat": 47.166881243678915, "stop_id": ["8593463.link:31652", "8593463.link:31653"], "lines": [{"line_id": "92-613-C-j24-1", "route_id": "237.TA.92-613-C-j24-1.4.R", "mode": "bus", "line_name": "613"}, {"line_id": "92-613-C-j24-1", "route_id": "180.TA.92-613-C-j24-1.4.R", "mode": "bus", "line_name": "613"}, {"line_id": "92-613-C-j24-1", "route_id": "316.TA.92-613-C-j24-1.4.R", "mode": "bus", "line_name": "613"}, {"line_id": "92-613-C-j24-1", "route_id": "6.TA.92-613-C-j24-1.3.H", "mode": "bus", "line_name": "613"}, {"line_id": "92-613-C-j24-1", "route_id": "43.TA.92-613-C-j24-1.3.H", "mode": "bus", "line_name": "613"}, {"line_id": "92-613-C-j24-1", "route_id": "152.TA.92-613-C-j24-1.3.H", "mode": "bus", "line_name": "613"}], "predominant_mode": "bus", "assigned_canton": "Zug", "modes_list": ["bus"]}, "geometry": {"type": "Point", "coordinates": [8.524527543283556, 47.1668812537772]}}, {"id": "31020", "type": "Feature", "properties": {"name": "Zug, Theater Casino", "lon": 8.514169954728741, "lat": 47.16355875384146, "stop_id": ["8502863.link:1650673", "8502863.link:1650674"], "lines": [{"line_id": "92-605-A-j24-1", "route_id": "107.TA.92-605-A-j24-1.4.R", "mode": "bus", "line_name": "605"}, {"line_id": "92-611-B-j24-1", "route_id": "325.TA.92-611-B-j24-1.12.R", "mode": "bus", "line_name": "611"}, {"line_id": "92-611-B-j24-1", "route_id": "199.TA.92-611-B-j24-1.10.R", "mode": "bus", "line_name": "611"}, {"line_id": "92-611-B-j24-1", "route_id": "282.TA.92-611-B-j24-1.11.R", "mode": "bus", "line_name": "611"}, {"line_id": "92-611-B-j24-1", "route_id": "242.TA.92-611-B-j24-1.11.R", "mode": "bus", "line_name": "611"}, {"line_id": "92-605-A-j24-1", "route_id": "74.TA.92-605-A-j24-1.4.R", "mode": "bus", "line_name": "605"}, {"line_id": "92-611-B-j24-1", "route_id": "4.TA.92-611-B-j24-1.8.H", "mode": "bus", "line_name": "611"}, {"line_id": "92-N5-A-j24-1", "route_id": "1.TA.92-N5-A-j24-1.8.H", "mode": "bus", "line_name": "N5"}, {"line_id": "92-611-B-j24-1", "route_id": "12.TA.92-611-B-j24-1.9.H", "mode": "bus", "line_name": "611"}, {"line_id": "92-605-A-j24-1", "route_id": "38.TA.92-605-A-j24-1.3.H", "mode": "bus", "line_name": "605"}, {"line_id": "92-611-B-j24-1", "route_id": "183.TA.92-611-B-j24-1.9.H", "mode": "bus", "line_name": "611"}, {"line_id": "92-605-A-j24-1", "route_id": "14.TA.92-605-A-j24-1.3.H", "mode": "bus", "line_name": "605"}, {"line_id": "92-611-B-j24-1", "route_id": "48.TA.92-611-B-j24-1.9.H", "mode": "bus", "line_name": "611"}], "predominant_mode": "bus", "assigned_canton": "Zug", "modes_list": ["bus"]}, "geometry": {"type": "Point", "coordinates": [8.514169963158286, 47.16355876394152]}}, {"id": "31021", "type": "Feature", "properties": {"name": "Zug, V-Zug", "lon": 8.521185795306211, "lat": 47.180987313731954, "stop_id": ["8587279.link:1457151", "8587279.link:1457152"], "lines": [{"line_id": "92-N2-D-j24-1", "route_id": "1.TA.92-N2-D-j24-1.4.H", "mode": "bus", "line_name": "N2"}, {"line_id": "92-601-A-j24-1", "route_id": "569.TA.92-601-A-j24-1.4.R", "mode": "bus", "line_name": "601"}, {"line_id": "92-604-B-j24-1", "route_id": "201.TA.92-604-B-j24-1.25.H", "mode": "bus", "line_name": "604"}, {"line_id": "92-604-B-j24-1", "route_id": "165.TA.92-604-B-j24-1.25.H", "mode": "bus", "line_name": "604"}, {"line_id": "92-604-B-j24-1", "route_id": "41.TA.92-604-B-j24-1.24.H", "mode": "bus", "line_name": "604"}, {"line_id": "92-604-B-j24-1", "route_id": "91.TA.92-604-B-j24-1.25.H", "mode": "bus", "line_name": "604"}, {"line_id": "92-601-A-j24-1", "route_id": "397.TA.92-601-A-j24-1.4.R", "mode": "bus", "line_name": "601"}, {"line_id": "92-604-B-j24-1", "route_id": "29.TA.92-604-B-j24-1.23.H", "mode": "bus", "line_name": "604"}, {"line_id": "92-601-A-j24-1", "route_id": "538.TA.92-601-A-j24-1.4.R", "mode": "bus", "line_name": "601"}, {"line_id": "92-604-B-j24-1", "route_id": "655.TA.92-604-B-j24-1.28.R", "mode": "bus", "line_name": "604"}, {"line_id": "92-604-B-j24-1", "route_id": "538.TA.92-604-B-j24-1.27.R", "mode": "bus", "line_name": "604"}, {"line_id": "92-601-A-j24-1", "route_id": "83.TA.92-601-A-j24-1.3.H", "mode": "bus", "line_name": "601"}, {"line_id": "92-604-B-j24-1", "route_id": "532.TA.92-604-B-j24-1.27.R", "mode": "bus", "line_name": "604"}, {"line_id": "92-601-A-j24-1", "route_id": "13.TA.92-601-A-j24-1.3.H", "mode": "bus", "line_name": "601"}, {"line_id": "92-601-A-j24-1", "route_id": "183.TA.92-601-A-j24-1.3.H", "mode": "bus", "line_name": "601"}, {"line_id": "92-604-B-j24-1", "route_id": "550.TA.92-604-B-j24-1.28.R", "mode": "bus", "line_name": "604"}], "predominant_mode": "bus", "assigned_canton": "Zug", "modes_list": ["bus"]}, "geometry": {"type": "Point", "coordinates": [8.521185803737442, 47.18098732383616]}}, {"id": "31022", "type": "Feature", "properties": {"name": "Zug, Weidstrasse", "lon": 8.527869264921314, "lat": 47.16914091362652, "stop_id": ["8502298.link:1561046", "8502298.link:1561047"], "lines": [{"line_id": "92-613-C-j24-1", "route_id": "237.TA.92-613-C-j24-1.4.R", "mode": "bus", "line_name": "613"}, {"line_id": "92-613-C-j24-1", "route_id": "180.TA.92-613-C-j24-1.4.R", "mode": "bus", "line_name": "613"}, {"line_id": "92-613-C-j24-1", "route_id": "316.TA.92-613-C-j24-1.4.R", "mode": "bus", "line_name": "613"}, {"line_id": "92-613-C-j24-1", "route_id": "6.TA.92-613-C-j24-1.3.H", "mode": "bus", "line_name": "613"}, {"line_id": "92-613-C-j24-1", "route_id": "43.TA.92-613-C-j24-1.3.H", "mode": "bus", "line_name": "613"}, {"line_id": "92-613-C-j24-1", "route_id": "152.TA.92-613-C-j24-1.3.H", "mode": "bus", "line_name": "613"}], "predominant_mode": "bus", "assigned_canton": "Zug", "modes_list": ["bus"]}, "geometry": {"type": "Point", "coordinates": [8.527869273362636, 47.169140923724605]}}, {"id": "31023", "type": "Feature", "properties": {"name": "Zug, Weinbergh\u00f6he", "lon": 8.525488724916098, "lat": 47.169030983663895, "stop_id": ["8593464.link:31656", "8593464.link:31657"], "lines": [{"line_id": "92-613-C-j24-1", "route_id": "237.TA.92-613-C-j24-1.4.R", "mode": "bus", "line_name": "613"}, {"line_id": "92-613-C-j24-1", "route_id": "180.TA.92-613-C-j24-1.4.R", "mode": "bus", "line_name": "613"}, {"line_id": "92-613-C-j24-1", "route_id": "316.TA.92-613-C-j24-1.4.R", "mode": "bus", "line_name": "613"}, {"line_id": "92-613-C-j24-1", "route_id": "6.TA.92-613-C-j24-1.3.H", "mode": "bus", "line_name": "613"}, {"line_id": "92-613-C-j24-1", "route_id": "43.TA.92-613-C-j24-1.3.H", "mode": "bus", "line_name": "613"}, {"line_id": "92-613-C-j24-1", "route_id": "152.TA.92-613-C-j24-1.3.H", "mode": "bus", "line_name": "613"}], "predominant_mode": "bus", "assigned_canton": "Zug", "modes_list": ["bus"]}, "geometry": {"type": "Point", "coordinates": [8.525488733355125, 47.16903099376264]}}, {"id": "31024", "type": "Feature", "properties": {"name": "Zugerberg", "lon": 8.532827964101832, "lat": 47.144089893547516, "stop_id": ["8502292.link:1185936", "8502292.link:1185937"], "lines": [{"line_id": "93-256-6-j24-1", "route_id": "45.TA.93-256-6-j24-1.2.R", "mode": "funicular", "line_name": "2566"}, {"line_id": "93-256-6-j24-1", "route_id": "30.TA.93-256-6-j24-1.1.H", "mode": "funicular", "line_name": "2566"}], "predominant_mode": "funicular", "assigned_canton": "Zug", "modes_list": ["funicular"]}, "geometry": {"type": "Point", "coordinates": [8.532827972555493, 47.14408990363534]}}]}