{
    "Geneve": [
        5.955901955082024,
        46.12855032724718,
        6.3102823136598305,
        46.364578456507125
    ],
    "Thurgau": [
        8.667987697450018,
        47.375915089994564,
        9.50694744019728,
        47.695405345938106
    ],
    "Valais": [
        6.77057924924355,
        45.85818508769472,
        8.478518652522636,
        46.654047154587076
    ],
    "Aargau": [
        7.713528459090903,
        47.13747828825462,
        8.455110913170449,
        47.62108157153113
    ],
    "Schwyz": [
        8.388751536973949,
        46.8852832385324,
        9.00472496691469,
        47.22256276951662
    ],
    "Zurich": [
        8.357693371703187,
        47.1594356218694,
        8.984950976912586,
        47.69446974624391
    ],
    "Obwalden": [
        8.04220212523224,
        46.75316900707401,
        8.50688607793928,
        46.980363700083245
    ],
    "Fribourg": [
        6.741869073227664,
        46.43790899438046,
        7.380209827969105,
        47.006805938656754
    ],
    "Glarus": [
        8.87123612294885,
        46.79646690959727,
        9.252585467100447,
        47.17398732788045
    ],
    "Uri": [
        8.397363074537273,
        46.527614074044806,
        8.95780970321685,
        46.993406940039634
    ],
    "Nidwalden": [
        8.218102209946519,
        46.771514033665675,
        8.574954454280881,
        47.019953758854015
    ],
    "Solothurn": [
        7.3404168568324,
        47.074343724554446,
        8.031376180564443,
        47.50270066241155
    ],
    "AppenzellAusserrhoden": [
        9.191098403736701,
        47.24702182638973,
        9.630967359635699,
        47.46904055775294
    ],
    "Jura": [
        6.840730318292291,
        47.15040926873644,
        7.558345882362447,
        47.504468044557036
    ],
    "Graubunden": [
        8.65106726478692,
        46.16914945534389,
        10.492171268460266,
        47.06514619429872
    ],
    "Vaud": [
        6.0638570706047155,
        46.18707178498196,
        7.249184900528723,
        46.98690905656171
    ],
    "Luzern": [
        7.836419715496733,
        46.77498915815534,
        8.514062270595831,
        47.28719359984482
    ],
    "Ticino": [
        8.382190025288741,
        45.81795848580133,
        9.159685205679972,
        46.632483937871314
    ],
    "Zug": [
        8.394845586630773,
        47.08103033145787,
        8.701168713058092,
        47.24837457486944
    ],
    "Basel-Landschaft": [
        7.325192315908854,
        47.33788445442222,
        7.961840197213802,
        47.56436662421044
    ],
    "StGallen": [
        8.795622409726898,
        46.872883396874606,
        9.674139874625698,
        47.54973939757893
    ],
    "Schaffhausen": [
        8.404644646715806,
        47.552360747039465,
        8.876232400854473,
        47.80845430754397
    ],
    "Bern": [
        6.861491377181479,
        46.326471227761196,
        8.455163261582259,
        47.34531255122824
    ],
    "Basel-Stadt": [
        7.554659522884073,
        47.519297238360274,
        7.693801740420701,
        47.60091812316997
    ],
    "Neuchatel": [
        6.432689762283781,
        46.84659292144985,
        7.087653751195424,
        47.165741235206426
    ],
    "AppenzellInnerrhoden": [
        9.309722067570068,
        47.233993229584655,
        9.618402988472386,
        47.443690365428026
    ]
}