{"type": "FeatureCollection", "features": [{"id": "2498", "type": "Feature", "properties": {"name": "Bendlehn", "lon": 9.450510933214906, "lat": 47.40695919912145, "stop_id": ["8506367.link:1340083", "8506367.link:1340084"], "lines": [{"line_id": "91-21-j24-1", "route_id": "441.TA.91-21-j24-1.10.R", "mode": "rail", "line_name": "S21"}, {"line_id": "91-22-A-j24-1", "route_id": "64.TA.91-22-A-j24-1.7.R", "mode": "rail", "line_name": "S22"}, {"line_id": "91-20-E-j24-1", "route_id": "15.TA.91-20-E-j24-1.3.R", "mode": "rail", "line_name": "S20"}, {"line_id": "91-22-A-j24-1", "route_id": "117.TA.91-22-A-j24-1.10.R", "mode": "rail", "line_name": "S22"}, {"line_id": "91-22-A-j24-1", "route_id": "77.TA.91-22-A-j24-1.8.R", "mode": "rail", "line_name": "S22"}, {"line_id": "91-22-A-j24-1", "route_id": "122.TA.91-22-A-j24-1.11.R", "mode": "rail", "line_name": "S22"}, {"line_id": "91-22-A-j24-1", "route_id": "111.TA.91-22-A-j24-1.10.R", "mode": "rail", "line_name": "S22"}, {"line_id": "91-21-j24-1", "route_id": "401.TA.91-21-j24-1.8.R", "mode": "rail", "line_name": "S21"}, {"line_id": "91-21-j24-1", "route_id": "434.TA.91-21-j24-1.10.R", "mode": "rail", "line_name": "S21"}, {"line_id": "91-21-j24-1", "route_id": "453.TA.91-21-j24-1.11.R", "mode": "rail", "line_name": "S21"}, {"line_id": "91-22-A-j24-1", "route_id": "123.TA.91-22-A-j24-1.11.R", "mode": "rail", "line_name": "S22"}, {"line_id": "91-21-j24-1", "route_id": "234.TA.91-21-j24-1.6.R", "mode": "rail", "line_name": "S21"}, {"line_id": "91-21-j24-1", "route_id": "449.TA.91-21-j24-1.11.R", "mode": "rail", "line_name": "S21"}, {"line_id": "91-20-E-j24-1", "route_id": "13.TA.91-20-E-j24-1.2.R", "mode": "rail", "line_name": "S20"}, {"line_id": "91-21-j24-1", "route_id": "225.TA.91-21-j24-1.5.H", "mode": "rail", "line_name": "S21"}, {"line_id": "91-22-A-j24-1", "route_id": "1.TA.91-22-A-j24-1.1.H", "mode": "rail", "line_name": "S22"}, {"line_id": "91-22-A-j24-1", "route_id": "52.TA.91-22-A-j24-1.5.H", "mode": "rail", "line_name": "S22"}, {"line_id": "91-21-j24-1", "route_id": "146.TA.91-21-j24-1.5.H", "mode": "rail", "line_name": "S21"}, {"line_id": "91-21-j24-1", "route_id": "212.TA.91-21-j24-1.5.H", "mode": "rail", "line_name": "S21"}, {"line_id": "91-20-E-j24-1", "route_id": "7.TA.91-20-E-j24-1.1.H", "mode": "rail", "line_name": "S20"}, {"line_id": "91-21-j24-1", "route_id": "152.TA.91-21-j24-1.5.H", "mode": "rail", "line_name": "S21"}, {"line_id": "91-21-j24-1", "route_id": "181.TA.91-21-j24-1.5.H", "mode": "rail", "line_name": "S21"}, {"line_id": "91-22-A-j24-1", "route_id": "49.TA.91-22-A-j24-1.5.H", "mode": "rail", "line_name": "S22"}, {"line_id": "91-21-j24-1", "route_id": "138.TA.91-21-j24-1.4.H", "mode": "rail", "line_name": "S21"}, {"line_id": "91-22-A-j24-1", "route_id": "60.TA.91-22-A-j24-1.6.H", "mode": "rail", "line_name": "S22"}, {"line_id": "91-22-A-j24-1", "route_id": "3.TA.91-22-A-j24-1.2.H", "mode": "rail", "line_name": "S22"}, {"line_id": "91-22-A-j24-1", "route_id": "21.TA.91-22-A-j24-1.3.H", "mode": "rail", "line_name": "S22"}], "predominant_mode": "rail", "assigned_canton": "Appenzell Ausserrhoden", "modes_list": ["rail"]}, "geometry": {"type": "Point", "coordinates": [9.450510942446074, 47.40695920901712]}}, {"id": "2499", "type": "Feature", "properties": {"name": "Bendlehn, Bahnhof", "lon": 9.451445183209744, "lat": 47.4067950391068, "stop_id": ["8510123.link:341542", "8510123.link:341543"], "lines": [{"line_id": "92-B21-j24-1", "route_id": "15.TA.92-B21-j24-1.8.R", "mode": "bus", "line_name": "B21"}, {"line_id": "92-A01-I-j24-1", "route_id": "131.TA.92-A01-I-j24-1.6.R", "mode": "bus", "line_name": "EV"}, {"line_id": "92-A01-I-j24-1", "route_id": "66.TA.92-A01-I-j24-1.2.H", "mode": "bus", "line_name": "EV"}, {"line_id": "92-B21-j24-1", "route_id": "6.TA.92-B21-j24-1.4.H", "mode": "bus", "line_name": "B21"}, {"line_id": "92-B21-j24-1", "route_id": "4.TA.92-B21-j24-1.3.H", "mode": "bus", "line_name": "B21"}], "predominant_mode": "bus", "assigned_canton": "Appenzell Ausserrhoden", "modes_list": ["bus"]}, "geometry": {"type": "Point", "coordinates": [9.451445192441803, 47.40679504900212]}}, {"id": "4727", "type": "Feature", "properties": {"name": "B\u00fchler", "lon": 9.421091112081587, "lat": 47.37297499958545, "stop_id": ["8506377.link:1075598", "8506377.link:1075599"], "lines": [{"line_id": "91-21-j24-1", "route_id": "225.TA.91-21-j24-1.5.H", "mode": "rail", "line_name": "S21"}, {"line_id": "91-21-j24-1", "route_id": "146.TA.91-21-j24-1.5.H", "mode": "rail", "line_name": "S21"}, {"line_id": "91-21-j24-1", "route_id": "212.TA.91-21-j24-1.5.H", "mode": "rail", "line_name": "S21"}, {"line_id": "91-20-E-j24-1", "route_id": "7.TA.91-20-E-j24-1.1.H", "mode": "rail", "line_name": "S20"}, {"line_id": "91-21-j24-1", "route_id": "152.TA.91-21-j24-1.5.H", "mode": "rail", "line_name": "S21"}, {"line_id": "91-21-j24-1", "route_id": "181.TA.91-21-j24-1.5.H", "mode": "rail", "line_name": "S21"}, {"line_id": "91-21-j24-1", "route_id": "108.TA.91-21-j24-1.35.H", "mode": "rail", "line_name": "S21"}, {"line_id": "91-21-j24-1", "route_id": "138.TA.91-21-j24-1.4.H", "mode": "rail", "line_name": "S21"}, {"line_id": "91-22-A-j24-1", "route_id": "60.TA.91-22-A-j24-1.6.H", "mode": "rail", "line_name": "S22"}, {"line_id": "91-21-j24-1", "route_id": "441.TA.91-21-j24-1.10.R", "mode": "rail", "line_name": "S21"}, {"line_id": "91-20-E-j24-1", "route_id": "15.TA.91-20-E-j24-1.3.R", "mode": "rail", "line_name": "S20"}, {"line_id": "91-22-A-j24-1", "route_id": "122.TA.91-22-A-j24-1.11.R", "mode": "rail", "line_name": "S22"}, {"line_id": "91-21-j24-1", "route_id": "401.TA.91-21-j24-1.8.R", "mode": "rail", "line_name": "S21"}, {"line_id": "91-21-j24-1", "route_id": "434.TA.91-21-j24-1.10.R", "mode": "rail", "line_name": "S21"}, {"line_id": "91-21-j24-1", "route_id": "453.TA.91-21-j24-1.11.R", "mode": "rail", "line_name": "S21"}, {"line_id": "91-21-j24-1", "route_id": "299.TA.91-21-j24-1.40.R", "mode": "rail", "line_name": "S21"}, {"line_id": "91-21-j24-1", "route_id": "307.TA.91-21-j24-1.41.R", "mode": "rail", "line_name": "S21"}, {"line_id": "91-22-A-j24-1", "route_id": "123.TA.91-22-A-j24-1.11.R", "mode": "rail", "line_name": "S22"}, {"line_id": "91-21-j24-1", "route_id": "449.TA.91-21-j24-1.11.R", "mode": "rail", "line_name": "S21"}, {"line_id": "91-20-E-j24-1", "route_id": "13.TA.91-20-E-j24-1.2.R", "mode": "rail", "line_name": "S20"}], "predominant_mode": "rail", "assigned_canton": "Appenzell Ausserrhoden", "modes_list": ["rail"]}, "geometry": {"type": "Point", "coordinates": [9.42109112129814, 47.37297500948013]}}, {"id": "4728", "type": "Feature", "properties": {"name": "B\u00fchler, Bahnhof", "lon": 9.420677882085466, "lat": 47.37309667959202, "stop_id": ["8507702.link:331409", "8507702.link:331410"], "lines": [{"line_id": "92-B21-j24-1", "route_id": "15.TA.92-B21-j24-1.8.R", "mode": "bus", "line_name": "B21"}, {"line_id": "92-B21-j24-1", "route_id": "11.TA.92-B21-j24-1.7.R", "mode": "bus", "line_name": "B21"}, {"line_id": "92-B21-j24-1", "route_id": "6.TA.92-B21-j24-1.4.H", "mode": "bus", "line_name": "B21"}, {"line_id": "92-B21-j24-1", "route_id": "4.TA.92-B21-j24-1.3.H", "mode": "bus", "line_name": "B21"}], "predominant_mode": "bus", "assigned_canton": "Appenzell Ausserrhoden", "modes_list": ["bus"]}, "geometry": {"type": "Point", "coordinates": [9.420677891301606, 47.37309668948684]}}, {"id": "9348", "type": "Feature", "properties": {"name": "Gais", "lon": 9.45116310969281, "lat": 47.36092201911261, "stop_id": ["8506378.link:486693", "8506378:0:1.link:486693", "8506378:0:1.link:486694", "8506378:0:2.link:485996", "8506378:0:3.link:485997"], "lines": [{"line_id": "91-24-A-j24-1", "route_id": "1.TA.91-24-A-j24-1.1.H", "mode": "rail", "line_name": "S24"}, {"line_id": "91-24-A-j24-1", "route_id": "3.TA.91-24-A-j24-1.2.H", "mode": "rail", "line_name": "S24"}, {"line_id": "91-24-A-j24-1", "route_id": "53.TA.91-24-A-j24-1.3.R", "mode": "rail", "line_name": "S24"}, {"line_id": "91-21-j24-1", "route_id": "225.TA.91-21-j24-1.5.H", "mode": "rail", "line_name": "S21"}, {"line_id": "91-21-j24-1", "route_id": "146.TA.91-21-j24-1.5.H", "mode": "rail", "line_name": "S21"}, {"line_id": "91-21-j24-1", "route_id": "212.TA.91-21-j24-1.5.H", "mode": "rail", "line_name": "S21"}, {"line_id": "91-20-E-j24-1", "route_id": "7.TA.91-20-E-j24-1.1.H", "mode": "rail", "line_name": "S20"}, {"line_id": "91-21-j24-1", "route_id": "152.TA.91-21-j24-1.5.H", "mode": "rail", "line_name": "S21"}, {"line_id": "91-21-j24-1", "route_id": "181.TA.91-21-j24-1.5.H", "mode": "rail", "line_name": "S21"}, {"line_id": "91-21-j24-1", "route_id": "108.TA.91-21-j24-1.35.H", "mode": "rail", "line_name": "S21"}, {"line_id": "91-21-j24-1", "route_id": "138.TA.91-21-j24-1.4.H", "mode": "rail", "line_name": "S21"}, {"line_id": "91-22-A-j24-1", "route_id": "60.TA.91-22-A-j24-1.6.H", "mode": "rail", "line_name": "S22"}, {"line_id": "91-21-j24-1", "route_id": "441.TA.91-21-j24-1.10.R", "mode": "rail", "line_name": "S21"}, {"line_id": "91-20-E-j24-1", "route_id": "15.TA.91-20-E-j24-1.3.R", "mode": "rail", "line_name": "S20"}, {"line_id": "91-22-A-j24-1", "route_id": "122.TA.91-22-A-j24-1.11.R", "mode": "rail", "line_name": "S22"}, {"line_id": "91-21-j24-1", "route_id": "401.TA.91-21-j24-1.8.R", "mode": "rail", "line_name": "S21"}, {"line_id": "91-21-j24-1", "route_id": "434.TA.91-21-j24-1.10.R", "mode": "rail", "line_name": "S21"}, {"line_id": "91-21-j24-1", "route_id": "453.TA.91-21-j24-1.11.R", "mode": "rail", "line_name": "S21"}, {"line_id": "91-21-j24-1", "route_id": "299.TA.91-21-j24-1.40.R", "mode": "rail", "line_name": "S21"}, {"line_id": "91-21-j24-1", "route_id": "307.TA.91-21-j24-1.41.R", "mode": "rail", "line_name": "S21"}, {"line_id": "91-22-A-j24-1", "route_id": "123.TA.91-22-A-j24-1.11.R", "mode": "rail", "line_name": "S22"}, {"line_id": "91-21-j24-1", "route_id": "449.TA.91-21-j24-1.11.R", "mode": "rail", "line_name": "S21"}, {"line_id": "91-20-E-j24-1", "route_id": "13.TA.91-20-E-j24-1.2.R", "mode": "rail", "line_name": "S20"}], "predominant_mode": "rail", "assigned_canton": "Appenzell Ausserrhoden", "modes_list": ["rail"]}, "geometry": {"type": "Point", "coordinates": [9.4511631189406, 47.36092202899388]}}, {"id": "9349", "type": "Feature", "properties": {"name": "Gais, Bahnhof", "lon": 9.450789411691916, "lat": 47.360897679118494, "stop_id": ["8507704.link:503020", "8507704.link:539374", "8507704.link:781853"], "lines": [{"line_id": "92-B24-j24-1", "route_id": "1.TA.92-B24-j24-1.1.H", "mode": "bus", "line_name": "B24"}, {"line_id": "92-B24-j24-1", "route_id": "3.TA.92-B24-j24-1.2.R", "mode": "bus", "line_name": "B24"}, {"line_id": "92-B21-j24-1", "route_id": "6.TA.92-B21-j24-1.4.H", "mode": "bus", "line_name": "B21"}, {"line_id": "92-B21-j24-1", "route_id": "15.TA.92-B21-j24-1.8.R", "mode": "bus", "line_name": "B21"}, {"line_id": "92-B21-j24-1", "route_id": "11.TA.92-B21-j24-1.7.R", "mode": "bus", "line_name": "B21"}, {"line_id": "92-B21-j24-1", "route_id": "4.TA.92-B21-j24-1.3.H", "mode": "bus", "line_name": "B21"}], "predominant_mode": "bus", "assigned_canton": "Appenzell Ausserrhoden", "modes_list": ["bus"]}, "geometry": {"type": "Point", "coordinates": [9.450789420939378, 47.36089768899985]}}, {"id": "9758", "type": "Feature", "properties": {"name": "Gfeld", "lon": 9.455757093152737, "lat": 47.40503189903896, "stop_id": ["8506368.link:230193", "8506368.link:230194"], "lines": [{"line_id": "91-21-j24-1", "route_id": "441.TA.91-21-j24-1.10.R", "mode": "rail", "line_name": "S21"}, {"line_id": "91-22-A-j24-1", "route_id": "64.TA.91-22-A-j24-1.7.R", "mode": "rail", "line_name": "S22"}, {"line_id": "91-20-E-j24-1", "route_id": "15.TA.91-20-E-j24-1.3.R", "mode": "rail", "line_name": "S20"}, {"line_id": "91-22-A-j24-1", "route_id": "117.TA.91-22-A-j24-1.10.R", "mode": "rail", "line_name": "S22"}, {"line_id": "91-22-A-j24-1", "route_id": "77.TA.91-22-A-j24-1.8.R", "mode": "rail", "line_name": "S22"}, {"line_id": "91-22-A-j24-1", "route_id": "122.TA.91-22-A-j24-1.11.R", "mode": "rail", "line_name": "S22"}, {"line_id": "91-22-A-j24-1", "route_id": "111.TA.91-22-A-j24-1.10.R", "mode": "rail", "line_name": "S22"}, {"line_id": "91-21-j24-1", "route_id": "401.TA.91-21-j24-1.8.R", "mode": "rail", "line_name": "S21"}, {"line_id": "91-21-j24-1", "route_id": "434.TA.91-21-j24-1.10.R", "mode": "rail", "line_name": "S21"}, {"line_id": "91-21-j24-1", "route_id": "453.TA.91-21-j24-1.11.R", "mode": "rail", "line_name": "S21"}, {"line_id": "91-22-A-j24-1", "route_id": "123.TA.91-22-A-j24-1.11.R", "mode": "rail", "line_name": "S22"}, {"line_id": "91-21-j24-1", "route_id": "234.TA.91-21-j24-1.6.R", "mode": "rail", "line_name": "S21"}, {"line_id": "91-21-j24-1", "route_id": "449.TA.91-21-j24-1.11.R", "mode": "rail", "line_name": "S21"}, {"line_id": "91-20-E-j24-1", "route_id": "13.TA.91-20-E-j24-1.2.R", "mode": "rail", "line_name": "S20"}, {"line_id": "91-21-j24-1", "route_id": "225.TA.91-21-j24-1.5.H", "mode": "rail", "line_name": "S21"}, {"line_id": "91-22-A-j24-1", "route_id": "1.TA.91-22-A-j24-1.1.H", "mode": "rail", "line_name": "S22"}, {"line_id": "91-22-A-j24-1", "route_id": "52.TA.91-22-A-j24-1.5.H", "mode": "rail", "line_name": "S22"}, {"line_id": "91-21-j24-1", "route_id": "146.TA.91-21-j24-1.5.H", "mode": "rail", "line_name": "S21"}, {"line_id": "91-21-j24-1", "route_id": "212.TA.91-21-j24-1.5.H", "mode": "rail", "line_name": "S21"}, {"line_id": "91-20-E-j24-1", "route_id": "7.TA.91-20-E-j24-1.1.H", "mode": "rail", "line_name": "S20"}, {"line_id": "91-21-j24-1", "route_id": "152.TA.91-21-j24-1.5.H", "mode": "rail", "line_name": "S21"}, {"line_id": "91-21-j24-1", "route_id": "181.TA.91-21-j24-1.5.H", "mode": "rail", "line_name": "S21"}, {"line_id": "91-22-A-j24-1", "route_id": "49.TA.91-22-A-j24-1.5.H", "mode": "rail", "line_name": "S22"}, {"line_id": "91-21-j24-1", "route_id": "138.TA.91-21-j24-1.4.H", "mode": "rail", "line_name": "S21"}, {"line_id": "91-22-A-j24-1", "route_id": "60.TA.91-22-A-j24-1.6.H", "mode": "rail", "line_name": "S22"}, {"line_id": "91-22-A-j24-1", "route_id": "3.TA.91-22-A-j24-1.2.H", "mode": "rail", "line_name": "S22"}, {"line_id": "91-22-A-j24-1", "route_id": "21.TA.91-22-A-j24-1.3.H", "mode": "rail", "line_name": "S22"}], "predominant_mode": "rail", "assigned_canton": "Appenzell Ausserrhoden", "modes_list": ["rail"]}, "geometry": {"type": "Point", "coordinates": [9.455757102389283, 47.40503190893237]}}, {"id": "9759", "type": "Feature", "properties": {"name": "Gfeld, Bahnhof", "lon": 9.455631333151489, "lat": 47.404995419040965, "stop_id": ["8510122.link:1373266", "8510122.link:1373267"], "lines": [{"line_id": "92-B21-j24-1", "route_id": "15.TA.92-B21-j24-1.8.R", "mode": "bus", "line_name": "B21"}, {"line_id": "92-A01-I-j24-1", "route_id": "131.TA.92-A01-I-j24-1.6.R", "mode": "bus", "line_name": "EV"}, {"line_id": "92-A01-I-j24-1", "route_id": "66.TA.92-A01-I-j24-1.2.H", "mode": "bus", "line_name": "EV"}, {"line_id": "92-B21-j24-1", "route_id": "6.TA.92-B21-j24-1.4.H", "mode": "bus", "line_name": "B21"}, {"line_id": "92-B21-j24-1", "route_id": "4.TA.92-B21-j24-1.3.H", "mode": "bus", "line_name": "B21"}], "predominant_mode": "bus", "assigned_canton": "Appenzell Ausserrhoden", "modes_list": ["bus"]}, "geometry": {"type": "Point", "coordinates": [9.455631342387933, 47.404995428934384]}}, {"id": "10615", "type": "Feature", "properties": {"name": "Grub AR, Dorf", "lon": 9.508892444583948, "lat": 47.447774478200934, "stop_id": ["8506756.link:1902577", "8506756.link:1902578"], "lines": [{"line_id": "96-224-1-j24-1", "route_id": "200.TA.96-224-1-j24-1.21.R", "mode": "bus", "line_name": "120"}, {"line_id": "96-224-1-j24-1", "route_id": "137.TA.96-224-1-j24-1.15.R", "mode": "bus", "line_name": "120"}, {"line_id": "96-224-1-j24-1", "route_id": "197.TA.96-224-1-j24-1.19.R", "mode": "bus", "line_name": "120"}, {"line_id": "96-224-1-j24-1", "route_id": "204.TA.96-224-1-j24-1.23.R", "mode": "bus", "line_name": "120"}, {"line_id": "96-224-1-j24-1", "route_id": "175.TA.96-224-1-j24-1.19.R", "mode": "bus", "line_name": "120"}, {"line_id": "96-224-1-j24-1", "route_id": "161.TA.96-224-1-j24-1.18.R", "mode": "bus", "line_name": "120"}, {"line_id": "96-224-1-j24-1", "route_id": "184.TA.96-224-1-j24-1.19.R", "mode": "bus", "line_name": "120"}, {"line_id": "96-224-1-j24-1", "route_id": "142.TA.96-224-1-j24-1.16.R", "mode": "bus", "line_name": "120"}, {"line_id": "96-224-1-j24-1", "route_id": "203.TA.96-224-1-j24-1.22.R", "mode": "bus", "line_name": "120"}, {"line_id": "96-224-1-j24-1", "route_id": "83.TA.96-224-1-j24-1.9.H", "mode": "bus", "line_name": "120"}, {"line_id": "96-224-1-j24-1", "route_id": "39.TA.96-224-1-j24-1.5.H", "mode": "bus", "line_name": "120"}, {"line_id": "96-224-9-j24-1", "route_id": "23.TA.96-224-9-j24-1.3.H", "mode": "bus", "line_name": "230"}, {"line_id": "96-224-1-j24-1", "route_id": "57.TA.96-224-1-j24-1.8.H", "mode": "bus", "line_name": "120"}, {"line_id": "96-224-1-j24-1", "route_id": "101.TA.96-224-1-j24-1.10.H", "mode": "bus", "line_name": "120"}, {"line_id": "96-224-1-j24-1", "route_id": "32.TA.96-224-1-j24-1.3.H", "mode": "bus", "line_name": "120"}, {"line_id": "96-224-1-j24-1", "route_id": "46.TA.96-224-1-j24-1.6.H", "mode": "bus", "line_name": "120"}, {"line_id": "96-224-1-j24-1", "route_id": "53.TA.96-224-1-j24-1.7.H", "mode": "bus", "line_name": "120"}, {"line_id": "96-224-1-j24-1", "route_id": "36.TA.96-224-1-j24-1.4.H", "mode": "bus", "line_name": "120"}, {"line_id": "96-224-1-j24-1", "route_id": "98.TA.96-224-1-j24-1.10.H", "mode": "bus", "line_name": "120"}], "predominant_mode": "bus", "assigned_canton": "Appenzell Ausserrhoden", "modes_list": ["bus"]}, "geometry": {"type": "Point", "coordinates": [9.508892453852908, 47.44777448809006]}}, {"id": "10616", "type": "Feature", "properties": {"name": "Grub AR, Ebne Grub", "lon": 9.516204734567088, "lat": 47.447203428085885, "stop_id": ["8574446.link:355258", "8574446.link:355259"], "lines": [{"line_id": "96-224-1-j24-1", "route_id": "200.TA.96-224-1-j24-1.21.R", "mode": "bus", "line_name": "120"}, {"line_id": "96-224-1-j24-1", "route_id": "137.TA.96-224-1-j24-1.15.R", "mode": "bus", "line_name": "120"}, {"line_id": "96-224-1-j24-1", "route_id": "197.TA.96-224-1-j24-1.19.R", "mode": "bus", "line_name": "120"}, {"line_id": "96-224-1-j24-1", "route_id": "204.TA.96-224-1-j24-1.23.R", "mode": "bus", "line_name": "120"}, {"line_id": "96-224-1-j24-1", "route_id": "175.TA.96-224-1-j24-1.19.R", "mode": "bus", "line_name": "120"}, {"line_id": "96-224-1-j24-1", "route_id": "161.TA.96-224-1-j24-1.18.R", "mode": "bus", "line_name": "120"}, {"line_id": "96-224-1-j24-1", "route_id": "184.TA.96-224-1-j24-1.19.R", "mode": "bus", "line_name": "120"}, {"line_id": "96-224-1-j24-1", "route_id": "142.TA.96-224-1-j24-1.16.R", "mode": "bus", "line_name": "120"}, {"line_id": "96-224-1-j24-1", "route_id": "203.TA.96-224-1-j24-1.22.R", "mode": "bus", "line_name": "120"}, {"line_id": "96-224-1-j24-1", "route_id": "83.TA.96-224-1-j24-1.9.H", "mode": "bus", "line_name": "120"}, {"line_id": "96-224-1-j24-1", "route_id": "39.TA.96-224-1-j24-1.5.H", "mode": "bus", "line_name": "120"}, {"line_id": "96-224-9-j24-1", "route_id": "23.TA.96-224-9-j24-1.3.H", "mode": "bus", "line_name": "230"}, {"line_id": "96-224-1-j24-1", "route_id": "57.TA.96-224-1-j24-1.8.H", "mode": "bus", "line_name": "120"}, {"line_id": "96-224-1-j24-1", "route_id": "101.TA.96-224-1-j24-1.10.H", "mode": "bus", "line_name": "120"}, {"line_id": "96-224-1-j24-1", "route_id": "32.TA.96-224-1-j24-1.3.H", "mode": "bus", "line_name": "120"}, {"line_id": "96-224-1-j24-1", "route_id": "46.TA.96-224-1-j24-1.6.H", "mode": "bus", "line_name": "120"}, {"line_id": "96-224-1-j24-1", "route_id": "53.TA.96-224-1-j24-1.7.H", "mode": "bus", "line_name": "120"}, {"line_id": "96-224-1-j24-1", "route_id": "36.TA.96-224-1-j24-1.4.H", "mode": "bus", "line_name": "120"}, {"line_id": "96-224-1-j24-1", "route_id": "98.TA.96-224-1-j24-1.10.H", "mode": "bus", "line_name": "120"}], "predominant_mode": "bus", "assigned_canton": "Appenzell Ausserrhoden", "modes_list": ["bus"]}, "geometry": {"type": "Point", "coordinates": [9.516204743842756, 47.44720343797248]}}, {"id": "10617", "type": "Feature", "properties": {"name": "Grub AR, Halten", "lon": 9.496702304406888, "lat": 47.44253759839306, "stop_id": ["8574448.link:1736943", "8574448.link:1736944"], "lines": [{"line_id": "96-224-1-j24-1", "route_id": "200.TA.96-224-1-j24-1.21.R", "mode": "bus", "line_name": "120"}, {"line_id": "96-224-1-j24-1", "route_id": "137.TA.96-224-1-j24-1.15.R", "mode": "bus", "line_name": "120"}, {"line_id": "96-224-1-j24-1", "route_id": "197.TA.96-224-1-j24-1.19.R", "mode": "bus", "line_name": "120"}, {"line_id": "96-224-1-j24-1", "route_id": "204.TA.96-224-1-j24-1.23.R", "mode": "bus", "line_name": "120"}, {"line_id": "96-224-1-j24-1", "route_id": "175.TA.96-224-1-j24-1.19.R", "mode": "bus", "line_name": "120"}, {"line_id": "96-224-1-j24-1", "route_id": "161.TA.96-224-1-j24-1.18.R", "mode": "bus", "line_name": "120"}, {"line_id": "96-224-1-j24-1", "route_id": "184.TA.96-224-1-j24-1.19.R", "mode": "bus", "line_name": "120"}, {"line_id": "96-224-1-j24-1", "route_id": "142.TA.96-224-1-j24-1.16.R", "mode": "bus", "line_name": "120"}, {"line_id": "96-224-1-j24-1", "route_id": "203.TA.96-224-1-j24-1.22.R", "mode": "bus", "line_name": "120"}, {"line_id": "96-224-1-j24-1", "route_id": "83.TA.96-224-1-j24-1.9.H", "mode": "bus", "line_name": "120"}, {"line_id": "96-224-1-j24-1", "route_id": "39.TA.96-224-1-j24-1.5.H", "mode": "bus", "line_name": "120"}, {"line_id": "96-224-9-j24-1", "route_id": "23.TA.96-224-9-j24-1.3.H", "mode": "bus", "line_name": "230"}, {"line_id": "96-224-1-j24-1", "route_id": "57.TA.96-224-1-j24-1.8.H", "mode": "bus", "line_name": "120"}, {"line_id": "96-224-1-j24-1", "route_id": "101.TA.96-224-1-j24-1.10.H", "mode": "bus", "line_name": "120"}, {"line_id": "96-224-1-j24-1", "route_id": "32.TA.96-224-1-j24-1.3.H", "mode": "bus", "line_name": "120"}, {"line_id": "96-224-1-j24-1", "route_id": "46.TA.96-224-1-j24-1.6.H", "mode": "bus", "line_name": "120"}, {"line_id": "96-224-1-j24-1", "route_id": "53.TA.96-224-1-j24-1.7.H", "mode": "bus", "line_name": "120"}, {"line_id": "96-224-1-j24-1", "route_id": "36.TA.96-224-1-j24-1.4.H", "mode": "bus", "line_name": "120"}, {"line_id": "96-224-1-j24-1", "route_id": "98.TA.96-224-1-j24-1.10.H", "mode": "bus", "line_name": "120"}], "predominant_mode": "bus", "assigned_canton": "Appenzell Ausserrhoden", "modes_list": ["bus"]}, "geometry": {"type": "Point", "coordinates": [9.496702313666843, 47.44253760828462]}}, {"id": "10618", "type": "Feature", "properties": {"name": "Grub AR, Kr\u00e4htobel", "lon": 9.504445784468912, "lat": 47.44434201827109, "stop_id": ["8506599.link:1572858", "8506599.link:1572859"], "lines": [{"line_id": "96-224-1-j24-1", "route_id": "200.TA.96-224-1-j24-1.21.R", "mode": "bus", "line_name": "120"}, {"line_id": "96-224-1-j24-1", "route_id": "137.TA.96-224-1-j24-1.15.R", "mode": "bus", "line_name": "120"}, {"line_id": "96-224-1-j24-1", "route_id": "197.TA.96-224-1-j24-1.19.R", "mode": "bus", "line_name": "120"}, {"line_id": "96-224-1-j24-1", "route_id": "204.TA.96-224-1-j24-1.23.R", "mode": "bus", "line_name": "120"}, {"line_id": "96-224-1-j24-1", "route_id": "175.TA.96-224-1-j24-1.19.R", "mode": "bus", "line_name": "120"}, {"line_id": "96-224-1-j24-1", "route_id": "161.TA.96-224-1-j24-1.18.R", "mode": "bus", "line_name": "120"}, {"line_id": "96-224-1-j24-1", "route_id": "184.TA.96-224-1-j24-1.19.R", "mode": "bus", "line_name": "120"}, {"line_id": "96-224-1-j24-1", "route_id": "142.TA.96-224-1-j24-1.16.R", "mode": "bus", "line_name": "120"}, {"line_id": "96-224-1-j24-1", "route_id": "203.TA.96-224-1-j24-1.22.R", "mode": "bus", "line_name": "120"}, {"line_id": "96-224-1-j24-1", "route_id": "83.TA.96-224-1-j24-1.9.H", "mode": "bus", "line_name": "120"}, {"line_id": "96-224-1-j24-1", "route_id": "39.TA.96-224-1-j24-1.5.H", "mode": "bus", "line_name": "120"}, {"line_id": "96-224-9-j24-1", "route_id": "23.TA.96-224-9-j24-1.3.H", "mode": "bus", "line_name": "230"}, {"line_id": "96-224-1-j24-1", "route_id": "57.TA.96-224-1-j24-1.8.H", "mode": "bus", "line_name": "120"}, {"line_id": "96-224-1-j24-1", "route_id": "101.TA.96-224-1-j24-1.10.H", "mode": "bus", "line_name": "120"}, {"line_id": "96-224-1-j24-1", "route_id": "32.TA.96-224-1-j24-1.3.H", "mode": "bus", "line_name": "120"}, {"line_id": "96-224-1-j24-1", "route_id": "46.TA.96-224-1-j24-1.6.H", "mode": "bus", "line_name": "120"}, {"line_id": "96-224-1-j24-1", "route_id": "53.TA.96-224-1-j24-1.7.H", "mode": "bus", "line_name": "120"}, {"line_id": "96-224-1-j24-1", "route_id": "36.TA.96-224-1-j24-1.4.H", "mode": "bus", "line_name": "120"}, {"line_id": "96-224-1-j24-1", "route_id": "98.TA.96-224-1-j24-1.10.H", "mode": "bus", "line_name": "120"}], "predominant_mode": "bus", "assigned_canton": "Appenzell Ausserrhoden", "modes_list": ["bus"]}, "geometry": {"type": "Point", "coordinates": [9.50444579373513, 47.444342028160634]}}, {"id": "11181", "type": "Feature", "properties": {"name": "Hebrig", "lon": 9.464830081737647, "lat": 47.362151168897526, "stop_id": ["8506383.link:67466", "8506383.link:67467"], "lines": [{"line_id": "91-24-A-j24-1", "route_id": "1.TA.91-24-A-j24-1.1.H", "mode": "rail", "line_name": "S24"}, {"line_id": "91-24-A-j24-1", "route_id": "3.TA.91-24-A-j24-1.2.H", "mode": "rail", "line_name": "S24"}, {"line_id": "91-24-A-j24-1", "route_id": "53.TA.91-24-A-j24-1.3.R", "mode": "rail", "line_name": "S24"}], "predominant_mode": "rail", "assigned_canton": "Appenzell Ausserrhoden", "modes_list": ["rail"]}, "geometry": {"type": "Point", "coordinates": [9.464830090997285, 47.36215117877479]}}, {"id": "11182", "type": "Feature", "properties": {"name": "Hebrig, Bahnhof", "lon": 9.465090591738356, "lat": 47.36216942889344, "stop_id": ["8510171.link:828585", "8510171.link:828586"], "lines": [{"line_id": "92-B24-j24-1", "route_id": "3.TA.92-B24-j24-1.2.R", "mode": "bus", "line_name": "B24"}, {"line_id": "92-B24-j24-1", "route_id": "1.TA.92-B24-j24-1.1.H", "mode": "bus", "line_name": "B24"}], "predominant_mode": "bus", "assigned_canton": "Appenzell Ausserrhoden", "modes_list": ["bus"]}, "geometry": {"type": "Point", "coordinates": [9.46509060099822, 47.36216943877057]}}, {"id": "11214", "type": "Feature", "properties": {"name": "Heiden", "lon": 9.536488694532874, "lat": 47.44600055776674, "stop_id": ["8506355.link:1445426", "8506355.link:1445427"], "lines": [{"line_id": "91-25-A-j24-1", "route_id": "16.TA.91-25-A-j24-1.1.H", "mode": "rail", "line_name": "S25"}, {"line_id": "91-25-A-j24-1", "route_id": "42.TA.91-25-A-j24-1.2.H", "mode": "rail", "line_name": "S25"}, {"line_id": "91-25-A-j24-1", "route_id": "12.TA.91-25-A-j24-1.1.H", "mode": "rail", "line_name": "S25"}, {"line_id": "91-25-A-j24-1", "route_id": "9.TA.91-25-A-j24-1.1.H", "mode": "rail", "line_name": "S25"}, {"line_id": "91-25-A-j24-1", "route_id": "89.TA.91-25-A-j24-1.4.R", "mode": "rail", "line_name": "S25"}, {"line_id": "91-25-A-j24-1", "route_id": "67.TA.91-25-A-j24-1.3.R", "mode": "rail", "line_name": "S25"}, {"line_id": "91-25-A-j24-1", "route_id": "72.TA.91-25-A-j24-1.3.R", "mode": "rail", "line_name": "S25"}], "predominant_mode": "rail", "assigned_canton": "Appenzell Ausserrhoden", "modes_list": ["rail"]}, "geometry": {"type": "Point", "coordinates": [9.536488703826992, 47.446000567646344]}}, {"id": "11215", "type": "Feature", "properties": {"name": "Heiden, Asylstrasse", "lon": 9.53351526439819, "lat": 47.44196041781371, "stop_id": ["8581740.link:1173303", "8581740.link:1889036"], "lines": [{"line_id": "96-224-6-j24-1", "route_id": "1.TA.96-224-6-j24-1.1.H", "mode": "bus", "line_name": "226"}, {"line_id": "96-224-8-j24-1", "route_id": "3.TA.96-224-8-j24-1.1.H", "mode": "bus", "line_name": "229"}, {"line_id": "96-224-6-j24-1", "route_id": "17.TA.96-224-6-j24-1.2.H", "mode": "bus", "line_name": "226"}, {"line_id": "96-224-7-j24-1", "route_id": "2.TA.96-224-7-j24-1.2.H", "mode": "bus", "line_name": "227"}, {"line_id": "96-224-6-j24-1", "route_id": "2.TA.96-224-6-j24-1.1.H", "mode": "bus", "line_name": "226"}, {"line_id": "96-224-8-j24-1", "route_id": "14.TA.96-224-8-j24-1.3.R", "mode": "bus", "line_name": "229"}, {"line_id": "96-225-0-j24-1", "route_id": "16.TA.96-225-0-j24-1.8.R", "mode": "bus", "line_name": "228"}, {"line_id": "96-224-6-j24-1", "route_id": "20.TA.96-224-6-j24-1.4.R", "mode": "bus", "line_name": "226"}, {"line_id": "96-224-8-j24-1", "route_id": "7.TA.96-224-8-j24-1.2.R", "mode": "bus", "line_name": "229"}, {"line_id": "96-224-7-j24-1", "route_id": "13.TA.96-224-7-j24-1.6.R", "mode": "bus", "line_name": "227"}, {"line_id": "96-224-6-j24-1", "route_id": "24.TA.96-224-6-j24-1.5.R", "mode": "bus", "line_name": "226"}, {"line_id": "96-225-0-j24-1", "route_id": "13.TA.96-225-0-j24-1.8.R", "mode": "bus", "line_name": "228"}, {"line_id": "96-224-6-j24-1", "route_id": "36.TA.96-224-6-j24-1.6.R", "mode": "bus", "line_name": "226"}, {"line_id": "96-224-6-j24-1", "route_id": "19.TA.96-224-6-j24-1.3.R", "mode": "bus", "line_name": "226"}], "predominant_mode": "bus", "assigned_canton": "Appenzell Ausserrhoden", "modes_list": ["bus"]}, "geometry": {"type": "Point", "coordinates": [9.533515273691101, 47.44196042769309]}}, {"id": "11216", "type": "Feature", "properties": {"name": "Heiden, Bahnhof", "lon": 9.536425814526817, "lat": 47.445818307767716, "stop_id": ["8574077.link:1455158", "8574077.link:1918511"], "lines": [{"line_id": "96-224-9-j24-1", "route_id": "8.TA.96-224-9-j24-1.2.H", "mode": "bus", "line_name": "230"}, {"line_id": "96-224-9-j24-1", "route_id": "22.TA.96-224-9-j24-1.2.H", "mode": "bus", "line_name": "230"}, {"line_id": "96-254-4-j24-1", "route_id": "30.TA.96-254-4-j24-1.7.R", "mode": "bus", "line_name": "225"}, {"line_id": "96-254-4-j24-1", "route_id": "33.TA.96-254-4-j24-1.9.R", "mode": "bus", "line_name": "225"}, {"line_id": "96-254-4-j24-1", "route_id": "19.TA.96-254-4-j24-1.4.R", "mode": "bus", "line_name": "225"}, {"line_id": "96-224-5-j24-1", "route_id": "8.TA.96-224-5-j24-1.3.R", "mode": "bus", "line_name": "223"}, {"line_id": "96-254-4-j24-1", "route_id": "31.TA.96-254-4-j24-1.8.R", "mode": "bus", "line_name": "225"}, {"line_id": "96-224-4-j24-1", "route_id": "28.TA.96-224-4-j24-1.8.R", "mode": "bus", "line_name": "224"}, {"line_id": "96-254-4-j24-1", "route_id": "34.TA.96-254-4-j24-1.10.R", "mode": "bus", "line_name": "225"}, {"line_id": "96-254-4-j24-1", "route_id": "24.TA.96-254-4-j24-1.5.R", "mode": "bus", "line_name": "225"}, {"line_id": "96-224-3-j24-1", "route_id": "18.TA.96-224-3-j24-1.2.R", "mode": "bus", "line_name": "222"}, {"line_id": "96-224-4-j24-1", "route_id": "25.TA.96-224-4-j24-1.7.R", "mode": "bus", "line_name": "224"}, {"line_id": "96-224-5-j24-1", "route_id": "10.TA.96-224-5-j24-1.4.R", "mode": "bus", "line_name": "223"}, {"line_id": "96-224-4-j24-1", "route_id": "24.TA.96-224-4-j24-1.5.R", "mode": "bus", "line_name": "224"}, {"line_id": "96-224-3-j24-1", "route_id": "41.TA.96-224-3-j24-1.2.R", "mode": "bus", "line_name": "222"}, {"line_id": "96-224-4-j24-1", "route_id": "16.TA.96-224-4-j24-1.4.R", "mode": "bus", "line_name": "224"}], "predominant_mode": "bus", "assigned_canton": "Appenzell Ausserrhoden", "modes_list": ["bus"]}, "geometry": {"type": "Point", "coordinates": [9.536425823820947, 47.44581831764732]}}, {"id": "11217", "type": "Feature", "properties": {"name": "Heiden, Bissau", "lon": 9.535410714285392, "lat": 47.438539727784026, "stop_id": ["8574123.link:1601951", "8574123.link:1601952"], "lines": [{"line_id": "96-224-8-j24-1", "route_id": "14.TA.96-224-8-j24-1.3.R", "mode": "bus", "line_name": "229"}, {"line_id": "96-225-0-j24-1", "route_id": "16.TA.96-225-0-j24-1.8.R", "mode": "bus", "line_name": "228"}, {"line_id": "96-224-6-j24-1", "route_id": "20.TA.96-224-6-j24-1.4.R", "mode": "bus", "line_name": "226"}, {"line_id": "96-224-8-j24-1", "route_id": "7.TA.96-224-8-j24-1.2.R", "mode": "bus", "line_name": "229"}, {"line_id": "96-224-7-j24-1", "route_id": "13.TA.96-224-7-j24-1.6.R", "mode": "bus", "line_name": "227"}, {"line_id": "96-224-6-j24-1", "route_id": "24.TA.96-224-6-j24-1.5.R", "mode": "bus", "line_name": "226"}, {"line_id": "96-225-0-j24-1", "route_id": "13.TA.96-225-0-j24-1.8.R", "mode": "bus", "line_name": "228"}, {"line_id": "96-224-6-j24-1", "route_id": "36.TA.96-224-6-j24-1.6.R", "mode": "bus", "line_name": "226"}, {"line_id": "96-224-6-j24-1", "route_id": "19.TA.96-224-6-j24-1.3.R", "mode": "bus", "line_name": "226"}, {"line_id": "96-224-6-j24-1", "route_id": "1.TA.96-224-6-j24-1.1.H", "mode": "bus", "line_name": "226"}, {"line_id": "96-224-8-j24-1", "route_id": "3.TA.96-224-8-j24-1.1.H", "mode": "bus", "line_name": "229"}, {"line_id": "96-225-0-j24-1", "route_id": "1.TA.96-225-0-j24-1.5.H", "mode": "bus", "line_name": "228"}, {"line_id": "96-224-6-j24-1", "route_id": "17.TA.96-224-6-j24-1.2.H", "mode": "bus", "line_name": "226"}, {"line_id": "96-224-7-j24-1", "route_id": "2.TA.96-224-7-j24-1.2.H", "mode": "bus", "line_name": "227"}, {"line_id": "96-224-6-j24-1", "route_id": "2.TA.96-224-6-j24-1.1.H", "mode": "bus", "line_name": "226"}], "predominant_mode": "bus", "assigned_canton": "Appenzell Ausserrhoden", "modes_list": ["bus"]}, "geometry": {"type": "Point", "coordinates": [9.535410723581206, 47.43853973766179]}}, {"id": "11218", "type": "Feature", "properties": {"name": "Heiden, Dunant-Museum", "lon": 9.530452014430352, "lat": 47.44295680786187, "stop_id": ["8574078.link:1565336", "8574078.link:1565337"], "lines": [{"line_id": "96-224-2-j24-1", "route_id": "71.TA.96-224-2-j24-1.5.H", "mode": "bus", "line_name": "121"}, {"line_id": "96-224-2-j24-1", "route_id": "48.TA.96-224-2-j24-1.4.H", "mode": "bus", "line_name": "121"}, {"line_id": "96-224-2-j24-1", "route_id": "31.TA.96-224-2-j24-1.3.H", "mode": "bus", "line_name": "121"}, {"line_id": "96-224-9-j24-1", "route_id": "2.TA.96-224-9-j24-1.1.H", "mode": "bus", "line_name": "230"}, {"line_id": "96-224-2-j24-1", "route_id": "20.TA.96-224-2-j24-1.2.H", "mode": "bus", "line_name": "121"}, {"line_id": "96-224-9-j24-1", "route_id": "8.TA.96-224-9-j24-1.2.H", "mode": "bus", "line_name": "230"}, {"line_id": "96-224-9-j24-1", "route_id": "4.TA.96-224-9-j24-1.1.H", "mode": "bus", "line_name": "230"}, {"line_id": "96-224-9-j24-1", "route_id": "22.TA.96-224-9-j24-1.2.H", "mode": "bus", "line_name": "230"}, {"line_id": "96-224-2-j24-1", "route_id": "150.TA.96-224-2-j24-1.12.R", "mode": "bus", "line_name": "121"}, {"line_id": "96-224-2-j24-1", "route_id": "127.TA.96-224-2-j24-1.11.R", "mode": "bus", "line_name": "121"}, {"line_id": "96-224-2-j24-1", "route_id": "154.TA.96-224-2-j24-1.12.R", "mode": "bus", "line_name": "121"}, {"line_id": "96-224-9-j24-1", "route_id": "47.TA.96-224-9-j24-1.4.R", "mode": "bus", "line_name": "230"}, {"line_id": "96-224-2-j24-1", "route_id": "123.TA.96-224-2-j24-1.10.R", "mode": "bus", "line_name": "121"}, {"line_id": "96-224-9-j24-1", "route_id": "49.TA.96-224-9-j24-1.5.R", "mode": "bus", "line_name": "230"}, {"line_id": "96-224-2-j24-1", "route_id": "129.TA.96-224-2-j24-1.11.R", "mode": "bus", "line_name": "121"}], "predominant_mode": "bus", "assigned_canton": "Appenzell Ausserrhoden", "modes_list": ["bus"]}, "geometry": {"type": "Point", "coordinates": [9.530452023720187, 47.44295681774258]}}, {"id": "11219", "type": "Feature", "properties": {"name": "Heiden, Hirschli", "lon": 9.519797994128862, "lat": 47.43394604802998, "stop_id": ["8574080.link:809522", "8574080.link:809523"], "lines": [{"line_id": "96-224-2-j24-1", "route_id": "150.TA.96-224-2-j24-1.12.R", "mode": "bus", "line_name": "121"}, {"line_id": "96-224-2-j24-1", "route_id": "127.TA.96-224-2-j24-1.11.R", "mode": "bus", "line_name": "121"}, {"line_id": "96-224-2-j24-1", "route_id": "154.TA.96-224-2-j24-1.12.R", "mode": "bus", "line_name": "121"}, {"line_id": "96-224-9-j24-1", "route_id": "47.TA.96-224-9-j24-1.4.R", "mode": "bus", "line_name": "230"}, {"line_id": "96-224-2-j24-1", "route_id": "123.TA.96-224-2-j24-1.10.R", "mode": "bus", "line_name": "121"}, {"line_id": "96-224-9-j24-1", "route_id": "49.TA.96-224-9-j24-1.5.R", "mode": "bus", "line_name": "230"}, {"line_id": "96-224-2-j24-1", "route_id": "129.TA.96-224-2-j24-1.11.R", "mode": "bus", "line_name": "121"}, {"line_id": "96-224-2-j24-1", "route_id": "71.TA.96-224-2-j24-1.5.H", "mode": "bus", "line_name": "121"}, {"line_id": "96-224-2-j24-1", "route_id": "48.TA.96-224-2-j24-1.4.H", "mode": "bus", "line_name": "121"}, {"line_id": "96-224-2-j24-1", "route_id": "31.TA.96-224-2-j24-1.3.H", "mode": "bus", "line_name": "121"}, {"line_id": "96-224-9-j24-1", "route_id": "2.TA.96-224-9-j24-1.1.H", "mode": "bus", "line_name": "230"}, {"line_id": "96-224-2-j24-1", "route_id": "20.TA.96-224-2-j24-1.2.H", "mode": "bus", "line_name": "121"}, {"line_id": "96-224-9-j24-1", "route_id": "8.TA.96-224-9-j24-1.2.H", "mode": "bus", "line_name": "230"}, {"line_id": "96-224-9-j24-1", "route_id": "4.TA.96-224-9-j24-1.1.H", "mode": "bus", "line_name": "230"}, {"line_id": "96-224-9-j24-1", "route_id": "22.TA.96-224-9-j24-1.2.H", "mode": "bus", "line_name": "230"}], "predominant_mode": "bus", "assigned_canton": "Appenzell Ausserrhoden", "modes_list": ["bus"]}, "geometry": {"type": "Point", "coordinates": [9.519798003412422, 47.433946057911434]}}, {"id": "11220", "type": "Feature", "properties": {"name": "Heiden, Lindenplatz", "lon": 9.52994895456527, "lat": 47.44703332786958, "stop_id": ["8574076.link:1861962", "8574076.link:1861963"], "lines": [{"line_id": "96-224-1-j24-1", "route_id": "200.TA.96-224-1-j24-1.21.R", "mode": "bus", "line_name": "120"}, {"line_id": "96-224-1-j24-1", "route_id": "137.TA.96-224-1-j24-1.15.R", "mode": "bus", "line_name": "120"}, {"line_id": "96-224-1-j24-1", "route_id": "197.TA.96-224-1-j24-1.19.R", "mode": "bus", "line_name": "120"}, {"line_id": "96-224-1-j24-1", "route_id": "204.TA.96-224-1-j24-1.23.R", "mode": "bus", "line_name": "120"}, {"line_id": "96-224-1-j24-1", "route_id": "175.TA.96-224-1-j24-1.19.R", "mode": "bus", "line_name": "120"}, {"line_id": "96-224-1-j24-1", "route_id": "161.TA.96-224-1-j24-1.18.R", "mode": "bus", "line_name": "120"}, {"line_id": "96-224-1-j24-1", "route_id": "184.TA.96-224-1-j24-1.19.R", "mode": "bus", "line_name": "120"}, {"line_id": "96-224-1-j24-1", "route_id": "142.TA.96-224-1-j24-1.16.R", "mode": "bus", "line_name": "120"}, {"line_id": "96-224-1-j24-1", "route_id": "203.TA.96-224-1-j24-1.22.R", "mode": "bus", "line_name": "120"}, {"line_id": "96-224-1-j24-1", "route_id": "83.TA.96-224-1-j24-1.9.H", "mode": "bus", "line_name": "120"}, {"line_id": "96-224-1-j24-1", "route_id": "39.TA.96-224-1-j24-1.5.H", "mode": "bus", "line_name": "120"}, {"line_id": "96-224-9-j24-1", "route_id": "23.TA.96-224-9-j24-1.3.H", "mode": "bus", "line_name": "230"}, {"line_id": "96-224-1-j24-1", "route_id": "57.TA.96-224-1-j24-1.8.H", "mode": "bus", "line_name": "120"}, {"line_id": "96-224-1-j24-1", "route_id": "101.TA.96-224-1-j24-1.10.H", "mode": "bus", "line_name": "120"}, {"line_id": "96-224-1-j24-1", "route_id": "32.TA.96-224-1-j24-1.3.H", "mode": "bus", "line_name": "120"}, {"line_id": "96-224-1-j24-1", "route_id": "46.TA.96-224-1-j24-1.6.H", "mode": "bus", "line_name": "120"}, {"line_id": "96-224-1-j24-1", "route_id": "53.TA.96-224-1-j24-1.7.H", "mode": "bus", "line_name": "120"}, {"line_id": "96-224-1-j24-1", "route_id": "36.TA.96-224-1-j24-1.4.H", "mode": "bus", "line_name": "120"}, {"line_id": "96-224-1-j24-1", "route_id": "98.TA.96-224-1-j24-1.10.H", "mode": "bus", "line_name": "120"}], "predominant_mode": "bus", "assigned_canton": "Appenzell Ausserrhoden", "modes_list": ["bus"]}, "geometry": {"type": "Point", "coordinates": [9.529948963853213, 47.44703333775164]}}, {"id": "11221", "type": "Feature", "properties": {"name": "Heiden, Post", "lon": 9.534970544492184, "lat": 47.44478550779069, "stop_id": ["8506796:0:A.link:1173435", "8506796:0:A.link:486700", "8506796:0:A.link:754338", "8506796:0:A.link:754339", "8506796:0:B.link:1173435", "8506796:0:B.link:486700", "8506796:0:B.link:486701", "8506796:0:B.link:754339"], "lines": [{"line_id": "96-224-2-j24-1", "route_id": "71.TA.96-224-2-j24-1.5.H", "mode": "bus", "line_name": "121"}, {"line_id": "96-224-2-j24-1", "route_id": "127.TA.96-224-2-j24-1.11.R", "mode": "bus", "line_name": "121"}, {"line_id": "96-224-9-j24-1", "route_id": "47.TA.96-224-9-j24-1.4.R", "mode": "bus", "line_name": "230"}, {"line_id": "96-224-8-j24-1", "route_id": "7.TA.96-224-8-j24-1.2.R", "mode": "bus", "line_name": "229"}, {"line_id": "96-224-2-j24-1", "route_id": "123.TA.96-224-2-j24-1.10.R", "mode": "bus", "line_name": "121"}, {"line_id": "96-224-7-j24-1", "route_id": "13.TA.96-224-7-j24-1.6.R", "mode": "bus", "line_name": "227"}, {"line_id": "96-224-6-j24-1", "route_id": "24.TA.96-224-6-j24-1.5.R", "mode": "bus", "line_name": "226"}, {"line_id": "96-224-2-j24-1", "route_id": "129.TA.96-224-2-j24-1.11.R", "mode": "bus", "line_name": "121"}, {"line_id": "96-224-6-j24-1", "route_id": "19.TA.96-224-6-j24-1.3.R", "mode": "bus", "line_name": "226"}, {"line_id": "96-224-1-j24-1", "route_id": "200.TA.96-224-1-j24-1.21.R", "mode": "bus", "line_name": "120"}, {"line_id": "96-224-1-j24-1", "route_id": "137.TA.96-224-1-j24-1.15.R", "mode": "bus", "line_name": "120"}, {"line_id": "96-224-1-j24-1", "route_id": "197.TA.96-224-1-j24-1.19.R", "mode": "bus", "line_name": "120"}, {"line_id": "96-224-1-j24-1", "route_id": "204.TA.96-224-1-j24-1.23.R", "mode": "bus", "line_name": "120"}, {"line_id": "96-224-1-j24-1", "route_id": "175.TA.96-224-1-j24-1.19.R", "mode": "bus", "line_name": "120"}, {"line_id": "96-224-1-j24-1", "route_id": "161.TA.96-224-1-j24-1.18.R", "mode": "bus", "line_name": "120"}, {"line_id": "96-224-1-j24-1", "route_id": "184.TA.96-224-1-j24-1.19.R", "mode": "bus", "line_name": "120"}, {"line_id": "96-224-1-j24-1", "route_id": "142.TA.96-224-1-j24-1.16.R", "mode": "bus", "line_name": "120"}, {"line_id": "96-224-1-j24-1", "route_id": "203.TA.96-224-1-j24-1.22.R", "mode": "bus", "line_name": "120"}, {"line_id": "96-224-1-j24-1", "route_id": "46.TA.96-224-1-j24-1.6.H", "mode": "bus", "line_name": "120"}, {"line_id": "96-224-1-j24-1", "route_id": "36.TA.96-224-1-j24-1.4.H", "mode": "bus", "line_name": "120"}, {"line_id": "96-254-4-j24-1", "route_id": "19.TA.96-254-4-j24-1.4.R", "mode": "bus", "line_name": "225"}, {"line_id": "96-224-4-j24-1", "route_id": "28.TA.96-224-4-j24-1.8.R", "mode": "bus", "line_name": "224"}, {"line_id": "96-224-1-j24-1", "route_id": "98.TA.96-224-1-j24-1.10.H", "mode": "bus", "line_name": "120"}, {"line_id": "96-224-4-j24-1", "route_id": "1.TA.96-224-4-j24-1.1.H", "mode": "bus", "line_name": "224"}, {"line_id": "96-224-4-j24-1", "route_id": "16.TA.96-224-4-j24-1.4.R", "mode": "bus", "line_name": "224"}, {"line_id": "96-224-1-j24-1", "route_id": "39.TA.96-224-1-j24-1.5.H", "mode": "bus", "line_name": "120"}, {"line_id": "96-224-2-j24-1", "route_id": "48.TA.96-224-2-j24-1.4.H", "mode": "bus", "line_name": "121"}, {"line_id": "96-254-4-j24-1", "route_id": "17.TA.96-254-4-j24-1.3.H", "mode": "bus", "line_name": "225"}, {"line_id": "96-224-1-j24-1", "route_id": "32.TA.96-224-1-j24-1.3.H", "mode": "bus", "line_name": "120"}, {"line_id": "96-254-4-j24-1", "route_id": "24.TA.96-254-4-j24-1.5.R", "mode": "bus", "line_name": "225"}, {"line_id": "96-224-2-j24-1", "route_id": "20.TA.96-224-2-j24-1.2.H", "mode": "bus", "line_name": "121"}, {"line_id": "96-224-1-j24-1", "route_id": "53.TA.96-224-1-j24-1.7.H", "mode": "bus", "line_name": "120"}, {"line_id": "96-224-4-j24-1", "route_id": "8.TA.96-224-4-j24-1.2.H", "mode": "bus", "line_name": "224"}, {"line_id": "96-224-4-j24-1", "route_id": "12.TA.96-224-4-j24-1.3.H", "mode": "bus", "line_name": "224"}, {"line_id": "96-254-4-j24-1", "route_id": "30.TA.96-254-4-j24-1.7.R", "mode": "bus", "line_name": "225"}, {"line_id": "96-224-1-j24-1", "route_id": "83.TA.96-224-1-j24-1.9.H", "mode": "bus", "line_name": "120"}, {"line_id": "96-254-4-j24-1", "route_id": "33.TA.96-254-4-j24-1.9.R", "mode": "bus", "line_name": "225"}, {"line_id": "96-224-1-j24-1", "route_id": "57.TA.96-224-1-j24-1.8.H", "mode": "bus", "line_name": "120"}, {"line_id": "96-224-1-j24-1", "route_id": "101.TA.96-224-1-j24-1.10.H", "mode": "bus", "line_name": "120"}, {"line_id": "96-224-2-j24-1", "route_id": "31.TA.96-224-2-j24-1.3.H", "mode": "bus", "line_name": "121"}, {"line_id": "96-224-3-j24-1", "route_id": "18.TA.96-224-3-j24-1.2.R", "mode": "bus", "line_name": "222"}, {"line_id": "96-254-4-j24-1", "route_id": "13.TA.96-254-4-j24-1.2.H", "mode": "bus", "line_name": "225"}, {"line_id": "96-254-4-j24-1", "route_id": "12.TA.96-254-4-j24-1.1.H", "mode": "bus", "line_name": "225"}, {"line_id": "96-224-3-j24-1", "route_id": "41.TA.96-224-3-j24-1.2.R", "mode": "bus", "line_name": "222"}, {"line_id": "96-224-9-j24-1", "route_id": "8.TA.96-224-9-j24-1.2.H", "mode": "bus", "line_name": "230"}, {"line_id": "96-224-9-j24-1", "route_id": "22.TA.96-224-9-j24-1.2.H", "mode": "bus", "line_name": "230"}, {"line_id": "96-224-2-j24-1", "route_id": "150.TA.96-224-2-j24-1.12.R", "mode": "bus", "line_name": "121"}, {"line_id": "96-224-8-j24-1", "route_id": "14.TA.96-224-8-j24-1.3.R", "mode": "bus", "line_name": "229"}, {"line_id": "96-224-2-j24-1", "route_id": "154.TA.96-224-2-j24-1.12.R", "mode": "bus", "line_name": "121"}, {"line_id": "96-225-0-j24-1", "route_id": "16.TA.96-225-0-j24-1.8.R", "mode": "bus", "line_name": "228"}, {"line_id": "96-224-6-j24-1", "route_id": "20.TA.96-224-6-j24-1.4.R", "mode": "bus", "line_name": "226"}, {"line_id": "96-225-0-j24-1", "route_id": "13.TA.96-225-0-j24-1.8.R", "mode": "bus", "line_name": "228"}, {"line_id": "96-224-6-j24-1", "route_id": "36.TA.96-224-6-j24-1.6.R", "mode": "bus", "line_name": "226"}, {"line_id": "96-224-9-j24-1", "route_id": "49.TA.96-224-9-j24-1.5.R", "mode": "bus", "line_name": "230"}, {"line_id": "96-225-0-j24-1", "route_id": "1.TA.96-225-0-j24-1.5.H", "mode": "bus", "line_name": "228"}, {"line_id": "96-254-4-j24-1", "route_id": "34.TA.96-254-4-j24-1.10.R", "mode": "bus", "line_name": "225"}, {"line_id": "96-224-7-j24-1", "route_id": "2.TA.96-224-7-j24-1.2.H", "mode": "bus", "line_name": "227"}, {"line_id": "96-224-9-j24-1", "route_id": "4.TA.96-224-9-j24-1.1.H", "mode": "bus", "line_name": "230"}, {"line_id": "96-224-6-j24-1", "route_id": "2.TA.96-224-6-j24-1.1.H", "mode": "bus", "line_name": "226"}, {"line_id": "96-224-5-j24-1", "route_id": "4.TA.96-224-5-j24-1.2.H", "mode": "bus", "line_name": "223"}, {"line_id": "96-254-4-j24-1", "route_id": "31.TA.96-254-4-j24-1.8.R", "mode": "bus", "line_name": "225"}, {"line_id": "96-224-9-j24-1", "route_id": "2.TA.96-224-9-j24-1.1.H", "mode": "bus", "line_name": "230"}, {"line_id": "96-224-9-j24-1", "route_id": "8.TA.96-224-9-j24-1.2.H", "mode": "bus", "line_name": "230"}, {"line_id": "96-224-9-j24-1", "route_id": "22.TA.96-224-9-j24-1.2.H", "mode": "bus", "line_name": "230"}, {"line_id": "96-224-4-j24-1", "route_id": "24.TA.96-224-4-j24-1.5.R", "mode": "bus", "line_name": "224"}, {"line_id": "96-224-8-j24-1", "route_id": "3.TA.96-224-8-j24-1.1.H", "mode": "bus", "line_name": "229"}, {"line_id": "96-224-9-j24-1", "route_id": "23.TA.96-224-9-j24-1.3.H", "mode": "bus", "line_name": "230"}, {"line_id": "96-224-5-j24-1", "route_id": "1.TA.96-224-5-j24-1.1.H", "mode": "bus", "line_name": "223"}, {"line_id": "96-224-3-j24-1", "route_id": "10.TA.96-224-3-j24-1.1.H", "mode": "bus", "line_name": "222"}, {"line_id": "96-224-6-j24-1", "route_id": "17.TA.96-224-6-j24-1.2.H", "mode": "bus", "line_name": "226"}, {"line_id": "96-224-5-j24-1", "route_id": "10.TA.96-224-5-j24-1.4.R", "mode": "bus", "line_name": "223"}, {"line_id": "96-224-4-j24-1", "route_id": "25.TA.96-224-4-j24-1.7.R", "mode": "bus", "line_name": "224"}, {"line_id": "96-224-6-j24-1", "route_id": "1.TA.96-224-6-j24-1.1.H", "mode": "bus", "line_name": "226"}, {"line_id": "96-224-5-j24-1", "route_id": "8.TA.96-224-5-j24-1.3.R", "mode": "bus", "line_name": "223"}], "predominant_mode": "bus", "assigned_canton": "Appenzell Ausserrhoden", "modes_list": ["bus"]}, "geometry": {"type": "Point", "coordinates": [9.534970553785389, 47.44478551767044]}}, {"id": "11222", "type": "Feature", "properties": {"name": "Heiden, Rosengarten", "lon": 9.529472854351988, "lat": 47.44059945787742, "stop_id": ["8580542.link:1572870", "8580542.link:1572871"], "lines": [{"line_id": "96-224-2-j24-1", "route_id": "71.TA.96-224-2-j24-1.5.H", "mode": "bus", "line_name": "121"}, {"line_id": "96-224-2-j24-1", "route_id": "48.TA.96-224-2-j24-1.4.H", "mode": "bus", "line_name": "121"}, {"line_id": "96-224-2-j24-1", "route_id": "31.TA.96-224-2-j24-1.3.H", "mode": "bus", "line_name": "121"}, {"line_id": "96-224-9-j24-1", "route_id": "2.TA.96-224-9-j24-1.1.H", "mode": "bus", "line_name": "230"}, {"line_id": "96-224-2-j24-1", "route_id": "20.TA.96-224-2-j24-1.2.H", "mode": "bus", "line_name": "121"}, {"line_id": "96-224-9-j24-1", "route_id": "8.TA.96-224-9-j24-1.2.H", "mode": "bus", "line_name": "230"}, {"line_id": "96-224-9-j24-1", "route_id": "4.TA.96-224-9-j24-1.1.H", "mode": "bus", "line_name": "230"}, {"line_id": "96-224-9-j24-1", "route_id": "22.TA.96-224-9-j24-1.2.H", "mode": "bus", "line_name": "230"}, {"line_id": "96-224-2-j24-1", "route_id": "150.TA.96-224-2-j24-1.12.R", "mode": "bus", "line_name": "121"}, {"line_id": "96-224-2-j24-1", "route_id": "127.TA.96-224-2-j24-1.11.R", "mode": "bus", "line_name": "121"}, {"line_id": "96-224-2-j24-1", "route_id": "154.TA.96-224-2-j24-1.12.R", "mode": "bus", "line_name": "121"}, {"line_id": "96-224-9-j24-1", "route_id": "47.TA.96-224-9-j24-1.4.R", "mode": "bus", "line_name": "230"}, {"line_id": "96-224-2-j24-1", "route_id": "123.TA.96-224-2-j24-1.10.R", "mode": "bus", "line_name": "121"}, {"line_id": "96-224-9-j24-1", "route_id": "49.TA.96-224-9-j24-1.5.R", "mode": "bus", "line_name": "230"}, {"line_id": "96-224-2-j24-1", "route_id": "129.TA.96-224-2-j24-1.11.R", "mode": "bus", "line_name": "121"}], "predominant_mode": "bus", "assigned_canton": "Appenzell Ausserrhoden", "modes_list": ["bus"]}, "geometry": {"type": "Point", "coordinates": [9.529472863641791, 47.440599467757735]}}, {"id": "11223", "type": "Feature", "properties": {"name": "Heiden, Rosental", "lon": 9.533748834446378, "lat": 47.443412477809964, "stop_id": ["8574082.link:903992"], "lines": [{"line_id": "96-224-5-j24-1", "route_id": "1.TA.96-224-5-j24-1.1.H", "mode": "bus", "line_name": "223"}, {"line_id": "96-224-3-j24-1", "route_id": "10.TA.96-224-3-j24-1.1.H", "mode": "bus", "line_name": "222"}, {"line_id": "96-254-4-j24-1", "route_id": "17.TA.96-254-4-j24-1.3.H", "mode": "bus", "line_name": "225"}, {"line_id": "96-224-5-j24-1", "route_id": "4.TA.96-224-5-j24-1.2.H", "mode": "bus", "line_name": "223"}, {"line_id": "96-224-9-j24-1", "route_id": "8.TA.96-224-9-j24-1.2.H", "mode": "bus", "line_name": "230"}, {"line_id": "96-254-4-j24-1", "route_id": "13.TA.96-254-4-j24-1.2.H", "mode": "bus", "line_name": "225"}, {"line_id": "96-254-4-j24-1", "route_id": "12.TA.96-254-4-j24-1.1.H", "mode": "bus", "line_name": "225"}, {"line_id": "96-224-9-j24-1", "route_id": "22.TA.96-224-9-j24-1.2.H", "mode": "bus", "line_name": "230"}, {"line_id": "96-224-4-j24-1", "route_id": "1.TA.96-224-4-j24-1.1.H", "mode": "bus", "line_name": "224"}, {"line_id": "96-224-4-j24-1", "route_id": "8.TA.96-224-4-j24-1.2.H", "mode": "bus", "line_name": "224"}, {"line_id": "96-224-4-j24-1", "route_id": "12.TA.96-224-4-j24-1.3.H", "mode": "bus", "line_name": "224"}], "predominant_mode": "bus", "assigned_canton": "Appenzell Ausserrhoden", "modes_list": ["bus"]}, "geometry": {"type": "Point", "coordinates": [9.533748843738984, 47.44341248768971]}}, {"id": "11224", "type": "Feature", "properties": {"name": "Heiden, Waldegg Heiden", "lon": 9.52645451417865, "lat": 47.43539224792514, "stop_id": ["8574079.link:119945", "8574079.link:119946"], "lines": [{"line_id": "96-224-2-j24-1", "route_id": "150.TA.96-224-2-j24-1.12.R", "mode": "bus", "line_name": "121"}, {"line_id": "96-224-2-j24-1", "route_id": "127.TA.96-224-2-j24-1.11.R", "mode": "bus", "line_name": "121"}, {"line_id": "96-224-2-j24-1", "route_id": "154.TA.96-224-2-j24-1.12.R", "mode": "bus", "line_name": "121"}, {"line_id": "96-224-9-j24-1", "route_id": "47.TA.96-224-9-j24-1.4.R", "mode": "bus", "line_name": "230"}, {"line_id": "96-224-2-j24-1", "route_id": "123.TA.96-224-2-j24-1.10.R", "mode": "bus", "line_name": "121"}, {"line_id": "96-224-9-j24-1", "route_id": "49.TA.96-224-9-j24-1.5.R", "mode": "bus", "line_name": "230"}, {"line_id": "96-224-2-j24-1", "route_id": "129.TA.96-224-2-j24-1.11.R", "mode": "bus", "line_name": "121"}, {"line_id": "96-224-2-j24-1", "route_id": "71.TA.96-224-2-j24-1.5.H", "mode": "bus", "line_name": "121"}, {"line_id": "96-224-2-j24-1", "route_id": "48.TA.96-224-2-j24-1.4.H", "mode": "bus", "line_name": "121"}, {"line_id": "96-224-2-j24-1", "route_id": "31.TA.96-224-2-j24-1.3.H", "mode": "bus", "line_name": "121"}, {"line_id": "96-224-9-j24-1", "route_id": "2.TA.96-224-9-j24-1.1.H", "mode": "bus", "line_name": "230"}, {"line_id": "96-224-2-j24-1", "route_id": "20.TA.96-224-2-j24-1.2.H", "mode": "bus", "line_name": "121"}, {"line_id": "96-224-9-j24-1", "route_id": "8.TA.96-224-9-j24-1.2.H", "mode": "bus", "line_name": "230"}, {"line_id": "96-224-9-j24-1", "route_id": "4.TA.96-224-9-j24-1.1.H", "mode": "bus", "line_name": "230"}, {"line_id": "96-224-9-j24-1", "route_id": "22.TA.96-224-9-j24-1.2.H", "mode": "bus", "line_name": "230"}], "predominant_mode": "bus", "assigned_canton": "Appenzell Ausserrhoden", "modes_list": ["bus"]}, "geometry": {"type": "Point", "coordinates": [9.526454523467626, 47.435392257804885]}}, {"id": "11409", "type": "Feature", "properties": {"name": "Herisau", "lon": 9.276678941489784, "lat": 47.390204996301414, "stop_id": ["8506290:0:1.link:1351222", "8506290:0:1.link:1351223", "8506290:0:11.link:1792727", "8506290:0:11.link:1792728", "8506290:0:12.link:1792728", "8506290:0:2.link:1792725", "8506290:0:2.link:1792726", "8506290:0:3.link:1351236", "8506290:0:3.link:1351237"], "lines": [{"line_id": "91-VAE-j24-1", "route_id": "267.TA.91-VAE-j24-1.10.H", "mode": "rail", "line_name": "VAE"}, {"line_id": "91-2-E-j24-1", "route_id": "429.TA.91-2-E-j24-1.319.R", "mode": "rail", "line_name": "S2"}, {"line_id": "91-4-j24-1", "route_id": "478.TA.91-4-j24-1.486.H", "mode": "rail", "line_name": "S4"}, {"line_id": "91-4-j24-1", "route_id": "19.TA.91-4-j24-1.8.H", "mode": "rail", "line_name": "S4"}, {"line_id": "91-VAE-j24-1", "route_id": "302.TA.91-VAE-j24-1.14.H", "mode": "rail", "line_name": "VAE"}, {"line_id": "91-4-j24-1", "route_id": "448.TA.91-4-j24-1.483.H", "mode": "rail", "line_name": "S4"}, {"line_id": "91-VAE-j24-1", "route_id": "391.TA.91-VAE-j24-1.20.H", "mode": "rail", "line_name": "VAE"}, {"line_id": "91-VAE-j24-1", "route_id": "312.TA.91-VAE-j24-1.15.H", "mode": "rail", "line_name": "VAE"}, {"line_id": "91-VAE-j24-1", "route_id": "112.TA.91-VAE-j24-1.5.H", "mode": "rail", "line_name": "VAE"}, {"line_id": "91-VAE-j24-1", "route_id": "278.TA.91-VAE-j24-1.12.H", "mode": "rail", "line_name": "VAE"}, {"line_id": "91-VAE-j24-1", "route_id": "339.TA.91-VAE-j24-1.17.H", "mode": "rail", "line_name": "VAE"}, {"line_id": "91-VAE-j24-1", "route_id": "132.TA.91-VAE-j24-1.8.H", "mode": "rail", "line_name": "VAE"}, {"line_id": "91-VAE-j24-1", "route_id": "348.TA.91-VAE-j24-1.18.H", "mode": "rail", "line_name": "VAE"}, {"line_id": "91-VAE-j24-1", "route_id": "323.TA.91-VAE-j24-1.16.H", "mode": "rail", "line_name": "VAE"}, {"line_id": "91-4-j24-1", "route_id": "13.TA.91-4-j24-1.7.H", "mode": "rail", "line_name": "S4"}, {"line_id": "91-2-E-j24-1", "route_id": "484.TA.91-2-E-j24-1.320.R", "mode": "rail", "line_name": "S2"}, {"line_id": "91-4-j24-1", "route_id": "368.TA.91-4-j24-1.481.H", "mode": "rail", "line_name": "S4"}, {"line_id": "91-4-j24-1", "route_id": "364.TA.91-4-j24-1.480.H", "mode": "rail", "line_name": "S4"}, {"line_id": "91-4-j24-1", "route_id": "85.TA.91-4-j24-1.473.H", "mode": "rail", "line_name": "S4"}, {"line_id": "91-VAE-j24-1", "route_id": "129.TA.91-VAE-j24-1.7.H", "mode": "rail", "line_name": "VAE"}, {"line_id": "91-4-j24-1", "route_id": "521.TA.91-4-j24-1.487.H", "mode": "rail", "line_name": "S4"}, {"line_id": "91-4-j24-1", "route_id": "975.TA.91-4-j24-1.543.R", "mode": "rail", "line_name": "S4"}, {"line_id": "91-4-j24-1", "route_id": "1197.TA.91-4-j24-1.1140.R", "mode": "rail", "line_name": "S4"}, {"line_id": "91-VAE-j24-1", "route_id": "837.TA.91-VAE-j24-1.49.R", "mode": "rail", "line_name": "VAE"}, {"line_id": "91-4-j24-1", "route_id": "1115.TA.91-4-j24-1.868.R", "mode": "rail", "line_name": "S4"}, {"line_id": "91-4-j24-1", "route_id": "1048.TA.91-4-j24-1.866.R", "mode": "rail", "line_name": "S4"}, {"line_id": "91-VAE-j24-1", "route_id": "865.TA.91-VAE-j24-1.53.R", "mode": "rail", "line_name": "VAE"}, {"line_id": "91-4-j24-1", "route_id": "862.TA.91-4-j24-1.860.R", "mode": "rail", "line_name": "S4"}, {"line_id": "91-VAE-j24-1", "route_id": "868.TA.91-VAE-j24-1.54.R", "mode": "rail", "line_name": "VAE"}, {"line_id": "91-VAE-j24-1", "route_id": "570.TA.91-VAE-j24-1.28.R", "mode": "rail", "line_name": "VAE"}, {"line_id": "91-4-j24-1", "route_id": "1207.TA.91-4-j24-1.892.R", "mode": "rail", "line_name": "S4"}, {"line_id": "91-VAE-j24-1", "route_id": "784.TA.91-VAE-j24-1.47.R", "mode": "rail", "line_name": "VAE"}, {"line_id": "91-VAE-j24-1", "route_id": "818.TA.91-VAE-j24-1.48.R", "mode": "rail", "line_name": "VAE"}, {"line_id": "91-VAE-j24-1", "route_id": "705.TA.91-VAE-j24-1.44.R", "mode": "rail", "line_name": "VAE"}, {"line_id": "91-4-j24-1", "route_id": "1110.TA.91-4-j24-1.868.R", "mode": "rail", "line_name": "S4"}, {"line_id": "91-4-j24-1", "route_id": "1114.TA.91-4-j24-1.868.R", "mode": "rail", "line_name": "S4"}, {"line_id": "91-4-j24-1", "route_id": "1047.TA.91-4-j24-1.866.R", "mode": "rail", "line_name": "S4"}, {"line_id": "91-VAE-j24-1", "route_id": "434.TA.91-VAE-j24-1.24.R", "mode": "rail", "line_name": "VAE"}, {"line_id": "91-VAE-j24-1", "route_id": "608.TA.91-VAE-j24-1.35.R", "mode": "rail", "line_name": "VAE"}, {"line_id": "91-2-E-j24-1", "route_id": "216.TA.91-2-E-j24-1.307.H", "mode": "rail", "line_name": "S2"}, {"line_id": "91-2-E-j24-1", "route_id": "202.TA.91-2-E-j24-1.301.H", "mode": "rail", "line_name": "S2"}, {"line_id": "91-4-j24-1", "route_id": "1043.TA.91-4-j24-1.866.R", "mode": "rail", "line_name": "S4"}, {"line_id": "91-4-j24-1", "route_id": "1108.TA.91-4-j24-1.868.R", "mode": "rail", "line_name": "S4"}, {"line_id": "91-VAE-j24-1", "route_id": "617.TA.91-VAE-j24-1.264.R", "mode": "rail", "line_name": "VAE"}, {"line_id": "91-4-j24-1", "route_id": "1042.TA.91-4-j24-1.866.R", "mode": "rail", "line_name": "S4"}, {"line_id": "91-4-j24-1", "route_id": "1109.TA.91-4-j24-1.868.R", "mode": "rail", "line_name": "S4"}, {"line_id": "91-4-j24-1", "route_id": "1049.TA.91-4-j24-1.866.R", "mode": "rail", "line_name": "S4"}, {"line_id": "91-2-E-j24-1", "route_id": "180.TA.91-2-E-j24-1.300.H", "mode": "rail", "line_name": "S2"}, {"line_id": "91-VAE-j24-1", "route_id": "588.TA.91-VAE-j24-1.32.R", "mode": "rail", "line_name": "VAE"}, {"line_id": "91-23-A-j24-1", "route_id": "316.TA.91-23-A-j24-1.48.R", "mode": "rail", "line_name": "S23"}, {"line_id": "91-23-A-j24-1", "route_id": "383.TA.91-23-A-j24-1.54.R", "mode": "rail", "line_name": "S23"}, {"line_id": "91-23-A-j24-1", "route_id": "397.TA.91-23-A-j24-1.55.R", "mode": "rail", "line_name": "S23"}, {"line_id": "91-23-A-j24-1", "route_id": "431.TA.91-23-A-j24-1.57.R", "mode": "rail", "line_name": "S23"}, {"line_id": "91-23-A-j24-1", "route_id": "325.TA.91-23-A-j24-1.51.R", "mode": "rail", "line_name": "S23"}, {"line_id": "91-23-A-j24-1", "route_id": "318.TA.91-23-A-j24-1.49.R", "mode": "rail", "line_name": "S23"}, {"line_id": "91-23-A-j24-1", "route_id": "349.TA.91-23-A-j24-1.52.R", "mode": "rail", "line_name": "S23"}, {"line_id": "91-23-A-j24-1", "route_id": "320.TA.91-23-A-j24-1.50.R", "mode": "rail", "line_name": "S23"}, {"line_id": "91-23-A-j24-1", "route_id": "381.TA.91-23-A-j24-1.53.R", "mode": "rail", "line_name": "S23"}, {"line_id": "91-23-A-j24-1", "route_id": "78.TA.91-23-A-j24-1.38.H", "mode": "rail", "line_name": "S23"}, {"line_id": "91-23-A-j24-1", "route_id": "153.TA.91-23-A-j24-1.42.H", "mode": "rail", "line_name": "S23"}, {"line_id": "91-23-A-j24-1", "route_id": "97.TA.91-23-A-j24-1.39.H", "mode": "rail", "line_name": "S23"}, {"line_id": "91-23-A-j24-1", "route_id": "225.TA.91-23-A-j24-1.44.H", "mode": "rail", "line_name": "S23"}, {"line_id": "91-23-A-j24-1", "route_id": "228.TA.91-23-A-j24-1.45.H", "mode": "rail", "line_name": "S23"}, {"line_id": "91-23-A-j24-1", "route_id": "169.TA.91-23-A-j24-1.43.H", "mode": "rail", "line_name": "S23"}, {"line_id": "91-23-A-j24-1", "route_id": "154.TA.91-23-A-j24-1.42.H", "mode": "rail", "line_name": "S23"}, {"line_id": "91-4-j24-1", "route_id": "57.TA.91-4-j24-1.769.H", "mode": "rail", "line_name": "S4"}, {"line_id": "91-VAE-j24-1", "route_id": "624.TA.91-VAE-j24-1.347.R", "mode": "rail", "line_name": "VAE"}, {"line_id": "91-4-j24-1", "route_id": "757.TA.91-4-j24-1.1137.R", "mode": "rail", "line_name": "S4"}, {"line_id": "91-1-P-j24-1", "route_id": "204.TA.91-1-P-j24-1.14.R", "mode": "rail", "line_name": "RE1"}, {"line_id": "91-1-P-j24-1", "route_id": "127.TA.91-1-P-j24-1.9.R", "mode": "rail", "line_name": "RE1"}, {"line_id": "91-4-j24-1", "route_id": "27.TA.91-4-j24-1.459.H", "mode": "rail", "line_name": "S4"}, {"line_id": "91-81-j24-1", "route_id": "73.TA.91-81-j24-1.2.R", "mode": "rail", "line_name": "S81"}, {"line_id": "91-81-j24-1", "route_id": "80.TA.91-81-j24-1.3.R", "mode": "rail", "line_name": "S81"}, {"line_id": "91-1-P-j24-1", "route_id": "143.TA.91-1-P-j24-1.11.R", "mode": "rail", "line_name": "RE1"}, {"line_id": "91-1-P-j24-1", "route_id": "137.TA.91-1-P-j24-1.10.R", "mode": "rail", "line_name": "RE1"}, {"line_id": "91-1-P-j24-1", "route_id": "199.TA.91-1-P-j24-1.13.R", "mode": "rail", "line_name": "RE1"}, {"line_id": "91-1-P-j24-1", "route_id": "13.TA.91-1-P-j24-1.3.H", "mode": "rail", "line_name": "RE1"}, {"line_id": "91-1-P-j24-1", "route_id": "77.TA.91-1-P-j24-1.6.H", "mode": "rail", "line_name": "RE1"}, {"line_id": "91-1-P-j24-1", "route_id": "39.TA.91-1-P-j24-1.5.H", "mode": "rail", "line_name": "RE1"}, {"line_id": "91-1-P-j24-1", "route_id": "5.TA.91-1-P-j24-1.1.H", "mode": "rail", "line_name": "RE1"}, {"line_id": "91-1-P-j24-1", "route_id": "4.TA.91-1-P-j24-1.1.H", "mode": "rail", "line_name": "RE1"}, {"line_id": "91-81-j24-1", "route_id": "24.TA.91-81-j24-1.1.H", "mode": "rail", "line_name": "S81"}], "predominant_mode": "rail", "assigned_canton": "Appenzell Ausserrhoden", "modes_list": ["rail"]}, "geometry": {"type": "Point", "coordinates": [9.276678950569508, 47.39020500624741]}}, {"id": "11410", "type": "Feature", "properties": {"name": "Herisau Wilen", "lon": 9.27925611212132, "lat": 47.37567605181684, "stop_id": ["8506280:0:2.link:1482168", "8506280:0:2.link:1482169"], "lines": [{"line_id": "91-23-A-j24-1", "route_id": "153.TA.91-23-A-j24-1.42.H", "mode": "rail", "line_name": "S23"}, {"line_id": "91-23-A-j24-1", "route_id": "97.TA.91-23-A-j24-1.39.H", "mode": "rail", "line_name": "S23"}, {"line_id": "91-23-A-j24-1", "route_id": "225.TA.91-23-A-j24-1.44.H", "mode": "rail", "line_name": "S23"}, {"line_id": "91-23-A-j24-1", "route_id": "78.TA.91-23-A-j24-1.38.H", "mode": "rail", "line_name": "S23"}, {"line_id": "91-23-A-j24-1", "route_id": "228.TA.91-23-A-j24-1.45.H", "mode": "rail", "line_name": "S23"}, {"line_id": "91-23-A-j24-1", "route_id": "169.TA.91-23-A-j24-1.43.H", "mode": "rail", "line_name": "S23"}, {"line_id": "91-23-A-j24-1", "route_id": "154.TA.91-23-A-j24-1.42.H", "mode": "rail", "line_name": "S23"}, {"line_id": "91-23-A-j24-1", "route_id": "316.TA.91-23-A-j24-1.48.R", "mode": "rail", "line_name": "S23"}, {"line_id": "91-23-A-j24-1", "route_id": "383.TA.91-23-A-j24-1.54.R", "mode": "rail", "line_name": "S23"}, {"line_id": "91-23-A-j24-1", "route_id": "397.TA.91-23-A-j24-1.55.R", "mode": "rail", "line_name": "S23"}, {"line_id": "91-23-A-j24-1", "route_id": "431.TA.91-23-A-j24-1.57.R", "mode": "rail", "line_name": "S23"}, {"line_id": "91-23-A-j24-1", "route_id": "325.TA.91-23-A-j24-1.51.R", "mode": "rail", "line_name": "S23"}, {"line_id": "91-23-A-j24-1", "route_id": "318.TA.91-23-A-j24-1.49.R", "mode": "rail", "line_name": "S23"}, {"line_id": "91-23-A-j24-1", "route_id": "349.TA.91-23-A-j24-1.52.R", "mode": "rail", "line_name": "S23"}, {"line_id": "91-23-A-j24-1", "route_id": "320.TA.91-23-A-j24-1.50.R", "mode": "rail", "line_name": "S23"}, {"line_id": "91-23-A-j24-1", "route_id": "381.TA.91-23-A-j24-1.53.R", "mode": "rail", "line_name": "S23"}], "predominant_mode": "rail", "assigned_canton": "Appenzell Ausserrhoden", "modes_list": ["rail"]}, "geometry": {"type": "Point", "coordinates": [9.279256121208354, 47.37567606175749]}}, {"id": "11411", "type": "Feature", "properties": {"name": "Herisau, Bahnhof", "lon": 9.276727352589923, "lat": 47.389872531856234, "stop_id": ["8578507.link:1054282", "8578507.link:1054283", "8578507:0:A.link:1054282", "8578507:0:A.link:1054283", "8578507:0:B.link:1054282", "8578507:0:C.link:1054283"], "lines": [{"line_id": "92-173-j24-1", "route_id": "116.TA.92-173-j24-1.8.R", "mode": "bus", "line_name": "173"}, {"line_id": "92-158-j24-1", "route_id": "151.TA.92-158-j24-1.31.R", "mode": "bus", "line_name": "158"}, {"line_id": "92-174-j24-1", "route_id": "89.TA.92-174-j24-1.2.R", "mode": "bus", "line_name": "174"}, {"line_id": "92-171-j24-1", "route_id": "52.TA.92-171-j24-1.6.R", "mode": "bus", "line_name": "171"}, {"line_id": "92-152-j24-1", "route_id": "50.TA.92-152-j24-1.6.R", "mode": "bus", "line_name": "152"}, {"line_id": "92-152-j24-1", "route_id": "36.TA.92-152-j24-1.3.R", "mode": "bus", "line_name": "152"}, {"line_id": "92-171-j24-1", "route_id": "72.TA.92-171-j24-1.9.R", "mode": "bus", "line_name": "171"}, {"line_id": "92-171-j24-1", "route_id": "30.TA.92-171-j24-1.3.H", "mode": "bus", "line_name": "171"}, {"line_id": "92-174-j24-1", "route_id": "6.TA.92-174-j24-1.1.H", "mode": "bus", "line_name": "174"}, {"line_id": "92-172-j24-1", "route_id": "48.TA.92-172-j24-1.2.H", "mode": "bus", "line_name": "172"}, {"line_id": "92-158-j24-1", "route_id": "40.TA.92-158-j24-1.16.H", "mode": "bus", "line_name": "158"}, {"line_id": "92-175-A-j24-1", "route_id": "17.TA.92-175-A-j24-1.5.H", "mode": "bus", "line_name": "175"}, {"line_id": "92-171-j24-1", "route_id": "5.TA.92-171-j24-1.1.H", "mode": "bus", "line_name": "171"}, {"line_id": "92-172-j24-1", "route_id": "15.TA.92-172-j24-1.2.H", "mode": "bus", "line_name": "172"}, {"line_id": "92-152-j24-1", "route_id": "1.TA.92-152-j24-1.1.H", "mode": "bus", "line_name": "152"}, {"line_id": "92-158-j24-1", "route_id": "108.TA.92-158-j24-1.17.H", "mode": "bus", "line_name": "158"}, {"line_id": "92-171-j24-1", "route_id": "16.TA.92-171-j24-1.2.H", "mode": "bus", "line_name": "171"}, {"line_id": "92-176-A-j24-1", "route_id": "21.TA.92-176-A-j24-1.1.H", "mode": "bus", "line_name": "176"}, {"line_id": "92-158-j24-1", "route_id": "2.TA.92-158-j24-1.1.H", "mode": "bus", "line_name": "158"}, {"line_id": "92-158-j24-1", "route_id": "36.TA.92-158-j24-1.15.H", "mode": "bus", "line_name": "158"}, {"line_id": "92-158-j24-1", "route_id": "106.TA.92-158-j24-1.17.H", "mode": "bus", "line_name": "158"}, {"line_id": "92-158-j24-1", "route_id": "60.TA.92-158-j24-1.17.H", "mode": "bus", "line_name": "158"}, {"line_id": "92-173-j24-1", "route_id": "138.TA.92-173-j24-1.9.R", "mode": "bus", "line_name": "173"}, {"line_id": "92-152-j24-1", "route_id": "70.TA.92-152-j24-1.7.R", "mode": "bus", "line_name": "152"}, {"line_id": "92-152-j24-1", "route_id": "37.TA.92-152-j24-1.4.R", "mode": "bus", "line_name": "152"}, {"line_id": "92-171-j24-1", "route_id": "42.TA.92-171-j24-1.5.R", "mode": "bus", "line_name": "171"}, {"line_id": "92-158-j24-1", "route_id": "156.TA.92-158-j24-1.32.R", "mode": "bus", "line_name": "158"}, {"line_id": "92-158-j24-1", "route_id": "142.TA.92-158-j24-1.18.R", "mode": "bus", "line_name": "158"}, {"line_id": "92-171-j24-1", "route_id": "65.TA.92-171-j24-1.8.R", "mode": "bus", "line_name": "171"}, {"line_id": "92-158-j24-1", "route_id": "111.TA.92-158-j24-1.5.R", "mode": "bus", "line_name": "158"}, {"line_id": "92-152-j24-1", "route_id": "42.TA.92-152-j24-1.5.R", "mode": "bus", "line_name": "152"}, {"line_id": "92-175-A-j24-1", "route_id": "77.TA.92-175-A-j24-1.6.R", "mode": "bus", "line_name": "175"}, {"line_id": "92-171-j24-1", "route_id": "74.TA.92-171-j24-1.10.R", "mode": "bus", "line_name": "171"}, {"line_id": "92-172-j24-1", "route_id": "67.TA.92-172-j24-1.3.R", "mode": "bus", "line_name": "172"}, {"line_id": "92-158-j24-1", "route_id": "184.TA.92-158-j24-1.32.R", "mode": "bus", "line_name": "158"}, {"line_id": "92-176-A-j24-1", "route_id": "41.TA.92-176-A-j24-1.2.R", "mode": "bus", "line_name": "176"}, {"line_id": "92-980-j24-1", "route_id": "10.TA.92-980-j24-1.17.R", "mode": "bus", "line_name": "980"}, {"line_id": "92-172-j24-1", "route_id": "90.TA.92-172-j24-1.3.R", "mode": "bus", "line_name": "172"}, {"line_id": "92-171-j24-1", "route_id": "53.TA.92-171-j24-1.7.R", "mode": "bus", "line_name": "171"}, {"line_id": "92-174-j24-1", "route_id": "131.TA.92-174-j24-1.3.R", "mode": "bus", "line_name": "174"}, {"line_id": "92-158-j24-1", "route_id": "149.TA.92-158-j24-1.30.R", "mode": "bus", "line_name": "158"}, {"line_id": "92-171-j24-1", "route_id": "75.TA.92-171-j24-1.10.R", "mode": "bus", "line_name": "171"}, {"line_id": "92-173-j24-1", "route_id": "55.TA.92-173-j24-1.7.H", "mode": "bus", "line_name": "173"}, {"line_id": "96-220-1-j24-1", "route_id": "45.TA.96-220-1-j24-1.8.R", "mode": "bus", "line_name": "180"}, {"line_id": "96-222-3-j24-1", "route_id": "9.TA.96-222-3-j24-1.2.R", "mode": "bus", "line_name": "183"}, {"line_id": "92-152-j24-1", "route_id": "16.TA.92-152-j24-1.2.H", "mode": "bus", "line_name": "152"}, {"line_id": "96-220-3-j24-1", "route_id": "44.TA.96-220-3-j24-1.11.R", "mode": "bus", "line_name": "182"}, {"line_id": "96-220-1-j24-1", "route_id": "24.TA.96-220-1-j24-1.6.R", "mode": "bus", "line_name": "180"}, {"line_id": "96-220-3-j24-1", "route_id": "52.TA.96-220-3-j24-1.12.R", "mode": "bus", "line_name": "182"}, {"line_id": "96-220-1-j24-1", "route_id": "32.TA.96-220-1-j24-1.7.R", "mode": "bus", "line_name": "180"}, {"line_id": "96-220-3-j24-1", "route_id": "13.TA.96-220-3-j24-1.15.H", "mode": "bus", "line_name": "182"}, {"line_id": "96-222-3-j24-1", "route_id": "4.TA.96-222-3-j24-1.5.H", "mode": "bus", "line_name": "183"}, {"line_id": "96-220-3-j24-1", "route_id": "17.TA.96-220-3-j24-1.16.H", "mode": "bus", "line_name": "182"}, {"line_id": "96-220-1-j24-1", "route_id": "3.TA.96-220-1-j24-1.11.H", "mode": "bus", "line_name": "180"}, {"line_id": "96-220-3-j24-1", "route_id": "15.TA.96-220-3-j24-1.15.H", "mode": "bus", "line_name": "182"}, {"line_id": "96-220-1-j24-1", "route_id": "21.TA.96-220-1-j24-1.12.H", "mode": "bus", "line_name": "180"}], "predominant_mode": "bus", "assigned_canton": "Appenzell Ausserrhoden", "modes_list": ["bus"]}, "geometry": {"type": "Point", "coordinates": [9.27672736166981, 47.389872541802106]}}, {"id": "11412", "type": "Feature", "properties": {"name": "Herisau, Bergstrasse", "lon": 9.2820947824034, "lat": 47.38417372177194, "stop_id": ["8590357.link:130757", "8590357.link:130758"], "lines": [{"line_id": "92-176-A-j24-1", "route_id": "21.TA.92-176-A-j24-1.1.H", "mode": "bus", "line_name": "176"}, {"line_id": "92-176-A-j24-1", "route_id": "41.TA.92-176-A-j24-1.2.R", "mode": "bus", "line_name": "176"}], "predominant_mode": "bus", "assigned_canton": "Appenzell Ausserrhoden", "modes_list": ["bus"]}, "geometry": {"type": "Point", "coordinates": [9.282094791490128, 47.38417373171435]}}, {"id": "11413", "type": "Feature", "properties": {"name": "Herisau, Bruggeregg", "lon": 9.267254612244322, "lat": 47.37953272200549, "stop_id": ["8574208.link:12380", "8574208.link:12381"], "lines": [{"line_id": "92-171-j24-1", "route_id": "30.TA.92-171-j24-1.3.H", "mode": "bus", "line_name": "171"}, {"line_id": "96-222-3-j24-1", "route_id": "9.TA.96-222-3-j24-1.2.R", "mode": "bus", "line_name": "183"}, {"line_id": "92-171-j24-1", "route_id": "5.TA.92-171-j24-1.1.H", "mode": "bus", "line_name": "171"}, {"line_id": "92-171-j24-1", "route_id": "16.TA.92-171-j24-1.2.H", "mode": "bus", "line_name": "171"}, {"line_id": "96-222-3-j24-1", "route_id": "4.TA.96-222-3-j24-1.5.H", "mode": "bus", "line_name": "183"}, {"line_id": "92-171-j24-1", "route_id": "42.TA.92-171-j24-1.5.R", "mode": "bus", "line_name": "171"}, {"line_id": "92-171-j24-1", "route_id": "53.TA.92-171-j24-1.7.R", "mode": "bus", "line_name": "171"}, {"line_id": "92-171-j24-1", "route_id": "74.TA.92-171-j24-1.10.R", "mode": "bus", "line_name": "171"}, {"line_id": "92-171-j24-1", "route_id": "52.TA.92-171-j24-1.6.R", "mode": "bus", "line_name": "171"}, {"line_id": "92-171-j24-1", "route_id": "75.TA.92-171-j24-1.10.R", "mode": "bus", "line_name": "171"}, {"line_id": "92-171-j24-1", "route_id": "72.TA.92-171-j24-1.9.R", "mode": "bus", "line_name": "171"}, {"line_id": "92-171-j24-1", "route_id": "65.TA.92-171-j24-1.8.R", "mode": "bus", "line_name": "171"}], "predominant_mode": "bus", "assigned_canton": "Appenzell Ausserrhoden", "modes_list": ["bus"]}, "geometry": {"type": "Point", "coordinates": [9.267254621319085, 47.379532731951116]}}, {"id": "11414", "type": "Feature", "properties": {"name": "Herisau, Burghalde", "lon": 9.276776762647073, "lat": 47.391599691855376, "stop_id": ["8595414.link:567585", "8595414.link:706615"], "lines": [{"line_id": "92-173-j24-1", "route_id": "55.TA.92-173-j24-1.7.H", "mode": "bus", "line_name": "173"}, {"line_id": "92-173-j24-1", "route_id": "116.TA.92-173-j24-1.8.R", "mode": "bus", "line_name": "173"}, {"line_id": "92-173-j24-1", "route_id": "138.TA.92-173-j24-1.9.R", "mode": "bus", "line_name": "173"}], "predominant_mode": "bus", "assigned_canton": "Appenzell Ausserrhoden", "modes_list": ["bus"]}, "geometry": {"type": "Point", "coordinates": [9.276776771726412, 47.391599701801766]}}, {"id": "11415", "type": "Feature", "properties": {"name": "Herisau, Cilander", "lon": 9.271665342570493, "lat": 47.389343431935885, "stop_id": ["8589113.link:1498146", "8589113.link:1498147"], "lines": [{"line_id": "92-175-A-j24-1", "route_id": "17.TA.92-175-A-j24-1.5.H", "mode": "bus", "line_name": "175"}, {"line_id": "92-175-A-j24-1", "route_id": "77.TA.92-175-A-j24-1.6.R", "mode": "bus", "line_name": "175"}], "predominant_mode": "bus", "assigned_canton": "Appenzell Ausserrhoden", "modes_list": ["bus"]}, "geometry": {"type": "Point", "coordinates": [9.271665351645938, 47.389343441883184]}}, {"id": "11416", "type": "Feature", "properties": {"name": "Herisau, Dreilinden", "lon": 9.287673322424213, "lat": 47.38473937168418, "stop_id": ["8590359.link:130767", "8590359.link:130768"], "lines": [{"line_id": "92-176-A-j24-1", "route_id": "21.TA.92-176-A-j24-1.1.H", "mode": "bus", "line_name": "176"}, {"line_id": "92-176-A-j24-1", "route_id": "41.TA.92-176-A-j24-1.2.R", "mode": "bus", "line_name": "176"}], "predominant_mode": "bus", "assigned_canton": "Appenzell Ausserrhoden", "modes_list": ["bus"]}, "geometry": {"type": "Point", "coordinates": [9.287673331515832, 47.384739381624975]}}, {"id": "11417", "type": "Feature", "properties": {"name": "Herisau, Ebnet", "lon": 9.281313252556417, "lat": 47.388808231784125, "stop_id": ["8590340.link:537174", "8590340.link:537175"], "lines": [{"line_id": "92-173-j24-1", "route_id": "55.TA.92-173-j24-1.7.H", "mode": "bus", "line_name": "173"}, {"line_id": "92-173-j24-1", "route_id": "116.TA.92-173-j24-1.8.R", "mode": "bus", "line_name": "173"}, {"line_id": "92-173-j24-1", "route_id": "138.TA.92-173-j24-1.9.R", "mode": "bus", "line_name": "173"}], "predominant_mode": "bus", "assigned_canton": "Appenzell Ausserrhoden", "modes_list": ["bus"]}, "geometry": {"type": "Point", "coordinates": [9.281313261640847, 47.388808241728206]}}, {"id": "11418", "type": "Feature", "properties": {"name": "Herisau, Egg", "lon": 9.292775752425907, "lat": 47.38473329160391, "stop_id": ["8590361.link:1265614", "8590361.link:1265615"], "lines": [{"line_id": "92-176-A-j24-1", "route_id": "21.TA.92-176-A-j24-1.1.H", "mode": "bus", "line_name": "176"}, {"line_id": "92-176-A-j24-1", "route_id": "41.TA.92-176-A-j24-1.2.R", "mode": "bus", "line_name": "176"}], "predominant_mode": "bus", "assigned_canton": "Appenzell Ausserrhoden", "modes_list": ["bus"]}, "geometry": {"type": "Point", "coordinates": [9.292775761522176, 47.3847333015431]}}, {"id": "11419", "type": "Feature", "properties": {"name": "Herisau, Friedhof", "lon": 9.283918362637054, "lat": 47.39121656174306, "stop_id": ["8590339.link:652318", "8590339.link:652319"], "lines": [{"line_id": "92-173-j24-1", "route_id": "55.TA.92-173-j24-1.7.H", "mode": "bus", "line_name": "173"}, {"line_id": "92-173-j24-1", "route_id": "116.TA.92-173-j24-1.8.R", "mode": "bus", "line_name": "173"}, {"line_id": "92-173-j24-1", "route_id": "138.TA.92-173-j24-1.9.R", "mode": "bus", "line_name": "173"}], "predominant_mode": "bus", "assigned_canton": "Appenzell Ausserrhoden", "modes_list": ["bus"]}, "geometry": {"type": "Point", "coordinates": [9.283918371723034, 47.39121657168704]}}, {"id": "11420", "type": "Feature", "properties": {"name": "Herisau, Gemeindehaus", "lon": 9.27842067242296, "lat": 47.38480628182974, "stop_id": ["8590356.link:130749", "8590356.link:130750"], "lines": [{"line_id": "92-176-A-j24-1", "route_id": "21.TA.92-176-A-j24-1.1.H", "mode": "bus", "line_name": "176"}, {"line_id": "92-176-A-j24-1", "route_id": "41.TA.92-176-A-j24-1.2.R", "mode": "bus", "line_name": "176"}], "predominant_mode": "bus", "assigned_canton": "Appenzell Ausserrhoden", "modes_list": ["bus"]}, "geometry": {"type": "Point", "coordinates": [9.278420681506116, 47.38480629177349]}}, {"id": "11421", "type": "Feature", "properties": {"name": "Herisau, Glattm\u00fcli", "lon": 9.258567911943073, "lat": 47.37052326214241, "stop_id": ["8506710.link:759703", "8506710.link:759704"], "lines": [{"line_id": "92-171-j24-1", "route_id": "30.TA.92-171-j24-1.3.H", "mode": "bus", "line_name": "171"}, {"line_id": "96-222-3-j24-1", "route_id": "9.TA.96-222-3-j24-1.2.R", "mode": "bus", "line_name": "183"}, {"line_id": "92-171-j24-1", "route_id": "16.TA.92-171-j24-1.2.H", "mode": "bus", "line_name": "171"}, {"line_id": "96-222-3-j24-1", "route_id": "4.TA.96-222-3-j24-1.5.H", "mode": "bus", "line_name": "183"}, {"line_id": "92-171-j24-1", "route_id": "53.TA.92-171-j24-1.7.R", "mode": "bus", "line_name": "171"}, {"line_id": "92-171-j24-1", "route_id": "74.TA.92-171-j24-1.10.R", "mode": "bus", "line_name": "171"}, {"line_id": "92-171-j24-1", "route_id": "52.TA.92-171-j24-1.6.R", "mode": "bus", "line_name": "171"}, {"line_id": "92-171-j24-1", "route_id": "75.TA.92-171-j24-1.10.R", "mode": "bus", "line_name": "171"}, {"line_id": "92-171-j24-1", "route_id": "72.TA.92-171-j24-1.9.R", "mode": "bus", "line_name": "171"}, {"line_id": "92-171-j24-1", "route_id": "65.TA.92-171-j24-1.8.R", "mode": "bus", "line_name": "171"}], "predominant_mode": "bus", "assigned_canton": "Appenzell Ausserrhoden", "modes_list": ["bus"]}, "geometry": {"type": "Point", "coordinates": [9.25856792101296, 47.370523272087965]}}, {"id": "11422", "type": "Feature", "properties": {"name": "Herisau, Heinrichsbad", "lon": 9.293458472643641, "lat": 47.39130778159299, "stop_id": ["8581401.link:100060", "8581401.link:100061"], "lines": [{"line_id": "92-172-j24-1", "route_id": "48.TA.92-172-j24-1.2.H", "mode": "bus", "line_name": "172"}, {"line_id": "92-158-j24-1", "route_id": "40.TA.92-158-j24-1.16.H", "mode": "bus", "line_name": "158"}, {"line_id": "92-172-j24-1", "route_id": "15.TA.92-172-j24-1.2.H", "mode": "bus", "line_name": "172"}, {"line_id": "92-980-j24-1", "route_id": "4.TA.92-980-j24-1.16.H", "mode": "bus", "line_name": "980"}, {"line_id": "92-158-j24-1", "route_id": "108.TA.92-158-j24-1.17.H", "mode": "bus", "line_name": "158"}, {"line_id": "92-158-j24-1", "route_id": "2.TA.92-158-j24-1.1.H", "mode": "bus", "line_name": "158"}, {"line_id": "92-158-j24-1", "route_id": "36.TA.92-158-j24-1.15.H", "mode": "bus", "line_name": "158"}, {"line_id": "92-158-j24-1", "route_id": "106.TA.92-158-j24-1.17.H", "mode": "bus", "line_name": "158"}, {"line_id": "92-980-j24-1", "route_id": "3.TA.92-980-j24-1.15.H", "mode": "bus", "line_name": "980"}, {"line_id": "92-158-j24-1", "route_id": "60.TA.92-158-j24-1.17.H", "mode": "bus", "line_name": "158"}, {"line_id": "92-158-j24-1", "route_id": "151.TA.92-158-j24-1.31.R", "mode": "bus", "line_name": "158"}, {"line_id": "92-158-j24-1", "route_id": "111.TA.92-158-j24-1.5.R", "mode": "bus", "line_name": "158"}, {"line_id": "92-172-j24-1", "route_id": "90.TA.92-172-j24-1.3.R", "mode": "bus", "line_name": "172"}, {"line_id": "92-158-j24-1", "route_id": "184.TA.92-158-j24-1.32.R", "mode": "bus", "line_name": "158"}, {"line_id": "92-158-j24-1", "route_id": "149.TA.92-158-j24-1.30.R", "mode": "bus", "line_name": "158"}, {"line_id": "92-980-j24-1", "route_id": "10.TA.92-980-j24-1.17.R", "mode": "bus", "line_name": "980"}, {"line_id": "92-158-j24-1", "route_id": "156.TA.92-158-j24-1.32.R", "mode": "bus", "line_name": "158"}, {"line_id": "92-158-j24-1", "route_id": "142.TA.92-158-j24-1.18.R", "mode": "bus", "line_name": "158"}, {"line_id": "92-172-j24-1", "route_id": "67.TA.92-172-j24-1.3.R", "mode": "bus", "line_name": "172"}], "predominant_mode": "bus", "assigned_canton": "Appenzell Ausserrhoden", "modes_list": ["bus"]}, "geometry": {"type": "Point", "coordinates": [9.293458481738286, 47.39130779153402]}}, {"id": "11423", "type": "Feature", "properties": {"name": "Herisau, Huebstrasse", "lon": 9.2678385224453, "lat": 47.385603041996184, "stop_id": ["8590350.link:933577", "8590350.link:933578"], "lines": [{"line_id": "92-175-A-j24-1", "route_id": "17.TA.92-175-A-j24-1.5.H", "mode": "bus", "line_name": "175"}, {"line_id": "92-175-A-j24-1", "route_id": "77.TA.92-175-A-j24-1.6.R", "mode": "bus", "line_name": "175"}], "predominant_mode": "bus", "assigned_canton": "Appenzell Ausserrhoden", "modes_list": ["bus"]}, "geometry": {"type": "Point", "coordinates": [9.267838531518528, 47.38560305194355]}}, {"id": "11424", "type": "Feature", "properties": {"name": "Herisau, Ifang", "lon": 9.263769152108612, "lat": 47.37546922206051, "stop_id": ["8506696.link:564924", "8506696.link:564925"], "lines": [{"line_id": "92-171-j24-1", "route_id": "30.TA.92-171-j24-1.3.H", "mode": "bus", "line_name": "171"}, {"line_id": "96-222-3-j24-1", "route_id": "9.TA.96-222-3-j24-1.2.R", "mode": "bus", "line_name": "183"}, {"line_id": "92-171-j24-1", "route_id": "5.TA.92-171-j24-1.1.H", "mode": "bus", "line_name": "171"}, {"line_id": "92-171-j24-1", "route_id": "16.TA.92-171-j24-1.2.H", "mode": "bus", "line_name": "171"}, {"line_id": "96-222-3-j24-1", "route_id": "4.TA.96-222-3-j24-1.5.H", "mode": "bus", "line_name": "183"}, {"line_id": "92-171-j24-1", "route_id": "42.TA.92-171-j24-1.5.R", "mode": "bus", "line_name": "171"}, {"line_id": "92-171-j24-1", "route_id": "53.TA.92-171-j24-1.7.R", "mode": "bus", "line_name": "171"}, {"line_id": "92-171-j24-1", "route_id": "74.TA.92-171-j24-1.10.R", "mode": "bus", "line_name": "171"}, {"line_id": "92-171-j24-1", "route_id": "52.TA.92-171-j24-1.6.R", "mode": "bus", "line_name": "171"}, {"line_id": "92-171-j24-1", "route_id": "75.TA.92-171-j24-1.10.R", "mode": "bus", "line_name": "171"}, {"line_id": "92-171-j24-1", "route_id": "72.TA.92-171-j24-1.9.R", "mode": "bus", "line_name": "171"}, {"line_id": "92-171-j24-1", "route_id": "65.TA.92-171-j24-1.8.R", "mode": "bus", "line_name": "171"}], "predominant_mode": "bus", "assigned_canton": "Appenzell Ausserrhoden", "modes_list": ["bus"]}, "geometry": {"type": "Point", "coordinates": [9.263769161181573, 47.37546923200596]}}, {"id": "11425", "type": "Feature", "properties": {"name": "Herisau, Johannesbad", "lon": 9.259466221853703, "lat": 47.367809782128376, "stop_id": ["8506697.link:1468362", "8506697.link:1468363"], "lines": [{"line_id": "92-171-j24-1", "route_id": "30.TA.92-171-j24-1.3.H", "mode": "bus", "line_name": "171"}, {"line_id": "96-222-3-j24-1", "route_id": "9.TA.96-222-3-j24-1.2.R", "mode": "bus", "line_name": "183"}, {"line_id": "92-171-j24-1", "route_id": "16.TA.92-171-j24-1.2.H", "mode": "bus", "line_name": "171"}, {"line_id": "96-222-3-j24-1", "route_id": "4.TA.96-222-3-j24-1.5.H", "mode": "bus", "line_name": "183"}, {"line_id": "92-171-j24-1", "route_id": "53.TA.92-171-j24-1.7.R", "mode": "bus", "line_name": "171"}, {"line_id": "92-171-j24-1", "route_id": "74.TA.92-171-j24-1.10.R", "mode": "bus", "line_name": "171"}, {"line_id": "92-171-j24-1", "route_id": "52.TA.92-171-j24-1.6.R", "mode": "bus", "line_name": "171"}, {"line_id": "92-171-j24-1", "route_id": "75.TA.92-171-j24-1.10.R", "mode": "bus", "line_name": "171"}, {"line_id": "92-171-j24-1", "route_id": "72.TA.92-171-j24-1.9.R", "mode": "bus", "line_name": "171"}, {"line_id": "92-171-j24-1", "route_id": "65.TA.92-171-j24-1.8.R", "mode": "bus", "line_name": "171"}], "predominant_mode": "bus", "assigned_canton": "Appenzell Ausserrhoden", "modes_list": ["bus"]}, "geometry": {"type": "Point", "coordinates": [9.25946623092533, 47.367809792072805]}}, {"id": "11426", "type": "Feature", "properties": {"name": "Herisau, Kaserne", "lon": 9.286505512533623, "lat": 47.388060171702456, "stop_id": ["8581402.link:261831", "8581402.link:261832"], "lines": [{"line_id": "92-172-j24-1", "route_id": "48.TA.92-172-j24-1.2.H", "mode": "bus", "line_name": "172"}, {"line_id": "92-158-j24-1", "route_id": "40.TA.92-158-j24-1.16.H", "mode": "bus", "line_name": "158"}, {"line_id": "92-172-j24-1", "route_id": "15.TA.92-172-j24-1.2.H", "mode": "bus", "line_name": "172"}, {"line_id": "92-980-j24-1", "route_id": "4.TA.92-980-j24-1.16.H", "mode": "bus", "line_name": "980"}, {"line_id": "92-158-j24-1", "route_id": "108.TA.92-158-j24-1.17.H", "mode": "bus", "line_name": "158"}, {"line_id": "92-158-j24-1", "route_id": "2.TA.92-158-j24-1.1.H", "mode": "bus", "line_name": "158"}, {"line_id": "92-158-j24-1", "route_id": "36.TA.92-158-j24-1.15.H", "mode": "bus", "line_name": "158"}, {"line_id": "92-158-j24-1", "route_id": "106.TA.92-158-j24-1.17.H", "mode": "bus", "line_name": "158"}, {"line_id": "92-980-j24-1", "route_id": "3.TA.92-980-j24-1.15.H", "mode": "bus", "line_name": "980"}, {"line_id": "92-158-j24-1", "route_id": "60.TA.92-158-j24-1.17.H", "mode": "bus", "line_name": "158"}, {"line_id": "92-158-j24-1", "route_id": "151.TA.92-158-j24-1.31.R", "mode": "bus", "line_name": "158"}, {"line_id": "92-158-j24-1", "route_id": "111.TA.92-158-j24-1.5.R", "mode": "bus", "line_name": "158"}, {"line_id": "92-172-j24-1", "route_id": "90.TA.92-172-j24-1.3.R", "mode": "bus", "line_name": "172"}, {"line_id": "92-158-j24-1", "route_id": "184.TA.92-158-j24-1.32.R", "mode": "bus", "line_name": "158"}, {"line_id": "92-158-j24-1", "route_id": "149.TA.92-158-j24-1.30.R", "mode": "bus", "line_name": "158"}, {"line_id": "92-980-j24-1", "route_id": "10.TA.92-980-j24-1.17.R", "mode": "bus", "line_name": "980"}, {"line_id": "92-158-j24-1", "route_id": "156.TA.92-158-j24-1.32.R", "mode": "bus", "line_name": "158"}, {"line_id": "92-158-j24-1", "route_id": "142.TA.92-158-j24-1.18.R", "mode": "bus", "line_name": "158"}, {"line_id": "92-172-j24-1", "route_id": "67.TA.92-172-j24-1.3.R", "mode": "bus", "line_name": "172"}], "predominant_mode": "bus", "assigned_canton": "Appenzell Ausserrhoden", "modes_list": ["bus"]}, "geometry": {"type": "Point", "coordinates": [9.28650552162304, 47.388060181644654]}}, {"id": "11427", "type": "Feature", "properties": {"name": "Herisau, Kreuzweg", "lon": 9.271539582667826, "lat": 47.39228689193774, "stop_id": ["8590325.link:1962995", "8590325.link:1962996", "8590325.link:1962997", "8590325.link:1962998"], "lines": [{"line_id": "92-152-j24-1", "route_id": "70.TA.92-152-j24-1.7.R", "mode": "bus", "line_name": "152"}, {"line_id": "92-152-j24-1", "route_id": "42.TA.92-152-j24-1.5.R", "mode": "bus", "line_name": "152"}, {"line_id": "92-152-j24-1", "route_id": "37.TA.92-152-j24-1.4.R", "mode": "bus", "line_name": "152"}, {"line_id": "92-980-j24-1", "route_id": "4.TA.92-980-j24-1.16.H", "mode": "bus", "line_name": "980"}, {"line_id": "92-152-j24-1", "route_id": "50.TA.92-152-j24-1.6.R", "mode": "bus", "line_name": "152"}, {"line_id": "92-152-j24-1", "route_id": "36.TA.92-152-j24-1.3.R", "mode": "bus", "line_name": "152"}, {"line_id": "92-980-j24-1", "route_id": "3.TA.92-980-j24-1.15.H", "mode": "bus", "line_name": "980"}, {"line_id": "92-152-j24-1", "route_id": "1.TA.92-152-j24-1.1.H", "mode": "bus", "line_name": "152"}, {"line_id": "92-980-j24-1", "route_id": "10.TA.92-980-j24-1.17.R", "mode": "bus", "line_name": "980"}, {"line_id": "92-152-j24-1", "route_id": "16.TA.92-152-j24-1.2.H", "mode": "bus", "line_name": "152"}, {"line_id": "92-175-A-j24-1", "route_id": "77.TA.92-175-A-j24-1.6.R", "mode": "bus", "line_name": "175"}, {"line_id": "92-175-A-j24-1", "route_id": "17.TA.92-175-A-j24-1.5.H", "mode": "bus", "line_name": "175"}], "predominant_mode": "bus", "assigned_canton": "Appenzell Ausserrhoden", "modes_list": ["bus"]}, "geometry": {"type": "Point", "coordinates": [9.271539591742151, 47.39228690188601]}}, {"id": "11428", "type": "Feature", "properties": {"name": "Herisau, Landersberg", "lon": 9.25821756173337, "lat": 47.36418347214806, "stop_id": ["8588243.link:759691", "8588243.link:759692"], "lines": [{"line_id": "92-171-j24-1", "route_id": "30.TA.92-171-j24-1.3.H", "mode": "bus", "line_name": "171"}, {"line_id": "96-222-3-j24-1", "route_id": "9.TA.96-222-3-j24-1.2.R", "mode": "bus", "line_name": "183"}, {"line_id": "92-171-j24-1", "route_id": "16.TA.92-171-j24-1.2.H", "mode": "bus", "line_name": "171"}, {"line_id": "96-222-3-j24-1", "route_id": "4.TA.96-222-3-j24-1.5.H", "mode": "bus", "line_name": "183"}, {"line_id": "92-171-j24-1", "route_id": "53.TA.92-171-j24-1.7.R", "mode": "bus", "line_name": "171"}, {"line_id": "92-171-j24-1", "route_id": "74.TA.92-171-j24-1.10.R", "mode": "bus", "line_name": "171"}, {"line_id": "92-171-j24-1", "route_id": "52.TA.92-171-j24-1.6.R", "mode": "bus", "line_name": "171"}, {"line_id": "92-171-j24-1", "route_id": "75.TA.92-171-j24-1.10.R", "mode": "bus", "line_name": "171"}, {"line_id": "92-171-j24-1", "route_id": "72.TA.92-171-j24-1.9.R", "mode": "bus", "line_name": "171"}, {"line_id": "92-171-j24-1", "route_id": "65.TA.92-171-j24-1.8.R", "mode": "bus", "line_name": "171"}], "predominant_mode": "bus", "assigned_canton": "Appenzell Ausserrhoden", "modes_list": ["bus"]}, "geometry": {"type": "Point", "coordinates": [9.258217570805083, 47.36418348209173]}}, {"id": "11429", "type": "Feature", "properties": {"name": "Herisau, Langelen", "lon": 9.281295282072582, "lat": 47.37417954178481, "stop_id": ["8574194.link:1019231", "8574194.link:1019232"], "lines": [{"line_id": "92-174-j24-1", "route_id": "6.TA.92-174-j24-1.1.H", "mode": "bus", "line_name": "174"}, {"line_id": "96-220-1-j24-1", "route_id": "24.TA.96-220-1-j24-1.6.R", "mode": "bus", "line_name": "180"}, {"line_id": "96-220-3-j24-1", "route_id": "44.TA.96-220-3-j24-1.11.R", "mode": "bus", "line_name": "182"}, {"line_id": "96-220-1-j24-1", "route_id": "45.TA.96-220-1-j24-1.8.R", "mode": "bus", "line_name": "180"}, {"line_id": "96-220-3-j24-1", "route_id": "52.TA.96-220-3-j24-1.12.R", "mode": "bus", "line_name": "182"}, {"line_id": "96-220-1-j24-1", "route_id": "32.TA.96-220-1-j24-1.7.R", "mode": "bus", "line_name": "180"}, {"line_id": "96-220-3-j24-1", "route_id": "13.TA.96-220-3-j24-1.15.H", "mode": "bus", "line_name": "182"}, {"line_id": "92-174-j24-1", "route_id": "89.TA.92-174-j24-1.2.R", "mode": "bus", "line_name": "174"}, {"line_id": "96-220-3-j24-1", "route_id": "17.TA.96-220-3-j24-1.16.H", "mode": "bus", "line_name": "182"}, {"line_id": "96-220-1-j24-1", "route_id": "3.TA.96-220-1-j24-1.11.H", "mode": "bus", "line_name": "180"}, {"line_id": "92-174-j24-1", "route_id": "131.TA.92-174-j24-1.3.R", "mode": "bus", "line_name": "174"}, {"line_id": "96-220-3-j24-1", "route_id": "15.TA.96-220-3-j24-1.15.H", "mode": "bus", "line_name": "182"}, {"line_id": "96-220-1-j24-1", "route_id": "21.TA.96-220-1-j24-1.12.H", "mode": "bus", "line_name": "180"}], "predominant_mode": "bus", "assigned_canton": "Appenzell Ausserrhoden", "modes_list": ["bus"]}, "geometry": {"type": "Point", "coordinates": [9.281295291161982, 47.37417955172431]}}, {"id": "11430", "type": "Feature", "properties": {"name": "Herisau, Lederbach", "lon": 9.279094412227677, "lat": 47.37889401181931, "stop_id": ["8574195.link:1865003", "8574195.link:1865004"], "lines": [{"line_id": "92-174-j24-1", "route_id": "6.TA.92-174-j24-1.1.H", "mode": "bus", "line_name": "174"}, {"line_id": "96-220-1-j24-1", "route_id": "24.TA.96-220-1-j24-1.6.R", "mode": "bus", "line_name": "180"}, {"line_id": "96-220-3-j24-1", "route_id": "44.TA.96-220-3-j24-1.11.R", "mode": "bus", "line_name": "182"}, {"line_id": "96-220-1-j24-1", "route_id": "45.TA.96-220-1-j24-1.8.R", "mode": "bus", "line_name": "180"}, {"line_id": "96-220-3-j24-1", "route_id": "52.TA.96-220-3-j24-1.12.R", "mode": "bus", "line_name": "182"}, {"line_id": "96-220-1-j24-1", "route_id": "32.TA.96-220-1-j24-1.7.R", "mode": "bus", "line_name": "180"}, {"line_id": "96-220-3-j24-1", "route_id": "13.TA.96-220-3-j24-1.15.H", "mode": "bus", "line_name": "182"}, {"line_id": "92-174-j24-1", "route_id": "89.TA.92-174-j24-1.2.R", "mode": "bus", "line_name": "174"}, {"line_id": "96-220-3-j24-1", "route_id": "17.TA.96-220-3-j24-1.16.H", "mode": "bus", "line_name": "182"}, {"line_id": "96-220-1-j24-1", "route_id": "3.TA.96-220-1-j24-1.11.H", "mode": "bus", "line_name": "180"}, {"line_id": "92-174-j24-1", "route_id": "131.TA.92-174-j24-1.3.R", "mode": "bus", "line_name": "174"}, {"line_id": "96-220-3-j24-1", "route_id": "15.TA.96-220-3-j24-1.15.H", "mode": "bus", "line_name": "182"}, {"line_id": "96-220-1-j24-1", "route_id": "21.TA.96-220-1-j24-1.12.H", "mode": "bus", "line_name": "180"}], "predominant_mode": "bus", "assigned_canton": "Appenzell Ausserrhoden", "modes_list": ["bus"]}, "geometry": {"type": "Point", "coordinates": [9.279094421313463, 47.37889402176099]}}, {"id": "11431", "type": "Feature", "properties": {"name": "Herisau, Migros/Spital", "lon": 9.283181742477655, "lat": 47.3864058817548, "stop_id": ["8590341.link:17720", "8590341.link:1858196", "8590341.link:1858197"], "lines": [{"line_id": "92-173-j24-1", "route_id": "116.TA.92-173-j24-1.8.R", "mode": "bus", "line_name": "173"}, {"line_id": "92-173-j24-1", "route_id": "138.TA.92-173-j24-1.9.R", "mode": "bus", "line_name": "173"}, {"line_id": "92-172-j24-1", "route_id": "48.TA.92-172-j24-1.2.H", "mode": "bus", "line_name": "172"}, {"line_id": "92-158-j24-1", "route_id": "40.TA.92-158-j24-1.16.H", "mode": "bus", "line_name": "158"}, {"line_id": "92-172-j24-1", "route_id": "15.TA.92-172-j24-1.2.H", "mode": "bus", "line_name": "172"}, {"line_id": "92-980-j24-1", "route_id": "4.TA.92-980-j24-1.16.H", "mode": "bus", "line_name": "980"}, {"line_id": "92-158-j24-1", "route_id": "108.TA.92-158-j24-1.17.H", "mode": "bus", "line_name": "158"}, {"line_id": "92-158-j24-1", "route_id": "2.TA.92-158-j24-1.1.H", "mode": "bus", "line_name": "158"}, {"line_id": "92-158-j24-1", "route_id": "36.TA.92-158-j24-1.15.H", "mode": "bus", "line_name": "158"}, {"line_id": "92-158-j24-1", "route_id": "106.TA.92-158-j24-1.17.H", "mode": "bus", "line_name": "158"}, {"line_id": "92-980-j24-1", "route_id": "3.TA.92-980-j24-1.15.H", "mode": "bus", "line_name": "980"}, {"line_id": "92-158-j24-1", "route_id": "60.TA.92-158-j24-1.17.H", "mode": "bus", "line_name": "158"}, {"line_id": "92-173-j24-1", "route_id": "55.TA.92-173-j24-1.7.H", "mode": "bus", "line_name": "173"}, {"line_id": "92-158-j24-1", "route_id": "151.TA.92-158-j24-1.31.R", "mode": "bus", "line_name": "158"}, {"line_id": "92-158-j24-1", "route_id": "111.TA.92-158-j24-1.5.R", "mode": "bus", "line_name": "158"}, {"line_id": "92-172-j24-1", "route_id": "90.TA.92-172-j24-1.3.R", "mode": "bus", "line_name": "172"}, {"line_id": "92-158-j24-1", "route_id": "184.TA.92-158-j24-1.32.R", "mode": "bus", "line_name": "158"}, {"line_id": "92-158-j24-1", "route_id": "149.TA.92-158-j24-1.30.R", "mode": "bus", "line_name": "158"}, {"line_id": "92-980-j24-1", "route_id": "10.TA.92-980-j24-1.17.R", "mode": "bus", "line_name": "980"}, {"line_id": "92-158-j24-1", "route_id": "156.TA.92-158-j24-1.32.R", "mode": "bus", "line_name": "158"}, {"line_id": "92-158-j24-1", "route_id": "142.TA.92-158-j24-1.18.R", "mode": "bus", "line_name": "158"}, {"line_id": "92-172-j24-1", "route_id": "67.TA.92-172-j24-1.3.R", "mode": "bus", "line_name": "172"}], "predominant_mode": "bus", "assigned_canton": "Appenzell Ausserrhoden", "modes_list": ["bus"]}, "geometry": {"type": "Point", "coordinates": [9.283181751564612, 47.386405891697564]}}, {"id": "11432", "type": "Feature", "properties": {"name": "Herisau, M\u00fcli", "lon": 9.27329129242083, "lat": 47.38480019191045, "stop_id": ["8574206.link:652346", "8574206.link:652347"], "lines": [{"line_id": "92-171-j24-1", "route_id": "30.TA.92-171-j24-1.3.H", "mode": "bus", "line_name": "171"}, {"line_id": "92-175-A-j24-1", "route_id": "17.TA.92-175-A-j24-1.5.H", "mode": "bus", "line_name": "175"}, {"line_id": "92-171-j24-1", "route_id": "16.TA.92-171-j24-1.2.H", "mode": "bus", "line_name": "171"}, {"line_id": "96-222-3-j24-1", "route_id": "9.TA.96-222-3-j24-1.2.R", "mode": "bus", "line_name": "183"}, {"line_id": "92-171-j24-1", "route_id": "5.TA.92-171-j24-1.1.H", "mode": "bus", "line_name": "171"}, {"line_id": "96-222-3-j24-1", "route_id": "4.TA.96-222-3-j24-1.5.H", "mode": "bus", "line_name": "183"}, {"line_id": "92-175-A-j24-1", "route_id": "77.TA.92-175-A-j24-1.6.R", "mode": "bus", "line_name": "175"}, {"line_id": "92-171-j24-1", "route_id": "42.TA.92-171-j24-1.5.R", "mode": "bus", "line_name": "171"}, {"line_id": "92-171-j24-1", "route_id": "53.TA.92-171-j24-1.7.R", "mode": "bus", "line_name": "171"}, {"line_id": "92-171-j24-1", "route_id": "74.TA.92-171-j24-1.10.R", "mode": "bus", "line_name": "171"}, {"line_id": "92-171-j24-1", "route_id": "52.TA.92-171-j24-1.6.R", "mode": "bus", "line_name": "171"}, {"line_id": "92-171-j24-1", "route_id": "75.TA.92-171-j24-1.10.R", "mode": "bus", "line_name": "171"}, {"line_id": "92-171-j24-1", "route_id": "72.TA.92-171-j24-1.9.R", "mode": "bus", "line_name": "171"}, {"line_id": "92-171-j24-1", "route_id": "65.TA.92-171-j24-1.8.R", "mode": "bus", "line_name": "171"}], "predominant_mode": "bus", "assigned_canton": "Appenzell Ausserrhoden", "modes_list": ["bus"]}, "geometry": {"type": "Point", "coordinates": [9.27329130149931, 47.3848002018558]}}, {"id": "11433", "type": "Feature", "properties": {"name": "Herisau, Nordhalde", "lon": 9.291949302786122, "lat": 47.395631541616595, "stop_id": ["8590337.link:730515", "8590337.link:730516"], "lines": [{"line_id": "92-173-j24-1", "route_id": "55.TA.92-173-j24-1.7.H", "mode": "bus", "line_name": "173"}, {"line_id": "92-173-j24-1", "route_id": "116.TA.92-173-j24-1.8.R", "mode": "bus", "line_name": "173"}, {"line_id": "92-173-j24-1", "route_id": "138.TA.92-173-j24-1.9.R", "mode": "bus", "line_name": "173"}], "predominant_mode": "bus", "assigned_canton": "Appenzell Ausserrhoden", "modes_list": ["bus"]}, "geometry": {"type": "Point", "coordinates": [9.291949311877909, 47.39563155155943]}}, {"id": "11434", "type": "Feature", "properties": {"name": "Herisau, Obermoosberg", "lon": 9.299010062675453, "lat": 47.39220783150564, "stop_id": ["8590343.link:1603573", "8590343.link:1603574"], "lines": [{"line_id": "92-172-j24-1", "route_id": "15.TA.92-172-j24-1.2.H", "mode": "bus", "line_name": "172"}, {"line_id": "92-172-j24-1", "route_id": "48.TA.92-172-j24-1.2.H", "mode": "bus", "line_name": "172"}, {"line_id": "92-172-j24-1", "route_id": "90.TA.92-172-j24-1.3.R", "mode": "bus", "line_name": "172"}, {"line_id": "92-172-j24-1", "route_id": "67.TA.92-172-j24-1.3.R", "mode": "bus", "line_name": "172"}], "predominant_mode": "bus", "assigned_canton": "Appenzell Ausserrhoden", "modes_list": ["bus"]}, "geometry": {"type": "Point", "coordinates": [9.299010071774845, 47.3922078414452]}}, {"id": "11435", "type": "Feature", "properties": {"name": "Herisau, Obstmarkt", "lon": 9.27963340246806, "lat": 47.38615651181064, "stop_id": ["8588239.link:263807", "8588239.link:652344", "8588239.link:652345"], "lines": [{"line_id": "92-152-j24-1", "route_id": "42.TA.92-152-j24-1.5.R", "mode": "bus", "line_name": "152"}, {"line_id": "92-152-j24-1", "route_id": "70.TA.92-152-j24-1.7.R", "mode": "bus", "line_name": "152"}, {"line_id": "92-152-j24-1", "route_id": "50.TA.92-152-j24-1.6.R", "mode": "bus", "line_name": "152"}, {"line_id": "92-174-j24-1", "route_id": "6.TA.92-174-j24-1.1.H", "mode": "bus", "line_name": "174"}, {"line_id": "96-220-1-j24-1", "route_id": "45.TA.96-220-1-j24-1.8.R", "mode": "bus", "line_name": "180"}, {"line_id": "96-222-3-j24-1", "route_id": "9.TA.96-222-3-j24-1.2.R", "mode": "bus", "line_name": "183"}, {"line_id": "92-172-j24-1", "route_id": "48.TA.92-172-j24-1.2.H", "mode": "bus", "line_name": "172"}, {"line_id": "92-158-j24-1", "route_id": "40.TA.92-158-j24-1.16.H", "mode": "bus", "line_name": "158"}, {"line_id": "92-172-j24-1", "route_id": "15.TA.92-172-j24-1.2.H", "mode": "bus", "line_name": "172"}, {"line_id": "92-980-j24-1", "route_id": "4.TA.92-980-j24-1.16.H", "mode": "bus", "line_name": "980"}, {"line_id": "92-158-j24-1", "route_id": "108.TA.92-158-j24-1.17.H", "mode": "bus", "line_name": "158"}, {"line_id": "96-220-1-j24-1", "route_id": "32.TA.96-220-1-j24-1.7.R", "mode": "bus", "line_name": "180"}, {"line_id": "92-176-A-j24-1", "route_id": "21.TA.92-176-A-j24-1.1.H", "mode": "bus", "line_name": "176"}, {"line_id": "96-220-1-j24-1", "route_id": "24.TA.96-220-1-j24-1.6.R", "mode": "bus", "line_name": "180"}, {"line_id": "96-220-3-j24-1", "route_id": "52.TA.96-220-3-j24-1.12.R", "mode": "bus", "line_name": "182"}, {"line_id": "96-220-3-j24-1", "route_id": "44.TA.96-220-3-j24-1.11.R", "mode": "bus", "line_name": "182"}, {"line_id": "92-158-j24-1", "route_id": "2.TA.92-158-j24-1.1.H", "mode": "bus", "line_name": "158"}, {"line_id": "92-158-j24-1", "route_id": "36.TA.92-158-j24-1.15.H", "mode": "bus", "line_name": "158"}, {"line_id": "92-158-j24-1", "route_id": "106.TA.92-158-j24-1.17.H", "mode": "bus", "line_name": "158"}, {"line_id": "92-980-j24-1", "route_id": "3.TA.92-980-j24-1.15.H", "mode": "bus", "line_name": "980"}, {"line_id": "92-158-j24-1", "route_id": "60.TA.92-158-j24-1.17.H", "mode": "bus", "line_name": "158"}, {"line_id": "96-220-3-j24-1", "route_id": "13.TA.96-220-3-j24-1.15.H", "mode": "bus", "line_name": "182"}, {"line_id": "92-158-j24-1", "route_id": "151.TA.92-158-j24-1.31.R", "mode": "bus", "line_name": "158"}, {"line_id": "92-158-j24-1", "route_id": "111.TA.92-158-j24-1.5.R", "mode": "bus", "line_name": "158"}, {"line_id": "92-172-j24-1", "route_id": "90.TA.92-172-j24-1.3.R", "mode": "bus", "line_name": "172"}, {"line_id": "92-174-j24-1", "route_id": "89.TA.92-174-j24-1.2.R", "mode": "bus", "line_name": "174"}, {"line_id": "96-220-3-j24-1", "route_id": "17.TA.96-220-3-j24-1.16.H", "mode": "bus", "line_name": "182"}, {"line_id": "96-220-1-j24-1", "route_id": "3.TA.96-220-1-j24-1.11.H", "mode": "bus", "line_name": "180"}, {"line_id": "92-158-j24-1", "route_id": "184.TA.92-158-j24-1.32.R", "mode": "bus", "line_name": "158"}, {"line_id": "92-174-j24-1", "route_id": "131.TA.92-174-j24-1.3.R", "mode": "bus", "line_name": "174"}, {"line_id": "96-220-3-j24-1", "route_id": "15.TA.96-220-3-j24-1.15.H", "mode": "bus", "line_name": "182"}, {"line_id": "92-176-A-j24-1", "route_id": "41.TA.92-176-A-j24-1.2.R", "mode": "bus", "line_name": "176"}, {"line_id": "96-220-1-j24-1", "route_id": "21.TA.96-220-1-j24-1.12.H", "mode": "bus", "line_name": "180"}, {"line_id": "92-158-j24-1", "route_id": "149.TA.92-158-j24-1.30.R", "mode": "bus", "line_name": "158"}, {"line_id": "92-980-j24-1", "route_id": "10.TA.92-980-j24-1.17.R", "mode": "bus", "line_name": "980"}, {"line_id": "92-158-j24-1", "route_id": "156.TA.92-158-j24-1.32.R", "mode": "bus", "line_name": "158"}, {"line_id": "92-158-j24-1", "route_id": "142.TA.92-158-j24-1.18.R", "mode": "bus", "line_name": "158"}, {"line_id": "92-172-j24-1", "route_id": "67.TA.92-172-j24-1.3.R", "mode": "bus", "line_name": "172"}], "predominant_mode": "bus", "assigned_canton": "Appenzell Ausserrhoden", "modes_list": ["bus"]}, "geometry": {"type": "Point", "coordinates": [9.279633411551861, 47.386156521754465]}}, {"id": "11436", "type": "Feature", "properties": {"name": "Herisau, Post/Casino", "lon": 9.277657112411207, "lat": 47.38445959184177, "stop_id": ["8590346.link:1265598", "8590346.link:1265599", "8590346.link:993979"], "lines": [{"line_id": "92-174-j24-1", "route_id": "6.TA.92-174-j24-1.1.H", "mode": "bus", "line_name": "174"}, {"line_id": "96-220-1-j24-1", "route_id": "24.TA.96-220-1-j24-1.6.R", "mode": "bus", "line_name": "180"}, {"line_id": "96-220-3-j24-1", "route_id": "44.TA.96-220-3-j24-1.11.R", "mode": "bus", "line_name": "182"}, {"line_id": "96-220-1-j24-1", "route_id": "45.TA.96-220-1-j24-1.8.R", "mode": "bus", "line_name": "180"}, {"line_id": "96-220-3-j24-1", "route_id": "52.TA.96-220-3-j24-1.12.R", "mode": "bus", "line_name": "182"}, {"line_id": "96-220-1-j24-1", "route_id": "32.TA.96-220-1-j24-1.7.R", "mode": "bus", "line_name": "180"}, {"line_id": "96-220-3-j24-1", "route_id": "13.TA.96-220-3-j24-1.15.H", "mode": "bus", "line_name": "182"}, {"line_id": "92-174-j24-1", "route_id": "89.TA.92-174-j24-1.2.R", "mode": "bus", "line_name": "174"}, {"line_id": "96-220-3-j24-1", "route_id": "17.TA.96-220-3-j24-1.16.H", "mode": "bus", "line_name": "182"}, {"line_id": "96-220-1-j24-1", "route_id": "3.TA.96-220-1-j24-1.11.H", "mode": "bus", "line_name": "180"}, {"line_id": "92-174-j24-1", "route_id": "131.TA.92-174-j24-1.3.R", "mode": "bus", "line_name": "174"}, {"line_id": "96-220-3-j24-1", "route_id": "15.TA.96-220-3-j24-1.15.H", "mode": "bus", "line_name": "182"}, {"line_id": "96-220-1-j24-1", "route_id": "21.TA.96-220-1-j24-1.12.H", "mode": "bus", "line_name": "180"}, {"line_id": "96-222-3-j24-1", "route_id": "9.TA.96-222-3-j24-1.2.R", "mode": "bus", "line_name": "183"}], "predominant_mode": "bus", "assigned_canton": "Appenzell Ausserrhoden", "modes_list": ["bus"]}, "geometry": {"type": "Point", "coordinates": [9.277657121493789, 47.38445960178568]}}, {"id": "11437", "type": "Feature", "properties": {"name": "Herisau, Psych. Zentrum", "lon": 9.264685432517956, "lat": 47.38783514204572, "stop_id": ["8590351.link:1796659", "8590351.link:1796660"], "lines": [{"line_id": "92-175-A-j24-1", "route_id": "17.TA.92-175-A-j24-1.5.H", "mode": "bus", "line_name": "175"}, {"line_id": "92-175-A-j24-1", "route_id": "77.TA.92-175-A-j24-1.6.R", "mode": "bus", "line_name": "175"}], "predominant_mode": "bus", "assigned_canton": "Appenzell Ausserrhoden", "modes_list": ["bus"]}, "geometry": {"type": "Point", "coordinates": [9.264685441587547, 47.38783515199473]}}, {"id": "11438", "type": "Feature", "properties": {"name": "Herisau, Ramsen", "lon": 9.251614952684983, "lat": 47.393034902251145, "stop_id": ["8590354.link:1450643", "8590354.link:1450644"], "lines": [{"line_id": "92-175-A-j24-1", "route_id": "17.TA.92-175-A-j24-1.5.H", "mode": "bus", "line_name": "175"}, {"line_id": "92-175-A-j24-1", "route_id": "77.TA.92-175-A-j24-1.6.R", "mode": "bus", "line_name": "175"}], "predominant_mode": "bus", "assigned_canton": "Appenzell Ausserrhoden", "modes_list": ["bus"]}, "geometry": {"type": "Point", "coordinates": [9.251614961740861, 47.39303491220595]}}, {"id": "11439", "type": "Feature", "properties": {"name": "Herisau, Ramsenhof", "lon": 9.255010582703195, "lat": 47.393545722197764, "stop_id": ["8590353.link:1327373"], "lines": [{"line_id": "92-175-A-j24-1", "route_id": "17.TA.92-175-A-j24-1.5.H", "mode": "bus", "line_name": "175"}], "predominant_mode": "bus", "assigned_canton": "Appenzell Ausserrhoden", "modes_list": ["bus"]}, "geometry": {"type": "Point", "coordinates": [9.255010591761996, 47.39354573215161]}}, {"id": "11440", "type": "Feature", "properties": {"name": "Herisau, Rietwis", "lon": 9.261658112883046, "lat": 47.39890301209299, "stop_id": ["8578506.link:575580", "8578506.link:575581"], "lines": [{"line_id": "92-152-j24-1", "route_id": "70.TA.92-152-j24-1.7.R", "mode": "bus", "line_name": "152"}, {"line_id": "92-152-j24-1", "route_id": "42.TA.92-152-j24-1.5.R", "mode": "bus", "line_name": "152"}, {"line_id": "92-152-j24-1", "route_id": "37.TA.92-152-j24-1.4.R", "mode": "bus", "line_name": "152"}, {"line_id": "92-980-j24-1", "route_id": "4.TA.92-980-j24-1.16.H", "mode": "bus", "line_name": "980"}, {"line_id": "92-152-j24-1", "route_id": "50.TA.92-152-j24-1.6.R", "mode": "bus", "line_name": "152"}, {"line_id": "92-152-j24-1", "route_id": "36.TA.92-152-j24-1.3.R", "mode": "bus", "line_name": "152"}, {"line_id": "92-980-j24-1", "route_id": "3.TA.92-980-j24-1.15.H", "mode": "bus", "line_name": "980"}, {"line_id": "92-152-j24-1", "route_id": "1.TA.92-152-j24-1.1.H", "mode": "bus", "line_name": "152"}, {"line_id": "92-980-j24-1", "route_id": "10.TA.92-980-j24-1.17.R", "mode": "bus", "line_name": "980"}, {"line_id": "92-152-j24-1", "route_id": "16.TA.92-152-j24-1.2.H", "mode": "bus", "line_name": "152"}], "predominant_mode": "bus", "assigned_canton": "Appenzell Ausserrhoden", "modes_list": ["bus"]}, "geometry": {"type": "Point", "coordinates": [9.261658121946098, 47.398903022046404]}}, {"id": "11441", "type": "Feature", "properties": {"name": "Herisau, Rohren", "lon": 9.298812432332966, "lat": 47.38185631150905, "stop_id": ["8590363.link:130745", "8590363.link:493485"], "lines": [{"line_id": "92-176-A-j24-1", "route_id": "21.TA.92-176-A-j24-1.1.H", "mode": "bus", "line_name": "176"}, {"line_id": "92-176-A-j24-1", "route_id": "41.TA.92-176-A-j24-1.2.R", "mode": "bus", "line_name": "176"}], "predominant_mode": "bus", "assigned_canton": "Appenzell Ausserrhoden", "modes_list": ["bus"]}, "geometry": {"type": "Point", "coordinates": [9.298812441435711, 47.38185632144544]}}, {"id": "11442", "type": "Feature", "properties": {"name": "Herisau, R\u00fctihalde", "lon": 9.284933462709294, "lat": 47.39338761172702, "stop_id": ["8590336.link:240549", "8590336.link:240550"], "lines": [{"line_id": "92-173-j24-1", "route_id": "116.TA.92-173-j24-1.8.R", "mode": "bus", "line_name": "173"}, {"line_id": "92-173-j24-1", "route_id": "138.TA.92-173-j24-1.9.R", "mode": "bus", "line_name": "173"}, {"line_id": "92-173-j24-1", "route_id": "55.TA.92-173-j24-1.7.H", "mode": "bus", "line_name": "173"}], "predominant_mode": "bus", "assigned_canton": "Appenzell Ausserrhoden", "modes_list": ["bus"]}, "geometry": {"type": "Point", "coordinates": [9.284933471795455, 47.39338762167139]}}, {"id": "11443", "type": "Feature", "properties": {"name": "Herisau, Saum", "lon": 9.30687032253086, "lat": 47.38774999138211, "stop_id": ["8590344.link:1603564", "8590344.link:517539"], "lines": [{"line_id": "92-172-j24-1", "route_id": "90.TA.92-172-j24-1.3.R", "mode": "bus", "line_name": "172"}, {"line_id": "92-172-j24-1", "route_id": "67.TA.92-172-j24-1.3.R", "mode": "bus", "line_name": "172"}, {"line_id": "92-172-j24-1", "route_id": "15.TA.92-172-j24-1.2.H", "mode": "bus", "line_name": "172"}, {"line_id": "92-172-j24-1", "route_id": "48.TA.92-172-j24-1.2.H", "mode": "bus", "line_name": "172"}], "predominant_mode": "bus", "assigned_canton": "Appenzell Ausserrhoden", "modes_list": ["bus"]}, "geometry": {"type": "Point", "coordinates": [9.306870331638931, 47.387750001317784]}}, {"id": "11444", "type": "Feature", "properties": {"name": "Herisau, Scheibe", "lon": 9.290844372435622, "lat": 47.38504956163429, "stop_id": ["8590360.link:1754206", "8590360.link:1754207"], "lines": [{"line_id": "92-176-A-j24-1", "route_id": "21.TA.92-176-A-j24-1.1.H", "mode": "bus", "line_name": "176"}, {"line_id": "92-176-A-j24-1", "route_id": "41.TA.92-176-A-j24-1.2.R", "mode": "bus", "line_name": "176"}], "predominant_mode": "bus", "assigned_canton": "Appenzell Ausserrhoden", "modes_list": ["bus"]}, "geometry": {"type": "Point", "coordinates": [9.29084438153002, 47.385049571574214]}}, {"id": "11445", "type": "Feature", "properties": {"name": "Herisau, Schloss", "lon": 9.267739702304437, "lat": 47.381345371997845, "stop_id": ["8574207.link:1850290", "8574207.link:1850291"], "lines": [{"line_id": "92-171-j24-1", "route_id": "30.TA.92-171-j24-1.3.H", "mode": "bus", "line_name": "171"}, {"line_id": "96-222-3-j24-1", "route_id": "9.TA.96-222-3-j24-1.2.R", "mode": "bus", "line_name": "183"}, {"line_id": "92-171-j24-1", "route_id": "5.TA.92-171-j24-1.1.H", "mode": "bus", "line_name": "171"}, {"line_id": "92-171-j24-1", "route_id": "16.TA.92-171-j24-1.2.H", "mode": "bus", "line_name": "171"}, {"line_id": "96-222-3-j24-1", "route_id": "4.TA.96-222-3-j24-1.5.H", "mode": "bus", "line_name": "183"}, {"line_id": "92-171-j24-1", "route_id": "42.TA.92-171-j24-1.5.R", "mode": "bus", "line_name": "171"}, {"line_id": "92-171-j24-1", "route_id": "53.TA.92-171-j24-1.7.R", "mode": "bus", "line_name": "171"}, {"line_id": "92-171-j24-1", "route_id": "74.TA.92-171-j24-1.10.R", "mode": "bus", "line_name": "171"}, {"line_id": "92-171-j24-1", "route_id": "52.TA.92-171-j24-1.6.R", "mode": "bus", "line_name": "171"}, {"line_id": "92-171-j24-1", "route_id": "75.TA.92-171-j24-1.10.R", "mode": "bus", "line_name": "171"}, {"line_id": "92-171-j24-1", "route_id": "72.TA.92-171-j24-1.9.R", "mode": "bus", "line_name": "171"}, {"line_id": "92-171-j24-1", "route_id": "65.TA.92-171-j24-1.8.R", "mode": "bus", "line_name": "171"}], "predominant_mode": "bus", "assigned_canton": "Appenzell Ausserrhoden", "modes_list": ["bus"]}, "geometry": {"type": "Point", "coordinates": [9.267739711379026, 47.381345381943895]}}, {"id": "11446", "type": "Feature", "properties": {"name": "Herisau, Sonnenberg", "lon": 9.277369642329615, "lat": 47.381996211846364, "stop_id": ["8590347.link:807467", "8590347.link:807468"], "lines": [{"line_id": "92-174-j24-1", "route_id": "6.TA.92-174-j24-1.1.H", "mode": "bus", "line_name": "174"}, {"line_id": "92-174-j24-1", "route_id": "131.TA.92-174-j24-1.3.R", "mode": "bus", "line_name": "174"}, {"line_id": "92-174-j24-1", "route_id": "89.TA.92-174-j24-1.2.R", "mode": "bus", "line_name": "174"}], "predominant_mode": "bus", "assigned_canton": "Appenzell Ausserrhoden", "modes_list": ["bus"]}, "geometry": {"type": "Point", "coordinates": [9.277369651412773, 47.38199622178956]}}, {"id": "11447", "type": "Feature", "properties": {"name": "Herisau, Sportzentrum", "lon": 9.289892162593613, "lat": 47.3898360416491, "stop_id": ["8590342.link:100053", "8590342.link:100054"], "lines": [{"line_id": "92-172-j24-1", "route_id": "48.TA.92-172-j24-1.2.H", "mode": "bus", "line_name": "172"}, {"line_id": "92-158-j24-1", "route_id": "40.TA.92-158-j24-1.16.H", "mode": "bus", "line_name": "158"}, {"line_id": "92-172-j24-1", "route_id": "15.TA.92-172-j24-1.2.H", "mode": "bus", "line_name": "172"}, {"line_id": "92-980-j24-1", "route_id": "4.TA.92-980-j24-1.16.H", "mode": "bus", "line_name": "980"}, {"line_id": "92-158-j24-1", "route_id": "108.TA.92-158-j24-1.17.H", "mode": "bus", "line_name": "158"}, {"line_id": "92-158-j24-1", "route_id": "2.TA.92-158-j24-1.1.H", "mode": "bus", "line_name": "158"}, {"line_id": "92-158-j24-1", "route_id": "36.TA.92-158-j24-1.15.H", "mode": "bus", "line_name": "158"}, {"line_id": "92-158-j24-1", "route_id": "106.TA.92-158-j24-1.17.H", "mode": "bus", "line_name": "158"}, {"line_id": "92-980-j24-1", "route_id": "3.TA.92-980-j24-1.15.H", "mode": "bus", "line_name": "980"}, {"line_id": "92-158-j24-1", "route_id": "60.TA.92-158-j24-1.17.H", "mode": "bus", "line_name": "158"}, {"line_id": "92-158-j24-1", "route_id": "151.TA.92-158-j24-1.31.R", "mode": "bus", "line_name": "158"}, {"line_id": "92-158-j24-1", "route_id": "111.TA.92-158-j24-1.5.R", "mode": "bus", "line_name": "158"}, {"line_id": "92-172-j24-1", "route_id": "90.TA.92-172-j24-1.3.R", "mode": "bus", "line_name": "172"}, {"line_id": "92-158-j24-1", "route_id": "184.TA.92-158-j24-1.32.R", "mode": "bus", "line_name": "158"}, {"line_id": "92-158-j24-1", "route_id": "149.TA.92-158-j24-1.30.R", "mode": "bus", "line_name": "158"}, {"line_id": "92-980-j24-1", "route_id": "10.TA.92-980-j24-1.17.R", "mode": "bus", "line_name": "980"}, {"line_id": "92-158-j24-1", "route_id": "156.TA.92-158-j24-1.32.R", "mode": "bus", "line_name": "158"}, {"line_id": "92-158-j24-1", "route_id": "142.TA.92-158-j24-1.18.R", "mode": "bus", "line_name": "158"}, {"line_id": "92-172-j24-1", "route_id": "67.TA.92-172-j24-1.3.R", "mode": "bus", "line_name": "172"}], "predominant_mode": "bus", "assigned_canton": "Appenzell Ausserrhoden", "modes_list": ["bus"]}, "geometry": {"type": "Point", "coordinates": [9.289892171685509, 47.389836051590805]}}, {"id": "11448", "type": "Feature", "properties": {"name": "Herisau, Steinegg", "lon": 9.284367522402631, "lat": 47.38412506173621, "stop_id": ["8590358.link:130759", "8590358.link:130760"], "lines": [{"line_id": "92-176-A-j24-1", "route_id": "21.TA.92-176-A-j24-1.1.H", "mode": "bus", "line_name": "176"}, {"line_id": "92-176-A-j24-1", "route_id": "41.TA.92-176-A-j24-1.2.R", "mode": "bus", "line_name": "176"}], "predominant_mode": "bus", "assigned_canton": "Appenzell Ausserrhoden", "modes_list": ["bus"]}, "geometry": {"type": "Point", "coordinates": [9.284367531491444, 47.38412507167788]}}, {"id": "11449", "type": "Feature", "properties": {"name": "Herisau, Stelz", "lon": 9.26619460274994, "lat": 47.39482884202175, "stop_id": ["8590324.link:1963039", "8590324.link:1963040"], "lines": [{"line_id": "92-152-j24-1", "route_id": "70.TA.92-152-j24-1.7.R", "mode": "bus", "line_name": "152"}, {"line_id": "92-152-j24-1", "route_id": "42.TA.92-152-j24-1.5.R", "mode": "bus", "line_name": "152"}, {"line_id": "92-152-j24-1", "route_id": "37.TA.92-152-j24-1.4.R", "mode": "bus", "line_name": "152"}, {"line_id": "92-980-j24-1", "route_id": "4.TA.92-980-j24-1.16.H", "mode": "bus", "line_name": "980"}, {"line_id": "92-152-j24-1", "route_id": "50.TA.92-152-j24-1.6.R", "mode": "bus", "line_name": "152"}, {"line_id": "92-152-j24-1", "route_id": "36.TA.92-152-j24-1.3.R", "mode": "bus", "line_name": "152"}, {"line_id": "92-980-j24-1", "route_id": "3.TA.92-980-j24-1.15.H", "mode": "bus", "line_name": "980"}, {"line_id": "92-152-j24-1", "route_id": "1.TA.92-152-j24-1.1.H", "mode": "bus", "line_name": "152"}, {"line_id": "92-980-j24-1", "route_id": "10.TA.92-980-j24-1.17.R", "mode": "bus", "line_name": "980"}, {"line_id": "92-152-j24-1", "route_id": "16.TA.92-152-j24-1.2.H", "mode": "bus", "line_name": "152"}], "predominant_mode": "bus", "assigned_canton": "Appenzell Ausserrhoden", "modes_list": ["bus"]}, "geometry": {"type": "Point", "coordinates": [9.266194611818518, 47.39482885197248]}}, {"id": "11450", "type": "Feature", "properties": {"name": "Herisau, S\u00e4ge", "lon": 9.28192410196543, "lat": 47.370930871775016, "stop_id": ["8590349.link:265578", "8590349.link:265579"], "lines": [{"line_id": "92-174-j24-1", "route_id": "6.TA.92-174-j24-1.1.H", "mode": "bus", "line_name": "174"}, {"line_id": "92-174-j24-1", "route_id": "131.TA.92-174-j24-1.3.R", "mode": "bus", "line_name": "174"}, {"line_id": "92-174-j24-1", "route_id": "89.TA.92-174-j24-1.2.R", "mode": "bus", "line_name": "174"}], "predominant_mode": "bus", "assigned_canton": "Appenzell Ausserrhoden", "modes_list": ["bus"]}, "geometry": {"type": "Point", "coordinates": [9.281924111056513, 47.37093088171333]}}, {"id": "11451", "type": "Feature", "properties": {"name": "Herisau, Talweg", "lon": 9.28850875272269, "lat": 47.393752481670795, "stop_id": ["8590338.link:652308", "8590338.link:652309"], "lines": [{"line_id": "92-173-j24-1", "route_id": "55.TA.92-173-j24-1.7.H", "mode": "bus", "line_name": "173"}, {"line_id": "92-173-j24-1", "route_id": "116.TA.92-173-j24-1.8.R", "mode": "bus", "line_name": "173"}, {"line_id": "92-173-j24-1", "route_id": "138.TA.92-173-j24-1.9.R", "mode": "bus", "line_name": "173"}], "predominant_mode": "bus", "assigned_canton": "Appenzell Ausserrhoden", "modes_list": ["bus"]}, "geometry": {"type": "Point", "coordinates": [9.288508761811984, 47.39375249161411]}}, {"id": "11452", "type": "Feature", "properties": {"name": "Herisau, Toracker", "lon": 9.283855482456183, "lat": 47.3857490117442, "stop_id": ["8595415.link:1358684"], "lines": [{"line_id": "92-173-j24-1", "route_id": "55.TA.92-173-j24-1.7.H", "mode": "bus", "line_name": "173"}], "predominant_mode": "bus", "assigned_canton": "Appenzell Ausserrhoden", "modes_list": ["bus"]}, "geometry": {"type": "Point", "coordinates": [9.283855491543976, 47.38574902168653]}}, {"id": "11453", "type": "Feature", "properties": {"name": "Herisau, T\u00fcfenau", "lon": 9.259852502563405, "lat": 47.38926436212171, "stop_id": ["8590352.link:244799", "8590352.link:244800"], "lines": [{"line_id": "92-175-A-j24-1", "route_id": "17.TA.92-175-A-j24-1.5.H", "mode": "bus", "line_name": "175"}, {"line_id": "92-175-A-j24-1", "route_id": "77.TA.92-175-A-j24-1.6.R", "mode": "bus", "line_name": "175"}], "predominant_mode": "bus", "assigned_canton": "Appenzell Ausserrhoden", "modes_list": ["bus"]}, "geometry": {"type": "Point", "coordinates": [9.259852511628095, 47.3892643720727]}}, {"id": "11454", "type": "Feature", "properties": {"name": "Herisau, T\u00fcfi", "lon": 9.263284062833337, "lat": 47.39738283206748, "stop_id": ["8590323.link:1543724", "8590323.link:1543725"], "lines": [{"line_id": "92-152-j24-1", "route_id": "70.TA.92-152-j24-1.7.R", "mode": "bus", "line_name": "152"}, {"line_id": "92-152-j24-1", "route_id": "42.TA.92-152-j24-1.5.R", "mode": "bus", "line_name": "152"}, {"line_id": "92-152-j24-1", "route_id": "37.TA.92-152-j24-1.4.R", "mode": "bus", "line_name": "152"}, {"line_id": "92-980-j24-1", "route_id": "4.TA.92-980-j24-1.16.H", "mode": "bus", "line_name": "980"}, {"line_id": "92-152-j24-1", "route_id": "50.TA.92-152-j24-1.6.R", "mode": "bus", "line_name": "152"}, {"line_id": "92-152-j24-1", "route_id": "36.TA.92-152-j24-1.3.R", "mode": "bus", "line_name": "152"}, {"line_id": "92-980-j24-1", "route_id": "3.TA.92-980-j24-1.15.H", "mode": "bus", "line_name": "980"}, {"line_id": "92-152-j24-1", "route_id": "1.TA.92-152-j24-1.1.H", "mode": "bus", "line_name": "152"}, {"line_id": "92-980-j24-1", "route_id": "10.TA.92-980-j24-1.17.R", "mode": "bus", "line_name": "980"}, {"line_id": "92-152-j24-1", "route_id": "16.TA.92-152-j24-1.2.H", "mode": "bus", "line_name": "152"}], "predominant_mode": "bus", "assigned_canton": "Appenzell Ausserrhoden", "modes_list": ["bus"]}, "geometry": {"type": "Point", "coordinates": [9.26328407189839, 47.39738284201992]}}, {"id": "11455", "type": "Feature", "properties": {"name": "Herisau, Ufem Berg", "lon": 9.304732332598892, "lat": 47.38982996141566, "stop_id": ["8590345.link:1603582"], "lines": [{"line_id": "92-172-j24-1", "route_id": "90.TA.92-172-j24-1.3.R", "mode": "bus", "line_name": "172"}, {"line_id": "92-172-j24-1", "route_id": "67.TA.92-172-j24-1.3.R", "mode": "bus", "line_name": "172"}], "predominant_mode": "bus", "assigned_canton": "Appenzell Ausserrhoden", "modes_list": ["bus"]}, "geometry": {"type": "Point", "coordinates": [9.3047323417043, 47.38982997135267]}}, {"id": "11456", "type": "Feature", "properties": {"name": "Herisau, Walke", "lon": 9.29796801271512, "lat": 47.39341801152199, "stop_id": ["8595967.link:1209486", "8595967.link:1209487"], "lines": [{"line_id": "92-158-j24-1", "route_id": "151.TA.92-158-j24-1.31.R", "mode": "bus", "line_name": "158"}, {"line_id": "92-158-j24-1", "route_id": "184.TA.92-158-j24-1.32.R", "mode": "bus", "line_name": "158"}, {"line_id": "92-158-j24-1", "route_id": "149.TA.92-158-j24-1.30.R", "mode": "bus", "line_name": "158"}, {"line_id": "92-980-j24-1", "route_id": "10.TA.92-980-j24-1.17.R", "mode": "bus", "line_name": "980"}, {"line_id": "92-158-j24-1", "route_id": "156.TA.92-158-j24-1.32.R", "mode": "bus", "line_name": "158"}, {"line_id": "92-158-j24-1", "route_id": "142.TA.92-158-j24-1.18.R", "mode": "bus", "line_name": "158"}, {"line_id": "92-158-j24-1", "route_id": "40.TA.92-158-j24-1.16.H", "mode": "bus", "line_name": "158"}, {"line_id": "92-980-j24-1", "route_id": "4.TA.92-980-j24-1.16.H", "mode": "bus", "line_name": "980"}, {"line_id": "92-158-j24-1", "route_id": "108.TA.92-158-j24-1.17.H", "mode": "bus", "line_name": "158"}, {"line_id": "92-158-j24-1", "route_id": "36.TA.92-158-j24-1.15.H", "mode": "bus", "line_name": "158"}, {"line_id": "92-158-j24-1", "route_id": "106.TA.92-158-j24-1.17.H", "mode": "bus", "line_name": "158"}, {"line_id": "92-980-j24-1", "route_id": "3.TA.92-980-j24-1.15.H", "mode": "bus", "line_name": "980"}, {"line_id": "92-158-j24-1", "route_id": "60.TA.92-158-j24-1.17.H", "mode": "bus", "line_name": "158"}], "predominant_mode": "bus", "assigned_canton": "Appenzell Ausserrhoden", "modes_list": ["bus"]}, "geometry": {"type": "Point", "coordinates": [9.297968021813148, 47.39341802146223]}}, {"id": "11457", "type": "Feature", "properties": {"name": "Herisau, Wiesental", "lon": 9.277486432509505, "lat": 47.38743373184432, "stop_id": ["8590326.link:302070", "8590326.link:302071", "8590326.link:993915"], "lines": [{"line_id": "92-174-j24-1", "route_id": "6.TA.92-174-j24-1.1.H", "mode": "bus", "line_name": "174"}, {"line_id": "92-172-j24-1", "route_id": "48.TA.92-172-j24-1.2.H", "mode": "bus", "line_name": "172"}, {"line_id": "92-158-j24-1", "route_id": "40.TA.92-158-j24-1.16.H", "mode": "bus", "line_name": "158"}, {"line_id": "92-172-j24-1", "route_id": "15.TA.92-172-j24-1.2.H", "mode": "bus", "line_name": "172"}, {"line_id": "92-158-j24-1", "route_id": "108.TA.92-158-j24-1.17.H", "mode": "bus", "line_name": "158"}, {"line_id": "92-176-A-j24-1", "route_id": "21.TA.92-176-A-j24-1.1.H", "mode": "bus", "line_name": "176"}, {"line_id": "92-158-j24-1", "route_id": "2.TA.92-158-j24-1.1.H", "mode": "bus", "line_name": "158"}, {"line_id": "92-158-j24-1", "route_id": "36.TA.92-158-j24-1.15.H", "mode": "bus", "line_name": "158"}, {"line_id": "92-158-j24-1", "route_id": "106.TA.92-158-j24-1.17.H", "mode": "bus", "line_name": "158"}, {"line_id": "92-158-j24-1", "route_id": "60.TA.92-158-j24-1.17.H", "mode": "bus", "line_name": "158"}, {"line_id": "92-152-j24-1", "route_id": "70.TA.92-152-j24-1.7.R", "mode": "bus", "line_name": "152"}, {"line_id": "92-158-j24-1", "route_id": "151.TA.92-158-j24-1.31.R", "mode": "bus", "line_name": "158"}, {"line_id": "92-158-j24-1", "route_id": "111.TA.92-158-j24-1.5.R", "mode": "bus", "line_name": "158"}, {"line_id": "92-172-j24-1", "route_id": "90.TA.92-172-j24-1.3.R", "mode": "bus", "line_name": "172"}, {"line_id": "92-174-j24-1", "route_id": "89.TA.92-174-j24-1.2.R", "mode": "bus", "line_name": "174"}, {"line_id": "92-152-j24-1", "route_id": "42.TA.92-152-j24-1.5.R", "mode": "bus", "line_name": "152"}, {"line_id": "92-158-j24-1", "route_id": "184.TA.92-158-j24-1.32.R", "mode": "bus", "line_name": "158"}, {"line_id": "92-174-j24-1", "route_id": "131.TA.92-174-j24-1.3.R", "mode": "bus", "line_name": "174"}, {"line_id": "92-176-A-j24-1", "route_id": "41.TA.92-176-A-j24-1.2.R", "mode": "bus", "line_name": "176"}, {"line_id": "92-158-j24-1", "route_id": "149.TA.92-158-j24-1.30.R", "mode": "bus", "line_name": "158"}, {"line_id": "92-980-j24-1", "route_id": "10.TA.92-980-j24-1.17.R", "mode": "bus", "line_name": "980"}, {"line_id": "92-152-j24-1", "route_id": "50.TA.92-152-j24-1.6.R", "mode": "bus", "line_name": "152"}, {"line_id": "92-158-j24-1", "route_id": "156.TA.92-158-j24-1.32.R", "mode": "bus", "line_name": "158"}, {"line_id": "92-158-j24-1", "route_id": "142.TA.92-158-j24-1.18.R", "mode": "bus", "line_name": "158"}, {"line_id": "92-172-j24-1", "route_id": "67.TA.92-172-j24-1.3.R", "mode": "bus", "line_name": "172"}, {"line_id": "92-152-j24-1", "route_id": "70.TA.92-152-j24-1.7.R", "mode": "bus", "line_name": "152"}, {"line_id": "92-152-j24-1", "route_id": "42.TA.92-152-j24-1.5.R", "mode": "bus", "line_name": "152"}, {"line_id": "92-980-j24-1", "route_id": "4.TA.92-980-j24-1.16.H", "mode": "bus", "line_name": "980"}, {"line_id": "92-152-j24-1", "route_id": "50.TA.92-152-j24-1.6.R", "mode": "bus", "line_name": "152"}, {"line_id": "92-980-j24-1", "route_id": "3.TA.92-980-j24-1.15.H", "mode": "bus", "line_name": "980"}], "predominant_mode": "bus", "assigned_canton": "Appenzell Ausserrhoden", "modes_list": ["bus"]}, "geometry": {"type": "Point", "coordinates": [9.277486441590915, 47.38743374178919]}}, {"id": "11458", "type": "Feature", "properties": {"name": "Herisau, Wilen", "lon": 9.279786112121311, "lat": 47.375669971808485, "stop_id": ["8590348.link:1019225", "8590348.link:1019226"], "lines": [{"line_id": "92-174-j24-1", "route_id": "6.TA.92-174-j24-1.1.H", "mode": "bus", "line_name": "174"}, {"line_id": "92-174-j24-1", "route_id": "131.TA.92-174-j24-1.3.R", "mode": "bus", "line_name": "174"}, {"line_id": "92-174-j24-1", "route_id": "89.TA.92-174-j24-1.2.R", "mode": "bus", "line_name": "174"}], "predominant_mode": "bus", "assigned_canton": "Appenzell Ausserrhoden", "modes_list": ["bus"]}, "geometry": {"type": "Point", "coordinates": [9.279786121208831, 47.37566998174897]}}, {"id": "11459", "type": "Feature", "properties": {"name": "Herisau, Witenschwendi", "lon": 9.295731212367643, "lat": 47.38293900155747, "stop_id": ["8590362.link:493482", "8590362.link:493483"], "lines": [{"line_id": "92-176-A-j24-1", "route_id": "21.TA.92-176-A-j24-1.1.H", "mode": "bus", "line_name": "176"}, {"line_id": "92-176-A-j24-1", "route_id": "41.TA.92-176-A-j24-1.2.R", "mode": "bus", "line_name": "176"}], "predominant_mode": "bus", "assigned_canton": "Appenzell Ausserrhoden", "modes_list": ["bus"]}, "geometry": {"type": "Point", "coordinates": [9.295731221467218, 47.382939011495154]}}, {"id": "11460", "type": "Feature", "properties": {"name": "Herisau, am Bach", "lon": 9.26609579217044, "lat": 47.377312432023835, "stop_id": ["8588062.link:1026249", "8588062.link:1026250"], "lines": [{"line_id": "92-171-j24-1", "route_id": "30.TA.92-171-j24-1.3.H", "mode": "bus", "line_name": "171"}, {"line_id": "96-222-3-j24-1", "route_id": "9.TA.96-222-3-j24-1.2.R", "mode": "bus", "line_name": "183"}, {"line_id": "92-171-j24-1", "route_id": "5.TA.92-171-j24-1.1.H", "mode": "bus", "line_name": "171"}, {"line_id": "92-171-j24-1", "route_id": "16.TA.92-171-j24-1.2.H", "mode": "bus", "line_name": "171"}, {"line_id": "96-222-3-j24-1", "route_id": "4.TA.96-222-3-j24-1.5.H", "mode": "bus", "line_name": "183"}, {"line_id": "92-171-j24-1", "route_id": "42.TA.92-171-j24-1.5.R", "mode": "bus", "line_name": "171"}, {"line_id": "92-171-j24-1", "route_id": "53.TA.92-171-j24-1.7.R", "mode": "bus", "line_name": "171"}, {"line_id": "92-171-j24-1", "route_id": "74.TA.92-171-j24-1.10.R", "mode": "bus", "line_name": "171"}, {"line_id": "92-171-j24-1", "route_id": "52.TA.92-171-j24-1.6.R", "mode": "bus", "line_name": "171"}, {"line_id": "92-171-j24-1", "route_id": "75.TA.92-171-j24-1.10.R", "mode": "bus", "line_name": "171"}, {"line_id": "92-171-j24-1", "route_id": "72.TA.92-171-j24-1.9.R", "mode": "bus", "line_name": "171"}, {"line_id": "92-171-j24-1", "route_id": "65.TA.92-171-j24-1.8.R", "mode": "bus", "line_name": "171"}], "predominant_mode": "bus", "assigned_canton": "Appenzell Ausserrhoden", "modes_list": ["bus"]}, "geometry": {"type": "Point", "coordinates": [9.266095801244902, 47.37731244196912]}}, {"id": "11461", "type": "Feature", "properties": {"name": "Herisau, obere Fabrik", "lon": 9.273300282492839, "lat": 47.386977591910195, "stop_id": ["8589112.link:555916", "8589112.link:555917"], "lines": [{"line_id": "92-175-A-j24-1", "route_id": "17.TA.92-175-A-j24-1.5.H", "mode": "bus", "line_name": "175"}, {"line_id": "92-175-A-j24-1", "route_id": "77.TA.92-175-A-j24-1.6.R", "mode": "bus", "line_name": "175"}], "predominant_mode": "bus", "assigned_canton": "Appenzell Ausserrhoden", "modes_list": ["bus"]}, "geometry": {"type": "Point", "coordinates": [9.273300291570584, 47.386977601856216]}}, {"id": "11963", "type": "Feature", "properties": {"name": "Hundwil, Dorf", "lon": 9.317245861779526, "lat": 47.36491362121948, "stop_id": ["8506759.link:1797998", "8506759.link:1797999"], "lines": [{"line_id": "96-220-1-j24-1", "route_id": "3.TA.96-220-1-j24-1.11.H", "mode": "bus", "line_name": "180"}, {"line_id": "96-220-1-j24-1", "route_id": "21.TA.96-220-1-j24-1.12.H", "mode": "bus", "line_name": "180"}, {"line_id": "96-220-1-j24-1", "route_id": "45.TA.96-220-1-j24-1.8.R", "mode": "bus", "line_name": "180"}, {"line_id": "96-220-1-j24-1", "route_id": "24.TA.96-220-1-j24-1.6.R", "mode": "bus", "line_name": "180"}, {"line_id": "96-220-1-j24-1", "route_id": "32.TA.96-220-1-j24-1.7.R", "mode": "bus", "line_name": "180"}], "predominant_mode": "bus", "assigned_canton": "Appenzell Ausserrhoden", "modes_list": ["bus"]}, "geometry": {"type": "Point", "coordinates": [9.317245870904843, 47.36491363114474]}}, {"id": "11964", "type": "Feature", "properties": {"name": "Hundwil, Sonderau", "lon": 9.325878671720906, "lat": 47.36304564108371, "stop_id": ["8506713.link:220231", "8506713.link:220232"], "lines": [{"line_id": "96-220-1-j24-1", "route_id": "45.TA.96-220-1-j24-1.8.R", "mode": "bus", "line_name": "180"}, {"line_id": "96-220-1-j24-1", "route_id": "24.TA.96-220-1-j24-1.6.R", "mode": "bus", "line_name": "180"}, {"line_id": "96-220-1-j24-1", "route_id": "32.TA.96-220-1-j24-1.7.R", "mode": "bus", "line_name": "180"}, {"line_id": "96-220-1-j24-1", "route_id": "3.TA.96-220-1-j24-1.11.H", "mode": "bus", "line_name": "180"}, {"line_id": "96-220-1-j24-1", "route_id": "21.TA.96-220-1-j24-1.12.H", "mode": "bus", "line_name": "180"}], "predominant_mode": "bus", "assigned_canton": "Appenzell Ausserrhoden", "modes_list": ["bus"]}, "geometry": {"type": "Point", "coordinates": [9.325878680854714, 47.36304565100561]}}, {"id": "16017", "type": "Feature", "properties": {"name": "Lustm\u00fchle", "lon": 9.359152272965881, "lat": 47.40033801055917, "stop_id": ["8506372.link:12225", "8506372.link:12226"], "lines": [{"line_id": "91-21-j24-1", "route_id": "441.TA.91-21-j24-1.10.R", "mode": "rail", "line_name": "S21"}, {"line_id": "91-22-A-j24-1", "route_id": "117.TA.91-22-A-j24-1.10.R", "mode": "rail", "line_name": "S22"}, {"line_id": "91-22-A-j24-1", "route_id": "122.TA.91-22-A-j24-1.11.R", "mode": "rail", "line_name": "S22"}, {"line_id": "91-22-A-j24-1", "route_id": "85.TA.91-22-A-j24-1.9.R", "mode": "rail", "line_name": "S22"}, {"line_id": "91-22-A-j24-1", "route_id": "111.TA.91-22-A-j24-1.10.R", "mode": "rail", "line_name": "S22"}, {"line_id": "91-21-j24-1", "route_id": "401.TA.91-21-j24-1.8.R", "mode": "rail", "line_name": "S21"}, {"line_id": "91-21-j24-1", "route_id": "434.TA.91-21-j24-1.10.R", "mode": "rail", "line_name": "S21"}, {"line_id": "91-21-j24-1", "route_id": "453.TA.91-21-j24-1.11.R", "mode": "rail", "line_name": "S21"}, {"line_id": "91-21-j24-1", "route_id": "299.TA.91-21-j24-1.40.R", "mode": "rail", "line_name": "S21"}, {"line_id": "91-21-j24-1", "route_id": "307.TA.91-21-j24-1.41.R", "mode": "rail", "line_name": "S21"}, {"line_id": "91-22-A-j24-1", "route_id": "123.TA.91-22-A-j24-1.11.R", "mode": "rail", "line_name": "S22"}, {"line_id": "91-21-j24-1", "route_id": "449.TA.91-21-j24-1.11.R", "mode": "rail", "line_name": "S21"}, {"line_id": "91-21-j24-1", "route_id": "225.TA.91-21-j24-1.5.H", "mode": "rail", "line_name": "S21"}, {"line_id": "91-22-A-j24-1", "route_id": "39.TA.91-22-A-j24-1.4.H", "mode": "rail", "line_name": "S22"}, {"line_id": "91-22-A-j24-1", "route_id": "52.TA.91-22-A-j24-1.5.H", "mode": "rail", "line_name": "S22"}, {"line_id": "91-21-j24-1", "route_id": "146.TA.91-21-j24-1.5.H", "mode": "rail", "line_name": "S21"}, {"line_id": "91-21-j24-1", "route_id": "212.TA.91-21-j24-1.5.H", "mode": "rail", "line_name": "S21"}, {"line_id": "91-21-j24-1", "route_id": "152.TA.91-21-j24-1.5.H", "mode": "rail", "line_name": "S21"}, {"line_id": "91-21-j24-1", "route_id": "181.TA.91-21-j24-1.5.H", "mode": "rail", "line_name": "S21"}, {"line_id": "91-21-j24-1", "route_id": "108.TA.91-21-j24-1.35.H", "mode": "rail", "line_name": "S21"}, {"line_id": "91-22-A-j24-1", "route_id": "49.TA.91-22-A-j24-1.5.H", "mode": "rail", "line_name": "S22"}, {"line_id": "91-21-j24-1", "route_id": "138.TA.91-21-j24-1.4.H", "mode": "rail", "line_name": "S21"}, {"line_id": "91-22-A-j24-1", "route_id": "60.TA.91-22-A-j24-1.6.H", "mode": "rail", "line_name": "S22"}], "predominant_mode": "rail", "assigned_canton": "Appenzell Ausserrhoden", "modes_list": ["rail"]}, "geometry": {"type": "Point", "coordinates": [9.359152282117055, 47.40033802048214]}}, {"id": "16018", "type": "Feature", "properties": {"name": "Lustm\u00fchle, Bahnhof", "lon": 9.358640232951844, "lat": 47.39991846056724, "stop_id": ["8574259.link:1825191", "8574259.link:1825192", "8574259.link:1825194"], "lines": [{"line_id": "96-220-1-j24-1", "route_id": "45.TA.96-220-1-j24-1.8.R", "mode": "bus", "line_name": "180"}, {"line_id": "96-220-1-j24-1", "route_id": "24.TA.96-220-1-j24-1.6.R", "mode": "bus", "line_name": "180"}, {"line_id": "96-220-1-j24-1", "route_id": "32.TA.96-220-1-j24-1.7.R", "mode": "bus", "line_name": "180"}, {"line_id": "96-220-1-j24-1", "route_id": "3.TA.96-220-1-j24-1.11.H", "mode": "bus", "line_name": "180"}, {"line_id": "96-220-1-j24-1", "route_id": "21.TA.96-220-1-j24-1.12.H", "mode": "bus", "line_name": "180"}, {"line_id": "92-B21-j24-1", "route_id": "6.TA.92-B21-j24-1.4.H", "mode": "bus", "line_name": "B21"}, {"line_id": "92-B21-j24-1", "route_id": "15.TA.92-B21-j24-1.8.R", "mode": "bus", "line_name": "B21"}, {"line_id": "92-B21-j24-1", "route_id": "11.TA.92-B21-j24-1.7.R", "mode": "bus", "line_name": "B21"}, {"line_id": "92-B21-j24-1", "route_id": "4.TA.92-B21-j24-1.3.H", "mode": "bus", "line_name": "B21"}], "predominant_mode": "bus", "assigned_canton": "Appenzell Ausserrhoden", "modes_list": ["bus"]}, "geometry": {"type": "Point", "coordinates": [9.358640242102696, 47.39991847049022]}}, {"id": "16019", "type": "Feature", "properties": {"name": "Lustm\u00fchle, Hauteten", "lon": 9.353061692847284, "lat": 47.39681732065511, "stop_id": ["8506604.link:1825177", "8506604.link:1825178"], "lines": [{"line_id": "96-220-1-j24-1", "route_id": "45.TA.96-220-1-j24-1.8.R", "mode": "bus", "line_name": "180"}, {"line_id": "96-220-1-j24-1", "route_id": "24.TA.96-220-1-j24-1.6.R", "mode": "bus", "line_name": "180"}, {"line_id": "96-220-1-j24-1", "route_id": "32.TA.96-220-1-j24-1.7.R", "mode": "bus", "line_name": "180"}, {"line_id": "96-220-1-j24-1", "route_id": "3.TA.96-220-1-j24-1.11.H", "mode": "bus", "line_name": "180"}, {"line_id": "96-220-1-j24-1", "route_id": "21.TA.96-220-1-j24-1.12.H", "mode": "bus", "line_name": "180"}], "predominant_mode": "bus", "assigned_canton": "Appenzell Ausserrhoden", "modes_list": ["bus"]}, "geometry": {"type": "Point", "coordinates": [9.353061701994159, 47.396817330578905]}}, {"id": "16075", "type": "Feature", "properties": {"name": "Lutzenberg, Altersheim", "lon": 9.581727855021635, "lat": 47.460384597053924, "stop_id": ["8574090.link:83396", "8574090.link:83397"], "lines": [{"line_id": "96-224-3-j24-1", "route_id": "18.TA.96-224-3-j24-1.2.R", "mode": "bus", "line_name": "222"}, {"line_id": "96-224-3-j24-1", "route_id": "41.TA.96-224-3-j24-1.2.R", "mode": "bus", "line_name": "222"}, {"line_id": "96-224-3-j24-1", "route_id": "10.TA.96-224-3-j24-1.1.H", "mode": "bus", "line_name": "222"}], "predominant_mode": "bus", "assigned_canton": "Appenzell Ausserrhoden", "modes_list": ["bus"]}, "geometry": {"type": "Point", "coordinates": [9.58172786435068, 47.46038460692309]}}, {"id": "16076", "type": "Feature", "properties": {"name": "Lutzenberg, Brenden", "lon": 9.583443634994072, "lat": 47.45954036702697, "stop_id": ["8574089.link:1944928", "8574089.link:1944929"], "lines": [{"line_id": "96-224-5-j24-1", "route_id": "1.TA.96-224-5-j24-1.1.H", "mode": "bus", "line_name": "223"}, {"line_id": "96-224-5-j24-1", "route_id": "4.TA.96-224-5-j24-1.2.H", "mode": "bus", "line_name": "223"}, {"line_id": "96-224-3-j24-1", "route_id": "18.TA.96-224-3-j24-1.2.R", "mode": "bus", "line_name": "222"}, {"line_id": "96-224-3-j24-1", "route_id": "41.TA.96-224-3-j24-1.2.R", "mode": "bus", "line_name": "222"}, {"line_id": "96-224-5-j24-1", "route_id": "8.TA.96-224-5-j24-1.3.R", "mode": "bus", "line_name": "223"}, {"line_id": "96-224-5-j24-1", "route_id": "10.TA.96-224-5-j24-1.4.R", "mode": "bus", "line_name": "223"}, {"line_id": "96-224-3-j24-1", "route_id": "10.TA.96-224-3-j24-1.1.H", "mode": "bus", "line_name": "222"}], "predominant_mode": "bus", "assigned_canton": "Appenzell Ausserrhoden", "modes_list": ["bus"]}, "geometry": {"type": "Point", "coordinates": [9.58344364432494, 47.459540376895276]}}, {"id": "16077", "type": "Feature", "properties": {"name": "Lutzenberg, Friedegg", "lon": 9.580658855070277, "lat": 47.46186043707074, "stop_id": ["8574091.link:575525", "8574091.link:575526", "8574091.link:971554", "8574091.link:971555"], "lines": [{"line_id": "96-224-3-j24-1", "route_id": "18.TA.96-224-3-j24-1.2.R", "mode": "bus", "line_name": "222"}, {"line_id": "96-224-3-j24-1", "route_id": "41.TA.96-224-3-j24-1.2.R", "mode": "bus", "line_name": "222"}, {"line_id": "96-224-3-j24-1", "route_id": "10.TA.96-224-3-j24-1.1.H", "mode": "bus", "line_name": "222"}, {"line_id": "96-224-5-j24-1", "route_id": "8.TA.96-224-5-j24-1.3.R", "mode": "bus", "line_name": "223"}, {"line_id": "96-224-5-j24-1", "route_id": "10.TA.96-224-5-j24-1.4.R", "mode": "bus", "line_name": "223"}, {"line_id": "96-224-5-j24-1", "route_id": "4.TA.96-224-5-j24-1.2.H", "mode": "bus", "line_name": "223"}, {"line_id": "96-224-5-j24-1", "route_id": "1.TA.96-224-5-j24-1.1.H", "mode": "bus", "line_name": "223"}], "predominant_mode": "bus", "assigned_canton": "Appenzell Ausserrhoden", "modes_list": ["bus"]}, "geometry": {"type": "Point", "coordinates": [9.580658864397854, 47.46186044694065]}}, {"id": "16078", "type": "Feature", "properties": {"name": "Lutzenberg, Haufen", "lon": 9.5706695850055, "lat": 47.459983737228036, "stop_id": ["8506762.link:1171480", "8506762.link:1171481", "8506762.link:685265"], "lines": [{"line_id": "96-224-3-j24-1", "route_id": "18.TA.96-224-3-j24-1.2.R", "mode": "bus", "line_name": "222"}, {"line_id": "96-224-3-j24-1", "route_id": "41.TA.96-224-3-j24-1.2.R", "mode": "bus", "line_name": "222"}, {"line_id": "96-224-3-j24-1", "route_id": "10.TA.96-224-3-j24-1.1.H", "mode": "bus", "line_name": "222"}, {"line_id": "96-224-5-j24-1", "route_id": "8.TA.96-224-5-j24-1.3.R", "mode": "bus", "line_name": "223"}, {"line_id": "96-224-5-j24-1", "route_id": "4.TA.96-224-5-j24-1.2.H", "mode": "bus", "line_name": "223"}, {"line_id": "96-224-5-j24-1", "route_id": "10.TA.96-224-5-j24-1.4.R", "mode": "bus", "line_name": "223"}, {"line_id": "96-224-5-j24-1", "route_id": "1.TA.96-224-5-j24-1.1.H", "mode": "bus", "line_name": "223"}], "predominant_mode": "bus", "assigned_canton": "Appenzell Ausserrhoden", "modes_list": ["bus"]}, "geometry": {"type": "Point", "coordinates": [9.570669594324922, 47.459983747100715]}}, {"id": "16079", "type": "Feature", "properties": {"name": "Lutzenberg, Hellb\u00fcchel", "lon": 9.563797474946101, "lat": 47.4582466773363, "stop_id": ["8574088.link:785449", "8574088.link:785450"], "lines": [{"line_id": "96-224-3-j24-1", "route_id": "18.TA.96-224-3-j24-1.2.R", "mode": "bus", "line_name": "222"}, {"line_id": "96-224-3-j24-1", "route_id": "41.TA.96-224-3-j24-1.2.R", "mode": "bus", "line_name": "222"}, {"line_id": "96-224-3-j24-1", "route_id": "10.TA.96-224-3-j24-1.1.H", "mode": "bus", "line_name": "222"}], "predominant_mode": "bus", "assigned_canton": "Appenzell Ausserrhoden", "modes_list": ["bus"]}, "geometry": {"type": "Point", "coordinates": [9.563797484260062, 47.45824668721067]}}, {"id": "16586", "type": "Feature", "properties": {"name": "Marbach SG, Bruggtobel", "lon": 9.557078072910038, "lat": 47.3968112374448, "stop_id": ["8574143.link:606019", "8574143.link:606020"], "lines": [{"line_id": "96-224-7-j24-1", "route_id": "22.TA.96-224-7-j24-1.7.R", "mode": "bus", "line_name": "227"}, {"line_id": "96-224-7-j24-1", "route_id": "11.TA.96-224-7-j24-1.3.H", "mode": "bus", "line_name": "227"}, {"line_id": "96-224-7-j24-1", "route_id": "3.TA.96-224-7-j24-1.3.H", "mode": "bus", "line_name": "227"}], "predominant_mode": "bus", "assigned_canton": "Appenzell Ausserrhoden", "modes_list": ["bus"]}, "geometry": {"type": "Point", "coordinates": [9.55707808223988, 47.39681124730284]}}, {"id": "17493", "type": "Feature", "properties": {"name": "Mohren", "lon": 9.572708763213122, "lat": 47.40584659719846, "stop_id": ["8574141.link:997737", "8574141.link:997738"], "lines": [{"line_id": "96-224-7-j24-1", "route_id": "12.TA.96-224-7-j24-1.5.R", "mode": "bus", "line_name": "227"}, {"line_id": "96-224-7-j24-1", "route_id": "22.TA.96-224-7-j24-1.7.R", "mode": "bus", "line_name": "227"}, {"line_id": "96-225-0-j24-1", "route_id": "1.TA.96-225-0-j24-1.5.H", "mode": "bus", "line_name": "228"}, {"line_id": "96-225-0-j24-1", "route_id": "16.TA.96-225-0-j24-1.8.R", "mode": "bus", "line_name": "228"}, {"line_id": "96-224-7-j24-1", "route_id": "3.TA.96-224-7-j24-1.3.H", "mode": "bus", "line_name": "227"}, {"line_id": "96-225-0-j24-1", "route_id": "13.TA.96-225-0-j24-1.8.R", "mode": "bus", "line_name": "228"}, {"line_id": "96-224-7-j24-1", "route_id": "1.TA.96-224-7-j24-1.1.H", "mode": "bus", "line_name": "227"}, {"line_id": "96-224-7-j24-1", "route_id": "11.TA.96-224-7-j24-1.3.H", "mode": "bus", "line_name": "227"}], "predominant_mode": "bus", "assigned_canton": "Appenzell Ausserrhoden", "modes_list": ["bus"]}, "geometry": {"type": "Point", "coordinates": [9.572708772553632, 47.405846607054144]}}, {"id": "17494", "type": "Feature", "properties": {"name": "Mohren, Gr\u00fctli", "lon": 9.56732785313989, "lat": 47.40367606728322, "stop_id": ["8574142.link:917482", "8574142.link:917483"], "lines": [{"line_id": "96-224-7-j24-1", "route_id": "22.TA.96-224-7-j24-1.7.R", "mode": "bus", "line_name": "227"}, {"line_id": "96-224-7-j24-1", "route_id": "11.TA.96-224-7-j24-1.3.H", "mode": "bus", "line_name": "227"}, {"line_id": "96-224-7-j24-1", "route_id": "3.TA.96-224-7-j24-1.3.H", "mode": "bus", "line_name": "227"}], "predominant_mode": "bus", "assigned_canton": "Appenzell Ausserrhoden", "modes_list": ["bus"]}, "geometry": {"type": "Point", "coordinates": [9.5673278624764, 47.403676077140034]}}, {"id": "17495", "type": "Feature", "properties": {"name": "Mohren, Sturzenhard", "lon": 9.576346943307403, "lat": 47.40866755714113, "stop_id": ["8574140.link:917478", "8574140.link:917479"], "lines": [{"line_id": "96-224-7-j24-1", "route_id": "12.TA.96-224-7-j24-1.5.R", "mode": "bus", "line_name": "227"}, {"line_id": "96-224-7-j24-1", "route_id": "22.TA.96-224-7-j24-1.7.R", "mode": "bus", "line_name": "227"}, {"line_id": "96-224-7-j24-1", "route_id": "1.TA.96-224-7-j24-1.1.H", "mode": "bus", "line_name": "227"}, {"line_id": "96-224-7-j24-1", "route_id": "11.TA.96-224-7-j24-1.3.H", "mode": "bus", "line_name": "227"}, {"line_id": "96-224-7-j24-1", "route_id": "3.TA.96-224-7-j24-1.3.H", "mode": "bus", "line_name": "227"}], "predominant_mode": "bus", "assigned_canton": "Appenzell Ausserrhoden", "modes_list": ["bus"]}, "geometry": {"type": "Point", "coordinates": [9.576346952650134, 47.40866756699652]}}, {"id": "18977", "type": "Feature", "properties": {"name": "Niederteufen", "lon": 9.367708722699017, "lat": 47.39218350542483, "stop_id": ["8506373:0:1.link:1357087", "8506373:0:2.link:1357086"], "lines": [{"line_id": "91-21-j24-1", "route_id": "441.TA.91-21-j24-1.10.R", "mode": "rail", "line_name": "S21"}, {"line_id": "91-22-A-j24-1", "route_id": "117.TA.91-22-A-j24-1.10.R", "mode": "rail", "line_name": "S22"}, {"line_id": "91-20-E-j24-1", "route_id": "15.TA.91-20-E-j24-1.3.R", "mode": "rail", "line_name": "S20"}, {"line_id": "91-22-A-j24-1", "route_id": "122.TA.91-22-A-j24-1.11.R", "mode": "rail", "line_name": "S22"}, {"line_id": "91-22-A-j24-1", "route_id": "85.TA.91-22-A-j24-1.9.R", "mode": "rail", "line_name": "S22"}, {"line_id": "91-22-A-j24-1", "route_id": "111.TA.91-22-A-j24-1.10.R", "mode": "rail", "line_name": "S22"}, {"line_id": "91-21-j24-1", "route_id": "401.TA.91-21-j24-1.8.R", "mode": "rail", "line_name": "S21"}, {"line_id": "91-21-j24-1", "route_id": "434.TA.91-21-j24-1.10.R", "mode": "rail", "line_name": "S21"}, {"line_id": "91-21-j24-1", "route_id": "453.TA.91-21-j24-1.11.R", "mode": "rail", "line_name": "S21"}, {"line_id": "91-21-j24-1", "route_id": "299.TA.91-21-j24-1.40.R", "mode": "rail", "line_name": "S21"}, {"line_id": "91-21-j24-1", "route_id": "307.TA.91-21-j24-1.41.R", "mode": "rail", "line_name": "S21"}, {"line_id": "91-22-A-j24-1", "route_id": "123.TA.91-22-A-j24-1.11.R", "mode": "rail", "line_name": "S22"}, {"line_id": "91-21-j24-1", "route_id": "449.TA.91-21-j24-1.11.R", "mode": "rail", "line_name": "S21"}, {"line_id": "91-20-E-j24-1", "route_id": "13.TA.91-20-E-j24-1.2.R", "mode": "rail", "line_name": "S20"}, {"line_id": "91-21-j24-1", "route_id": "225.TA.91-21-j24-1.5.H", "mode": "rail", "line_name": "S21"}, {"line_id": "91-22-A-j24-1", "route_id": "39.TA.91-22-A-j24-1.4.H", "mode": "rail", "line_name": "S22"}, {"line_id": "91-22-A-j24-1", "route_id": "52.TA.91-22-A-j24-1.5.H", "mode": "rail", "line_name": "S22"}, {"line_id": "91-21-j24-1", "route_id": "146.TA.91-21-j24-1.5.H", "mode": "rail", "line_name": "S21"}, {"line_id": "91-21-j24-1", "route_id": "212.TA.91-21-j24-1.5.H", "mode": "rail", "line_name": "S21"}, {"line_id": "91-20-E-j24-1", "route_id": "7.TA.91-20-E-j24-1.1.H", "mode": "rail", "line_name": "S20"}, {"line_id": "91-21-j24-1", "route_id": "152.TA.91-21-j24-1.5.H", "mode": "rail", "line_name": "S21"}, {"line_id": "91-21-j24-1", "route_id": "181.TA.91-21-j24-1.5.H", "mode": "rail", "line_name": "S21"}, {"line_id": "91-21-j24-1", "route_id": "108.TA.91-21-j24-1.35.H", "mode": "rail", "line_name": "S21"}, {"line_id": "91-22-A-j24-1", "route_id": "49.TA.91-22-A-j24-1.5.H", "mode": "rail", "line_name": "S22"}, {"line_id": "91-21-j24-1", "route_id": "138.TA.91-21-j24-1.4.H", "mode": "rail", "line_name": "S21"}, {"line_id": "91-22-A-j24-1", "route_id": "60.TA.91-22-A-j24-1.6.H", "mode": "rail", "line_name": "S22"}], "predominant_mode": "rail", "assigned_canton": "Appenzell Ausserrhoden", "modes_list": ["rail"]}, "geometry": {"type": "Point", "coordinates": [9.367708731860743, 47.39218351534254]}}, {"id": "18978", "type": "Feature", "properties": {"name": "Niederteufen, Battenhaus", "lon": 9.354454082675744, "lat": 47.39161794063336, "stop_id": ["8506600.link:11483", "8506600.link:11484"], "lines": [{"line_id": "96-220-1-j24-1", "route_id": "45.TA.96-220-1-j24-1.8.R", "mode": "bus", "line_name": "180"}, {"line_id": "96-220-1-j24-1", "route_id": "24.TA.96-220-1-j24-1.6.R", "mode": "bus", "line_name": "180"}, {"line_id": "96-220-1-j24-1", "route_id": "32.TA.96-220-1-j24-1.7.R", "mode": "bus", "line_name": "180"}, {"line_id": "96-220-1-j24-1", "route_id": "3.TA.96-220-1-j24-1.11.H", "mode": "bus", "line_name": "180"}, {"line_id": "96-220-1-j24-1", "route_id": "21.TA.96-220-1-j24-1.12.H", "mode": "bus", "line_name": "180"}], "predominant_mode": "bus", "assigned_canton": "Appenzell Ausserrhoden", "modes_list": ["bus"]}, "geometry": {"type": "Point", "coordinates": [9.354454091825676, 47.39161795055511]}}, {"id": "18979", "type": "Feature", "properties": {"name": "Niederteufen, Schwanen", "lon": 9.350797942568864, "lat": 47.388425080690986, "stop_id": ["8574214.link:236638", "8574214.link:236639"], "lines": [{"line_id": "96-220-1-j24-1", "route_id": "45.TA.96-220-1-j24-1.8.R", "mode": "bus", "line_name": "180"}, {"line_id": "96-220-1-j24-1", "route_id": "24.TA.96-220-1-j24-1.6.R", "mode": "bus", "line_name": "180"}, {"line_id": "96-220-1-j24-1", "route_id": "32.TA.96-220-1-j24-1.7.R", "mode": "bus", "line_name": "180"}, {"line_id": "96-220-1-j24-1", "route_id": "3.TA.96-220-1-j24-1.11.H", "mode": "bus", "line_name": "180"}, {"line_id": "96-220-1-j24-1", "route_id": "21.TA.96-220-1-j24-1.12.H", "mode": "bus", "line_name": "180"}], "predominant_mode": "bus", "assigned_canton": "Appenzell Ausserrhoden", "modes_list": ["bus"]}, "geometry": {"type": "Point", "coordinates": [9.35079795171658, 47.38842509061292]}}, {"id": "18980", "type": "Feature", "properties": {"name": "Niederteufen, Sternen b. T.", "lon": 9.375025502606153, "lat": 47.3893008503098, "stop_id": ["8574215.link:1145796", "8574215.link:1145797", "8574215.link:1338007"], "lines": [{"line_id": "92-B21-j24-1", "route_id": "11.TA.92-B21-j24-1.7.R", "mode": "bus", "line_name": "B21"}, {"line_id": "92-B21-j24-1", "route_id": "6.TA.92-B21-j24-1.4.H", "mode": "bus", "line_name": "B21"}, {"line_id": "92-B21-j24-1", "route_id": "4.TA.92-B21-j24-1.3.H", "mode": "bus", "line_name": "B21"}, {"line_id": "92-B21-j24-1", "route_id": "15.TA.92-B21-j24-1.8.R", "mode": "bus", "line_name": "B21"}], "predominant_mode": "bus", "assigned_canton": "Appenzell Ausserrhoden", "modes_list": ["bus"]}, "geometry": {"type": "Point", "coordinates": [9.37502551177549, 47.389300860224274]}}, {"id": "18981", "type": "Feature", "properties": {"name": "Niederteufen, alte Post", "lon": 9.368243222690571, "lat": 47.39192201041643, "stop_id": ["8577630.link:1357158", "8577630.link:1357159"], "lines": [{"line_id": "92-B21-j24-1", "route_id": "15.TA.92-B21-j24-1.8.R", "mode": "bus", "line_name": "B21"}, {"line_id": "92-B21-j24-1", "route_id": "11.TA.92-B21-j24-1.7.R", "mode": "bus", "line_name": "B21"}, {"line_id": "92-B21-j24-1", "route_id": "6.TA.92-B21-j24-1.4.H", "mode": "bus", "line_name": "B21"}, {"line_id": "92-B21-j24-1", "route_id": "4.TA.92-B21-j24-1.3.H", "mode": "bus", "line_name": "B21"}], "predominant_mode": "bus", "assigned_canton": "Appenzell Ausserrhoden", "modes_list": ["bus"]}, "geometry": {"type": "Point", "coordinates": [9.368243231852874, 47.391922020333865]}}, {"id": "21316", "type": "Feature", "properties": {"name": "Rehetobel, Ausserkaien", "lon": 9.504194253913926, "lat": 47.427589578275814, "stop_id": ["8581399.link:1572914", "8581399.link:1572915"], "lines": [{"line_id": "96-224-2-j24-1", "route_id": "150.TA.96-224-2-j24-1.12.R", "mode": "bus", "line_name": "121"}, {"line_id": "96-224-9-j24-1", "route_id": "23.TA.96-224-9-j24-1.3.H", "mode": "bus", "line_name": "230"}, {"line_id": "96-224-2-j24-1", "route_id": "127.TA.96-224-2-j24-1.11.R", "mode": "bus", "line_name": "121"}, {"line_id": "96-224-2-j24-1", "route_id": "154.TA.96-224-2-j24-1.12.R", "mode": "bus", "line_name": "121"}, {"line_id": "96-224-2-j24-1", "route_id": "123.TA.96-224-2-j24-1.10.R", "mode": "bus", "line_name": "121"}, {"line_id": "96-224-2-j24-1", "route_id": "129.TA.96-224-2-j24-1.11.R", "mode": "bus", "line_name": "121"}, {"line_id": "96-224-2-j24-1", "route_id": "71.TA.96-224-2-j24-1.5.H", "mode": "bus", "line_name": "121"}, {"line_id": "96-224-2-j24-1", "route_id": "48.TA.96-224-2-j24-1.4.H", "mode": "bus", "line_name": "121"}, {"line_id": "96-224-2-j24-1", "route_id": "20.TA.96-224-2-j24-1.2.H", "mode": "bus", "line_name": "121"}, {"line_id": "96-224-2-j24-1", "route_id": "31.TA.96-224-2-j24-1.3.H", "mode": "bus", "line_name": "121"}], "predominant_mode": "bus", "assigned_canton": "Appenzell Ausserrhoden", "modes_list": ["bus"]}, "geometry": {"type": "Point", "coordinates": [9.504194263185838, 47.42758958816042]}}, {"id": "21317", "type": "Feature", "properties": {"name": "Rehetobel, Dorf", "lon": 9.482643673904784, "lat": 47.42750449861499, "stop_id": ["8506767.link:806871", "8506767.link:806872"], "lines": [{"line_id": "96-224-2-j24-1", "route_id": "150.TA.96-224-2-j24-1.12.R", "mode": "bus", "line_name": "121"}, {"line_id": "96-224-9-j24-1", "route_id": "23.TA.96-224-9-j24-1.3.H", "mode": "bus", "line_name": "230"}, {"line_id": "96-224-2-j24-1", "route_id": "127.TA.96-224-2-j24-1.11.R", "mode": "bus", "line_name": "121"}, {"line_id": "96-224-2-j24-1", "route_id": "154.TA.96-224-2-j24-1.12.R", "mode": "bus", "line_name": "121"}, {"line_id": "96-224-2-j24-1", "route_id": "123.TA.96-224-2-j24-1.10.R", "mode": "bus", "line_name": "121"}, {"line_id": "96-224-2-j24-1", "route_id": "129.TA.96-224-2-j24-1.11.R", "mode": "bus", "line_name": "121"}, {"line_id": "96-224-2-j24-1", "route_id": "71.TA.96-224-2-j24-1.5.H", "mode": "bus", "line_name": "121"}, {"line_id": "96-224-2-j24-1", "route_id": "48.TA.96-224-2-j24-1.4.H", "mode": "bus", "line_name": "121"}, {"line_id": "96-224-2-j24-1", "route_id": "20.TA.96-224-2-j24-1.2.H", "mode": "bus", "line_name": "121"}, {"line_id": "96-224-2-j24-1", "route_id": "31.TA.96-224-2-j24-1.3.H", "mode": "bus", "line_name": "121"}], "predominant_mode": "bus", "assigned_canton": "Appenzell Ausserrhoden", "modes_list": ["bus"]}, "geometry": {"type": "Point", "coordinates": [9.4826436831575, 47.42750450850654]}}, {"id": "21318", "type": "Feature", "properties": {"name": "Rehetobel, H\u00f6rnlirank", "lon": 9.461138003793657, "lat": 47.42434419895352, "stop_id": ["8574461.link:500858", "8574461.link:500859"], "lines": [{"line_id": "96-224-2-j24-1", "route_id": "71.TA.96-224-2-j24-1.5.H", "mode": "bus", "line_name": "121"}, {"line_id": "96-224-2-j24-1", "route_id": "48.TA.96-224-2-j24-1.4.H", "mode": "bus", "line_name": "121"}, {"line_id": "96-224-2-j24-1", "route_id": "20.TA.96-224-2-j24-1.2.H", "mode": "bus", "line_name": "121"}, {"line_id": "96-224-2-j24-1", "route_id": "31.TA.96-224-2-j24-1.3.H", "mode": "bus", "line_name": "121"}, {"line_id": "96-224-2-j24-1", "route_id": "150.TA.96-224-2-j24-1.12.R", "mode": "bus", "line_name": "121"}, {"line_id": "96-224-2-j24-1", "route_id": "127.TA.96-224-2-j24-1.11.R", "mode": "bus", "line_name": "121"}, {"line_id": "96-224-2-j24-1", "route_id": "154.TA.96-224-2-j24-1.12.R", "mode": "bus", "line_name": "121"}, {"line_id": "96-224-2-j24-1", "route_id": "123.TA.96-224-2-j24-1.10.R", "mode": "bus", "line_name": "121"}, {"line_id": "96-224-2-j24-1", "route_id": "129.TA.96-224-2-j24-1.11.R", "mode": "bus", "line_name": "121"}], "predominant_mode": "bus", "assigned_canton": "Appenzell Ausserrhoden", "modes_list": ["bus"]}, "geometry": {"type": "Point", "coordinates": [9.461138013028256, 47.42434420885105]}}, {"id": "21319", "type": "Feature", "properties": {"name": "Rehetobel, Kaien", "lon": 9.507419213928697, "lat": 47.428008908225046, "stop_id": ["8506761.link:1572916", "8506761.link:440287", "8506761.link:993461", "8506761.link:993462"], "lines": [{"line_id": "96-224-2-j24-1", "route_id": "123.TA.96-224-2-j24-1.10.R", "mode": "bus", "line_name": "121"}, {"line_id": "96-224-9-j24-1", "route_id": "23.TA.96-224-9-j24-1.3.H", "mode": "bus", "line_name": "230"}, {"line_id": "96-224-2-j24-1", "route_id": "71.TA.96-224-2-j24-1.5.H", "mode": "bus", "line_name": "121"}, {"line_id": "96-224-2-j24-1", "route_id": "150.TA.96-224-2-j24-1.12.R", "mode": "bus", "line_name": "121"}, {"line_id": "96-224-2-j24-1", "route_id": "127.TA.96-224-2-j24-1.11.R", "mode": "bus", "line_name": "121"}, {"line_id": "96-224-2-j24-1", "route_id": "154.TA.96-224-2-j24-1.12.R", "mode": "bus", "line_name": "121"}, {"line_id": "96-224-9-j24-1", "route_id": "47.TA.96-224-9-j24-1.4.R", "mode": "bus", "line_name": "230"}, {"line_id": "96-224-2-j24-1", "route_id": "123.TA.96-224-2-j24-1.10.R", "mode": "bus", "line_name": "121"}, {"line_id": "96-224-9-j24-1", "route_id": "49.TA.96-224-9-j24-1.5.R", "mode": "bus", "line_name": "230"}, {"line_id": "96-224-2-j24-1", "route_id": "129.TA.96-224-2-j24-1.11.R", "mode": "bus", "line_name": "121"}, {"line_id": "96-224-2-j24-1", "route_id": "71.TA.96-224-2-j24-1.5.H", "mode": "bus", "line_name": "121"}, {"line_id": "96-224-2-j24-1", "route_id": "48.TA.96-224-2-j24-1.4.H", "mode": "bus", "line_name": "121"}, {"line_id": "96-224-2-j24-1", "route_id": "31.TA.96-224-2-j24-1.3.H", "mode": "bus", "line_name": "121"}, {"line_id": "96-224-9-j24-1", "route_id": "2.TA.96-224-9-j24-1.1.H", "mode": "bus", "line_name": "230"}, {"line_id": "96-224-2-j24-1", "route_id": "20.TA.96-224-2-j24-1.2.H", "mode": "bus", "line_name": "121"}, {"line_id": "96-224-9-j24-1", "route_id": "8.TA.96-224-9-j24-1.2.H", "mode": "bus", "line_name": "230"}, {"line_id": "96-224-9-j24-1", "route_id": "4.TA.96-224-9-j24-1.1.H", "mode": "bus", "line_name": "230"}, {"line_id": "96-224-9-j24-1", "route_id": "22.TA.96-224-9-j24-1.2.H", "mode": "bus", "line_name": "230"}], "predominant_mode": "bus", "assigned_canton": "Appenzell Ausserrhoden", "modes_list": ["bus"]}, "geometry": {"type": "Point", "coordinates": [9.507419223203334, 47.42800891810873]}}, {"id": "21320", "type": "Feature", "properties": {"name": "Rehetobel, Midegg", "lon": 9.465387033856556, "lat": 47.42620393888657, "stop_id": ["8574457.link:1778741", "8574457.link:1778742"], "lines": [{"line_id": "96-224-2-j24-1", "route_id": "150.TA.96-224-2-j24-1.12.R", "mode": "bus", "line_name": "121"}, {"line_id": "96-224-9-j24-1", "route_id": "23.TA.96-224-9-j24-1.3.H", "mode": "bus", "line_name": "230"}, {"line_id": "96-224-2-j24-1", "route_id": "127.TA.96-224-2-j24-1.11.R", "mode": "bus", "line_name": "121"}, {"line_id": "96-224-2-j24-1", "route_id": "154.TA.96-224-2-j24-1.12.R", "mode": "bus", "line_name": "121"}, {"line_id": "96-224-2-j24-1", "route_id": "123.TA.96-224-2-j24-1.10.R", "mode": "bus", "line_name": "121"}, {"line_id": "96-224-2-j24-1", "route_id": "129.TA.96-224-2-j24-1.11.R", "mode": "bus", "line_name": "121"}, {"line_id": "96-224-2-j24-1", "route_id": "71.TA.96-224-2-j24-1.5.H", "mode": "bus", "line_name": "121"}, {"line_id": "96-224-2-j24-1", "route_id": "48.TA.96-224-2-j24-1.4.H", "mode": "bus", "line_name": "121"}, {"line_id": "96-224-2-j24-1", "route_id": "20.TA.96-224-2-j24-1.2.H", "mode": "bus", "line_name": "121"}, {"line_id": "96-224-2-j24-1", "route_id": "31.TA.96-224-2-j24-1.3.H", "mode": "bus", "line_name": "121"}], "predominant_mode": "bus", "assigned_canton": "Appenzell Ausserrhoden", "modes_list": ["bus"]}, "geometry": {"type": "Point", "coordinates": [9.465387043094303, 47.42620394878333]}}, {"id": "21321", "type": "Feature", "properties": {"name": "Rehetobel, Nasen", "lon": 9.501122023781592, "lat": 47.423620948324334, "stop_id": ["8581566.link:1551834", "8581566.link:1551835"], "lines": [{"line_id": "96-224-2-j24-1", "route_id": "71.TA.96-224-2-j24-1.5.H", "mode": "bus", "line_name": "121"}, {"line_id": "96-224-9-j24-1", "route_id": "47.TA.96-224-9-j24-1.4.R", "mode": "bus", "line_name": "230"}, {"line_id": "96-224-9-j24-1", "route_id": "49.TA.96-224-9-j24-1.5.R", "mode": "bus", "line_name": "230"}, {"line_id": "96-224-2-j24-1", "route_id": "71.TA.96-224-2-j24-1.5.H", "mode": "bus", "line_name": "121"}, {"line_id": "96-224-9-j24-1", "route_id": "23.TA.96-224-9-j24-1.3.H", "mode": "bus", "line_name": "230"}, {"line_id": "96-224-9-j24-1", "route_id": "2.TA.96-224-9-j24-1.1.H", "mode": "bus", "line_name": "230"}, {"line_id": "96-224-2-j24-1", "route_id": "123.TA.96-224-2-j24-1.10.R", "mode": "bus", "line_name": "121"}, {"line_id": "96-224-9-j24-1", "route_id": "8.TA.96-224-9-j24-1.2.H", "mode": "bus", "line_name": "230"}, {"line_id": "96-224-9-j24-1", "route_id": "4.TA.96-224-9-j24-1.1.H", "mode": "bus", "line_name": "230"}, {"line_id": "96-224-9-j24-1", "route_id": "22.TA.96-224-9-j24-1.2.H", "mode": "bus", "line_name": "230"}], "predominant_mode": "bus", "assigned_canton": "Appenzell Ausserrhoden", "modes_list": ["bus"]}, "geometry": {"type": "Point", "coordinates": [9.501122033052168, 47.423620958208744]}}, {"id": "21322", "type": "Feature", "properties": {"name": "Rehetobel, Robach", "lon": 9.466123653973689, "lat": 47.429734818874834, "stop_id": ["8574459.link:1778733", "8574459.link:500840", "8574459.link:500841"], "lines": [{"line_id": "96-224-9-j24-1", "route_id": "23.TA.96-224-9-j24-1.3.H", "mode": "bus", "line_name": "230"}, {"line_id": "96-224-2-j24-1", "route_id": "71.TA.96-224-2-j24-1.5.H", "mode": "bus", "line_name": "121"}, {"line_id": "96-224-2-j24-1", "route_id": "48.TA.96-224-2-j24-1.4.H", "mode": "bus", "line_name": "121"}, {"line_id": "96-224-2-j24-1", "route_id": "20.TA.96-224-2-j24-1.2.H", "mode": "bus", "line_name": "121"}, {"line_id": "96-224-2-j24-1", "route_id": "31.TA.96-224-2-j24-1.3.H", "mode": "bus", "line_name": "121"}, {"line_id": "96-224-2-j24-1", "route_id": "150.TA.96-224-2-j24-1.12.R", "mode": "bus", "line_name": "121"}, {"line_id": "96-224-2-j24-1", "route_id": "127.TA.96-224-2-j24-1.11.R", "mode": "bus", "line_name": "121"}, {"line_id": "96-224-2-j24-1", "route_id": "154.TA.96-224-2-j24-1.12.R", "mode": "bus", "line_name": "121"}, {"line_id": "96-224-2-j24-1", "route_id": "123.TA.96-224-2-j24-1.10.R", "mode": "bus", "line_name": "121"}, {"line_id": "96-224-2-j24-1", "route_id": "129.TA.96-224-2-j24-1.11.R", "mode": "bus", "line_name": "121"}], "predominant_mode": "bus", "assigned_canton": "Appenzell Ausserrhoden", "modes_list": ["bus"]}, "geometry": {"type": "Point", "coordinates": [9.466123663210855, 47.42973482877243]}}, {"id": "21323", "type": "Feature", "properties": {"name": "Rehetobel, Schulhaus", "lon": 9.486515413838124, "lat": 47.42545639855413, "stop_id": ["8574452.link:1572922", "8574452.link:1572923"], "lines": [{"line_id": "96-224-2-j24-1", "route_id": "150.TA.96-224-2-j24-1.12.R", "mode": "bus", "line_name": "121"}, {"line_id": "96-224-9-j24-1", "route_id": "23.TA.96-224-9-j24-1.3.H", "mode": "bus", "line_name": "230"}, {"line_id": "96-224-2-j24-1", "route_id": "127.TA.96-224-2-j24-1.11.R", "mode": "bus", "line_name": "121"}, {"line_id": "96-224-2-j24-1", "route_id": "154.TA.96-224-2-j24-1.12.R", "mode": "bus", "line_name": "121"}, {"line_id": "96-224-2-j24-1", "route_id": "123.TA.96-224-2-j24-1.10.R", "mode": "bus", "line_name": "121"}, {"line_id": "96-224-2-j24-1", "route_id": "129.TA.96-224-2-j24-1.11.R", "mode": "bus", "line_name": "121"}, {"line_id": "96-224-2-j24-1", "route_id": "71.TA.96-224-2-j24-1.5.H", "mode": "bus", "line_name": "121"}, {"line_id": "96-224-2-j24-1", "route_id": "48.TA.96-224-2-j24-1.4.H", "mode": "bus", "line_name": "121"}, {"line_id": "96-224-2-j24-1", "route_id": "20.TA.96-224-2-j24-1.2.H", "mode": "bus", "line_name": "121"}, {"line_id": "96-224-2-j24-1", "route_id": "31.TA.96-224-2-j24-1.3.H", "mode": "bus", "line_name": "121"}], "predominant_mode": "bus", "assigned_canton": "Appenzell Ausserrhoden", "modes_list": ["bus"]}, "geometry": {"type": "Point", "coordinates": [9.486515423095017, 47.425456408443836]}}, {"id": "21324", "type": "Feature", "properties": {"name": "Rehetobel, Sch\u00fctzenhaus", "lon": 9.473885103878835, "lat": 47.42679951875286, "stop_id": ["8580997.link:505530", "8580997.link:505531"], "lines": [{"line_id": "96-224-2-j24-1", "route_id": "150.TA.96-224-2-j24-1.12.R", "mode": "bus", "line_name": "121"}, {"line_id": "96-224-9-j24-1", "route_id": "23.TA.96-224-9-j24-1.3.H", "mode": "bus", "line_name": "230"}, {"line_id": "96-224-2-j24-1", "route_id": "127.TA.96-224-2-j24-1.11.R", "mode": "bus", "line_name": "121"}, {"line_id": "96-224-2-j24-1", "route_id": "154.TA.96-224-2-j24-1.12.R", "mode": "bus", "line_name": "121"}, {"line_id": "96-224-2-j24-1", "route_id": "123.TA.96-224-2-j24-1.10.R", "mode": "bus", "line_name": "121"}, {"line_id": "96-224-2-j24-1", "route_id": "129.TA.96-224-2-j24-1.11.R", "mode": "bus", "line_name": "121"}, {"line_id": "96-224-2-j24-1", "route_id": "71.TA.96-224-2-j24-1.5.H", "mode": "bus", "line_name": "121"}, {"line_id": "96-224-2-j24-1", "route_id": "48.TA.96-224-2-j24-1.4.H", "mode": "bus", "line_name": "121"}, {"line_id": "96-224-2-j24-1", "route_id": "20.TA.96-224-2-j24-1.2.H", "mode": "bus", "line_name": "121"}, {"line_id": "96-224-2-j24-1", "route_id": "31.TA.96-224-2-j24-1.3.H", "mode": "bus", "line_name": "121"}], "predominant_mode": "bus", "assigned_canton": "Appenzell Ausserrhoden", "modes_list": ["bus"]}, "geometry": {"type": "Point", "coordinates": [9.473885113123973, 47.426799528647074]}}, {"id": "21325", "type": "Feature", "properties": {"name": "Rehetobel, Sonder", "lon": 9.47998466392613, "lat": 47.42817299865679, "stop_id": ["8574455.link:404019", "8574455.link:404020"], "lines": [{"line_id": "96-224-2-j24-1", "route_id": "150.TA.96-224-2-j24-1.12.R", "mode": "bus", "line_name": "121"}, {"line_id": "96-224-9-j24-1", "route_id": "23.TA.96-224-9-j24-1.3.H", "mode": "bus", "line_name": "230"}, {"line_id": "96-224-2-j24-1", "route_id": "127.TA.96-224-2-j24-1.11.R", "mode": "bus", "line_name": "121"}, {"line_id": "96-224-2-j24-1", "route_id": "154.TA.96-224-2-j24-1.12.R", "mode": "bus", "line_name": "121"}, {"line_id": "96-224-2-j24-1", "route_id": "123.TA.96-224-2-j24-1.10.R", "mode": "bus", "line_name": "121"}, {"line_id": "96-224-2-j24-1", "route_id": "129.TA.96-224-2-j24-1.11.R", "mode": "bus", "line_name": "121"}, {"line_id": "96-224-2-j24-1", "route_id": "71.TA.96-224-2-j24-1.5.H", "mode": "bus", "line_name": "121"}, {"line_id": "96-224-2-j24-1", "route_id": "48.TA.96-224-2-j24-1.4.H", "mode": "bus", "line_name": "121"}, {"line_id": "96-224-2-j24-1", "route_id": "20.TA.96-224-2-j24-1.2.H", "mode": "bus", "line_name": "121"}, {"line_id": "96-224-2-j24-1", "route_id": "31.TA.96-224-2-j24-1.3.H", "mode": "bus", "line_name": "121"}], "predominant_mode": "bus", "assigned_canton": "Appenzell Ausserrhoden", "modes_list": ["bus"]}, "geometry": {"type": "Point", "coordinates": [9.479984673176233, 47.42817300854942]}}, {"id": "21326", "type": "Feature", "properties": {"name": "Rehetobel, S\u00e4ntis", "lon": 9.493666003907219, "lat": 47.42748018844151, "stop_id": ["8574450.link:439964", "8574450.link:439965"], "lines": [{"line_id": "96-224-2-j24-1", "route_id": "150.TA.96-224-2-j24-1.12.R", "mode": "bus", "line_name": "121"}, {"line_id": "96-224-9-j24-1", "route_id": "23.TA.96-224-9-j24-1.3.H", "mode": "bus", "line_name": "230"}, {"line_id": "96-224-2-j24-1", "route_id": "127.TA.96-224-2-j24-1.11.R", "mode": "bus", "line_name": "121"}, {"line_id": "96-224-2-j24-1", "route_id": "154.TA.96-224-2-j24-1.12.R", "mode": "bus", "line_name": "121"}, {"line_id": "96-224-2-j24-1", "route_id": "123.TA.96-224-2-j24-1.10.R", "mode": "bus", "line_name": "121"}, {"line_id": "96-224-2-j24-1", "route_id": "129.TA.96-224-2-j24-1.11.R", "mode": "bus", "line_name": "121"}, {"line_id": "96-224-2-j24-1", "route_id": "71.TA.96-224-2-j24-1.5.H", "mode": "bus", "line_name": "121"}, {"line_id": "96-224-2-j24-1", "route_id": "48.TA.96-224-2-j24-1.4.H", "mode": "bus", "line_name": "121"}, {"line_id": "96-224-2-j24-1", "route_id": "20.TA.96-224-2-j24-1.2.H", "mode": "bus", "line_name": "121"}, {"line_id": "96-224-2-j24-1", "route_id": "31.TA.96-224-2-j24-1.3.H", "mode": "bus", "line_name": "121"}], "predominant_mode": "bus", "assigned_canton": "Appenzell Ausserrhoden", "modes_list": ["bus"]}, "geometry": {"type": "Point", "coordinates": [9.493666013169783, 47.42748019832948]}}, {"id": "21482", "type": "Feature", "properties": {"name": "Reute AR, Bellevue", "lon": 9.580506143418528, "lat": 47.41199292707548, "stop_id": ["8574139.link:127434", "8574139.link:127435"], "lines": [{"line_id": "96-224-7-j24-1", "route_id": "12.TA.96-224-7-j24-1.5.R", "mode": "bus", "line_name": "227"}, {"line_id": "96-224-7-j24-1", "route_id": "22.TA.96-224-7-j24-1.7.R", "mode": "bus", "line_name": "227"}, {"line_id": "96-224-7-j24-1", "route_id": "1.TA.96-224-7-j24-1.1.H", "mode": "bus", "line_name": "227"}, {"line_id": "96-224-7-j24-1", "route_id": "11.TA.96-224-7-j24-1.3.H", "mode": "bus", "line_name": "227"}, {"line_id": "96-224-7-j24-1", "route_id": "3.TA.96-224-7-j24-1.3.H", "mode": "bus", "line_name": "227"}], "predominant_mode": "bus", "assigned_canton": "Appenzell Ausserrhoden", "modes_list": ["bus"]}, "geometry": {"type": "Point", "coordinates": [9.580506152763762, 47.411992936930496]}}, {"id": "21484", "type": "Feature", "properties": {"name": "Reute AR, Dorf", "lon": 9.57327470367475, "lat": 47.41979182718897, "stop_id": ["8574128.link:11762", "8574128.link:11763"], "lines": [{"line_id": "96-224-6-j24-1", "route_id": "1.TA.96-224-6-j24-1.1.H", "mode": "bus", "line_name": "226"}, {"line_id": "96-225-0-j24-1", "route_id": "1.TA.96-225-0-j24-1.5.H", "mode": "bus", "line_name": "228"}, {"line_id": "96-225-0-j24-1", "route_id": "16.TA.96-225-0-j24-1.8.R", "mode": "bus", "line_name": "228"}, {"line_id": "96-224-6-j24-1", "route_id": "17.TA.96-224-6-j24-1.2.H", "mode": "bus", "line_name": "226"}, {"line_id": "96-225-0-j24-1", "route_id": "13.TA.96-225-0-j24-1.8.R", "mode": "bus", "line_name": "228"}, {"line_id": "96-224-7-j24-1", "route_id": "12.TA.96-224-7-j24-1.5.R", "mode": "bus", "line_name": "227"}, {"line_id": "96-224-7-j24-1", "route_id": "22.TA.96-224-7-j24-1.7.R", "mode": "bus", "line_name": "227"}, {"line_id": "96-224-7-j24-1", "route_id": "2.TA.96-224-7-j24-1.2.H", "mode": "bus", "line_name": "227"}, {"line_id": "96-224-6-j24-1", "route_id": "2.TA.96-224-6-j24-1.1.H", "mode": "bus", "line_name": "226"}, {"line_id": "96-225-0-j24-1", "route_id": "16.TA.96-225-0-j24-1.8.R", "mode": "bus", "line_name": "228"}, {"line_id": "96-224-6-j24-1", "route_id": "20.TA.96-224-6-j24-1.4.R", "mode": "bus", "line_name": "226"}, {"line_id": "96-224-7-j24-1", "route_id": "3.TA.96-224-7-j24-1.3.H", "mode": "bus", "line_name": "227"}, {"line_id": "96-224-7-j24-1", "route_id": "13.TA.96-224-7-j24-1.6.R", "mode": "bus", "line_name": "227"}, {"line_id": "96-224-6-j24-1", "route_id": "24.TA.96-224-6-j24-1.5.R", "mode": "bus", "line_name": "226"}, {"line_id": "96-225-0-j24-1", "route_id": "13.TA.96-225-0-j24-1.8.R", "mode": "bus", "line_name": "228"}, {"line_id": "96-224-6-j24-1", "route_id": "36.TA.96-224-6-j24-1.6.R", "mode": "bus", "line_name": "226"}, {"line_id": "96-224-6-j24-1", "route_id": "19.TA.96-224-6-j24-1.3.R", "mode": "bus", "line_name": "226"}, {"line_id": "96-224-7-j24-1", "route_id": "11.TA.96-224-7-j24-1.3.H", "mode": "bus", "line_name": "227"}, {"line_id": "96-224-7-j24-1", "route_id": "1.TA.96-224-7-j24-1.1.H", "mode": "bus", "line_name": "227"}], "predominant_mode": "bus", "assigned_canton": "Appenzell Ausserrhoden", "modes_list": ["bus"]}, "geometry": {"type": "Point", "coordinates": [9.573274713010813, 47.41979183704872]}}, {"id": "21485", "type": "Feature", "properties": {"name": "Reute AR, Hinterdorf", "lon": 9.569034653663183, "lat": 47.419475757255704, "stop_id": ["8574127.link:1401302", "8574127.link:1401303"], "lines": [{"line_id": "96-224-6-j24-1", "route_id": "19.TA.96-224-6-j24-1.3.R", "mode": "bus", "line_name": "226"}, {"line_id": "96-224-6-j24-1", "route_id": "24.TA.96-224-6-j24-1.5.R", "mode": "bus", "line_name": "226"}, {"line_id": "96-224-6-j24-1", "route_id": "20.TA.96-224-6-j24-1.4.R", "mode": "bus", "line_name": "226"}, {"line_id": "96-224-6-j24-1", "route_id": "36.TA.96-224-6-j24-1.6.R", "mode": "bus", "line_name": "226"}, {"line_id": "96-224-6-j24-1", "route_id": "1.TA.96-224-6-j24-1.1.H", "mode": "bus", "line_name": "226"}, {"line_id": "96-224-6-j24-1", "route_id": "2.TA.96-224-6-j24-1.1.H", "mode": "bus", "line_name": "226"}, {"line_id": "96-224-6-j24-1", "route_id": "17.TA.96-224-6-j24-1.2.H", "mode": "bus", "line_name": "226"}, {"line_id": "96-224-7-j24-1", "route_id": "2.TA.96-224-7-j24-1.2.H", "mode": "bus", "line_name": "227"}], "predominant_mode": "bus", "assigned_canton": "Appenzell Ausserrhoden", "modes_list": ["bus"]}, "geometry": {"type": "Point", "coordinates": [9.569034662995595, 47.41947576711676]}}, {"id": "21486", "type": "Feature", "properties": {"name": "Reute AR, Steinegacht", "lon": 9.578197473539028, "lat": 47.41565241711168, "stop_id": ["8574138.link:1012823", "8574138.link:1012824"], "lines": [{"line_id": "96-224-7-j24-1", "route_id": "12.TA.96-224-7-j24-1.5.R", "mode": "bus", "line_name": "227"}, {"line_id": "96-224-7-j24-1", "route_id": "22.TA.96-224-7-j24-1.7.R", "mode": "bus", "line_name": "227"}, {"line_id": "96-224-7-j24-1", "route_id": "1.TA.96-224-7-j24-1.1.H", "mode": "bus", "line_name": "227"}, {"line_id": "96-224-7-j24-1", "route_id": "11.TA.96-224-7-j24-1.3.H", "mode": "bus", "line_name": "227"}, {"line_id": "96-224-7-j24-1", "route_id": "3.TA.96-224-7-j24-1.3.H", "mode": "bus", "line_name": "227"}], "predominant_mode": "bus", "assigned_canton": "Appenzell Ausserrhoden", "modes_list": ["bus"]}, "geometry": {"type": "Point", "coordinates": [9.578197482880915, 47.41565242696857]}}, {"id": "21864", "type": "Feature", "properties": {"name": "Rietli", "lon": 9.487126261696353, "lat": 47.360696868546725, "stop_id": ["8506385.link:67490", "8506385.link:67491"], "lines": [{"line_id": "91-24-A-j24-1", "route_id": "1.TA.91-24-A-j24-1.1.H", "mode": "rail", "line_name": "S24"}, {"line_id": "91-24-A-j24-1", "route_id": "3.TA.91-24-A-j24-1.2.H", "mode": "rail", "line_name": "S24"}, {"line_id": "91-24-A-j24-1", "route_id": "53.TA.91-24-A-j24-1.3.R", "mode": "rail", "line_name": "S24"}], "predominant_mode": "rail", "assigned_canton": "Appenzell Ausserrhoden", "modes_list": ["rail"]}, "geometry": {"type": "Point", "coordinates": [9.487126270976491, 47.36069687841632]}}, {"id": "21865", "type": "Feature", "properties": {"name": "Rietli, Bahnhof", "lon": 9.487072361702602, "lat": 47.36088550854757, "stop_id": ["8510169.link:828581", "8510169.link:828582"], "lines": [{"line_id": "92-B24-j24-1", "route_id": "3.TA.92-B24-j24-1.2.R", "mode": "bus", "line_name": "B24"}, {"line_id": "92-B24-j24-1", "route_id": "1.TA.92-B24-j24-1.1.H", "mode": "bus", "line_name": "B24"}], "predominant_mode": "bus", "assigned_canton": "Appenzell Ausserrhoden", "modes_list": ["bus"]}, "geometry": {"type": "Point", "coordinates": [9.487072370982622, 47.360885518417234]}}, {"id": "22228", "type": "Feature", "properties": {"name": "Rossfall", "lon": 9.279633398940307, "lat": 47.27930187181216, "stop_id": ["8506791.link:1774347", "8506791.link:1774348"], "lines": [{"line_id": "96-234-1-j24-1", "route_id": "17.TA.96-234-1-j24-1.1.H", "mode": "bus", "line_name": "791"}, {"line_id": "96-234-1-j24-1", "route_id": "78.TA.96-234-1-j24-1.2.R", "mode": "bus", "line_name": "791"}], "predominant_mode": "bus", "assigned_canton": "Appenzell Ausserrhoden", "modes_list": ["bus"]}, "geometry": {"type": "Point", "coordinates": [9.27963340806026, 47.27930188172188]}}, {"id": "23418", "type": "Feature", "properties": {"name": "Schachen (Gais)", "lon": 9.477361581721592, "lat": 47.36154876870036, "stop_id": ["8506384.link:67450", "8506384.link:67451"], "lines": [{"line_id": "91-24-A-j24-1", "route_id": "1.TA.91-24-A-j24-1.1.H", "mode": "rail", "line_name": "S24"}, {"line_id": "91-24-A-j24-1", "route_id": "3.TA.91-24-A-j24-1.2.H", "mode": "rail", "line_name": "S24"}, {"line_id": "91-24-A-j24-1", "route_id": "53.TA.91-24-A-j24-1.3.R", "mode": "rail", "line_name": "S24"}], "predominant_mode": "rail", "assigned_canton": "Appenzell Ausserrhoden", "modes_list": ["rail"]}, "geometry": {"type": "Point", "coordinates": [9.47736159099268, 47.36154877857336]}}, {"id": "23419", "type": "Feature", "properties": {"name": "Schachen (Gais), Bahnhof", "lon": 9.477298691724771, "lat": 47.36164612870138, "stop_id": ["8510170.link:828591", "8510170.link:828592"], "lines": [{"line_id": "92-B24-j24-1", "route_id": "3.TA.92-B24-j24-1.2.R", "mode": "bus", "line_name": "B24"}, {"line_id": "92-B24-j24-1", "route_id": "1.TA.92-B24-j24-1.1.H", "mode": "bus", "line_name": "B24"}], "predominant_mode": "bus", "assigned_canton": "Appenzell Ausserrhoden", "modes_list": ["bus"]}, "geometry": {"type": "Point", "coordinates": [9.477298700995767, 47.36164613857442]}}, {"id": "23420", "type": "Feature", "properties": {"name": "Schachen (Herisau)", "lon": 9.243116882420129, "lat": 47.38512863238505, "stop_id": ["8506291:0:1.link:1602133", "8506291:0:1.link:1602134"], "lines": [{"line_id": "91-2-E-j24-1", "route_id": "429.TA.91-2-E-j24-1.319.R", "mode": "rail", "line_name": "S2"}, {"line_id": "91-4-j24-1", "route_id": "368.TA.91-4-j24-1.481.H", "mode": "rail", "line_name": "S4"}, {"line_id": "91-4-j24-1", "route_id": "364.TA.91-4-j24-1.480.H", "mode": "rail", "line_name": "S4"}, {"line_id": "91-2-E-j24-1", "route_id": "484.TA.91-2-E-j24-1.320.R", "mode": "rail", "line_name": "S2"}, {"line_id": "91-4-j24-1", "route_id": "85.TA.91-4-j24-1.473.H", "mode": "rail", "line_name": "S4"}, {"line_id": "91-4-j24-1", "route_id": "478.TA.91-4-j24-1.486.H", "mode": "rail", "line_name": "S4"}, {"line_id": "91-4-j24-1", "route_id": "57.TA.91-4-j24-1.769.H", "mode": "rail", "line_name": "S4"}, {"line_id": "91-4-j24-1", "route_id": "521.TA.91-4-j24-1.487.H", "mode": "rail", "line_name": "S4"}, {"line_id": "91-4-j24-1", "route_id": "448.TA.91-4-j24-1.483.H", "mode": "rail", "line_name": "S4"}, {"line_id": "91-2-E-j24-1", "route_id": "216.TA.91-2-E-j24-1.307.H", "mode": "rail", "line_name": "S2"}, {"line_id": "91-2-E-j24-1", "route_id": "202.TA.91-2-E-j24-1.301.H", "mode": "rail", "line_name": "S2"}, {"line_id": "91-4-j24-1", "route_id": "1043.TA.91-4-j24-1.866.R", "mode": "rail", "line_name": "S4"}, {"line_id": "91-4-j24-1", "route_id": "1048.TA.91-4-j24-1.866.R", "mode": "rail", "line_name": "S4"}, {"line_id": "91-4-j24-1", "route_id": "1108.TA.91-4-j24-1.868.R", "mode": "rail", "line_name": "S4"}, {"line_id": "91-4-j24-1", "route_id": "975.TA.91-4-j24-1.543.R", "mode": "rail", "line_name": "S4"}, {"line_id": "91-4-j24-1", "route_id": "1042.TA.91-4-j24-1.866.R", "mode": "rail", "line_name": "S4"}, {"line_id": "91-4-j24-1", "route_id": "1109.TA.91-4-j24-1.868.R", "mode": "rail", "line_name": "S4"}, {"line_id": "91-4-j24-1", "route_id": "1207.TA.91-4-j24-1.892.R", "mode": "rail", "line_name": "S4"}, {"line_id": "91-4-j24-1", "route_id": "1197.TA.91-4-j24-1.1140.R", "mode": "rail", "line_name": "S4"}, {"line_id": "91-4-j24-1", "route_id": "1110.TA.91-4-j24-1.868.R", "mode": "rail", "line_name": "S4"}, {"line_id": "91-4-j24-1", "route_id": "1049.TA.91-4-j24-1.866.R", "mode": "rail", "line_name": "S4"}, {"line_id": "91-4-j24-1", "route_id": "1114.TA.91-4-j24-1.868.R", "mode": "rail", "line_name": "S4"}, {"line_id": "91-2-E-j24-1", "route_id": "180.TA.91-2-E-j24-1.300.H", "mode": "rail", "line_name": "S2"}, {"line_id": "91-4-j24-1", "route_id": "1047.TA.91-4-j24-1.866.R", "mode": "rail", "line_name": "S4"}, {"line_id": "91-4-j24-1", "route_id": "1115.TA.91-4-j24-1.868.R", "mode": "rail", "line_name": "S4"}, {"line_id": "91-4-j24-1", "route_id": "757.TA.91-4-j24-1.1137.R", "mode": "rail", "line_name": "S4"}], "predominant_mode": "rail", "assigned_canton": "Appenzell Ausserrhoden", "modes_list": ["rail"]}, "geometry": {"type": "Point", "coordinates": [9.243116891470924, 47.38512864234004]}}, {"id": "23421", "type": "Feature", "properties": {"name": "Schachen (Reute), alte Post", "lon": 9.560446763857275, "lat": 47.425407777390646, "stop_id": ["8506771.link:917372", "8506771.link:917373"], "lines": [{"line_id": "96-225-0-j24-1", "route_id": "16.TA.96-225-0-j24-1.8.R", "mode": "bus", "line_name": "228"}, {"line_id": "96-224-6-j24-1", "route_id": "20.TA.96-224-6-j24-1.4.R", "mode": "bus", "line_name": "226"}, {"line_id": "96-224-7-j24-1", "route_id": "13.TA.96-224-7-j24-1.6.R", "mode": "bus", "line_name": "227"}, {"line_id": "96-224-6-j24-1", "route_id": "24.TA.96-224-6-j24-1.5.R", "mode": "bus", "line_name": "226"}, {"line_id": "96-225-0-j24-1", "route_id": "13.TA.96-225-0-j24-1.8.R", "mode": "bus", "line_name": "228"}, {"line_id": "96-224-6-j24-1", "route_id": "36.TA.96-224-6-j24-1.6.R", "mode": "bus", "line_name": "226"}, {"line_id": "96-224-6-j24-1", "route_id": "19.TA.96-224-6-j24-1.3.R", "mode": "bus", "line_name": "226"}, {"line_id": "96-224-6-j24-1", "route_id": "1.TA.96-224-6-j24-1.1.H", "mode": "bus", "line_name": "226"}, {"line_id": "96-225-0-j24-1", "route_id": "1.TA.96-225-0-j24-1.5.H", "mode": "bus", "line_name": "228"}, {"line_id": "96-224-6-j24-1", "route_id": "17.TA.96-224-6-j24-1.2.H", "mode": "bus", "line_name": "226"}, {"line_id": "96-224-7-j24-1", "route_id": "2.TA.96-224-7-j24-1.2.H", "mode": "bus", "line_name": "227"}, {"line_id": "96-224-6-j24-1", "route_id": "2.TA.96-224-6-j24-1.1.H", "mode": "bus", "line_name": "226"}], "predominant_mode": "bus", "assigned_canton": "Appenzell Ausserrhoden", "modes_list": ["bus"]}, "geometry": {"type": "Point", "coordinates": [9.560446773179969, 47.425407787256276]}}, {"id": "23962", "type": "Feature", "properties": {"name": "Schwellbrunn, Brisig", "lon": 9.262807951132466, "lat": 47.34594473207627, "stop_id": ["8506601.link:647148", "8506601.link:647149"], "lines": [{"line_id": "96-220-3-j24-1", "route_id": "44.TA.96-220-3-j24-1.11.R", "mode": "bus", "line_name": "182"}, {"line_id": "96-220-3-j24-1", "route_id": "52.TA.96-220-3-j24-1.12.R", "mode": "bus", "line_name": "182"}, {"line_id": "96-220-3-j24-1", "route_id": "17.TA.96-220-3-j24-1.16.H", "mode": "bus", "line_name": "182"}, {"line_id": "96-220-3-j24-1", "route_id": "15.TA.96-220-3-j24-1.15.H", "mode": "bus", "line_name": "182"}, {"line_id": "96-220-3-j24-1", "route_id": "13.TA.96-220-3-j24-1.15.H", "mode": "bus", "line_name": "182"}], "predominant_mode": "bus", "assigned_canton": "Appenzell Ausserrhoden", "modes_list": ["bus"]}, "geometry": {"type": "Point", "coordinates": [9.262807960214559, 47.345944742012726]}}, {"id": "23963", "type": "Feature", "properties": {"name": "Schwellbrunn, Dorf", "lon": 9.249261361322874, "lat": 47.35186678228924, "stop_id": ["8506774.link:1669967", "8506774.link:1669968"], "lines": [{"line_id": "92-171-j24-1", "route_id": "30.TA.92-171-j24-1.3.H", "mode": "bus", "line_name": "171"}, {"line_id": "96-222-3-j24-1", "route_id": "9.TA.96-222-3-j24-1.2.R", "mode": "bus", "line_name": "183"}, {"line_id": "92-171-j24-1", "route_id": "16.TA.92-171-j24-1.2.H", "mode": "bus", "line_name": "171"}, {"line_id": "96-222-3-j24-1", "route_id": "4.TA.96-222-3-j24-1.5.H", "mode": "bus", "line_name": "183"}, {"line_id": "92-171-j24-1", "route_id": "53.TA.92-171-j24-1.7.R", "mode": "bus", "line_name": "171"}, {"line_id": "92-171-j24-1", "route_id": "74.TA.92-171-j24-1.10.R", "mode": "bus", "line_name": "171"}, {"line_id": "92-171-j24-1", "route_id": "52.TA.92-171-j24-1.6.R", "mode": "bus", "line_name": "171"}, {"line_id": "92-171-j24-1", "route_id": "75.TA.92-171-j24-1.10.R", "mode": "bus", "line_name": "171"}, {"line_id": "92-171-j24-1", "route_id": "72.TA.92-171-j24-1.9.R", "mode": "bus", "line_name": "171"}, {"line_id": "92-171-j24-1", "route_id": "65.TA.92-171-j24-1.8.R", "mode": "bus", "line_name": "171"}], "predominant_mode": "bus", "assigned_canton": "Appenzell Ausserrhoden", "modes_list": ["bus"]}, "geometry": {"type": "Point", "coordinates": [9.249261370390563, 47.35186679223182]}}, {"id": "23964", "type": "Feature", "properties": {"name": "Schwellbrunn, Einsiegele", "lon": 9.245784880915577, "lat": 47.339577652344175, "stop_id": ["8506602.link:1838319", "8506602.link:1838320"], "lines": [{"line_id": "96-220-3-j24-1", "route_id": "44.TA.96-220-3-j24-1.11.R", "mode": "bus", "line_name": "182"}, {"line_id": "96-220-3-j24-1", "route_id": "52.TA.96-220-3-j24-1.12.R", "mode": "bus", "line_name": "182"}, {"line_id": "96-220-3-j24-1", "route_id": "17.TA.96-220-3-j24-1.16.H", "mode": "bus", "line_name": "182"}, {"line_id": "96-220-3-j24-1", "route_id": "15.TA.96-220-3-j24-1.15.H", "mode": "bus", "line_name": "182"}, {"line_id": "96-220-3-j24-1", "route_id": "13.TA.96-220-3-j24-1.15.H", "mode": "bus", "line_name": "182"}], "predominant_mode": "bus", "assigned_canton": "Appenzell Ausserrhoden", "modes_list": ["bus"]}, "geometry": {"type": "Point", "coordinates": [9.245784889984229, 47.33957766228398]}}, {"id": "23965", "type": "Feature", "properties": {"name": "Schwellbrunn, Halden", "lon": 9.248381011252773, "lat": 47.349754882303095, "stop_id": ["8574211.link:485783", "8574211.link:485784"], "lines": [{"line_id": "92-171-j24-1", "route_id": "30.TA.92-171-j24-1.3.H", "mode": "bus", "line_name": "171"}, {"line_id": "96-222-3-j24-1", "route_id": "9.TA.96-222-3-j24-1.2.R", "mode": "bus", "line_name": "183"}, {"line_id": "96-222-3-j24-1", "route_id": "4.TA.96-222-3-j24-1.5.H", "mode": "bus", "line_name": "183"}, {"line_id": "92-171-j24-1", "route_id": "74.TA.92-171-j24-1.10.R", "mode": "bus", "line_name": "171"}, {"line_id": "92-171-j24-1", "route_id": "75.TA.92-171-j24-1.10.R", "mode": "bus", "line_name": "171"}, {"line_id": "92-171-j24-1", "route_id": "72.TA.92-171-j24-1.9.R", "mode": "bus", "line_name": "171"}, {"line_id": "92-171-j24-1", "route_id": "65.TA.92-171-j24-1.8.R", "mode": "bus", "line_name": "171"}], "predominant_mode": "bus", "assigned_canton": "Appenzell Ausserrhoden", "modes_list": ["bus"]}, "geometry": {"type": "Point", "coordinates": [9.248381020320371, 47.34975489224532]}}, {"id": "23966", "type": "Feature", "properties": {"name": "Schwellbrunn, Risi", "lon": 9.237547331131086, "lat": 47.346200382473604, "stop_id": ["8506698.link:1109556", "8506698.link:1109557", "8506698.link:198425", "8506698.link:198426"], "lines": [{"line_id": "96-222-3-j24-1", "route_id": "9.TA.96-222-3-j24-1.2.R", "mode": "bus", "line_name": "183"}, {"line_id": "96-222-3-j24-1", "route_id": "4.TA.96-222-3-j24-1.5.H", "mode": "bus", "line_name": "183"}, {"line_id": "92-171-j24-1", "route_id": "30.TA.92-171-j24-1.3.H", "mode": "bus", "line_name": "171"}, {"line_id": "92-171-j24-1", "route_id": "72.TA.92-171-j24-1.9.R", "mode": "bus", "line_name": "171"}, {"line_id": "92-171-j24-1", "route_id": "75.TA.92-171-j24-1.10.R", "mode": "bus", "line_name": "171"}, {"line_id": "92-171-j24-1", "route_id": "65.TA.92-171-j24-1.8.R", "mode": "bus", "line_name": "171"}, {"line_id": "92-171-j24-1", "route_id": "74.TA.92-171-j24-1.10.R", "mode": "bus", "line_name": "171"}], "predominant_mode": "bus", "assigned_canton": "Appenzell Ausserrhoden", "modes_list": ["bus"]}, "geometry": {"type": "Point", "coordinates": [9.23754734018995, 47.346200392418076]}}, {"id": "23967", "type": "Feature", "properties": {"name": "Schwellbrunn, Rotschwendi", "lon": 9.256429921107483, "lat": 47.345263022176596, "stop_id": ["8574189.link:647154", "8574189.link:647155"], "lines": [{"line_id": "96-220-3-j24-1", "route_id": "44.TA.96-220-3-j24-1.11.R", "mode": "bus", "line_name": "182"}, {"line_id": "96-220-3-j24-1", "route_id": "52.TA.96-220-3-j24-1.12.R", "mode": "bus", "line_name": "182"}, {"line_id": "96-220-3-j24-1", "route_id": "17.TA.96-220-3-j24-1.16.H", "mode": "bus", "line_name": "182"}, {"line_id": "96-220-3-j24-1", "route_id": "15.TA.96-220-3-j24-1.15.H", "mode": "bus", "line_name": "182"}, {"line_id": "96-220-3-j24-1", "route_id": "13.TA.96-220-3-j24-1.15.H", "mode": "bus", "line_name": "182"}], "predominant_mode": "bus", "assigned_canton": "Appenzell Ausserrhoden", "modes_list": ["bus"]}, "geometry": {"type": "Point", "coordinates": [9.25642993018397, 47.34526303211485]}}, {"id": "23968", "type": "Feature", "properties": {"name": "Schwellbrunn, Sommertal", "lon": 9.246135221415349, "lat": 47.35470279233832, "stop_id": ["8587121.link:1398167", "8587121.link:1398168"], "lines": [{"line_id": "92-171-j24-1", "route_id": "53.TA.92-171-j24-1.7.R", "mode": "bus", "line_name": "171"}, {"line_id": "92-171-j24-1", "route_id": "74.TA.92-171-j24-1.10.R", "mode": "bus", "line_name": "171"}, {"line_id": "92-171-j24-1", "route_id": "52.TA.92-171-j24-1.6.R", "mode": "bus", "line_name": "171"}, {"line_id": "92-171-j24-1", "route_id": "75.TA.92-171-j24-1.10.R", "mode": "bus", "line_name": "171"}, {"line_id": "92-171-j24-1", "route_id": "72.TA.92-171-j24-1.9.R", "mode": "bus", "line_name": "171"}, {"line_id": "92-171-j24-1", "route_id": "16.TA.92-171-j24-1.2.H", "mode": "bus", "line_name": "171"}], "predominant_mode": "bus", "assigned_canton": "Appenzell Ausserrhoden", "modes_list": ["bus"]}, "geometry": {"type": "Point", "coordinates": [9.246135230479215, 47.35470280228282]}}, {"id": "23969", "type": "Feature", "properties": {"name": "Schwellbrunn, Teufen", "lon": 9.234780520726105, "lat": 47.333970812517286, "stop_id": ["8506607.link:1497450", "8506607.link:1497451"], "lines": [{"line_id": "96-220-3-j24-1", "route_id": "44.TA.96-220-3-j24-1.11.R", "mode": "bus", "line_name": "182"}, {"line_id": "96-222-3-j24-1", "route_id": "9.TA.96-222-3-j24-1.2.R", "mode": "bus", "line_name": "183"}, {"line_id": "96-220-3-j24-1", "route_id": "52.TA.96-220-3-j24-1.12.R", "mode": "bus", "line_name": "182"}, {"line_id": "96-220-3-j24-1", "route_id": "17.TA.96-220-3-j24-1.16.H", "mode": "bus", "line_name": "182"}, {"line_id": "96-220-3-j24-1", "route_id": "15.TA.96-220-3-j24-1.15.H", "mode": "bus", "line_name": "182"}, {"line_id": "96-222-3-j24-1", "route_id": "4.TA.96-222-3-j24-1.5.H", "mode": "bus", "line_name": "183"}, {"line_id": "96-220-3-j24-1", "route_id": "13.TA.96-220-3-j24-1.15.H", "mode": "bus", "line_name": "182"}], "predominant_mode": "bus", "assigned_canton": "Appenzell Ausserrhoden", "modes_list": ["bus"]}, "geometry": {"type": "Point", "coordinates": [9.234780529786551, 47.33397082245872]}}, {"id": "23970", "type": "Feature", "properties": {"name": "Schwellbrunn, Tobelacker", "lon": 9.23289405104539, "lat": 47.343662172546814, "stop_id": ["8581722.link:512466", "8581722.link:512467"], "lines": [{"line_id": "96-222-3-j24-1", "route_id": "9.TA.96-222-3-j24-1.2.R", "mode": "bus", "line_name": "183"}, {"line_id": "96-222-3-j24-1", "route_id": "4.TA.96-222-3-j24-1.5.H", "mode": "bus", "line_name": "183"}], "predominant_mode": "bus", "assigned_canton": "Appenzell Ausserrhoden", "modes_list": ["bus"]}, "geometry": {"type": "Point", "coordinates": [9.232894060100843, 47.34366218249197]}}, {"id": "23971", "type": "Feature", "properties": {"name": "Schwellbrunn, Winkfeld", "lon": 9.266769521241557, "lat": 47.34920103201387, "stop_id": ["8506608.link:647166", "8506608.link:647167"], "lines": [{"line_id": "96-220-3-j24-1", "route_id": "44.TA.96-220-3-j24-1.11.R", "mode": "bus", "line_name": "182"}, {"line_id": "96-220-3-j24-1", "route_id": "52.TA.96-220-3-j24-1.12.R", "mode": "bus", "line_name": "182"}, {"line_id": "96-220-3-j24-1", "route_id": "17.TA.96-220-3-j24-1.16.H", "mode": "bus", "line_name": "182"}, {"line_id": "96-220-3-j24-1", "route_id": "15.TA.96-220-3-j24-1.15.H", "mode": "bus", "line_name": "182"}, {"line_id": "96-220-3-j24-1", "route_id": "13.TA.96-220-3-j24-1.15.H", "mode": "bus", "line_name": "182"}], "predominant_mode": "bus", "assigned_canton": "Appenzell Ausserrhoden", "modes_list": ["bus"]}, "geometry": {"type": "Point", "coordinates": [9.26676953032617, 47.349201041950124]}}, {"id": "23983", "type": "Feature", "properties": {"name": "Schwendi bei Heiden", "lon": 9.530649644977622, "lat": 47.45946748785793, "stop_id": ["8506354.link:160610", "8506354.link:160611"], "lines": [{"line_id": "91-25-A-j24-1", "route_id": "16.TA.91-25-A-j24-1.1.H", "mode": "rail", "line_name": "S25"}, {"line_id": "91-25-A-j24-1", "route_id": "42.TA.91-25-A-j24-1.2.H", "mode": "rail", "line_name": "S25"}, {"line_id": "91-25-A-j24-1", "route_id": "12.TA.91-25-A-j24-1.1.H", "mode": "rail", "line_name": "S25"}, {"line_id": "91-25-A-j24-1", "route_id": "9.TA.91-25-A-j24-1.1.H", "mode": "rail", "line_name": "S25"}, {"line_id": "91-25-A-j24-1", "route_id": "89.TA.91-25-A-j24-1.4.R", "mode": "rail", "line_name": "S25"}, {"line_id": "91-25-A-j24-1", "route_id": "67.TA.91-25-A-j24-1.3.R", "mode": "rail", "line_name": "S25"}, {"line_id": "91-25-A-j24-1", "route_id": "72.TA.91-25-A-j24-1.3.R", "mode": "rail", "line_name": "S25"}], "predominant_mode": "rail", "assigned_canton": "Appenzell Ausserrhoden", "modes_list": ["rail"]}, "geometry": {"type": "Point", "coordinates": [9.530649654261765, 47.45946749774351]}}, {"id": "24046", "type": "Feature", "properties": {"name": "Schw\u00e4galp (S\u00e4ntis-Schwebebahn)", "lon": 9.31768602820053, "lat": 47.25640636121346, "stop_id": ["8506268.link:pt_8506268"], "lines": [{"line_id": "93-80-Y-j24-1", "route_id": "13.TA.93-80-Y-j24-1.1.H", "mode": "cable car", "line_name": "PB"}, {"line_id": "93-80-Y-j24-1", "route_id": "43.TA.93-80-Y-j24-1.2.R", "mode": "cable car", "line_name": "PB"}], "predominant_mode": "cable car", "assigned_canton": "Appenzell Ausserrhoden", "modes_list": ["cable car"]}, "geometry": {"type": "Point", "coordinates": [9.317686037363, 47.25640637110366]}}, {"id": "24047", "type": "Feature", "properties": {"name": "Schw\u00e4galp, Passh\u00f6he", "lon": 9.309161018170245, "lat": 47.25558326134753, "stop_id": ["8506794.link:1250330", "8506794.link:1250331"], "lines": [{"line_id": "96-234-0-j24-1", "route_id": "36.TA.96-234-0-j24-1.2.H", "mode": "bus", "line_name": "792"}, {"line_id": "96-234-1-j24-1", "route_id": "78.TA.96-234-1-j24-1.2.R", "mode": "bus", "line_name": "791"}, {"line_id": "96-234-0-j24-1", "route_id": "47.TA.96-234-0-j24-1.4.R", "mode": "bus", "line_name": "792"}, {"line_id": "96-234-1-j24-1", "route_id": "17.TA.96-234-1-j24-1.1.H", "mode": "bus", "line_name": "791"}], "predominant_mode": "bus", "assigned_canton": "Appenzell Ausserrhoden", "modes_list": ["bus"]}, "geometry": {"type": "Point", "coordinates": [9.309161027325187, 47.25558327124011]}}, {"id": "24048", "type": "Feature", "properties": {"name": "Schw\u00e4galp, S\u00e4ntis-Schwebebahn", "lon": 9.318566378194623, "lat": 47.25621736119963, "stop_id": ["8506787.link:489699", "8506787.link:489700"], "lines": [{"line_id": "96-234-0-j24-1", "route_id": "47.TA.96-234-0-j24-1.4.R", "mode": "bus", "line_name": "792"}, {"line_id": "96-234-1-j24-1", "route_id": "17.TA.96-234-1-j24-1.1.H", "mode": "bus", "line_name": "791"}, {"line_id": "96-234-0-j24-1", "route_id": "36.TA.96-234-0-j24-1.2.H", "mode": "bus", "line_name": "792"}, {"line_id": "96-234-1-j24-1", "route_id": "78.TA.96-234-1-j24-1.2.R", "mode": "bus", "line_name": "791"}], "predominant_mode": "bus", "assigned_canton": "Appenzell Ausserrhoden", "modes_list": ["bus"]}, "geometry": {"type": "Point", "coordinates": [9.318566387357961, 47.25621737108951]}}, {"id": "24166", "type": "Feature", "properties": {"name": "Sch\u00fctzengarten", "lon": 9.438257913401804, "lat": 47.412722409314036, "stop_id": ["8506365.link:1472845", "8506365.link:1472846"], "lines": [{"line_id": "91-21-j24-1", "route_id": "441.TA.91-21-j24-1.10.R", "mode": "rail", "line_name": "S21"}, {"line_id": "91-22-A-j24-1", "route_id": "117.TA.91-22-A-j24-1.10.R", "mode": "rail", "line_name": "S22"}, {"line_id": "91-20-E-j24-1", "route_id": "15.TA.91-20-E-j24-1.3.R", "mode": "rail", "line_name": "S20"}, {"line_id": "91-22-A-j24-1", "route_id": "122.TA.91-22-A-j24-1.11.R", "mode": "rail", "line_name": "S22"}, {"line_id": "91-22-A-j24-1", "route_id": "77.TA.91-22-A-j24-1.8.R", "mode": "rail", "line_name": "S22"}, {"line_id": "91-22-A-j24-1", "route_id": "85.TA.91-22-A-j24-1.9.R", "mode": "rail", "line_name": "S22"}, {"line_id": "91-22-A-j24-1", "route_id": "111.TA.91-22-A-j24-1.10.R", "mode": "rail", "line_name": "S22"}, {"line_id": "91-21-j24-1", "route_id": "401.TA.91-21-j24-1.8.R", "mode": "rail", "line_name": "S21"}, {"line_id": "91-21-j24-1", "route_id": "434.TA.91-21-j24-1.10.R", "mode": "rail", "line_name": "S21"}, {"line_id": "91-21-j24-1", "route_id": "453.TA.91-21-j24-1.11.R", "mode": "rail", "line_name": "S21"}, {"line_id": "91-21-j24-1", "route_id": "299.TA.91-21-j24-1.40.R", "mode": "rail", "line_name": "S21"}, {"line_id": "91-21-j24-1", "route_id": "307.TA.91-21-j24-1.41.R", "mode": "rail", "line_name": "S21"}, {"line_id": "91-22-A-j24-1", "route_id": "123.TA.91-22-A-j24-1.11.R", "mode": "rail", "line_name": "S22"}, {"line_id": "91-21-j24-1", "route_id": "449.TA.91-21-j24-1.11.R", "mode": "rail", "line_name": "S21"}, {"line_id": "91-20-E-j24-1", "route_id": "13.TA.91-20-E-j24-1.2.R", "mode": "rail", "line_name": "S20"}, {"line_id": "91-21-j24-1", "route_id": "225.TA.91-21-j24-1.5.H", "mode": "rail", "line_name": "S21"}, {"line_id": "91-22-A-j24-1", "route_id": "39.TA.91-22-A-j24-1.4.H", "mode": "rail", "line_name": "S22"}, {"line_id": "91-22-A-j24-1", "route_id": "52.TA.91-22-A-j24-1.5.H", "mode": "rail", "line_name": "S22"}, {"line_id": "91-21-j24-1", "route_id": "146.TA.91-21-j24-1.5.H", "mode": "rail", "line_name": "S21"}, {"line_id": "91-21-j24-1", "route_id": "212.TA.91-21-j24-1.5.H", "mode": "rail", "line_name": "S21"}, {"line_id": "91-20-E-j24-1", "route_id": "7.TA.91-20-E-j24-1.1.H", "mode": "rail", "line_name": "S20"}, {"line_id": "91-21-j24-1", "route_id": "152.TA.91-21-j24-1.5.H", "mode": "rail", "line_name": "S21"}, {"line_id": "91-21-j24-1", "route_id": "181.TA.91-21-j24-1.5.H", "mode": "rail", "line_name": "S21"}, {"line_id": "91-21-j24-1", "route_id": "108.TA.91-21-j24-1.35.H", "mode": "rail", "line_name": "S21"}, {"line_id": "91-22-A-j24-1", "route_id": "49.TA.91-22-A-j24-1.5.H", "mode": "rail", "line_name": "S22"}, {"line_id": "91-21-j24-1", "route_id": "138.TA.91-21-j24-1.4.H", "mode": "rail", "line_name": "S21"}, {"line_id": "91-22-A-j24-1", "route_id": "60.TA.91-22-A-j24-1.6.H", "mode": "rail", "line_name": "S22"}, {"line_id": "91-22-A-j24-1", "route_id": "21.TA.91-22-A-j24-1.3.H", "mode": "rail", "line_name": "S22"}], "predominant_mode": "rail", "assigned_canton": "Appenzell Ausserrhoden", "modes_list": ["rail"]}, "geometry": {"type": "Point", "coordinates": [9.438257922619965, 47.41272241921543]}}, {"id": "24167", "type": "Feature", "properties": {"name": "Sch\u00fctzengarten, Bahnhof", "lon": 9.43827588340304, "lat": 47.412758889313764, "stop_id": ["8510124.link:467664", "8510124.link:467665"], "lines": [{"line_id": "92-B21-j24-1", "route_id": "15.TA.92-B21-j24-1.8.R", "mode": "bus", "line_name": "B21"}, {"line_id": "92-B21-j24-1", "route_id": "11.TA.92-B21-j24-1.7.R", "mode": "bus", "line_name": "B21"}, {"line_id": "92-B21-j24-1", "route_id": "6.TA.92-B21-j24-1.4.H", "mode": "bus", "line_name": "B21"}, {"line_id": "92-B21-j24-1", "route_id": "4.TA.92-B21-j24-1.3.H", "mode": "bus", "line_name": "B21"}], "predominant_mode": "bus", "assigned_canton": "Appenzell Ausserrhoden", "modes_list": ["bus"]}, "geometry": {"type": "Point", "coordinates": [9.438275892621203, 47.41275889921516]}}, {"id": "24976", "type": "Feature", "properties": {"name": "Speicher", "lon": 9.44271356334626, "lat": 47.41100202924401, "stop_id": ["8506366.link:862854", "8506366.link:862855", "8506366:0:1.link:862854", "8506366:0:1.link:862855", "8506366:0:2.link:862854"], "lines": [{"line_id": "91-21-j24-1", "route_id": "441.TA.91-21-j24-1.10.R", "mode": "rail", "line_name": "S21"}, {"line_id": "91-20-E-j24-1", "route_id": "15.TA.91-20-E-j24-1.3.R", "mode": "rail", "line_name": "S20"}, {"line_id": "91-21-j24-1", "route_id": "401.TA.91-21-j24-1.8.R", "mode": "rail", "line_name": "S21"}, {"line_id": "91-21-j24-1", "route_id": "434.TA.91-21-j24-1.10.R", "mode": "rail", "line_name": "S21"}, {"line_id": "91-21-j24-1", "route_id": "299.TA.91-21-j24-1.40.R", "mode": "rail", "line_name": "S21"}, {"line_id": "91-21-j24-1", "route_id": "234.TA.91-21-j24-1.6.R", "mode": "rail", "line_name": "S21"}, {"line_id": "91-20-E-j24-1", "route_id": "13.TA.91-20-E-j24-1.2.R", "mode": "rail", "line_name": "S20"}, {"line_id": "91-22-A-j24-1", "route_id": "1.TA.91-22-A-j24-1.1.H", "mode": "rail", "line_name": "S22"}, {"line_id": "91-20-E-j24-1", "route_id": "7.TA.91-20-E-j24-1.1.H", "mode": "rail", "line_name": "S20"}, {"line_id": "91-21-j24-1", "route_id": "307.TA.91-21-j24-1.41.R", "mode": "rail", "line_name": "S21"}, {"line_id": "91-21-j24-1", "route_id": "225.TA.91-21-j24-1.5.H", "mode": "rail", "line_name": "S21"}, {"line_id": "91-22-A-j24-1", "route_id": "39.TA.91-22-A-j24-1.4.H", "mode": "rail", "line_name": "S22"}, {"line_id": "91-22-A-j24-1", "route_id": "52.TA.91-22-A-j24-1.5.H", "mode": "rail", "line_name": "S22"}, {"line_id": "91-21-j24-1", "route_id": "146.TA.91-21-j24-1.5.H", "mode": "rail", "line_name": "S21"}, {"line_id": "91-21-j24-1", "route_id": "212.TA.91-21-j24-1.5.H", "mode": "rail", "line_name": "S21"}, {"line_id": "91-21-j24-1", "route_id": "152.TA.91-21-j24-1.5.H", "mode": "rail", "line_name": "S21"}, {"line_id": "91-21-j24-1", "route_id": "181.TA.91-21-j24-1.5.H", "mode": "rail", "line_name": "S21"}, {"line_id": "91-21-j24-1", "route_id": "108.TA.91-21-j24-1.35.H", "mode": "rail", "line_name": "S21"}, {"line_id": "91-22-A-j24-1", "route_id": "49.TA.91-22-A-j24-1.5.H", "mode": "rail", "line_name": "S22"}, {"line_id": "91-21-j24-1", "route_id": "138.TA.91-21-j24-1.4.H", "mode": "rail", "line_name": "S21"}, {"line_id": "91-22-A-j24-1", "route_id": "60.TA.91-22-A-j24-1.6.H", "mode": "rail", "line_name": "S22"}, {"line_id": "91-22-A-j24-1", "route_id": "3.TA.91-22-A-j24-1.2.H", "mode": "rail", "line_name": "S22"}, {"line_id": "91-22-A-j24-1", "route_id": "21.TA.91-22-A-j24-1.3.H", "mode": "rail", "line_name": "S22"}, {"line_id": "91-22-A-j24-1", "route_id": "64.TA.91-22-A-j24-1.7.R", "mode": "rail", "line_name": "S22"}, {"line_id": "91-22-A-j24-1", "route_id": "117.TA.91-22-A-j24-1.10.R", "mode": "rail", "line_name": "S22"}, {"line_id": "91-22-A-j24-1", "route_id": "122.TA.91-22-A-j24-1.11.R", "mode": "rail", "line_name": "S22"}, {"line_id": "91-22-A-j24-1", "route_id": "85.TA.91-22-A-j24-1.9.R", "mode": "rail", "line_name": "S22"}, {"line_id": "91-22-A-j24-1", "route_id": "77.TA.91-22-A-j24-1.8.R", "mode": "rail", "line_name": "S22"}, {"line_id": "91-22-A-j24-1", "route_id": "111.TA.91-22-A-j24-1.10.R", "mode": "rail", "line_name": "S22"}, {"line_id": "91-21-j24-1", "route_id": "453.TA.91-21-j24-1.11.R", "mode": "rail", "line_name": "S21"}, {"line_id": "91-22-A-j24-1", "route_id": "123.TA.91-22-A-j24-1.11.R", "mode": "rail", "line_name": "S22"}, {"line_id": "91-21-j24-1", "route_id": "449.TA.91-21-j24-1.11.R", "mode": "rail", "line_name": "S21"}], "predominant_mode": "rail", "assigned_canton": "Appenzell Ausserrhoden", "modes_list": ["rail"]}, "geometry": {"type": "Point", "coordinates": [9.442713572569017, 47.411002039143455]}}, {"id": "24977", "type": "Feature", "properties": {"name": "Speicher, Almenweg", "lon": 9.440108443159337, "lat": 47.405378459285224, "stop_id": ["8574073.link:1708751", "8574073.link:1708752"], "lines": [{"line_id": "96-221-7-j24-1", "route_id": "35.TA.96-221-7-j24-1.7.R", "mode": "bus", "line_name": "190"}, {"line_id": "96-221-7-j24-1", "route_id": "45.TA.96-221-7-j24-1.9.R", "mode": "bus", "line_name": "190"}, {"line_id": "96-221-7-j24-1", "route_id": "40.TA.96-221-7-j24-1.9.R", "mode": "bus", "line_name": "190"}, {"line_id": "96-221-7-j24-1", "route_id": "46.TA.96-221-7-j24-1.12.R", "mode": "bus", "line_name": "190"}, {"line_id": "96-221-7-j24-1", "route_id": "41.TA.96-221-7-j24-1.9.R", "mode": "bus", "line_name": "190"}, {"line_id": "96-221-7-j24-1", "route_id": "44.TA.96-221-7-j24-1.9.R", "mode": "bus", "line_name": "190"}, {"line_id": "96-221-7-j24-1", "route_id": "47.TA.96-221-7-j24-1.12.R", "mode": "bus", "line_name": "190"}, {"line_id": "96-221-7-j24-1", "route_id": "29.TA.96-221-7-j24-1.5.H", "mode": "bus", "line_name": "190"}, {"line_id": "96-221-7-j24-1", "route_id": "21.TA.96-221-7-j24-1.5.H", "mode": "bus", "line_name": "190"}, {"line_id": "96-221-7-j24-1", "route_id": "5.TA.96-221-7-j24-1.2.H", "mode": "bus", "line_name": "190"}, {"line_id": "96-221-7-j24-1", "route_id": "20.TA.96-221-7-j24-1.4.H", "mode": "bus", "line_name": "190"}, {"line_id": "96-221-7-j24-1", "route_id": "22.TA.96-221-7-j24-1.5.H", "mode": "bus", "line_name": "190"}], "predominant_mode": "bus", "assigned_canton": "Appenzell Ausserrhoden", "modes_list": ["bus"]}, "geometry": {"type": "Point", "coordinates": [9.440108452381724, 47.40537846918378]}}, {"id": "24978", "type": "Feature", "properties": {"name": "Speicher, Bahnhof", "lon": 9.44256084335246, "lat": 47.411190479246365, "stop_id": ["8574075.link:1690586", "8574075.link:183594", "8574075.link:467654"], "lines": [{"line_id": "92-B21-j24-1", "route_id": "6.TA.92-B21-j24-1.4.H", "mode": "bus", "line_name": "B21"}, {"line_id": "92-B21-j24-1", "route_id": "4.TA.92-B21-j24-1.3.H", "mode": "bus", "line_name": "B21"}, {"line_id": "96-221-7-j24-1", "route_id": "35.TA.96-221-7-j24-1.7.R", "mode": "bus", "line_name": "190"}, {"line_id": "96-221-7-j24-1", "route_id": "45.TA.96-221-7-j24-1.9.R", "mode": "bus", "line_name": "190"}, {"line_id": "96-221-7-j24-1", "route_id": "40.TA.96-221-7-j24-1.9.R", "mode": "bus", "line_name": "190"}, {"line_id": "96-221-7-j24-1", "route_id": "46.TA.96-221-7-j24-1.12.R", "mode": "bus", "line_name": "190"}, {"line_id": "92-A01-I-j24-1", "route_id": "66.TA.92-A01-I-j24-1.2.H", "mode": "bus", "line_name": "EV"}, {"line_id": "96-221-7-j24-1", "route_id": "41.TA.96-221-7-j24-1.9.R", "mode": "bus", "line_name": "190"}, {"line_id": "96-221-7-j24-1", "route_id": "29.TA.96-221-7-j24-1.5.H", "mode": "bus", "line_name": "190"}, {"line_id": "96-221-7-j24-1", "route_id": "21.TA.96-221-7-j24-1.5.H", "mode": "bus", "line_name": "190"}, {"line_id": "96-221-7-j24-1", "route_id": "44.TA.96-221-7-j24-1.9.R", "mode": "bus", "line_name": "190"}, {"line_id": "96-221-7-j24-1", "route_id": "14.TA.96-221-7-j24-1.3.H", "mode": "bus", "line_name": "190"}, {"line_id": "96-221-7-j24-1", "route_id": "47.TA.96-221-7-j24-1.12.R", "mode": "bus", "line_name": "190"}, {"line_id": "96-221-7-j24-1", "route_id": "20.TA.96-221-7-j24-1.4.H", "mode": "bus", "line_name": "190"}, {"line_id": "96-221-7-j24-1", "route_id": "22.TA.96-221-7-j24-1.5.H", "mode": "bus", "line_name": "190"}, {"line_id": "92-B21-j24-1", "route_id": "11.TA.92-B21-j24-1.7.R", "mode": "bus", "line_name": "B21"}, {"line_id": "96-221-7-j24-1", "route_id": "31.TA.96-221-7-j24-1.6.R", "mode": "bus", "line_name": "190"}, {"line_id": "96-221-7-j24-1", "route_id": "5.TA.96-221-7-j24-1.2.H", "mode": "bus", "line_name": "190"}, {"line_id": "92-A01-I-j24-1", "route_id": "131.TA.92-A01-I-j24-1.6.R", "mode": "bus", "line_name": "EV"}, {"line_id": "96-221-7-j24-1", "route_id": "39.TA.96-221-7-j24-1.11.R", "mode": "bus", "line_name": "190"}, {"line_id": "92-B21-j24-1", "route_id": "15.TA.92-B21-j24-1.8.R", "mode": "bus", "line_name": "B21"}], "predominant_mode": "bus", "assigned_canton": "Appenzell Ausserrhoden", "modes_list": ["bus"]}, "geometry": {"type": "Point", "coordinates": [9.44256085257502, 47.411190489145916]}}, {"id": "24979", "type": "Feature", "properties": {"name": "Speicher, Buchen", "lon": 9.446495463330546, "lat": 47.4104913691845, "stop_id": ["8594233.link:380795", "8594233.link:380796"], "lines": [{"line_id": "96-221-7-j24-1", "route_id": "45.TA.96-221-7-j24-1.9.R", "mode": "bus", "line_name": "190"}, {"line_id": "96-221-7-j24-1", "route_id": "40.TA.96-221-7-j24-1.9.R", "mode": "bus", "line_name": "190"}, {"line_id": "96-221-7-j24-1", "route_id": "46.TA.96-221-7-j24-1.12.R", "mode": "bus", "line_name": "190"}, {"line_id": "96-221-7-j24-1", "route_id": "41.TA.96-221-7-j24-1.9.R", "mode": "bus", "line_name": "190"}, {"line_id": "96-221-7-j24-1", "route_id": "44.TA.96-221-7-j24-1.9.R", "mode": "bus", "line_name": "190"}, {"line_id": "96-221-7-j24-1", "route_id": "31.TA.96-221-7-j24-1.6.R", "mode": "bus", "line_name": "190"}, {"line_id": "96-221-7-j24-1", "route_id": "47.TA.96-221-7-j24-1.12.R", "mode": "bus", "line_name": "190"}, {"line_id": "96-221-7-j24-1", "route_id": "39.TA.96-221-7-j24-1.11.R", "mode": "bus", "line_name": "190"}, {"line_id": "96-221-7-j24-1", "route_id": "29.TA.96-221-7-j24-1.5.H", "mode": "bus", "line_name": "190"}, {"line_id": "96-221-7-j24-1", "route_id": "21.TA.96-221-7-j24-1.5.H", "mode": "bus", "line_name": "190"}, {"line_id": "96-221-7-j24-1", "route_id": "14.TA.96-221-7-j24-1.3.H", "mode": "bus", "line_name": "190"}, {"line_id": "96-221-7-j24-1", "route_id": "20.TA.96-221-7-j24-1.4.H", "mode": "bus", "line_name": "190"}, {"line_id": "96-221-7-j24-1", "route_id": "22.TA.96-221-7-j24-1.5.H", "mode": "bus", "line_name": "190"}], "predominant_mode": "bus", "assigned_canton": "Appenzell Ausserrhoden", "modes_list": ["bus"]}, "geometry": {"type": "Point", "coordinates": [9.446495472556878, 47.410491379082515]}}, {"id": "24980", "type": "Feature", "properties": {"name": "Speicher, Reutenen", "lon": 9.443602893277543, "lat": 47.408916819230086, "stop_id": ["8574074.link:526708", "8574074.link:526709"], "lines": [{"line_id": "96-221-7-j24-1", "route_id": "35.TA.96-221-7-j24-1.7.R", "mode": "bus", "line_name": "190"}, {"line_id": "96-221-7-j24-1", "route_id": "45.TA.96-221-7-j24-1.9.R", "mode": "bus", "line_name": "190"}, {"line_id": "96-221-7-j24-1", "route_id": "40.TA.96-221-7-j24-1.9.R", "mode": "bus", "line_name": "190"}, {"line_id": "96-221-7-j24-1", "route_id": "46.TA.96-221-7-j24-1.12.R", "mode": "bus", "line_name": "190"}, {"line_id": "96-221-7-j24-1", "route_id": "41.TA.96-221-7-j24-1.9.R", "mode": "bus", "line_name": "190"}, {"line_id": "96-221-7-j24-1", "route_id": "44.TA.96-221-7-j24-1.9.R", "mode": "bus", "line_name": "190"}, {"line_id": "96-221-7-j24-1", "route_id": "47.TA.96-221-7-j24-1.12.R", "mode": "bus", "line_name": "190"}, {"line_id": "96-221-7-j24-1", "route_id": "29.TA.96-221-7-j24-1.5.H", "mode": "bus", "line_name": "190"}, {"line_id": "96-221-7-j24-1", "route_id": "21.TA.96-221-7-j24-1.5.H", "mode": "bus", "line_name": "190"}, {"line_id": "96-221-7-j24-1", "route_id": "5.TA.96-221-7-j24-1.2.H", "mode": "bus", "line_name": "190"}, {"line_id": "96-221-7-j24-1", "route_id": "20.TA.96-221-7-j24-1.4.H", "mode": "bus", "line_name": "190"}, {"line_id": "96-221-7-j24-1", "route_id": "22.TA.96-221-7-j24-1.5.H", "mode": "bus", "line_name": "190"}], "predominant_mode": "bus", "assigned_canton": "Appenzell Ausserrhoden", "modes_list": ["bus"]}, "geometry": {"type": "Point", "coordinates": [9.443602902501826, 47.408916829128586]}}, {"id": "24981", "type": "Feature", "properties": {"name": "Speicher, Sitz", "lon": 9.434251433066153, "lat": 47.402618129377466, "stop_id": ["8574072.link:1755915", "8574072.link:1755916"], "lines": [{"line_id": "96-221-7-j24-1", "route_id": "35.TA.96-221-7-j24-1.7.R", "mode": "bus", "line_name": "190"}, {"line_id": "96-221-7-j24-1", "route_id": "45.TA.96-221-7-j24-1.9.R", "mode": "bus", "line_name": "190"}, {"line_id": "96-221-7-j24-1", "route_id": "40.TA.96-221-7-j24-1.9.R", "mode": "bus", "line_name": "190"}, {"line_id": "96-221-7-j24-1", "route_id": "46.TA.96-221-7-j24-1.12.R", "mode": "bus", "line_name": "190"}, {"line_id": "96-221-7-j24-1", "route_id": "41.TA.96-221-7-j24-1.9.R", "mode": "bus", "line_name": "190"}, {"line_id": "96-221-7-j24-1", "route_id": "44.TA.96-221-7-j24-1.9.R", "mode": "bus", "line_name": "190"}, {"line_id": "96-221-7-j24-1", "route_id": "47.TA.96-221-7-j24-1.12.R", "mode": "bus", "line_name": "190"}, {"line_id": "96-221-7-j24-1", "route_id": "29.TA.96-221-7-j24-1.5.H", "mode": "bus", "line_name": "190"}, {"line_id": "96-221-7-j24-1", "route_id": "21.TA.96-221-7-j24-1.5.H", "mode": "bus", "line_name": "190"}, {"line_id": "96-221-7-j24-1", "route_id": "5.TA.96-221-7-j24-1.2.H", "mode": "bus", "line_name": "190"}, {"line_id": "96-221-7-j24-1", "route_id": "20.TA.96-221-7-j24-1.4.H", "mode": "bus", "line_name": "190"}, {"line_id": "96-221-7-j24-1", "route_id": "22.TA.96-221-7-j24-1.5.H", "mode": "bus", "line_name": "190"}], "predominant_mode": "bus", "assigned_canton": "Appenzell Ausserrhoden", "modes_list": ["bus"]}, "geometry": {"type": "Point", "coordinates": [9.434251442284246, 47.40261813927706]}}, {"id": "24982", "type": "Feature", "properties": {"name": "Speicher, Stoss", "lon": 9.444977313528074, "lat": 47.41647302920816, "stop_id": ["8594234.link:380799", "8594234.link:380800"], "lines": [{"line_id": "96-221-7-j24-1", "route_id": "45.TA.96-221-7-j24-1.9.R", "mode": "bus", "line_name": "190"}, {"line_id": "96-221-7-j24-1", "route_id": "40.TA.96-221-7-j24-1.9.R", "mode": "bus", "line_name": "190"}, {"line_id": "96-221-7-j24-1", "route_id": "46.TA.96-221-7-j24-1.12.R", "mode": "bus", "line_name": "190"}, {"line_id": "96-221-7-j24-1", "route_id": "41.TA.96-221-7-j24-1.9.R", "mode": "bus", "line_name": "190"}, {"line_id": "96-221-7-j24-1", "route_id": "44.TA.96-221-7-j24-1.9.R", "mode": "bus", "line_name": "190"}, {"line_id": "96-221-7-j24-1", "route_id": "31.TA.96-221-7-j24-1.6.R", "mode": "bus", "line_name": "190"}, {"line_id": "96-221-7-j24-1", "route_id": "47.TA.96-221-7-j24-1.12.R", "mode": "bus", "line_name": "190"}, {"line_id": "96-221-7-j24-1", "route_id": "39.TA.96-221-7-j24-1.11.R", "mode": "bus", "line_name": "190"}, {"line_id": "96-221-7-j24-1", "route_id": "29.TA.96-221-7-j24-1.5.H", "mode": "bus", "line_name": "190"}, {"line_id": "96-221-7-j24-1", "route_id": "21.TA.96-221-7-j24-1.5.H", "mode": "bus", "line_name": "190"}, {"line_id": "96-221-7-j24-1", "route_id": "14.TA.96-221-7-j24-1.3.H", "mode": "bus", "line_name": "190"}, {"line_id": "96-221-7-j24-1", "route_id": "20.TA.96-221-7-j24-1.4.H", "mode": "bus", "line_name": "190"}, {"line_id": "96-221-7-j24-1", "route_id": "22.TA.96-221-7-j24-1.5.H", "mode": "bus", "line_name": "190"}], "predominant_mode": "bus", "assigned_canton": "Appenzell Ausserrhoden", "modes_list": ["bus"]}, "geometry": {"type": "Point", "coordinates": [9.444977322750951, 47.41647303910853]}}, {"id": "24983", "type": "Feature", "properties": {"name": "Speicherschwendi, B\u00e4ren", "lon": 9.437521293823401, "lat": 47.42546247932511, "stop_id": ["8574466.link:31813", "8574466.link:31814", "8574466.link:498500", "8574466.link:498501"], "lines": [{"line_id": "96-224-2-j24-1", "route_id": "150.TA.96-224-2-j24-1.12.R", "mode": "bus", "line_name": "121"}, {"line_id": "96-224-2-j24-1", "route_id": "127.TA.96-224-2-j24-1.11.R", "mode": "bus", "line_name": "121"}, {"line_id": "96-224-2-j24-1", "route_id": "154.TA.96-224-2-j24-1.12.R", "mode": "bus", "line_name": "121"}, {"line_id": "96-221-7-j24-1", "route_id": "46.TA.96-221-7-j24-1.12.R", "mode": "bus", "line_name": "190"}, {"line_id": "96-224-2-j24-1", "route_id": "123.TA.96-224-2-j24-1.10.R", "mode": "bus", "line_name": "121"}, {"line_id": "96-221-7-j24-1", "route_id": "47.TA.96-221-7-j24-1.12.R", "mode": "bus", "line_name": "190"}, {"line_id": "96-224-2-j24-1", "route_id": "129.TA.96-224-2-j24-1.11.R", "mode": "bus", "line_name": "121"}, {"line_id": "96-221-7-j24-1", "route_id": "39.TA.96-221-7-j24-1.11.R", "mode": "bus", "line_name": "190"}, {"line_id": "96-224-2-j24-1", "route_id": "71.TA.96-224-2-j24-1.5.H", "mode": "bus", "line_name": "121"}, {"line_id": "96-224-2-j24-1", "route_id": "48.TA.96-224-2-j24-1.4.H", "mode": "bus", "line_name": "121"}, {"line_id": "96-224-2-j24-1", "route_id": "31.TA.96-224-2-j24-1.3.H", "mode": "bus", "line_name": "121"}, {"line_id": "96-221-7-j24-1", "route_id": "29.TA.96-221-7-j24-1.5.H", "mode": "bus", "line_name": "190"}, {"line_id": "96-221-7-j24-1", "route_id": "21.TA.96-221-7-j24-1.5.H", "mode": "bus", "line_name": "190"}, {"line_id": "96-221-7-j24-1", "route_id": "14.TA.96-221-7-j24-1.3.H", "mode": "bus", "line_name": "190"}, {"line_id": "96-224-2-j24-1", "route_id": "20.TA.96-224-2-j24-1.2.H", "mode": "bus", "line_name": "121"}, {"line_id": "96-221-7-j24-1", "route_id": "22.TA.96-221-7-j24-1.5.H", "mode": "bus", "line_name": "190"}, {"line_id": "96-221-7-j24-1", "route_id": "20.TA.96-221-7-j24-1.4.H", "mode": "bus", "line_name": "190"}, {"line_id": "96-221-7-j24-1", "route_id": "45.TA.96-221-7-j24-1.9.R", "mode": "bus", "line_name": "190"}, {"line_id": "96-221-7-j24-1", "route_id": "40.TA.96-221-7-j24-1.9.R", "mode": "bus", "line_name": "190"}, {"line_id": "96-221-7-j24-1", "route_id": "41.TA.96-221-7-j24-1.9.R", "mode": "bus", "line_name": "190"}, {"line_id": "96-221-7-j24-1", "route_id": "44.TA.96-221-7-j24-1.9.R", "mode": "bus", "line_name": "190"}, {"line_id": "96-221-7-j24-1", "route_id": "31.TA.96-221-7-j24-1.6.R", "mode": "bus", "line_name": "190"}], "predominant_mode": "bus", "assigned_canton": "Appenzell Ausserrhoden", "modes_list": ["bus"]}, "geometry": {"type": "Point", "coordinates": [9.437521303036444, 47.42546248923064]}}, {"id": "24984", "type": "Feature", "properties": {"name": "Speicherschwendi, Halden", "lon": 9.454131143732774, "lat": 47.42256948906386, "stop_id": ["8594235.link:41039", "8594235.link:41040"], "lines": [{"line_id": "96-221-7-j24-1", "route_id": "45.TA.96-221-7-j24-1.9.R", "mode": "bus", "line_name": "190"}, {"line_id": "96-221-7-j24-1", "route_id": "40.TA.96-221-7-j24-1.9.R", "mode": "bus", "line_name": "190"}, {"line_id": "96-221-7-j24-1", "route_id": "46.TA.96-221-7-j24-1.12.R", "mode": "bus", "line_name": "190"}, {"line_id": "96-221-7-j24-1", "route_id": "41.TA.96-221-7-j24-1.9.R", "mode": "bus", "line_name": "190"}, {"line_id": "96-221-7-j24-1", "route_id": "44.TA.96-221-7-j24-1.9.R", "mode": "bus", "line_name": "190"}, {"line_id": "96-221-7-j24-1", "route_id": "31.TA.96-221-7-j24-1.6.R", "mode": "bus", "line_name": "190"}, {"line_id": "96-221-7-j24-1", "route_id": "47.TA.96-221-7-j24-1.12.R", "mode": "bus", "line_name": "190"}, {"line_id": "96-221-7-j24-1", "route_id": "39.TA.96-221-7-j24-1.11.R", "mode": "bus", "line_name": "190"}, {"line_id": "96-221-7-j24-1", "route_id": "29.TA.96-221-7-j24-1.5.H", "mode": "bus", "line_name": "190"}, {"line_id": "96-221-7-j24-1", "route_id": "21.TA.96-221-7-j24-1.5.H", "mode": "bus", "line_name": "190"}, {"line_id": "96-221-7-j24-1", "route_id": "14.TA.96-221-7-j24-1.3.H", "mode": "bus", "line_name": "190"}, {"line_id": "96-221-7-j24-1", "route_id": "20.TA.96-221-7-j24-1.4.H", "mode": "bus", "line_name": "190"}, {"line_id": "96-221-7-j24-1", "route_id": "22.TA.96-221-7-j24-1.5.H", "mode": "bus", "line_name": "190"}], "predominant_mode": "bus", "assigned_canton": "Appenzell Ausserrhoden", "modes_list": ["bus"]}, "geometry": {"type": "Point", "coordinates": [9.454131152961718, 47.42256949896313]}}, {"id": "24985", "type": "Feature", "properties": {"name": "Speicherschwendi, Sonne", "lon": 9.444609003894442, "lat": 47.42754095921348, "stop_id": ["8574464.link:404002", "8574464.link:404003"], "lines": [{"line_id": "96-221-7-j24-1", "route_id": "45.TA.96-221-7-j24-1.9.R", "mode": "bus", "line_name": "190"}, {"line_id": "96-224-2-j24-1", "route_id": "150.TA.96-224-2-j24-1.12.R", "mode": "bus", "line_name": "121"}, {"line_id": "96-224-2-j24-1", "route_id": "127.TA.96-224-2-j24-1.11.R", "mode": "bus", "line_name": "121"}, {"line_id": "96-221-7-j24-1", "route_id": "40.TA.96-221-7-j24-1.9.R", "mode": "bus", "line_name": "190"}, {"line_id": "96-221-7-j24-1", "route_id": "46.TA.96-221-7-j24-1.12.R", "mode": "bus", "line_name": "190"}, {"line_id": "96-224-2-j24-1", "route_id": "154.TA.96-224-2-j24-1.12.R", "mode": "bus", "line_name": "121"}, {"line_id": "96-221-7-j24-1", "route_id": "41.TA.96-221-7-j24-1.9.R", "mode": "bus", "line_name": "190"}, {"line_id": "96-221-7-j24-1", "route_id": "44.TA.96-221-7-j24-1.9.R", "mode": "bus", "line_name": "190"}, {"line_id": "96-221-7-j24-1", "route_id": "31.TA.96-221-7-j24-1.6.R", "mode": "bus", "line_name": "190"}, {"line_id": "96-224-2-j24-1", "route_id": "123.TA.96-224-2-j24-1.10.R", "mode": "bus", "line_name": "121"}, {"line_id": "96-221-7-j24-1", "route_id": "47.TA.96-221-7-j24-1.12.R", "mode": "bus", "line_name": "190"}, {"line_id": "96-224-2-j24-1", "route_id": "129.TA.96-224-2-j24-1.11.R", "mode": "bus", "line_name": "121"}, {"line_id": "96-221-7-j24-1", "route_id": "39.TA.96-221-7-j24-1.11.R", "mode": "bus", "line_name": "190"}, {"line_id": "96-224-2-j24-1", "route_id": "71.TA.96-224-2-j24-1.5.H", "mode": "bus", "line_name": "121"}, {"line_id": "96-224-2-j24-1", "route_id": "48.TA.96-224-2-j24-1.4.H", "mode": "bus", "line_name": "121"}, {"line_id": "96-224-2-j24-1", "route_id": "31.TA.96-224-2-j24-1.3.H", "mode": "bus", "line_name": "121"}, {"line_id": "96-221-7-j24-1", "route_id": "29.TA.96-221-7-j24-1.5.H", "mode": "bus", "line_name": "190"}, {"line_id": "96-221-7-j24-1", "route_id": "21.TA.96-221-7-j24-1.5.H", "mode": "bus", "line_name": "190"}, {"line_id": "96-221-7-j24-1", "route_id": "14.TA.96-221-7-j24-1.3.H", "mode": "bus", "line_name": "190"}, {"line_id": "96-224-2-j24-1", "route_id": "20.TA.96-224-2-j24-1.2.H", "mode": "bus", "line_name": "121"}, {"line_id": "96-221-7-j24-1", "route_id": "20.TA.96-221-7-j24-1.4.H", "mode": "bus", "line_name": "190"}, {"line_id": "96-221-7-j24-1", "route_id": "22.TA.96-221-7-j24-1.5.H", "mode": "bus", "line_name": "190"}], "predominant_mode": "bus", "assigned_canton": "Appenzell Ausserrhoden", "modes_list": ["bus"]}, "geometry": {"type": "Point", "coordinates": [9.44460901311311, 47.42754096911733]}}, {"id": "24986", "type": "Feature", "properties": {"name": "Speicherschwendi,Hinter d. Ack", "lon": 9.450753483888295, "lat": 47.4272978691168, "stop_id": ["8588566.link:41027", "8588566.link:41028"], "lines": [{"line_id": "96-221-7-j24-1", "route_id": "45.TA.96-221-7-j24-1.9.R", "mode": "bus", "line_name": "190"}, {"line_id": "96-221-7-j24-1", "route_id": "40.TA.96-221-7-j24-1.9.R", "mode": "bus", "line_name": "190"}, {"line_id": "96-221-7-j24-1", "route_id": "46.TA.96-221-7-j24-1.12.R", "mode": "bus", "line_name": "190"}, {"line_id": "96-221-7-j24-1", "route_id": "41.TA.96-221-7-j24-1.9.R", "mode": "bus", "line_name": "190"}, {"line_id": "96-221-7-j24-1", "route_id": "44.TA.96-221-7-j24-1.9.R", "mode": "bus", "line_name": "190"}, {"line_id": "96-221-7-j24-1", "route_id": "31.TA.96-221-7-j24-1.6.R", "mode": "bus", "line_name": "190"}, {"line_id": "96-221-7-j24-1", "route_id": "47.TA.96-221-7-j24-1.12.R", "mode": "bus", "line_name": "190"}, {"line_id": "96-221-7-j24-1", "route_id": "39.TA.96-221-7-j24-1.11.R", "mode": "bus", "line_name": "190"}, {"line_id": "96-221-7-j24-1", "route_id": "29.TA.96-221-7-j24-1.5.H", "mode": "bus", "line_name": "190"}, {"line_id": "96-221-7-j24-1", "route_id": "21.TA.96-221-7-j24-1.5.H", "mode": "bus", "line_name": "190"}, {"line_id": "96-221-7-j24-1", "route_id": "14.TA.96-221-7-j24-1.3.H", "mode": "bus", "line_name": "190"}, {"line_id": "96-221-7-j24-1", "route_id": "20.TA.96-221-7-j24-1.4.H", "mode": "bus", "line_name": "190"}, {"line_id": "96-221-7-j24-1", "route_id": "22.TA.96-221-7-j24-1.5.H", "mode": "bus", "line_name": "190"}], "predominant_mode": "bus", "assigned_canton": "Appenzell Ausserrhoden", "modes_list": ["bus"]}, "geometry": {"type": "Point", "coordinates": [9.450753493112554, 47.4272978790186]}}, {"id": "25859", "type": "Feature", "properties": {"name": "Steigbach", "lon": 9.404912452209842, "lat": 47.377014359839926, "stop_id": ["8506376.link:1102323", "8506376.link:1102324"], "lines": [{"line_id": "91-21-j24-1", "route_id": "225.TA.91-21-j24-1.5.H", "mode": "rail", "line_name": "S21"}, {"line_id": "91-21-j24-1", "route_id": "146.TA.91-21-j24-1.5.H", "mode": "rail", "line_name": "S21"}, {"line_id": "91-21-j24-1", "route_id": "212.TA.91-21-j24-1.5.H", "mode": "rail", "line_name": "S21"}, {"line_id": "91-21-j24-1", "route_id": "152.TA.91-21-j24-1.5.H", "mode": "rail", "line_name": "S21"}, {"line_id": "91-21-j24-1", "route_id": "181.TA.91-21-j24-1.5.H", "mode": "rail", "line_name": "S21"}, {"line_id": "91-21-j24-1", "route_id": "108.TA.91-21-j24-1.35.H", "mode": "rail", "line_name": "S21"}, {"line_id": "91-21-j24-1", "route_id": "138.TA.91-21-j24-1.4.H", "mode": "rail", "line_name": "S21"}, {"line_id": "91-22-A-j24-1", "route_id": "60.TA.91-22-A-j24-1.6.H", "mode": "rail", "line_name": "S22"}, {"line_id": "91-21-j24-1", "route_id": "441.TA.91-21-j24-1.10.R", "mode": "rail", "line_name": "S21"}, {"line_id": "91-22-A-j24-1", "route_id": "122.TA.91-22-A-j24-1.11.R", "mode": "rail", "line_name": "S22"}, {"line_id": "91-21-j24-1", "route_id": "401.TA.91-21-j24-1.8.R", "mode": "rail", "line_name": "S21"}, {"line_id": "91-21-j24-1", "route_id": "434.TA.91-21-j24-1.10.R", "mode": "rail", "line_name": "S21"}, {"line_id": "91-21-j24-1", "route_id": "453.TA.91-21-j24-1.11.R", "mode": "rail", "line_name": "S21"}, {"line_id": "91-21-j24-1", "route_id": "299.TA.91-21-j24-1.40.R", "mode": "rail", "line_name": "S21"}, {"line_id": "91-21-j24-1", "route_id": "307.TA.91-21-j24-1.41.R", "mode": "rail", "line_name": "S21"}, {"line_id": "91-22-A-j24-1", "route_id": "123.TA.91-22-A-j24-1.11.R", "mode": "rail", "line_name": "S22"}, {"line_id": "91-21-j24-1", "route_id": "449.TA.91-21-j24-1.11.R", "mode": "rail", "line_name": "S21"}], "predominant_mode": "rail", "assigned_canton": "Appenzell Ausserrhoden", "modes_list": ["rail"]}, "geometry": {"type": "Point", "coordinates": [9.404912461410412, 47.37701436974105]}}, {"id": "25860", "type": "Feature", "properties": {"name": "Steigbach, Bahnhof", "lon": 9.405226862193441, "lat": 47.37651553983498, "stop_id": ["8510130.link:1087420", "8510130.link:1087421"], "lines": [{"line_id": "92-B21-j24-1", "route_id": "15.TA.92-B21-j24-1.8.R", "mode": "bus", "line_name": "B21"}, {"line_id": "92-B21-j24-1", "route_id": "11.TA.92-B21-j24-1.7.R", "mode": "bus", "line_name": "B21"}, {"line_id": "92-B21-j24-1", "route_id": "6.TA.92-B21-j24-1.4.H", "mode": "bus", "line_name": "B21"}, {"line_id": "92-B21-j24-1", "route_id": "4.TA.92-B21-j24-1.3.H", "mode": "bus", "line_name": "B21"}], "predominant_mode": "bus", "assigned_canton": "Appenzell Ausserrhoden", "modes_list": ["bus"]}, "geometry": {"type": "Point", "coordinates": [9.40522687139447, 47.37651554973581]}}, {"id": "25866", "type": "Feature", "properties": {"name": "Stein AR, Dorf", "lon": 9.343835992050268, "lat": 47.37281683080097, "stop_id": ["8506775.link:851895", "8506775.link:851896"], "lines": [{"line_id": "96-220-1-j24-1", "route_id": "3.TA.96-220-1-j24-1.11.H", "mode": "bus", "line_name": "180"}, {"line_id": "96-220-1-j24-1", "route_id": "21.TA.96-220-1-j24-1.12.H", "mode": "bus", "line_name": "180"}, {"line_id": "96-220-1-j24-1", "route_id": "45.TA.96-220-1-j24-1.8.R", "mode": "bus", "line_name": "180"}, {"line_id": "96-220-1-j24-1", "route_id": "24.TA.96-220-1-j24-1.6.R", "mode": "bus", "line_name": "180"}, {"line_id": "96-220-1-j24-1", "route_id": "32.TA.96-220-1-j24-1.7.R", "mode": "bus", "line_name": "180"}], "predominant_mode": "bus", "assigned_canton": "Appenzell Ausserrhoden", "modes_list": ["bus"]}, "geometry": {"type": "Point", "coordinates": [9.343836001197044, 47.37281684072028]}}, {"id": "25867", "type": "Feature", "properties": {"name": "Stein AR, Hagtobel", "lon": 9.333379601937983, "lat": 47.36953157096554, "stop_id": ["8506603.link:1173735", "8506603.link:1173736"], "lines": [{"line_id": "96-220-1-j24-1", "route_id": "3.TA.96-220-1-j24-1.11.H", "mode": "bus", "line_name": "180"}, {"line_id": "96-220-1-j24-1", "route_id": "21.TA.96-220-1-j24-1.12.H", "mode": "bus", "line_name": "180"}, {"line_id": "96-220-1-j24-1", "route_id": "45.TA.96-220-1-j24-1.8.R", "mode": "bus", "line_name": "180"}, {"line_id": "96-220-1-j24-1", "route_id": "24.TA.96-220-1-j24-1.6.R", "mode": "bus", "line_name": "180"}, {"line_id": "96-220-1-j24-1", "route_id": "32.TA.96-220-1-j24-1.7.R", "mode": "bus", "line_name": "180"}], "predominant_mode": "bus", "assigned_canton": "Appenzell Ausserrhoden", "modes_list": ["bus"]}, "geometry": {"type": "Point", "coordinates": [9.33337961107639, 47.36953158088711]}}, {"id": "25868", "type": "Feature", "properties": {"name": "Stein AR, Rose", "lon": 9.345470932286176, "lat": 47.37993418077504, "stop_id": ["8506606.link:1734520", "8506606.link:1734521"], "lines": [{"line_id": "96-220-1-j24-1", "route_id": "45.TA.96-220-1-j24-1.8.R", "mode": "bus", "line_name": "180"}, {"line_id": "96-220-1-j24-1", "route_id": "24.TA.96-220-1-j24-1.6.R", "mode": "bus", "line_name": "180"}, {"line_id": "96-220-1-j24-1", "route_id": "32.TA.96-220-1-j24-1.7.R", "mode": "bus", "line_name": "180"}, {"line_id": "96-220-1-j24-1", "route_id": "3.TA.96-220-1-j24-1.11.H", "mode": "bus", "line_name": "180"}, {"line_id": "96-220-1-j24-1", "route_id": "21.TA.96-220-1-j24-1.12.H", "mode": "bus", "line_name": "180"}], "predominant_mode": "bus", "assigned_canton": "Appenzell Ausserrhoden", "modes_list": ["bus"]}, "geometry": {"type": "Point", "coordinates": [9.345470941431984, 47.37993419069603]}}, {"id": "25869", "type": "Feature", "properties": {"name": "Stein AR, R\u00e4msen-St\u00f6rgel", "lon": 9.343827012524583, "lat": 47.38716005080072, "stop_id": ["8506605.link:1734687", "8506605.link:1734688"], "lines": [{"line_id": "96-220-1-j24-1", "route_id": "45.TA.96-220-1-j24-1.8.R", "mode": "bus", "line_name": "180"}, {"line_id": "96-220-1-j24-1", "route_id": "24.TA.96-220-1-j24-1.6.R", "mode": "bus", "line_name": "180"}, {"line_id": "96-220-1-j24-1", "route_id": "32.TA.96-220-1-j24-1.7.R", "mode": "bus", "line_name": "180"}, {"line_id": "96-220-1-j24-1", "route_id": "3.TA.96-220-1-j24-1.11.H", "mode": "bus", "line_name": "180"}, {"line_id": "96-220-1-j24-1", "route_id": "21.TA.96-220-1-j24-1.12.H", "mode": "bus", "line_name": "180"}], "predominant_mode": "bus", "assigned_canton": "Appenzell Ausserrhoden", "modes_list": ["bus"]}, "geometry": {"type": "Point", "coordinates": [9.343827021666415, 47.38716006072447]}}, {"id": "25870", "type": "Feature", "properties": {"name": "Stein AR, Schachen", "lon": 9.341949531963554, "lat": 47.370212980830736, "stop_id": ["8574213.link:1578884", "8574213.link:1578885"], "lines": [{"line_id": "96-220-1-j24-1", "route_id": "3.TA.96-220-1-j24-1.11.H", "mode": "bus", "line_name": "180"}, {"line_id": "96-220-1-j24-1", "route_id": "21.TA.96-220-1-j24-1.12.H", "mode": "bus", "line_name": "180"}, {"line_id": "96-220-1-j24-1", "route_id": "45.TA.96-220-1-j24-1.8.R", "mode": "bus", "line_name": "180"}, {"line_id": "96-220-1-j24-1", "route_id": "24.TA.96-220-1-j24-1.6.R", "mode": "bus", "line_name": "180"}, {"line_id": "96-220-1-j24-1", "route_id": "32.TA.96-220-1-j24-1.7.R", "mode": "bus", "line_name": "180"}], "predominant_mode": "bus", "assigned_canton": "Appenzell Ausserrhoden", "modes_list": ["bus"]}, "geometry": {"type": "Point", "coordinates": [9.341949541109509, 47.3702129907498]}}, {"id": "25933", "type": "Feature", "properties": {"name": "Steinfluh", "lon": 9.290071818738264, "lat": 47.27304865164793, "stop_id": ["8506792.link:1808337", "8506792.link:1808338"], "lines": [{"line_id": "96-234-1-j24-1", "route_id": "17.TA.96-234-1-j24-1.1.H", "mode": "bus", "line_name": "791"}, {"line_id": "96-234-1-j24-1", "route_id": "78.TA.96-234-1-j24-1.2.R", "mode": "bus", "line_name": "791"}], "predominant_mode": "bus", "assigned_canton": "Appenzell Ausserrhoden", "modes_list": ["bus"]}, "geometry": {"type": "Point", "coordinates": [9.290071827869877, 47.27304866155229]}}, {"id": "25986", "type": "Feature", "properties": {"name": "Sternen bei Teufen", "lon": 9.374836852612141, "lat": 47.38948331031274, "stop_id": ["8506374.link:1337955", "8506374.link:1337956"], "lines": [{"line_id": "91-21-j24-1", "route_id": "225.TA.91-21-j24-1.5.H", "mode": "rail", "line_name": "S21"}, {"line_id": "91-22-A-j24-1", "route_id": "39.TA.91-22-A-j24-1.4.H", "mode": "rail", "line_name": "S22"}, {"line_id": "91-22-A-j24-1", "route_id": "52.TA.91-22-A-j24-1.5.H", "mode": "rail", "line_name": "S22"}, {"line_id": "91-21-j24-1", "route_id": "146.TA.91-21-j24-1.5.H", "mode": "rail", "line_name": "S21"}, {"line_id": "91-21-j24-1", "route_id": "212.TA.91-21-j24-1.5.H", "mode": "rail", "line_name": "S21"}, {"line_id": "91-21-j24-1", "route_id": "152.TA.91-21-j24-1.5.H", "mode": "rail", "line_name": "S21"}, {"line_id": "91-21-j24-1", "route_id": "181.TA.91-21-j24-1.5.H", "mode": "rail", "line_name": "S21"}, {"line_id": "91-21-j24-1", "route_id": "108.TA.91-21-j24-1.35.H", "mode": "rail", "line_name": "S21"}, {"line_id": "91-22-A-j24-1", "route_id": "49.TA.91-22-A-j24-1.5.H", "mode": "rail", "line_name": "S22"}, {"line_id": "91-21-j24-1", "route_id": "138.TA.91-21-j24-1.4.H", "mode": "rail", "line_name": "S21"}, {"line_id": "91-22-A-j24-1", "route_id": "60.TA.91-22-A-j24-1.6.H", "mode": "rail", "line_name": "S22"}, {"line_id": "91-21-j24-1", "route_id": "441.TA.91-21-j24-1.10.R", "mode": "rail", "line_name": "S21"}, {"line_id": "91-22-A-j24-1", "route_id": "117.TA.91-22-A-j24-1.10.R", "mode": "rail", "line_name": "S22"}, {"line_id": "91-22-A-j24-1", "route_id": "122.TA.91-22-A-j24-1.11.R", "mode": "rail", "line_name": "S22"}, {"line_id": "91-22-A-j24-1", "route_id": "85.TA.91-22-A-j24-1.9.R", "mode": "rail", "line_name": "S22"}, {"line_id": "91-22-A-j24-1", "route_id": "111.TA.91-22-A-j24-1.10.R", "mode": "rail", "line_name": "S22"}, {"line_id": "91-21-j24-1", "route_id": "401.TA.91-21-j24-1.8.R", "mode": "rail", "line_name": "S21"}, {"line_id": "91-21-j24-1", "route_id": "434.TA.91-21-j24-1.10.R", "mode": "rail", "line_name": "S21"}, {"line_id": "91-21-j24-1", "route_id": "453.TA.91-21-j24-1.11.R", "mode": "rail", "line_name": "S21"}, {"line_id": "91-21-j24-1", "route_id": "299.TA.91-21-j24-1.40.R", "mode": "rail", "line_name": "S21"}, {"line_id": "91-21-j24-1", "route_id": "307.TA.91-21-j24-1.41.R", "mode": "rail", "line_name": "S21"}, {"line_id": "91-22-A-j24-1", "route_id": "123.TA.91-22-A-j24-1.11.R", "mode": "rail", "line_name": "S22"}, {"line_id": "91-21-j24-1", "route_id": "449.TA.91-21-j24-1.11.R", "mode": "rail", "line_name": "S21"}], "predominant_mode": "rail", "assigned_canton": "Appenzell Ausserrhoden", "modes_list": ["rail"]}, "geometry": {"type": "Point", "coordinates": [9.374836861781251, 47.38948332022733]}}, {"id": "26053", "type": "Feature", "properties": {"name": "Stoss AR", "lon": 9.495121271701757, "lat": 47.360788148420944, "stop_id": ["8506386.link:828628", "8506386.link:828629"], "lines": [{"line_id": "91-24-A-j24-1", "route_id": "1.TA.91-24-A-j24-1.1.H", "mode": "rail", "line_name": "S24"}, {"line_id": "91-24-A-j24-1", "route_id": "3.TA.91-24-A-j24-1.2.H", "mode": "rail", "line_name": "S24"}, {"line_id": "91-24-A-j24-1", "route_id": "53.TA.91-24-A-j24-1.3.R", "mode": "rail", "line_name": "S24"}], "predominant_mode": "rail", "assigned_canton": "Appenzell Ausserrhoden", "modes_list": ["rail"]}, "geometry": {"type": "Point", "coordinates": [9.495121280989013, 47.36078815828798]}}, {"id": "26054", "type": "Feature", "properties": {"name": "Stoss AR, Bahnhof", "lon": 9.495076351705169, "lat": 47.360891588421616, "stop_id": ["8510168.link:100453", "8510168.link:100454"], "lines": [{"line_id": "92-B24-j24-1", "route_id": "3.TA.92-B24-j24-1.2.R", "mode": "bus", "line_name": "B24"}, {"line_id": "92-B24-j24-1", "route_id": "1.TA.92-B24-j24-1.1.H", "mode": "bus", "line_name": "B24"}], "predominant_mode": "bus", "assigned_canton": "Appenzell Ausserrhoden", "modes_list": ["bus"]}, "geometry": {"type": "Point", "coordinates": [9.495076360992348, 47.3608915982887]}}, {"id": "26060", "type": "Feature", "properties": {"name": "Strahlholz", "lon": 9.431861911872707, "lat": 47.36655032941617, "stop_id": ["8506276.link:1851227", "8506276.link:1851228"], "lines": [{"line_id": "91-21-j24-1", "route_id": "225.TA.91-21-j24-1.5.H", "mode": "rail", "line_name": "S21"}, {"line_id": "91-21-j24-1", "route_id": "146.TA.91-21-j24-1.5.H", "mode": "rail", "line_name": "S21"}, {"line_id": "91-21-j24-1", "route_id": "212.TA.91-21-j24-1.5.H", "mode": "rail", "line_name": "S21"}, {"line_id": "91-21-j24-1", "route_id": "152.TA.91-21-j24-1.5.H", "mode": "rail", "line_name": "S21"}, {"line_id": "91-21-j24-1", "route_id": "181.TA.91-21-j24-1.5.H", "mode": "rail", "line_name": "S21"}, {"line_id": "91-21-j24-1", "route_id": "108.TA.91-21-j24-1.35.H", "mode": "rail", "line_name": "S21"}, {"line_id": "91-21-j24-1", "route_id": "138.TA.91-21-j24-1.4.H", "mode": "rail", "line_name": "S21"}, {"line_id": "91-22-A-j24-1", "route_id": "60.TA.91-22-A-j24-1.6.H", "mode": "rail", "line_name": "S22"}, {"line_id": "91-21-j24-1", "route_id": "441.TA.91-21-j24-1.10.R", "mode": "rail", "line_name": "S21"}, {"line_id": "91-22-A-j24-1", "route_id": "122.TA.91-22-A-j24-1.11.R", "mode": "rail", "line_name": "S22"}, {"line_id": "91-21-j24-1", "route_id": "401.TA.91-21-j24-1.8.R", "mode": "rail", "line_name": "S21"}, {"line_id": "91-21-j24-1", "route_id": "434.TA.91-21-j24-1.10.R", "mode": "rail", "line_name": "S21"}, {"line_id": "91-21-j24-1", "route_id": "453.TA.91-21-j24-1.11.R", "mode": "rail", "line_name": "S21"}, {"line_id": "91-21-j24-1", "route_id": "299.TA.91-21-j24-1.40.R", "mode": "rail", "line_name": "S21"}, {"line_id": "91-21-j24-1", "route_id": "307.TA.91-21-j24-1.41.R", "mode": "rail", "line_name": "S21"}, {"line_id": "91-22-A-j24-1", "route_id": "123.TA.91-22-A-j24-1.11.R", "mode": "rail", "line_name": "S22"}, {"line_id": "91-21-j24-1", "route_id": "449.TA.91-21-j24-1.11.R", "mode": "rail", "line_name": "S21"}], "predominant_mode": "rail", "assigned_canton": "Appenzell Ausserrhoden", "modes_list": ["rail"]}, "geometry": {"type": "Point", "coordinates": [9.431861921101184, 47.36655033930536]}}, {"id": "26061", "type": "Feature", "properties": {"name": "Strahlholz, Bahnhof", "lon": 9.431852921868483, "lat": 47.36642255941635, "stop_id": ["8510131.link:331459", "8510131.link:331460"], "lines": [{"line_id": "92-B21-j24-1", "route_id": "6.TA.92-B21-j24-1.4.H", "mode": "bus", "line_name": "B21"}, {"line_id": "92-B21-j24-1", "route_id": "4.TA.92-B21-j24-1.3.H", "mode": "bus", "line_name": "B21"}, {"line_id": "92-B21-j24-1", "route_id": "15.TA.92-B21-j24-1.8.R", "mode": "bus", "line_name": "B21"}, {"line_id": "92-B21-j24-1", "route_id": "11.TA.92-B21-j24-1.7.R", "mode": "bus", "line_name": "B21"}], "predominant_mode": "bus", "assigned_canton": "Appenzell Ausserrhoden", "modes_list": ["bus"]}, "geometry": {"type": "Point", "coordinates": [9.431852931096994, 47.36642256930555]}}, {"id": "26279", "type": "Feature", "properties": {"name": "S\u00e4ntis", "lon": 9.342102237975181, "lat": 47.24929065082931, "stop_id": ["8506269.link:pt_8506269"], "lines": [{"line_id": "93-80-Y-j24-1", "route_id": "13.TA.93-80-Y-j24-1.1.H", "mode": "cable car", "line_name": "PB"}, {"line_id": "93-80-Y-j24-1", "route_id": "43.TA.93-80-Y-j24-1.2.R", "mode": "cable car", "line_name": "PB"}], "predominant_mode": "cable car", "assigned_canton": "Appenzell Ausserrhoden", "modes_list": ["cable car"]}, "geometry": {"type": "Point", "coordinates": [9.34210224716234, 47.249290660709484]}}, {"id": "26572", "type": "Feature", "properties": {"name": "Teufen AR", "lon": 9.38979380264913, "lat": 47.39045029007739, "stop_id": ["8506375.link:1814098", "8506375.link:1814099", "8506375:0:1.link:884932", "8506375:0:2/3.link:884931", "8506375:0:3.link:884931"], "lines": [{"line_id": "91-22-A-j24-1", "route_id": "111.TA.91-22-A-j24-1.10.R", "mode": "rail", "line_name": "S22"}, {"line_id": "91-22-A-j24-1", "route_id": "117.TA.91-22-A-j24-1.10.R", "mode": "rail", "line_name": "S22"}, {"line_id": "91-22-A-j24-1", "route_id": "85.TA.91-22-A-j24-1.9.R", "mode": "rail", "line_name": "S22"}, {"line_id": "91-22-A-j24-1", "route_id": "52.TA.91-22-A-j24-1.5.H", "mode": "rail", "line_name": "S22"}, {"line_id": "91-22-A-j24-1", "route_id": "39.TA.91-22-A-j24-1.4.H", "mode": "rail", "line_name": "S22"}, {"line_id": "91-22-A-j24-1", "route_id": "49.TA.91-22-A-j24-1.5.H", "mode": "rail", "line_name": "S22"}, {"line_id": "91-21-j24-1", "route_id": "225.TA.91-21-j24-1.5.H", "mode": "rail", "line_name": "S21"}, {"line_id": "91-21-j24-1", "route_id": "146.TA.91-21-j24-1.5.H", "mode": "rail", "line_name": "S21"}, {"line_id": "91-21-j24-1", "route_id": "212.TA.91-21-j24-1.5.H", "mode": "rail", "line_name": "S21"}, {"line_id": "91-20-E-j24-1", "route_id": "7.TA.91-20-E-j24-1.1.H", "mode": "rail", "line_name": "S20"}, {"line_id": "91-21-j24-1", "route_id": "152.TA.91-21-j24-1.5.H", "mode": "rail", "line_name": "S21"}, {"line_id": "91-21-j24-1", "route_id": "181.TA.91-21-j24-1.5.H", "mode": "rail", "line_name": "S21"}, {"line_id": "91-21-j24-1", "route_id": "108.TA.91-21-j24-1.35.H", "mode": "rail", "line_name": "S21"}, {"line_id": "91-21-j24-1", "route_id": "138.TA.91-21-j24-1.4.H", "mode": "rail", "line_name": "S21"}, {"line_id": "91-22-A-j24-1", "route_id": "60.TA.91-22-A-j24-1.6.H", "mode": "rail", "line_name": "S22"}, {"line_id": "91-21-j24-1", "route_id": "401.TA.91-21-j24-1.8.R", "mode": "rail", "line_name": "S21"}, {"line_id": "91-21-j24-1", "route_id": "299.TA.91-21-j24-1.40.R", "mode": "rail", "line_name": "S21"}, {"line_id": "91-21-j24-1", "route_id": "441.TA.91-21-j24-1.10.R", "mode": "rail", "line_name": "S21"}, {"line_id": "91-20-E-j24-1", "route_id": "15.TA.91-20-E-j24-1.3.R", "mode": "rail", "line_name": "S20"}, {"line_id": "91-22-A-j24-1", "route_id": "122.TA.91-22-A-j24-1.11.R", "mode": "rail", "line_name": "S22"}, {"line_id": "91-21-j24-1", "route_id": "434.TA.91-21-j24-1.10.R", "mode": "rail", "line_name": "S21"}, {"line_id": "91-21-j24-1", "route_id": "453.TA.91-21-j24-1.11.R", "mode": "rail", "line_name": "S21"}, {"line_id": "91-21-j24-1", "route_id": "307.TA.91-21-j24-1.41.R", "mode": "rail", "line_name": "S21"}, {"line_id": "91-22-A-j24-1", "route_id": "123.TA.91-22-A-j24-1.11.R", "mode": "rail", "line_name": "S22"}, {"line_id": "91-21-j24-1", "route_id": "449.TA.91-21-j24-1.11.R", "mode": "rail", "line_name": "S21"}, {"line_id": "91-20-E-j24-1", "route_id": "13.TA.91-20-E-j24-1.2.R", "mode": "rail", "line_name": "S20"}], "predominant_mode": "rail", "assigned_canton": "Appenzell Ausserrhoden", "modes_list": ["rail"]}, "geometry": {"type": "Point", "coordinates": [9.38979381183141, 47.39045029998754]}}, {"id": "26573", "type": "Feature", "properties": {"name": "Teufen AR Stofel", "lon": 9.379984202663959, "lat": 47.39099763023172, "stop_id": ["8506470.link:1337965", "8506470.link:1337966"], "lines": [{"line_id": "91-21-j24-1", "route_id": "225.TA.91-21-j24-1.5.H", "mode": "rail", "line_name": "S21"}, {"line_id": "91-22-A-j24-1", "route_id": "39.TA.91-22-A-j24-1.4.H", "mode": "rail", "line_name": "S22"}, {"line_id": "91-22-A-j24-1", "route_id": "52.TA.91-22-A-j24-1.5.H", "mode": "rail", "line_name": "S22"}, {"line_id": "91-21-j24-1", "route_id": "146.TA.91-21-j24-1.5.H", "mode": "rail", "line_name": "S21"}, {"line_id": "91-21-j24-1", "route_id": "212.TA.91-21-j24-1.5.H", "mode": "rail", "line_name": "S21"}, {"line_id": "91-21-j24-1", "route_id": "152.TA.91-21-j24-1.5.H", "mode": "rail", "line_name": "S21"}, {"line_id": "91-21-j24-1", "route_id": "181.TA.91-21-j24-1.5.H", "mode": "rail", "line_name": "S21"}, {"line_id": "91-21-j24-1", "route_id": "108.TA.91-21-j24-1.35.H", "mode": "rail", "line_name": "S21"}, {"line_id": "91-22-A-j24-1", "route_id": "49.TA.91-22-A-j24-1.5.H", "mode": "rail", "line_name": "S22"}, {"line_id": "91-21-j24-1", "route_id": "138.TA.91-21-j24-1.4.H", "mode": "rail", "line_name": "S21"}, {"line_id": "91-22-A-j24-1", "route_id": "60.TA.91-22-A-j24-1.6.H", "mode": "rail", "line_name": "S22"}, {"line_id": "91-21-j24-1", "route_id": "441.TA.91-21-j24-1.10.R", "mode": "rail", "line_name": "S21"}, {"line_id": "91-22-A-j24-1", "route_id": "117.TA.91-22-A-j24-1.10.R", "mode": "rail", "line_name": "S22"}, {"line_id": "91-22-A-j24-1", "route_id": "122.TA.91-22-A-j24-1.11.R", "mode": "rail", "line_name": "S22"}, {"line_id": "91-22-A-j24-1", "route_id": "85.TA.91-22-A-j24-1.9.R", "mode": "rail", "line_name": "S22"}, {"line_id": "91-22-A-j24-1", "route_id": "111.TA.91-22-A-j24-1.10.R", "mode": "rail", "line_name": "S22"}, {"line_id": "91-21-j24-1", "route_id": "401.TA.91-21-j24-1.8.R", "mode": "rail", "line_name": "S21"}, {"line_id": "91-21-j24-1", "route_id": "434.TA.91-21-j24-1.10.R", "mode": "rail", "line_name": "S21"}, {"line_id": "91-21-j24-1", "route_id": "453.TA.91-21-j24-1.11.R", "mode": "rail", "line_name": "S21"}, {"line_id": "91-21-j24-1", "route_id": "299.TA.91-21-j24-1.40.R", "mode": "rail", "line_name": "S21"}, {"line_id": "91-21-j24-1", "route_id": "307.TA.91-21-j24-1.41.R", "mode": "rail", "line_name": "S21"}, {"line_id": "91-22-A-j24-1", "route_id": "123.TA.91-22-A-j24-1.11.R", "mode": "rail", "line_name": "S22"}, {"line_id": "91-21-j24-1", "route_id": "449.TA.91-21-j24-1.11.R", "mode": "rail", "line_name": "S21"}], "predominant_mode": "rail", "assigned_canton": "Appenzell Ausserrhoden", "modes_list": ["rail"]}, "geometry": {"type": "Point", "coordinates": [9.379984211837193, 47.39099764014516]}}, {"id": "26574", "type": "Feature", "properties": {"name": "Teufen AR, Abzw. Obertobel", "lon": 9.411856432918542, "lat": 47.39837398973, "stop_id": ["8574070.link:1408905", "8574070.link:1408906"], "lines": [{"line_id": "96-221-7-j24-1", "route_id": "35.TA.96-221-7-j24-1.7.R", "mode": "bus", "line_name": "190"}, {"line_id": "96-221-7-j24-1", "route_id": "45.TA.96-221-7-j24-1.9.R", "mode": "bus", "line_name": "190"}, {"line_id": "96-221-7-j24-1", "route_id": "40.TA.96-221-7-j24-1.9.R", "mode": "bus", "line_name": "190"}, {"line_id": "96-221-7-j24-1", "route_id": "46.TA.96-221-7-j24-1.12.R", "mode": "bus", "line_name": "190"}, {"line_id": "96-221-7-j24-1", "route_id": "41.TA.96-221-7-j24-1.9.R", "mode": "bus", "line_name": "190"}, {"line_id": "96-221-7-j24-1", "route_id": "44.TA.96-221-7-j24-1.9.R", "mode": "bus", "line_name": "190"}, {"line_id": "96-221-7-j24-1", "route_id": "47.TA.96-221-7-j24-1.12.R", "mode": "bus", "line_name": "190"}, {"line_id": "96-221-7-j24-1", "route_id": "29.TA.96-221-7-j24-1.5.H", "mode": "bus", "line_name": "190"}, {"line_id": "96-221-7-j24-1", "route_id": "21.TA.96-221-7-j24-1.5.H", "mode": "bus", "line_name": "190"}, {"line_id": "96-221-7-j24-1", "route_id": "5.TA.96-221-7-j24-1.2.H", "mode": "bus", "line_name": "190"}, {"line_id": "96-221-7-j24-1", "route_id": "20.TA.96-221-7-j24-1.4.H", "mode": "bus", "line_name": "190"}, {"line_id": "96-221-7-j24-1", "route_id": "22.TA.96-221-7-j24-1.5.H", "mode": "bus", "line_name": "190"}], "predominant_mode": "bus", "assigned_canton": "Appenzell Ausserrhoden", "modes_list": ["bus"]}, "geometry": {"type": "Point", "coordinates": [9.411856442117964, 47.3983739996355]}}, {"id": "26575", "type": "Feature", "properties": {"name": "Teufen AR, Bahnhof", "lon": 9.3898387226377, "lat": 47.3901036300767, "stop_id": ["8574066.link:1782750", "8574066.link:472320", "8574066.link:472321"], "lines": [{"line_id": "96-221-6-j24-1", "route_id": "153.TA.96-221-6-j24-1.8.R", "mode": "bus", "line_name": "191"}, {"line_id": "96-221-7-j24-1", "route_id": "35.TA.96-221-7-j24-1.7.R", "mode": "bus", "line_name": "190"}, {"line_id": "96-221-7-j24-1", "route_id": "45.TA.96-221-7-j24-1.9.R", "mode": "bus", "line_name": "190"}, {"line_id": "92-B21-j24-1", "route_id": "11.TA.92-B21-j24-1.7.R", "mode": "bus", "line_name": "B21"}, {"line_id": "96-221-7-j24-1", "route_id": "40.TA.96-221-7-j24-1.9.R", "mode": "bus", "line_name": "190"}, {"line_id": "96-221-7-j24-1", "route_id": "46.TA.96-221-7-j24-1.12.R", "mode": "bus", "line_name": "190"}, {"line_id": "96-221-7-j24-1", "route_id": "41.TA.96-221-7-j24-1.9.R", "mode": "bus", "line_name": "190"}, {"line_id": "96-221-7-j24-1", "route_id": "44.TA.96-221-7-j24-1.9.R", "mode": "bus", "line_name": "190"}, {"line_id": "96-221-7-j24-1", "route_id": "47.TA.96-221-7-j24-1.12.R", "mode": "bus", "line_name": "190"}, {"line_id": "92-B21-j24-1", "route_id": "15.TA.92-B21-j24-1.8.R", "mode": "bus", "line_name": "B21"}, {"line_id": "96-221-6-j24-1", "route_id": "61.TA.96-221-6-j24-1.3.H", "mode": "bus", "line_name": "191"}, {"line_id": "92-B21-j24-1", "route_id": "4.TA.92-B21-j24-1.3.H", "mode": "bus", "line_name": "B21"}, {"line_id": "96-221-7-j24-1", "route_id": "29.TA.96-221-7-j24-1.5.H", "mode": "bus", "line_name": "190"}, {"line_id": "96-221-7-j24-1", "route_id": "21.TA.96-221-7-j24-1.5.H", "mode": "bus", "line_name": "190"}, {"line_id": "92-B21-j24-1", "route_id": "6.TA.92-B21-j24-1.4.H", "mode": "bus", "line_name": "B21"}, {"line_id": "96-221-7-j24-1", "route_id": "5.TA.96-221-7-j24-1.2.H", "mode": "bus", "line_name": "190"}, {"line_id": "96-221-7-j24-1", "route_id": "20.TA.96-221-7-j24-1.4.H", "mode": "bus", "line_name": "190"}, {"line_id": "96-221-7-j24-1", "route_id": "22.TA.96-221-7-j24-1.5.H", "mode": "bus", "line_name": "190"}], "predominant_mode": "bus", "assigned_canton": "Appenzell Ausserrhoden", "modes_list": ["bus"]}, "geometry": {"type": "Point", "coordinates": [9.38983873182014, 47.390103639986684]}}, {"id": "26576", "type": "Feature", "properties": {"name": "Teufen AR, G\u00e4hlern", "lon": 9.403870402848131, "lat": 47.39632476985571, "stop_id": ["8574069.link:1084255", "8574069.link:1084256"], "lines": [{"line_id": "96-221-7-j24-1", "route_id": "35.TA.96-221-7-j24-1.7.R", "mode": "bus", "line_name": "190"}, {"line_id": "96-221-7-j24-1", "route_id": "45.TA.96-221-7-j24-1.9.R", "mode": "bus", "line_name": "190"}, {"line_id": "96-221-7-j24-1", "route_id": "40.TA.96-221-7-j24-1.9.R", "mode": "bus", "line_name": "190"}, {"line_id": "96-221-7-j24-1", "route_id": "46.TA.96-221-7-j24-1.12.R", "mode": "bus", "line_name": "190"}, {"line_id": "96-221-7-j24-1", "route_id": "41.TA.96-221-7-j24-1.9.R", "mode": "bus", "line_name": "190"}, {"line_id": "96-221-7-j24-1", "route_id": "44.TA.96-221-7-j24-1.9.R", "mode": "bus", "line_name": "190"}, {"line_id": "96-221-7-j24-1", "route_id": "47.TA.96-221-7-j24-1.12.R", "mode": "bus", "line_name": "190"}, {"line_id": "96-221-7-j24-1", "route_id": "29.TA.96-221-7-j24-1.5.H", "mode": "bus", "line_name": "190"}, {"line_id": "96-221-7-j24-1", "route_id": "21.TA.96-221-7-j24-1.5.H", "mode": "bus", "line_name": "190"}, {"line_id": "96-221-7-j24-1", "route_id": "5.TA.96-221-7-j24-1.2.H", "mode": "bus", "line_name": "190"}, {"line_id": "96-221-7-j24-1", "route_id": "20.TA.96-221-7-j24-1.4.H", "mode": "bus", "line_name": "190"}, {"line_id": "96-221-7-j24-1", "route_id": "22.TA.96-221-7-j24-1.5.H", "mode": "bus", "line_name": "190"}], "predominant_mode": "bus", "assigned_canton": "Appenzell Ausserrhoden", "modes_list": ["bus"]}, "geometry": {"type": "Point", "coordinates": [9.403870412041073, 47.39632477976311]}}, {"id": "26577", "type": "Feature", "properties": {"name": "Teufen AR, Sch\u00f6nenb\u00fchl", "lon": 9.389263802507157, "lat": 47.38616260008587, "stop_id": ["8574065.link:1926264", "8574065.link:1926265"], "lines": [{"line_id": "96-221-6-j24-1", "route_id": "61.TA.96-221-6-j24-1.3.H", "mode": "bus", "line_name": "191"}, {"line_id": "96-221-6-j24-1", "route_id": "153.TA.96-221-6-j24-1.8.R", "mode": "bus", "line_name": "191"}], "predominant_mode": "bus", "assigned_canton": "Appenzell Ausserrhoden", "modes_list": ["bus"]}, "geometry": {"type": "Point", "coordinates": [9.389263811690446, 47.38616260999483]}}, {"id": "26578", "type": "Feature", "properties": {"name": "Teufen AR, Stofel", "lon": 9.380100982661986, "lat": 47.39093681022986, "stop_id": ["8583762.link:1839897", "8583762.link:1839898"], "lines": [{"line_id": "92-B21-j24-1", "route_id": "15.TA.92-B21-j24-1.8.R", "mode": "bus", "line_name": "B21"}, {"line_id": "92-B21-j24-1", "route_id": "11.TA.92-B21-j24-1.7.R", "mode": "bus", "line_name": "B21"}, {"line_id": "92-B21-j24-1", "route_id": "6.TA.92-B21-j24-1.4.H", "mode": "bus", "line_name": "B21"}, {"line_id": "92-B21-j24-1", "route_id": "4.TA.92-B21-j24-1.3.H", "mode": "bus", "line_name": "B21"}], "predominant_mode": "bus", "assigned_canton": "Appenzell Ausserrhoden", "modes_list": ["bus"]}, "geometry": {"type": "Point", "coordinates": [9.380100991835345, 47.3909368201432]}}, {"id": "26579", "type": "Feature", "properties": {"name": "Teufen AR, Vorderhaus", "lon": 9.399801032753855, "lat": 47.39351530991984, "stop_id": ["8574068.link:1084263", "8574068.link:1084264"], "lines": [{"line_id": "96-221-7-j24-1", "route_id": "35.TA.96-221-7-j24-1.7.R", "mode": "bus", "line_name": "190"}, {"line_id": "96-221-7-j24-1", "route_id": "45.TA.96-221-7-j24-1.9.R", "mode": "bus", "line_name": "190"}, {"line_id": "96-221-7-j24-1", "route_id": "40.TA.96-221-7-j24-1.9.R", "mode": "bus", "line_name": "190"}, {"line_id": "96-221-7-j24-1", "route_id": "46.TA.96-221-7-j24-1.12.R", "mode": "bus", "line_name": "190"}, {"line_id": "96-221-7-j24-1", "route_id": "41.TA.96-221-7-j24-1.9.R", "mode": "bus", "line_name": "190"}, {"line_id": "96-221-7-j24-1", "route_id": "44.TA.96-221-7-j24-1.9.R", "mode": "bus", "line_name": "190"}, {"line_id": "96-221-7-j24-1", "route_id": "47.TA.96-221-7-j24-1.12.R", "mode": "bus", "line_name": "190"}, {"line_id": "96-221-7-j24-1", "route_id": "29.TA.96-221-7-j24-1.5.H", "mode": "bus", "line_name": "190"}, {"line_id": "96-221-7-j24-1", "route_id": "21.TA.96-221-7-j24-1.5.H", "mode": "bus", "line_name": "190"}, {"line_id": "96-221-7-j24-1", "route_id": "5.TA.96-221-7-j24-1.2.H", "mode": "bus", "line_name": "190"}, {"line_id": "96-221-7-j24-1", "route_id": "20.TA.96-221-7-j24-1.4.H", "mode": "bus", "line_name": "190"}, {"line_id": "96-221-7-j24-1", "route_id": "22.TA.96-221-7-j24-1.5.H", "mode": "bus", "line_name": "190"}], "predominant_mode": "bus", "assigned_canton": "Appenzell Ausserrhoden", "modes_list": ["bus"]}, "geometry": {"type": "Point", "coordinates": [9.399801041944105, 47.39351531982769]}}, {"id": "26580", "type": "Feature", "properties": {"name": "Teufen AR,Steinegg Feuerwehrh.", "lon": 9.42042635302071, "lat": 47.40137775959507, "stop_id": ["8574071.link:1408885", "8574071.link:1408886"], "lines": [{"line_id": "96-221-7-j24-1", "route_id": "35.TA.96-221-7-j24-1.7.R", "mode": "bus", "line_name": "190"}, {"line_id": "96-221-7-j24-1", "route_id": "45.TA.96-221-7-j24-1.9.R", "mode": "bus", "line_name": "190"}, {"line_id": "96-221-7-j24-1", "route_id": "40.TA.96-221-7-j24-1.9.R", "mode": "bus", "line_name": "190"}, {"line_id": "96-221-7-j24-1", "route_id": "46.TA.96-221-7-j24-1.12.R", "mode": "bus", "line_name": "190"}, {"line_id": "96-221-7-j24-1", "route_id": "41.TA.96-221-7-j24-1.9.R", "mode": "bus", "line_name": "190"}, {"line_id": "96-221-7-j24-1", "route_id": "44.TA.96-221-7-j24-1.9.R", "mode": "bus", "line_name": "190"}, {"line_id": "96-221-7-j24-1", "route_id": "47.TA.96-221-7-j24-1.12.R", "mode": "bus", "line_name": "190"}, {"line_id": "96-221-7-j24-1", "route_id": "29.TA.96-221-7-j24-1.5.H", "mode": "bus", "line_name": "190"}, {"line_id": "96-221-7-j24-1", "route_id": "21.TA.96-221-7-j24-1.5.H", "mode": "bus", "line_name": "190"}, {"line_id": "96-221-7-j24-1", "route_id": "5.TA.96-221-7-j24-1.2.H", "mode": "bus", "line_name": "190"}, {"line_id": "96-221-7-j24-1", "route_id": "20.TA.96-221-7-j24-1.4.H", "mode": "bus", "line_name": "190"}, {"line_id": "96-221-7-j24-1", "route_id": "22.TA.96-221-7-j24-1.5.H", "mode": "bus", "line_name": "190"}], "predominant_mode": "bus", "assigned_canton": "Appenzell Ausserrhoden", "modes_list": ["bus"]}, "geometry": {"type": "Point", "coordinates": [9.4204263622268, 47.40137776949874]}}, {"id": "27102", "type": "Feature", "properties": {"name": "Trogen", "lon": 9.46141648322831, "lat": 47.40726317894985, "stop_id": ["8506369.link:1358035", "8506369.link:1358036"], "lines": [{"line_id": "91-21-j24-1", "route_id": "441.TA.91-21-j24-1.10.R", "mode": "rail", "line_name": "S21"}, {"line_id": "91-22-A-j24-1", "route_id": "64.TA.91-22-A-j24-1.7.R", "mode": "rail", "line_name": "S22"}, {"line_id": "91-20-E-j24-1", "route_id": "15.TA.91-20-E-j24-1.3.R", "mode": "rail", "line_name": "S20"}, {"line_id": "91-22-A-j24-1", "route_id": "117.TA.91-22-A-j24-1.10.R", "mode": "rail", "line_name": "S22"}, {"line_id": "91-22-A-j24-1", "route_id": "77.TA.91-22-A-j24-1.8.R", "mode": "rail", "line_name": "S22"}, {"line_id": "91-22-A-j24-1", "route_id": "122.TA.91-22-A-j24-1.11.R", "mode": "rail", "line_name": "S22"}, {"line_id": "91-22-A-j24-1", "route_id": "111.TA.91-22-A-j24-1.10.R", "mode": "rail", "line_name": "S22"}, {"line_id": "91-21-j24-1", "route_id": "401.TA.91-21-j24-1.8.R", "mode": "rail", "line_name": "S21"}, {"line_id": "91-21-j24-1", "route_id": "434.TA.91-21-j24-1.10.R", "mode": "rail", "line_name": "S21"}, {"line_id": "91-21-j24-1", "route_id": "453.TA.91-21-j24-1.11.R", "mode": "rail", "line_name": "S21"}, {"line_id": "91-22-A-j24-1", "route_id": "123.TA.91-22-A-j24-1.11.R", "mode": "rail", "line_name": "S22"}, {"line_id": "91-21-j24-1", "route_id": "234.TA.91-21-j24-1.6.R", "mode": "rail", "line_name": "S21"}, {"line_id": "91-21-j24-1", "route_id": "449.TA.91-21-j24-1.11.R", "mode": "rail", "line_name": "S21"}, {"line_id": "91-20-E-j24-1", "route_id": "13.TA.91-20-E-j24-1.2.R", "mode": "rail", "line_name": "S20"}, {"line_id": "91-21-j24-1", "route_id": "225.TA.91-21-j24-1.5.H", "mode": "rail", "line_name": "S21"}, {"line_id": "91-22-A-j24-1", "route_id": "1.TA.91-22-A-j24-1.1.H", "mode": "rail", "line_name": "S22"}, {"line_id": "91-22-A-j24-1", "route_id": "52.TA.91-22-A-j24-1.5.H", "mode": "rail", "line_name": "S22"}, {"line_id": "91-21-j24-1", "route_id": "146.TA.91-21-j24-1.5.H", "mode": "rail", "line_name": "S21"}, {"line_id": "91-21-j24-1", "route_id": "212.TA.91-21-j24-1.5.H", "mode": "rail", "line_name": "S21"}, {"line_id": "91-20-E-j24-1", "route_id": "7.TA.91-20-E-j24-1.1.H", "mode": "rail", "line_name": "S20"}, {"line_id": "91-21-j24-1", "route_id": "152.TA.91-21-j24-1.5.H", "mode": "rail", "line_name": "S21"}, {"line_id": "91-21-j24-1", "route_id": "181.TA.91-21-j24-1.5.H", "mode": "rail", "line_name": "S21"}, {"line_id": "91-22-A-j24-1", "route_id": "49.TA.91-22-A-j24-1.5.H", "mode": "rail", "line_name": "S22"}, {"line_id": "91-21-j24-1", "route_id": "138.TA.91-21-j24-1.4.H", "mode": "rail", "line_name": "S21"}, {"line_id": "91-22-A-j24-1", "route_id": "60.TA.91-22-A-j24-1.6.H", "mode": "rail", "line_name": "S22"}, {"line_id": "91-22-A-j24-1", "route_id": "3.TA.91-22-A-j24-1.2.H", "mode": "rail", "line_name": "S22"}, {"line_id": "91-22-A-j24-1", "route_id": "21.TA.91-22-A-j24-1.3.H", "mode": "rail", "line_name": "S22"}], "predominant_mode": "rail", "assigned_canton": "Appenzell Ausserrhoden", "modes_list": ["rail"]}, "geometry": {"type": "Point", "coordinates": [9.461416492469146, 47.40726318884214]}}, {"id": "27103", "type": "Feature", "properties": {"name": "Trogen, Bahnhof", "lon": 9.461694963225579, "lat": 47.40717805894547, "stop_id": ["8574160.link:283234", "8574160.link:595539", "8574160.link:595540", "8574160.link:794182", "8574160.link:794183"], "lines": [{"line_id": "96-224-9-j24-1", "route_id": "8.TA.96-224-9-j24-1.2.H", "mode": "bus", "line_name": "230"}, {"line_id": "96-224-9-j24-1", "route_id": "22.TA.96-224-9-j24-1.2.H", "mode": "bus", "line_name": "230"}, {"line_id": "96-224-8-j24-1", "route_id": "3.TA.96-224-8-j24-1.1.H", "mode": "bus", "line_name": "229"}, {"line_id": "96-224-9-j24-1", "route_id": "4.TA.96-224-9-j24-1.1.H", "mode": "bus", "line_name": "230"}, {"line_id": "96-224-9-j24-1", "route_id": "23.TA.96-224-9-j24-1.3.H", "mode": "bus", "line_name": "230"}, {"line_id": "96-224-9-j24-1", "route_id": "2.TA.96-224-9-j24-1.1.H", "mode": "bus", "line_name": "230"}, {"line_id": "96-224-8-j24-1", "route_id": "14.TA.96-224-8-j24-1.3.R", "mode": "bus", "line_name": "229"}, {"line_id": "96-224-9-j24-1", "route_id": "49.TA.96-224-9-j24-1.5.R", "mode": "bus", "line_name": "230"}, {"line_id": "96-224-9-j24-1", "route_id": "47.TA.96-224-9-j24-1.4.R", "mode": "bus", "line_name": "230"}, {"line_id": "96-224-8-j24-1", "route_id": "7.TA.96-224-8-j24-1.2.R", "mode": "bus", "line_name": "229"}, {"line_id": "92-A01-I-j24-1", "route_id": "66.TA.92-A01-I-j24-1.2.H", "mode": "bus", "line_name": "EV"}, {"line_id": "92-B21-j24-1", "route_id": "6.TA.92-B21-j24-1.4.H", "mode": "bus", "line_name": "B21"}, {"line_id": "92-B21-j24-1", "route_id": "4.TA.92-B21-j24-1.3.H", "mode": "bus", "line_name": "B21"}, {"line_id": "92-B21-j24-1", "route_id": "15.TA.92-B21-j24-1.8.R", "mode": "bus", "line_name": "B21"}, {"line_id": "92-A01-I-j24-1", "route_id": "131.TA.92-A01-I-j24-1.6.R", "mode": "bus", "line_name": "EV"}], "predominant_mode": "bus", "assigned_canton": "Appenzell Ausserrhoden", "modes_list": ["bus"]}, "geometry": {"type": "Point", "coordinates": [9.461694972466697, 47.407178068837624]}}, {"id": "27104", "type": "Feature", "properties": {"name": "Trogen, Bleiche", "lon": 9.477352593282834, "lat": 47.40876482869903, "stop_id": ["8574157.link:1354232", "8574157.link:1354233"], "lines": [{"line_id": "96-224-9-j24-1", "route_id": "23.TA.96-224-9-j24-1.3.H", "mode": "bus", "line_name": "230"}, {"line_id": "96-224-9-j24-1", "route_id": "2.TA.96-224-9-j24-1.1.H", "mode": "bus", "line_name": "230"}, {"line_id": "96-224-9-j24-1", "route_id": "8.TA.96-224-9-j24-1.2.H", "mode": "bus", "line_name": "230"}, {"line_id": "96-224-9-j24-1", "route_id": "4.TA.96-224-9-j24-1.1.H", "mode": "bus", "line_name": "230"}, {"line_id": "96-224-9-j24-1", "route_id": "22.TA.96-224-9-j24-1.2.H", "mode": "bus", "line_name": "230"}, {"line_id": "96-224-9-j24-1", "route_id": "47.TA.96-224-9-j24-1.4.R", "mode": "bus", "line_name": "230"}, {"line_id": "96-224-9-j24-1", "route_id": "49.TA.96-224-9-j24-1.5.R", "mode": "bus", "line_name": "230"}], "predominant_mode": "bus", "assigned_canton": "Appenzell Ausserrhoden", "modes_list": ["bus"]}, "geometry": {"type": "Point", "coordinates": [9.477352602537406, 47.4087648385866]}}, {"id": "27105", "type": "Feature", "properties": {"name": "Trogen, Eugst", "lon": 9.487620342982709, "lat": 47.39960226853778, "stop_id": ["8582240.link:1393936", "8582240.link:1393937"], "lines": [{"line_id": "96-224-8-j24-1", "route_id": "14.TA.96-224-8-j24-1.3.R", "mode": "bus", "line_name": "229"}, {"line_id": "96-224-8-j24-1", "route_id": "7.TA.96-224-8-j24-1.2.R", "mode": "bus", "line_name": "229"}, {"line_id": "96-224-8-j24-1", "route_id": "3.TA.96-224-8-j24-1.1.H", "mode": "bus", "line_name": "229"}], "predominant_mode": "bus", "assigned_canton": "Appenzell Ausserrhoden", "modes_list": ["bus"]}, "geometry": {"type": "Point", "coordinates": [9.487620352249676, 47.399602278419266]}}, {"id": "27106", "type": "Feature", "properties": {"name": "Trogen, H\u00fcttschwendi", "lon": 9.478574303029895, "lat": 47.401110218680095, "stop_id": ["8578478.link:1393924", "8578478.link:1393925"], "lines": [{"line_id": "96-224-8-j24-1", "route_id": "14.TA.96-224-8-j24-1.3.R", "mode": "bus", "line_name": "229"}, {"line_id": "96-224-8-j24-1", "route_id": "7.TA.96-224-8-j24-1.2.R", "mode": "bus", "line_name": "229"}, {"line_id": "96-224-8-j24-1", "route_id": "3.TA.96-224-8-j24-1.1.H", "mode": "bus", "line_name": "229"}], "predominant_mode": "bus", "assigned_canton": "Appenzell Ausserrhoden", "modes_list": ["bus"]}, "geometry": {"type": "Point", "coordinates": [9.478574312288247, 47.40111022856495]}}, {"id": "27107", "type": "Feature", "properties": {"name": "Trogen, Landsgemeindeplatz", "lon": 9.464434823253365, "lat": 47.40799272890232, "stop_id": ["8574159.link:794178", "8574159.link:794179"], "lines": [{"line_id": "96-224-8-j24-1", "route_id": "14.TA.96-224-8-j24-1.3.R", "mode": "bus", "line_name": "229"}, {"line_id": "96-224-9-j24-1", "route_id": "49.TA.96-224-9-j24-1.5.R", "mode": "bus", "line_name": "230"}, {"line_id": "96-224-9-j24-1", "route_id": "47.TA.96-224-9-j24-1.4.R", "mode": "bus", "line_name": "230"}, {"line_id": "96-224-8-j24-1", "route_id": "7.TA.96-224-8-j24-1.2.R", "mode": "bus", "line_name": "229"}, {"line_id": "96-224-8-j24-1", "route_id": "3.TA.96-224-8-j24-1.1.H", "mode": "bus", "line_name": "229"}, {"line_id": "96-224-9-j24-1", "route_id": "23.TA.96-224-9-j24-1.3.H", "mode": "bus", "line_name": "230"}, {"line_id": "96-224-9-j24-1", "route_id": "2.TA.96-224-9-j24-1.1.H", "mode": "bus", "line_name": "230"}, {"line_id": "96-224-9-j24-1", "route_id": "8.TA.96-224-9-j24-1.2.H", "mode": "bus", "line_name": "230"}, {"line_id": "96-224-9-j24-1", "route_id": "4.TA.96-224-9-j24-1.1.H", "mode": "bus", "line_name": "230"}, {"line_id": "96-224-9-j24-1", "route_id": "22.TA.96-224-9-j24-1.2.H", "mode": "bus", "line_name": "230"}], "predominant_mode": "bus", "assigned_canton": "Appenzell Ausserrhoden", "modes_list": ["bus"]}, "geometry": {"type": "Point", "coordinates": [9.464434832496648, 47.40799273879383]}}, {"id": "27108", "type": "Feature", "properties": {"name": "Trogen, Lindenb\u00fcel", "lon": 9.471001503123592, "lat": 47.40401046879909, "stop_id": ["8582239.link:1393908", "8582239.link:1393909"], "lines": [{"line_id": "96-224-8-j24-1", "route_id": "14.TA.96-224-8-j24-1.3.R", "mode": "bus", "line_name": "229"}, {"line_id": "96-224-8-j24-1", "route_id": "7.TA.96-224-8-j24-1.2.R", "mode": "bus", "line_name": "229"}, {"line_id": "96-224-8-j24-1", "route_id": "3.TA.96-224-8-j24-1.1.H", "mode": "bus", "line_name": "229"}], "predominant_mode": "bus", "assigned_canton": "Appenzell Ausserrhoden", "modes_list": ["bus"]}, "geometry": {"type": "Point", "coordinates": [9.471001512374151, 47.404010478687276]}}, {"id": "27109", "type": "Feature", "properties": {"name": "Trogen, Oberstall", "lon": 9.485338623357036, "lat": 47.410935148573245, "stop_id": ["8581207.link:1759863", "8581207.link:1759864"], "lines": [{"line_id": "96-224-9-j24-1", "route_id": "23.TA.96-224-9-j24-1.3.H", "mode": "bus", "line_name": "230"}, {"line_id": "96-224-9-j24-1", "route_id": "2.TA.96-224-9-j24-1.1.H", "mode": "bus", "line_name": "230"}, {"line_id": "96-224-9-j24-1", "route_id": "8.TA.96-224-9-j24-1.2.H", "mode": "bus", "line_name": "230"}, {"line_id": "96-224-9-j24-1", "route_id": "4.TA.96-224-9-j24-1.1.H", "mode": "bus", "line_name": "230"}, {"line_id": "96-224-9-j24-1", "route_id": "22.TA.96-224-9-j24-1.2.H", "mode": "bus", "line_name": "230"}, {"line_id": "96-224-9-j24-1", "route_id": "47.TA.96-224-9-j24-1.4.R", "mode": "bus", "line_name": "230"}, {"line_id": "96-224-9-j24-1", "route_id": "49.TA.96-224-9-j24-1.5.R", "mode": "bus", "line_name": "230"}], "predominant_mode": "bus", "assigned_canton": "Appenzell Ausserrhoden", "modes_list": ["bus"]}, "geometry": {"type": "Point", "coordinates": [9.48533863261799, 47.410935158458884]}}, {"id": "27110", "type": "Feature", "properties": {"name": "Trogen, Sandegg", "lon": 9.484799633280998, "lat": 47.40864323858183, "stop_id": ["8506716.link:1759873", "8506716.link:1759874"], "lines": [{"line_id": "96-224-9-j24-1", "route_id": "23.TA.96-224-9-j24-1.3.H", "mode": "bus", "line_name": "230"}, {"line_id": "96-224-9-j24-1", "route_id": "2.TA.96-224-9-j24-1.1.H", "mode": "bus", "line_name": "230"}, {"line_id": "96-224-9-j24-1", "route_id": "8.TA.96-224-9-j24-1.2.H", "mode": "bus", "line_name": "230"}, {"line_id": "96-224-9-j24-1", "route_id": "4.TA.96-224-9-j24-1.1.H", "mode": "bus", "line_name": "230"}, {"line_id": "96-224-9-j24-1", "route_id": "22.TA.96-224-9-j24-1.2.H", "mode": "bus", "line_name": "230"}, {"line_id": "96-224-9-j24-1", "route_id": "47.TA.96-224-9-j24-1.4.R", "mode": "bus", "line_name": "230"}, {"line_id": "96-224-9-j24-1", "route_id": "49.TA.96-224-9-j24-1.5.R", "mode": "bus", "line_name": "230"}], "predominant_mode": "bus", "assigned_canton": "Appenzell Ausserrhoden", "modes_list": ["bus"]}, "geometry": {"type": "Point", "coordinates": [9.484799642542276, 47.40864324846696]}}, {"id": "27111", "type": "Feature", "properties": {"name": "Trogen, Schopfacker", "lon": 9.46525229330815, "lat": 47.40964026888938, "stop_id": ["8574158.link:792583", "8574158.link:792584"], "lines": [{"line_id": "96-224-9-j24-1", "route_id": "23.TA.96-224-9-j24-1.3.H", "mode": "bus", "line_name": "230"}, {"line_id": "96-224-9-j24-1", "route_id": "2.TA.96-224-9-j24-1.1.H", "mode": "bus", "line_name": "230"}, {"line_id": "96-224-9-j24-1", "route_id": "8.TA.96-224-9-j24-1.2.H", "mode": "bus", "line_name": "230"}, {"line_id": "96-224-9-j24-1", "route_id": "4.TA.96-224-9-j24-1.1.H", "mode": "bus", "line_name": "230"}, {"line_id": "96-224-9-j24-1", "route_id": "22.TA.96-224-9-j24-1.2.H", "mode": "bus", "line_name": "230"}, {"line_id": "96-224-9-j24-1", "route_id": "47.TA.96-224-9-j24-1.4.R", "mode": "bus", "line_name": "230"}, {"line_id": "96-224-9-j24-1", "route_id": "49.TA.96-224-9-j24-1.5.R", "mode": "bus", "line_name": "230"}], "predominant_mode": "bus", "assigned_canton": "Appenzell Ausserrhoden", "modes_list": ["bus"]}, "geometry": {"type": "Point", "coordinates": [9.465252302551589, 47.40964027878112]}}, {"id": "27599", "type": "Feature", "properties": {"name": "Unterrechstein, Heilbad", "lon": 9.515315404086547, "lat": 47.43270640810061, "stop_id": ["8574081.link:809514", "8574081.link:809515"], "lines": [{"line_id": "96-224-2-j24-1", "route_id": "150.TA.96-224-2-j24-1.12.R", "mode": "bus", "line_name": "121"}, {"line_id": "96-224-2-j24-1", "route_id": "127.TA.96-224-2-j24-1.11.R", "mode": "bus", "line_name": "121"}, {"line_id": "96-224-2-j24-1", "route_id": "154.TA.96-224-2-j24-1.12.R", "mode": "bus", "line_name": "121"}, {"line_id": "96-224-9-j24-1", "route_id": "47.TA.96-224-9-j24-1.4.R", "mode": "bus", "line_name": "230"}, {"line_id": "96-224-2-j24-1", "route_id": "123.TA.96-224-2-j24-1.10.R", "mode": "bus", "line_name": "121"}, {"line_id": "96-224-9-j24-1", "route_id": "49.TA.96-224-9-j24-1.5.R", "mode": "bus", "line_name": "230"}, {"line_id": "96-224-2-j24-1", "route_id": "129.TA.96-224-2-j24-1.11.R", "mode": "bus", "line_name": "121"}, {"line_id": "96-224-2-j24-1", "route_id": "71.TA.96-224-2-j24-1.5.H", "mode": "bus", "line_name": "121"}, {"line_id": "96-224-2-j24-1", "route_id": "48.TA.96-224-2-j24-1.4.H", "mode": "bus", "line_name": "121"}, {"line_id": "96-224-2-j24-1", "route_id": "31.TA.96-224-2-j24-1.3.H", "mode": "bus", "line_name": "121"}, {"line_id": "96-224-9-j24-1", "route_id": "2.TA.96-224-9-j24-1.1.H", "mode": "bus", "line_name": "230"}, {"line_id": "96-224-2-j24-1", "route_id": "20.TA.96-224-2-j24-1.2.H", "mode": "bus", "line_name": "121"}, {"line_id": "96-224-9-j24-1", "route_id": "8.TA.96-224-9-j24-1.2.H", "mode": "bus", "line_name": "230"}, {"line_id": "96-224-9-j24-1", "route_id": "4.TA.96-224-9-j24-1.1.H", "mode": "bus", "line_name": "230"}, {"line_id": "96-224-9-j24-1", "route_id": "22.TA.96-224-9-j24-1.2.H", "mode": "bus", "line_name": "230"}], "predominant_mode": "bus", "assigned_canton": "Appenzell Ausserrhoden", "modes_list": ["bus"]}, "geometry": {"type": "Point", "coordinates": [9.515315413366558, 47.43270641798318]}}, {"id": "27716", "type": "Feature", "properties": {"name": "Urn\u00e4sch", "lon": 9.285463470212854, "lat": 47.317828801720275, "stop_id": ["8506283:0:1.link:1178045", "8506283:0:2.link:1178044"], "lines": [{"line_id": "91-23-A-j24-1", "route_id": "316.TA.91-23-A-j24-1.48.R", "mode": "rail", "line_name": "S23"}, {"line_id": "91-23-A-j24-1", "route_id": "383.TA.91-23-A-j24-1.54.R", "mode": "rail", "line_name": "S23"}, {"line_id": "91-23-A-j24-1", "route_id": "397.TA.91-23-A-j24-1.55.R", "mode": "rail", "line_name": "S23"}, {"line_id": "91-23-A-j24-1", "route_id": "431.TA.91-23-A-j24-1.57.R", "mode": "rail", "line_name": "S23"}, {"line_id": "91-23-A-j24-1", "route_id": "325.TA.91-23-A-j24-1.51.R", "mode": "rail", "line_name": "S23"}, {"line_id": "91-23-A-j24-1", "route_id": "318.TA.91-23-A-j24-1.49.R", "mode": "rail", "line_name": "S23"}, {"line_id": "91-23-A-j24-1", "route_id": "349.TA.91-23-A-j24-1.52.R", "mode": "rail", "line_name": "S23"}, {"line_id": "91-23-A-j24-1", "route_id": "320.TA.91-23-A-j24-1.50.R", "mode": "rail", "line_name": "S23"}, {"line_id": "91-23-A-j24-1", "route_id": "381.TA.91-23-A-j24-1.53.R", "mode": "rail", "line_name": "S23"}, {"line_id": "91-23-A-j24-1", "route_id": "153.TA.91-23-A-j24-1.42.H", "mode": "rail", "line_name": "S23"}, {"line_id": "91-23-A-j24-1", "route_id": "97.TA.91-23-A-j24-1.39.H", "mode": "rail", "line_name": "S23"}, {"line_id": "91-23-A-j24-1", "route_id": "225.TA.91-23-A-j24-1.44.H", "mode": "rail", "line_name": "S23"}, {"line_id": "91-23-A-j24-1", "route_id": "78.TA.91-23-A-j24-1.38.H", "mode": "rail", "line_name": "S23"}, {"line_id": "91-23-A-j24-1", "route_id": "228.TA.91-23-A-j24-1.45.H", "mode": "rail", "line_name": "S23"}, {"line_id": "91-23-A-j24-1", "route_id": "169.TA.91-23-A-j24-1.43.H", "mode": "rail", "line_name": "S23"}, {"line_id": "91-23-A-j24-1", "route_id": "154.TA.91-23-A-j24-1.42.H", "mode": "rail", "line_name": "S23"}], "predominant_mode": "rail", "assigned_canton": "Appenzell Ausserrhoden", "modes_list": ["rail"]}, "geometry": {"type": "Point", "coordinates": [9.285463479325179, 47.31782881164062]}}, {"id": "27717", "type": "Feature", "properties": {"name": "Urn\u00e4sch, Anker", "lon": 9.276336579942374, "lat": 47.30973462186391, "stop_id": ["8574049.link:1102472", "8574049.link:1102473"], "lines": [{"line_id": "96-234-1-j24-1", "route_id": "17.TA.96-234-1-j24-1.1.H", "mode": "bus", "line_name": "791"}, {"line_id": "96-234-1-j24-1", "route_id": "78.TA.96-234-1-j24-1.2.R", "mode": "bus", "line_name": "791"}], "predominant_mode": "bus", "assigned_canton": "Appenzell Ausserrhoden", "modes_list": ["bus"]}, "geometry": {"type": "Point", "coordinates": [9.276336589049077, 47.30973463178454]}}, {"id": "27718", "type": "Feature", "properties": {"name": "Urn\u00e4sch, Bahnhof", "lon": 9.285014310205058, "lat": 47.31759738172733, "stop_id": ["8574047.link:539123", "8574047.link:539124"], "lines": [{"line_id": "96-234-1-j24-1", "route_id": "78.TA.96-234-1-j24-1.2.R", "mode": "bus", "line_name": "791"}, {"line_id": "96-234-1-j24-1", "route_id": "17.TA.96-234-1-j24-1.1.H", "mode": "bus", "line_name": "791"}], "predominant_mode": "bus", "assigned_canton": "Appenzell Ausserrhoden", "modes_list": ["bus"]}, "geometry": {"type": "Point", "coordinates": [9.285014319317053, 47.31759739164775]}}, {"id": "27719", "type": "Feature", "properties": {"name": "Urn\u00e4sch, D\u00fcrrenbach", "lon": 9.271979749491118, "lat": 47.296101451932515, "stop_id": ["8581129.link:349750"], "lines": [{"line_id": "96-234-1-j24-1", "route_id": "17.TA.96-234-1-j24-1.1.H", "mode": "bus", "line_name": "791"}], "predominant_mode": "bus", "assigned_canton": "Appenzell Ausserrhoden", "modes_list": ["bus"]}, "geometry": {"type": "Point", "coordinates": [9.271979758598416, 47.29610146185008]}}, {"id": "27720", "type": "Feature", "properties": {"name": "Urn\u00e4sch, Frohsinn", "lon": 9.273605699646003, "lat": 47.30078026190691, "stop_id": ["8574050.link:1971164"], "lines": [{"line_id": "96-234-1-j24-1", "route_id": "78.TA.96-234-1-j24-1.2.R", "mode": "bus", "line_name": "791"}], "predominant_mode": "bus", "assigned_canton": "Appenzell Ausserrhoden", "modes_list": ["bus"]}, "geometry": {"type": "Point", "coordinates": [9.27360570875322, 47.30078027182553]}}, {"id": "27721", "type": "Feature", "properties": {"name": "Urn\u00e4sch, Hofbach", "lon": 9.277881680056687, "lat": 47.31318195183959, "stop_id": ["8576284.link:1328451", "8576284.link:1328452"], "lines": [{"line_id": "96-234-1-j24-1", "route_id": "17.TA.96-234-1-j24-1.1.H", "mode": "bus", "line_name": "791"}, {"line_id": "96-234-1-j24-1", "route_id": "78.TA.96-234-1-j24-1.2.R", "mode": "bus", "line_name": "791"}], "predominant_mode": "bus", "assigned_canton": "Appenzell Ausserrhoden", "modes_list": ["bus"]}, "geometry": {"type": "Point", "coordinates": [9.277881689163644, 47.313181961760826]}}, {"id": "27722", "type": "Feature", "properties": {"name": "Urn\u00e4sch, H\u00fcsli", "lon": 9.279651369179492, "lat": 47.28655980181184, "stop_id": ["8574051.link:1770958", "8574051.link:1770959"], "lines": [{"line_id": "96-234-1-j24-1", "route_id": "17.TA.96-234-1-j24-1.1.H", "mode": "bus", "line_name": "791"}, {"line_id": "96-234-1-j24-1", "route_id": "78.TA.96-234-1-j24-1.2.R", "mode": "bus", "line_name": "791"}], "predominant_mode": "bus", "assigned_canton": "Appenzell Ausserrhoden", "modes_list": ["bus"]}, "geometry": {"type": "Point", "coordinates": [9.279651378297027, 47.28655981172392]}}, {"id": "27723", "type": "Feature", "properties": {"name": "Urn\u00e4sch, Kleinwald", "lon": 9.30367231844263, "lat": 47.26391738143396, "stop_id": ["8506795.link:1188500", "8506795.link:1188501"], "lines": [{"line_id": "96-234-1-j24-1", "route_id": "17.TA.96-234-1-j24-1.1.H", "mode": "bus", "line_name": "791"}, {"line_id": "96-234-1-j24-1", "route_id": "78.TA.96-234-1-j24-1.2.R", "mode": "bus", "line_name": "791"}], "predominant_mode": "bus", "assigned_canton": "Appenzell Ausserrhoden", "modes_list": ["bus"]}, "geometry": {"type": "Point", "coordinates": [9.30367232758976, 47.26391739133107]}}, {"id": "27724", "type": "Feature", "properties": {"name": "Urn\u00e4sch, Kr\u00e4zerli", "lon": 9.298965138413955, "lat": 47.263100481507976, "stop_id": ["8506793.link:1971231", "8506793.link:1971232"], "lines": [{"line_id": "96-234-1-j24-1", "route_id": "17.TA.96-234-1-j24-1.1.H", "mode": "bus", "line_name": "791"}, {"line_id": "96-234-1-j24-1", "route_id": "78.TA.96-234-1-j24-1.2.R", "mode": "bus", "line_name": "791"}], "predominant_mode": "bus", "assigned_canton": "Appenzell Ausserrhoden", "modes_list": ["bus"]}, "geometry": {"type": "Point", "coordinates": [9.298965147557048, 47.26310049140626]}}, {"id": "27725", "type": "Feature", "properties": {"name": "Urn\u00e4sch, Sonne Thal", "lon": 9.27517775982379, "lat": 47.30615306188216, "stop_id": ["8506790.link:1102480", "8506790.link:1102481"], "lines": [{"line_id": "96-234-1-j24-1", "route_id": "17.TA.96-234-1-j24-1.1.H", "mode": "bus", "line_name": "791"}, {"line_id": "96-234-1-j24-1", "route_id": "78.TA.96-234-1-j24-1.2.R", "mode": "bus", "line_name": "791"}], "predominant_mode": "bus", "assigned_canton": "Appenzell Ausserrhoden", "modes_list": ["bus"]}, "geometry": {"type": "Point", "coordinates": [9.275177768930638, 47.30615307180201]}}, {"id": "28897", "type": "Feature", "properties": {"name": "V\u00f6gelinsegg", "lon": 9.43638942351271, "lat": 47.416090079343306, "stop_id": ["8506364.link:1901895", "8506364.link:1901896"], "lines": [{"line_id": "91-21-j24-1", "route_id": "225.TA.91-21-j24-1.5.H", "mode": "rail", "line_name": "S21"}, {"line_id": "91-22-A-j24-1", "route_id": "39.TA.91-22-A-j24-1.4.H", "mode": "rail", "line_name": "S22"}, {"line_id": "91-22-A-j24-1", "route_id": "52.TA.91-22-A-j24-1.5.H", "mode": "rail", "line_name": "S22"}, {"line_id": "91-21-j24-1", "route_id": "146.TA.91-21-j24-1.5.H", "mode": "rail", "line_name": "S21"}, {"line_id": "91-21-j24-1", "route_id": "212.TA.91-21-j24-1.5.H", "mode": "rail", "line_name": "S21"}, {"line_id": "91-20-E-j24-1", "route_id": "7.TA.91-20-E-j24-1.1.H", "mode": "rail", "line_name": "S20"}, {"line_id": "91-21-j24-1", "route_id": "152.TA.91-21-j24-1.5.H", "mode": "rail", "line_name": "S21"}, {"line_id": "91-21-j24-1", "route_id": "181.TA.91-21-j24-1.5.H", "mode": "rail", "line_name": "S21"}, {"line_id": "91-21-j24-1", "route_id": "108.TA.91-21-j24-1.35.H", "mode": "rail", "line_name": "S21"}, {"line_id": "91-22-A-j24-1", "route_id": "49.TA.91-22-A-j24-1.5.H", "mode": "rail", "line_name": "S22"}, {"line_id": "91-21-j24-1", "route_id": "138.TA.91-21-j24-1.4.H", "mode": "rail", "line_name": "S21"}, {"line_id": "91-22-A-j24-1", "route_id": "60.TA.91-22-A-j24-1.6.H", "mode": "rail", "line_name": "S22"}, {"line_id": "91-22-A-j24-1", "route_id": "21.TA.91-22-A-j24-1.3.H", "mode": "rail", "line_name": "S22"}, {"line_id": "91-21-j24-1", "route_id": "441.TA.91-21-j24-1.10.R", "mode": "rail", "line_name": "S21"}, {"line_id": "91-22-A-j24-1", "route_id": "117.TA.91-22-A-j24-1.10.R", "mode": "rail", "line_name": "S22"}, {"line_id": "91-20-E-j24-1", "route_id": "15.TA.91-20-E-j24-1.3.R", "mode": "rail", "line_name": "S20"}, {"line_id": "91-22-A-j24-1", "route_id": "122.TA.91-22-A-j24-1.11.R", "mode": "rail", "line_name": "S22"}, {"line_id": "91-22-A-j24-1", "route_id": "77.TA.91-22-A-j24-1.8.R", "mode": "rail", "line_name": "S22"}, {"line_id": "91-22-A-j24-1", "route_id": "85.TA.91-22-A-j24-1.9.R", "mode": "rail", "line_name": "S22"}, {"line_id": "91-22-A-j24-1", "route_id": "111.TA.91-22-A-j24-1.10.R", "mode": "rail", "line_name": "S22"}, {"line_id": "91-21-j24-1", "route_id": "401.TA.91-21-j24-1.8.R", "mode": "rail", "line_name": "S21"}, {"line_id": "91-21-j24-1", "route_id": "434.TA.91-21-j24-1.10.R", "mode": "rail", "line_name": "S21"}, {"line_id": "91-21-j24-1", "route_id": "453.TA.91-21-j24-1.11.R", "mode": "rail", "line_name": "S21"}, {"line_id": "91-21-j24-1", "route_id": "299.TA.91-21-j24-1.40.R", "mode": "rail", "line_name": "S21"}, {"line_id": "91-21-j24-1", "route_id": "307.TA.91-21-j24-1.41.R", "mode": "rail", "line_name": "S21"}, {"line_id": "91-22-A-j24-1", "route_id": "123.TA.91-22-A-j24-1.11.R", "mode": "rail", "line_name": "S22"}, {"line_id": "91-21-j24-1", "route_id": "449.TA.91-21-j24-1.11.R", "mode": "rail", "line_name": "S21"}, {"line_id": "91-20-E-j24-1", "route_id": "13.TA.91-20-E-j24-1.2.R", "mode": "rail", "line_name": "S20"}], "predominant_mode": "rail", "assigned_canton": "Appenzell Ausserrhoden", "modes_list": ["rail"]}, "geometry": {"type": "Point", "coordinates": [9.436389432728012, 47.416090089246346]}}, {"id": "28898", "type": "Feature", "properties": {"name": "V\u00f6gelinsegg, Bahnhof", "lon": 9.436434333509728, "lat": 47.4159988993426, "stop_id": ["8510125.link:1793858", "8510125.link:1793859"], "lines": [{"line_id": "92-B21-j24-1", "route_id": "15.TA.92-B21-j24-1.8.R", "mode": "bus", "line_name": "B21"}, {"line_id": "92-B21-j24-1", "route_id": "11.TA.92-B21-j24-1.7.R", "mode": "bus", "line_name": "B21"}, {"line_id": "92-B21-j24-1", "route_id": "6.TA.92-B21-j24-1.4.H", "mode": "bus", "line_name": "B21"}, {"line_id": "92-B21-j24-1", "route_id": "4.TA.92-B21-j24-1.3.H", "mode": "bus", "line_name": "B21"}], "predominant_mode": "bus", "assigned_canton": "Appenzell Ausserrhoden", "modes_list": ["bus"]}, "geometry": {"type": "Point", "coordinates": [9.436434342725102, 47.41599890924558]}}, {"id": "28976", "type": "Feature", "properties": {"name": "Wald AR, Dorf", "lon": 9.491222583532217, "lat": 47.41617517848046, "stop_id": ["8506778.link:1572894", "8506778.link:1572895"], "lines": [{"line_id": "96-224-2-j24-1", "route_id": "71.TA.96-224-2-j24-1.5.H", "mode": "bus", "line_name": "121"}, {"line_id": "96-224-9-j24-1", "route_id": "23.TA.96-224-9-j24-1.3.H", "mode": "bus", "line_name": "230"}, {"line_id": "96-224-9-j24-1", "route_id": "2.TA.96-224-9-j24-1.1.H", "mode": "bus", "line_name": "230"}, {"line_id": "96-224-2-j24-1", "route_id": "123.TA.96-224-2-j24-1.10.R", "mode": "bus", "line_name": "121"}, {"line_id": "96-224-9-j24-1", "route_id": "8.TA.96-224-9-j24-1.2.H", "mode": "bus", "line_name": "230"}, {"line_id": "96-224-9-j24-1", "route_id": "4.TA.96-224-9-j24-1.1.H", "mode": "bus", "line_name": "230"}, {"line_id": "96-224-9-j24-1", "route_id": "22.TA.96-224-9-j24-1.2.H", "mode": "bus", "line_name": "230"}, {"line_id": "96-224-9-j24-1", "route_id": "47.TA.96-224-9-j24-1.4.R", "mode": "bus", "line_name": "230"}, {"line_id": "96-224-9-j24-1", "route_id": "49.TA.96-224-9-j24-1.5.R", "mode": "bus", "line_name": "230"}], "predominant_mode": "bus", "assigned_canton": "Appenzell Ausserrhoden", "modes_list": ["bus"]}, "geometry": {"type": "Point", "coordinates": [9.491222592796584, 47.41617518836583]}}, {"id": "28977", "type": "Feature", "properties": {"name": "Wald AR, Grunholz", "lon": 9.491815473456738, "lat": 47.413889568471255, "stop_id": ["8574156.link:1764500", "8574156.link:1764501"], "lines": [{"line_id": "96-224-9-j24-1", "route_id": "23.TA.96-224-9-j24-1.3.H", "mode": "bus", "line_name": "230"}, {"line_id": "96-224-9-j24-1", "route_id": "2.TA.96-224-9-j24-1.1.H", "mode": "bus", "line_name": "230"}, {"line_id": "96-224-9-j24-1", "route_id": "8.TA.96-224-9-j24-1.2.H", "mode": "bus", "line_name": "230"}, {"line_id": "96-224-9-j24-1", "route_id": "4.TA.96-224-9-j24-1.1.H", "mode": "bus", "line_name": "230"}, {"line_id": "96-224-9-j24-1", "route_id": "22.TA.96-224-9-j24-1.2.H", "mode": "bus", "line_name": "230"}, {"line_id": "96-224-9-j24-1", "route_id": "47.TA.96-224-9-j24-1.4.R", "mode": "bus", "line_name": "230"}, {"line_id": "96-224-9-j24-1", "route_id": "49.TA.96-224-9-j24-1.5.R", "mode": "bus", "line_name": "230"}], "predominant_mode": "bus", "assigned_canton": "Appenzell Ausserrhoden", "modes_list": ["bus"]}, "geometry": {"type": "Point", "coordinates": [9.491815482722439, 47.413889578355736]}}, {"id": "28978", "type": "Feature", "properties": {"name": "Wald AR, Hopsbermoos", "lon": 9.497241293623743, "lat": 47.41888616838559, "stop_id": ["8576150.link:1763235", "8576150.link:1763236"], "lines": [{"line_id": "96-224-2-j24-1", "route_id": "71.TA.96-224-2-j24-1.5.H", "mode": "bus", "line_name": "121"}, {"line_id": "96-224-9-j24-1", "route_id": "23.TA.96-224-9-j24-1.3.H", "mode": "bus", "line_name": "230"}, {"line_id": "96-224-9-j24-1", "route_id": "2.TA.96-224-9-j24-1.1.H", "mode": "bus", "line_name": "230"}, {"line_id": "96-224-2-j24-1", "route_id": "123.TA.96-224-2-j24-1.10.R", "mode": "bus", "line_name": "121"}, {"line_id": "96-224-9-j24-1", "route_id": "8.TA.96-224-9-j24-1.2.H", "mode": "bus", "line_name": "230"}, {"line_id": "96-224-9-j24-1", "route_id": "4.TA.96-224-9-j24-1.1.H", "mode": "bus", "line_name": "230"}, {"line_id": "96-224-9-j24-1", "route_id": "22.TA.96-224-9-j24-1.2.H", "mode": "bus", "line_name": "230"}, {"line_id": "96-224-2-j24-1", "route_id": "71.TA.96-224-2-j24-1.5.H", "mode": "bus", "line_name": "121"}, {"line_id": "96-224-9-j24-1", "route_id": "47.TA.96-224-9-j24-1.4.R", "mode": "bus", "line_name": "230"}, {"line_id": "96-224-9-j24-1", "route_id": "49.TA.96-224-9-j24-1.5.R", "mode": "bus", "line_name": "230"}], "predominant_mode": "bus", "assigned_canton": "Appenzell Ausserrhoden", "modes_list": ["bus"]}, "geometry": {"type": "Point", "coordinates": [9.497241302892524, 47.41888617826982]}}, {"id": "28979", "type": "Feature", "properties": {"name": "Wald AR, Schweizerbund", "lon": 9.499307423693127, "lat": 47.42096490835302, "stop_id": ["8574154.link:1551826", "8574154.link:1551827"], "lines": [{"line_id": "96-224-2-j24-1", "route_id": "71.TA.96-224-2-j24-1.5.H", "mode": "bus", "line_name": "121"}, {"line_id": "96-224-9-j24-1", "route_id": "23.TA.96-224-9-j24-1.3.H", "mode": "bus", "line_name": "230"}, {"line_id": "96-224-9-j24-1", "route_id": "2.TA.96-224-9-j24-1.1.H", "mode": "bus", "line_name": "230"}, {"line_id": "96-224-2-j24-1", "route_id": "123.TA.96-224-2-j24-1.10.R", "mode": "bus", "line_name": "121"}, {"line_id": "96-224-9-j24-1", "route_id": "8.TA.96-224-9-j24-1.2.H", "mode": "bus", "line_name": "230"}, {"line_id": "96-224-9-j24-1", "route_id": "4.TA.96-224-9-j24-1.1.H", "mode": "bus", "line_name": "230"}, {"line_id": "96-224-9-j24-1", "route_id": "22.TA.96-224-9-j24-1.2.H", "mode": "bus", "line_name": "230"}, {"line_id": "96-224-2-j24-1", "route_id": "71.TA.96-224-2-j24-1.5.H", "mode": "bus", "line_name": "121"}, {"line_id": "96-224-9-j24-1", "route_id": "47.TA.96-224-9-j24-1.4.R", "mode": "bus", "line_name": "230"}, {"line_id": "96-224-9-j24-1", "route_id": "49.TA.96-224-9-j24-1.5.R", "mode": "bus", "line_name": "230"}], "predominant_mode": "bus", "assigned_canton": "Appenzell Ausserrhoden", "modes_list": ["bus"]}, "geometry": {"type": "Point", "coordinates": [9.499307432963024, 47.4209649182372]}}, {"id": "28980", "type": "Feature", "properties": {"name": "Wald AR, Unterdorf", "lon": 9.487701183475439, "lat": 47.41449137853594, "stop_id": ["8574155.link:41073", "8574155.link:41074"], "lines": [{"line_id": "96-224-9-j24-1", "route_id": "23.TA.96-224-9-j24-1.3.H", "mode": "bus", "line_name": "230"}, {"line_id": "96-224-9-j24-1", "route_id": "2.TA.96-224-9-j24-1.1.H", "mode": "bus", "line_name": "230"}, {"line_id": "96-224-9-j24-1", "route_id": "8.TA.96-224-9-j24-1.2.H", "mode": "bus", "line_name": "230"}, {"line_id": "96-224-9-j24-1", "route_id": "4.TA.96-224-9-j24-1.1.H", "mode": "bus", "line_name": "230"}, {"line_id": "96-224-9-j24-1", "route_id": "22.TA.96-224-9-j24-1.2.H", "mode": "bus", "line_name": "230"}, {"line_id": "96-224-9-j24-1", "route_id": "47.TA.96-224-9-j24-1.4.R", "mode": "bus", "line_name": "230"}, {"line_id": "96-224-9-j24-1", "route_id": "49.TA.96-224-9-j24-1.5.R", "mode": "bus", "line_name": "230"}], "predominant_mode": "bus", "assigned_canton": "Appenzell Ausserrhoden", "modes_list": ["bus"]}, "geometry": {"type": "Point", "coordinates": [9.487701192737253, 47.41449138842194]}}, {"id": "29094", "type": "Feature", "properties": {"name": "Waldstatt", "lon": 9.286110251523528, "lat": 47.35751431170947, "stop_id": ["8506281:0:1.link:292750", "8506281:0:2.link:292749"], "lines": [{"line_id": "91-23-A-j24-1", "route_id": "316.TA.91-23-A-j24-1.48.R", "mode": "rail", "line_name": "S23"}, {"line_id": "91-23-A-j24-1", "route_id": "383.TA.91-23-A-j24-1.54.R", "mode": "rail", "line_name": "S23"}, {"line_id": "91-23-A-j24-1", "route_id": "397.TA.91-23-A-j24-1.55.R", "mode": "rail", "line_name": "S23"}, {"line_id": "91-23-A-j24-1", "route_id": "431.TA.91-23-A-j24-1.57.R", "mode": "rail", "line_name": "S23"}, {"line_id": "91-23-A-j24-1", "route_id": "325.TA.91-23-A-j24-1.51.R", "mode": "rail", "line_name": "S23"}, {"line_id": "91-23-A-j24-1", "route_id": "318.TA.91-23-A-j24-1.49.R", "mode": "rail", "line_name": "S23"}, {"line_id": "91-23-A-j24-1", "route_id": "349.TA.91-23-A-j24-1.52.R", "mode": "rail", "line_name": "S23"}, {"line_id": "91-23-A-j24-1", "route_id": "320.TA.91-23-A-j24-1.50.R", "mode": "rail", "line_name": "S23"}, {"line_id": "91-23-A-j24-1", "route_id": "381.TA.91-23-A-j24-1.53.R", "mode": "rail", "line_name": "S23"}, {"line_id": "91-23-A-j24-1", "route_id": "153.TA.91-23-A-j24-1.42.H", "mode": "rail", "line_name": "S23"}, {"line_id": "91-23-A-j24-1", "route_id": "97.TA.91-23-A-j24-1.39.H", "mode": "rail", "line_name": "S23"}, {"line_id": "91-23-A-j24-1", "route_id": "225.TA.91-23-A-j24-1.44.H", "mode": "rail", "line_name": "S23"}, {"line_id": "91-23-A-j24-1", "route_id": "78.TA.91-23-A-j24-1.38.H", "mode": "rail", "line_name": "S23"}, {"line_id": "91-23-A-j24-1", "route_id": "228.TA.91-23-A-j24-1.45.H", "mode": "rail", "line_name": "S23"}, {"line_id": "91-23-A-j24-1", "route_id": "169.TA.91-23-A-j24-1.43.H", "mode": "rail", "line_name": "S23"}, {"line_id": "91-23-A-j24-1", "route_id": "154.TA.91-23-A-j24-1.42.H", "mode": "rail", "line_name": "S23"}], "predominant_mode": "rail", "assigned_canton": "Appenzell Ausserrhoden", "modes_list": ["rail"]}, "geometry": {"type": "Point", "coordinates": [9.28611026062299, 47.35751432164224]}}, {"id": "29095", "type": "Feature", "properties": {"name": "Waldstatt, Adler", "lon": 9.273470961355494, "lat": 47.35257275190839, "stop_id": ["8574190.link:1838387", "8574190.link:1838388"], "lines": [{"line_id": "96-220-3-j24-1", "route_id": "44.TA.96-220-3-j24-1.11.R", "mode": "bus", "line_name": "182"}, {"line_id": "96-220-3-j24-1", "route_id": "52.TA.96-220-3-j24-1.12.R", "mode": "bus", "line_name": "182"}, {"line_id": "96-220-3-j24-1", "route_id": "17.TA.96-220-3-j24-1.16.H", "mode": "bus", "line_name": "182"}, {"line_id": "96-220-3-j24-1", "route_id": "15.TA.96-220-3-j24-1.15.H", "mode": "bus", "line_name": "182"}, {"line_id": "96-220-3-j24-1", "route_id": "13.TA.96-220-3-j24-1.15.H", "mode": "bus", "line_name": "182"}], "predominant_mode": "bus", "assigned_canton": "Appenzell Ausserrhoden", "modes_list": ["bus"]}, "geometry": {"type": "Point", "coordinates": [9.273470970445096, 47.3525727618436]}}, {"id": "29096", "type": "Feature", "properties": {"name": "Waldstatt, Auerhof", "lon": 9.291823541674283, "lat": 47.362011221619504, "stop_id": ["8506709.link:551275", "8506709.link:551276", "8506709.link:867103", "8506709.link:867104"], "lines": [{"line_id": "96-220-1-j24-1", "route_id": "21.TA.96-220-1-j24-1.12.H", "mode": "bus", "line_name": "180"}, {"line_id": "96-220-1-j24-1", "route_id": "45.TA.96-220-1-j24-1.8.R", "mode": "bus", "line_name": "180"}, {"line_id": "96-220-3-j24-1", "route_id": "17.TA.96-220-3-j24-1.16.H", "mode": "bus", "line_name": "182"}, {"line_id": "96-220-3-j24-1", "route_id": "15.TA.96-220-3-j24-1.15.H", "mode": "bus", "line_name": "182"}, {"line_id": "96-220-1-j24-1", "route_id": "3.TA.96-220-1-j24-1.11.H", "mode": "bus", "line_name": "180"}, {"line_id": "96-220-3-j24-1", "route_id": "13.TA.96-220-3-j24-1.15.H", "mode": "bus", "line_name": "182"}, {"line_id": "96-220-3-j24-1", "route_id": "44.TA.96-220-3-j24-1.11.R", "mode": "bus", "line_name": "182"}, {"line_id": "96-220-1-j24-1", "route_id": "24.TA.96-220-1-j24-1.6.R", "mode": "bus", "line_name": "180"}, {"line_id": "96-220-3-j24-1", "route_id": "52.TA.96-220-3-j24-1.12.R", "mode": "bus", "line_name": "182"}, {"line_id": "96-220-1-j24-1", "route_id": "32.TA.96-220-1-j24-1.7.R", "mode": "bus", "line_name": "180"}], "predominant_mode": "bus", "assigned_canton": "Appenzell Ausserrhoden", "modes_list": ["bus"]}, "geometry": {"type": "Point", "coordinates": [9.291823550777435, 47.36201123155189]}}, {"id": "29097", "type": "Feature", "properties": {"name": "Waldstatt, Dorf", "lon": 9.282660721486247, "lat": 47.35642502176376, "stop_id": ["8581667.link:1717657", "8581667.link:1717660"], "lines": [{"line_id": "96-220-3-j24-1", "route_id": "17.TA.96-220-3-j24-1.16.H", "mode": "bus", "line_name": "182"}, {"line_id": "96-220-3-j24-1", "route_id": "15.TA.96-220-3-j24-1.15.H", "mode": "bus", "line_name": "182"}, {"line_id": "96-220-3-j24-1", "route_id": "13.TA.96-220-3-j24-1.15.H", "mode": "bus", "line_name": "182"}, {"line_id": "96-220-3-j24-1", "route_id": "44.TA.96-220-3-j24-1.11.R", "mode": "bus", "line_name": "182"}, {"line_id": "96-220-3-j24-1", "route_id": "52.TA.96-220-3-j24-1.12.R", "mode": "bus", "line_name": "182"}], "predominant_mode": "bus", "assigned_canton": "Appenzell Ausserrhoden", "modes_list": ["bus"]}, "geometry": {"type": "Point", "coordinates": [9.282660730582936, 47.35642503169727]}}, {"id": "29098", "type": "Feature", "properties": {"name": "Waldstatt, Hirschenkreuzung", "lon": 9.287224161564376, "lat": 47.35873746169192, "stop_id": ["8581741.link:1263302", "8581741.link:1263303"], "lines": [{"line_id": "96-220-3-j24-1", "route_id": "44.TA.96-220-3-j24-1.11.R", "mode": "bus", "line_name": "182"}, {"line_id": "96-220-3-j24-1", "route_id": "52.TA.96-220-3-j24-1.12.R", "mode": "bus", "line_name": "182"}, {"line_id": "96-220-1-j24-1", "route_id": "21.TA.96-220-1-j24-1.12.H", "mode": "bus", "line_name": "180"}, {"line_id": "96-220-3-j24-1", "route_id": "17.TA.96-220-3-j24-1.16.H", "mode": "bus", "line_name": "182"}, {"line_id": "96-220-3-j24-1", "route_id": "15.TA.96-220-3-j24-1.15.H", "mode": "bus", "line_name": "182"}, {"line_id": "96-220-1-j24-1", "route_id": "45.TA.96-220-1-j24-1.8.R", "mode": "bus", "line_name": "180"}, {"line_id": "96-220-3-j24-1", "route_id": "13.TA.96-220-3-j24-1.15.H", "mode": "bus", "line_name": "182"}], "predominant_mode": "bus", "assigned_canton": "Appenzell Ausserrhoden", "modes_list": ["bus"]}, "geometry": {"type": "Point", "coordinates": [9.287224170664446, 47.35873747162472]}}, {"id": "29099", "type": "Feature", "properties": {"name": "Waldstatt, Scheidweg", "lon": 9.286182121766089, "lat": 47.36485277170816, "stop_id": ["8506712.link:1003101", "8506712.link:1003102"], "lines": [{"line_id": "96-220-3-j24-1", "route_id": "44.TA.96-220-3-j24-1.11.R", "mode": "bus", "line_name": "182"}, {"line_id": "96-220-1-j24-1", "route_id": "24.TA.96-220-1-j24-1.6.R", "mode": "bus", "line_name": "180"}, {"line_id": "96-220-3-j24-1", "route_id": "52.TA.96-220-3-j24-1.12.R", "mode": "bus", "line_name": "182"}, {"line_id": "96-220-1-j24-1", "route_id": "32.TA.96-220-1-j24-1.7.R", "mode": "bus", "line_name": "180"}, {"line_id": "96-220-3-j24-1", "route_id": "13.TA.96-220-3-j24-1.15.H", "mode": "bus", "line_name": "182"}, {"line_id": "96-220-3-j24-1", "route_id": "17.TA.96-220-3-j24-1.16.H", "mode": "bus", "line_name": "182"}, {"line_id": "96-220-1-j24-1", "route_id": "3.TA.96-220-1-j24-1.11.H", "mode": "bus", "line_name": "180"}, {"line_id": "96-220-3-j24-1", "route_id": "15.TA.96-220-3-j24-1.15.H", "mode": "bus", "line_name": "182"}, {"line_id": "96-220-1-j24-1", "route_id": "21.TA.96-220-1-j24-1.12.H", "mode": "bus", "line_name": "180"}], "predominant_mode": "bus", "assigned_canton": "Appenzell Ausserrhoden", "modes_list": ["bus"]}, "geometry": {"type": "Point", "coordinates": [9.286182130863121, 47.36485278164322]}}, {"id": "29208", "type": "Feature", "properties": {"name": "Walzenhausen", "lon": 9.60135603472442, "lat": 47.45126746674549, "stop_id": ["8506350.link:1340119", "8506350.link:1340120"], "lines": [{"line_id": "91-26-B-j24-1", "route_id": "18.TA.91-26-B-j24-1.1.H", "mode": "rail", "line_name": "S26"}, {"line_id": "91-26-B-j24-1", "route_id": "48.TA.91-26-B-j24-1.2.R", "mode": "rail", "line_name": "S26"}], "predominant_mode": "rail", "assigned_canton": "Appenzell Ausserrhoden", "modes_list": ["rail"]}, "geometry": {"type": "Point", "coordinates": [9.601356044074056, 47.4512674766055]}}, {"id": "29209", "type": "Feature", "properties": {"name": "Walzenhausen, Almendsberg", "lon": 9.592148304864448, "lat": 47.45556200689021, "stop_id": ["8581840.link:785469", "8581840.link:785470"], "lines": [{"line_id": "96-224-5-j24-1", "route_id": "8.TA.96-224-5-j24-1.3.R", "mode": "bus", "line_name": "223"}, {"line_id": "96-224-5-j24-1", "route_id": "10.TA.96-224-5-j24-1.4.R", "mode": "bus", "line_name": "223"}, {"line_id": "96-224-5-j24-1", "route_id": "4.TA.96-224-5-j24-1.2.H", "mode": "bus", "line_name": "223"}, {"line_id": "96-224-5-j24-1", "route_id": "1.TA.96-224-5-j24-1.1.H", "mode": "bus", "line_name": "223"}], "predominant_mode": "bus", "assigned_canton": "Appenzell Ausserrhoden", "modes_list": ["bus"]}, "geometry": {"type": "Point", "coordinates": [9.592148314204428, 47.455562016754506]}}, {"id": "29210", "type": "Feature", "properties": {"name": "Walzenhausen, Bahnhof", "lon": 9.601122474724352, "lat": 47.451267466749215, "stop_id": ["8574100.link:1640307", "8574100.link:1640308", "8574100.link:675631", "8574100.link:675633", "8574100.link:675634"], "lines": [{"line_id": "96-254-4-j24-1", "route_id": "17.TA.96-254-4-j24-1.3.H", "mode": "bus", "line_name": "225"}, {"line_id": "96-254-4-j24-1", "route_id": "13.TA.96-254-4-j24-1.2.H", "mode": "bus", "line_name": "225"}, {"line_id": "96-254-4-j24-1", "route_id": "12.TA.96-254-4-j24-1.1.H", "mode": "bus", "line_name": "225"}, {"line_id": "96-224-4-j24-1", "route_id": "1.TA.96-224-4-j24-1.1.H", "mode": "bus", "line_name": "224"}, {"line_id": "96-224-4-j24-1", "route_id": "8.TA.96-224-4-j24-1.2.H", "mode": "bus", "line_name": "224"}, {"line_id": "96-224-4-j24-1", "route_id": "12.TA.96-224-4-j24-1.3.H", "mode": "bus", "line_name": "224"}, {"line_id": "96-254-4-j24-1", "route_id": "30.TA.96-254-4-j24-1.7.R", "mode": "bus", "line_name": "225"}, {"line_id": "96-254-4-j24-1", "route_id": "33.TA.96-254-4-j24-1.9.R", "mode": "bus", "line_name": "225"}, {"line_id": "96-254-4-j24-1", "route_id": "31.TA.96-254-4-j24-1.8.R", "mode": "bus", "line_name": "225"}, {"line_id": "96-224-4-j24-1", "route_id": "28.TA.96-224-4-j24-1.8.R", "mode": "bus", "line_name": "224"}, {"line_id": "96-254-4-j24-1", "route_id": "34.TA.96-254-4-j24-1.10.R", "mode": "bus", "line_name": "225"}, {"line_id": "96-254-4-j24-1", "route_id": "24.TA.96-254-4-j24-1.5.R", "mode": "bus", "line_name": "225"}, {"line_id": "96-224-4-j24-1", "route_id": "25.TA.96-224-4-j24-1.7.R", "mode": "bus", "line_name": "224"}, {"line_id": "96-224-4-j24-1", "route_id": "24.TA.96-224-4-j24-1.5.R", "mode": "bus", "line_name": "224"}, {"line_id": "96-254-4-j24-1", "route_id": "19.TA.96-254-4-j24-1.4.R", "mode": "bus", "line_name": "225"}, {"line_id": "96-224-4-j24-1", "route_id": "16.TA.96-224-4-j24-1.4.R", "mode": "bus", "line_name": "224"}, {"line_id": "96-224-5-j24-1", "route_id": "1.TA.96-224-5-j24-1.1.H", "mode": "bus", "line_name": "223"}, {"line_id": "96-224-5-j24-1", "route_id": "4.TA.96-224-5-j24-1.2.H", "mode": "bus", "line_name": "223"}, {"line_id": "96-224-5-j24-1", "route_id": "8.TA.96-224-5-j24-1.3.R", "mode": "bus", "line_name": "223"}, {"line_id": "96-224-5-j24-1", "route_id": "10.TA.96-224-5-j24-1.4.R", "mode": "bus", "line_name": "223"}], "predominant_mode": "bus", "assigned_canton": "Appenzell Ausserrhoden", "modes_list": ["bus"]}, "geometry": {"type": "Point", "coordinates": [9.601122484073787, 47.45126747660928]}}, {"id": "29211", "type": "Feature", "properties": {"name": "Walzenhausen, Bild", "lon": 9.615082294409799, "lat": 47.44166878652991, "stop_id": ["8574103.link:917978", "8574103.link:917979", "8574103.link:917980"], "lines": [{"line_id": "96-254-4-j24-1", "route_id": "17.TA.96-254-4-j24-1.3.H", "mode": "bus", "line_name": "225"}, {"line_id": "96-254-4-j24-1", "route_id": "13.TA.96-254-4-j24-1.2.H", "mode": "bus", "line_name": "225"}, {"line_id": "96-254-4-j24-1", "route_id": "12.TA.96-254-4-j24-1.1.H", "mode": "bus", "line_name": "225"}, {"line_id": "96-224-4-j24-1", "route_id": "1.TA.96-224-4-j24-1.1.H", "mode": "bus", "line_name": "224"}, {"line_id": "96-224-4-j24-1", "route_id": "8.TA.96-224-4-j24-1.2.H", "mode": "bus", "line_name": "224"}, {"line_id": "96-224-4-j24-1", "route_id": "12.TA.96-224-4-j24-1.3.H", "mode": "bus", "line_name": "224"}, {"line_id": "96-254-4-j24-1", "route_id": "30.TA.96-254-4-j24-1.7.R", "mode": "bus", "line_name": "225"}, {"line_id": "96-254-4-j24-1", "route_id": "33.TA.96-254-4-j24-1.9.R", "mode": "bus", "line_name": "225"}, {"line_id": "96-254-4-j24-1", "route_id": "31.TA.96-254-4-j24-1.8.R", "mode": "bus", "line_name": "225"}, {"line_id": "96-224-4-j24-1", "route_id": "28.TA.96-224-4-j24-1.8.R", "mode": "bus", "line_name": "224"}, {"line_id": "96-254-4-j24-1", "route_id": "34.TA.96-254-4-j24-1.10.R", "mode": "bus", "line_name": "225"}, {"line_id": "96-224-4-j24-1", "route_id": "25.TA.96-224-4-j24-1.7.R", "mode": "bus", "line_name": "224"}, {"line_id": "96-254-4-j24-1", "route_id": "19.TA.96-254-4-j24-1.4.R", "mode": "bus", "line_name": "225"}, {"line_id": "96-224-4-j24-1", "route_id": "24.TA.96-224-4-j24-1.5.R", "mode": "bus", "line_name": "224"}, {"line_id": "96-254-4-j24-1", "route_id": "24.TA.96-254-4-j24-1.5.R", "mode": "bus", "line_name": "225"}, {"line_id": "96-224-4-j24-1", "route_id": "16.TA.96-224-4-j24-1.4.R", "mode": "bus", "line_name": "224"}], "predominant_mode": "bus", "assigned_canton": "Appenzell Ausserrhoden", "modes_list": ["bus"]}, "geometry": {"type": "Point", "coordinates": [9.615082303774985, 47.44166879638257]}}, {"id": "29212", "type": "Feature", "properties": {"name": "Walzenhausen, Gaismoos", "lon": 9.621882544560595, "lat": 47.44617066642269, "stop_id": ["8574106.link:114948", "8574106.link:114949"], "lines": [{"line_id": "96-254-4-j24-1", "route_id": "17.TA.96-254-4-j24-1.3.H", "mode": "bus", "line_name": "225"}, {"line_id": "96-254-4-j24-1", "route_id": "24.TA.96-254-4-j24-1.5.R", "mode": "bus", "line_name": "225"}, {"line_id": "96-254-4-j24-1", "route_id": "13.TA.96-254-4-j24-1.2.H", "mode": "bus", "line_name": "225"}, {"line_id": "96-224-4-j24-1", "route_id": "8.TA.96-224-4-j24-1.2.H", "mode": "bus", "line_name": "224"}, {"line_id": "96-224-4-j24-1", "route_id": "24.TA.96-224-4-j24-1.5.R", "mode": "bus", "line_name": "224"}, {"line_id": "96-224-4-j24-1", "route_id": "12.TA.96-224-4-j24-1.3.H", "mode": "bus", "line_name": "224"}, {"line_id": "96-224-4-j24-1", "route_id": "16.TA.96-224-4-j24-1.4.R", "mode": "bus", "line_name": "224"}, {"line_id": "96-254-4-j24-1", "route_id": "30.TA.96-254-4-j24-1.7.R", "mode": "bus", "line_name": "225"}, {"line_id": "96-254-4-j24-1", "route_id": "33.TA.96-254-4-j24-1.9.R", "mode": "bus", "line_name": "225"}, {"line_id": "96-254-4-j24-1", "route_id": "31.TA.96-254-4-j24-1.8.R", "mode": "bus", "line_name": "225"}, {"line_id": "96-224-4-j24-1", "route_id": "28.TA.96-224-4-j24-1.8.R", "mode": "bus", "line_name": "224"}, {"line_id": "96-254-4-j24-1", "route_id": "34.TA.96-254-4-j24-1.10.R", "mode": "bus", "line_name": "225"}, {"line_id": "96-224-4-j24-1", "route_id": "25.TA.96-224-4-j24-1.7.R", "mode": "bus", "line_name": "224"}], "predominant_mode": "bus", "assigned_canton": "Appenzell Ausserrhoden", "modes_list": ["bus"]}, "geometry": {"type": "Point", "coordinates": [9.621882553930151, 47.44617067627442]}}, {"id": "29213", "type": "Feature", "properties": {"name": "Walzenhausen, G\u00fcetli", "lon": 9.606539314635953, "lat": 47.448558146664055, "stop_id": ["8574101.link:1640283", "8574101.link:1640284"], "lines": [{"line_id": "96-254-4-j24-1", "route_id": "17.TA.96-254-4-j24-1.3.H", "mode": "bus", "line_name": "225"}, {"line_id": "96-254-4-j24-1", "route_id": "13.TA.96-254-4-j24-1.2.H", "mode": "bus", "line_name": "225"}, {"line_id": "96-254-4-j24-1", "route_id": "12.TA.96-254-4-j24-1.1.H", "mode": "bus", "line_name": "225"}, {"line_id": "96-224-4-j24-1", "route_id": "1.TA.96-224-4-j24-1.1.H", "mode": "bus", "line_name": "224"}, {"line_id": "96-224-4-j24-1", "route_id": "8.TA.96-224-4-j24-1.2.H", "mode": "bus", "line_name": "224"}, {"line_id": "96-224-4-j24-1", "route_id": "12.TA.96-224-4-j24-1.3.H", "mode": "bus", "line_name": "224"}, {"line_id": "96-254-4-j24-1", "route_id": "30.TA.96-254-4-j24-1.7.R", "mode": "bus", "line_name": "225"}, {"line_id": "96-254-4-j24-1", "route_id": "33.TA.96-254-4-j24-1.9.R", "mode": "bus", "line_name": "225"}, {"line_id": "96-254-4-j24-1", "route_id": "31.TA.96-254-4-j24-1.8.R", "mode": "bus", "line_name": "225"}, {"line_id": "96-224-4-j24-1", "route_id": "28.TA.96-224-4-j24-1.8.R", "mode": "bus", "line_name": "224"}, {"line_id": "96-254-4-j24-1", "route_id": "34.TA.96-254-4-j24-1.10.R", "mode": "bus", "line_name": "225"}, {"line_id": "96-254-4-j24-1", "route_id": "24.TA.96-254-4-j24-1.5.R", "mode": "bus", "line_name": "225"}, {"line_id": "96-224-4-j24-1", "route_id": "25.TA.96-224-4-j24-1.7.R", "mode": "bus", "line_name": "224"}, {"line_id": "96-224-4-j24-1", "route_id": "24.TA.96-224-4-j24-1.5.R", "mode": "bus", "line_name": "224"}, {"line_id": "96-254-4-j24-1", "route_id": "19.TA.96-254-4-j24-1.4.R", "mode": "bus", "line_name": "225"}, {"line_id": "96-224-4-j24-1", "route_id": "16.TA.96-224-4-j24-1.4.R", "mode": "bus", "line_name": "224"}], "predominant_mode": "bus", "assigned_canton": "Appenzell Ausserrhoden", "modes_list": ["bus"]}, "geometry": {"type": "Point", "coordinates": [9.60653932399113, 47.448558156521585]}}, {"id": "29214", "type": "Feature", "properties": {"name": "Walzenhausen, Hasenbrunnen", "lon": 9.60980020448036, "lat": 47.44383775661296, "stop_id": ["8574102.link:917966", "8574102.link:917967"], "lines": [{"line_id": "96-254-4-j24-1", "route_id": "17.TA.96-254-4-j24-1.3.H", "mode": "bus", "line_name": "225"}, {"line_id": "96-254-4-j24-1", "route_id": "13.TA.96-254-4-j24-1.2.H", "mode": "bus", "line_name": "225"}, {"line_id": "96-254-4-j24-1", "route_id": "12.TA.96-254-4-j24-1.1.H", "mode": "bus", "line_name": "225"}, {"line_id": "96-224-4-j24-1", "route_id": "1.TA.96-224-4-j24-1.1.H", "mode": "bus", "line_name": "224"}, {"line_id": "96-224-4-j24-1", "route_id": "8.TA.96-224-4-j24-1.2.H", "mode": "bus", "line_name": "224"}, {"line_id": "96-224-4-j24-1", "route_id": "12.TA.96-224-4-j24-1.3.H", "mode": "bus", "line_name": "224"}, {"line_id": "96-254-4-j24-1", "route_id": "30.TA.96-254-4-j24-1.7.R", "mode": "bus", "line_name": "225"}, {"line_id": "96-254-4-j24-1", "route_id": "33.TA.96-254-4-j24-1.9.R", "mode": "bus", "line_name": "225"}, {"line_id": "96-254-4-j24-1", "route_id": "31.TA.96-254-4-j24-1.8.R", "mode": "bus", "line_name": "225"}, {"line_id": "96-224-4-j24-1", "route_id": "28.TA.96-224-4-j24-1.8.R", "mode": "bus", "line_name": "224"}, {"line_id": "96-254-4-j24-1", "route_id": "34.TA.96-254-4-j24-1.10.R", "mode": "bus", "line_name": "225"}, {"line_id": "96-254-4-j24-1", "route_id": "24.TA.96-254-4-j24-1.5.R", "mode": "bus", "line_name": "225"}, {"line_id": "96-224-4-j24-1", "route_id": "25.TA.96-224-4-j24-1.7.R", "mode": "bus", "line_name": "224"}, {"line_id": "96-224-4-j24-1", "route_id": "24.TA.96-224-4-j24-1.5.R", "mode": "bus", "line_name": "224"}, {"line_id": "96-254-4-j24-1", "route_id": "19.TA.96-254-4-j24-1.4.R", "mode": "bus", "line_name": "225"}, {"line_id": "96-224-4-j24-1", "route_id": "16.TA.96-224-4-j24-1.4.R", "mode": "bus", "line_name": "224"}], "predominant_mode": "bus", "assigned_canton": "Appenzell Ausserrhoden", "modes_list": ["bus"]}, "geometry": {"type": "Point", "coordinates": [9.60980021384011, 47.443837766467965]}}, {"id": "29215", "type": "Feature", "properties": {"name": "Walzenhausen, Lachen", "lon": 9.584099404379666, "lat": 47.440994377017596, "stop_id": ["8574097.link:720229", "8574097.link:720230"], "lines": [{"line_id": "96-254-4-j24-1", "route_id": "30.TA.96-254-4-j24-1.7.R", "mode": "bus", "line_name": "225"}, {"line_id": "96-254-4-j24-1", "route_id": "33.TA.96-254-4-j24-1.9.R", "mode": "bus", "line_name": "225"}, {"line_id": "96-224-5-j24-1", "route_id": "8.TA.96-224-5-j24-1.3.R", "mode": "bus", "line_name": "223"}, {"line_id": "96-254-4-j24-1", "route_id": "31.TA.96-254-4-j24-1.8.R", "mode": "bus", "line_name": "225"}, {"line_id": "96-254-4-j24-1", "route_id": "34.TA.96-254-4-j24-1.10.R", "mode": "bus", "line_name": "225"}, {"line_id": "96-254-4-j24-1", "route_id": "24.TA.96-254-4-j24-1.5.R", "mode": "bus", "line_name": "225"}, {"line_id": "96-254-4-j24-1", "route_id": "19.TA.96-254-4-j24-1.4.R", "mode": "bus", "line_name": "225"}, {"line_id": "96-254-4-j24-1", "route_id": "12.TA.96-254-4-j24-1.1.H", "mode": "bus", "line_name": "225"}, {"line_id": "96-254-4-j24-1", "route_id": "17.TA.96-254-4-j24-1.3.H", "mode": "bus", "line_name": "225"}, {"line_id": "96-224-5-j24-1", "route_id": "1.TA.96-224-5-j24-1.1.H", "mode": "bus", "line_name": "223"}, {"line_id": "96-254-4-j24-1", "route_id": "13.TA.96-254-4-j24-1.2.H", "mode": "bus", "line_name": "225"}], "predominant_mode": "bus", "assigned_canton": "Appenzell Ausserrhoden", "modes_list": ["bus"]}, "geometry": {"type": "Point", "coordinates": [9.584099413717746, 47.440994386880185]}}, {"id": "29216", "type": "Feature", "properties": {"name": "Walzenhausen, Ledi Schwimmbad", "lon": 9.596442254575866, "lat": 47.44682069682308, "stop_id": ["8574099.link:720243", "8574099.link:720244"], "lines": [{"line_id": "96-254-4-j24-1", "route_id": "30.TA.96-254-4-j24-1.7.R", "mode": "bus", "line_name": "225"}, {"line_id": "96-254-4-j24-1", "route_id": "33.TA.96-254-4-j24-1.9.R", "mode": "bus", "line_name": "225"}, {"line_id": "96-224-5-j24-1", "route_id": "8.TA.96-224-5-j24-1.3.R", "mode": "bus", "line_name": "223"}, {"line_id": "96-254-4-j24-1", "route_id": "31.TA.96-254-4-j24-1.8.R", "mode": "bus", "line_name": "225"}, {"line_id": "96-254-4-j24-1", "route_id": "34.TA.96-254-4-j24-1.10.R", "mode": "bus", "line_name": "225"}, {"line_id": "96-254-4-j24-1", "route_id": "24.TA.96-254-4-j24-1.5.R", "mode": "bus", "line_name": "225"}, {"line_id": "96-254-4-j24-1", "route_id": "19.TA.96-254-4-j24-1.4.R", "mode": "bus", "line_name": "225"}, {"line_id": "96-254-4-j24-1", "route_id": "12.TA.96-254-4-j24-1.1.H", "mode": "bus", "line_name": "225"}, {"line_id": "96-254-4-j24-1", "route_id": "17.TA.96-254-4-j24-1.3.H", "mode": "bus", "line_name": "225"}, {"line_id": "96-224-5-j24-1", "route_id": "1.TA.96-224-5-j24-1.1.H", "mode": "bus", "line_name": "223"}, {"line_id": "96-254-4-j24-1", "route_id": "13.TA.96-254-4-j24-1.2.H", "mode": "bus", "line_name": "225"}], "predominant_mode": "bus", "assigned_canton": "Appenzell Ausserrhoden", "modes_list": ["bus"]}, "geometry": {"type": "Point", "coordinates": [9.596442263922762, 47.44682070668337]}}, {"id": "29217", "type": "Feature", "properties": {"name": "Walzenhausen, Leuchen", "lon": 9.62394866442666, "lat": 47.442112306390385, "stop_id": ["8574105.link:1661896", "8574105.link:1661897"], "lines": [{"line_id": "96-254-4-j24-1", "route_id": "30.TA.96-254-4-j24-1.7.R", "mode": "bus", "line_name": "225"}, {"line_id": "96-254-4-j24-1", "route_id": "33.TA.96-254-4-j24-1.9.R", "mode": "bus", "line_name": "225"}, {"line_id": "96-254-4-j24-1", "route_id": "31.TA.96-254-4-j24-1.8.R", "mode": "bus", "line_name": "225"}, {"line_id": "96-224-4-j24-1", "route_id": "28.TA.96-224-4-j24-1.8.R", "mode": "bus", "line_name": "224"}, {"line_id": "96-254-4-j24-1", "route_id": "34.TA.96-254-4-j24-1.10.R", "mode": "bus", "line_name": "225"}, {"line_id": "96-224-4-j24-1", "route_id": "25.TA.96-224-4-j24-1.7.R", "mode": "bus", "line_name": "224"}, {"line_id": "96-225-0-j24-1", "route_id": "1.TA.96-225-0-j24-1.5.H", "mode": "bus", "line_name": "228"}, {"line_id": "96-254-4-j24-1", "route_id": "17.TA.96-254-4-j24-1.3.H", "mode": "bus", "line_name": "225"}, {"line_id": "96-225-0-j24-1", "route_id": "16.TA.96-225-0-j24-1.8.R", "mode": "bus", "line_name": "228"}, {"line_id": "96-254-4-j24-1", "route_id": "24.TA.96-254-4-j24-1.5.R", "mode": "bus", "line_name": "225"}, {"line_id": "96-225-0-j24-1", "route_id": "13.TA.96-225-0-j24-1.8.R", "mode": "bus", "line_name": "228"}, {"line_id": "96-254-4-j24-1", "route_id": "13.TA.96-254-4-j24-1.2.H", "mode": "bus", "line_name": "225"}, {"line_id": "96-224-4-j24-1", "route_id": "8.TA.96-224-4-j24-1.2.H", "mode": "bus", "line_name": "224"}, {"line_id": "96-224-4-j24-1", "route_id": "24.TA.96-224-4-j24-1.5.R", "mode": "bus", "line_name": "224"}, {"line_id": "96-224-4-j24-1", "route_id": "12.TA.96-224-4-j24-1.3.H", "mode": "bus", "line_name": "224"}, {"line_id": "96-224-4-j24-1", "route_id": "16.TA.96-224-4-j24-1.4.R", "mode": "bus", "line_name": "224"}], "predominant_mode": "bus", "assigned_canton": "Appenzell Ausserrhoden", "modes_list": ["bus"]}, "geometry": {"type": "Point", "coordinates": [9.623948673799497, 47.44211231624025]}}, {"id": "29218", "type": "Feature", "properties": {"name": "Walzenhausen, Moos", "lon": 9.592238134525871, "lat": 47.445344436889314, "stop_id": ["8574098.link:720183", "8574098.link:720184"], "lines": [{"line_id": "96-254-4-j24-1", "route_id": "30.TA.96-254-4-j24-1.7.R", "mode": "bus", "line_name": "225"}, {"line_id": "96-254-4-j24-1", "route_id": "33.TA.96-254-4-j24-1.9.R", "mode": "bus", "line_name": "225"}, {"line_id": "96-224-5-j24-1", "route_id": "8.TA.96-224-5-j24-1.3.R", "mode": "bus", "line_name": "223"}, {"line_id": "96-254-4-j24-1", "route_id": "31.TA.96-254-4-j24-1.8.R", "mode": "bus", "line_name": "225"}, {"line_id": "96-254-4-j24-1", "route_id": "34.TA.96-254-4-j24-1.10.R", "mode": "bus", "line_name": "225"}, {"line_id": "96-254-4-j24-1", "route_id": "24.TA.96-254-4-j24-1.5.R", "mode": "bus", "line_name": "225"}, {"line_id": "96-254-4-j24-1", "route_id": "19.TA.96-254-4-j24-1.4.R", "mode": "bus", "line_name": "225"}, {"line_id": "96-254-4-j24-1", "route_id": "12.TA.96-254-4-j24-1.1.H", "mode": "bus", "line_name": "225"}, {"line_id": "96-254-4-j24-1", "route_id": "17.TA.96-254-4-j24-1.3.H", "mode": "bus", "line_name": "225"}, {"line_id": "96-224-5-j24-1", "route_id": "1.TA.96-224-5-j24-1.1.H", "mode": "bus", "line_name": "223"}, {"line_id": "96-254-4-j24-1", "route_id": "13.TA.96-254-4-j24-1.2.H", "mode": "bus", "line_name": "225"}], "predominant_mode": "bus", "assigned_canton": "Appenzell Ausserrhoden", "modes_list": ["bus"]}, "geometry": {"type": "Point", "coordinates": [9.592238143869587, 47.44534444675054]}}, {"id": "29219", "type": "Feature", "properties": {"name": "Walzenhausen, Sonnenberg", "lon": 9.592256104741876, "lat": 47.4518627668887, "stop_id": ["8574118.link:1673538", "8574118.link:1673539"], "lines": [{"line_id": "96-224-5-j24-1", "route_id": "4.TA.96-224-5-j24-1.2.H", "mode": "bus", "line_name": "223"}, {"line_id": "96-224-4-j24-1", "route_id": "1.TA.96-224-4-j24-1.1.H", "mode": "bus", "line_name": "224"}, {"line_id": "96-224-4-j24-1", "route_id": "8.TA.96-224-4-j24-1.2.H", "mode": "bus", "line_name": "224"}, {"line_id": "96-224-4-j24-1", "route_id": "12.TA.96-224-4-j24-1.3.H", "mode": "bus", "line_name": "224"}, {"line_id": "96-224-4-j24-1", "route_id": "28.TA.96-224-4-j24-1.8.R", "mode": "bus", "line_name": "224"}, {"line_id": "96-224-5-j24-1", "route_id": "10.TA.96-224-5-j24-1.4.R", "mode": "bus", "line_name": "223"}, {"line_id": "96-224-4-j24-1", "route_id": "25.TA.96-224-4-j24-1.7.R", "mode": "bus", "line_name": "224"}, {"line_id": "96-224-4-j24-1", "route_id": "24.TA.96-224-4-j24-1.5.R", "mode": "bus", "line_name": "224"}, {"line_id": "96-224-4-j24-1", "route_id": "16.TA.96-224-4-j24-1.4.R", "mode": "bus", "line_name": "224"}], "predominant_mode": "bus", "assigned_canton": "Appenzell Ausserrhoden", "modes_list": ["bus"]}, "geometry": {"type": "Point", "coordinates": [9.592256114083272, 47.45186277675186]}}, {"id": "29220", "type": "Feature", "properties": {"name": "Walzenhausen, Unterer Platz", "lon": 9.613860584453787, "lat": 47.443005416549106, "stop_id": ["8502547.link:114924"], "lines": [{"line_id": "96-224-4-j24-1", "route_id": "24.TA.96-224-4-j24-1.5.R", "mode": "bus", "line_name": "224"}, {"line_id": "96-254-4-j24-1", "route_id": "24.TA.96-254-4-j24-1.5.R", "mode": "bus", "line_name": "225"}, {"line_id": "96-224-4-j24-1", "route_id": "16.TA.96-224-4-j24-1.4.R", "mode": "bus", "line_name": "224"}], "predominant_mode": "bus", "assigned_canton": "Appenzell Ausserrhoden", "modes_list": ["bus"]}, "geometry": {"type": "Point", "coordinates": [9.613860593817414, 47.44300542640255]}}, {"id": "29221", "type": "Feature", "properties": {"name": "Walzenhausen, Wilen", "lon": 9.61854979439676, "lat": 47.44124956647536, "stop_id": ["8574104.link:1639938", "8574104.link:1639939"], "lines": [{"line_id": "96-254-4-j24-1", "route_id": "30.TA.96-254-4-j24-1.7.R", "mode": "bus", "line_name": "225"}, {"line_id": "96-254-4-j24-1", "route_id": "33.TA.96-254-4-j24-1.9.R", "mode": "bus", "line_name": "225"}, {"line_id": "96-254-4-j24-1", "route_id": "31.TA.96-254-4-j24-1.8.R", "mode": "bus", "line_name": "225"}, {"line_id": "96-224-4-j24-1", "route_id": "28.TA.96-224-4-j24-1.8.R", "mode": "bus", "line_name": "224"}, {"line_id": "96-254-4-j24-1", "route_id": "34.TA.96-254-4-j24-1.10.R", "mode": "bus", "line_name": "225"}, {"line_id": "96-224-4-j24-1", "route_id": "25.TA.96-224-4-j24-1.7.R", "mode": "bus", "line_name": "224"}, {"line_id": "96-254-4-j24-1", "route_id": "17.TA.96-254-4-j24-1.3.H", "mode": "bus", "line_name": "225"}, {"line_id": "96-254-4-j24-1", "route_id": "24.TA.96-254-4-j24-1.5.R", "mode": "bus", "line_name": "225"}, {"line_id": "96-254-4-j24-1", "route_id": "13.TA.96-254-4-j24-1.2.H", "mode": "bus", "line_name": "225"}, {"line_id": "96-224-4-j24-1", "route_id": "8.TA.96-224-4-j24-1.2.H", "mode": "bus", "line_name": "224"}, {"line_id": "96-224-4-j24-1", "route_id": "24.TA.96-224-4-j24-1.5.R", "mode": "bus", "line_name": "224"}, {"line_id": "96-224-4-j24-1", "route_id": "12.TA.96-224-4-j24-1.3.H", "mode": "bus", "line_name": "224"}, {"line_id": "96-224-4-j24-1", "route_id": "16.TA.96-224-4-j24-1.4.R", "mode": "bus", "line_name": "224"}], "predominant_mode": "bus", "assigned_canton": "Appenzell Ausserrhoden", "modes_list": ["bus"]}, "geometry": {"type": "Point", "coordinates": [9.618549803765143, 47.441249576326754]}}, {"id": "29814", "type": "Feature", "properties": {"name": "Wienacht-Tobel", "lon": 9.5406748452049, "lat": 47.466239127699794, "stop_id": ["8506353.link:1405267", "8506353.link:1405268"], "lines": [{"line_id": "91-25-A-j24-1", "route_id": "16.TA.91-25-A-j24-1.1.H", "mode": "rail", "line_name": "S25"}, {"line_id": "91-25-A-j24-1", "route_id": "42.TA.91-25-A-j24-1.2.H", "mode": "rail", "line_name": "S25"}, {"line_id": "91-25-A-j24-1", "route_id": "12.TA.91-25-A-j24-1.1.H", "mode": "rail", "line_name": "S25"}, {"line_id": "91-25-A-j24-1", "route_id": "9.TA.91-25-A-j24-1.1.H", "mode": "rail", "line_name": "S25"}, {"line_id": "91-25-A-j24-1", "route_id": "89.TA.91-25-A-j24-1.4.R", "mode": "rail", "line_name": "S25"}, {"line_id": "91-25-A-j24-1", "route_id": "67.TA.91-25-A-j24-1.3.R", "mode": "rail", "line_name": "S25"}, {"line_id": "91-25-A-j24-1", "route_id": "72.TA.91-25-A-j24-1.3.R", "mode": "rail", "line_name": "S25"}], "predominant_mode": "rail", "assigned_canton": "Appenzell Ausserrhoden", "modes_list": ["rail"]}, "geometry": {"type": "Point", "coordinates": [9.540674854495524, 47.46623913758409]}}, {"id": "30370", "type": "Feature", "properties": {"name": "Wolfhalden, Bruggm\u00fchle", "lon": 9.55750927480046, "lat": 47.45390375743552, "stop_id": ["8574087.link:1918903", "8574087.link:1918904"], "lines": [{"line_id": "96-224-4-j24-1", "route_id": "28.TA.96-224-4-j24-1.8.R", "mode": "bus", "line_name": "224"}, {"line_id": "96-224-3-j24-1", "route_id": "18.TA.96-224-3-j24-1.2.R", "mode": "bus", "line_name": "222"}, {"line_id": "96-224-4-j24-1", "route_id": "25.TA.96-224-4-j24-1.7.R", "mode": "bus", "line_name": "224"}, {"line_id": "96-224-5-j24-1", "route_id": "10.TA.96-224-5-j24-1.4.R", "mode": "bus", "line_name": "223"}, {"line_id": "96-224-4-j24-1", "route_id": "24.TA.96-224-4-j24-1.5.R", "mode": "bus", "line_name": "224"}, {"line_id": "96-224-3-j24-1", "route_id": "41.TA.96-224-3-j24-1.2.R", "mode": "bus", "line_name": "222"}, {"line_id": "96-224-4-j24-1", "route_id": "16.TA.96-224-4-j24-1.4.R", "mode": "bus", "line_name": "224"}, {"line_id": "96-224-3-j24-1", "route_id": "10.TA.96-224-3-j24-1.1.H", "mode": "bus", "line_name": "222"}, {"line_id": "96-224-5-j24-1", "route_id": "4.TA.96-224-5-j24-1.2.H", "mode": "bus", "line_name": "223"}, {"line_id": "96-224-4-j24-1", "route_id": "1.TA.96-224-4-j24-1.1.H", "mode": "bus", "line_name": "224"}, {"line_id": "96-224-4-j24-1", "route_id": "8.TA.96-224-4-j24-1.2.H", "mode": "bus", "line_name": "224"}, {"line_id": "96-224-4-j24-1", "route_id": "12.TA.96-224-4-j24-1.3.H", "mode": "bus", "line_name": "224"}], "predominant_mode": "bus", "assigned_canton": "Appenzell Ausserrhoden", "modes_list": ["bus"]}, "geometry": {"type": "Point", "coordinates": [9.557509284110399, 47.45390376731069]}}, {"id": "30371", "type": "Feature", "properties": {"name": "Wolfhalden, Dorf", "lon": 9.54967596478227, "lat": 47.45341781755875, "stop_id": ["8506782.link:1461350", "8506782.link:1461351"], "lines": [{"line_id": "96-254-4-j24-1", "route_id": "30.TA.96-254-4-j24-1.7.R", "mode": "bus", "line_name": "225"}, {"line_id": "96-254-4-j24-1", "route_id": "33.TA.96-254-4-j24-1.9.R", "mode": "bus", "line_name": "225"}, {"line_id": "96-254-4-j24-1", "route_id": "19.TA.96-254-4-j24-1.4.R", "mode": "bus", "line_name": "225"}, {"line_id": "96-224-5-j24-1", "route_id": "8.TA.96-224-5-j24-1.3.R", "mode": "bus", "line_name": "223"}, {"line_id": "96-254-4-j24-1", "route_id": "31.TA.96-254-4-j24-1.8.R", "mode": "bus", "line_name": "225"}, {"line_id": "96-224-4-j24-1", "route_id": "28.TA.96-224-4-j24-1.8.R", "mode": "bus", "line_name": "224"}, {"line_id": "96-254-4-j24-1", "route_id": "34.TA.96-254-4-j24-1.10.R", "mode": "bus", "line_name": "225"}, {"line_id": "96-254-4-j24-1", "route_id": "24.TA.96-254-4-j24-1.5.R", "mode": "bus", "line_name": "225"}, {"line_id": "96-224-3-j24-1", "route_id": "18.TA.96-224-3-j24-1.2.R", "mode": "bus", "line_name": "222"}, {"line_id": "96-224-4-j24-1", "route_id": "25.TA.96-224-4-j24-1.7.R", "mode": "bus", "line_name": "224"}, {"line_id": "96-224-5-j24-1", "route_id": "10.TA.96-224-5-j24-1.4.R", "mode": "bus", "line_name": "223"}, {"line_id": "96-224-4-j24-1", "route_id": "24.TA.96-224-4-j24-1.5.R", "mode": "bus", "line_name": "224"}, {"line_id": "96-224-3-j24-1", "route_id": "41.TA.96-224-3-j24-1.2.R", "mode": "bus", "line_name": "222"}, {"line_id": "96-224-4-j24-1", "route_id": "16.TA.96-224-4-j24-1.4.R", "mode": "bus", "line_name": "224"}, {"line_id": "96-224-5-j24-1", "route_id": "1.TA.96-224-5-j24-1.1.H", "mode": "bus", "line_name": "223"}, {"line_id": "96-224-3-j24-1", "route_id": "10.TA.96-224-3-j24-1.1.H", "mode": "bus", "line_name": "222"}, {"line_id": "96-254-4-j24-1", "route_id": "17.TA.96-254-4-j24-1.3.H", "mode": "bus", "line_name": "225"}, {"line_id": "96-224-5-j24-1", "route_id": "4.TA.96-224-5-j24-1.2.H", "mode": "bus", "line_name": "223"}, {"line_id": "96-254-4-j24-1", "route_id": "13.TA.96-254-4-j24-1.2.H", "mode": "bus", "line_name": "225"}, {"line_id": "96-254-4-j24-1", "route_id": "12.TA.96-254-4-j24-1.1.H", "mode": "bus", "line_name": "225"}, {"line_id": "96-224-4-j24-1", "route_id": "1.TA.96-224-4-j24-1.1.H", "mode": "bus", "line_name": "224"}, {"line_id": "96-224-4-j24-1", "route_id": "8.TA.96-224-4-j24-1.2.H", "mode": "bus", "line_name": "224"}, {"line_id": "96-224-4-j24-1", "route_id": "12.TA.96-224-4-j24-1.3.H", "mode": "bus", "line_name": "224"}], "predominant_mode": "bus", "assigned_canton": "Appenzell Ausserrhoden", "modes_list": ["bus"]}, "geometry": {"type": "Point", "coordinates": [9.549675974085446, 47.45341782743632]}}, {"id": "30372", "type": "Feature", "properties": {"name": "Wolfhalden, Falken", "lon": 9.553844144720165, "lat": 47.45151044749327, "stop_id": ["8574475.link:1918400", "8574475.link:1918401"], "lines": [{"line_id": "96-254-4-j24-1", "route_id": "12.TA.96-254-4-j24-1.1.H", "mode": "bus", "line_name": "225"}, {"line_id": "96-254-4-j24-1", "route_id": "17.TA.96-254-4-j24-1.3.H", "mode": "bus", "line_name": "225"}, {"line_id": "96-224-5-j24-1", "route_id": "1.TA.96-224-5-j24-1.1.H", "mode": "bus", "line_name": "223"}, {"line_id": "96-254-4-j24-1", "route_id": "13.TA.96-254-4-j24-1.2.H", "mode": "bus", "line_name": "225"}, {"line_id": "96-254-4-j24-1", "route_id": "30.TA.96-254-4-j24-1.7.R", "mode": "bus", "line_name": "225"}, {"line_id": "96-254-4-j24-1", "route_id": "33.TA.96-254-4-j24-1.9.R", "mode": "bus", "line_name": "225"}, {"line_id": "96-224-5-j24-1", "route_id": "8.TA.96-224-5-j24-1.3.R", "mode": "bus", "line_name": "223"}, {"line_id": "96-254-4-j24-1", "route_id": "31.TA.96-254-4-j24-1.8.R", "mode": "bus", "line_name": "225"}, {"line_id": "96-254-4-j24-1", "route_id": "34.TA.96-254-4-j24-1.10.R", "mode": "bus", "line_name": "225"}, {"line_id": "96-254-4-j24-1", "route_id": "24.TA.96-254-4-j24-1.5.R", "mode": "bus", "line_name": "225"}, {"line_id": "96-254-4-j24-1", "route_id": "19.TA.96-254-4-j24-1.4.R", "mode": "bus", "line_name": "225"}], "predominant_mode": "bus", "assigned_canton": "Appenzell Ausserrhoden", "modes_list": ["bus"]}, "geometry": {"type": "Point", "coordinates": [9.553844154027713, 47.4515104573689]}}, {"id": "30373", "type": "Feature", "properties": {"name": "Wolfhalden, Friedberg", "lon": 9.55109529486278, "lat": 47.455835337536335, "stop_id": ["8574085.link:948036", "8574085.link:948037"], "lines": [{"line_id": "96-224-4-j24-1", "route_id": "28.TA.96-224-4-j24-1.8.R", "mode": "bus", "line_name": "224"}, {"line_id": "96-224-3-j24-1", "route_id": "18.TA.96-224-3-j24-1.2.R", "mode": "bus", "line_name": "222"}, {"line_id": "96-224-4-j24-1", "route_id": "25.TA.96-224-4-j24-1.7.R", "mode": "bus", "line_name": "224"}, {"line_id": "96-224-5-j24-1", "route_id": "10.TA.96-224-5-j24-1.4.R", "mode": "bus", "line_name": "223"}, {"line_id": "96-224-4-j24-1", "route_id": "24.TA.96-224-4-j24-1.5.R", "mode": "bus", "line_name": "224"}, {"line_id": "96-224-3-j24-1", "route_id": "41.TA.96-224-3-j24-1.2.R", "mode": "bus", "line_name": "222"}, {"line_id": "96-224-4-j24-1", "route_id": "16.TA.96-224-4-j24-1.4.R", "mode": "bus", "line_name": "224"}, {"line_id": "96-224-3-j24-1", "route_id": "10.TA.96-224-3-j24-1.1.H", "mode": "bus", "line_name": "222"}, {"line_id": "96-224-5-j24-1", "route_id": "4.TA.96-224-5-j24-1.2.H", "mode": "bus", "line_name": "223"}, {"line_id": "96-224-4-j24-1", "route_id": "1.TA.96-224-4-j24-1.1.H", "mode": "bus", "line_name": "224"}, {"line_id": "96-224-4-j24-1", "route_id": "8.TA.96-224-4-j24-1.2.H", "mode": "bus", "line_name": "224"}, {"line_id": "96-224-4-j24-1", "route_id": "12.TA.96-224-4-j24-1.3.H", "mode": "bus", "line_name": "224"}], "predominant_mode": "bus", "assigned_canton": "Appenzell Ausserrhoden", "modes_list": ["bus"]}, "geometry": {"type": "Point", "coordinates": [9.551095304166347, 47.45583534741417]}}, {"id": "30374", "type": "Feature", "properties": {"name": "Wolfhalden, Hinterb\u00fchle", "lon": 9.571190614863877, "lat": 47.45570778722006, "stop_id": ["8574115.link:496522", "8574115.link:496523"], "lines": [{"line_id": "96-224-5-j24-1", "route_id": "4.TA.96-224-5-j24-1.2.H", "mode": "bus", "line_name": "223"}, {"line_id": "96-224-4-j24-1", "route_id": "1.TA.96-224-4-j24-1.1.H", "mode": "bus", "line_name": "224"}, {"line_id": "96-224-4-j24-1", "route_id": "8.TA.96-224-4-j24-1.2.H", "mode": "bus", "line_name": "224"}, {"line_id": "96-224-4-j24-1", "route_id": "12.TA.96-224-4-j24-1.3.H", "mode": "bus", "line_name": "224"}, {"line_id": "96-224-4-j24-1", "route_id": "28.TA.96-224-4-j24-1.8.R", "mode": "bus", "line_name": "224"}, {"line_id": "96-224-5-j24-1", "route_id": "10.TA.96-224-5-j24-1.4.R", "mode": "bus", "line_name": "223"}, {"line_id": "96-224-4-j24-1", "route_id": "25.TA.96-224-4-j24-1.7.R", "mode": "bus", "line_name": "224"}, {"line_id": "96-224-4-j24-1", "route_id": "24.TA.96-224-4-j24-1.5.R", "mode": "bus", "line_name": "224"}, {"line_id": "96-224-4-j24-1", "route_id": "16.TA.96-224-4-j24-1.4.R", "mode": "bus", "line_name": "224"}], "predominant_mode": "bus", "assigned_canton": "Appenzell Ausserrhoden", "modes_list": ["bus"]}, "geometry": {"type": "Point", "coordinates": [9.571190624185283, 47.455707797091286]}}, {"id": "30375", "type": "Feature", "properties": {"name": "Wolfhalden, Hinteregg", "lon": 9.55573060459326, "lat": 47.447665127463814, "stop_id": ["8574476.link:134408", "8574476.link:134409"], "lines": [{"line_id": "96-254-4-j24-1", "route_id": "30.TA.96-254-4-j24-1.7.R", "mode": "bus", "line_name": "225"}, {"line_id": "96-254-4-j24-1", "route_id": "33.TA.96-254-4-j24-1.9.R", "mode": "bus", "line_name": "225"}, {"line_id": "96-224-5-j24-1", "route_id": "8.TA.96-224-5-j24-1.3.R", "mode": "bus", "line_name": "223"}, {"line_id": "96-254-4-j24-1", "route_id": "31.TA.96-254-4-j24-1.8.R", "mode": "bus", "line_name": "225"}, {"line_id": "96-254-4-j24-1", "route_id": "34.TA.96-254-4-j24-1.10.R", "mode": "bus", "line_name": "225"}, {"line_id": "96-254-4-j24-1", "route_id": "24.TA.96-254-4-j24-1.5.R", "mode": "bus", "line_name": "225"}, {"line_id": "96-254-4-j24-1", "route_id": "19.TA.96-254-4-j24-1.4.R", "mode": "bus", "line_name": "225"}, {"line_id": "96-254-4-j24-1", "route_id": "12.TA.96-254-4-j24-1.1.H", "mode": "bus", "line_name": "225"}, {"line_id": "96-254-4-j24-1", "route_id": "17.TA.96-254-4-j24-1.3.H", "mode": "bus", "line_name": "225"}, {"line_id": "96-224-5-j24-1", "route_id": "1.TA.96-224-5-j24-1.1.H", "mode": "bus", "line_name": "223"}, {"line_id": "96-254-4-j24-1", "route_id": "13.TA.96-254-4-j24-1.2.H", "mode": "bus", "line_name": "225"}], "predominant_mode": "bus", "assigned_canton": "Appenzell Ausserrhoden", "modes_list": ["bus"]}, "geometry": {"type": "Point", "coordinates": [9.555730613903851, 47.44766513733772]}}, {"id": "30376", "type": "Feature", "properties": {"name": "Wolfhalden, Hueb", "lon": 9.581799714766568, "lat": 47.45268889705325, "stop_id": ["8574117.link:496492", "8574117.link:496493"], "lines": [{"line_id": "96-224-5-j24-1", "route_id": "4.TA.96-224-5-j24-1.2.H", "mode": "bus", "line_name": "223"}, {"line_id": "96-224-4-j24-1", "route_id": "1.TA.96-224-4-j24-1.1.H", "mode": "bus", "line_name": "224"}, {"line_id": "96-224-4-j24-1", "route_id": "8.TA.96-224-4-j24-1.2.H", "mode": "bus", "line_name": "224"}, {"line_id": "96-224-4-j24-1", "route_id": "12.TA.96-224-4-j24-1.3.H", "mode": "bus", "line_name": "224"}, {"line_id": "96-224-4-j24-1", "route_id": "28.TA.96-224-4-j24-1.8.R", "mode": "bus", "line_name": "224"}, {"line_id": "96-224-5-j24-1", "route_id": "10.TA.96-224-5-j24-1.4.R", "mode": "bus", "line_name": "223"}, {"line_id": "96-224-4-j24-1", "route_id": "25.TA.96-224-4-j24-1.7.R", "mode": "bus", "line_name": "224"}, {"line_id": "96-224-4-j24-1", "route_id": "24.TA.96-224-4-j24-1.5.R", "mode": "bus", "line_name": "224"}, {"line_id": "96-224-4-j24-1", "route_id": "16.TA.96-224-4-j24-1.4.R", "mode": "bus", "line_name": "224"}], "predominant_mode": "bus", "assigned_canton": "Appenzell Ausserrhoden", "modes_list": ["bus"]}, "geometry": {"type": "Point", "coordinates": [9.581799724098433, 47.45268890692009]}}, {"id": "30377", "type": "Feature", "properties": {"name": "Wolfhalden, Lindenberg", "lon": 9.555955184868901, "lat": 47.45598111745981, "stop_id": ["8574086.link:580681", "8574086.link:580682"], "lines": [{"line_id": "96-224-4-j24-1", "route_id": "28.TA.96-224-4-j24-1.8.R", "mode": "bus", "line_name": "224"}, {"line_id": "96-224-3-j24-1", "route_id": "18.TA.96-224-3-j24-1.2.R", "mode": "bus", "line_name": "222"}, {"line_id": "96-224-4-j24-1", "route_id": "25.TA.96-224-4-j24-1.7.R", "mode": "bus", "line_name": "224"}, {"line_id": "96-224-5-j24-1", "route_id": "10.TA.96-224-5-j24-1.4.R", "mode": "bus", "line_name": "223"}, {"line_id": "96-224-4-j24-1", "route_id": "24.TA.96-224-4-j24-1.5.R", "mode": "bus", "line_name": "224"}, {"line_id": "96-224-3-j24-1", "route_id": "41.TA.96-224-3-j24-1.2.R", "mode": "bus", "line_name": "222"}, {"line_id": "96-224-4-j24-1", "route_id": "16.TA.96-224-4-j24-1.4.R", "mode": "bus", "line_name": "224"}, {"line_id": "96-224-3-j24-1", "route_id": "10.TA.96-224-3-j24-1.1.H", "mode": "bus", "line_name": "222"}, {"line_id": "96-224-5-j24-1", "route_id": "4.TA.96-224-5-j24-1.2.H", "mode": "bus", "line_name": "223"}, {"line_id": "96-224-4-j24-1", "route_id": "1.TA.96-224-4-j24-1.1.H", "mode": "bus", "line_name": "224"}, {"line_id": "96-224-4-j24-1", "route_id": "8.TA.96-224-4-j24-1.2.H", "mode": "bus", "line_name": "224"}, {"line_id": "96-224-4-j24-1", "route_id": "12.TA.96-224-4-j24-1.3.H", "mode": "bus", "line_name": "224"}], "predominant_mode": "bus", "assigned_canton": "Appenzell Ausserrhoden", "modes_list": ["bus"]}, "geometry": {"type": "Point", "coordinates": [9.555955194176732, 47.45598112733608]}}, {"id": "30378", "type": "Feature", "properties": {"name": "Wolfhalden, Lippenreute", "lon": 9.5560090844488, "lat": 47.44330311745964, "stop_id": ["8574477.link:468949", "8574477.link:468950"], "lines": [{"line_id": "96-254-4-j24-1", "route_id": "30.TA.96-254-4-j24-1.7.R", "mode": "bus", "line_name": "225"}, {"line_id": "96-254-4-j24-1", "route_id": "33.TA.96-254-4-j24-1.9.R", "mode": "bus", "line_name": "225"}, {"line_id": "96-224-5-j24-1", "route_id": "8.TA.96-224-5-j24-1.3.R", "mode": "bus", "line_name": "223"}, {"line_id": "96-254-4-j24-1", "route_id": "31.TA.96-254-4-j24-1.8.R", "mode": "bus", "line_name": "225"}, {"line_id": "96-254-4-j24-1", "route_id": "34.TA.96-254-4-j24-1.10.R", "mode": "bus", "line_name": "225"}, {"line_id": "96-254-4-j24-1", "route_id": "24.TA.96-254-4-j24-1.5.R", "mode": "bus", "line_name": "225"}, {"line_id": "96-254-4-j24-1", "route_id": "19.TA.96-254-4-j24-1.4.R", "mode": "bus", "line_name": "225"}, {"line_id": "96-254-4-j24-1", "route_id": "12.TA.96-254-4-j24-1.1.H", "mode": "bus", "line_name": "225"}, {"line_id": "96-254-4-j24-1", "route_id": "17.TA.96-254-4-j24-1.3.H", "mode": "bus", "line_name": "225"}, {"line_id": "96-224-5-j24-1", "route_id": "1.TA.96-224-5-j24-1.1.H", "mode": "bus", "line_name": "223"}, {"line_id": "96-254-4-j24-1", "route_id": "13.TA.96-254-4-j24-1.2.H", "mode": "bus", "line_name": "225"}], "predominant_mode": "bus", "assigned_canton": "Appenzell Ausserrhoden", "modes_list": ["bus"]}, "geometry": {"type": "Point", "coordinates": [9.556009093761194, 47.4433031273321]}}, {"id": "30379", "type": "Feature", "properties": {"name": "Wolfhalden, Luchten", "lon": 9.545390994701387, "lat": 47.45101233762636, "stop_id": ["8574084.link:813412", "8574084.link:813413"], "lines": [{"line_id": "96-254-4-j24-1", "route_id": "30.TA.96-254-4-j24-1.7.R", "mode": "bus", "line_name": "225"}, {"line_id": "96-254-4-j24-1", "route_id": "33.TA.96-254-4-j24-1.9.R", "mode": "bus", "line_name": "225"}, {"line_id": "96-254-4-j24-1", "route_id": "19.TA.96-254-4-j24-1.4.R", "mode": "bus", "line_name": "225"}, {"line_id": "96-224-5-j24-1", "route_id": "8.TA.96-224-5-j24-1.3.R", "mode": "bus", "line_name": "223"}, {"line_id": "96-254-4-j24-1", "route_id": "31.TA.96-254-4-j24-1.8.R", "mode": "bus", "line_name": "225"}, {"line_id": "96-224-4-j24-1", "route_id": "28.TA.96-224-4-j24-1.8.R", "mode": "bus", "line_name": "224"}, {"line_id": "96-254-4-j24-1", "route_id": "34.TA.96-254-4-j24-1.10.R", "mode": "bus", "line_name": "225"}, {"line_id": "96-254-4-j24-1", "route_id": "24.TA.96-254-4-j24-1.5.R", "mode": "bus", "line_name": "225"}, {"line_id": "96-224-3-j24-1", "route_id": "18.TA.96-224-3-j24-1.2.R", "mode": "bus", "line_name": "222"}, {"line_id": "96-224-4-j24-1", "route_id": "25.TA.96-224-4-j24-1.7.R", "mode": "bus", "line_name": "224"}, {"line_id": "96-224-5-j24-1", "route_id": "10.TA.96-224-5-j24-1.4.R", "mode": "bus", "line_name": "223"}, {"line_id": "96-224-4-j24-1", "route_id": "24.TA.96-224-4-j24-1.5.R", "mode": "bus", "line_name": "224"}, {"line_id": "96-224-3-j24-1", "route_id": "41.TA.96-224-3-j24-1.2.R", "mode": "bus", "line_name": "222"}, {"line_id": "96-224-4-j24-1", "route_id": "16.TA.96-224-4-j24-1.4.R", "mode": "bus", "line_name": "224"}, {"line_id": "96-224-5-j24-1", "route_id": "1.TA.96-224-5-j24-1.1.H", "mode": "bus", "line_name": "223"}, {"line_id": "96-224-3-j24-1", "route_id": "10.TA.96-224-3-j24-1.1.H", "mode": "bus", "line_name": "222"}, {"line_id": "96-254-4-j24-1", "route_id": "17.TA.96-254-4-j24-1.3.H", "mode": "bus", "line_name": "225"}, {"line_id": "96-224-5-j24-1", "route_id": "4.TA.96-224-5-j24-1.2.H", "mode": "bus", "line_name": "223"}, {"line_id": "96-254-4-j24-1", "route_id": "13.TA.96-254-4-j24-1.2.H", "mode": "bus", "line_name": "225"}, {"line_id": "96-254-4-j24-1", "route_id": "12.TA.96-254-4-j24-1.1.H", "mode": "bus", "line_name": "225"}, {"line_id": "96-224-4-j24-1", "route_id": "1.TA.96-224-4-j24-1.1.H", "mode": "bus", "line_name": "224"}, {"line_id": "96-224-4-j24-1", "route_id": "8.TA.96-224-4-j24-1.2.H", "mode": "bus", "line_name": "224"}, {"line_id": "96-224-4-j24-1", "route_id": "12.TA.96-224-4-j24-1.3.H", "mode": "bus", "line_name": "224"}], "predominant_mode": "bus", "assigned_canton": "Appenzell Ausserrhoden", "modes_list": ["bus"]}, "geometry": {"type": "Point", "coordinates": [9.545391004001617, 47.45101234750458]}}, {"id": "30380", "type": "Feature", "properties": {"name": "Wolfhalden, M\u00fchltobel", "lon": 9.564596974847847, "lat": 47.45527652732386, "stop_id": ["8574114.link:1512613", "8574114.link:1512614"], "lines": [{"line_id": "96-224-5-j24-1", "route_id": "4.TA.96-224-5-j24-1.2.H", "mode": "bus", "line_name": "223"}, {"line_id": "96-224-4-j24-1", "route_id": "1.TA.96-224-4-j24-1.1.H", "mode": "bus", "line_name": "224"}, {"line_id": "96-224-4-j24-1", "route_id": "8.TA.96-224-4-j24-1.2.H", "mode": "bus", "line_name": "224"}, {"line_id": "96-224-4-j24-1", "route_id": "12.TA.96-224-4-j24-1.3.H", "mode": "bus", "line_name": "224"}, {"line_id": "96-224-4-j24-1", "route_id": "28.TA.96-224-4-j24-1.8.R", "mode": "bus", "line_name": "224"}, {"line_id": "96-224-5-j24-1", "route_id": "10.TA.96-224-5-j24-1.4.R", "mode": "bus", "line_name": "223"}, {"line_id": "96-224-4-j24-1", "route_id": "25.TA.96-224-4-j24-1.7.R", "mode": "bus", "line_name": "224"}, {"line_id": "96-224-4-j24-1", "route_id": "24.TA.96-224-4-j24-1.5.R", "mode": "bus", "line_name": "224"}, {"line_id": "96-224-4-j24-1", "route_id": "16.TA.96-224-4-j24-1.4.R", "mode": "bus", "line_name": "224"}], "predominant_mode": "bus", "assigned_canton": "Appenzell Ausserrhoden", "modes_list": ["bus"]}, "geometry": {"type": "Point", "coordinates": [9.564596984163574, 47.45527653719708]}}, {"id": "30381", "type": "Feature", "properties": {"name": "Wolfhalden, Sch\u00f6nenb\u00fchl", "lon": 9.563249504324117, "lat": 47.43948149734585, "stop_id": ["8574096.link:134384", "8574096.link:134385"], "lines": [{"line_id": "96-254-4-j24-1", "route_id": "30.TA.96-254-4-j24-1.7.R", "mode": "bus", "line_name": "225"}, {"line_id": "96-254-4-j24-1", "route_id": "33.TA.96-254-4-j24-1.9.R", "mode": "bus", "line_name": "225"}, {"line_id": "96-224-5-j24-1", "route_id": "8.TA.96-224-5-j24-1.3.R", "mode": "bus", "line_name": "223"}, {"line_id": "96-254-4-j24-1", "route_id": "31.TA.96-254-4-j24-1.8.R", "mode": "bus", "line_name": "225"}, {"line_id": "96-254-4-j24-1", "route_id": "34.TA.96-254-4-j24-1.10.R", "mode": "bus", "line_name": "225"}, {"line_id": "96-254-4-j24-1", "route_id": "24.TA.96-254-4-j24-1.5.R", "mode": "bus", "line_name": "225"}, {"line_id": "96-254-4-j24-1", "route_id": "19.TA.96-254-4-j24-1.4.R", "mode": "bus", "line_name": "225"}, {"line_id": "96-254-4-j24-1", "route_id": "12.TA.96-254-4-j24-1.1.H", "mode": "bus", "line_name": "225"}, {"line_id": "96-254-4-j24-1", "route_id": "17.TA.96-254-4-j24-1.3.H", "mode": "bus", "line_name": "225"}, {"line_id": "96-224-5-j24-1", "route_id": "1.TA.96-224-5-j24-1.1.H", "mode": "bus", "line_name": "223"}, {"line_id": "96-254-4-j24-1", "route_id": "13.TA.96-254-4-j24-1.2.H", "mode": "bus", "line_name": "225"}], "predominant_mode": "bus", "assigned_canton": "Appenzell Ausserrhoden", "modes_list": ["bus"]}, "geometry": {"type": "Point", "coordinates": [9.563249513644287, 47.4394815072148]}}, {"id": "30382", "type": "Feature", "properties": {"name": "Wolfhalden, W\u00fcschbach", "lon": 9.543109274589659, "lat": 47.447659057662435, "stop_id": ["8574083.link:1333925", "8574083.link:1333926"], "lines": [{"line_id": "96-224-5-j24-1", "route_id": "1.TA.96-224-5-j24-1.1.H", "mode": "bus", "line_name": "223"}, {"line_id": "96-224-3-j24-1", "route_id": "10.TA.96-224-3-j24-1.1.H", "mode": "bus", "line_name": "222"}, {"line_id": "96-254-4-j24-1", "route_id": "17.TA.96-254-4-j24-1.3.H", "mode": "bus", "line_name": "225"}, {"line_id": "96-224-5-j24-1", "route_id": "4.TA.96-224-5-j24-1.2.H", "mode": "bus", "line_name": "223"}, {"line_id": "96-254-4-j24-1", "route_id": "13.TA.96-254-4-j24-1.2.H", "mode": "bus", "line_name": "225"}, {"line_id": "96-254-4-j24-1", "route_id": "12.TA.96-254-4-j24-1.1.H", "mode": "bus", "line_name": "225"}, {"line_id": "96-224-4-j24-1", "route_id": "1.TA.96-224-4-j24-1.1.H", "mode": "bus", "line_name": "224"}, {"line_id": "96-224-4-j24-1", "route_id": "8.TA.96-224-4-j24-1.2.H", "mode": "bus", "line_name": "224"}, {"line_id": "96-224-4-j24-1", "route_id": "12.TA.96-224-4-j24-1.3.H", "mode": "bus", "line_name": "224"}, {"line_id": "96-254-4-j24-1", "route_id": "30.TA.96-254-4-j24-1.7.R", "mode": "bus", "line_name": "225"}, {"line_id": "96-254-4-j24-1", "route_id": "33.TA.96-254-4-j24-1.9.R", "mode": "bus", "line_name": "225"}, {"line_id": "96-254-4-j24-1", "route_id": "19.TA.96-254-4-j24-1.4.R", "mode": "bus", "line_name": "225"}, {"line_id": "96-224-5-j24-1", "route_id": "8.TA.96-224-5-j24-1.3.R", "mode": "bus", "line_name": "223"}, {"line_id": "96-254-4-j24-1", "route_id": "31.TA.96-254-4-j24-1.8.R", "mode": "bus", "line_name": "225"}, {"line_id": "96-224-4-j24-1", "route_id": "28.TA.96-224-4-j24-1.8.R", "mode": "bus", "line_name": "224"}, {"line_id": "96-254-4-j24-1", "route_id": "34.TA.96-254-4-j24-1.10.R", "mode": "bus", "line_name": "225"}, {"line_id": "96-254-4-j24-1", "route_id": "24.TA.96-254-4-j24-1.5.R", "mode": "bus", "line_name": "225"}, {"line_id": "96-224-3-j24-1", "route_id": "18.TA.96-224-3-j24-1.2.R", "mode": "bus", "line_name": "222"}, {"line_id": "96-224-4-j24-1", "route_id": "25.TA.96-224-4-j24-1.7.R", "mode": "bus", "line_name": "224"}, {"line_id": "96-224-5-j24-1", "route_id": "10.TA.96-224-5-j24-1.4.R", "mode": "bus", "line_name": "223"}, {"line_id": "96-224-4-j24-1", "route_id": "24.TA.96-224-4-j24-1.5.R", "mode": "bus", "line_name": "224"}, {"line_id": "96-224-3-j24-1", "route_id": "41.TA.96-224-3-j24-1.2.R", "mode": "bus", "line_name": "222"}, {"line_id": "96-224-4-j24-1", "route_id": "16.TA.96-224-4-j24-1.4.R", "mode": "bus", "line_name": "224"}], "predominant_mode": "bus", "assigned_canton": "Appenzell Ausserrhoden", "modes_list": ["bus"]}, "geometry": {"type": "Point", "coordinates": [9.543109283889066, 47.44765906754037]}}, {"id": "30383", "type": "Feature", "properties": {"name": "Wolfhalden, Zelg", "lon": 9.57552049479031, "lat": 47.45345426715205, "stop_id": ["8574116.link:496514", "8574116.link:496515"], "lines": [{"line_id": "96-224-5-j24-1", "route_id": "4.TA.96-224-5-j24-1.2.H", "mode": "bus", "line_name": "223"}, {"line_id": "96-224-4-j24-1", "route_id": "1.TA.96-224-4-j24-1.1.H", "mode": "bus", "line_name": "224"}, {"line_id": "96-224-4-j24-1", "route_id": "8.TA.96-224-4-j24-1.2.H", "mode": "bus", "line_name": "224"}, {"line_id": "96-224-4-j24-1", "route_id": "12.TA.96-224-4-j24-1.3.H", "mode": "bus", "line_name": "224"}, {"line_id": "96-224-4-j24-1", "route_id": "28.TA.96-224-4-j24-1.8.R", "mode": "bus", "line_name": "224"}, {"line_id": "96-224-5-j24-1", "route_id": "10.TA.96-224-5-j24-1.4.R", "mode": "bus", "line_name": "223"}, {"line_id": "96-224-4-j24-1", "route_id": "25.TA.96-224-4-j24-1.7.R", "mode": "bus", "line_name": "224"}, {"line_id": "96-224-4-j24-1", "route_id": "24.TA.96-224-4-j24-1.5.R", "mode": "bus", "line_name": "224"}, {"line_id": "96-224-4-j24-1", "route_id": "16.TA.96-224-4-j24-1.4.R", "mode": "bus", "line_name": "224"}], "predominant_mode": "bus", "assigned_canton": "Appenzell Ausserrhoden", "modes_list": ["bus"]}, "geometry": {"type": "Point", "coordinates": [9.575520504116355, 47.45345427702116]}}, {"id": "31055", "type": "Feature", "properties": {"name": "Zweibr\u00fccken", "lon": 9.444420351665583, "lat": 47.36016138921876, "stop_id": ["8506382.link:1851249", "8506382.link:1851250"], "lines": [{"line_id": "91-21-j24-1", "route_id": "225.TA.91-21-j24-1.5.H", "mode": "rail", "line_name": "S21"}, {"line_id": "91-21-j24-1", "route_id": "146.TA.91-21-j24-1.5.H", "mode": "rail", "line_name": "S21"}, {"line_id": "91-21-j24-1", "route_id": "212.TA.91-21-j24-1.5.H", "mode": "rail", "line_name": "S21"}, {"line_id": "91-21-j24-1", "route_id": "152.TA.91-21-j24-1.5.H", "mode": "rail", "line_name": "S21"}, {"line_id": "91-21-j24-1", "route_id": "181.TA.91-21-j24-1.5.H", "mode": "rail", "line_name": "S21"}, {"line_id": "91-21-j24-1", "route_id": "108.TA.91-21-j24-1.35.H", "mode": "rail", "line_name": "S21"}, {"line_id": "91-21-j24-1", "route_id": "138.TA.91-21-j24-1.4.H", "mode": "rail", "line_name": "S21"}, {"line_id": "91-22-A-j24-1", "route_id": "60.TA.91-22-A-j24-1.6.H", "mode": "rail", "line_name": "S22"}, {"line_id": "91-21-j24-1", "route_id": "441.TA.91-21-j24-1.10.R", "mode": "rail", "line_name": "S21"}, {"line_id": "91-22-A-j24-1", "route_id": "122.TA.91-22-A-j24-1.11.R", "mode": "rail", "line_name": "S22"}, {"line_id": "91-21-j24-1", "route_id": "401.TA.91-21-j24-1.8.R", "mode": "rail", "line_name": "S21"}, {"line_id": "91-21-j24-1", "route_id": "434.TA.91-21-j24-1.10.R", "mode": "rail", "line_name": "S21"}, {"line_id": "91-21-j24-1", "route_id": "453.TA.91-21-j24-1.11.R", "mode": "rail", "line_name": "S21"}, {"line_id": "91-21-j24-1", "route_id": "299.TA.91-21-j24-1.40.R", "mode": "rail", "line_name": "S21"}, {"line_id": "91-21-j24-1", "route_id": "307.TA.91-21-j24-1.41.R", "mode": "rail", "line_name": "S21"}, {"line_id": "91-22-A-j24-1", "route_id": "123.TA.91-22-A-j24-1.11.R", "mode": "rail", "line_name": "S22"}, {"line_id": "91-21-j24-1", "route_id": "449.TA.91-21-j24-1.11.R", "mode": "rail", "line_name": "S21"}], "predominant_mode": "rail", "assigned_canton": "Appenzell Ausserrhoden", "modes_list": ["rail"]}, "geometry": {"type": "Point", "coordinates": [9.444420360907571, 47.36016139910195]}}, {"id": "31056", "type": "Feature", "properties": {"name": "Zweibr\u00fccken (Rehetobel)", "lon": 9.458604753762096, "lat": 47.42341430899344, "stop_id": ["8574463.link:904203", "8574463.link:904204"], "lines": [{"line_id": "96-224-2-j24-1", "route_id": "71.TA.96-224-2-j24-1.5.H", "mode": "bus", "line_name": "121"}, {"line_id": "96-224-2-j24-1", "route_id": "48.TA.96-224-2-j24-1.4.H", "mode": "bus", "line_name": "121"}, {"line_id": "96-224-2-j24-1", "route_id": "20.TA.96-224-2-j24-1.2.H", "mode": "bus", "line_name": "121"}, {"line_id": "96-224-2-j24-1", "route_id": "31.TA.96-224-2-j24-1.3.H", "mode": "bus", "line_name": "121"}, {"line_id": "96-224-2-j24-1", "route_id": "150.TA.96-224-2-j24-1.12.R", "mode": "bus", "line_name": "121"}, {"line_id": "96-224-2-j24-1", "route_id": "127.TA.96-224-2-j24-1.11.R", "mode": "bus", "line_name": "121"}, {"line_id": "96-224-2-j24-1", "route_id": "154.TA.96-224-2-j24-1.12.R", "mode": "bus", "line_name": "121"}, {"line_id": "96-224-2-j24-1", "route_id": "123.TA.96-224-2-j24-1.10.R", "mode": "bus", "line_name": "121"}, {"line_id": "96-224-2-j24-1", "route_id": "129.TA.96-224-2-j24-1.11.R", "mode": "bus", "line_name": "121"}], "predominant_mode": "bus", "assigned_canton": "Appenzell Ausserrhoden", "modes_list": ["bus"]}, "geometry": {"type": "Point", "coordinates": [9.45860476299475, 47.42341431889152]}}, {"id": "31057", "type": "Feature", "properties": {"name": "Zweibr\u00fccken, Bahnhof", "lon": 9.445381551647586, "lat": 47.359607639203624, "stop_id": ["8510132.link:781864", "8510132.link:781865"], "lines": [{"line_id": "92-B21-j24-1", "route_id": "6.TA.92-B21-j24-1.4.H", "mode": "bus", "line_name": "B21"}, {"line_id": "92-B21-j24-1", "route_id": "4.TA.92-B21-j24-1.3.H", "mode": "bus", "line_name": "B21"}, {"line_id": "92-B21-j24-1", "route_id": "15.TA.92-B21-j24-1.8.R", "mode": "bus", "line_name": "B21"}, {"line_id": "92-B21-j24-1", "route_id": "11.TA.92-B21-j24-1.7.R", "mode": "bus", "line_name": "B21"}], "predominant_mode": "bus", "assigned_canton": "Appenzell Ausserrhoden", "modes_list": ["bus"]}, "geometry": {"type": "Point", "coordinates": [9.445381560890636, 47.35960764908633]}}, {"id": "31100", "type": "Feature", "properties": {"name": "Z\u00fcrchersm\u00fchle", "lon": 9.292820670623192, "lat": 47.330177791604385, "stop_id": ["8506282.link:1482212", "8506282.link:1482213"], "lines": [{"line_id": "91-23-A-j24-1", "route_id": "153.TA.91-23-A-j24-1.42.H", "mode": "rail", "line_name": "S23"}, {"line_id": "91-23-A-j24-1", "route_id": "97.TA.91-23-A-j24-1.39.H", "mode": "rail", "line_name": "S23"}, {"line_id": "91-23-A-j24-1", "route_id": "225.TA.91-23-A-j24-1.44.H", "mode": "rail", "line_name": "S23"}, {"line_id": "91-23-A-j24-1", "route_id": "78.TA.91-23-A-j24-1.38.H", "mode": "rail", "line_name": "S23"}, {"line_id": "91-23-A-j24-1", "route_id": "228.TA.91-23-A-j24-1.45.H", "mode": "rail", "line_name": "S23"}, {"line_id": "91-23-A-j24-1", "route_id": "169.TA.91-23-A-j24-1.43.H", "mode": "rail", "line_name": "S23"}, {"line_id": "91-23-A-j24-1", "route_id": "154.TA.91-23-A-j24-1.42.H", "mode": "rail", "line_name": "S23"}, {"line_id": "91-23-A-j24-1", "route_id": "316.TA.91-23-A-j24-1.48.R", "mode": "rail", "line_name": "S23"}, {"line_id": "91-23-A-j24-1", "route_id": "383.TA.91-23-A-j24-1.54.R", "mode": "rail", "line_name": "S23"}, {"line_id": "91-23-A-j24-1", "route_id": "397.TA.91-23-A-j24-1.55.R", "mode": "rail", "line_name": "S23"}, {"line_id": "91-23-A-j24-1", "route_id": "431.TA.91-23-A-j24-1.57.R", "mode": "rail", "line_name": "S23"}, {"line_id": "91-23-A-j24-1", "route_id": "325.TA.91-23-A-j24-1.51.R", "mode": "rail", "line_name": "S23"}, {"line_id": "91-23-A-j24-1", "route_id": "318.TA.91-23-A-j24-1.49.R", "mode": "rail", "line_name": "S23"}, {"line_id": "91-23-A-j24-1", "route_id": "349.TA.91-23-A-j24-1.52.R", "mode": "rail", "line_name": "S23"}, {"line_id": "91-23-A-j24-1", "route_id": "320.TA.91-23-A-j24-1.50.R", "mode": "rail", "line_name": "S23"}, {"line_id": "91-23-A-j24-1", "route_id": "381.TA.91-23-A-j24-1.53.R", "mode": "rail", "line_name": "S23"}], "predominant_mode": "rail", "assigned_canton": "Appenzell Ausserrhoden", "modes_list": ["rail"]}, "geometry": {"type": "Point", "coordinates": [9.292820679738062, 47.33017780152636]}}]}