{"type": "FeatureCollection", "features": [{"id": "230", "type": "Feature", "properties": {"name": "Aemsigen", "lon": 8.271229568233027, "lat": 46.970523027642166, "stop_id": ["8508449.link:1469629", "8508449.link:1469630"], "lines": [{"line_id": "93-83-j24-1", "route_id": "18.TA.93-83-j24-1.2.R", "mode": "rail", "line_name": "83"}, {"line_id": "93-83-j24-1", "route_id": "26.TA.93-83-j24-1.2.R", "mode": "rail", "line_name": "83"}, {"line_id": "93-83-j24-1", "route_id": "1.TA.93-83-j24-1.1.H", "mode": "rail", "line_name": "83"}], "predominant_mode": "rail", "assigned_canton": "Obwalden", "modes_list": ["rail"]}, "geometry": {"type": "Point", "coordinates": [8.271229576476463, 46.97052303773911]}}, {"id": "588", "type": "Feature", "properties": {"name": "Alpnach Dorf", "lon": 8.275316897255175, "lat": 46.940447537574855, "stop_id": ["8508316:0:1.link:736296", "8508316:0:1.link:736297"], "lines": [{"line_id": "91-5-D-j24-1", "route_id": "51.TA.91-5-D-j24-1.1.H", "mode": "rail", "line_name": "S5"}, {"line_id": "91-5-D-j24-1", "route_id": "253.TA.91-5-D-j24-1.9.H", "mode": "rail", "line_name": "S5"}, {"line_id": "91-5-D-j24-1", "route_id": "82.TA.91-5-D-j24-1.4.H", "mode": "rail", "line_name": "S5"}, {"line_id": "91-55-j24-1", "route_id": "4.TA.91-55-j24-1.2.H", "mode": "rail", "line_name": "S55"}, {"line_id": "91-55-j24-1", "route_id": "2.TA.91-55-j24-1.1.H", "mode": "rail", "line_name": "S55"}, {"line_id": "91-5-D-j24-1", "route_id": "163.TA.91-5-D-j24-1.7.H", "mode": "rail", "line_name": "S5"}, {"line_id": "91-5-D-j24-1", "route_id": "272.TA.91-5-D-j24-1.10.H", "mode": "rail", "line_name": "S5"}, {"line_id": "91-5-D-j24-1", "route_id": "105.TA.91-5-D-j24-1.5.H", "mode": "rail", "line_name": "S5"}, {"line_id": "91-5-D-j24-1", "route_id": "365.TA.91-5-D-j24-1.14.H", "mode": "rail", "line_name": "S5"}, {"line_id": "91-55-j24-1", "route_id": "12.TA.91-55-j24-1.4.H", "mode": "rail", "line_name": "S55"}, {"line_id": "91-5-D-j24-1", "route_id": "352.TA.91-5-D-j24-1.12.H", "mode": "rail", "line_name": "S5"}, {"line_id": "91-5-D-j24-1", "route_id": "288.TA.91-5-D-j24-1.11.H", "mode": "rail", "line_name": "S5"}, {"line_id": "91-5-D-j24-1", "route_id": "695.TA.91-5-D-j24-1.25.R", "mode": "rail", "line_name": "S5"}, {"line_id": "91-5-D-j24-1", "route_id": "730.TA.91-5-D-j24-1.30.R", "mode": "rail", "line_name": "S5"}, {"line_id": "91-5-D-j24-1", "route_id": "754.TA.91-5-D-j24-1.32.R", "mode": "rail", "line_name": "S5"}, {"line_id": "91-55-j24-1", "route_id": "13.TA.91-55-j24-1.5.R", "mode": "rail", "line_name": "S55"}, {"line_id": "91-5-D-j24-1", "route_id": "517.TA.91-5-D-j24-1.18.R", "mode": "rail", "line_name": "S5"}, {"line_id": "91-5-D-j24-1", "route_id": "708.TA.91-5-D-j24-1.26.R", "mode": "rail", "line_name": "S5"}, {"line_id": "91-55-j24-1", "route_id": "22.TA.91-55-j24-1.8.R", "mode": "rail", "line_name": "S55"}, {"line_id": "91-5-D-j24-1", "route_id": "460.TA.91-5-D-j24-1.17.R", "mode": "rail", "line_name": "S5"}, {"line_id": "91-5-D-j24-1", "route_id": "443.TA.91-5-D-j24-1.16.R", "mode": "rail", "line_name": "S5"}, {"line_id": "91-5-D-j24-1", "route_id": "559.TA.91-5-D-j24-1.50.R", "mode": "rail", "line_name": "S5"}, {"line_id": "91-55-j24-1", "route_id": "23.TA.91-55-j24-1.9.R", "mode": "rail", "line_name": "S55"}, {"line_id": "91-5-D-j24-1", "route_id": "762.TA.91-5-D-j24-1.70.R", "mode": "rail", "line_name": "S5"}, {"line_id": "91-5-D-j24-1", "route_id": "532.TA.91-5-D-j24-1.19.R", "mode": "rail", "line_name": "S5"}, {"line_id": "91-5-D-j24-1", "route_id": "725.TA.91-5-D-j24-1.29.R", "mode": "rail", "line_name": "S5"}, {"line_id": "91-5-D-j24-1", "route_id": "685.TA.91-5-D-j24-1.24.R", "mode": "rail", "line_name": "S5"}, {"line_id": "91-55-j24-1", "route_id": "21.TA.91-55-j24-1.7.R", "mode": "rail", "line_name": "S55"}], "predominant_mode": "rail", "assigned_canton": "Obwalden", "modes_list": ["rail"]}, "geometry": {"type": "Point", "coordinates": [8.275316905511096, 46.94044754765904]}}, {"id": "589", "type": "Feature", "properties": {"name": "Alpnach Dorf, Bahnhof", "lon": 8.275622327277596, "lat": 46.94112833757014, "stop_id": ["8572909.link:1479589", "8572909.link:1479590"], "lines": [{"line_id": "96-360-1-j24-1", "route_id": "15.TA.96-360-1-j24-1.7.H", "mode": "bus", "line_name": "342"}, {"line_id": "96-360-1-j24-1", "route_id": "34.TA.96-360-1-j24-1.8.R", "mode": "bus", "line_name": "342"}, {"line_id": "96-360-1-j24-1", "route_id": "42.TA.96-360-1-j24-1.9.R", "mode": "bus", "line_name": "342"}], "predominant_mode": "bus", "assigned_canton": "Obwalden", "modes_list": ["bus"]}, "geometry": {"type": "Point", "coordinates": [8.275622335533635, 46.941128347654505]}}, {"id": "590", "type": "Feature", "properties": {"name": "Alpnach Dorf, Br\u00fcnigstrasse", "lon": 8.270609727226352, "lat": 46.93967473764864, "stop_id": ["8572908.link:1125374", "8572908.link:1125375"], "lines": [{"line_id": "96-360-1-j24-1", "route_id": "15.TA.96-360-1-j24-1.7.H", "mode": "bus", "line_name": "342"}, {"line_id": "96-360-1-j24-1", "route_id": "34.TA.96-360-1-j24-1.8.R", "mode": "bus", "line_name": "342"}, {"line_id": "96-359-5-j24-1", "route_id": "2.TA.96-359-5-j24-1.1.H", "mode": "bus", "line_name": "N5"}, {"line_id": "96-360-1-j24-1", "route_id": "42.TA.96-360-1-j24-1.9.R", "mode": "bus", "line_name": "342"}], "predominant_mode": "bus", "assigned_canton": "Obwalden", "modes_list": ["bus"]}, "geometry": {"type": "Point", "coordinates": [8.270609735477738, 46.9396747477338]}}, {"id": "591", "type": "Feature", "properties": {"name": "Alpnach Dorf, Hofm\u00e4ttelikreuz", "lon": 8.26936106717122, "lat": 46.93801255766808, "stop_id": ["8581164.link:1705538", "8581164.link:1705539"], "lines": [{"line_id": "96-360-1-j24-1", "route_id": "34.TA.96-360-1-j24-1.8.R", "mode": "bus", "line_name": "342"}, {"line_id": "96-360-1-j24-1", "route_id": "15.TA.96-360-1-j24-1.7.H", "mode": "bus", "line_name": "342"}, {"line_id": "96-360-1-j24-1", "route_id": "42.TA.96-360-1-j24-1.9.R", "mode": "bus", "line_name": "342"}, {"line_id": "96-360-1-j24-1", "route_id": "34.TA.96-360-1-j24-1.8.R", "mode": "bus", "line_name": "342"}, {"line_id": "96-360-1-j24-1", "route_id": "15.TA.96-360-1-j24-1.7.H", "mode": "bus", "line_name": "342"}, {"line_id": "96-360-1-j24-1", "route_id": "42.TA.96-360-1-j24-1.9.R", "mode": "bus", "line_name": "342"}], "predominant_mode": "bus", "assigned_canton": "Obwalden", "modes_list": ["bus"]}, "geometry": {"type": "Point", "coordinates": [8.269361075421804, 46.93801256775297]}}, {"id": "592", "type": "Feature", "properties": {"name": "Alpnach Dorf, Schoried", "lon": 8.254565817011798, "lat": 46.933473497899804, "stop_id": ["8581160.link:1705544", "8581160.link:1705545"], "lines": [{"line_id": "96-360-1-j24-1", "route_id": "34.TA.96-360-1-j24-1.8.R", "mode": "bus", "line_name": "342"}, {"line_id": "96-360-1-j24-1", "route_id": "42.TA.96-360-1-j24-1.9.R", "mode": "bus", "line_name": "342"}, {"line_id": "96-360-1-j24-1", "route_id": "15.TA.96-360-1-j24-1.7.H", "mode": "bus", "line_name": "342"}], "predominant_mode": "bus", "assigned_canton": "Obwalden", "modes_list": ["bus"]}, "geometry": {"type": "Point", "coordinates": [8.254565825248699, 46.93347350798693]}}, {"id": "593", "type": "Feature", "properties": {"name": "Alpnach Dorf, untere Feldstr.", "lon": 8.263917277098612, "lat": 46.93591482775331, "stop_id": ["8581326.link:402216"], "lines": [{"line_id": "96-360-1-j24-1", "route_id": "34.TA.96-360-1-j24-1.8.R", "mode": "bus", "line_name": "342"}, {"line_id": "96-360-1-j24-1", "route_id": "15.TA.96-360-1-j24-1.7.H", "mode": "bus", "line_name": "342"}, {"line_id": "96-360-1-j24-1", "route_id": "42.TA.96-360-1-j24-1.9.R", "mode": "bus", "line_name": "342"}], "predominant_mode": "bus", "assigned_canton": "Obwalden", "modes_list": ["bus"]}, "geometry": {"type": "Point", "coordinates": [8.263917285344283, 46.93591483783885]}}, {"id": "594", "type": "Feature", "properties": {"name": "Alpnachstad", "lon": 8.277883087726575, "lat": 46.95484459420279, "stop_id": ["8508317:0:1.link:1976234", "8508317:0:1.link:1976235", "8508317:0:2.link:802970"], "lines": [{"line_id": "91-5-D-j24-1", "route_id": "51.TA.91-5-D-j24-1.1.H", "mode": "rail", "line_name": "S5"}, {"line_id": "91-5-D-j24-1", "route_id": "253.TA.91-5-D-j24-1.9.H", "mode": "rail", "line_name": "S5"}, {"line_id": "91-5-D-j24-1", "route_id": "82.TA.91-5-D-j24-1.4.H", "mode": "rail", "line_name": "S5"}, {"line_id": "91-5-D-j24-1", "route_id": "163.TA.91-5-D-j24-1.7.H", "mode": "rail", "line_name": "S5"}, {"line_id": "91-5-D-j24-1", "route_id": "272.TA.91-5-D-j24-1.10.H", "mode": "rail", "line_name": "S5"}, {"line_id": "91-5-D-j24-1", "route_id": "105.TA.91-5-D-j24-1.5.H", "mode": "rail", "line_name": "S5"}, {"line_id": "91-5-D-j24-1", "route_id": "365.TA.91-5-D-j24-1.14.H", "mode": "rail", "line_name": "S5"}, {"line_id": "91-5-D-j24-1", "route_id": "352.TA.91-5-D-j24-1.12.H", "mode": "rail", "line_name": "S5"}, {"line_id": "91-5-D-j24-1", "route_id": "288.TA.91-5-D-j24-1.11.H", "mode": "rail", "line_name": "S5"}, {"line_id": "91-5-D-j24-1", "route_id": "762.TA.91-5-D-j24-1.70.R", "mode": "rail", "line_name": "S5"}, {"line_id": "91-5-D-j24-1", "route_id": "695.TA.91-5-D-j24-1.25.R", "mode": "rail", "line_name": "S5"}, {"line_id": "91-5-D-j24-1", "route_id": "730.TA.91-5-D-j24-1.30.R", "mode": "rail", "line_name": "S5"}, {"line_id": "91-5-D-j24-1", "route_id": "754.TA.91-5-D-j24-1.32.R", "mode": "rail", "line_name": "S5"}, {"line_id": "91-5-D-j24-1", "route_id": "517.TA.91-5-D-j24-1.18.R", "mode": "rail", "line_name": "S5"}, {"line_id": "91-5-D-j24-1", "route_id": "708.TA.91-5-D-j24-1.26.R", "mode": "rail", "line_name": "S5"}, {"line_id": "91-5-D-j24-1", "route_id": "460.TA.91-5-D-j24-1.17.R", "mode": "rail", "line_name": "S5"}, {"line_id": "91-5-D-j24-1", "route_id": "443.TA.91-5-D-j24-1.16.R", "mode": "rail", "line_name": "S5"}, {"line_id": "91-5-D-j24-1", "route_id": "559.TA.91-5-D-j24-1.50.R", "mode": "rail", "line_name": "S5"}, {"line_id": "91-5-D-j24-1", "route_id": "725.TA.91-5-D-j24-1.29.R", "mode": "rail", "line_name": "S5"}, {"line_id": "91-5-D-j24-1", "route_id": "532.TA.91-5-D-j24-1.19.R", "mode": "rail", "line_name": "S5"}, {"line_id": "91-5-D-j24-1", "route_id": "685.TA.91-5-D-j24-1.24.R", "mode": "rail", "line_name": "S5"}], "predominant_mode": "rail", "assigned_canton": "Obwalden", "modes_list": ["rail"]}, "geometry": {"type": "Point", "coordinates": [8.277883095981082, 46.954844604291885]}}, {"id": "595", "type": "Feature", "properties": {"name": "Alpnachstad (See)", "lon": 8.278766427754327, "lat": 46.95567440752235, "stop_id": ["8508503.link:pt_8508503"], "lines": [{"line_id": "94-360-1-j24-1", "route_id": "20.TA.94-360-1-j24-1.14.R", "mode": "ferry", "line_name": "3601"}, {"line_id": "94-360-1-j24-1", "route_id": "2.TA.94-360-1-j24-1.3.H", "mode": "ferry", "line_name": "3601"}, {"line_id": "94-360-1-j24-1", "route_id": "29.TA.94-360-1-j24-1.20.R", "mode": "ferry", "line_name": "3601"}, {"line_id": "94-360-1-j24-1", "route_id": "22.TA.94-360-1-j24-1.16.R", "mode": "ferry", "line_name": "3601"}, {"line_id": "94-360-1-j24-1", "route_id": "18.TA.94-360-1-j24-1.13.R", "mode": "ferry", "line_name": "3601"}, {"line_id": "94-360-1-j24-1", "route_id": "15.TA.94-360-1-j24-1.36.H", "mode": "ferry", "line_name": "3601"}, {"line_id": "94-360-1-j24-1", "route_id": "27.TA.94-360-1-j24-1.20.R", "mode": "ferry", "line_name": "3601"}, {"line_id": "94-360-1-j24-1", "route_id": "13.TA.94-360-1-j24-1.8.H", "mode": "ferry", "line_name": "3601"}, {"line_id": "94-360-1-j24-1", "route_id": "24.TA.94-360-1-j24-1.18.R", "mode": "ferry", "line_name": "3601"}, {"line_id": "94-360-1-j24-1", "route_id": "5.TA.94-360-1-j24-1.3.H", "mode": "ferry", "line_name": "3601"}, {"line_id": "94-360-1-j24-1", "route_id": "11.TA.94-360-1-j24-1.5.H", "mode": "ferry", "line_name": "3601"}, {"line_id": "94-360-1-j24-1", "route_id": "1.TA.94-360-1-j24-1.1.H", "mode": "ferry", "line_name": "3601"}, {"line_id": "94-360-1-j24-1", "route_id": "7.TA.94-360-1-j24-1.3.H", "mode": "ferry", "line_name": "3601"}, {"line_id": "94-360-1-j24-1", "route_id": "17.TA.94-360-1-j24-1.11.R", "mode": "ferry", "line_name": "3601"}], "predominant_mode": "ferry", "assigned_canton": "Obwalden", "modes_list": ["ferry"]}, "geometry": {"type": "Point", "coordinates": [8.278766436009493, 46.955674417611476]}}, {"id": "596", "type": "Feature", "properties": {"name": "Alpnachstad PB", "lon": 8.27718539774733, "lat": 46.95549659754715, "stop_id": ["8508458.link:1525345", "8508458.link:1525346"], "lines": [{"line_id": "93-83-j24-1", "route_id": "1.TA.93-83-j24-1.1.H", "mode": "rail", "line_name": "83"}, {"line_id": "93-83-j24-1", "route_id": "18.TA.93-83-j24-1.2.R", "mode": "rail", "line_name": "83"}, {"line_id": "93-83-j24-1", "route_id": "26.TA.93-83-j24-1.2.R", "mode": "rail", "line_name": "83"}], "predominant_mode": "rail", "assigned_canton": "Obwalden", "modes_list": ["rail"]}, "geometry": {"type": "Point", "coordinates": [8.277185406000953, 46.95549660763667]}}, {"id": "597", "type": "Feature", "properties": {"name": "Alpnachstad, Bahnhof", "lon": 8.27773336773814, "lat": 46.95520227753849, "stop_id": ["8582458.link:338953"], "lines": [{"line_id": "96-359-5-j24-1", "route_id": "2.TA.96-359-5-j24-1.1.H", "mode": "bus", "line_name": "N5"}], "predominant_mode": "bus", "assigned_canton": "Obwalden", "modes_list": ["bus"]}, "geometry": {"type": "Point", "coordinates": [8.277733375992398, 46.955202287627706]}}, {"id": "3654", "type": "Feature", "properties": {"name": "Bonistock (Distelboden)", "lon": 8.290031301979775, "lat": 46.77779699732223, "stop_id": ["8530365.link:pt_8530365"], "lines": [{"line_id": "93-252-7-j24-1", "route_id": "63.TA.93-252-7-j24-1.2.R", "mode": "cable car", "line_name": "2527"}, {"line_id": "93-252-7-j24-1", "route_id": "15.TA.93-252-7-j24-1.1.H", "mode": "cable car", "line_name": "2527"}], "predominant_mode": "cable car", "assigned_canton": "Obwalden", "modes_list": ["cable car"]}, "geometry": {"type": "Point", "coordinates": [8.290031310295126, 46.77779700733736]}}, {"id": "6945", "type": "Feature", "properties": {"name": "Distelboden (Talst. Bonistock)", "lon": 8.281380521765561, "lat": 46.77139245745703, "stop_id": ["8530364.link:pt_8530364"], "lines": [{"line_id": "93-252-7-j24-1", "route_id": "63.TA.93-252-7-j24-1.2.R", "mode": "cable car", "line_name": "2527"}, {"line_id": "93-252-7-j24-1", "route_id": "15.TA.93-252-7-j24-1.1.H", "mode": "cable car", "line_name": "2527"}], "predominant_mode": "cable car", "assigned_canton": "Obwalden", "modes_list": ["cable car"]}, "geometry": {"type": "Point", "coordinates": [8.281380530073873, 46.77139246747188]}}, {"id": "7811", "type": "Feature", "properties": {"name": "Engelberg", "lon": 8.401894905416599, "lat": 46.81951673757246, "stop_id": ["8508399.link:1151688", "8508399.link:630045", "8508399:0:1.link:379251", "8508399:0:1.link:379252", "8508399:0:2.link:379252"], "lines": [{"line_id": "92-7-Y-j24-1", "route_id": "7.TA.92-7-Y-j24-1.13.R", "mode": "bus", "line_name": "B"}, {"line_id": "92-7-Y-j24-1", "route_id": "5.TA.92-7-Y-j24-1.12.H", "mode": "bus", "line_name": "B"}, {"line_id": "92-7-Y-j24-1", "route_id": "1.TA.92-7-Y-j24-1.12.H", "mode": "bus", "line_name": "B"}, {"line_id": "91-1J-Y-j24-1", "route_id": "168.TA.91-1J-Y-j24-1.14.R", "mode": "rail", "line_name": "IR"}, {"line_id": "91-1J-Y-j24-1", "route_id": "193.TA.91-1J-Y-j24-1.16.R", "mode": "rail", "line_name": "IR"}, {"line_id": "91-1J-Y-j24-1", "route_id": "181.TA.91-1J-Y-j24-1.15.R", "mode": "rail", "line_name": "IR"}, {"line_id": "91-1J-Y-j24-1", "route_id": "151.TA.91-1J-Y-j24-1.13.R", "mode": "rail", "line_name": "IR"}, {"line_id": "91-1J-Y-j24-1", "route_id": "82.TA.91-1J-Y-j24-1.7.H", "mode": "rail", "line_name": "IR"}, {"line_id": "91-1J-Y-j24-1", "route_id": "109.TA.91-1J-Y-j24-1.9.H", "mode": "rail", "line_name": "IR"}, {"line_id": "91-1J-Y-j24-1", "route_id": "57.TA.91-1J-Y-j24-1.4.H", "mode": "rail", "line_name": "IR"}, {"line_id": "91-1J-Y-j24-1", "route_id": "51.TA.91-1J-Y-j24-1.23.H", "mode": "rail", "line_name": "IR"}, {"line_id": "91-1J-Y-j24-1", "route_id": "78.TA.91-1J-Y-j24-1.6.H", "mode": "rail", "line_name": "IR"}, {"line_id": "91-1J-Y-j24-1", "route_id": "104.TA.91-1J-Y-j24-1.45.H", "mode": "rail", "line_name": "IR"}], "predominant_mode": "rail", "assigned_canton": "Obwalden", "modes_list": ["bus", "rail"]}, "geometry": {"type": "Point", "coordinates": [8.401894913833424, 46.81951674757381]}}, {"id": "7812", "type": "Feature", "properties": {"name": "Engelberg (Brunni-Bahnen)", "lon": 8.41529238340356, "lat": 46.81881472536202, "stop_id": ["8508502.link:pt_8508502"], "lines": [{"line_id": "93-253-0-j24-1", "route_id": "92.TA.93-253-0-j24-1.2.R", "mode": "cable car", "line_name": "2530"}, {"line_id": "93-253-0-j24-1", "route_id": "4.TA.93-253-0-j24-1.1.H", "mode": "cable car", "line_name": "2530"}], "predominant_mode": "cable car", "assigned_canton": "Obwalden", "modes_list": ["cable car"]}, "geometry": {"type": "Point", "coordinates": [8.41529239183403, 46.818814735359354]}}, {"id": "7813", "type": "Feature", "properties": {"name": "Engelberg (F\u00fcrenalp Bahn)", "lon": 8.449221752874276, "lat": 46.80174727482683, "stop_id": ["8530368.link:pt_8530368"], "lines": [{"line_id": "93-60-Y-j24-1", "route_id": "154.TA.93-60-Y-j24-1.2.R", "mode": "cable car", "line_name": "PB"}, {"line_id": "93-60-Y-j24-1", "route_id": "37.TA.93-60-Y-j24-1.1.H", "mode": "cable car", "line_name": "PB"}], "predominant_mode": "cable car", "assigned_canton": "Obwalden", "modes_list": ["cable car"]}, "geometry": {"type": "Point", "coordinates": [8.449221761343477, 46.80174728480781]}}, {"id": "7814", "type": "Feature", "properties": {"name": "Engelberg (Talstation Titlis)", "lon": 8.395610293299065, "lat": 46.81603610567065, "stop_id": ["8508501.link:pt_8508501"], "lines": [{"line_id": "93-253-4-j24-1", "route_id": "208.TA.93-253-4-j24-1.1.H", "mode": "cable car", "line_name": "2534"}, {"line_id": "93-253-3-j24-1", "route_id": "2.TA.93-253-3-j24-1.1.H", "mode": "funicular", "line_name": "2533"}, {"line_id": "93-253-3-j24-1", "route_id": "75.TA.93-253-3-j24-1.2.R", "mode": "funicular", "line_name": "2533"}, {"line_id": "93-253-4-j24-1", "route_id": "598.TA.93-253-4-j24-1.2.R", "mode": "cable car", "line_name": "2534"}], "predominant_mode": "Mixed", "assigned_canton": "Obwalden", "modes_list": ["cable car", "funicular"]}, "geometry": {"type": "Point", "coordinates": [8.395610301710535, 46.81603611567231]}}, {"id": "7815", "type": "Feature", "properties": {"name": "Engelberg, Bahnhof", "lon": 8.402823763413448, "lat": 46.81939870555786, "stop_id": ["8595400.link:913740", "8595400.link:913741"], "lines": [{"line_id": "92-300-A-j24-1", "route_id": "1.TA.92-300-A-j24-1.12.H", "mode": "bus", "line_name": "300"}, {"line_id": "92-300-A-j24-1", "route_id": "60.TA.92-300-A-j24-1.5.R", "mode": "bus", "line_name": "300"}, {"line_id": "92-300-A-j24-1", "route_id": "44.TA.92-300-A-j24-1.4.R", "mode": "bus", "line_name": "300"}, {"line_id": "92-300-A-j24-1", "route_id": "12.TA.92-300-A-j24-1.2.H", "mode": "bus", "line_name": "300"}, {"line_id": "92-300-A-j24-1", "route_id": "65.TA.92-300-A-j24-1.11.R", "mode": "bus", "line_name": "300"}, {"line_id": "92-300-A-j24-1", "route_id": "20.TA.92-300-A-j24-1.9.H", "mode": "bus", "line_name": "300"}, {"line_id": "92-300-A-j24-1", "route_id": "29.TA.92-300-A-j24-1.3.H", "mode": "bus", "line_name": "300"}, {"line_id": "92-300-A-j24-1", "route_id": "56.TA.92-300-A-j24-1.5.R", "mode": "bus", "line_name": "300"}, {"line_id": "92-300-A-j24-1", "route_id": "36.TA.92-300-A-j24-1.4.R", "mode": "bus", "line_name": "300"}, {"line_id": "92-300-A-j24-1", "route_id": "2.TA.92-300-A-j24-1.8.H", "mode": "bus", "line_name": "300"}, {"line_id": "92-300-A-j24-1", "route_id": "63.TA.92-300-A-j24-1.11.R", "mode": "bus", "line_name": "300"}, {"line_id": "92-300-A-j24-1", "route_id": "61.TA.92-300-A-j24-1.11.R", "mode": "bus", "line_name": "300"}, {"line_id": "92-300-A-j24-1", "route_id": "54.TA.92-300-A-j24-1.10.R", "mode": "bus", "line_name": "300"}, {"line_id": "92-300-A-j24-1", "route_id": "71.TA.92-300-A-j24-1.6.R", "mode": "bus", "line_name": "300"}, {"line_id": "92-300-A-j24-1", "route_id": "77.TA.92-300-A-j24-1.7.R", "mode": "bus", "line_name": "300"}, {"line_id": "92-300-A-j24-1", "route_id": "59.TA.92-300-A-j24-1.5.R", "mode": "bus", "line_name": "300"}, {"line_id": "92-300-A-j24-1", "route_id": "75.TA.92-300-A-j24-1.7.R", "mode": "bus", "line_name": "300"}], "predominant_mode": "bus", "assigned_canton": "Obwalden", "modes_list": ["bus"]}, "geometry": {"type": "Point", "coordinates": [8.402823771831233, 46.819398715558876]}}, {"id": "7816", "type": "Feature", "properties": {"name": "Engelberg, Brunnibahn", "lon": 8.415427133395482, "lat": 46.81856268535989, "stop_id": ["8595402.link:1636839", "8595402.link:1636840"], "lines": [{"line_id": "92-300-A-j24-1", "route_id": "12.TA.92-300-A-j24-1.2.H", "mode": "bus", "line_name": "300"}, {"line_id": "92-300-A-j24-1", "route_id": "20.TA.92-300-A-j24-1.9.H", "mode": "bus", "line_name": "300"}, {"line_id": "92-300-A-j24-1", "route_id": "29.TA.92-300-A-j24-1.3.H", "mode": "bus", "line_name": "300"}, {"line_id": "92-300-A-j24-1", "route_id": "71.TA.92-300-A-j24-1.6.R", "mode": "bus", "line_name": "300"}, {"line_id": "92-300-A-j24-1", "route_id": "77.TA.92-300-A-j24-1.7.R", "mode": "bus", "line_name": "300"}, {"line_id": "92-300-A-j24-1", "route_id": "75.TA.92-300-A-j24-1.7.R", "mode": "bus", "line_name": "300"}, {"line_id": "92-300-A-j24-1", "route_id": "56.TA.92-300-A-j24-1.5.R", "mode": "bus", "line_name": "300"}, {"line_id": "92-300-A-j24-1", "route_id": "60.TA.92-300-A-j24-1.5.R", "mode": "bus", "line_name": "300"}, {"line_id": "92-300-A-j24-1", "route_id": "54.TA.92-300-A-j24-1.10.R", "mode": "bus", "line_name": "300"}, {"line_id": "92-300-A-j24-1", "route_id": "59.TA.92-300-A-j24-1.5.R", "mode": "bus", "line_name": "300"}], "predominant_mode": "bus", "assigned_canton": "Obwalden", "modes_list": ["bus"]}, "geometry": {"type": "Point", "coordinates": [8.41542714182615, 46.81856269535708]}}, {"id": "7817", "type": "Feature", "properties": {"name": "Engelberg, Dorf", "lon": 8.406003803448693, "lat": 46.82041298550809, "stop_id": ["8503348.link:395473"], "lines": [{"line_id": "92-300-A-j24-1", "route_id": "60.TA.92-300-A-j24-1.5.R", "mode": "bus", "line_name": "300"}, {"line_id": "92-300-A-j24-1", "route_id": "65.TA.92-300-A-j24-1.11.R", "mode": "bus", "line_name": "300"}, {"line_id": "92-300-A-j24-1", "route_id": "56.TA.92-300-A-j24-1.5.R", "mode": "bus", "line_name": "300"}, {"line_id": "92-300-A-j24-1", "route_id": "63.TA.92-300-A-j24-1.11.R", "mode": "bus", "line_name": "300"}, {"line_id": "92-300-A-j24-1", "route_id": "61.TA.92-300-A-j24-1.11.R", "mode": "bus", "line_name": "300"}, {"line_id": "92-300-A-j24-1", "route_id": "54.TA.92-300-A-j24-1.10.R", "mode": "bus", "line_name": "300"}, {"line_id": "92-300-A-j24-1", "route_id": "71.TA.92-300-A-j24-1.6.R", "mode": "bus", "line_name": "300"}, {"line_id": "92-300-A-j24-1", "route_id": "77.TA.92-300-A-j24-1.7.R", "mode": "bus", "line_name": "300"}, {"line_id": "92-300-A-j24-1", "route_id": "75.TA.92-300-A-j24-1.7.R", "mode": "bus", "line_name": "300"}, {"line_id": "92-300-A-j24-1", "route_id": "59.TA.92-300-A-j24-1.5.R", "mode": "bus", "line_name": "300"}], "predominant_mode": "bus", "assigned_canton": "Obwalden", "modes_list": ["bus"]}, "geometry": {"type": "Point", "coordinates": [8.406003811869391, 46.820412995508676]}}, {"id": "7818", "type": "Feature", "properties": {"name": "Engelberg, Eien", "lon": 8.417601053221498, "lat": 46.81315281532498, "stop_id": ["8502918.link:218724", "8502918.link:218725"], "lines": [{"line_id": "92-300-A-j24-1", "route_id": "29.TA.92-300-A-j24-1.3.H", "mode": "bus", "line_name": "300"}, {"line_id": "92-300-A-j24-1", "route_id": "20.TA.92-300-A-j24-1.9.H", "mode": "bus", "line_name": "300"}, {"line_id": "92-300-A-j24-1", "route_id": "65.TA.92-300-A-j24-1.11.R", "mode": "bus", "line_name": "300"}, {"line_id": "92-300-A-j24-1", "route_id": "63.TA.92-300-A-j24-1.11.R", "mode": "bus", "line_name": "300"}, {"line_id": "92-300-A-j24-1", "route_id": "61.TA.92-300-A-j24-1.11.R", "mode": "bus", "line_name": "300"}, {"line_id": "92-300-A-j24-1", "route_id": "71.TA.92-300-A-j24-1.6.R", "mode": "bus", "line_name": "300"}, {"line_id": "92-300-A-j24-1", "route_id": "77.TA.92-300-A-j24-1.7.R", "mode": "bus", "line_name": "300"}, {"line_id": "92-300-A-j24-1", "route_id": "75.TA.92-300-A-j24-1.7.R", "mode": "bus", "line_name": "300"}], "predominant_mode": "bus", "assigned_canton": "Obwalden", "modes_list": ["bus"]}, "geometry": {"type": "Point", "coordinates": [8.417601061655843, 46.81315282531936]}}, {"id": "7819", "type": "Feature", "properties": {"name": "Engelberg, Eienw\u00e4ldli", "lon": 8.422182463130095, "lat": 46.810232495252606, "stop_id": ["8502919.link:218730", "8502919.link:218731"], "lines": [{"line_id": "92-300-A-j24-1", "route_id": "29.TA.92-300-A-j24-1.3.H", "mode": "bus", "line_name": "300"}, {"line_id": "92-300-A-j24-1", "route_id": "20.TA.92-300-A-j24-1.9.H", "mode": "bus", "line_name": "300"}, {"line_id": "92-300-A-j24-1", "route_id": "65.TA.92-300-A-j24-1.11.R", "mode": "bus", "line_name": "300"}, {"line_id": "92-300-A-j24-1", "route_id": "63.TA.92-300-A-j24-1.11.R", "mode": "bus", "line_name": "300"}, {"line_id": "92-300-A-j24-1", "route_id": "61.TA.92-300-A-j24-1.11.R", "mode": "bus", "line_name": "300"}, {"line_id": "92-300-A-j24-1", "route_id": "71.TA.92-300-A-j24-1.6.R", "mode": "bus", "line_name": "300"}, {"line_id": "92-300-A-j24-1", "route_id": "77.TA.92-300-A-j24-1.7.R", "mode": "bus", "line_name": "300"}, {"line_id": "92-300-A-j24-1", "route_id": "75.TA.92-300-A-j24-1.7.R", "mode": "bus", "line_name": "300"}], "predominant_mode": "bus", "assigned_canton": "Obwalden", "modes_list": ["bus"]}, "geometry": {"type": "Point", "coordinates": [8.422182471569847, 46.81023250524456]}}, {"id": "7820", "type": "Feature", "properties": {"name": "Engelberg, F\u00fcrenalpbahn", "lon": 8.448781572899891, "lat": 46.80254666483387, "stop_id": ["8595403.link:304949"], "lines": [{"line_id": "92-300-A-j24-1", "route_id": "65.TA.92-300-A-j24-1.11.R", "mode": "bus", "line_name": "300"}, {"line_id": "92-300-A-j24-1", "route_id": "20.TA.92-300-A-j24-1.9.H", "mode": "bus", "line_name": "300"}, {"line_id": "92-300-A-j24-1", "route_id": "29.TA.92-300-A-j24-1.3.H", "mode": "bus", "line_name": "300"}, {"line_id": "92-300-A-j24-1", "route_id": "63.TA.92-300-A-j24-1.11.R", "mode": "bus", "line_name": "300"}, {"line_id": "92-300-A-j24-1", "route_id": "61.TA.92-300-A-j24-1.11.R", "mode": "bus", "line_name": "300"}, {"line_id": "92-300-A-j24-1", "route_id": "71.TA.92-300-A-j24-1.6.R", "mode": "bus", "line_name": "300"}, {"line_id": "92-300-A-j24-1", "route_id": "77.TA.92-300-A-j24-1.7.R", "mode": "bus", "line_name": "300"}, {"line_id": "92-300-A-j24-1", "route_id": "75.TA.92-300-A-j24-1.7.R", "mode": "bus", "line_name": "300"}], "predominant_mode": "bus", "assigned_canton": "Obwalden", "modes_list": ["bus"]}, "geometry": {"type": "Point", "coordinates": [8.448781581368435, 46.802546674815275]}}, {"id": "7821", "type": "Feature", "properties": {"name": "Engelberg, Golfplatz", "lon": 8.434929553089619, "lat": 46.808701565052246, "stop_id": ["8502920.link:304932", "8502920.link:304933"], "lines": [{"line_id": "92-300-A-j24-1", "route_id": "29.TA.92-300-A-j24-1.3.H", "mode": "bus", "line_name": "300"}, {"line_id": "92-300-A-j24-1", "route_id": "20.TA.92-300-A-j24-1.9.H", "mode": "bus", "line_name": "300"}, {"line_id": "92-300-A-j24-1", "route_id": "65.TA.92-300-A-j24-1.11.R", "mode": "bus", "line_name": "300"}, {"line_id": "92-300-A-j24-1", "route_id": "63.TA.92-300-A-j24-1.11.R", "mode": "bus", "line_name": "300"}, {"line_id": "92-300-A-j24-1", "route_id": "61.TA.92-300-A-j24-1.11.R", "mode": "bus", "line_name": "300"}, {"line_id": "92-300-A-j24-1", "route_id": "71.TA.92-300-A-j24-1.6.R", "mode": "bus", "line_name": "300"}, {"line_id": "92-300-A-j24-1", "route_id": "77.TA.92-300-A-j24-1.7.R", "mode": "bus", "line_name": "300"}, {"line_id": "92-300-A-j24-1", "route_id": "75.TA.92-300-A-j24-1.7.R", "mode": "bus", "line_name": "300"}], "predominant_mode": "bus", "assigned_canton": "Obwalden", "modes_list": ["bus"]}, "geometry": {"type": "Point", "coordinates": [8.434929561542576, 46.80870157504004]}}, {"id": "7822", "type": "Feature", "properties": {"name": "Engelberg, Hahnenblick", "lon": 8.413567613343458, "lat": 46.81700125538883, "stop_id": ["8502917.link:914882", "8502917.link:914883"], "lines": [{"line_id": "92-300-A-j24-1", "route_id": "29.TA.92-300-A-j24-1.3.H", "mode": "bus", "line_name": "300"}, {"line_id": "92-300-A-j24-1", "route_id": "20.TA.92-300-A-j24-1.9.H", "mode": "bus", "line_name": "300"}, {"line_id": "92-300-A-j24-1", "route_id": "65.TA.92-300-A-j24-1.11.R", "mode": "bus", "line_name": "300"}, {"line_id": "92-300-A-j24-1", "route_id": "63.TA.92-300-A-j24-1.11.R", "mode": "bus", "line_name": "300"}, {"line_id": "92-300-A-j24-1", "route_id": "61.TA.92-300-A-j24-1.11.R", "mode": "bus", "line_name": "300"}, {"line_id": "92-300-A-j24-1", "route_id": "71.TA.92-300-A-j24-1.6.R", "mode": "bus", "line_name": "300"}, {"line_id": "92-300-A-j24-1", "route_id": "77.TA.92-300-A-j24-1.7.R", "mode": "bus", "line_name": "300"}, {"line_id": "92-300-A-j24-1", "route_id": "75.TA.92-300-A-j24-1.7.R", "mode": "bus", "line_name": "300"}], "predominant_mode": "bus", "assigned_canton": "Obwalden", "modes_list": ["bus"]}, "geometry": {"type": "Point", "coordinates": [8.413567621772694, 46.81700126538594]}}, {"id": "7823", "type": "Feature", "properties": {"name": "Engelberg, Kloster", "lon": 8.40808789342804, "lat": 46.81973065547527, "stop_id": ["8502915.link:1105875"], "lines": [{"line_id": "92-300-A-j24-1", "route_id": "29.TA.92-300-A-j24-1.3.H", "mode": "bus", "line_name": "300"}, {"line_id": "92-300-A-j24-1", "route_id": "12.TA.92-300-A-j24-1.2.H", "mode": "bus", "line_name": "300"}, {"line_id": "92-300-A-j24-1", "route_id": "20.TA.92-300-A-j24-1.9.H", "mode": "bus", "line_name": "300"}], "predominant_mode": "bus", "assigned_canton": "Obwalden", "modes_list": ["bus"]}, "geometry": {"type": "Point", "coordinates": [8.408087901851022, 46.819730665475]}}, {"id": "7824", "type": "Feature", "properties": {"name": "Engelberg, Kurpark", "lon": 8.403596313460495, "lat": 46.82083098554596, "stop_id": ["8502914.link:182699"], "lines": [{"line_id": "92-300-A-j24-1", "route_id": "60.TA.92-300-A-j24-1.5.R", "mode": "bus", "line_name": "300"}, {"line_id": "92-300-A-j24-1", "route_id": "65.TA.92-300-A-j24-1.11.R", "mode": "bus", "line_name": "300"}, {"line_id": "92-300-A-j24-1", "route_id": "56.TA.92-300-A-j24-1.5.R", "mode": "bus", "line_name": "300"}, {"line_id": "92-300-A-j24-1", "route_id": "63.TA.92-300-A-j24-1.11.R", "mode": "bus", "line_name": "300"}, {"line_id": "92-300-A-j24-1", "route_id": "61.TA.92-300-A-j24-1.11.R", "mode": "bus", "line_name": "300"}, {"line_id": "92-300-A-j24-1", "route_id": "54.TA.92-300-A-j24-1.10.R", "mode": "bus", "line_name": "300"}, {"line_id": "92-300-A-j24-1", "route_id": "71.TA.92-300-A-j24-1.6.R", "mode": "bus", "line_name": "300"}, {"line_id": "92-300-A-j24-1", "route_id": "77.TA.92-300-A-j24-1.7.R", "mode": "bus", "line_name": "300"}, {"line_id": "92-300-A-j24-1", "route_id": "75.TA.92-300-A-j24-1.7.R", "mode": "bus", "line_name": "300"}, {"line_id": "92-300-A-j24-1", "route_id": "59.TA.92-300-A-j24-1.5.R", "mode": "bus", "line_name": "300"}], "predominant_mode": "bus", "assigned_canton": "Obwalden", "modes_list": ["bus"]}, "geometry": {"type": "Point", "coordinates": [8.403596321878666, 46.820830995547354]}}, {"id": "7825", "type": "Feature", "properties": {"name": "Engelberg, Resort", "lon": 8.396921833380807, "lat": 46.81852580565041, "stop_id": ["8508199.link:1105906"], "lines": [{"line_id": "92-300-A-j24-1", "route_id": "29.TA.92-300-A-j24-1.3.H", "mode": "bus", "line_name": "300"}, {"line_id": "92-300-A-j24-1", "route_id": "12.TA.92-300-A-j24-1.2.H", "mode": "bus", "line_name": "300"}, {"line_id": "92-300-A-j24-1", "route_id": "2.TA.92-300-A-j24-1.8.H", "mode": "bus", "line_name": "300"}], "predominant_mode": "bus", "assigned_canton": "Obwalden", "modes_list": ["bus"]}, "geometry": {"type": "Point", "coordinates": [8.39692184179291, 46.81852581565273]}}, {"id": "7826", "type": "Feature", "properties": {"name": "Engelberg, Sporting Park", "lon": 8.404377853372672, "lat": 46.81810778553331, "stop_id": ["8502913.link:1105889"], "lines": [{"line_id": "92-300-A-j24-1", "route_id": "29.TA.92-300-A-j24-1.3.H", "mode": "bus", "line_name": "300"}, {"line_id": "92-300-A-j24-1", "route_id": "12.TA.92-300-A-j24-1.2.H", "mode": "bus", "line_name": "300"}, {"line_id": "92-300-A-j24-1", "route_id": "20.TA.92-300-A-j24-1.9.H", "mode": "bus", "line_name": "300"}], "predominant_mode": "bus", "assigned_canton": "Obwalden", "modes_list": ["bus"]}, "geometry": {"type": "Point", "coordinates": [8.404377861792376, 46.81810779553341]}}, {"id": "7827", "type": "Feature", "properties": {"name": "Engelberg, Sunnmatt", "lon": 8.395143173411034, "lat": 46.81949706567847, "stop_id": ["8502922.link:38211"], "lines": [{"line_id": "92-300-A-j24-1", "route_id": "29.TA.92-300-A-j24-1.3.H", "mode": "bus", "line_name": "300"}, {"line_id": "92-300-A-j24-1", "route_id": "12.TA.92-300-A-j24-1.2.H", "mode": "bus", "line_name": "300"}, {"line_id": "92-300-A-j24-1", "route_id": "2.TA.92-300-A-j24-1.8.H", "mode": "bus", "line_name": "300"}], "predominant_mode": "bus", "assigned_canton": "Obwalden", "modes_list": ["bus"]}, "geometry": {"type": "Point", "coordinates": [8.395143181821082, 46.81949707568167]}}, {"id": "7828", "type": "Feature", "properties": {"name": "Engelberg, Titlisbahn", "lon": 8.395852843312623, "lat": 46.81644798566689, "stop_id": ["8595401.link:1350103", "8595401.link:1350104"], "lines": [{"line_id": "92-300-A-j24-1", "route_id": "29.TA.92-300-A-j24-1.3.H", "mode": "bus", "line_name": "300"}, {"line_id": "92-300-A-j24-1", "route_id": "12.TA.92-300-A-j24-1.2.H", "mode": "bus", "line_name": "300"}, {"line_id": "92-300-A-j24-1", "route_id": "2.TA.92-300-A-j24-1.8.H", "mode": "bus", "line_name": "300"}, {"line_id": "92-300-A-j24-1", "route_id": "1.TA.92-300-A-j24-1.12.H", "mode": "bus", "line_name": "300"}, {"line_id": "92-300-A-j24-1", "route_id": "60.TA.92-300-A-j24-1.5.R", "mode": "bus", "line_name": "300"}, {"line_id": "92-300-A-j24-1", "route_id": "44.TA.92-300-A-j24-1.4.R", "mode": "bus", "line_name": "300"}, {"line_id": "92-300-A-j24-1", "route_id": "65.TA.92-300-A-j24-1.11.R", "mode": "bus", "line_name": "300"}, {"line_id": "92-300-A-j24-1", "route_id": "56.TA.92-300-A-j24-1.5.R", "mode": "bus", "line_name": "300"}, {"line_id": "92-300-A-j24-1", "route_id": "36.TA.92-300-A-j24-1.4.R", "mode": "bus", "line_name": "300"}, {"line_id": "92-300-A-j24-1", "route_id": "63.TA.92-300-A-j24-1.11.R", "mode": "bus", "line_name": "300"}, {"line_id": "92-300-A-j24-1", "route_id": "61.TA.92-300-A-j24-1.11.R", "mode": "bus", "line_name": "300"}, {"line_id": "92-300-A-j24-1", "route_id": "77.TA.92-300-A-j24-1.7.R", "mode": "bus", "line_name": "300"}, {"line_id": "92-300-A-j24-1", "route_id": "75.TA.92-300-A-j24-1.7.R", "mode": "bus", "line_name": "300"}, {"line_id": "92-300-A-j24-1", "route_id": "59.TA.92-300-A-j24-1.5.R", "mode": "bus", "line_name": "300"}], "predominant_mode": "bus", "assigned_canton": "Obwalden", "modes_list": ["bus"]}, "geometry": {"type": "Point", "coordinates": [8.395852851724227, 46.81644799566866]}}, {"id": "7829", "type": "Feature", "properties": {"name": "Engelberg, Wasserfall", "lon": 8.446329172975503, "lat": 46.80493246487273, "stop_id": ["8502921.link:1024547", "8502921.link:1024548"], "lines": [{"line_id": "92-300-A-j24-1", "route_id": "29.TA.92-300-A-j24-1.3.H", "mode": "bus", "line_name": "300"}, {"line_id": "92-300-A-j24-1", "route_id": "20.TA.92-300-A-j24-1.9.H", "mode": "bus", "line_name": "300"}, {"line_id": "92-300-A-j24-1", "route_id": "65.TA.92-300-A-j24-1.11.R", "mode": "bus", "line_name": "300"}, {"line_id": "92-300-A-j24-1", "route_id": "63.TA.92-300-A-j24-1.11.R", "mode": "bus", "line_name": "300"}, {"line_id": "92-300-A-j24-1", "route_id": "61.TA.92-300-A-j24-1.11.R", "mode": "bus", "line_name": "300"}, {"line_id": "92-300-A-j24-1", "route_id": "71.TA.92-300-A-j24-1.6.R", "mode": "bus", "line_name": "300"}, {"line_id": "92-300-A-j24-1", "route_id": "77.TA.92-300-A-j24-1.7.R", "mode": "bus", "line_name": "300"}, {"line_id": "92-300-A-j24-1", "route_id": "75.TA.92-300-A-j24-1.7.R", "mode": "bus", "line_name": "300"}], "predominant_mode": "bus", "assigned_canton": "Obwalden", "modes_list": ["bus"]}, "geometry": {"type": "Point", "coordinates": [8.446329181440927, 46.80493247485577]}}, {"id": "7830", "type": "Feature", "properties": {"name": "Engelberg, Wetti", "lon": 8.410693003411378, "lat": 46.81915896543429, "stop_id": ["8502916.link:1105879", "8502916.link:1105880"], "lines": [{"line_id": "92-300-A-j24-1", "route_id": "29.TA.92-300-A-j24-1.3.H", "mode": "bus", "line_name": "300"}, {"line_id": "92-300-A-j24-1", "route_id": "12.TA.92-300-A-j24-1.2.H", "mode": "bus", "line_name": "300"}, {"line_id": "92-300-A-j24-1", "route_id": "20.TA.92-300-A-j24-1.9.H", "mode": "bus", "line_name": "300"}, {"line_id": "92-300-A-j24-1", "route_id": "60.TA.92-300-A-j24-1.5.R", "mode": "bus", "line_name": "300"}, {"line_id": "92-300-A-j24-1", "route_id": "65.TA.92-300-A-j24-1.11.R", "mode": "bus", "line_name": "300"}, {"line_id": "92-300-A-j24-1", "route_id": "56.TA.92-300-A-j24-1.5.R", "mode": "bus", "line_name": "300"}, {"line_id": "92-300-A-j24-1", "route_id": "63.TA.92-300-A-j24-1.11.R", "mode": "bus", "line_name": "300"}, {"line_id": "92-300-A-j24-1", "route_id": "61.TA.92-300-A-j24-1.11.R", "mode": "bus", "line_name": "300"}, {"line_id": "92-300-A-j24-1", "route_id": "54.TA.92-300-A-j24-1.10.R", "mode": "bus", "line_name": "300"}, {"line_id": "92-300-A-j24-1", "route_id": "71.TA.92-300-A-j24-1.6.R", "mode": "bus", "line_name": "300"}, {"line_id": "92-300-A-j24-1", "route_id": "77.TA.92-300-A-j24-1.7.R", "mode": "bus", "line_name": "300"}, {"line_id": "92-300-A-j24-1", "route_id": "75.TA.92-300-A-j24-1.7.R", "mode": "bus", "line_name": "300"}, {"line_id": "92-300-A-j24-1", "route_id": "59.TA.92-300-A-j24-1.5.R", "mode": "bus", "line_name": "300"}], "predominant_mode": "bus", "assigned_canton": "Obwalden", "modes_list": ["bus"]}, "geometry": {"type": "Point", "coordinates": [8.410693011837134, 46.819158975433005]}}, {"id": "8312", "type": "Feature", "properties": {"name": "Ewil Maxon", "lon": 8.218606254614517, "lat": 46.86069184845527, "stop_id": ["8508327:0:1.link:99834", "8508327:0:1.link:99835"], "lines": [{"line_id": "91-5-D-j24-1", "route_id": "51.TA.91-5-D-j24-1.1.H", "mode": "rail", "line_name": "S5"}, {"line_id": "91-5-D-j24-1", "route_id": "253.TA.91-5-D-j24-1.9.H", "mode": "rail", "line_name": "S5"}, {"line_id": "91-5-D-j24-1", "route_id": "82.TA.91-5-D-j24-1.4.H", "mode": "rail", "line_name": "S5"}, {"line_id": "91-5-D-j24-1", "route_id": "163.TA.91-5-D-j24-1.7.H", "mode": "rail", "line_name": "S5"}, {"line_id": "91-5-D-j24-1", "route_id": "272.TA.91-5-D-j24-1.10.H", "mode": "rail", "line_name": "S5"}, {"line_id": "91-5-D-j24-1", "route_id": "105.TA.91-5-D-j24-1.5.H", "mode": "rail", "line_name": "S5"}, {"line_id": "91-5-D-j24-1", "route_id": "365.TA.91-5-D-j24-1.14.H", "mode": "rail", "line_name": "S5"}, {"line_id": "91-5-D-j24-1", "route_id": "352.TA.91-5-D-j24-1.12.H", "mode": "rail", "line_name": "S5"}, {"line_id": "91-5-D-j24-1", "route_id": "288.TA.91-5-D-j24-1.11.H", "mode": "rail", "line_name": "S5"}, {"line_id": "91-5-D-j24-1", "route_id": "695.TA.91-5-D-j24-1.25.R", "mode": "rail", "line_name": "S5"}, {"line_id": "91-5-D-j24-1", "route_id": "730.TA.91-5-D-j24-1.30.R", "mode": "rail", "line_name": "S5"}, {"line_id": "91-5-D-j24-1", "route_id": "754.TA.91-5-D-j24-1.32.R", "mode": "rail", "line_name": "S5"}, {"line_id": "91-5-D-j24-1", "route_id": "517.TA.91-5-D-j24-1.18.R", "mode": "rail", "line_name": "S5"}, {"line_id": "91-5-D-j24-1", "route_id": "708.TA.91-5-D-j24-1.26.R", "mode": "rail", "line_name": "S5"}, {"line_id": "91-5-D-j24-1", "route_id": "460.TA.91-5-D-j24-1.17.R", "mode": "rail", "line_name": "S5"}, {"line_id": "91-5-D-j24-1", "route_id": "443.TA.91-5-D-j24-1.16.R", "mode": "rail", "line_name": "S5"}, {"line_id": "91-5-D-j24-1", "route_id": "559.TA.91-5-D-j24-1.50.R", "mode": "rail", "line_name": "S5"}, {"line_id": "91-5-D-j24-1", "route_id": "762.TA.91-5-D-j24-1.70.R", "mode": "rail", "line_name": "S5"}, {"line_id": "91-5-D-j24-1", "route_id": "532.TA.91-5-D-j24-1.19.R", "mode": "rail", "line_name": "S5"}, {"line_id": "91-5-D-j24-1", "route_id": "725.TA.91-5-D-j24-1.29.R", "mode": "rail", "line_name": "S5"}, {"line_id": "91-5-D-j24-1", "route_id": "685.TA.91-5-D-j24-1.24.R", "mode": "rail", "line_name": "S5"}], "predominant_mode": "rail", "assigned_canton": "Obwalden", "modes_list": ["rail"]}, "geometry": {"type": "Point", "coordinates": [8.218606262834912, 46.86069185852348]}}, {"id": "8313", "type": "Feature", "properties": {"name": "Ewil Maxon, Bahnhof", "lon": 8.222325274601095, "lat": 46.86018816839684, "stop_id": ["8582459.link:1392717"], "lines": [{"line_id": "96-359-7-j24-1", "route_id": "2.TA.96-359-7-j24-1.2.H", "mode": "bus", "line_name": "N55"}, {"line_id": "96-359-7-j24-1", "route_id": "1.TA.96-359-7-j24-1.1.H", "mode": "bus", "line_name": "N55"}], "predominant_mode": "bus", "assigned_canton": "Obwalden", "modes_list": ["bus"]}, "geometry": {"type": "Point", "coordinates": [8.222325282825407, 46.860188178463815]}}, {"id": "8773", "type": "Feature", "properties": {"name": "Fl\u00fceli-Ranft, Allmend", "lon": 8.254952085105984, "lat": 46.87492816788666, "stop_id": ["8580011.link:1098429", "8580011.link:1098430"], "lines": [{"line_id": "96-360-6-j24-1", "route_id": "7.TA.96-360-6-j24-1.1.H", "mode": "bus", "line_name": "351"}, {"line_id": "96-360-6-j24-1", "route_id": "10.TA.96-360-6-j24-1.1.H", "mode": "bus", "line_name": "351"}, {"line_id": "96-360-6-j24-1", "route_id": "6.TA.96-360-6-j24-1.1.H", "mode": "bus", "line_name": "351"}, {"line_id": "96-360-6-j24-1", "route_id": "41.TA.96-360-6-j24-1.4.R", "mode": "bus", "line_name": "351"}, {"line_id": "96-360-6-j24-1", "route_id": "46.TA.96-360-6-j24-1.3.R", "mode": "bus", "line_name": "351"}, {"line_id": "96-360-6-j24-1", "route_id": "44.TA.96-360-6-j24-1.3.R", "mode": "bus", "line_name": "351"}, {"line_id": "96-360-6-j24-1", "route_id": "25.TA.96-360-6-j24-1.2.R", "mode": "bus", "line_name": "351"}], "predominant_mode": "bus", "assigned_canton": "Obwalden", "modes_list": ["bus"]}, "geometry": {"type": "Point", "coordinates": [8.254952093359366, 46.87492817795064]}}, {"id": "8774", "type": "Feature", "properties": {"name": "Fl\u00fceli-Ranft, Chilchweg", "lon": 8.248430314945915, "lat": 46.87016267798844, "stop_id": ["8508746.link:1773776", "8508746.link:1773777"], "lines": [{"line_id": "96-360-6-j24-1", "route_id": "7.TA.96-360-6-j24-1.1.H", "mode": "bus", "line_name": "351"}, {"line_id": "96-360-6-j24-1", "route_id": "10.TA.96-360-6-j24-1.1.H", "mode": "bus", "line_name": "351"}, {"line_id": "96-360-6-j24-1", "route_id": "6.TA.96-360-6-j24-1.1.H", "mode": "bus", "line_name": "351"}, {"line_id": "96-360-6-j24-1", "route_id": "41.TA.96-360-6-j24-1.4.R", "mode": "bus", "line_name": "351"}, {"line_id": "96-360-6-j24-1", "route_id": "46.TA.96-360-6-j24-1.3.R", "mode": "bus", "line_name": "351"}, {"line_id": "96-360-6-j24-1", "route_id": "44.TA.96-360-6-j24-1.3.R", "mode": "bus", "line_name": "351"}, {"line_id": "96-360-6-j24-1", "route_id": "25.TA.96-360-6-j24-1.2.R", "mode": "bus", "line_name": "351"}], "predominant_mode": "bus", "assigned_canton": "Obwalden", "modes_list": ["bus"]}, "geometry": {"type": "Point", "coordinates": [8.248430323193993, 46.87016268805228]}}, {"id": "8775", "type": "Feature", "properties": {"name": "Fl\u00fceli-Ranft, Dorf", "lon": 8.269334115010704, "lat": 46.871655007660515, "stop_id": ["8508758.link:1798716", "8508758.link:1798717"], "lines": [{"line_id": "96-359-7-j24-1", "route_id": "2.TA.96-359-7-j24-1.2.H", "mode": "bus", "line_name": "N55"}, {"line_id": "96-360-6-j24-1", "route_id": "7.TA.96-360-6-j24-1.1.H", "mode": "bus", "line_name": "351"}, {"line_id": "96-360-6-j24-1", "route_id": "10.TA.96-360-6-j24-1.1.H", "mode": "bus", "line_name": "351"}, {"line_id": "96-360-6-j24-1", "route_id": "6.TA.96-360-6-j24-1.1.H", "mode": "bus", "line_name": "351"}, {"line_id": "96-360-6-j24-1", "route_id": "41.TA.96-360-6-j24-1.4.R", "mode": "bus", "line_name": "351"}, {"line_id": "96-360-6-j24-1", "route_id": "46.TA.96-360-6-j24-1.3.R", "mode": "bus", "line_name": "351"}, {"line_id": "96-360-6-j24-1", "route_id": "44.TA.96-360-6-j24-1.3.R", "mode": "bus", "line_name": "351"}, {"line_id": "96-360-6-j24-1", "route_id": "25.TA.96-360-6-j24-1.2.R", "mode": "bus", "line_name": "351"}], "predominant_mode": "bus", "assigned_canton": "Obwalden", "modes_list": ["bus"]}, "geometry": {"type": "Point", "coordinates": [8.269334123279547, 46.87165501771926]}}, {"id": "8776", "type": "Feature", "properties": {"name": "Fl\u00fceli-Ranft, Kehrw\u00e4ldli", "lon": 8.257314655141188, "lat": 46.87595367784976, "stop_id": ["8508747.link:1098433", "8508747.link:1098434"], "lines": [{"line_id": "96-360-6-j24-1", "route_id": "7.TA.96-360-6-j24-1.1.H", "mode": "bus", "line_name": "351"}, {"line_id": "96-360-6-j24-1", "route_id": "10.TA.96-360-6-j24-1.1.H", "mode": "bus", "line_name": "351"}, {"line_id": "96-360-6-j24-1", "route_id": "6.TA.96-360-6-j24-1.1.H", "mode": "bus", "line_name": "351"}, {"line_id": "96-360-6-j24-1", "route_id": "41.TA.96-360-6-j24-1.4.R", "mode": "bus", "line_name": "351"}, {"line_id": "96-360-6-j24-1", "route_id": "46.TA.96-360-6-j24-1.3.R", "mode": "bus", "line_name": "351"}, {"line_id": "96-360-6-j24-1", "route_id": "44.TA.96-360-6-j24-1.3.R", "mode": "bus", "line_name": "351"}, {"line_id": "96-360-6-j24-1", "route_id": "25.TA.96-360-6-j24-1.2.R", "mode": "bus", "line_name": "351"}], "predominant_mode": "bus", "assigned_canton": "Obwalden", "modes_list": ["bus"]}, "geometry": {"type": "Point", "coordinates": [8.257314663396686, 46.87595368791347]}}, {"id": "8777", "type": "Feature", "properties": {"name": "Fl\u00fceli-Ranft, St. Dorothea", "lon": 8.268669365087684, "lat": 46.87403773767125, "stop_id": ["8508749.link:264479", "8508749.link:264480"], "lines": [{"line_id": "96-360-6-j24-1", "route_id": "7.TA.96-360-6-j24-1.1.H", "mode": "bus", "line_name": "351"}, {"line_id": "96-360-6-j24-1", "route_id": "10.TA.96-360-6-j24-1.1.H", "mode": "bus", "line_name": "351"}, {"line_id": "96-360-6-j24-1", "route_id": "6.TA.96-360-6-j24-1.1.H", "mode": "bus", "line_name": "351"}, {"line_id": "96-360-6-j24-1", "route_id": "41.TA.96-360-6-j24-1.4.R", "mode": "bus", "line_name": "351"}, {"line_id": "96-360-6-j24-1", "route_id": "46.TA.96-360-6-j24-1.3.R", "mode": "bus", "line_name": "351"}, {"line_id": "96-360-6-j24-1", "route_id": "44.TA.96-360-6-j24-1.3.R", "mode": "bus", "line_name": "351"}, {"line_id": "96-360-6-j24-1", "route_id": "25.TA.96-360-6-j24-1.2.R", "mode": "bus", "line_name": "351"}], "predominant_mode": "bus", "assigned_canton": "Obwalden", "modes_list": ["bus"]}, "geometry": {"type": "Point", "coordinates": [8.268669373355198, 46.87403774773115]}}, {"id": "8778", "type": "Feature", "properties": {"name": "Fl\u00fceli-Ranft, Z'Mos", "lon": 8.265013215132575, "lat": 46.87550539772881, "stop_id": ["8508748.link:1848878", "8508748.link:1848879"], "lines": [{"line_id": "96-360-6-j24-1", "route_id": "7.TA.96-360-6-j24-1.1.H", "mode": "bus", "line_name": "351"}, {"line_id": "96-360-6-j24-1", "route_id": "10.TA.96-360-6-j24-1.1.H", "mode": "bus", "line_name": "351"}, {"line_id": "96-360-6-j24-1", "route_id": "6.TA.96-360-6-j24-1.1.H", "mode": "bus", "line_name": "351"}, {"line_id": "96-360-6-j24-1", "route_id": "41.TA.96-360-6-j24-1.4.R", "mode": "bus", "line_name": "351"}, {"line_id": "96-360-6-j24-1", "route_id": "46.TA.96-360-6-j24-1.3.R", "mode": "bus", "line_name": "351"}, {"line_id": "96-360-6-j24-1", "route_id": "44.TA.96-360-6-j24-1.3.R", "mode": "bus", "line_name": "351"}, {"line_id": "96-360-6-j24-1", "route_id": "25.TA.96-360-6-j24-1.2.R", "mode": "bus", "line_name": "351"}], "predominant_mode": "bus", "assigned_canton": "Obwalden", "modes_list": ["bus"]}, "geometry": {"type": "Point", "coordinates": [8.265013223395986, 46.87550540779022]}}, {"id": "9304", "type": "Feature", "properties": {"name": "F\u00fcrenalp", "lon": 8.468266032867835, "lat": 46.8011323545277, "stop_id": ["8530369.link:pt_8530369"], "lines": [{"line_id": "93-60-Y-j24-1", "route_id": "154.TA.93-60-Y-j24-1.2.R", "mode": "cable car", "line_name": "PB"}, {"line_id": "93-60-Y-j24-1", "route_id": "37.TA.93-60-Y-j24-1.1.H", "mode": "cable car", "line_name": "PB"}], "predominant_mode": "cable car", "assigned_canton": "Obwalden", "modes_list": ["cable car"]}, "geometry": {"type": "Point", "coordinates": [8.468266041356268, 46.80113236450309]}}, {"id": "9735", "type": "Feature", "properties": {"name": "Gerschnialp", "lon": 8.392484153187867, "lat": 46.812679425719224, "stop_id": ["8508365.link:pt_8508365"], "lines": [{"line_id": "93-253-3-j24-1", "route_id": "2.TA.93-253-3-j24-1.1.H", "mode": "funicular", "line_name": "2533"}, {"line_id": "93-253-3-j24-1", "route_id": "75.TA.93-253-3-j24-1.2.R", "mode": "funicular", "line_name": "2533"}], "predominant_mode": "funicular", "assigned_canton": "Obwalden", "modes_list": ["funicular"]}, "geometry": {"type": "Point", "coordinates": [8.392484161597125, 46.812679435720405]}}, {"id": "9816", "type": "Feature", "properties": {"name": "Giswil", "lon": 8.18643009546436, "lat": 46.83634584729023, "stop_id": ["8508312:0:1.link:76361", "8508312:0:1.link:76362", "8508312:0:2.link:1198474", "8508312:0:2.link:1198475", "8508312:0:3.link:1198474", "8508312:0:3.link:1198475", "8508312:0:3.link:76361", "8508312:0:3.link:76362", "8508312:0:4.link:76361", "8508312:0:4.link:76362", "8508312:0:5.link:76361", "8508312:0:5.link:76362"], "lines": [{"line_id": "91-5-D-j24-1", "route_id": "695.TA.91-5-D-j24-1.25.R", "mode": "rail", "line_name": "S5"}, {"line_id": "91-5-D-j24-1", "route_id": "730.TA.91-5-D-j24-1.30.R", "mode": "rail", "line_name": "S5"}, {"line_id": "91-5-D-j24-1", "route_id": "460.TA.91-5-D-j24-1.17.R", "mode": "rail", "line_name": "S5"}, {"line_id": "91-5-D-j24-1", "route_id": "163.TA.91-5-D-j24-1.7.H", "mode": "rail", "line_name": "S5"}, {"line_id": "91-5-D-j24-1", "route_id": "105.TA.91-5-D-j24-1.5.H", "mode": "rail", "line_name": "S5"}, {"line_id": "91-E7-Y-j24-1", "route_id": "11.TA.91-E7-Y-j24-1.5.H", "mode": "rail", "line_name": "IR"}, {"line_id": "91-E7-Y-j24-1", "route_id": "10.TA.91-E7-Y-j24-1.1.H", "mode": "rail", "line_name": "IR"}, {"line_id": "91-E7-Y-j24-1", "route_id": "32.TA.91-E7-Y-j24-1.3.R", "mode": "rail", "line_name": "IR"}, {"line_id": "91-1W-Y-j24-1", "route_id": "134.TA.91-1W-Y-j24-1.63.H", "mode": "rail", "line_name": "PE"}, {"line_id": "91-1W-Y-j24-1", "route_id": "70.TA.91-1W-Y-j24-1.10.H", "mode": "rail", "line_name": "PE"}, {"line_id": "91-1W-Y-j24-1", "route_id": "119.TA.91-1W-Y-j24-1.150.H", "mode": "rail", "line_name": "PE"}, {"line_id": "91-1W-Y-j24-1", "route_id": "9.TA.91-1W-Y-j24-1.2.H", "mode": "rail", "line_name": "PE"}, {"line_id": "91-1W-Y-j24-1", "route_id": "85.TA.91-1W-Y-j24-1.12.H", "mode": "rail", "line_name": "PE"}, {"line_id": "91-1W-Y-j24-1", "route_id": "120.TA.91-1W-Y-j24-1.16.H", "mode": "rail", "line_name": "PE"}, {"line_id": "91-1W-Y-j24-1", "route_id": "37.TA.91-1W-Y-j24-1.4.H", "mode": "rail", "line_name": "PE"}, {"line_id": "91-1W-Y-j24-1", "route_id": "72.TA.91-1W-Y-j24-1.11.H", "mode": "rail", "line_name": "PE"}, {"line_id": "91-1W-Y-j24-1", "route_id": "121.TA.91-1W-Y-j24-1.17.H", "mode": "rail", "line_name": "PE"}, {"line_id": "91-1W-Y-j24-1", "route_id": "196.TA.91-1W-Y-j24-1.28.R", "mode": "rail", "line_name": "PE"}, {"line_id": "91-1W-Y-j24-1", "route_id": "189.TA.91-1W-Y-j24-1.25.R", "mode": "rail", "line_name": "PE"}, {"line_id": "91-E7-Y-j24-1", "route_id": "29.TA.91-E7-Y-j24-1.8.R", "mode": "rail", "line_name": "IR"}, {"line_id": "91-1W-Y-j24-1", "route_id": "159.TA.91-1W-Y-j24-1.22.R", "mode": "rail", "line_name": "PE"}, {"line_id": "91-1W-Y-j24-1", "route_id": "212.TA.91-1W-Y-j24-1.32.R", "mode": "rail", "line_name": "PE"}, {"line_id": "91-1W-Y-j24-1", "route_id": "241.TA.91-1W-Y-j24-1.36.R", "mode": "rail", "line_name": "PE"}, {"line_id": "91-1W-Y-j24-1", "route_id": "178.TA.91-1W-Y-j24-1.194.R", "mode": "rail", "line_name": "PE"}, {"line_id": "91-1W-Y-j24-1", "route_id": "199.TA.91-1W-Y-j24-1.30.R", "mode": "rail", "line_name": "PE"}, {"line_id": "91-1W-Y-j24-1", "route_id": "250.TA.91-1W-Y-j24-1.67.R", "mode": "rail", "line_name": "PE"}, {"line_id": "91-1W-Y-j24-1", "route_id": "246.TA.91-1W-Y-j24-1.39.R", "mode": "rail", "line_name": "PE"}, {"line_id": "91-5-D-j24-1", "route_id": "685.TA.91-5-D-j24-1.24.R", "mode": "rail", "line_name": "S5"}, {"line_id": "91-5-D-j24-1", "route_id": "725.TA.91-5-D-j24-1.29.R", "mode": "rail", "line_name": "S5"}, {"line_id": "91-5-D-j24-1", "route_id": "443.TA.91-5-D-j24-1.16.R", "mode": "rail", "line_name": "S5"}, {"line_id": "91-5-D-j24-1", "route_id": "51.TA.91-5-D-j24-1.1.H", "mode": "rail", "line_name": "S5"}, {"line_id": "91-5-D-j24-1", "route_id": "82.TA.91-5-D-j24-1.4.H", "mode": "rail", "line_name": "S5"}, {"line_id": "91-5-D-j24-1", "route_id": "708.TA.91-5-D-j24-1.26.R", "mode": "rail", "line_name": "S5"}, {"line_id": "91-5-D-j24-1", "route_id": "517.TA.91-5-D-j24-1.18.R", "mode": "rail", "line_name": "S5"}, {"line_id": "91-5-D-j24-1", "route_id": "559.TA.91-5-D-j24-1.50.R", "mode": "rail", "line_name": "S5"}, {"line_id": "91-5-D-j24-1", "route_id": "253.TA.91-5-D-j24-1.9.H", "mode": "rail", "line_name": "S5"}, {"line_id": "91-5-D-j24-1", "route_id": "288.TA.91-5-D-j24-1.11.H", "mode": "rail", "line_name": "S5"}, {"line_id": "91-5-D-j24-1", "route_id": "272.TA.91-5-D-j24-1.10.H", "mode": "rail", "line_name": "S5"}, {"line_id": "91-5-D-j24-1", "route_id": "762.TA.91-5-D-j24-1.70.R", "mode": "rail", "line_name": "S5"}, {"line_id": "91-5-D-j24-1", "route_id": "532.TA.91-5-D-j24-1.19.R", "mode": "rail", "line_name": "S5"}, {"line_id": "91-5-D-j24-1", "route_id": "754.TA.91-5-D-j24-1.32.R", "mode": "rail", "line_name": "S5"}, {"line_id": "91-5-D-j24-1", "route_id": "365.TA.91-5-D-j24-1.14.H", "mode": "rail", "line_name": "S5"}, {"line_id": "91-5-D-j24-1", "route_id": "352.TA.91-5-D-j24-1.12.H", "mode": "rail", "line_name": "S5"}], "predominant_mode": "rail", "assigned_canton": "Obwalden", "modes_list": ["rail"]}, "geometry": {"type": "Point", "coordinates": [8.18643010365859, 46.83634585735732]}}, {"id": "9817", "type": "Feature", "properties": {"name": "Giswil Camping", "lon": 8.189195404355834, "lat": 46.853455558915854, "stop_id": ["8530817.link:pt_8530817"], "lines": [{"line_id": "94-D-Y-j24-1", "route_id": "4.TA.94-D-Y-j24-1.2.H", "mode": "ferry", "line_name": "BAT"}], "predominant_mode": "ferry", "assigned_canton": "Obwalden", "modes_list": ["ferry"]}, "geometry": {"type": "Point", "coordinates": [8.189195412548274, 46.85345556898913]}}, {"id": "9818", "type": "Feature", "properties": {"name": "Giswil Zollhaus", "lon": 8.202571324112194, "lat": 46.84562844870488, "stop_id": ["8530816.link:pt_8530816"], "lines": [{"line_id": "94-D-Y-j24-1", "route_id": "4.TA.94-D-Y-j24-1.2.H", "mode": "ferry", "line_name": "BAT"}], "predominant_mode": "ferry", "assigned_canton": "Obwalden", "modes_list": ["ferry"]}, "geometry": {"type": "Point", "coordinates": [8.202571332320359, 46.8456284587714]}}, {"id": "9819", "type": "Feature", "properties": {"name": "Giswil, Bahnhof", "lon": 8.1863118138123, "lat": 46.83679854895881, "stop_id": ["8572893.link:1544049", "8572893.link:1544050"], "lines": [{"line_id": "96-360-7-j24-1", "route_id": "5.TA.96-360-7-j24-1.1.H", "mode": "bus", "line_name": "361"}, {"line_id": "92-I-Y-j24-1", "route_id": "2.TA.92-I-Y-j24-1.1.H", "mode": "bus", "line_name": "B"}, {"line_id": "92-I-Y-j24-1", "route_id": "1.TA.92-I-Y-j24-1.1.H", "mode": "bus", "line_name": "B"}, {"line_id": "96-360-7-j24-1", "route_id": "8.TA.96-360-7-j24-1.7.H", "mode": "bus", "line_name": "361"}, {"line_id": "96-360-7-j24-1", "route_id": "12.TA.96-360-7-j24-1.3.H", "mode": "bus", "line_name": "361"}, {"line_id": "96-360-7-j24-1", "route_id": "23.TA.96-360-7-j24-1.5.R", "mode": "bus", "line_name": "361"}, {"line_id": "96-359-7-j24-1", "route_id": "1.TA.96-359-7-j24-1.1.H", "mode": "bus", "line_name": "N55"}, {"line_id": "96-360-7-j24-1", "route_id": "31.TA.96-360-7-j24-1.6.R", "mode": "bus", "line_name": "361"}, {"line_id": "96-359-7-j24-1", "route_id": "2.TA.96-359-7-j24-1.2.H", "mode": "bus", "line_name": "N55"}, {"line_id": "96-360-7-j24-1", "route_id": "16.TA.96-360-7-j24-1.4.R", "mode": "bus", "line_name": "361"}], "predominant_mode": "bus", "assigned_canton": "Obwalden", "modes_list": ["bus"]}, "geometry": {"type": "Point", "coordinates": [8.186311822006289, 46.83679855902613]}}, {"id": "9820", "type": "Feature", "properties": {"name": "Giswil, Emmenrank", "lon": 8.078783472876374, "lat": 46.81070591064227, "stop_id": ["8572886.link:1600476", "8572886.link:1600477"], "lines": [{"line_id": "96-354-1-j24-1", "route_id": "83.TA.96-354-1-j24-1.20.H", "mode": "bus", "line_name": "241"}, {"line_id": "96-354-1-j24-1", "route_id": "12.TA.96-354-1-j24-1.2.H", "mode": "bus", "line_name": "241"}, {"line_id": "96-354-1-j24-1", "route_id": "99.TA.96-354-1-j24-1.9.R", "mode": "bus", "line_name": "241"}, {"line_id": "96-354-1-j24-1", "route_id": "84.TA.96-354-1-j24-1.7.R", "mode": "bus", "line_name": "241"}], "predominant_mode": "bus", "assigned_canton": "Obwalden", "modes_list": ["bus"]}, "geometry": {"type": "Point", "coordinates": [8.07878348096724, 46.8107059207278]}}, {"id": "9821", "type": "Feature", "properties": {"name": "Giswil, Kirche", "lon": 8.179269023667699, "lat": 46.83252132906873, "stop_id": ["8572892.link:1221158", "8572892.link:1221159"], "lines": [{"line_id": "96-360-7-j24-1", "route_id": "12.TA.96-360-7-j24-1.3.H", "mode": "bus", "line_name": "361"}, {"line_id": "96-360-7-j24-1", "route_id": "5.TA.96-360-7-j24-1.1.H", "mode": "bus", "line_name": "361"}, {"line_id": "96-360-7-j24-1", "route_id": "31.TA.96-360-7-j24-1.6.R", "mode": "bus", "line_name": "361"}, {"line_id": "96-360-7-j24-1", "route_id": "23.TA.96-360-7-j24-1.5.R", "mode": "bus", "line_name": "361"}, {"line_id": "96-360-7-j24-1", "route_id": "16.TA.96-360-7-j24-1.4.R", "mode": "bus", "line_name": "361"}], "predominant_mode": "bus", "assigned_canton": "Obwalden", "modes_list": ["bus"]}, "geometry": {"type": "Point", "coordinates": [8.17926903185566, 46.83252133913623]}}, {"id": "9921", "type": "Feature", "properties": {"name": "Glaubenberg, Passh\u00f6he", "lon": 8.107754145568235, "lat": 46.89277657019898, "stop_id": ["8557064.link:763392", "8557064.link:763393"], "lines": [{"line_id": "96-354-6-j24-1", "route_id": "34.TA.96-354-6-j24-1.2.H", "mode": "bus", "line_name": "232"}, {"line_id": "96-354-6-j24-1", "route_id": "59.TA.96-354-6-j24-1.4.R", "mode": "bus", "line_name": "232"}], "predominant_mode": "bus", "assigned_canton": "Obwalden", "modes_list": ["bus"]}, "geometry": {"type": "Point", "coordinates": [8.107754153666964, 46.89277658030987]}}, {"id": "9922", "type": "Feature", "properties": {"name": "Glaubenbielen, Parkplatz", "lon": 8.085943053130666, "lat": 46.818353680531104, "stop_id": ["8508683.link:1132452", "8508683.link:1132453"], "lines": [{"line_id": "96-354-1-j24-1", "route_id": "83.TA.96-354-1-j24-1.20.H", "mode": "bus", "line_name": "241"}, {"line_id": "96-354-1-j24-1", "route_id": "12.TA.96-354-1-j24-1.2.H", "mode": "bus", "line_name": "241"}, {"line_id": "96-354-1-j24-1", "route_id": "99.TA.96-354-1-j24-1.9.R", "mode": "bus", "line_name": "241"}, {"line_id": "96-354-1-j24-1", "route_id": "84.TA.96-354-1-j24-1.7.R", "mode": "bus", "line_name": "241"}], "predominant_mode": "bus", "assigned_canton": "Obwalden", "modes_list": ["bus"]}, "geometry": {"type": "Point", "coordinates": [8.085943061226871, 46.818353690617805]}}, {"id": "10206", "type": "Feature", "properties": {"name": "Grafenort", "lon": 8.372474185057676, "lat": 46.870703111041344, "stop_id": ["8508396.link:1440786", "8508396.link:859555", "8508396:0:1.link:1682178", "8508396:0:1.link:1682179"], "lines": [{"line_id": "92-7-Y-j24-1", "route_id": "5.TA.92-7-Y-j24-1.12.H", "mode": "bus", "line_name": "B"}, {"line_id": "92-7-Y-j24-1", "route_id": "1.TA.92-7-Y-j24-1.12.H", "mode": "bus", "line_name": "B"}, {"line_id": "92-7-Y-j24-1", "route_id": "7.TA.92-7-Y-j24-1.13.R", "mode": "bus", "line_name": "B"}, {"line_id": "91-1J-Y-j24-1", "route_id": "82.TA.91-1J-Y-j24-1.7.H", "mode": "rail", "line_name": "IR"}, {"line_id": "91-1J-Y-j24-1", "route_id": "104.TA.91-1J-Y-j24-1.45.H", "mode": "rail", "line_name": "IR"}, {"line_id": "91-1J-Y-j24-1", "route_id": "109.TA.91-1J-Y-j24-1.9.H", "mode": "rail", "line_name": "IR"}, {"line_id": "91-1J-Y-j24-1", "route_id": "57.TA.91-1J-Y-j24-1.4.H", "mode": "rail", "line_name": "IR"}, {"line_id": "91-1J-Y-j24-1", "route_id": "51.TA.91-1J-Y-j24-1.23.H", "mode": "rail", "line_name": "IR"}, {"line_id": "91-1J-Y-j24-1", "route_id": "78.TA.91-1J-Y-j24-1.6.H", "mode": "rail", "line_name": "IR"}, {"line_id": "91-1J-Y-j24-1", "route_id": "168.TA.91-1J-Y-j24-1.14.R", "mode": "rail", "line_name": "IR"}, {"line_id": "91-1J-Y-j24-1", "route_id": "193.TA.91-1J-Y-j24-1.16.R", "mode": "rail", "line_name": "IR"}, {"line_id": "91-1J-Y-j24-1", "route_id": "181.TA.91-1J-Y-j24-1.15.R", "mode": "rail", "line_name": "IR"}, {"line_id": "91-1J-Y-j24-1", "route_id": "151.TA.91-1J-Y-j24-1.13.R", "mode": "rail", "line_name": "IR"}], "predominant_mode": "bus", "assigned_canton": "Obwalden", "modes_list": ["bus", "rail"]}, "geometry": {"type": "Point", "coordinates": [8.372474193430762, 46.870703121071344]}}, {"id": "10603", "type": "Feature", "properties": {"name": "Grossteil, Haltenrain", "lon": 8.160799664377597, "lat": 46.854831639361656, "stop_id": ["8582883.link:1224680"], "lines": [{"line_id": "96-360-7-j24-1", "route_id": "31.TA.96-360-7-j24-1.6.R", "mode": "bus", "line_name": "361"}, {"line_id": "96-360-7-j24-1", "route_id": "23.TA.96-360-7-j24-1.5.R", "mode": "bus", "line_name": "361"}], "predominant_mode": "bus", "assigned_canton": "Obwalden", "modes_list": ["bus"]}, "geometry": {"type": "Point", "coordinates": [8.160799672540714, 46.854831649443156]}}, {"id": "10604", "type": "Feature", "properties": {"name": "Grossteil, R\u00fcti", "lon": 8.162272904230445, "lat": 46.85026709933789, "stop_id": ["8580014.link:1032226", "8580014.link:1224684"], "lines": [{"line_id": "96-360-7-j24-1", "route_id": "12.TA.96-360-7-j24-1.3.H", "mode": "bus", "line_name": "361"}, {"line_id": "96-360-7-j24-1", "route_id": "31.TA.96-360-7-j24-1.6.R", "mode": "bus", "line_name": "361"}, {"line_id": "96-360-7-j24-1", "route_id": "23.TA.96-360-7-j24-1.5.R", "mode": "bus", "line_name": "361"}], "predominant_mode": "bus", "assigned_canton": "Obwalden", "modes_list": ["bus"]}, "geometry": {"type": "Point", "coordinates": [8.162272912396295, 46.850267109417146]}}, {"id": "10605", "type": "Feature", "properties": {"name": "Grossteil, Schulhaus", "lon": 8.174166593846197, "lat": 46.83814432914959, "stop_id": ["8572917.link:1224626", "8572917.link:1224642"], "lines": [{"line_id": "96-360-7-j24-1", "route_id": "31.TA.96-360-7-j24-1.6.R", "mode": "bus", "line_name": "361"}, {"line_id": "96-360-7-j24-1", "route_id": "23.TA.96-360-7-j24-1.5.R", "mode": "bus", "line_name": "361"}, {"line_id": "96-360-7-j24-1", "route_id": "5.TA.96-360-7-j24-1.1.H", "mode": "bus", "line_name": "361"}, {"line_id": "96-360-7-j24-1", "route_id": "16.TA.96-360-7-j24-1.4.R", "mode": "bus", "line_name": "361"}, {"line_id": "96-360-7-j24-1", "route_id": "12.TA.96-360-7-j24-1.3.H", "mode": "bus", "line_name": "361"}], "predominant_mode": "bus", "assigned_canton": "Obwalden", "modes_list": ["bus"]}, "geometry": {"type": "Point", "coordinates": [8.17416660202744, 46.838144339220754]}}, {"id": "10606", "type": "Feature", "properties": {"name": "Grossteil, Unterni", "lon": 8.171759114067452, "lat": 46.84501402918834, "stop_id": ["8572918.link:821218", "8572918.link:821219"], "lines": [{"line_id": "96-360-7-j24-1", "route_id": "12.TA.96-360-7-j24-1.3.H", "mode": "bus", "line_name": "361"}, {"line_id": "96-360-7-j24-1", "route_id": "31.TA.96-360-7-j24-1.6.R", "mode": "bus", "line_name": "361"}, {"line_id": "96-360-7-j24-1", "route_id": "23.TA.96-360-7-j24-1.5.R", "mode": "bus", "line_name": "361"}], "predominant_mode": "bus", "assigned_canton": "Obwalden", "modes_list": ["bus"]}, "geometry": {"type": "Point", "coordinates": [8.171759122244389, 46.84501403926293]}}, {"id": "10607", "type": "Feature", "properties": {"name": "Grossteil, Zopf", "lon": 8.170348754251378, "lat": 46.85070943921127, "stop_id": ["8582768.link:1886526", "8582768.link:1886527"], "lines": [{"line_id": "96-360-7-j24-1", "route_id": "12.TA.96-360-7-j24-1.3.H", "mode": "bus", "line_name": "361"}, {"line_id": "96-360-7-j24-1", "route_id": "31.TA.96-360-7-j24-1.6.R", "mode": "bus", "line_name": "361"}, {"line_id": "96-360-7-j24-1", "route_id": "23.TA.96-360-7-j24-1.5.R", "mode": "bus", "line_name": "361"}], "predominant_mode": "bus", "assigned_canton": "Obwalden", "modes_list": ["bus"]}, "geometry": {"type": "Point", "coordinates": [8.170348762425347, 46.850709449288495]}}, {"id": "12688", "type": "Feature", "properties": {"name": "Kaiserstuhl OW", "lon": 8.175469153071328, "lat": 46.814247139125726, "stop_id": ["8508311:0:1.link:76357", "8508311:0:1.link:76358"], "lines": [{"line_id": "91-1W-Y-j24-1", "route_id": "134.TA.91-1W-Y-j24-1.63.H", "mode": "rail", "line_name": "PE"}, {"line_id": "91-1W-Y-j24-1", "route_id": "70.TA.91-1W-Y-j24-1.10.H", "mode": "rail", "line_name": "PE"}, {"line_id": "91-1W-Y-j24-1", "route_id": "119.TA.91-1W-Y-j24-1.150.H", "mode": "rail", "line_name": "PE"}, {"line_id": "91-1W-Y-j24-1", "route_id": "9.TA.91-1W-Y-j24-1.2.H", "mode": "rail", "line_name": "PE"}, {"line_id": "91-1W-Y-j24-1", "route_id": "85.TA.91-1W-Y-j24-1.12.H", "mode": "rail", "line_name": "PE"}, {"line_id": "91-1W-Y-j24-1", "route_id": "120.TA.91-1W-Y-j24-1.16.H", "mode": "rail", "line_name": "PE"}, {"line_id": "91-1W-Y-j24-1", "route_id": "37.TA.91-1W-Y-j24-1.4.H", "mode": "rail", "line_name": "PE"}, {"line_id": "91-1W-Y-j24-1", "route_id": "72.TA.91-1W-Y-j24-1.11.H", "mode": "rail", "line_name": "PE"}, {"line_id": "91-1W-Y-j24-1", "route_id": "121.TA.91-1W-Y-j24-1.17.H", "mode": "rail", "line_name": "PE"}, {"line_id": "91-1W-Y-j24-1", "route_id": "196.TA.91-1W-Y-j24-1.28.R", "mode": "rail", "line_name": "PE"}, {"line_id": "91-1W-Y-j24-1", "route_id": "189.TA.91-1W-Y-j24-1.25.R", "mode": "rail", "line_name": "PE"}, {"line_id": "91-1W-Y-j24-1", "route_id": "159.TA.91-1W-Y-j24-1.22.R", "mode": "rail", "line_name": "PE"}, {"line_id": "91-1W-Y-j24-1", "route_id": "212.TA.91-1W-Y-j24-1.32.R", "mode": "rail", "line_name": "PE"}, {"line_id": "91-1W-Y-j24-1", "route_id": "241.TA.91-1W-Y-j24-1.36.R", "mode": "rail", "line_name": "PE"}, {"line_id": "91-1W-Y-j24-1", "route_id": "178.TA.91-1W-Y-j24-1.194.R", "mode": "rail", "line_name": "PE"}, {"line_id": "91-1W-Y-j24-1", "route_id": "199.TA.91-1W-Y-j24-1.30.R", "mode": "rail", "line_name": "PE"}, {"line_id": "91-1W-Y-j24-1", "route_id": "250.TA.91-1W-Y-j24-1.67.R", "mode": "rail", "line_name": "PE"}, {"line_id": "91-1W-Y-j24-1", "route_id": "246.TA.91-1W-Y-j24-1.39.R", "mode": "rail", "line_name": "PE"}], "predominant_mode": "rail", "assigned_canton": "Obwalden", "modes_list": ["rail"]}, "geometry": {"type": "Point", "coordinates": [8.175469161260311, 46.8142471491868]}}, {"id": "12689", "type": "Feature", "properties": {"name": "Kaiserstuhl OW, Bahnhof", "lon": 8.175505083033862, "lat": 46.81309133912499, "stop_id": ["8582460.link:1061121", "8582460.link:1061122"], "lines": [{"line_id": "92-I-Y-j24-1", "route_id": "1.TA.92-I-Y-j24-1.1.H", "mode": "bus", "line_name": "B"}, {"line_id": "96-360-7-j24-1", "route_id": "8.TA.96-360-7-j24-1.7.H", "mode": "bus", "line_name": "361"}, {"line_id": "92-I-Y-j24-1", "route_id": "2.TA.92-I-Y-j24-1.1.H", "mode": "bus", "line_name": "B"}, {"line_id": "96-359-7-j24-1", "route_id": "2.TA.96-359-7-j24-1.2.H", "mode": "bus", "line_name": "N55"}, {"line_id": "96-360-7-j24-1", "route_id": "31.TA.96-360-7-j24-1.6.R", "mode": "bus", "line_name": "361"}, {"line_id": "96-359-7-j24-1", "route_id": "1.TA.96-359-7-j24-1.1.H", "mode": "bus", "line_name": "N55"}], "predominant_mode": "bus", "assigned_canton": "Obwalden", "modes_list": ["bus"]}, "geometry": {"type": "Point", "coordinates": [8.175505091223188, 46.813091349185605]}}, {"id": "12845", "type": "Feature", "properties": {"name": "Kerns, Bodacher", "lon": 8.277266245587679, "lat": 46.889203677538255, "stop_id": ["8572911.link:1774976", "8572911.link:1774977"], "lines": [{"line_id": "96-360-2-j24-1", "route_id": "22.TA.96-360-2-j24-1.2.H", "mode": "bus", "line_name": "343"}, {"line_id": "96-360-2-j24-1", "route_id": "42.TA.96-360-2-j24-1.4.H", "mode": "bus", "line_name": "343"}, {"line_id": "96-360-2-j24-1", "route_id": "8.TA.96-360-2-j24-1.2.H", "mode": "bus", "line_name": "343"}, {"line_id": "96-360-2-j24-1", "route_id": "77.TA.96-360-2-j24-1.8.R", "mode": "bus", "line_name": "343"}, {"line_id": "96-360-2-j24-1", "route_id": "73.TA.96-360-2-j24-1.6.R", "mode": "bus", "line_name": "343"}, {"line_id": "96-360-2-j24-1", "route_id": "50.TA.96-360-2-j24-1.6.R", "mode": "bus", "line_name": "343"}, {"line_id": "96-360-2-j24-1", "route_id": "85.TA.96-360-2-j24-1.7.R", "mode": "bus", "line_name": "343"}], "predominant_mode": "bus", "assigned_canton": "Obwalden", "modes_list": ["bus"]}, "geometry": {"type": "Point", "coordinates": [8.277266253859725, 46.88920368760184]}}, {"id": "12846", "type": "Feature", "properties": {"name": "Kerns, Boll", "lon": 8.269235305940692, "lat": 46.900240807665675, "stop_id": ["8508970.link:29207", "8508970.link:29208"], "lines": [{"line_id": "96-360-0-j24-1", "route_id": "56.TA.96-360-0-j24-1.7.H", "mode": "bus", "line_name": "312"}, {"line_id": "96-360-9-j24-1", "route_id": "23.TA.96-360-9-j24-1.5.R", "mode": "bus", "line_name": "341"}, {"line_id": "96-360-9-j24-1", "route_id": "24.TA.96-360-9-j24-1.6.R", "mode": "bus", "line_name": "341"}, {"line_id": "96-360-0-j24-1", "route_id": "45.TA.96-360-0-j24-1.6.H", "mode": "bus", "line_name": "312"}, {"line_id": "96-360-0-j24-1", "route_id": "55.TA.96-360-0-j24-1.15.H", "mode": "bus", "line_name": "312"}, {"line_id": "96-360-9-j24-1", "route_id": "48.TA.96-360-9-j24-1.7.R", "mode": "bus", "line_name": "341"}, {"line_id": "96-360-2-j24-1", "route_id": "73.TA.96-360-2-j24-1.6.R", "mode": "bus", "line_name": "343"}, {"line_id": "96-360-2-j24-1", "route_id": "50.TA.96-360-2-j24-1.6.R", "mode": "bus", "line_name": "343"}, {"line_id": "96-360-9-j24-1", "route_id": "22.TA.96-360-9-j24-1.2.R", "mode": "bus", "line_name": "341"}, {"line_id": "96-360-9-j24-1", "route_id": "51.TA.96-360-9-j24-1.8.R", "mode": "bus", "line_name": "341"}, {"line_id": "96-360-9-j24-1", "route_id": "44.TA.96-360-9-j24-1.3.R", "mode": "bus", "line_name": "341"}, {"line_id": "96-360-2-j24-1", "route_id": "77.TA.96-360-2-j24-1.8.R", "mode": "bus", "line_name": "343"}, {"line_id": "96-360-2-j24-1", "route_id": "85.TA.96-360-2-j24-1.7.R", "mode": "bus", "line_name": "343"}, {"line_id": "96-360-0-j24-1", "route_id": "119.TA.96-360-0-j24-1.14.R", "mode": "bus", "line_name": "312"}, {"line_id": "96-360-9-j24-1", "route_id": "16.TA.96-360-9-j24-1.1.H", "mode": "bus", "line_name": "341"}, {"line_id": "96-360-2-j24-1", "route_id": "22.TA.96-360-2-j24-1.2.H", "mode": "bus", "line_name": "343"}, {"line_id": "96-360-9-j24-1", "route_id": "1.TA.96-360-9-j24-1.4.H", "mode": "bus", "line_name": "341"}, {"line_id": "96-360-0-j24-1", "route_id": "67.TA.96-360-0-j24-1.11.R", "mode": "bus", "line_name": "312"}, {"line_id": "96-360-0-j24-1", "route_id": "99.TA.96-360-0-j24-1.13.R", "mode": "bus", "line_name": "312"}, {"line_id": "96-360-0-j24-1", "route_id": "91.TA.96-360-0-j24-1.12.R", "mode": "bus", "line_name": "312"}, {"line_id": "96-360-2-j24-1", "route_id": "42.TA.96-360-2-j24-1.4.H", "mode": "bus", "line_name": "343"}, {"line_id": "96-360-2-j24-1", "route_id": "8.TA.96-360-2-j24-1.2.H", "mode": "bus", "line_name": "343"}], "predominant_mode": "bus", "assigned_canton": "Obwalden", "modes_list": ["bus"]}, "geometry": {"type": "Point", "coordinates": [8.269235314201584, 46.900240817735785]}}, {"id": "12847", "type": "Feature", "properties": {"name": "Kerns, Ch\u00e4li-Burgflue", "lon": 8.27876642587832, "lat": 46.89809862751582, "stop_id": ["8508855.link:1530841", "8508855.link:1530842"], "lines": [{"line_id": "96-360-2-j24-1", "route_id": "22.TA.96-360-2-j24-1.2.H", "mode": "bus", "line_name": "343"}, {"line_id": "96-360-2-j24-1", "route_id": "42.TA.96-360-2-j24-1.4.H", "mode": "bus", "line_name": "343"}, {"line_id": "96-360-2-j24-1", "route_id": "8.TA.96-360-2-j24-1.2.H", "mode": "bus", "line_name": "343"}, {"line_id": "96-360-2-j24-1", "route_id": "77.TA.96-360-2-j24-1.8.R", "mode": "bus", "line_name": "343"}, {"line_id": "96-360-2-j24-1", "route_id": "73.TA.96-360-2-j24-1.6.R", "mode": "bus", "line_name": "343"}, {"line_id": "96-360-2-j24-1", "route_id": "50.TA.96-360-2-j24-1.6.R", "mode": "bus", "line_name": "343"}, {"line_id": "96-360-2-j24-1", "route_id": "85.TA.96-360-2-j24-1.7.R", "mode": "bus", "line_name": "343"}], "predominant_mode": "bus", "assigned_canton": "Obwalden", "modes_list": ["bus"]}, "geometry": {"type": "Point", "coordinates": [8.278766434149434, 46.8980986375825]}}, {"id": "12848", "type": "Feature", "properties": {"name": "Kerns, Foribach", "lon": 8.260099435847302, "lat": 46.897589157808746, "stop_id": ["8572898.link:1591487", "8572898.link:1591488"], "lines": [{"line_id": "96-360-0-j24-1", "route_id": "56.TA.96-360-0-j24-1.7.H", "mode": "bus", "line_name": "312"}, {"line_id": "96-360-9-j24-1", "route_id": "23.TA.96-360-9-j24-1.5.R", "mode": "bus", "line_name": "341"}, {"line_id": "96-360-9-j24-1", "route_id": "24.TA.96-360-9-j24-1.6.R", "mode": "bus", "line_name": "341"}, {"line_id": "96-360-0-j24-1", "route_id": "45.TA.96-360-0-j24-1.6.H", "mode": "bus", "line_name": "312"}, {"line_id": "96-360-0-j24-1", "route_id": "55.TA.96-360-0-j24-1.15.H", "mode": "bus", "line_name": "312"}, {"line_id": "96-360-9-j24-1", "route_id": "48.TA.96-360-9-j24-1.7.R", "mode": "bus", "line_name": "341"}, {"line_id": "96-360-2-j24-1", "route_id": "73.TA.96-360-2-j24-1.6.R", "mode": "bus", "line_name": "343"}, {"line_id": "96-360-2-j24-1", "route_id": "50.TA.96-360-2-j24-1.6.R", "mode": "bus", "line_name": "343"}, {"line_id": "96-360-9-j24-1", "route_id": "22.TA.96-360-9-j24-1.2.R", "mode": "bus", "line_name": "341"}, {"line_id": "96-360-9-j24-1", "route_id": "51.TA.96-360-9-j24-1.8.R", "mode": "bus", "line_name": "341"}, {"line_id": "96-360-9-j24-1", "route_id": "44.TA.96-360-9-j24-1.3.R", "mode": "bus", "line_name": "341"}, {"line_id": "96-360-2-j24-1", "route_id": "77.TA.96-360-2-j24-1.8.R", "mode": "bus", "line_name": "343"}, {"line_id": "96-360-2-j24-1", "route_id": "85.TA.96-360-2-j24-1.7.R", "mode": "bus", "line_name": "343"}, {"line_id": "96-360-0-j24-1", "route_id": "119.TA.96-360-0-j24-1.14.R", "mode": "bus", "line_name": "312"}, {"line_id": "96-360-9-j24-1", "route_id": "16.TA.96-360-9-j24-1.1.H", "mode": "bus", "line_name": "341"}, {"line_id": "96-360-2-j24-1", "route_id": "22.TA.96-360-2-j24-1.2.H", "mode": "bus", "line_name": "343"}, {"line_id": "96-360-9-j24-1", "route_id": "1.TA.96-360-9-j24-1.4.H", "mode": "bus", "line_name": "341"}, {"line_id": "96-360-0-j24-1", "route_id": "67.TA.96-360-0-j24-1.11.R", "mode": "bus", "line_name": "312"}, {"line_id": "96-360-0-j24-1", "route_id": "99.TA.96-360-0-j24-1.13.R", "mode": "bus", "line_name": "312"}, {"line_id": "96-360-0-j24-1", "route_id": "91.TA.96-360-0-j24-1.12.R", "mode": "bus", "line_name": "312"}, {"line_id": "96-360-2-j24-1", "route_id": "42.TA.96-360-2-j24-1.4.H", "mode": "bus", "line_name": "343"}, {"line_id": "96-360-2-j24-1", "route_id": "8.TA.96-360-2-j24-1.2.H", "mode": "bus", "line_name": "343"}], "predominant_mode": "bus", "assigned_canton": "Obwalden", "modes_list": ["bus"]}, "geometry": {"type": "Point", "coordinates": [8.260099444099682, 46.897589167880284]}}, {"id": "12849", "type": "Feature", "properties": {"name": "Kerns, Kernwald", "lon": 8.299463616911563, "lat": 46.929338947194616, "stop_id": ["8572900.link:1871036", "8572900.link:1871037"], "lines": [{"line_id": "96-360-0-j24-1", "route_id": "56.TA.96-360-0-j24-1.7.H", "mode": "bus", "line_name": "312"}, {"line_id": "96-360-0-j24-1", "route_id": "45.TA.96-360-0-j24-1.6.H", "mode": "bus", "line_name": "312"}, {"line_id": "96-360-0-j24-1", "route_id": "55.TA.96-360-0-j24-1.15.H", "mode": "bus", "line_name": "312"}, {"line_id": "96-360-0-j24-1", "route_id": "67.TA.96-360-0-j24-1.11.R", "mode": "bus", "line_name": "312"}, {"line_id": "96-360-0-j24-1", "route_id": "99.TA.96-360-0-j24-1.13.R", "mode": "bus", "line_name": "312"}, {"line_id": "96-360-0-j24-1", "route_id": "91.TA.96-360-0-j24-1.12.R", "mode": "bus", "line_name": "312"}, {"line_id": "96-360-0-j24-1", "route_id": "119.TA.96-360-0-j24-1.14.R", "mode": "bus", "line_name": "312"}], "predominant_mode": "bus", "assigned_canton": "Obwalden", "modes_list": ["bus"]}, "geometry": {"type": "Point", "coordinates": [8.299463625194909, 46.92933895726781]}}, {"id": "12850", "type": "Feature", "properties": {"name": "Kerns, Post", "lon": 8.274643155967258, "lat": 46.90092824758082, "stop_id": ["8508769.link:1534074", "8508769.link:64915", "8508769.link:64916"], "lines": [{"line_id": "96-359-7-j24-1", "route_id": "2.TA.96-359-7-j24-1.2.H", "mode": "bus", "line_name": "N55"}, {"line_id": "96-359-7-j24-1", "route_id": "1.TA.96-359-7-j24-1.1.H", "mode": "bus", "line_name": "N55"}, {"line_id": "96-360-0-j24-1", "route_id": "56.TA.96-360-0-j24-1.7.H", "mode": "bus", "line_name": "312"}, {"line_id": "96-360-9-j24-1", "route_id": "23.TA.96-360-9-j24-1.5.R", "mode": "bus", "line_name": "341"}, {"line_id": "96-360-9-j24-1", "route_id": "24.TA.96-360-9-j24-1.6.R", "mode": "bus", "line_name": "341"}, {"line_id": "96-360-0-j24-1", "route_id": "45.TA.96-360-0-j24-1.6.H", "mode": "bus", "line_name": "312"}, {"line_id": "96-360-0-j24-1", "route_id": "55.TA.96-360-0-j24-1.15.H", "mode": "bus", "line_name": "312"}, {"line_id": "96-360-9-j24-1", "route_id": "48.TA.96-360-9-j24-1.7.R", "mode": "bus", "line_name": "341"}, {"line_id": "96-360-2-j24-1", "route_id": "73.TA.96-360-2-j24-1.6.R", "mode": "bus", "line_name": "343"}, {"line_id": "96-360-2-j24-1", "route_id": "50.TA.96-360-2-j24-1.6.R", "mode": "bus", "line_name": "343"}, {"line_id": "96-360-9-j24-1", "route_id": "22.TA.96-360-9-j24-1.2.R", "mode": "bus", "line_name": "341"}, {"line_id": "96-360-9-j24-1", "route_id": "51.TA.96-360-9-j24-1.8.R", "mode": "bus", "line_name": "341"}, {"line_id": "96-360-9-j24-1", "route_id": "44.TA.96-360-9-j24-1.3.R", "mode": "bus", "line_name": "341"}, {"line_id": "96-360-2-j24-1", "route_id": "77.TA.96-360-2-j24-1.8.R", "mode": "bus", "line_name": "343"}, {"line_id": "96-360-2-j24-1", "route_id": "85.TA.96-360-2-j24-1.7.R", "mode": "bus", "line_name": "343"}, {"line_id": "96-360-0-j24-1", "route_id": "119.TA.96-360-0-j24-1.14.R", "mode": "bus", "line_name": "312"}, {"line_id": "96-360-9-j24-1", "route_id": "16.TA.96-360-9-j24-1.1.H", "mode": "bus", "line_name": "341"}, {"line_id": "96-360-2-j24-1", "route_id": "22.TA.96-360-2-j24-1.2.H", "mode": "bus", "line_name": "343"}, {"line_id": "96-360-9-j24-1", "route_id": "1.TA.96-360-9-j24-1.4.H", "mode": "bus", "line_name": "341"}, {"line_id": "96-360-0-j24-1", "route_id": "67.TA.96-360-0-j24-1.11.R", "mode": "bus", "line_name": "312"}, {"line_id": "96-360-0-j24-1", "route_id": "99.TA.96-360-0-j24-1.13.R", "mode": "bus", "line_name": "312"}, {"line_id": "96-360-0-j24-1", "route_id": "91.TA.96-360-0-j24-1.12.R", "mode": "bus", "line_name": "312"}, {"line_id": "96-360-2-j24-1", "route_id": "42.TA.96-360-2-j24-1.4.H", "mode": "bus", "line_name": "343"}, {"line_id": "96-360-2-j24-1", "route_id": "8.TA.96-360-2-j24-1.2.H", "mode": "bus", "line_name": "343"}], "predominant_mode": "bus", "assigned_canton": "Obwalden", "modes_list": ["bus"]}, "geometry": {"type": "Point", "coordinates": [8.274643164233426, 46.900928257649745]}}, {"id": "12851", "type": "Feature", "properties": {"name": "Kerns, Sand", "lon": 8.293507786242474, "lat": 46.908937537285695, "stop_id": ["8508670.link:1575524", "8508670.link:1575525"], "lines": [{"line_id": "96-360-0-j24-1", "route_id": "119.TA.96-360-0-j24-1.14.R", "mode": "bus", "line_name": "312"}, {"line_id": "96-360-9-j24-1", "route_id": "16.TA.96-360-9-j24-1.1.H", "mode": "bus", "line_name": "341"}, {"line_id": "96-360-0-j24-1", "route_id": "67.TA.96-360-0-j24-1.11.R", "mode": "bus", "line_name": "312"}, {"line_id": "96-360-0-j24-1", "route_id": "99.TA.96-360-0-j24-1.13.R", "mode": "bus", "line_name": "312"}, {"line_id": "96-360-0-j24-1", "route_id": "91.TA.96-360-0-j24-1.12.R", "mode": "bus", "line_name": "312"}, {"line_id": "96-360-0-j24-1", "route_id": "56.TA.96-360-0-j24-1.7.H", "mode": "bus", "line_name": "312"}, {"line_id": "96-360-0-j24-1", "route_id": "45.TA.96-360-0-j24-1.6.H", "mode": "bus", "line_name": "312"}, {"line_id": "96-360-0-j24-1", "route_id": "55.TA.96-360-0-j24-1.15.H", "mode": "bus", "line_name": "312"}, {"line_id": "96-360-9-j24-1", "route_id": "48.TA.96-360-9-j24-1.7.R", "mode": "bus", "line_name": "341"}, {"line_id": "96-360-9-j24-1", "route_id": "51.TA.96-360-9-j24-1.8.R", "mode": "bus", "line_name": "341"}, {"line_id": "96-360-9-j24-1", "route_id": "44.TA.96-360-9-j24-1.3.R", "mode": "bus", "line_name": "341"}], "predominant_mode": "bus", "assigned_canton": "Obwalden", "modes_list": ["bus"]}, "geometry": {"type": "Point", "coordinates": [8.29350779452547, 46.90893754735259]}}, {"id": "13027", "type": "Feature", "properties": {"name": "Kleinteil, Post", "lon": 8.156200283622612, "lat": 46.83171008943063, "stop_id": ["8572919.link:1886468", "8572919.link:1886469", "8572919.link:1886473"], "lines": [{"line_id": "96-360-7-j24-1", "route_id": "12.TA.96-360-7-j24-1.3.H", "mode": "bus", "line_name": "361"}, {"line_id": "96-360-7-j24-1", "route_id": "5.TA.96-360-7-j24-1.1.H", "mode": "bus", "line_name": "361"}, {"line_id": "96-360-7-j24-1", "route_id": "23.TA.96-360-7-j24-1.5.R", "mode": "bus", "line_name": "361"}, {"line_id": "96-360-7-j24-1", "route_id": "31.TA.96-360-7-j24-1.6.R", "mode": "bus", "line_name": "361"}], "predominant_mode": "bus", "assigned_canton": "Obwalden", "modes_list": ["bus"]}, "geometry": {"type": "Point", "coordinates": [8.156200291787242, 46.831710099503994]}}, {"id": "13466", "type": "Feature", "properties": {"name": "K\u00e4giswil, Dorf", "lon": 8.260674356652496, "lat": 46.92230210780266, "stop_id": ["8508974.link:88791", "8508974.link:88792"], "lines": [{"line_id": "96-360-1-j24-1", "route_id": "34.TA.96-360-1-j24-1.8.R", "mode": "bus", "line_name": "342"}, {"line_id": "96-359-5-j24-1", "route_id": "2.TA.96-359-5-j24-1.1.H", "mode": "bus", "line_name": "N5"}, {"line_id": "96-360-1-j24-1", "route_id": "42.TA.96-360-1-j24-1.9.R", "mode": "bus", "line_name": "342"}, {"line_id": "96-360-1-j24-1", "route_id": "15.TA.96-360-1-j24-1.7.H", "mode": "bus", "line_name": "342"}], "predominant_mode": "bus", "assigned_canton": "Obwalden", "modes_list": ["bus"]}, "geometry": {"type": "Point", "coordinates": [8.260674364898655, 46.92230211788378]}}, {"id": "13467", "type": "Feature", "properties": {"name": "K\u00e4giswil, Schlieren", "lon": 8.265228816757986, "lat": 46.92543106773148, "stop_id": ["8572907.link:1705455", "8572907.link:1705456"], "lines": [{"line_id": "96-360-1-j24-1", "route_id": "15.TA.96-360-1-j24-1.7.H", "mode": "bus", "line_name": "342"}, {"line_id": "96-360-1-j24-1", "route_id": "34.TA.96-360-1-j24-1.8.R", "mode": "bus", "line_name": "342"}, {"line_id": "96-360-1-j24-1", "route_id": "42.TA.96-360-1-j24-1.9.R", "mode": "bus", "line_name": "342"}], "predominant_mode": "bus", "assigned_canton": "Obwalden", "modes_list": ["bus"]}, "geometry": {"type": "Point", "coordinates": [8.26522882500788, 46.92543107781255]}}, {"id": "14181", "type": "Feature", "properties": {"name": "Langis", "lon": 8.126609785591246, "lat": 46.893003699903126, "stop_id": ["8508726.link:385369", "8508726.link:385370", "8508726.link:385371"], "lines": [{"line_id": "96-360-3-j24-1", "route_id": "38.TA.96-360-3-j24-1.2.H", "mode": "bus", "line_name": "344"}, {"line_id": "96-360-3-j24-1", "route_id": "96.TA.96-360-3-j24-1.7.R", "mode": "bus", "line_name": "344"}, {"line_id": "96-354-6-j24-1", "route_id": "34.TA.96-354-6-j24-1.2.H", "mode": "bus", "line_name": "232"}, {"line_id": "96-360-3-j24-1", "route_id": "93.TA.96-360-3-j24-1.4.R", "mode": "bus", "line_name": "344"}, {"line_id": "96-360-3-j24-1", "route_id": "89.TA.96-360-3-j24-1.11.R", "mode": "bus", "line_name": "344"}, {"line_id": "96-354-6-j24-1", "route_id": "59.TA.96-354-6-j24-1.4.R", "mode": "bus", "line_name": "232"}], "predominant_mode": "bus", "assigned_canton": "Obwalden", "modes_list": ["bus"]}, "geometry": {"type": "Point", "coordinates": [8.126609793709186, 46.89300371000903]}}, {"id": "15978", "type": "Feature", "properties": {"name": "Lungern", "lon": 8.163746132164933, "lat": 46.78659968930552, "stop_id": ["8508310:0:1.link:1842651", "8508310:0:1.link:1842652"], "lines": [{"line_id": "91-1W-Y-j24-1", "route_id": "134.TA.91-1W-Y-j24-1.63.H", "mode": "rail", "line_name": "PE"}, {"line_id": "91-1W-Y-j24-1", "route_id": "70.TA.91-1W-Y-j24-1.10.H", "mode": "rail", "line_name": "PE"}, {"line_id": "91-1W-Y-j24-1", "route_id": "119.TA.91-1W-Y-j24-1.150.H", "mode": "rail", "line_name": "PE"}, {"line_id": "91-1W-Y-j24-1", "route_id": "9.TA.91-1W-Y-j24-1.2.H", "mode": "rail", "line_name": "PE"}, {"line_id": "91-1W-Y-j24-1", "route_id": "85.TA.91-1W-Y-j24-1.12.H", "mode": "rail", "line_name": "PE"}, {"line_id": "91-1W-Y-j24-1", "route_id": "120.TA.91-1W-Y-j24-1.16.H", "mode": "rail", "line_name": "PE"}, {"line_id": "91-1W-Y-j24-1", "route_id": "37.TA.91-1W-Y-j24-1.4.H", "mode": "rail", "line_name": "PE"}, {"line_id": "91-1W-Y-j24-1", "route_id": "72.TA.91-1W-Y-j24-1.11.H", "mode": "rail", "line_name": "PE"}, {"line_id": "91-1W-Y-j24-1", "route_id": "121.TA.91-1W-Y-j24-1.17.H", "mode": "rail", "line_name": "PE"}, {"line_id": "91-1W-Y-j24-1", "route_id": "196.TA.91-1W-Y-j24-1.28.R", "mode": "rail", "line_name": "PE"}, {"line_id": "91-1W-Y-j24-1", "route_id": "189.TA.91-1W-Y-j24-1.25.R", "mode": "rail", "line_name": "PE"}, {"line_id": "91-1W-Y-j24-1", "route_id": "159.TA.91-1W-Y-j24-1.22.R", "mode": "rail", "line_name": "PE"}, {"line_id": "91-1W-Y-j24-1", "route_id": "212.TA.91-1W-Y-j24-1.32.R", "mode": "rail", "line_name": "PE"}, {"line_id": "91-1W-Y-j24-1", "route_id": "241.TA.91-1W-Y-j24-1.36.R", "mode": "rail", "line_name": "PE"}, {"line_id": "91-1W-Y-j24-1", "route_id": "178.TA.91-1W-Y-j24-1.194.R", "mode": "rail", "line_name": "PE"}, {"line_id": "91-1W-Y-j24-1", "route_id": "199.TA.91-1W-Y-j24-1.30.R", "mode": "rail", "line_name": "PE"}, {"line_id": "91-1W-Y-j24-1", "route_id": "250.TA.91-1W-Y-j24-1.67.R", "mode": "rail", "line_name": "PE"}, {"line_id": "91-1W-Y-j24-1", "route_id": "246.TA.91-1W-Y-j24-1.39.R", "mode": "rail", "line_name": "PE"}], "predominant_mode": "rail", "assigned_canton": "Obwalden", "modes_list": ["rail"]}, "geometry": {"type": "Point", "coordinates": [8.163746140349307, 46.786599699358426]}}, {"id": "15979", "type": "Feature", "properties": {"name": "Lungern (Turren-Bahn)", "lon": 8.149409022104729, "lat": 46.78510499953025, "stop_id": ["8508364.link:pt_8508364"], "lines": [{"line_id": "93-67-Y-j24-1", "route_id": "47.TA.93-67-Y-j24-1.1.H", "mode": "cable car", "line_name": "PB"}, {"line_id": "93-67-Y-j24-1", "route_id": "117.TA.93-67-Y-j24-1.2.R", "mode": "cable car", "line_name": "PB"}], "predominant_mode": "cable car", "assigned_canton": "Obwalden", "modes_list": ["cable car"]}, "geometry": {"type": "Point", "coordinates": [8.149409030274832, 46.785105009586395]}}, {"id": "15980", "type": "Feature", "properties": {"name": "Lungern, Dorfkapelle", "lon": 8.159667782128697, "lat": 46.78558477936931, "stop_id": ["8587662.link:1061695", "8587662.link:227777", "8587662.link:227778"], "lines": [{"line_id": "96-360-7-j24-1", "route_id": "31.TA.96-360-7-j24-1.6.R", "mode": "bus", "line_name": "361"}, {"line_id": "92-I-Y-j24-1", "route_id": "1.TA.92-I-Y-j24-1.1.H", "mode": "bus", "line_name": "B"}, {"line_id": "96-360-7-j24-1", "route_id": "8.TA.96-360-7-j24-1.7.H", "mode": "bus", "line_name": "361"}, {"line_id": "92-I-Y-j24-1", "route_id": "2.TA.92-I-Y-j24-1.1.H", "mode": "bus", "line_name": "B"}, {"line_id": "96-359-7-j24-1", "route_id": "2.TA.96-359-7-j24-1.2.H", "mode": "bus", "line_name": "N55"}, {"line_id": "96-359-7-j24-1", "route_id": "1.TA.96-359-7-j24-1.1.H", "mode": "bus", "line_name": "N55"}], "predominant_mode": "bus", "assigned_canton": "Obwalden", "modes_list": ["bus"]}, "geometry": {"type": "Point", "coordinates": [8.159667790309173, 46.785584789422956]}}, {"id": "15981", "type": "Feature", "properties": {"name": "Lungern, Zihl", "lon": 8.16413241234573, "lat": 46.79216598930027, "stop_id": ["8583070.link:1061113", "8583070.link:1061114"], "lines": [{"line_id": "92-I-Y-j24-1", "route_id": "1.TA.92-I-Y-j24-1.1.H", "mode": "bus", "line_name": "B"}, {"line_id": "96-360-7-j24-1", "route_id": "8.TA.96-360-7-j24-1.7.H", "mode": "bus", "line_name": "361"}, {"line_id": "92-I-Y-j24-1", "route_id": "2.TA.92-I-Y-j24-1.1.H", "mode": "bus", "line_name": "B"}, {"line_id": "96-359-7-j24-1", "route_id": "2.TA.96-359-7-j24-1.2.H", "mode": "bus", "line_name": "N55"}, {"line_id": "96-360-7-j24-1", "route_id": "31.TA.96-360-7-j24-1.6.R", "mode": "bus", "line_name": "361"}, {"line_id": "96-359-7-j24-1", "route_id": "1.TA.96-359-7-j24-1.1.H", "mode": "bus", "line_name": "N55"}], "predominant_mode": "bus", "assigned_canton": "Obwalden", "modes_list": ["bus"]}, "geometry": {"type": "Point", "coordinates": [8.164132420529022, 46.79216599935535]}}, {"id": "17101", "type": "Feature", "properties": {"name": "Melchsee-Frutt (Bergstation)", "lon": 8.269109531907532, "lat": 46.77606827765035, "stop_id": ["8508357.link:pt_8508357"], "lines": [{"line_id": "93-252-5-j24-1", "route_id": "2113.TA.93-252-5-j24-1.2.R", "mode": "cable car", "line_name": "2525"}, {"line_id": "93-252-5-j24-1", "route_id": "820.TA.93-252-5-j24-1.1.H", "mode": "cable car", "line_name": "2525"}], "predominant_mode": "cable car", "assigned_canton": "Obwalden", "modes_list": ["cable car"]}, "geometry": {"type": "Point", "coordinates": [8.269109540202125, 46.77606828767049]}}, {"id": "17102", "type": "Feature", "properties": {"name": "Melchsee-Frutt, Distelboden", "lon": 8.280257631757102, "lat": 46.77115865747456, "stop_id": ["8595208.link:1134557", "8595208.link:1134558"], "lines": [{"line_id": "92-349-j24-1", "route_id": "6.TA.92-349-j24-1.1.H", "mode": "bus", "line_name": "349"}, {"line_id": "92-349-j24-1", "route_id": "12.TA.92-349-j24-1.2.R", "mode": "bus", "line_name": "349"}], "predominant_mode": "bus", "assigned_canton": "Obwalden", "modes_list": ["bus"]}, "geometry": {"type": "Point", "coordinates": [8.280257640064331, 46.771158667489594]}}, {"id": "17103", "type": "Feature", "properties": {"name": "Melchsee-Frutt, D\u00f6rfli", "lon": 8.268911901827623, "lat": 46.773607377653036, "stop_id": ["8595455.link:1134567", "8595455.link:1134568"], "lines": [{"line_id": "92-349-j24-1", "route_id": "6.TA.92-349-j24-1.1.H", "mode": "bus", "line_name": "349"}, {"line_id": "92-349-j24-1", "route_id": "12.TA.92-349-j24-1.2.R", "mode": "bus", "line_name": "349"}], "predominant_mode": "bus", "assigned_canton": "Obwalden", "modes_list": ["bus"]}, "geometry": {"type": "Point", "coordinates": [8.268911910122673, 46.77360738767221]}}, {"id": "17104", "type": "Feature", "properties": {"name": "Melchsee-Frutt, Fachshubel", "lon": 8.313989361929554, "lat": 46.77568069694586, "stop_id": ["8595211.link:699431", "8595211.link:699432"], "lines": [{"line_id": "92-349-j24-1", "route_id": "12.TA.92-349-j24-1.2.R", "mode": "bus", "line_name": "349"}, {"line_id": "92-349-j24-1", "route_id": "6.TA.92-349-j24-1.1.H", "mode": "bus", "line_name": "349"}], "predominant_mode": "bus", "assigned_canton": "Obwalden", "modes_list": ["bus"]}, "geometry": {"type": "Point", "coordinates": [8.313989370269756, 46.77568070695356]}}, {"id": "17105", "type": "Feature", "properties": {"name": "Melchsee-Frutt, Kapelle", "lon": 8.27758065179851, "lat": 46.77249992751685, "stop_id": ["8595207.link:1115647", "8595207.link:1115648"], "lines": [{"line_id": "92-349-j24-1", "route_id": "6.TA.92-349-j24-1.1.H", "mode": "bus", "line_name": "349"}, {"line_id": "92-349-j24-1", "route_id": "12.TA.92-349-j24-1.2.R", "mode": "bus", "line_name": "349"}], "predominant_mode": "bus", "assigned_canton": "Obwalden", "modes_list": ["bus"]}, "geometry": {"type": "Point", "coordinates": [8.277580660102661, 46.77249993753317]}}, {"id": "17106", "type": "Feature", "properties": {"name": "Melchsee-Frutt, Panoramalift", "lon": 8.274364681851019, "lat": 46.77419799756755, "stop_id": ["8595206.link:422671", "8595206.link:422672"], "lines": [{"line_id": "92-349-j24-1", "route_id": "6.TA.92-349-j24-1.1.H", "mode": "bus", "line_name": "349"}, {"line_id": "92-349-j24-1", "route_id": "12.TA.92-349-j24-1.2.R", "mode": "bus", "line_name": "349"}], "predominant_mode": "bus", "assigned_canton": "Obwalden", "modes_list": ["bus"]}, "geometry": {"type": "Point", "coordinates": [8.274364690151447, 46.77419800758546]}}, {"id": "17107", "type": "Feature", "properties": {"name": "Melchsee-Frutt, Tannalp", "lon": 8.319154682030979, "lat": 46.77868901686524, "stop_id": ["8595212.link:1933238", "8595212.link:3531"], "lines": [{"line_id": "92-349-j24-1", "route_id": "12.TA.92-349-j24-1.2.R", "mode": "bus", "line_name": "349"}, {"line_id": "92-349-j24-1", "route_id": "6.TA.92-349-j24-1.1.H", "mode": "bus", "line_name": "349"}], "predominant_mode": "bus", "assigned_canton": "Obwalden", "modes_list": ["bus"]}, "geometry": {"type": "Point", "coordinates": [8.319154690375587, 46.77868902687272]}}, {"id": "17108", "type": "Feature", "properties": {"name": "Melchsee-Frutt, Tannendamm", "lon": 8.297981391786529, "lat": 46.77164471719647, "stop_id": ["8595209.link:269478", "8595209.link:269479"], "lines": [{"line_id": "92-349-j24-1", "route_id": "6.TA.92-349-j24-1.1.H", "mode": "bus", "line_name": "349"}, {"line_id": "92-349-j24-1", "route_id": "12.TA.92-349-j24-1.2.R", "mode": "bus", "line_name": "349"}], "predominant_mode": "bus", "assigned_canton": "Obwalden", "modes_list": ["bus"]}, "geometry": {"type": "Point", "coordinates": [8.297981400111606, 46.7716447272069]}}, {"id": "17109", "type": "Feature", "properties": {"name": "Melchsee-Frutt, Tannensee", "lon": 8.304808581933523, "lat": 46.776019057090025, "stop_id": ["8595210.link:1438099", "8595210.link:1438100"], "lines": [{"line_id": "92-349-j24-1", "route_id": "6.TA.92-349-j24-1.1.H", "mode": "bus", "line_name": "349"}, {"line_id": "92-349-j24-1", "route_id": "12.TA.92-349-j24-1.2.R", "mode": "bus", "line_name": "349"}], "predominant_mode": "bus", "assigned_canton": "Obwalden", "modes_list": ["bus"]}, "geometry": {"type": "Point", "coordinates": [8.304808590264333, 46.77601906710038]}}, {"id": "17110", "type": "Feature", "properties": {"name": "Melchsee-Frutt, alte Bergstat.", "lon": 8.268732241852215, "lat": 46.774370267656, "stop_id": ["8595205.link:1933232", "8595205.link:1933236"], "lines": [{"line_id": "92-349-j24-1", "route_id": "6.TA.92-349-j24-1.1.H", "mode": "bus", "line_name": "349"}, {"line_id": "92-349-j24-1", "route_id": "12.TA.92-349-j24-1.2.R", "mode": "bus", "line_name": "349"}], "predominant_mode": "bus", "assigned_canton": "Obwalden", "modes_list": ["bus"]}, "geometry": {"type": "Point", "coordinates": [8.26873225014688, 46.77437027767548]}}, {"id": "17111", "type": "Feature", "properties": {"name": "Melchtal St\u00f6ckalp (Talstation)", "lon": 8.278991002760725, "lat": 46.80214697749923, "stop_id": ["8508356.link:pt_8508356"], "lines": [{"line_id": "93-252-5-j24-1", "route_id": "2113.TA.93-252-5-j24-1.2.R", "mode": "cable car", "line_name": "2525"}, {"line_id": "93-252-5-j24-1", "route_id": "820.TA.93-252-5-j24-1.1.H", "mode": "cable car", "line_name": "2525"}], "predominant_mode": "cable car", "assigned_canton": "Obwalden", "modes_list": ["cable car"]}, "geometry": {"type": "Point", "coordinates": [8.278991011058288, 46.80214698752734]}}, {"id": "17112", "type": "Feature", "properties": {"name": "Melchtal, Dorf", "lon": 8.289968413841162, "lat": 46.83517618733172, "stop_id": ["8508771.link:1124630", "8508771.link:1124631"], "lines": [{"line_id": "96-360-2-j24-1", "route_id": "22.TA.96-360-2-j24-1.2.H", "mode": "bus", "line_name": "343"}, {"line_id": "96-360-2-j24-1", "route_id": "42.TA.96-360-2-j24-1.4.H", "mode": "bus", "line_name": "343"}, {"line_id": "96-360-2-j24-1", "route_id": "8.TA.96-360-2-j24-1.2.H", "mode": "bus", "line_name": "343"}, {"line_id": "96-360-2-j24-1", "route_id": "77.TA.96-360-2-j24-1.8.R", "mode": "bus", "line_name": "343"}, {"line_id": "96-360-2-j24-1", "route_id": "73.TA.96-360-2-j24-1.6.R", "mode": "bus", "line_name": "343"}, {"line_id": "96-360-2-j24-1", "route_id": "50.TA.96-360-2-j24-1.6.R", "mode": "bus", "line_name": "343"}, {"line_id": "96-360-2-j24-1", "route_id": "85.TA.96-360-2-j24-1.7.R", "mode": "bus", "line_name": "343"}], "predominant_mode": "bus", "assigned_canton": "Obwalden", "modes_list": ["bus"]}, "geometry": {"type": "Point", "coordinates": [8.28996842214086, 46.8351761973702]}}, {"id": "17113", "type": "Feature", "properties": {"name": "Melchtal, Pl\u00e4tzli", "lon": 8.28672550366426, "lat": 46.829804867381846, "stop_id": ["8580102.link:1418400", "8580102.link:1418401"], "lines": [{"line_id": "96-360-2-j24-1", "route_id": "42.TA.96-360-2-j24-1.4.H", "mode": "bus", "line_name": "343"}, {"line_id": "96-360-2-j24-1", "route_id": "85.TA.96-360-2-j24-1.7.R", "mode": "bus", "line_name": "343"}], "predominant_mode": "bus", "assigned_canton": "Obwalden", "modes_list": ["bus"]}, "geometry": {"type": "Point", "coordinates": [8.28672551196214, 46.829804877419065]}}, {"id": "17114", "type": "Feature", "properties": {"name": "Melchtal, Sportcamp", "lon": 8.28295257315197, "lat": 46.81411188743885, "stop_id": ["8508971.link:1546583", "8508971.link:1546584"], "lines": [{"line_id": "96-360-2-j24-1", "route_id": "42.TA.96-360-2-j24-1.4.H", "mode": "bus", "line_name": "343"}, {"line_id": "96-360-2-j24-1", "route_id": "85.TA.96-360-2-j24-1.7.R", "mode": "bus", "line_name": "343"}], "predominant_mode": "bus", "assigned_canton": "Obwalden", "modes_list": ["bus"]}, "geometry": {"type": "Point", "coordinates": [8.282952581450303, 46.814111897470724]}}, {"id": "17115", "type": "Feature", "properties": {"name": "Melchtal, Turrenbach", "lon": 8.284075473396024, "lat": 46.821605497422304, "stop_id": ["8583552.link:1177930", "8583552.link:1177931"], "lines": [{"line_id": "96-360-2-j24-1", "route_id": "42.TA.96-360-2-j24-1.4.H", "mode": "bus", "line_name": "343"}, {"line_id": "96-360-2-j24-1", "route_id": "85.TA.96-360-2-j24-1.7.R", "mode": "bus", "line_name": "343"}], "predominant_mode": "bus", "assigned_canton": "Obwalden", "modes_list": ["bus"]}, "geometry": {"type": "Point", "coordinates": [8.284075481693456, 46.8216055074569]}}, {"id": "17116", "type": "Feature", "properties": {"name": "Melchtal, Weidli", "lon": 8.29211539392823, "lat": 46.837806347298375, "stop_id": ["8572915.link:1124626", "8572915.link:1124627"], "lines": [{"line_id": "96-360-2-j24-1", "route_id": "22.TA.96-360-2-j24-1.2.H", "mode": "bus", "line_name": "343"}, {"line_id": "96-360-2-j24-1", "route_id": "42.TA.96-360-2-j24-1.4.H", "mode": "bus", "line_name": "343"}, {"line_id": "96-360-2-j24-1", "route_id": "8.TA.96-360-2-j24-1.2.H", "mode": "bus", "line_name": "343"}, {"line_id": "96-360-2-j24-1", "route_id": "77.TA.96-360-2-j24-1.8.R", "mode": "bus", "line_name": "343"}, {"line_id": "96-360-2-j24-1", "route_id": "73.TA.96-360-2-j24-1.6.R", "mode": "bus", "line_name": "343"}, {"line_id": "96-360-2-j24-1", "route_id": "50.TA.96-360-2-j24-1.6.R", "mode": "bus", "line_name": "343"}, {"line_id": "96-360-2-j24-1", "route_id": "85.TA.96-360-2-j24-1.7.R", "mode": "bus", "line_name": "343"}], "predominant_mode": "bus", "assigned_canton": "Obwalden", "modes_list": ["bus"]}, "geometry": {"type": "Point", "coordinates": [8.292115402229385, 46.83780635733733]}}, {"id": "17117", "type": "Feature", "properties": {"name": "Melchtal, gedeckte Br\u00fccke", "lon": 8.29693934423013, "lat": 46.84698629722393, "stop_id": ["8572914.link:193414", "8572914.link:193415"], "lines": [{"line_id": "96-360-2-j24-1", "route_id": "22.TA.96-360-2-j24-1.2.H", "mode": "bus", "line_name": "343"}, {"line_id": "96-360-2-j24-1", "route_id": "42.TA.96-360-2-j24-1.4.H", "mode": "bus", "line_name": "343"}, {"line_id": "96-360-2-j24-1", "route_id": "8.TA.96-360-2-j24-1.2.H", "mode": "bus", "line_name": "343"}, {"line_id": "96-360-2-j24-1", "route_id": "77.TA.96-360-2-j24-1.8.R", "mode": "bus", "line_name": "343"}, {"line_id": "96-360-2-j24-1", "route_id": "73.TA.96-360-2-j24-1.6.R", "mode": "bus", "line_name": "343"}, {"line_id": "96-360-2-j24-1", "route_id": "50.TA.96-360-2-j24-1.6.R", "mode": "bus", "line_name": "343"}, {"line_id": "96-360-2-j24-1", "route_id": "85.TA.96-360-2-j24-1.7.R", "mode": "bus", "line_name": "343"}], "predominant_mode": "bus", "assigned_canton": "Obwalden", "modes_list": ["bus"]}, "geometry": {"type": "Point", "coordinates": [8.296939352533645, 46.84698630726526]}}, {"id": "19600", "type": "Feature", "properties": {"name": "Oberwilen, Forst", "lon": 8.191414244676718, "lat": 46.86327161888236, "stop_id": ["8508852.link:1638008", "8508852.link:1638009"], "lines": [{"line_id": "96-360-5-j24-1", "route_id": "28.TA.96-360-5-j24-1.1.H", "mode": "bus", "line_name": "345"}, {"line_id": "96-360-5-j24-1", "route_id": "93.TA.96-360-5-j24-1.4.R", "mode": "bus", "line_name": "345"}, {"line_id": "96-360-5-j24-1", "route_id": "101.TA.96-360-5-j24-1.3.R", "mode": "bus", "line_name": "345"}, {"line_id": "96-360-5-j24-1", "route_id": "112.TA.96-360-5-j24-1.5.R", "mode": "bus", "line_name": "345"}, {"line_id": "96-360-5-j24-1", "route_id": "107.TA.96-360-5-j24-1.5.R", "mode": "bus", "line_name": "345"}], "predominant_mode": "bus", "assigned_canton": "Obwalden", "modes_list": ["bus"]}, "geometry": {"type": "Point", "coordinates": [8.19141425286876, 46.86327162895896]}}, {"id": "19601", "type": "Feature", "properties": {"name": "Oberwilen, Mos", "lon": 8.195375814767159, "lat": 46.86595567882055, "stop_id": ["8508980.link:1637998", "8508980.link:1637999"], "lines": [{"line_id": "96-360-5-j24-1", "route_id": "28.TA.96-360-5-j24-1.1.H", "mode": "bus", "line_name": "345"}, {"line_id": "96-360-5-j24-1", "route_id": "93.TA.96-360-5-j24-1.4.R", "mode": "bus", "line_name": "345"}, {"line_id": "96-360-5-j24-1", "route_id": "101.TA.96-360-5-j24-1.3.R", "mode": "bus", "line_name": "345"}, {"line_id": "96-360-5-j24-1", "route_id": "112.TA.96-360-5-j24-1.5.R", "mode": "bus", "line_name": "345"}, {"line_id": "96-360-5-j24-1", "route_id": "107.TA.96-360-5-j24-1.5.R", "mode": "bus", "line_name": "345"}], "predominant_mode": "bus", "assigned_canton": "Obwalden", "modes_list": ["bus"]}, "geometry": {"type": "Point", "coordinates": [8.195375822962507, 46.865955688897145]}}, {"id": "19602", "type": "Feature", "properties": {"name": "Oberwilen, M\u00e4tteli", "lon": 8.211895834998439, "lat": 46.87266215856216, "stop_id": ["8581468.link:36985", "8581468.link:36986"], "lines": [{"line_id": "96-360-5-j24-1", "route_id": "28.TA.96-360-5-j24-1.1.H", "mode": "bus", "line_name": "345"}, {"line_id": "96-360-5-j24-1", "route_id": "93.TA.96-360-5-j24-1.4.R", "mode": "bus", "line_name": "345"}, {"line_id": "96-360-5-j24-1", "route_id": "101.TA.96-360-5-j24-1.3.R", "mode": "bus", "line_name": "345"}, {"line_id": "96-360-5-j24-1", "route_id": "112.TA.96-360-5-j24-1.5.R", "mode": "bus", "line_name": "345"}, {"line_id": "96-360-5-j24-1", "route_id": "107.TA.96-360-5-j24-1.5.R", "mode": "bus", "line_name": "345"}], "predominant_mode": "bus", "assigned_canton": "Obwalden", "modes_list": ["bus"]}, "geometry": {"type": "Point", "coordinates": [8.211895843208763, 46.872662168636936]}}, {"id": "19603", "type": "Feature", "properties": {"name": "Oberwilen, Seefuren", "lon": 8.2030025148713, "lat": 46.86897123870125, "stop_id": ["8508978.link:228701", "8508978.link:228702"], "lines": [{"line_id": "96-360-5-j24-1", "route_id": "28.TA.96-360-5-j24-1.1.H", "mode": "bus", "line_name": "345"}, {"line_id": "96-360-5-j24-1", "route_id": "93.TA.96-360-5-j24-1.4.R", "mode": "bus", "line_name": "345"}, {"line_id": "96-360-5-j24-1", "route_id": "101.TA.96-360-5-j24-1.3.R", "mode": "bus", "line_name": "345"}, {"line_id": "96-360-5-j24-1", "route_id": "112.TA.96-360-5-j24-1.5.R", "mode": "bus", "line_name": "345"}, {"line_id": "96-360-5-j24-1", "route_id": "107.TA.96-360-5-j24-1.5.R", "mode": "bus", "line_name": "345"}], "predominant_mode": "bus", "assigned_canton": "Obwalden", "modes_list": ["bus"]}, "geometry": {"type": "Point", "coordinates": [8.203002523073584, 46.86897124877698]}}, {"id": "20438", "type": "Feature", "properties": {"name": "Pilatus Kulm", "lon": 8.255949218511928, "lat": 46.979428997882884, "stop_id": ["8508456.link:1554977", "8508456.link:1554978", "8508456.link:pt_8508456"], "lines": [{"line_id": "93-83-j24-1", "route_id": "18.TA.93-83-j24-1.2.R", "mode": "rail", "line_name": "83"}, {"line_id": "93-83-j24-1", "route_id": "26.TA.93-83-j24-1.2.R", "mode": "rail", "line_name": "83"}, {"line_id": "93-83-j24-1", "route_id": "1.TA.93-83-j24-1.1.H", "mode": "rail", "line_name": "83"}, {"line_id": "93-251-7-j24-1", "route_id": "123.TA.93-251-7-j24-1.2.R", "mode": "cable car", "line_name": "2517"}, {"line_id": "93-251-7-j24-1", "route_id": "31.TA.93-251-7-j24-1.1.H", "mode": "cable car", "line_name": "2517"}], "predominant_mode": "rail", "assigned_canton": "Obwalden", "modes_list": ["cable car", "rail"]}, "geometry": {"type": "Point", "coordinates": [8.255949226737481, 46.97942900798741]}}, {"id": "21119", "type": "Feature", "properties": {"name": "Ramersberg, D\u00f6rfli", "lon": 8.232368445831629, "lat": 46.89777329824398, "stop_id": ["8507541.link:1939122", "8507541.link:1939123"], "lines": [{"line_id": "96-360-4-j24-1", "route_id": "1.TA.96-360-4-j24-1.1.H", "mode": "bus", "line_name": "346"}, {"line_id": "96-360-4-j24-1", "route_id": "15.TA.96-360-4-j24-1.2.R", "mode": "bus", "line_name": "346"}, {"line_id": "96-360-4-j24-1", "route_id": "22.TA.96-360-4-j24-1.4.R", "mode": "bus", "line_name": "346"}], "predominant_mode": "bus", "assigned_canton": "Obwalden", "modes_list": ["bus"]}, "geometry": {"type": "Point", "coordinates": [8.23236845405588, 46.89777330832321]}}, {"id": "21946", "type": "Feature", "properties": {"name": "Ristis (Brunni-Bahnen)", "lon": 8.407351273828708, "lat": 46.832091125488596, "stop_id": ["8508368.link:pt_8508368"], "lines": [{"line_id": "93-253-0-j24-1", "route_id": "92.TA.93-253-0-j24-1.2.R", "mode": "cable car", "line_name": "2530"}, {"line_id": "93-253-0-j24-1", "route_id": "4.TA.93-253-0-j24-1.1.H", "mode": "cable car", "line_name": "2530"}], "predominant_mode": "cable car", "assigned_canton": "Obwalden", "modes_list": ["cable car"]}, "geometry": {"type": "Point", "coordinates": [8.407351282247527, 46.83209113549348]}}, {"id": "22793", "type": "Feature", "properties": {"name": "Sachseln", "lon": 8.239757986990744, "lat": 46.871749586124785, "stop_id": ["8508313:0:1.link:76495", "8508313:0:1.link:76496", "8508313:0:1.link:76509", "8508313:0:1.link:76510", "8508313:0:2.link:76495"], "lines": [{"line_id": "91-55-j24-1", "route_id": "13.TA.91-55-j24-1.5.R", "mode": "rail", "line_name": "S55"}, {"line_id": "91-55-j24-1", "route_id": "22.TA.91-55-j24-1.8.R", "mode": "rail", "line_name": "S55"}, {"line_id": "91-55-j24-1", "route_id": "23.TA.91-55-j24-1.9.R", "mode": "rail", "line_name": "S55"}, {"line_id": "91-55-j24-1", "route_id": "21.TA.91-55-j24-1.7.R", "mode": "rail", "line_name": "S55"}, {"line_id": "91-55-j24-1", "route_id": "4.TA.91-55-j24-1.2.H", "mode": "rail", "line_name": "S55"}, {"line_id": "91-55-j24-1", "route_id": "12.TA.91-55-j24-1.4.H", "mode": "rail", "line_name": "S55"}, {"line_id": "91-55-j24-1", "route_id": "2.TA.91-55-j24-1.1.H", "mode": "rail", "line_name": "S55"}, {"line_id": "91-5-D-j24-1", "route_id": "51.TA.91-5-D-j24-1.1.H", "mode": "rail", "line_name": "S5"}, {"line_id": "91-5-D-j24-1", "route_id": "253.TA.91-5-D-j24-1.9.H", "mode": "rail", "line_name": "S5"}, {"line_id": "91-1W-Y-j24-1", "route_id": "134.TA.91-1W-Y-j24-1.63.H", "mode": "rail", "line_name": "PE"}, {"line_id": "91-1W-Y-j24-1", "route_id": "70.TA.91-1W-Y-j24-1.10.H", "mode": "rail", "line_name": "PE"}, {"line_id": "91-1W-Y-j24-1", "route_id": "119.TA.91-1W-Y-j24-1.150.H", "mode": "rail", "line_name": "PE"}, {"line_id": "91-5-D-j24-1", "route_id": "82.TA.91-5-D-j24-1.4.H", "mode": "rail", "line_name": "S5"}, {"line_id": "91-1W-Y-j24-1", "route_id": "9.TA.91-1W-Y-j24-1.2.H", "mode": "rail", "line_name": "PE"}, {"line_id": "91-5-D-j24-1", "route_id": "163.TA.91-5-D-j24-1.7.H", "mode": "rail", "line_name": "S5"}, {"line_id": "91-5-D-j24-1", "route_id": "272.TA.91-5-D-j24-1.10.H", "mode": "rail", "line_name": "S5"}, {"line_id": "91-1W-Y-j24-1", "route_id": "85.TA.91-1W-Y-j24-1.12.H", "mode": "rail", "line_name": "PE"}, {"line_id": "91-5-D-j24-1", "route_id": "105.TA.91-5-D-j24-1.5.H", "mode": "rail", "line_name": "S5"}, {"line_id": "91-1W-Y-j24-1", "route_id": "120.TA.91-1W-Y-j24-1.16.H", "mode": "rail", "line_name": "PE"}, {"line_id": "91-1W-Y-j24-1", "route_id": "37.TA.91-1W-Y-j24-1.4.H", "mode": "rail", "line_name": "PE"}, {"line_id": "91-5-D-j24-1", "route_id": "365.TA.91-5-D-j24-1.14.H", "mode": "rail", "line_name": "S5"}, {"line_id": "91-5-D-j24-1", "route_id": "352.TA.91-5-D-j24-1.12.H", "mode": "rail", "line_name": "S5"}, {"line_id": "91-1W-Y-j24-1", "route_id": "72.TA.91-1W-Y-j24-1.11.H", "mode": "rail", "line_name": "PE"}, {"line_id": "91-5-D-j24-1", "route_id": "288.TA.91-5-D-j24-1.11.H", "mode": "rail", "line_name": "S5"}, {"line_id": "91-1W-Y-j24-1", "route_id": "121.TA.91-1W-Y-j24-1.17.H", "mode": "rail", "line_name": "PE"}, {"line_id": "91-5-D-j24-1", "route_id": "762.TA.91-5-D-j24-1.70.R", "mode": "rail", "line_name": "S5"}, {"line_id": "91-5-D-j24-1", "route_id": "559.TA.91-5-D-j24-1.50.R", "mode": "rail", "line_name": "S5"}, {"line_id": "91-5-D-j24-1", "route_id": "695.TA.91-5-D-j24-1.25.R", "mode": "rail", "line_name": "S5"}, {"line_id": "91-1W-Y-j24-1", "route_id": "189.TA.91-1W-Y-j24-1.25.R", "mode": "rail", "line_name": "PE"}, {"line_id": "91-1W-Y-j24-1", "route_id": "178.TA.91-1W-Y-j24-1.194.R", "mode": "rail", "line_name": "PE"}, {"line_id": "91-5-D-j24-1", "route_id": "725.TA.91-5-D-j24-1.29.R", "mode": "rail", "line_name": "S5"}, {"line_id": "91-1W-Y-j24-1", "route_id": "250.TA.91-1W-Y-j24-1.67.R", "mode": "rail", "line_name": "PE"}, {"line_id": "91-5-D-j24-1", "route_id": "730.TA.91-5-D-j24-1.30.R", "mode": "rail", "line_name": "S5"}, {"line_id": "91-1W-Y-j24-1", "route_id": "196.TA.91-1W-Y-j24-1.28.R", "mode": "rail", "line_name": "PE"}, {"line_id": "91-5-D-j24-1", "route_id": "532.TA.91-5-D-j24-1.19.R", "mode": "rail", "line_name": "S5"}, {"line_id": "91-1W-Y-j24-1", "route_id": "199.TA.91-1W-Y-j24-1.30.R", "mode": "rail", "line_name": "PE"}, {"line_id": "91-5-D-j24-1", "route_id": "708.TA.91-5-D-j24-1.26.R", "mode": "rail", "line_name": "S5"}, {"line_id": "91-5-D-j24-1", "route_id": "754.TA.91-5-D-j24-1.32.R", "mode": "rail", "line_name": "S5"}, {"line_id": "91-1W-Y-j24-1", "route_id": "212.TA.91-1W-Y-j24-1.32.R", "mode": "rail", "line_name": "PE"}, {"line_id": "91-1W-Y-j24-1", "route_id": "241.TA.91-1W-Y-j24-1.36.R", "mode": "rail", "line_name": "PE"}, {"line_id": "91-5-D-j24-1", "route_id": "517.TA.91-5-D-j24-1.18.R", "mode": "rail", "line_name": "S5"}, {"line_id": "91-5-D-j24-1", "route_id": "443.TA.91-5-D-j24-1.16.R", "mode": "rail", "line_name": "S5"}, {"line_id": "91-5-D-j24-1", "route_id": "685.TA.91-5-D-j24-1.24.R", "mode": "rail", "line_name": "S5"}, {"line_id": "91-1W-Y-j24-1", "route_id": "159.TA.91-1W-Y-j24-1.22.R", "mode": "rail", "line_name": "PE"}, {"line_id": "91-5-D-j24-1", "route_id": "460.TA.91-5-D-j24-1.17.R", "mode": "rail", "line_name": "S5"}, {"line_id": "91-1W-Y-j24-1", "route_id": "246.TA.91-1W-Y-j24-1.39.R", "mode": "rail", "line_name": "PE"}], "predominant_mode": "rail", "assigned_canton": "Obwalden", "modes_list": ["rail"]}, "geometry": {"type": "Point", "coordinates": [8.239757995229605, 46.871749596191655]}}, {"id": "22794", "type": "Feature", "properties": {"name": "Sachseln Schiffstation", "lon": 8.237839184967594, "lat": 46.871083878154764, "stop_id": ["8530818.link:pt_8530818"], "lines": [{"line_id": "94-D-Y-j24-1", "route_id": "4.TA.94-D-Y-j24-1.2.H", "mode": "ferry", "line_name": "BAT"}, {"line_id": "94-D-Y-j24-1", "route_id": "1.TA.94-D-Y-j24-1.1.H", "mode": "ferry", "line_name": "BAT"}], "predominant_mode": "ferry", "assigned_canton": "Obwalden", "modes_list": ["ferry"]}, "geometry": {"type": "Point", "coordinates": [8.237839193204685, 46.871083888221904]}}, {"id": "22795", "type": "Feature", "properties": {"name": "Sachseln, Bahnhof", "lon": 8.238575804964347, "lat": 46.870967188143226, "stop_id": ["8572916.link:116109"], "lines": [{"line_id": "96-360-6-j24-1", "route_id": "41.TA.96-360-6-j24-1.4.R", "mode": "bus", "line_name": "351"}, {"line_id": "96-360-6-j24-1", "route_id": "6.TA.96-360-6-j24-1.1.H", "mode": "bus", "line_name": "351"}, {"line_id": "96-360-6-j24-1", "route_id": "10.TA.96-360-6-j24-1.1.H", "mode": "bus", "line_name": "351"}, {"line_id": "96-360-6-j24-1", "route_id": "44.TA.96-360-6-j24-1.3.R", "mode": "bus", "line_name": "351"}, {"line_id": "96-360-6-j24-1", "route_id": "7.TA.96-360-6-j24-1.1.H", "mode": "bus", "line_name": "351"}, {"line_id": "96-360-6-j24-1", "route_id": "46.TA.96-360-6-j24-1.3.R", "mode": "bus", "line_name": "351"}, {"line_id": "96-360-6-j24-1", "route_id": "25.TA.96-360-6-j24-1.2.R", "mode": "bus", "line_name": "351"}], "predominant_mode": "bus", "assigned_canton": "Obwalden", "modes_list": ["bus"]}, "geometry": {"type": "Point", "coordinates": [8.238575813202216, 46.87096719821011]}}, {"id": "22796", "type": "Feature", "properties": {"name": "Sachseln, Br\u00fcnigstrasse", "lon": 8.239159704901514, "lat": 46.86902036813381, "stop_id": ["8557092.link:1880943", "8557092.link:1880944"], "lines": [{"line_id": "96-359-7-j24-1", "route_id": "2.TA.96-359-7-j24-1.2.H", "mode": "bus", "line_name": "N55"}, {"line_id": "96-359-7-j24-1", "route_id": "1.TA.96-359-7-j24-1.1.H", "mode": "bus", "line_name": "N55"}, {"line_id": "96-360-6-j24-1", "route_id": "41.TA.96-360-6-j24-1.4.R", "mode": "bus", "line_name": "351"}, {"line_id": "96-360-6-j24-1", "route_id": "46.TA.96-360-6-j24-1.3.R", "mode": "bus", "line_name": "351"}, {"line_id": "96-360-6-j24-1", "route_id": "44.TA.96-360-6-j24-1.3.R", "mode": "bus", "line_name": "351"}, {"line_id": "96-360-6-j24-1", "route_id": "25.TA.96-360-6-j24-1.2.R", "mode": "bus", "line_name": "351"}], "predominant_mode": "bus", "assigned_canton": "Obwalden", "modes_list": ["bus"]}, "geometry": {"type": "Point", "coordinates": [8.239159713140507, 46.86902037819974]}}, {"id": "22797", "type": "Feature", "properties": {"name": "Sachseln, Dorf", "lon": 8.23915072488494, "lat": 46.86851062813383, "stop_id": ["8508743.link:1492207", "8508743.link:1492208"], "lines": [{"line_id": "96-360-6-j24-1", "route_id": "41.TA.96-360-6-j24-1.4.R", "mode": "bus", "line_name": "351"}, {"line_id": "96-360-6-j24-1", "route_id": "46.TA.96-360-6-j24-1.3.R", "mode": "bus", "line_name": "351"}, {"line_id": "96-360-6-j24-1", "route_id": "44.TA.96-360-6-j24-1.3.R", "mode": "bus", "line_name": "351"}, {"line_id": "96-360-6-j24-1", "route_id": "25.TA.96-360-6-j24-1.2.R", "mode": "bus", "line_name": "351"}, {"line_id": "96-360-6-j24-1", "route_id": "7.TA.96-360-6-j24-1.1.H", "mode": "bus", "line_name": "351"}, {"line_id": "96-360-6-j24-1", "route_id": "10.TA.96-360-6-j24-1.1.H", "mode": "bus", "line_name": "351"}, {"line_id": "96-360-6-j24-1", "route_id": "6.TA.96-360-6-j24-1.1.H", "mode": "bus", "line_name": "351"}], "predominant_mode": "bus", "assigned_canton": "Obwalden", "modes_list": ["bus"]}, "geometry": {"type": "Point", "coordinates": [8.239150733124058, 46.868510638199574]}}, {"id": "22798", "type": "Feature", "properties": {"name": "Sachseln, Felsenheim", "lon": 8.245061634879585, "lat": 46.86820354804104, "stop_id": ["8508745.link:125430", "8508745.link:125431"], "lines": [{"line_id": "96-360-6-j24-1", "route_id": "7.TA.96-360-6-j24-1.1.H", "mode": "bus", "line_name": "351"}, {"line_id": "96-360-6-j24-1", "route_id": "10.TA.96-360-6-j24-1.1.H", "mode": "bus", "line_name": "351"}, {"line_id": "96-360-6-j24-1", "route_id": "6.TA.96-360-6-j24-1.1.H", "mode": "bus", "line_name": "351"}, {"line_id": "96-360-6-j24-1", "route_id": "41.TA.96-360-6-j24-1.4.R", "mode": "bus", "line_name": "351"}, {"line_id": "96-360-6-j24-1", "route_id": "46.TA.96-360-6-j24-1.3.R", "mode": "bus", "line_name": "351"}, {"line_id": "96-360-6-j24-1", "route_id": "44.TA.96-360-6-j24-1.3.R", "mode": "bus", "line_name": "351"}, {"line_id": "96-360-6-j24-1", "route_id": "25.TA.96-360-6-j24-1.2.R", "mode": "bus", "line_name": "351"}], "predominant_mode": "bus", "assigned_canton": "Obwalden", "modes_list": ["bus"]}, "geometry": {"type": "Point", "coordinates": [8.245061643124785, 46.868203558105044]}}, {"id": "22799", "type": "Feature", "properties": {"name": "Sachseln, Seehof/Br\u00fcggi", "lon": 8.243211105210467, "lat": 46.878422178071396, "stop_id": ["8557024.link:508198", "8557024.link:508199"], "lines": [{"line_id": "96-359-7-j24-1", "route_id": "1.TA.96-359-7-j24-1.1.H", "mode": "bus", "line_name": "N55"}, {"line_id": "96-360-6-j24-1", "route_id": "10.TA.96-360-6-j24-1.1.H", "mode": "bus", "line_name": "351"}, {"line_id": "96-359-7-j24-1", "route_id": "2.TA.96-359-7-j24-1.2.H", "mode": "bus", "line_name": "N55"}, {"line_id": "96-360-6-j24-1", "route_id": "7.TA.96-360-6-j24-1.1.H", "mode": "bus", "line_name": "351"}, {"line_id": "96-360-6-j24-1", "route_id": "6.TA.96-360-6-j24-1.1.H", "mode": "bus", "line_name": "351"}, {"line_id": "96-360-6-j24-1", "route_id": "41.TA.96-360-6-j24-1.4.R", "mode": "bus", "line_name": "351"}, {"line_id": "96-360-6-j24-1", "route_id": "46.TA.96-360-6-j24-1.3.R", "mode": "bus", "line_name": "351"}, {"line_id": "96-360-6-j24-1", "route_id": "44.TA.96-360-6-j24-1.3.R", "mode": "bus", "line_name": "351"}, {"line_id": "96-360-6-j24-1", "route_id": "25.TA.96-360-6-j24-1.2.R", "mode": "bus", "line_name": "351"}], "predominant_mode": "bus", "assigned_canton": "Obwalden", "modes_list": ["bus"]}, "geometry": {"type": "Point", "coordinates": [8.243211113450997, 46.87842218813996]}}, {"id": "22800", "type": "Feature", "properties": {"name": "Sachseln, Steinen", "lon": 8.238944114775938, "lat": 46.86516336813668, "stop_id": ["8508744.link:1492378", "8508744.link:1492379"], "lines": [{"line_id": "96-360-6-j24-1", "route_id": "7.TA.96-360-6-j24-1.1.H", "mode": "bus", "line_name": "351"}, {"line_id": "96-360-6-j24-1", "route_id": "10.TA.96-360-6-j24-1.1.H", "mode": "bus", "line_name": "351"}, {"line_id": "96-360-6-j24-1", "route_id": "6.TA.96-360-6-j24-1.1.H", "mode": "bus", "line_name": "351"}, {"line_id": "96-360-6-j24-1", "route_id": "41.TA.96-360-6-j24-1.4.R", "mode": "bus", "line_name": "351"}, {"line_id": "96-360-6-j24-1", "route_id": "46.TA.96-360-6-j24-1.3.R", "mode": "bus", "line_name": "351"}, {"line_id": "96-360-6-j24-1", "route_id": "44.TA.96-360-6-j24-1.3.R", "mode": "bus", "line_name": "351"}, {"line_id": "96-360-6-j24-1", "route_id": "25.TA.96-360-6-j24-1.2.R", "mode": "bus", "line_name": "351"}], "predominant_mode": "bus", "assigned_canton": "Obwalden", "modes_list": ["bus"]}, "geometry": {"type": "Point", "coordinates": [8.238944123015765, 46.86516337820113]}}, {"id": "23184", "type": "Feature", "properties": {"name": "Sarnen", "lon": 8.247621835739688, "lat": 46.894581338004215, "stop_id": ["8508314:0:1.link:1404528", "8508314:0:2.link:76352"], "lines": [{"line_id": "91-1W-Y-j24-1", "route_id": "70.TA.91-1W-Y-j24-1.10.H", "mode": "rail", "line_name": "PE"}, {"line_id": "91-1W-Y-j24-1", "route_id": "72.TA.91-1W-Y-j24-1.11.H", "mode": "rail", "line_name": "PE"}, {"line_id": "91-5-D-j24-1", "route_id": "288.TA.91-5-D-j24-1.11.H", "mode": "rail", "line_name": "S5"}, {"line_id": "91-1W-Y-j24-1", "route_id": "121.TA.91-1W-Y-j24-1.17.H", "mode": "rail", "line_name": "PE"}, {"line_id": "91-1W-Y-j24-1", "route_id": "119.TA.91-1W-Y-j24-1.150.H", "mode": "rail", "line_name": "PE"}, {"line_id": "91-5-D-j24-1", "route_id": "82.TA.91-5-D-j24-1.4.H", "mode": "rail", "line_name": "S5"}, {"line_id": "91-5-D-j24-1", "route_id": "163.TA.91-5-D-j24-1.7.H", "mode": "rail", "line_name": "S5"}, {"line_id": "91-5-D-j24-1", "route_id": "105.TA.91-5-D-j24-1.5.H", "mode": "rail", "line_name": "S5"}, {"line_id": "91-1W-Y-j24-1", "route_id": "120.TA.91-1W-Y-j24-1.16.H", "mode": "rail", "line_name": "PE"}, {"line_id": "91-5-D-j24-1", "route_id": "253.TA.91-5-D-j24-1.9.H", "mode": "rail", "line_name": "S5"}, {"line_id": "91-55-j24-1", "route_id": "4.TA.91-55-j24-1.2.H", "mode": "rail", "line_name": "S55"}, {"line_id": "91-E7-Y-j24-1", "route_id": "11.TA.91-E7-Y-j24-1.5.H", "mode": "rail", "line_name": "IR"}, {"line_id": "91-5-D-j24-1", "route_id": "352.TA.91-5-D-j24-1.12.H", "mode": "rail", "line_name": "S5"}, {"line_id": "91-5-D-j24-1", "route_id": "51.TA.91-5-D-j24-1.1.H", "mode": "rail", "line_name": "S5"}, {"line_id": "91-1W-Y-j24-1", "route_id": "134.TA.91-1W-Y-j24-1.63.H", "mode": "rail", "line_name": "PE"}, {"line_id": "91-55-j24-1", "route_id": "2.TA.91-55-j24-1.1.H", "mode": "rail", "line_name": "S55"}, {"line_id": "91-5-D-j24-1", "route_id": "272.TA.91-5-D-j24-1.10.H", "mode": "rail", "line_name": "S5"}, {"line_id": "91-1W-Y-j24-1", "route_id": "85.TA.91-1W-Y-j24-1.12.H", "mode": "rail", "line_name": "PE"}, {"line_id": "91-1W-Y-j24-1", "route_id": "37.TA.91-1W-Y-j24-1.4.H", "mode": "rail", "line_name": "PE"}, {"line_id": "91-5-D-j24-1", "route_id": "365.TA.91-5-D-j24-1.14.H", "mode": "rail", "line_name": "S5"}, {"line_id": "91-55-j24-1", "route_id": "12.TA.91-55-j24-1.4.H", "mode": "rail", "line_name": "S55"}, {"line_id": "91-E7-Y-j24-1", "route_id": "10.TA.91-E7-Y-j24-1.1.H", "mode": "rail", "line_name": "IR"}, {"line_id": "91-1W-Y-j24-1", "route_id": "9.TA.91-1W-Y-j24-1.2.H", "mode": "rail", "line_name": "PE"}, {"line_id": "91-5-D-j24-1", "route_id": "695.TA.91-5-D-j24-1.25.R", "mode": "rail", "line_name": "S5"}, {"line_id": "91-1W-Y-j24-1", "route_id": "189.TA.91-1W-Y-j24-1.25.R", "mode": "rail", "line_name": "PE"}, {"line_id": "91-E7-Y-j24-1", "route_id": "32.TA.91-E7-Y-j24-1.3.R", "mode": "rail", "line_name": "IR"}, {"line_id": "91-1W-Y-j24-1", "route_id": "178.TA.91-1W-Y-j24-1.194.R", "mode": "rail", "line_name": "PE"}, {"line_id": "91-55-j24-1", "route_id": "22.TA.91-55-j24-1.8.R", "mode": "rail", "line_name": "S55"}, {"line_id": "91-5-D-j24-1", "route_id": "559.TA.91-5-D-j24-1.50.R", "mode": "rail", "line_name": "S5"}, {"line_id": "91-5-D-j24-1", "route_id": "725.TA.91-5-D-j24-1.29.R", "mode": "rail", "line_name": "S5"}, {"line_id": "91-1W-Y-j24-1", "route_id": "250.TA.91-1W-Y-j24-1.67.R", "mode": "rail", "line_name": "PE"}, {"line_id": "91-55-j24-1", "route_id": "21.TA.91-55-j24-1.7.R", "mode": "rail", "line_name": "S55"}, {"line_id": "91-5-D-j24-1", "route_id": "730.TA.91-5-D-j24-1.30.R", "mode": "rail", "line_name": "S5"}, {"line_id": "91-1W-Y-j24-1", "route_id": "196.TA.91-1W-Y-j24-1.28.R", "mode": "rail", "line_name": "PE"}, {"line_id": "91-55-j24-1", "route_id": "23.TA.91-55-j24-1.9.R", "mode": "rail", "line_name": "S55"}, {"line_id": "91-5-D-j24-1", "route_id": "532.TA.91-5-D-j24-1.19.R", "mode": "rail", "line_name": "S5"}, {"line_id": "91-1W-Y-j24-1", "route_id": "199.TA.91-1W-Y-j24-1.30.R", "mode": "rail", "line_name": "PE"}, {"line_id": "91-5-D-j24-1", "route_id": "708.TA.91-5-D-j24-1.26.R", "mode": "rail", "line_name": "S5"}, {"line_id": "91-5-D-j24-1", "route_id": "754.TA.91-5-D-j24-1.32.R", "mode": "rail", "line_name": "S5"}, {"line_id": "91-E7-Y-j24-1", "route_id": "29.TA.91-E7-Y-j24-1.8.R", "mode": "rail", "line_name": "IR"}, {"line_id": "91-1W-Y-j24-1", "route_id": "212.TA.91-1W-Y-j24-1.32.R", "mode": "rail", "line_name": "PE"}, {"line_id": "91-1W-Y-j24-1", "route_id": "241.TA.91-1W-Y-j24-1.36.R", "mode": "rail", "line_name": "PE"}, {"line_id": "91-5-D-j24-1", "route_id": "517.TA.91-5-D-j24-1.18.R", "mode": "rail", "line_name": "S5"}, {"line_id": "91-5-D-j24-1", "route_id": "443.TA.91-5-D-j24-1.16.R", "mode": "rail", "line_name": "S5"}, {"line_id": "91-5-D-j24-1", "route_id": "685.TA.91-5-D-j24-1.24.R", "mode": "rail", "line_name": "S5"}, {"line_id": "91-1W-Y-j24-1", "route_id": "159.TA.91-1W-Y-j24-1.22.R", "mode": "rail", "line_name": "PE"}, {"line_id": "91-55-j24-1", "route_id": "13.TA.91-55-j24-1.5.R", "mode": "rail", "line_name": "S55"}, {"line_id": "91-5-D-j24-1", "route_id": "460.TA.91-5-D-j24-1.17.R", "mode": "rail", "line_name": "S5"}, {"line_id": "91-5-D-j24-1", "route_id": "762.TA.91-5-D-j24-1.70.R", "mode": "rail", "line_name": "S5"}, {"line_id": "91-1W-Y-j24-1", "route_id": "246.TA.91-1W-Y-j24-1.39.R", "mode": "rail", "line_name": "PE"}], "predominant_mode": "rail", "assigned_canton": "Obwalden", "modes_list": ["rail"]}, "geometry": {"type": "Point", "coordinates": [8.247621843980268, 46.89458134807798]}}, {"id": "23185", "type": "Feature", "properties": {"name": "Sarnen Kurhaus (See)", "lon": 8.233185905508034, "lat": 46.887810068229975, "stop_id": ["8505320.link:pt_8505320"], "lines": [{"line_id": "94-D-Y-j24-1", "route_id": "4.TA.94-D-Y-j24-1.2.H", "mode": "ferry", "line_name": "BAT"}, {"line_id": "94-D-Y-j24-1", "route_id": "1.TA.94-D-Y-j24-1.1.H", "mode": "ferry", "line_name": "BAT"}], "predominant_mode": "ferry", "assigned_canton": "Obwalden", "modes_list": ["ferry"]}, "geometry": {"type": "Point", "coordinates": [8.233185913735843, 46.88781007830502]}}, {"id": "23186", "type": "Feature", "properties": {"name": "Sarnen Nord", "lon": 8.249113035923086, "lat": 46.90017942798147, "stop_id": ["8508323:0:1.link:1404535", "8508323:0:2.link:76374"], "lines": [{"line_id": "91-5-D-j24-1", "route_id": "51.TA.91-5-D-j24-1.1.H", "mode": "rail", "line_name": "S5"}, {"line_id": "91-5-D-j24-1", "route_id": "253.TA.91-5-D-j24-1.9.H", "mode": "rail", "line_name": "S5"}, {"line_id": "91-5-D-j24-1", "route_id": "82.TA.91-5-D-j24-1.4.H", "mode": "rail", "line_name": "S5"}, {"line_id": "91-55-j24-1", "route_id": "4.TA.91-55-j24-1.2.H", "mode": "rail", "line_name": "S55"}, {"line_id": "91-55-j24-1", "route_id": "2.TA.91-55-j24-1.1.H", "mode": "rail", "line_name": "S55"}, {"line_id": "91-5-D-j24-1", "route_id": "163.TA.91-5-D-j24-1.7.H", "mode": "rail", "line_name": "S5"}, {"line_id": "91-5-D-j24-1", "route_id": "272.TA.91-5-D-j24-1.10.H", "mode": "rail", "line_name": "S5"}, {"line_id": "91-5-D-j24-1", "route_id": "105.TA.91-5-D-j24-1.5.H", "mode": "rail", "line_name": "S5"}, {"line_id": "91-5-D-j24-1", "route_id": "365.TA.91-5-D-j24-1.14.H", "mode": "rail", "line_name": "S5"}, {"line_id": "91-55-j24-1", "route_id": "12.TA.91-55-j24-1.4.H", "mode": "rail", "line_name": "S55"}, {"line_id": "91-5-D-j24-1", "route_id": "352.TA.91-5-D-j24-1.12.H", "mode": "rail", "line_name": "S5"}, {"line_id": "91-5-D-j24-1", "route_id": "288.TA.91-5-D-j24-1.11.H", "mode": "rail", "line_name": "S5"}, {"line_id": "91-5-D-j24-1", "route_id": "695.TA.91-5-D-j24-1.25.R", "mode": "rail", "line_name": "S5"}, {"line_id": "91-5-D-j24-1", "route_id": "730.TA.91-5-D-j24-1.30.R", "mode": "rail", "line_name": "S5"}, {"line_id": "91-5-D-j24-1", "route_id": "754.TA.91-5-D-j24-1.32.R", "mode": "rail", "line_name": "S5"}, {"line_id": "91-55-j24-1", "route_id": "13.TA.91-55-j24-1.5.R", "mode": "rail", "line_name": "S55"}, {"line_id": "91-5-D-j24-1", "route_id": "517.TA.91-5-D-j24-1.18.R", "mode": "rail", "line_name": "S5"}, {"line_id": "91-5-D-j24-1", "route_id": "708.TA.91-5-D-j24-1.26.R", "mode": "rail", "line_name": "S5"}, {"line_id": "91-55-j24-1", "route_id": "22.TA.91-55-j24-1.8.R", "mode": "rail", "line_name": "S55"}, {"line_id": "91-5-D-j24-1", "route_id": "460.TA.91-5-D-j24-1.17.R", "mode": "rail", "line_name": "S5"}, {"line_id": "91-5-D-j24-1", "route_id": "443.TA.91-5-D-j24-1.16.R", "mode": "rail", "line_name": "S5"}, {"line_id": "91-5-D-j24-1", "route_id": "559.TA.91-5-D-j24-1.50.R", "mode": "rail", "line_name": "S5"}, {"line_id": "91-55-j24-1", "route_id": "23.TA.91-55-j24-1.9.R", "mode": "rail", "line_name": "S55"}, {"line_id": "91-5-D-j24-1", "route_id": "762.TA.91-5-D-j24-1.70.R", "mode": "rail", "line_name": "S5"}, {"line_id": "91-5-D-j24-1", "route_id": "532.TA.91-5-D-j24-1.19.R", "mode": "rail", "line_name": "S5"}, {"line_id": "91-5-D-j24-1", "route_id": "725.TA.91-5-D-j24-1.29.R", "mode": "rail", "line_name": "S5"}, {"line_id": "91-5-D-j24-1", "route_id": "685.TA.91-5-D-j24-1.24.R", "mode": "rail", "line_name": "S5"}, {"line_id": "91-55-j24-1", "route_id": "21.TA.91-55-j24-1.7.R", "mode": "rail", "line_name": "S55"}], "predominant_mode": "rail", "assigned_canton": "Obwalden", "modes_list": ["rail"]}, "geometry": {"type": "Point", "coordinates": [8.249113044163638, 46.90017943805708]}}, {"id": "23187", "type": "Feature", "properties": {"name": "Sarnen Seefeld", "lon": 8.243139245508042, "lat": 46.887570628073696, "stop_id": ["8530814.link:pt_8530814"], "lines": [{"line_id": "94-D-Y-j24-1", "route_id": "4.TA.94-D-Y-j24-1.2.H", "mode": "ferry", "line_name": "BAT"}, {"line_id": "94-D-Y-j24-1", "route_id": "1.TA.94-D-Y-j24-1.1.H", "mode": "ferry", "line_name": "BAT"}], "predominant_mode": "ferry", "assigned_canton": "Obwalden", "modes_list": ["ferry"]}, "geometry": {"type": "Point", "coordinates": [8.243139253746003, 46.88757063814597]}}, {"id": "23188", "type": "Feature", "properties": {"name": "Sarnen, Bahnhof", "lon": 8.247379295721935, "lat": 46.89404113800795, "stop_id": ["8572897:0:A.link:222335", "8572897:0:A.link:473175", "8572897:0:A.link:64963", "8572897:0:A.link:64964", "8572897:0:B.link:222335", "8572897:0:B.link:473175", "8572897:0:B.link:64963", "8572897:0:B.link:64964", "8572897:0:C.link:222335", "8572897:0:C.link:473175", "8572897:0:C.link:64963", "8572897:0:C.link:64964", "8572897:0:D.link:222335", "8572897:0:D.link:64963", "8572897:0:D.link:64964"], "lines": [{"line_id": "96-360-3-j24-1", "route_id": "89.TA.96-360-3-j24-1.11.R", "mode": "bus", "line_name": "344"}, {"line_id": "96-360-3-j24-1", "route_id": "58.TA.96-360-3-j24-1.5.R", "mode": "bus", "line_name": "344"}, {"line_id": "96-360-3-j24-1", "route_id": "55.TA.96-360-3-j24-1.5.R", "mode": "bus", "line_name": "344"}, {"line_id": "96-360-6-j24-1", "route_id": "25.TA.96-360-6-j24-1.2.R", "mode": "bus", "line_name": "351"}, {"line_id": "96-360-5-j24-1", "route_id": "93.TA.96-360-5-j24-1.4.R", "mode": "bus", "line_name": "345"}, {"line_id": "96-360-1-j24-1", "route_id": "34.TA.96-360-1-j24-1.8.R", "mode": "bus", "line_name": "342"}, {"line_id": "96-359-5-j24-1", "route_id": "2.TA.96-359-5-j24-1.1.H", "mode": "bus", "line_name": "N5"}, {"line_id": "96-360-0-j24-1", "route_id": "45.TA.96-360-0-j24-1.6.H", "mode": "bus", "line_name": "312"}, {"line_id": "96-360-2-j24-1", "route_id": "73.TA.96-360-2-j24-1.6.R", "mode": "bus", "line_name": "343"}, {"line_id": "96-360-2-j24-1", "route_id": "50.TA.96-360-2-j24-1.6.R", "mode": "bus", "line_name": "343"}, {"line_id": "96-360-9-j24-1", "route_id": "22.TA.96-360-9-j24-1.2.R", "mode": "bus", "line_name": "341"}, {"line_id": "96-360-9-j24-1", "route_id": "44.TA.96-360-9-j24-1.3.R", "mode": "bus", "line_name": "341"}, {"line_id": "96-360-2-j24-1", "route_id": "85.TA.96-360-2-j24-1.7.R", "mode": "bus", "line_name": "343"}, {"line_id": "96-360-0-j24-1", "route_id": "119.TA.96-360-0-j24-1.14.R", "mode": "bus", "line_name": "312"}, {"line_id": "96-360-9-j24-1", "route_id": "16.TA.96-360-9-j24-1.1.H", "mode": "bus", "line_name": "341"}, {"line_id": "96-360-2-j24-1", "route_id": "22.TA.96-360-2-j24-1.2.H", "mode": "bus", "line_name": "343"}, {"line_id": "96-360-9-j24-1", "route_id": "1.TA.96-360-9-j24-1.4.H", "mode": "bus", "line_name": "341"}, {"line_id": "96-359-5-j24-1", "route_id": "3.TA.96-359-5-j24-1.2.R", "mode": "bus", "line_name": "N5"}, {"line_id": "96-360-0-j24-1", "route_id": "67.TA.96-360-0-j24-1.11.R", "mode": "bus", "line_name": "312"}, {"line_id": "96-360-0-j24-1", "route_id": "99.TA.96-360-0-j24-1.13.R", "mode": "bus", "line_name": "312"}, {"line_id": "96-360-0-j24-1", "route_id": "91.TA.96-360-0-j24-1.12.R", "mode": "bus", "line_name": "312"}, {"line_id": "96-360-2-j24-1", "route_id": "42.TA.96-360-2-j24-1.4.H", "mode": "bus", "line_name": "343"}, {"line_id": "96-360-2-j24-1", "route_id": "8.TA.96-360-2-j24-1.2.H", "mode": "bus", "line_name": "343"}, {"line_id": "96-360-3-j24-1", "route_id": "9.TA.96-360-3-j24-1.9.H", "mode": "bus", "line_name": "344"}, {"line_id": "96-360-3-j24-1", "route_id": "86.TA.96-360-3-j24-1.10.R", "mode": "bus", "line_name": "344"}, {"line_id": "96-360-6-j24-1", "route_id": "44.TA.96-360-6-j24-1.3.R", "mode": "bus", "line_name": "351"}, {"line_id": "96-360-5-j24-1", "route_id": "112.TA.96-360-5-j24-1.5.R", "mode": "bus", "line_name": "345"}, {"line_id": "96-360-6-j24-1", "route_id": "46.TA.96-360-6-j24-1.3.R", "mode": "bus", "line_name": "351"}, {"line_id": "96-360-5-j24-1", "route_id": "107.TA.96-360-5-j24-1.5.R", "mode": "bus", "line_name": "345"}, {"line_id": "96-360-0-j24-1", "route_id": "56.TA.96-360-0-j24-1.7.H", "mode": "bus", "line_name": "312"}, {"line_id": "96-360-9-j24-1", "route_id": "24.TA.96-360-9-j24-1.6.R", "mode": "bus", "line_name": "341"}, {"line_id": "96-360-1-j24-1", "route_id": "42.TA.96-360-1-j24-1.9.R", "mode": "bus", "line_name": "342"}, {"line_id": "96-360-9-j24-1", "route_id": "51.TA.96-360-9-j24-1.8.R", "mode": "bus", "line_name": "341"}, {"line_id": "96-360-1-j24-1", "route_id": "15.TA.96-360-1-j24-1.7.H", "mode": "bus", "line_name": "342"}, {"line_id": "96-359-7-j24-1", "route_id": "1.TA.96-359-7-j24-1.1.H", "mode": "bus", "line_name": "N55"}, {"line_id": "96-360-6-j24-1", "route_id": "10.TA.96-360-6-j24-1.1.H", "mode": "bus", "line_name": "351"}, {"line_id": "96-359-7-j24-1", "route_id": "2.TA.96-359-7-j24-1.2.H", "mode": "bus", "line_name": "N55"}, {"line_id": "96-360-6-j24-1", "route_id": "7.TA.96-360-6-j24-1.1.H", "mode": "bus", "line_name": "351"}, {"line_id": "96-360-6-j24-1", "route_id": "6.TA.96-360-6-j24-1.1.H", "mode": "bus", "line_name": "351"}, {"line_id": "96-360-3-j24-1", "route_id": "96.TA.96-360-3-j24-1.7.R", "mode": "bus", "line_name": "344"}, {"line_id": "96-360-3-j24-1", "route_id": "73.TA.96-360-3-j24-1.6.R", "mode": "bus", "line_name": "344"}, {"line_id": "96-360-4-j24-1", "route_id": "22.TA.96-360-4-j24-1.4.R", "mode": "bus", "line_name": "346"}, {"line_id": "96-360-6-j24-1", "route_id": "41.TA.96-360-6-j24-1.4.R", "mode": "bus", "line_name": "351"}, {"line_id": "96-360-5-j24-1", "route_id": "101.TA.96-360-5-j24-1.3.R", "mode": "bus", "line_name": "345"}, {"line_id": "96-360-9-j24-1", "route_id": "48.TA.96-360-9-j24-1.7.R", "mode": "bus", "line_name": "341"}, {"line_id": "96-360-0-j24-1", "route_id": "55.TA.96-360-0-j24-1.15.H", "mode": "bus", "line_name": "312"}, {"line_id": "96-360-5-j24-1", "route_id": "28.TA.96-360-5-j24-1.1.H", "mode": "bus", "line_name": "345"}, {"line_id": "96-360-3-j24-1", "route_id": "66.TA.96-360-3-j24-1.3.R", "mode": "bus", "line_name": "344"}, {"line_id": "96-360-4-j24-1", "route_id": "15.TA.96-360-4-j24-1.2.R", "mode": "bus", "line_name": "346"}, {"line_id": "96-360-3-j24-1", "route_id": "93.TA.96-360-3-j24-1.4.R", "mode": "bus", "line_name": "344"}, {"line_id": "96-360-9-j24-1", "route_id": "23.TA.96-360-9-j24-1.5.R", "mode": "bus", "line_name": "341"}, {"line_id": "96-360-2-j24-1", "route_id": "77.TA.96-360-2-j24-1.8.R", "mode": "bus", "line_name": "343"}, {"line_id": "96-360-3-j24-1", "route_id": "11.TA.96-360-3-j24-1.1.H", "mode": "bus", "line_name": "344"}, {"line_id": "96-360-3-j24-1", "route_id": "38.TA.96-360-3-j24-1.2.H", "mode": "bus", "line_name": "344"}, {"line_id": "96-360-4-j24-1", "route_id": "1.TA.96-360-4-j24-1.1.H", "mode": "bus", "line_name": "346"}], "predominant_mode": "bus", "assigned_canton": "Obwalden", "modes_list": ["bus"]}, "geometry": {"type": "Point", "coordinates": [8.247379303962417, 46.89404114808161]}}, {"id": "23189", "type": "Feature", "properties": {"name": "Sarnen, B\u00fcnten", "lon": 8.251628325912428, "lat": 46.89979273794196, "stop_id": ["8511164.link:821149", "8511164.link:821150"], "lines": [{"line_id": "96-360-1-j24-1", "route_id": "15.TA.96-360-1-j24-1.7.H", "mode": "bus", "line_name": "342"}, {"line_id": "96-360-1-j24-1", "route_id": "34.TA.96-360-1-j24-1.8.R", "mode": "bus", "line_name": "342"}, {"line_id": "96-360-1-j24-1", "route_id": "42.TA.96-360-1-j24-1.9.R", "mode": "bus", "line_name": "342"}], "predominant_mode": "bus", "assigned_canton": "Obwalden", "modes_list": ["bus"]}, "geometry": {"type": "Point", "coordinates": [8.251628334155633, 46.89979274801673]}}, {"id": "23190", "type": "Feature", "properties": {"name": "Sarnen, Ei", "lon": 8.244998755870304, "lat": 46.89865719804588, "stop_id": ["8572904.link:1133011", "8572904.link:1133012"], "lines": [{"line_id": "96-360-3-j24-1", "route_id": "93.TA.96-360-3-j24-1.4.R", "mode": "bus", "line_name": "344"}, {"line_id": "96-360-3-j24-1", "route_id": "96.TA.96-360-3-j24-1.7.R", "mode": "bus", "line_name": "344"}, {"line_id": "96-360-3-j24-1", "route_id": "89.TA.96-360-3-j24-1.11.R", "mode": "bus", "line_name": "344"}, {"line_id": "96-360-4-j24-1", "route_id": "22.TA.96-360-4-j24-1.4.R", "mode": "bus", "line_name": "346"}, {"line_id": "96-360-3-j24-1", "route_id": "66.TA.96-360-3-j24-1.3.R", "mode": "bus", "line_name": "344"}, {"line_id": "96-360-4-j24-1", "route_id": "15.TA.96-360-4-j24-1.2.R", "mode": "bus", "line_name": "346"}, {"line_id": "96-360-3-j24-1", "route_id": "73.TA.96-360-3-j24-1.6.R", "mode": "bus", "line_name": "344"}, {"line_id": "96-360-3-j24-1", "route_id": "58.TA.96-360-3-j24-1.5.R", "mode": "bus", "line_name": "344"}, {"line_id": "96-360-3-j24-1", "route_id": "86.TA.96-360-3-j24-1.10.R", "mode": "bus", "line_name": "344"}, {"line_id": "96-360-3-j24-1", "route_id": "55.TA.96-360-3-j24-1.5.R", "mode": "bus", "line_name": "344"}, {"line_id": "96-360-3-j24-1", "route_id": "11.TA.96-360-3-j24-1.1.H", "mode": "bus", "line_name": "344"}, {"line_id": "96-360-3-j24-1", "route_id": "9.TA.96-360-3-j24-1.9.H", "mode": "bus", "line_name": "344"}, {"line_id": "96-360-3-j24-1", "route_id": "38.TA.96-360-3-j24-1.2.H", "mode": "bus", "line_name": "344"}, {"line_id": "96-360-4-j24-1", "route_id": "1.TA.96-360-4-j24-1.1.H", "mode": "bus", "line_name": "346"}], "predominant_mode": "bus", "assigned_canton": "Obwalden", "modes_list": ["bus"]}, "geometry": {"type": "Point", "coordinates": [8.24499876410711, 46.898657208122025]}}, {"id": "23191", "type": "Feature", "properties": {"name": "Sarnen, Feldstrasse", "lon": 8.252805115971702, "lat": 46.901584997923706, "stop_id": ["8511166.link:555806", "8511166.link:555807"], "lines": [{"line_id": "96-360-1-j24-1", "route_id": "15.TA.96-360-1-j24-1.7.H", "mode": "bus", "line_name": "342"}, {"line_id": "96-360-1-j24-1", "route_id": "34.TA.96-360-1-j24-1.8.R", "mode": "bus", "line_name": "342"}, {"line_id": "96-360-1-j24-1", "route_id": "42.TA.96-360-1-j24-1.9.R", "mode": "bus", "line_name": "342"}], "predominant_mode": "bus", "assigned_canton": "Obwalden", "modes_list": ["bus"]}, "geometry": {"type": "Point", "coordinates": [8.25280512421561, 46.90158500799884]}}, {"id": "23192", "type": "Feature", "properties": {"name": "Sarnen, Kantonsschule", "lon": 8.243139245676064, "lat": 46.89273359807435, "stop_id": ["8580012.link:540107", "8580012.link:540108"], "lines": [{"line_id": "96-360-5-j24-1", "route_id": "28.TA.96-360-5-j24-1.1.H", "mode": "bus", "line_name": "345"}, {"line_id": "96-360-5-j24-1", "route_id": "93.TA.96-360-5-j24-1.4.R", "mode": "bus", "line_name": "345"}, {"line_id": "96-360-5-j24-1", "route_id": "101.TA.96-360-5-j24-1.3.R", "mode": "bus", "line_name": "345"}, {"line_id": "96-360-5-j24-1", "route_id": "112.TA.96-360-5-j24-1.5.R", "mode": "bus", "line_name": "345"}, {"line_id": "96-360-5-j24-1", "route_id": "107.TA.96-360-5-j24-1.5.R", "mode": "bus", "line_name": "345"}], "predominant_mode": "bus", "assigned_canton": "Obwalden", "modes_list": ["bus"]}, "geometry": {"type": "Point", "coordinates": [8.243139253912608, 46.892733608148625]}}, {"id": "23193", "type": "Feature", "properties": {"name": "Sarnen, Kernserstrasse", "lon": 8.25227510580846, "lat": 46.89658247793144, "stop_id": ["8581466.link:211317", "8581466.link:211318"], "lines": [{"line_id": "96-360-0-j24-1", "route_id": "56.TA.96-360-0-j24-1.7.H", "mode": "bus", "line_name": "312"}, {"line_id": "96-360-1-j24-1", "route_id": "34.TA.96-360-1-j24-1.8.R", "mode": "bus", "line_name": "342"}, {"line_id": "96-360-9-j24-1", "route_id": "23.TA.96-360-9-j24-1.5.R", "mode": "bus", "line_name": "341"}, {"line_id": "96-360-9-j24-1", "route_id": "24.TA.96-360-9-j24-1.6.R", "mode": "bus", "line_name": "341"}, {"line_id": "96-360-0-j24-1", "route_id": "45.TA.96-360-0-j24-1.6.H", "mode": "bus", "line_name": "312"}, {"line_id": "96-360-0-j24-1", "route_id": "55.TA.96-360-0-j24-1.15.H", "mode": "bus", "line_name": "312"}, {"line_id": "96-360-1-j24-1", "route_id": "42.TA.96-360-1-j24-1.9.R", "mode": "bus", "line_name": "342"}, {"line_id": "96-360-2-j24-1", "route_id": "73.TA.96-360-2-j24-1.6.R", "mode": "bus", "line_name": "343"}, {"line_id": "96-360-2-j24-1", "route_id": "50.TA.96-360-2-j24-1.6.R", "mode": "bus", "line_name": "343"}, {"line_id": "96-360-9-j24-1", "route_id": "22.TA.96-360-9-j24-1.2.R", "mode": "bus", "line_name": "341"}, {"line_id": "96-360-9-j24-1", "route_id": "51.TA.96-360-9-j24-1.8.R", "mode": "bus", "line_name": "341"}, {"line_id": "96-360-9-j24-1", "route_id": "44.TA.96-360-9-j24-1.3.R", "mode": "bus", "line_name": "341"}, {"line_id": "96-360-9-j24-1", "route_id": "48.TA.96-360-9-j24-1.7.R", "mode": "bus", "line_name": "341"}, {"line_id": "96-360-2-j24-1", "route_id": "77.TA.96-360-2-j24-1.8.R", "mode": "bus", "line_name": "343"}, {"line_id": "96-360-2-j24-1", "route_id": "85.TA.96-360-2-j24-1.7.R", "mode": "bus", "line_name": "343"}, {"line_id": "96-360-1-j24-1", "route_id": "15.TA.96-360-1-j24-1.7.H", "mode": "bus", "line_name": "342"}, {"line_id": "96-360-0-j24-1", "route_id": "119.TA.96-360-0-j24-1.14.R", "mode": "bus", "line_name": "312"}, {"line_id": "96-360-9-j24-1", "route_id": "16.TA.96-360-9-j24-1.1.H", "mode": "bus", "line_name": "341"}, {"line_id": "96-360-2-j24-1", "route_id": "22.TA.96-360-2-j24-1.2.H", "mode": "bus", "line_name": "343"}, {"line_id": "96-360-9-j24-1", "route_id": "1.TA.96-360-9-j24-1.4.H", "mode": "bus", "line_name": "341"}, {"line_id": "96-360-0-j24-1", "route_id": "67.TA.96-360-0-j24-1.11.R", "mode": "bus", "line_name": "312"}, {"line_id": "96-360-0-j24-1", "route_id": "99.TA.96-360-0-j24-1.13.R", "mode": "bus", "line_name": "312"}, {"line_id": "96-360-0-j24-1", "route_id": "91.TA.96-360-0-j24-1.12.R", "mode": "bus", "line_name": "312"}, {"line_id": "96-360-2-j24-1", "route_id": "42.TA.96-360-2-j24-1.4.H", "mode": "bus", "line_name": "343"}, {"line_id": "96-360-2-j24-1", "route_id": "8.TA.96-360-2-j24-1.2.H", "mode": "bus", "line_name": "343"}], "predominant_mode": "bus", "assigned_canton": "Obwalden", "modes_list": ["bus"]}, "geometry": {"type": "Point", "coordinates": [8.252275114053196, 46.89658248800475]}}, {"id": "23194", "type": "Feature", "properties": {"name": "Sarnen, Kirchhofen", "lon": 8.238054775666667, "lat": 46.8925678481541, "stop_id": ["8572910.link:1906836", "8572910.link:1906837"], "lines": [{"line_id": "96-360-5-j24-1", "route_id": "28.TA.96-360-5-j24-1.1.H", "mode": "bus", "line_name": "345"}, {"line_id": "96-360-5-j24-1", "route_id": "93.TA.96-360-5-j24-1.4.R", "mode": "bus", "line_name": "345"}, {"line_id": "96-360-5-j24-1", "route_id": "101.TA.96-360-5-j24-1.3.R", "mode": "bus", "line_name": "345"}, {"line_id": "96-360-5-j24-1", "route_id": "112.TA.96-360-5-j24-1.5.R", "mode": "bus", "line_name": "345"}, {"line_id": "96-360-5-j24-1", "route_id": "107.TA.96-360-5-j24-1.5.R", "mode": "bus", "line_name": "345"}], "predominant_mode": "bus", "assigned_canton": "Obwalden", "modes_list": ["bus"]}, "geometry": {"type": "Point", "coordinates": [8.23805478389811, 46.89256785822971]}}, {"id": "23195", "type": "Feature", "properties": {"name": "Sarnen, Kreuzstrasse", "lon": 8.256425326332232, "lat": 46.91257047786823, "stop_id": ["8508669.link:804116", "8508669.link:804117"], "lines": [{"line_id": "96-360-1-j24-1", "route_id": "34.TA.96-360-1-j24-1.8.R", "mode": "bus", "line_name": "342"}, {"line_id": "96-360-1-j24-1", "route_id": "42.TA.96-360-1-j24-1.9.R", "mode": "bus", "line_name": "342"}, {"line_id": "96-360-1-j24-1", "route_id": "15.TA.96-360-1-j24-1.7.H", "mode": "bus", "line_name": "342"}], "predominant_mode": "bus", "assigned_canton": "Obwalden", "modes_list": ["bus"]}, "geometry": {"type": "Point", "coordinates": [8.256425334576774, 46.91257048794668]}}, {"id": "23196", "type": "Feature", "properties": {"name": "Sarnen, Ried", "lon": 8.25695533609783, "lat": 46.90535958785902, "stop_id": ["8511165.link:733162", "8511165.link:733163"], "lines": [{"line_id": "96-360-1-j24-1", "route_id": "15.TA.96-360-1-j24-1.7.H", "mode": "bus", "line_name": "342"}, {"line_id": "96-360-1-j24-1", "route_id": "34.TA.96-360-1-j24-1.8.R", "mode": "bus", "line_name": "342"}, {"line_id": "96-360-1-j24-1", "route_id": "42.TA.96-360-1-j24-1.9.R", "mode": "bus", "line_name": "342"}], "predominant_mode": "bus", "assigned_canton": "Obwalden", "modes_list": ["bus"]}, "geometry": {"type": "Point", "coordinates": [8.256955344344895, 46.90535959793453]}}, {"id": "23197", "type": "Feature", "properties": {"name": "Sarnen, Seefeld Park/Spital", "lon": 8.244846045568094, "lat": 46.88937557804712, "stop_id": ["8557023.link:1830442", "8557023.link:1830443"], "lines": [{"line_id": "96-360-6-j24-1", "route_id": "7.TA.96-360-6-j24-1.1.H", "mode": "bus", "line_name": "351"}, {"line_id": "96-360-6-j24-1", "route_id": "10.TA.96-360-6-j24-1.1.H", "mode": "bus", "line_name": "351"}, {"line_id": "96-360-6-j24-1", "route_id": "6.TA.96-360-6-j24-1.1.H", "mode": "bus", "line_name": "351"}, {"line_id": "96-360-6-j24-1", "route_id": "41.TA.96-360-6-j24-1.4.R", "mode": "bus", "line_name": "351"}, {"line_id": "96-360-6-j24-1", "route_id": "46.TA.96-360-6-j24-1.3.R", "mode": "bus", "line_name": "351"}, {"line_id": "96-360-6-j24-1", "route_id": "44.TA.96-360-6-j24-1.3.R", "mode": "bus", "line_name": "351"}, {"line_id": "96-360-6-j24-1", "route_id": "25.TA.96-360-6-j24-1.2.R", "mode": "bus", "line_name": "351"}], "predominant_mode": "bus", "assigned_canton": "Obwalden", "modes_list": ["bus"]}, "geometry": {"type": "Point", "coordinates": [8.244846053807285, 46.88937558811957]}}, {"id": "23198", "type": "Feature", "properties": {"name": "Sarnen, Sonnenberg", "lon": 8.238656645767229, "lat": 46.89564329814507, "stop_id": ["8508976.link:1533035", "8508976.link:1533036"], "lines": [{"line_id": "96-360-3-j24-1", "route_id": "93.TA.96-360-3-j24-1.4.R", "mode": "bus", "line_name": "344"}, {"line_id": "96-360-3-j24-1", "route_id": "96.TA.96-360-3-j24-1.7.R", "mode": "bus", "line_name": "344"}, {"line_id": "96-360-3-j24-1", "route_id": "89.TA.96-360-3-j24-1.11.R", "mode": "bus", "line_name": "344"}, {"line_id": "96-360-4-j24-1", "route_id": "22.TA.96-360-4-j24-1.4.R", "mode": "bus", "line_name": "346"}, {"line_id": "96-360-3-j24-1", "route_id": "66.TA.96-360-3-j24-1.3.R", "mode": "bus", "line_name": "344"}, {"line_id": "96-360-4-j24-1", "route_id": "15.TA.96-360-4-j24-1.2.R", "mode": "bus", "line_name": "346"}, {"line_id": "96-360-3-j24-1", "route_id": "73.TA.96-360-3-j24-1.6.R", "mode": "bus", "line_name": "344"}, {"line_id": "96-360-3-j24-1", "route_id": "58.TA.96-360-3-j24-1.5.R", "mode": "bus", "line_name": "344"}, {"line_id": "96-360-3-j24-1", "route_id": "86.TA.96-360-3-j24-1.10.R", "mode": "bus", "line_name": "344"}, {"line_id": "96-360-3-j24-1", "route_id": "55.TA.96-360-3-j24-1.5.R", "mode": "bus", "line_name": "344"}, {"line_id": "96-360-3-j24-1", "route_id": "11.TA.96-360-3-j24-1.1.H", "mode": "bus", "line_name": "344"}, {"line_id": "96-360-3-j24-1", "route_id": "9.TA.96-360-3-j24-1.9.H", "mode": "bus", "line_name": "344"}, {"line_id": "96-360-3-j24-1", "route_id": "38.TA.96-360-3-j24-1.2.H", "mode": "bus", "line_name": "344"}, {"line_id": "96-360-4-j24-1", "route_id": "1.TA.96-360-4-j24-1.1.H", "mode": "bus", "line_name": "346"}], "predominant_mode": "bus", "assigned_canton": "Obwalden", "modes_list": ["bus"]}, "geometry": {"type": "Point", "coordinates": [8.238656653998436, 46.89564330822172]}}, {"id": "25606", "type": "Feature", "properties": {"name": "St. Niklausen OW, Alpenblick", "lon": 8.280643905107523, "lat": 46.874363207483384, "stop_id": ["8572912.link:1848870", "8572912.link:1848871"], "lines": [{"line_id": "96-360-2-j24-1", "route_id": "22.TA.96-360-2-j24-1.2.H", "mode": "bus", "line_name": "343"}, {"line_id": "96-360-2-j24-1", "route_id": "42.TA.96-360-2-j24-1.4.H", "mode": "bus", "line_name": "343"}, {"line_id": "96-360-2-j24-1", "route_id": "8.TA.96-360-2-j24-1.2.H", "mode": "bus", "line_name": "343"}, {"line_id": "96-360-2-j24-1", "route_id": "77.TA.96-360-2-j24-1.8.R", "mode": "bus", "line_name": "343"}, {"line_id": "96-360-2-j24-1", "route_id": "73.TA.96-360-2-j24-1.6.R", "mode": "bus", "line_name": "343"}, {"line_id": "96-360-2-j24-1", "route_id": "50.TA.96-360-2-j24-1.6.R", "mode": "bus", "line_name": "343"}, {"line_id": "96-360-2-j24-1", "route_id": "85.TA.96-360-2-j24-1.7.R", "mode": "bus", "line_name": "343"}], "predominant_mode": "bus", "assigned_canton": "Obwalden", "modes_list": ["bus"]}, "geometry": {"type": "Point", "coordinates": [8.28064391338706, 46.87436321754011]}}, {"id": "25607", "type": "Feature", "properties": {"name": "St. Niklausen OW, Eistlibach", "lon": 8.296615954392982, "lat": 46.852005727229695, "stop_id": ["8572913.link:193402", "8572913.link:193403"], "lines": [{"line_id": "96-360-2-j24-1", "route_id": "22.TA.96-360-2-j24-1.2.H", "mode": "bus", "line_name": "343"}, {"line_id": "96-360-2-j24-1", "route_id": "42.TA.96-360-2-j24-1.4.H", "mode": "bus", "line_name": "343"}, {"line_id": "96-360-2-j24-1", "route_id": "8.TA.96-360-2-j24-1.2.H", "mode": "bus", "line_name": "343"}, {"line_id": "96-360-2-j24-1", "route_id": "77.TA.96-360-2-j24-1.8.R", "mode": "bus", "line_name": "343"}, {"line_id": "96-360-2-j24-1", "route_id": "73.TA.96-360-2-j24-1.6.R", "mode": "bus", "line_name": "343"}, {"line_id": "96-360-2-j24-1", "route_id": "50.TA.96-360-2-j24-1.6.R", "mode": "bus", "line_name": "343"}, {"line_id": "96-360-2-j24-1", "route_id": "85.TA.96-360-2-j24-1.7.R", "mode": "bus", "line_name": "343"}], "predominant_mode": "bus", "assigned_canton": "Obwalden", "modes_list": ["bus"]}, "geometry": {"type": "Point", "coordinates": [8.296615962694796, 46.85200573727315]}}, {"id": "25608", "type": "Feature", "properties": {"name": "St. Niklausen OW, Haueti", "lon": 8.277904045308912, "lat": 46.88062040752716, "stop_id": ["8581862.link:1774994", "8581862.link:1774995"], "lines": [{"line_id": "96-360-2-j24-1", "route_id": "22.TA.96-360-2-j24-1.2.H", "mode": "bus", "line_name": "343"}, {"line_id": "96-360-2-j24-1", "route_id": "42.TA.96-360-2-j24-1.4.H", "mode": "bus", "line_name": "343"}, {"line_id": "96-360-2-j24-1", "route_id": "8.TA.96-360-2-j24-1.2.H", "mode": "bus", "line_name": "343"}, {"line_id": "96-360-2-j24-1", "route_id": "77.TA.96-360-2-j24-1.8.R", "mode": "bus", "line_name": "343"}, {"line_id": "96-360-2-j24-1", "route_id": "73.TA.96-360-2-j24-1.6.R", "mode": "bus", "line_name": "343"}, {"line_id": "96-360-2-j24-1", "route_id": "50.TA.96-360-2-j24-1.6.R", "mode": "bus", "line_name": "343"}, {"line_id": "96-360-2-j24-1", "route_id": "85.TA.96-360-2-j24-1.7.R", "mode": "bus", "line_name": "343"}], "predominant_mode": "bus", "assigned_canton": "Obwalden", "modes_list": ["bus"]}, "geometry": {"type": "Point", "coordinates": [8.27790405358396, 46.88062041758713]}}, {"id": "25609", "type": "Feature", "properties": {"name": "St. Niklausen OW, alte Post", "lon": 8.280158815170646, "lat": 46.87631597749121, "stop_id": ["8508866.link:1033807", "8508866.link:1033808"], "lines": [{"line_id": "96-360-2-j24-1", "route_id": "22.TA.96-360-2-j24-1.2.H", "mode": "bus", "line_name": "343"}, {"line_id": "96-360-2-j24-1", "route_id": "42.TA.96-360-2-j24-1.4.H", "mode": "bus", "line_name": "343"}, {"line_id": "96-360-2-j24-1", "route_id": "8.TA.96-360-2-j24-1.2.H", "mode": "bus", "line_name": "343"}, {"line_id": "96-360-2-j24-1", "route_id": "77.TA.96-360-2-j24-1.8.R", "mode": "bus", "line_name": "343"}, {"line_id": "96-360-2-j24-1", "route_id": "73.TA.96-360-2-j24-1.6.R", "mode": "bus", "line_name": "343"}, {"line_id": "96-360-2-j24-1", "route_id": "50.TA.96-360-2-j24-1.6.R", "mode": "bus", "line_name": "343"}, {"line_id": "96-360-2-j24-1", "route_id": "85.TA.96-360-2-j24-1.7.R", "mode": "bus", "line_name": "343"}], "predominant_mode": "bus", "assigned_canton": "Obwalden", "modes_list": ["bus"]}, "geometry": {"type": "Point", "coordinates": [8.280158823449154, 46.876315987548864]}}, {"id": "25700", "type": "Feature", "properties": {"name": "Stalden (Sarnen), Br\u00fcnischwand", "lon": 8.218157095490994, "lat": 46.887650438465826, "stop_id": ["8572905.link:1577600", "8572905.link:1577601"], "lines": [{"line_id": "96-360-3-j24-1", "route_id": "93.TA.96-360-3-j24-1.4.R", "mode": "bus", "line_name": "344"}, {"line_id": "96-360-3-j24-1", "route_id": "96.TA.96-360-3-j24-1.7.R", "mode": "bus", "line_name": "344"}, {"line_id": "96-360-3-j24-1", "route_id": "89.TA.96-360-3-j24-1.11.R", "mode": "bus", "line_name": "344"}, {"line_id": "96-360-3-j24-1", "route_id": "66.TA.96-360-3-j24-1.3.R", "mode": "bus", "line_name": "344"}, {"line_id": "96-360-3-j24-1", "route_id": "73.TA.96-360-3-j24-1.6.R", "mode": "bus", "line_name": "344"}, {"line_id": "96-360-3-j24-1", "route_id": "58.TA.96-360-3-j24-1.5.R", "mode": "bus", "line_name": "344"}, {"line_id": "96-360-3-j24-1", "route_id": "86.TA.96-360-3-j24-1.10.R", "mode": "bus", "line_name": "344"}, {"line_id": "96-360-3-j24-1", "route_id": "55.TA.96-360-3-j24-1.5.R", "mode": "bus", "line_name": "344"}, {"line_id": "96-360-3-j24-1", "route_id": "11.TA.96-360-3-j24-1.1.H", "mode": "bus", "line_name": "344"}, {"line_id": "96-360-3-j24-1", "route_id": "9.TA.96-360-3-j24-1.9.H", "mode": "bus", "line_name": "344"}, {"line_id": "96-360-3-j24-1", "route_id": "38.TA.96-360-3-j24-1.2.H", "mode": "bus", "line_name": "344"}], "predominant_mode": "bus", "assigned_canton": "Obwalden", "modes_list": ["bus"]}, "geometry": {"type": "Point", "coordinates": [8.218157103703595, 46.88765044854486]}}, {"id": "25701", "type": "Feature", "properties": {"name": "Stalden (Sarnen), Geren", "lon": 8.224624965610957, "lat": 46.891180458364744, "stop_id": ["8508856.link:719513", "8508856.link:719514"], "lines": [{"line_id": "96-360-3-j24-1", "route_id": "93.TA.96-360-3-j24-1.4.R", "mode": "bus", "line_name": "344"}, {"line_id": "96-360-3-j24-1", "route_id": "96.TA.96-360-3-j24-1.7.R", "mode": "bus", "line_name": "344"}, {"line_id": "96-360-3-j24-1", "route_id": "89.TA.96-360-3-j24-1.11.R", "mode": "bus", "line_name": "344"}, {"line_id": "96-360-3-j24-1", "route_id": "66.TA.96-360-3-j24-1.3.R", "mode": "bus", "line_name": "344"}, {"line_id": "96-360-3-j24-1", "route_id": "73.TA.96-360-3-j24-1.6.R", "mode": "bus", "line_name": "344"}, {"line_id": "96-360-3-j24-1", "route_id": "58.TA.96-360-3-j24-1.5.R", "mode": "bus", "line_name": "344"}, {"line_id": "96-360-3-j24-1", "route_id": "86.TA.96-360-3-j24-1.10.R", "mode": "bus", "line_name": "344"}, {"line_id": "96-360-3-j24-1", "route_id": "55.TA.96-360-3-j24-1.5.R", "mode": "bus", "line_name": "344"}, {"line_id": "96-360-3-j24-1", "route_id": "11.TA.96-360-3-j24-1.1.H", "mode": "bus", "line_name": "344"}, {"line_id": "96-360-3-j24-1", "route_id": "9.TA.96-360-3-j24-1.9.H", "mode": "bus", "line_name": "344"}, {"line_id": "96-360-3-j24-1", "route_id": "38.TA.96-360-3-j24-1.2.H", "mode": "bus", "line_name": "344"}], "predominant_mode": "bus", "assigned_canton": "Obwalden", "modes_list": ["bus"]}, "geometry": {"type": "Point", "coordinates": [8.224624973829162, 46.89118046844345]}}, {"id": "25702", "type": "Feature", "properties": {"name": "Stalden (Sarnen), Post", "lon": 8.211356845447616, "lat": 46.8864839485724, "stop_id": ["8508790.link:1577590", "8508790.link:1577591"], "lines": [{"line_id": "96-360-3-j24-1", "route_id": "93.TA.96-360-3-j24-1.4.R", "mode": "bus", "line_name": "344"}, {"line_id": "96-360-3-j24-1", "route_id": "96.TA.96-360-3-j24-1.7.R", "mode": "bus", "line_name": "344"}, {"line_id": "96-360-3-j24-1", "route_id": "89.TA.96-360-3-j24-1.11.R", "mode": "bus", "line_name": "344"}, {"line_id": "96-360-3-j24-1", "route_id": "66.TA.96-360-3-j24-1.3.R", "mode": "bus", "line_name": "344"}, {"line_id": "96-360-3-j24-1", "route_id": "73.TA.96-360-3-j24-1.6.R", "mode": "bus", "line_name": "344"}, {"line_id": "96-360-3-j24-1", "route_id": "58.TA.96-360-3-j24-1.5.R", "mode": "bus", "line_name": "344"}, {"line_id": "96-360-3-j24-1", "route_id": "86.TA.96-360-3-j24-1.10.R", "mode": "bus", "line_name": "344"}, {"line_id": "96-360-3-j24-1", "route_id": "55.TA.96-360-3-j24-1.5.R", "mode": "bus", "line_name": "344"}, {"line_id": "96-360-3-j24-1", "route_id": "11.TA.96-360-3-j24-1.1.H", "mode": "bus", "line_name": "344"}, {"line_id": "96-360-3-j24-1", "route_id": "9.TA.96-360-3-j24-1.9.H", "mode": "bus", "line_name": "344"}, {"line_id": "96-360-3-j24-1", "route_id": "38.TA.96-360-3-j24-1.2.H", "mode": "bus", "line_name": "344"}], "predominant_mode": "bus", "assigned_canton": "Obwalden", "modes_list": ["bus"]}, "geometry": {"type": "Point", "coordinates": [8.211356853653635, 46.88648395865286]}}, {"id": "25703", "type": "Feature", "properties": {"name": "Stalden (Sarnen), Sportplatz", "lon": 8.206452045390993, "lat": 46.884863098649134, "stop_id": ["8579959.link:1533043", "8579959.link:1533044"], "lines": [{"line_id": "96-360-3-j24-1", "route_id": "93.TA.96-360-3-j24-1.4.R", "mode": "bus", "line_name": "344"}, {"line_id": "96-360-3-j24-1", "route_id": "96.TA.96-360-3-j24-1.7.R", "mode": "bus", "line_name": "344"}, {"line_id": "96-360-3-j24-1", "route_id": "89.TA.96-360-3-j24-1.11.R", "mode": "bus", "line_name": "344"}, {"line_id": "96-360-3-j24-1", "route_id": "66.TA.96-360-3-j24-1.3.R", "mode": "bus", "line_name": "344"}, {"line_id": "96-360-3-j24-1", "route_id": "73.TA.96-360-3-j24-1.6.R", "mode": "bus", "line_name": "344"}, {"line_id": "96-360-3-j24-1", "route_id": "58.TA.96-360-3-j24-1.5.R", "mode": "bus", "line_name": "344"}, {"line_id": "96-360-3-j24-1", "route_id": "86.TA.96-360-3-j24-1.10.R", "mode": "bus", "line_name": "344"}, {"line_id": "96-360-3-j24-1", "route_id": "55.TA.96-360-3-j24-1.5.R", "mode": "bus", "line_name": "344"}, {"line_id": "96-360-3-j24-1", "route_id": "11.TA.96-360-3-j24-1.1.H", "mode": "bus", "line_name": "344"}, {"line_id": "96-360-3-j24-1", "route_id": "9.TA.96-360-3-j24-1.9.H", "mode": "bus", "line_name": "344"}, {"line_id": "96-360-3-j24-1", "route_id": "38.TA.96-360-3-j24-1.2.H", "mode": "bus", "line_name": "344"}], "predominant_mode": "bus", "assigned_canton": "Obwalden", "modes_list": ["bus"]}, "geometry": {"type": "Point", "coordinates": [8.206452053592466, 46.88486310873025]}}, {"id": "25704", "type": "Feature", "properties": {"name": "Stalden OW, Abzw. Stockenmatt", "lon": 8.16581226516256, "lat": 46.8788458692862, "stop_id": ["8577654.link:77688", "8577654.link:77689"], "lines": [{"line_id": "96-360-3-j24-1", "route_id": "96.TA.96-360-3-j24-1.7.R", "mode": "bus", "line_name": "344"}, {"line_id": "96-360-3-j24-1", "route_id": "93.TA.96-360-3-j24-1.4.R", "mode": "bus", "line_name": "344"}, {"line_id": "96-360-3-j24-1", "route_id": "89.TA.96-360-3-j24-1.11.R", "mode": "bus", "line_name": "344"}, {"line_id": "96-360-3-j24-1", "route_id": "38.TA.96-360-3-j24-1.2.H", "mode": "bus", "line_name": "344"}], "predominant_mode": "bus", "assigned_canton": "Obwalden", "modes_list": ["bus"]}, "geometry": {"type": "Point", "coordinates": [8.165812273324319, 46.87884587937594]}}, {"id": "26124", "type": "Feature", "properties": {"name": "St\u00f6ckalp", "lon": 8.279233552769886, "lat": 46.80242368749545, "stop_id": ["8508854.link:1583111", "8508854.link:1583112"], "lines": [{"line_id": "96-360-2-j24-1", "route_id": "42.TA.96-360-2-j24-1.4.H", "mode": "bus", "line_name": "343"}, {"line_id": "96-360-2-j24-1", "route_id": "85.TA.96-360-2-j24-1.7.R", "mode": "bus", "line_name": "343"}], "predominant_mode": "bus", "assigned_canton": "Obwalden", "modes_list": ["bus"]}, "geometry": {"type": "Point", "coordinates": [8.279233561067624, 46.802423697523594]}}, {"id": "26897", "type": "Feature", "properties": {"name": "Titlis", "lon": 8.422919081848619, "lat": 46.77068489523505, "stop_id": ["8508493.link:pt_8508493"], "lines": [{"line_id": "93-253-5-j24-1", "route_id": "140.TA.93-253-5-j24-1.1.H", "mode": "cable car", "line_name": "2535"}, {"line_id": "93-253-5-j24-1", "route_id": "824.TA.93-253-5-j24-1.2.R", "mode": "cable car", "line_name": "2535"}], "predominant_mode": "cable car", "assigned_canton": "Obwalden", "modes_list": ["cable car"]}, "geometry": {"type": "Point", "coordinates": [8.422919090300029, 46.770684905210665]}}, {"id": "27294", "type": "Feature", "properties": {"name": "Turren", "lon": 8.129834732222626, "lat": 46.789238369838046, "stop_id": ["8508367.link:pt_8508367"], "lines": [{"line_id": "93-67-Y-j24-1", "route_id": "47.TA.93-67-Y-j24-1.1.H", "mode": "cable car", "line_name": "PB"}, {"line_id": "93-67-Y-j24-1", "route_id": "117.TA.93-67-Y-j24-1.2.R", "mode": "cable car", "line_name": "PB"}], "predominant_mode": "cable car", "assigned_canton": "Obwalden", "modes_list": ["cable car"]}, "geometry": {"type": "Point", "coordinates": [8.129834740371576, 46.78923837990113]}}, {"id": "29951", "type": "Feature", "properties": {"name": "Wilen (Sarnen), Badmatt", "lon": 8.217600135120986, "lat": 46.87629140847308, "stop_id": ["8508977.link:1969401", "8508977.link:1969402"], "lines": [{"line_id": "96-360-5-j24-1", "route_id": "28.TA.96-360-5-j24-1.1.H", "mode": "bus", "line_name": "345"}, {"line_id": "96-360-5-j24-1", "route_id": "93.TA.96-360-5-j24-1.4.R", "mode": "bus", "line_name": "345"}, {"line_id": "96-360-5-j24-1", "route_id": "101.TA.96-360-5-j24-1.3.R", "mode": "bus", "line_name": "345"}, {"line_id": "96-360-5-j24-1", "route_id": "112.TA.96-360-5-j24-1.5.R", "mode": "bus", "line_name": "345"}, {"line_id": "96-360-5-j24-1", "route_id": "107.TA.96-360-5-j24-1.5.R", "mode": "bus", "line_name": "345"}], "predominant_mode": "bus", "assigned_canton": "Obwalden", "modes_list": ["bus"]}, "geometry": {"type": "Point", "coordinates": [8.217600143336119, 46.87629141854778]}}, {"id": "29952", "type": "Feature", "properties": {"name": "Wilen (Sarnen), Bodenmattli", "lon": 8.22692465535605, "lat": 46.8832913183277, "stop_id": ["8579960.link:36961", "8579960.link:36962"], "lines": [{"line_id": "96-360-5-j24-1", "route_id": "28.TA.96-360-5-j24-1.1.H", "mode": "bus", "line_name": "345"}, {"line_id": "96-360-5-j24-1", "route_id": "93.TA.96-360-5-j24-1.4.R", "mode": "bus", "line_name": "345"}, {"line_id": "96-360-5-j24-1", "route_id": "101.TA.96-360-5-j24-1.3.R", "mode": "bus", "line_name": "345"}, {"line_id": "96-360-5-j24-1", "route_id": "112.TA.96-360-5-j24-1.5.R", "mode": "bus", "line_name": "345"}, {"line_id": "96-360-5-j24-1", "route_id": "107.TA.96-360-5-j24-1.5.R", "mode": "bus", "line_name": "345"}], "predominant_mode": "bus", "assigned_canton": "Obwalden", "modes_list": ["bus"]}, "geometry": {"type": "Point", "coordinates": [8.226924663578737, 46.88329132840266]}}, {"id": "29953", "type": "Feature", "properties": {"name": "Wilen (Sarnen), Dorf", "lon": 8.224319535274498, "lat": 46.880847588368205, "stop_id": ["8508851.link:36967", "8508851.link:36968"], "lines": [{"line_id": "96-360-5-j24-1", "route_id": "28.TA.96-360-5-j24-1.1.H", "mode": "bus", "line_name": "345"}, {"line_id": "96-360-5-j24-1", "route_id": "112.TA.96-360-5-j24-1.5.R", "mode": "bus", "line_name": "345"}, {"line_id": "96-359-7-j24-1", "route_id": "1.TA.96-359-7-j24-1.1.H", "mode": "bus", "line_name": "N55"}, {"line_id": "96-360-5-j24-1", "route_id": "93.TA.96-360-5-j24-1.4.R", "mode": "bus", "line_name": "345"}, {"line_id": "96-360-5-j24-1", "route_id": "107.TA.96-360-5-j24-1.5.R", "mode": "bus", "line_name": "345"}, {"line_id": "96-359-7-j24-1", "route_id": "2.TA.96-359-7-j24-1.2.H", "mode": "bus", "line_name": "N55"}, {"line_id": "96-360-5-j24-1", "route_id": "101.TA.96-360-5-j24-1.3.R", "mode": "bus", "line_name": "345"}], "predominant_mode": "bus", "assigned_canton": "Obwalden", "modes_list": ["bus"]}, "geometry": {"type": "Point", "coordinates": [8.224319543495211, 46.88084759844291]}}, {"id": "29954", "type": "Feature", "properties": {"name": "Wilen (Sarnen), Kurhaus am See", "lon": 8.23286251553493, "lat": 46.88864500823517, "stop_id": ["8508972.link:1948894", "8508972.link:1948895"], "lines": [{"line_id": "96-360-5-j24-1", "route_id": "28.TA.96-360-5-j24-1.1.H", "mode": "bus", "line_name": "345"}, {"line_id": "96-360-5-j24-1", "route_id": "93.TA.96-360-5-j24-1.4.R", "mode": "bus", "line_name": "345"}, {"line_id": "96-360-5-j24-1", "route_id": "101.TA.96-360-5-j24-1.3.R", "mode": "bus", "line_name": "345"}, {"line_id": "96-360-5-j24-1", "route_id": "112.TA.96-360-5-j24-1.5.R", "mode": "bus", "line_name": "345"}, {"line_id": "96-360-5-j24-1", "route_id": "107.TA.96-360-5-j24-1.5.R", "mode": "bus", "line_name": "345"}], "predominant_mode": "bus", "assigned_canton": "Obwalden", "modes_list": ["bus"]}, "geometry": {"type": "Point", "coordinates": [8.232862523762181, 46.888645018310655]}}, {"id": "29955", "type": "Feature", "properties": {"name": "Wilen (Sarnen), Wilerbad", "lon": 8.220286105157465, "lat": 46.87734759843106, "stop_id": ["8508853.link:1969395", "8508853.link:1969396"], "lines": [{"line_id": "96-360-5-j24-1", "route_id": "28.TA.96-360-5-j24-1.1.H", "mode": "bus", "line_name": "345"}, {"line_id": "96-360-5-j24-1", "route_id": "93.TA.96-360-5-j24-1.4.R", "mode": "bus", "line_name": "345"}, {"line_id": "96-360-5-j24-1", "route_id": "101.TA.96-360-5-j24-1.3.R", "mode": "bus", "line_name": "345"}, {"line_id": "96-360-5-j24-1", "route_id": "112.TA.96-360-5-j24-1.5.R", "mode": "bus", "line_name": "345"}, {"line_id": "96-360-5-j24-1", "route_id": "107.TA.96-360-5-j24-1.5.R", "mode": "bus", "line_name": "345"}], "predominant_mode": "bus", "assigned_canton": "Obwalden", "modes_list": ["bus"]}, "geometry": {"type": "Point", "coordinates": [8.22028611337504, 46.87734760850545]}}, {"id": "29956", "type": "Feature", "properties": {"name": "Wilen Waldheim", "lon": 8.22148086510367, "lat": 46.8756650584121, "stop_id": ["8530815.link:pt_8530815"], "lines": [{"line_id": "94-D-Y-j24-1", "route_id": "4.TA.94-D-Y-j24-1.2.H", "mode": "ferry", "line_name": "BAT"}, {"line_id": "94-D-Y-j24-1", "route_id": "1.TA.94-D-Y-j24-1.1.H", "mode": "ferry", "line_name": "BAT"}], "predominant_mode": "ferry", "assigned_canton": "Obwalden", "modes_list": ["ferry"]}, "geometry": {"type": "Point", "coordinates": [8.221480873322912, 46.875665068485525]}}]}