{
    "Zurich": {
        "Synthetic": {
            "Verbund": 0.15937527152663133,
            "Halbtax": 0.31223390390129463,
            "Strecke": 0.03175775480059084,
            "Gleis7": 0.005517421148666261,
            "Junior": 0.07641845512207837,
            "Other": 0.012707446346337649,
            "Ga": 0.09234077678338691
        },
        "Microcensus": {
            "Verbund": 0.22646596946900271,
            "Halbtax": 0.4103153200682861,
            "Strecke": 0.029291890794301268,
            "Gleis7": 0.005747460448134461,
            "Junior": 0.08121754986840965,
            "Other": 0.012932483825405367,
            "Ga": 0.10693273592703546
        }
    },
    "Basel-Stadt": {
        "Synthetic": {
            "Verbund": 0.24534108394597368,
            "Halbtax": 0.34245170114549495,
            "Strecke": 0.03573260386390836,
            "Gleis7": 0.004787143101384852,
            "Junior": 0.07334587108907506,
            "Other": 0.014019490511198496,
            "Ga": 0.11865276115575311
        },
        "Microcensus": {
            "Verbund": 0.35397494969825444,
            "Halbtax": 0.35708842622128023,
            "Strecke": 0.027887413362435838,
            "Gleis7": 0.008053428009593012,
            "Junior": 0.08199527480479518,
            "Other": 0.03262495988659865,
            "Ga": 0.11267414978008311
        }
    },
    "St. Gallen": {
        "Synthetic": {
            "Verbund": 0.1269233266246835,
            "Halbtax": 0.3005258715834578,
            "Strecke": 0.031487372589755244,
            "Gleis7": 0.005778095176264364,
            "Junior": 0.07511523729143674,
            "Other": 0.01123157826397455,
            "Ga": 0.07959488411348438
        },
        "Microcensus": {
            "Verbund": 0.10955929408078167,
            "Halbtax": 0.3376915657422349,
            "Strecke": 0.035809082619014596,
            "Gleis7": 0.005909758151993459,
            "Junior": 0.07923221373396845,
            "Other": 0.006993799517821695,
            "Ga": 0.05427581329431597
        }
    },
    "Bern": {
        "Synthetic": {
            "Verbund": 0.13285382531286286,
            "Halbtax": 0.3109276222422913,
            "Strecke": 0.030415430267062313,
            "Gleis7": 0.005160624435556703,
            "Junior": 0.07505483163462778,
            "Other": 0.012804799380725068,
            "Ga": 0.08218294413624049
        },
        "Microcensus": {
            "Verbund": 0.11434603959121763,
            "Halbtax": 0.3891536209592469,
            "Strecke": 0.03172317298665498,
            "Gleis7": 0.00708728238751805,
            "Junior": 0.08647835718598733,
            "Other": 0.013259093885997126,
            "Ga": 0.15170540955521353
        }
    },
    "Fribourg": {
        "Synthetic": {
            "Verbund": 0.10610299450834111,
            "Halbtax": 0.28297585742410114,
            "Strecke": 0.02507512174904155,
            "Gleis7": 0.006216972334473112,
            "Junior": 0.07418920319137913,
            "Other": 0.01222671225779712,
            "Ga": 0.07076986840741892
        },
        "Microcensus": {
            "Verbund": 0.10015409142674729,
            "Halbtax": 0.220748786743409,
            "Strecke": 0.03460947483162852,
            "Gleis7": 0.010125262442667714,
            "Junior": 0.05754614785888686,
            "Other": 0.008647714473802557,
            "Ga": 0.08032891516329431
        }
    },
    "Vaud": {
        "Synthetic": {
            "Verbund": 0.14640671233431965,
            "Halbtax": 0.2922459567913745,
            "Strecke": 0.0321024684852661,
            "Gleis7": 0.0060800129706943375,
            "Junior": 0.07381135746422926,
            "Other": 0.01309229459689514,
            "Ga": 0.0780673665437153
        },
        "Microcensus": {
            "Verbund": 0.14989064209974748,
            "Halbtax": 0.25577559193444577,
            "Strecke": 0.03692982647904531,
            "Gleis7": 0.006415325941327828,
            "Junior": 0.05717201188367822,
            "Other": 0.012977532957307643,
            "Ga": 0.07802900114760589
        }
    },
    "Ticino": {
        "Synthetic": {
            "Verbund": 0.11959614502065168,
            "Halbtax": 0.313079394217531,
            "Strecke": 0.029646626893070217,
            "Gleis7": 0.004313905461220744,
            "Junior": 0.06681964203763194,
            "Other": 0.011564938044974759,
            "Ga": 0.07122533272143185
        },
        "Microcensus": {
            "Verbund": 0.13283449527427604,
            "Halbtax": 0.12623966875975046,
            "Strecke": 0.01684020856766441,
            "Gleis7": 0.005230458726547193,
            "Junior": 0.02452818511128879,
            "Other": 0.012521800437788838,
            "Ga": 0.021812493279975673
        }
    },
    "Aargau": {
        "Synthetic": {
            "Verbund": 0.12142542894852618,
            "Halbtax": 0.3028792100503495,
            "Strecke": 0.026885662609375763,
            "Gleis7": 0.005719313682358117,
            "Junior": 0.06916947744048492,
            "Other": 0.011585276433494647,
            "Ga": 0.07787065552133744
        },
        "Microcensus": {
            "Verbund": 0.0921918219684168,
            "Halbtax": 0.32522101286066263,
            "Strecke": 0.03659883068994267,
            "Gleis7": 0.006424181102638504,
            "Junior": 0.07409530317538691,
            "Other": 0.008724856299215761,
            "Ga": 0.09914586723025501
        }
    },
    "Geneve": {
        "Synthetic": {
            "Verbund": 0.20717418341297375,
            "Halbtax": 0.29024023041173,
            "Strecke": 0.03318714407278916,
            "Gleis7": 0.007003992930549191,
            "Junior": 0.09196831838711789,
            "Other": 0.01603718007462198,
            "Ga": 0.0889572560057603
        },
        "Microcensus": {
            "Verbund": 0.2830656945383802,
            "Halbtax": 0.18837550400436315,
            "Strecke": 0.02746022854569479,
            "Gleis7": 0.005335475356079272,
            "Junior": 0.050351438753320175,
            "Other": 0.033230884287964675,
            "Ga": 0.05691468616891289
        }
    },
    "Solothurn": {
        "Synthetic": {
            "Verbund": 0.1096665462862646,
            "Halbtax": 0.2945708438666185,
            "Strecke": 0.031058143734200072,
            "Gleis7": 0.004092933670398459,
            "Junior": 0.07210786084025521,
            "Other": 0.009510051763572891,
            "Ga": 0.07090405681954978
        },
        "Microcensus": {
            "Verbund": 0.07288386849269128,
            "Halbtax": 0.31106959683388774,
            "Strecke": 0.02336855605358635,
            "Gleis7": 0.007080898298509136,
            "Junior": 0.08040824374928503,
            "Other": 0.011548509382584296,
            "Ga": 0.11599351676043596
        }
    },
    "Jura": {
        "Synthetic": {
            "Verbund": 0.1050207277752188,
            "Halbtax": 0.28512206356517733,
            "Strecke": 0.032243205895900504,
            "Gleis7": 0.004606172270842929,
            "Junior": 0.06402579456471671,
            "Other": 0.010133578995854445,
            "Ga": 0.06448641179180101
        },
        "Microcensus": {
            "Verbund": 0.05729563158280164,
            "Halbtax": 0.20094607166567113,
            "Strecke": 0.026756221045402834,
            "Gleis7": 0.008021418194425681,
            "Junior": 0.04545268830006568,
            "Other": 0.0053703695445619015,
            "Ga": 0.059627335023745454
        }
    },
    "Valais": {
        "Synthetic": {
            "Verbund": 0.09485219633483746,
            "Halbtax": 0.27939957638824936,
            "Strecke": 0.0322313288516438,
            "Gleis7": 0.0050649231052583114,
            "Junior": 0.07348742978174785,
            "Other": 0.010682383276544801,
            "Ga": 0.0695275808085459
        },