{"type": "FeatureCollection", "features": [{"id": "598", "type": "Feature", "properties": {"name": "Alpthal, Eigen", "lon": 8.721833502351245, "lat": 47.087059570575164, "stop_id": ["8503724.link:216187", "8503724.link:216188"], "lines": [{"line_id": "96-244-1-j24-1", "route_id": "14.TA.96-244-1-j24-1.3.H", "mode": "bus", "line_name": "554"}, {"line_id": "96-244-1-j24-1", "route_id": "22.TA.96-244-1-j24-1.4.H", "mode": "bus", "line_name": "554"}, {"line_id": "96-244-1-j24-1", "route_id": "29.TA.96-244-1-j24-1.5.R", "mode": "bus", "line_name": "554"}, {"line_id": "96-244-1-j24-1", "route_id": "45.TA.96-244-1-j24-1.6.R", "mode": "bus", "line_name": "554"}], "predominant_mode": "bus", "assigned_canton": "Schwyz", "modes_list": ["bus"]}, "geometry": {"type": "Point", "coordinates": [8.72183351100636, 47.08705958058789]}}, {"id": "599", "type": "Feature", "properties": {"name": "Alpthal, Gribsch", "lon": 8.722534182220043, "lat": 47.08304087056388, "stop_id": ["8573760.link:216259", "8573760.link:216260"], "lines": [{"line_id": "96-244-1-j24-1", "route_id": "14.TA.96-244-1-j24-1.3.H", "mode": "bus", "line_name": "554"}, {"line_id": "96-244-1-j24-1", "route_id": "22.TA.96-244-1-j24-1.4.H", "mode": "bus", "line_name": "554"}, {"line_id": "96-244-1-j24-1", "route_id": "29.TA.96-244-1-j24-1.5.R", "mode": "bus", "line_name": "554"}, {"line_id": "96-244-1-j24-1", "route_id": "45.TA.96-244-1-j24-1.6.R", "mode": "bus", "line_name": "554"}], "predominant_mode": "bus", "assigned_canton": "Schwyz", "modes_list": ["bus"]}, "geometry": {"type": "Point", "coordinates": [8.722534190877061, 47.083040880574906]}}, {"id": "600", "type": "Feature", "properties": {"name": "Alpthal, Grund", "lon": 8.722677912088338, "lat": 47.079015760561354, "stop_id": ["8573761.link:216249", "8573761.link:216250"], "lines": [{"line_id": "96-244-1-j24-1", "route_id": "14.TA.96-244-1-j24-1.3.H", "mode": "bus", "line_name": "554"}, {"line_id": "96-244-1-j24-1", "route_id": "22.TA.96-244-1-j24-1.4.H", "mode": "bus", "line_name": "554"}, {"line_id": "96-244-1-j24-1", "route_id": "29.TA.96-244-1-j24-1.5.R", "mode": "bus", "line_name": "554"}, {"line_id": "96-244-1-j24-1", "route_id": "45.TA.96-244-1-j24-1.6.R", "mode": "bus", "line_name": "554"}], "predominant_mode": "bus", "assigned_canton": "Schwyz", "modes_list": ["bus"]}, "geometry": {"type": "Point", "coordinates": [8.72267792074671, 47.07901577057092]}}, {"id": "601", "type": "Feature", "properties": {"name": "Alpthal, Kirche", "lon": 8.715644101814942, "lat": 47.07079330067135, "stop_id": ["8503861.link:1626451", "8503861.link:1626452"], "lines": [{"line_id": "96-244-1-j24-1", "route_id": "14.TA.96-244-1-j24-1.3.H", "mode": "bus", "line_name": "554"}, {"line_id": "96-244-1-j24-1", "route_id": "22.TA.96-244-1-j24-1.4.H", "mode": "bus", "line_name": "554"}, {"line_id": "96-244-1-j24-1", "route_id": "29.TA.96-244-1-j24-1.5.R", "mode": "bus", "line_name": "554"}, {"line_id": "96-244-1-j24-1", "route_id": "45.TA.96-244-1-j24-1.6.R", "mode": "bus", "line_name": "554"}], "predominant_mode": "bus", "assigned_canton": "Schwyz", "modes_list": ["bus"]}, "geometry": {"type": "Point", "coordinates": [8.715644110468972, 47.07079331067994]}}, {"id": "602", "type": "Feature", "properties": {"name": "Alpthal, Malosen", "lon": 8.712814411545095, "lat": 47.062600170715235, "stop_id": ["8503725.link:753803", "8503725.link:753804"], "lines": [{"line_id": "96-244-1-j24-1", "route_id": "14.TA.96-244-1-j24-1.3.H", "mode": "bus", "line_name": "554"}, {"line_id": "96-244-1-j24-1", "route_id": "22.TA.96-244-1-j24-1.4.H", "mode": "bus", "line_name": "554"}, {"line_id": "96-244-1-j24-1", "route_id": "29.TA.96-244-1-j24-1.5.R", "mode": "bus", "line_name": "554"}, {"line_id": "96-244-1-j24-1", "route_id": "45.TA.96-244-1-j24-1.6.R", "mode": "bus", "line_name": "554"}], "predominant_mode": "bus", "assigned_canton": "Schwyz", "modes_list": ["bus"]}, "geometry": {"type": "Point", "coordinates": [8.712814420198841, 47.06260018072169]}}, {"id": "603", "type": "Feature", "properties": {"name": "Alpthal, R\u00fctli", "lon": 8.714188831635802, "lat": 47.06534767069384, "stop_id": ["8580431.link:1626465", "8580431.link:1626466"], "lines": [{"line_id": "96-244-1-j24-1", "route_id": "14.TA.96-244-1-j24-1.3.H", "mode": "bus", "line_name": "554"}, {"line_id": "96-244-1-j24-1", "route_id": "22.TA.96-244-1-j24-1.4.H", "mode": "bus", "line_name": "554"}, {"line_id": "96-244-1-j24-1", "route_id": "29.TA.96-244-1-j24-1.5.R", "mode": "bus", "line_name": "554"}, {"line_id": "96-244-1-j24-1", "route_id": "45.TA.96-244-1-j24-1.6.R", "mode": "bus", "line_name": "554"}], "predominant_mode": "bus", "assigned_canton": "Schwyz", "modes_list": ["bus"]}, "geometry": {"type": "Point", "coordinates": [8.714188840290062, 47.06534768070092]}}, {"id": "604", "type": "Feature", "properties": {"name": "Alpthal, Schn\u00fcerlismatt", "lon": 8.719452961925365, "lat": 47.07409712061171, "stop_id": ["8573762.link:565848", "8573762.link:565849"], "lines": [{"line_id": "96-244-1-j24-1", "route_id": "14.TA.96-244-1-j24-1.3.H", "mode": "bus", "line_name": "554"}, {"line_id": "96-244-1-j24-1", "route_id": "22.TA.96-244-1-j24-1.4.H", "mode": "bus", "line_name": "554"}, {"line_id": "96-244-1-j24-1", "route_id": "29.TA.96-244-1-j24-1.5.R", "mode": "bus", "line_name": "554"}, {"line_id": "96-244-1-j24-1", "route_id": "45.TA.96-244-1-j24-1.6.R", "mode": "bus", "line_name": "554"}], "predominant_mode": "bus", "assigned_canton": "Schwyz", "modes_list": ["bus"]}, "geometry": {"type": "Point", "coordinates": [8.71945297058209, 47.074097130620366]}}, {"id": "605", "type": "Feature", "properties": {"name": "Alpthal, Stei", "lon": 8.709562511300023, "lat": 47.0551708007658, "stop_id": ["8573763.link:753801", "8573763.link:753802"], "lines": [{"line_id": "96-244-1-j24-1", "route_id": "14.TA.96-244-1-j24-1.3.H", "mode": "bus", "line_name": "554"}, {"line_id": "96-244-1-j24-1", "route_id": "22.TA.96-244-1-j24-1.4.H", "mode": "bus", "line_name": "554"}, {"line_id": "96-244-1-j24-1", "route_id": "29.TA.96-244-1-j24-1.5.R", "mode": "bus", "line_name": "554"}, {"line_id": "96-244-1-j24-1", "route_id": "45.TA.96-244-1-j24-1.6.R", "mode": "bus", "line_name": "554"}], "predominant_mode": "bus", "assigned_canton": "Schwyz", "modes_list": ["bus"]}, "geometry": {"type": "Point", "coordinates": [8.709562519952845, 47.05517081077044]}}, {"id": "647", "type": "Feature", "properties": {"name": "Altendorf", "lon": 8.822961345920113, "lat": 47.19404581899103, "stop_id": ["8503211:0:1.link:1242717", "8503211:0:1.link:1242718", "8503211:0:2.link:1242771", "8503211:0:2.link:1242772"], "lines": [{"line_id": "91-2-B-j24-1", "route_id": "749.TA.91-2-B-j24-1.501.R", "mode": "rail", "line_name": "S2"}, {"line_id": "91-8-C-j24-1", "route_id": "459.TA.91-8-C-j24-1.76.H", "mode": "rail", "line_name": "S8"}, {"line_id": "91-2-B-j24-1", "route_id": "892.TA.91-2-B-j24-1.662.R", "mode": "rail", "line_name": "S2"}, {"line_id": "91-2-B-j24-1", "route_id": "902.TA.91-2-B-j24-1.511.R", "mode": "rail", "line_name": "S2"}, {"line_id": "91-2-B-j24-1", "route_id": "818.TA.91-2-B-j24-1.505.R", "mode": "rail", "line_name": "S2"}, {"line_id": "91-2-B-j24-1", "route_id": "889.TA.91-2-B-j24-1.510.R", "mode": "rail", "line_name": "S2"}, {"line_id": "91-2-B-j24-1", "route_id": "908.TA.91-2-B-j24-1.513.R", "mode": "rail", "line_name": "S2"}, {"line_id": "91-2-B-j24-1", "route_id": "797.TA.91-2-B-j24-1.199.R", "mode": "rail", "line_name": "S2"}, {"line_id": "91-2-B-j24-1", "route_id": "379.TA.91-2-B-j24-1.35.H", "mode": "rail", "line_name": "S2"}, {"line_id": "91-2-B-j24-1", "route_id": "345.TA.91-2-B-j24-1.24.H", "mode": "rail", "line_name": "S2"}, {"line_id": "91-2-B-j24-1", "route_id": "285.TA.91-2-B-j24-1.4.H", "mode": "rail", "line_name": "S2"}, {"line_id": "91-2-B-j24-1", "route_id": "462.TA.91-2-B-j24-1.66.H", "mode": "rail", "line_name": "S2"}, {"line_id": "91-2-B-j24-1", "route_id": "238.TA.91-2-B-j24-1.242.H", "mode": "rail", "line_name": "S2"}, {"line_id": "91-8-C-j24-1", "route_id": "1013.TA.91-8-C-j24-1.206.R", "mode": "rail", "line_name": "S8"}, {"line_id": "91-2-B-j24-1", "route_id": "466.TA.91-2-B-j24-1.67.H", "mode": "rail", "line_name": "S2"}, {"line_id": "91-2-B-j24-1", "route_id": "260.TA.91-2-B-j24-1.1.H", "mode": "rail", "line_name": "S2"}, {"line_id": "91-8-C-j24-1", "route_id": "1033.TA.91-8-C-j24-1.228.R", "mode": "rail", "line_name": "S8"}, {"line_id": "91-2-B-j24-1", "route_id": "283.TA.91-2-B-j24-1.3.H", "mode": "rail", "line_name": "S2"}, {"line_id": "91-2-B-j24-1", "route_id": "332.TA.91-2-B-j24-1.21.H", "mode": "rail", "line_name": "S2"}, {"line_id": "91-4H-Y-j24-1", "route_id": "287.TA.91-4H-Y-j24-1.729.H", "mode": "rail", "line_name": "S"}], "predominant_mode": "rail", "assigned_canton": "Schwyz", "modes_list": ["rail"]}, "geometry": {"type": "Point", "coordinates": [8.822961354639776, 47.19404582901176]}}, {"id": "648", "type": "Feature", "properties": {"name": "Altendorf, Bahnhof", "lon": 8.823163465882315, "lat": 47.19289210898786, "stop_id": ["8573826.link:478458", "8573826.link:478459"], "lines": [{"line_id": "96-241-1-j24-1", "route_id": "106.TA.96-241-1-j24-1.40.H", "mode": "bus", "line_name": "522"}, {"line_id": "96-240-3-j24-1", "route_id": "133.TA.96-240-3-j24-1.20.H", "mode": "bus", "line_name": "521"}, {"line_id": "96-241-1-j24-1", "route_id": "34.TA.96-241-1-j24-1.15.H", "mode": "bus", "line_name": "522"}, {"line_id": "96-241-1-j24-1", "route_id": "71.TA.96-241-1-j24-1.38.H", "mode": "bus", "line_name": "522"}, {"line_id": "96-240-3-j24-1", "route_id": "168.TA.96-240-3-j24-1.21.H", "mode": "bus", "line_name": "521"}, {"line_id": "96-240-3-j24-1", "route_id": "236.TA.96-240-3-j24-1.22.H", "mode": "bus", "line_name": "521"}, {"line_id": "96-241-1-j24-1", "route_id": "195.TA.96-241-1-j24-1.22.R", "mode": "bus", "line_name": "522"}, {"line_id": "96-240-3-j24-1", "route_id": "400.TA.96-240-3-j24-1.25.R", "mode": "bus", "line_name": "521"}, {"line_id": "96-240-3-j24-1", "route_id": "491.TA.96-240-3-j24-1.27.R", "mode": "bus", "line_name": "521"}, {"line_id": "96-240-3-j24-1", "route_id": "481.TA.96-240-3-j24-1.26.R", "mode": "bus", "line_name": "521"}, {"line_id": "96-241-1-j24-1", "route_id": "238.TA.96-241-1-j24-1.23.R", "mode": "bus", "line_name": "522"}, {"line_id": "96-241-1-j24-1", "route_id": "168.TA.96-241-1-j24-1.20.R", "mode": "bus", "line_name": "522"}], "predominant_mode": "bus", "assigned_canton": "Schwyz", "modes_list": ["bus"]}, "geometry": {"type": "Point", "coordinates": [8.823163474602525, 47.19289211900809]}}, {"id": "649", "type": "Feature", "properties": {"name": "Altendorf, Bitzi", "lon": 8.835578185819768, "lat": 47.190779968792675, "stop_id": ["8573828.link:1310850", "8573828.link:1310851"], "lines": [{"line_id": "96-241-1-j24-1", "route_id": "106.TA.96-241-1-j24-1.40.H", "mode": "bus", "line_name": "522"}, {"line_id": "96-240-3-j24-1", "route_id": "133.TA.96-240-3-j24-1.20.H", "mode": "bus", "line_name": "521"}, {"line_id": "96-241-1-j24-1", "route_id": "34.TA.96-241-1-j24-1.15.H", "mode": "bus", "line_name": "522"}, {"line_id": "96-241-1-j24-1", "route_id": "71.TA.96-241-1-j24-1.38.H", "mode": "bus", "line_name": "522"}, {"line_id": "96-240-3-j24-1", "route_id": "168.TA.96-240-3-j24-1.21.H", "mode": "bus", "line_name": "521"}, {"line_id": "96-240-3-j24-1", "route_id": "236.TA.96-240-3-j24-1.22.H", "mode": "bus", "line_name": "521"}, {"line_id": "96-241-1-j24-1", "route_id": "195.TA.96-241-1-j24-1.22.R", "mode": "bus", "line_name": "522"}, {"line_id": "96-240-3-j24-1", "route_id": "400.TA.96-240-3-j24-1.25.R", "mode": "bus", "line_name": "521"}, {"line_id": "96-240-3-j24-1", "route_id": "491.TA.96-240-3-j24-1.27.R", "mode": "bus", "line_name": "521"}, {"line_id": "96-240-3-j24-1", "route_id": "481.TA.96-240-3-j24-1.26.R", "mode": "bus", "line_name": "521"}, {"line_id": "96-241-1-j24-1", "route_id": "238.TA.96-241-1-j24-1.23.R", "mode": "bus", "line_name": "522"}, {"line_id": "96-241-1-j24-1", "route_id": "168.TA.96-241-1-j24-1.20.R", "mode": "bus", "line_name": "522"}], "predominant_mode": "bus", "assigned_canton": "Schwyz", "modes_list": ["bus"]}, "geometry": {"type": "Point", "coordinates": [8.83557819455252, 47.1907799788085]}}, {"id": "650", "type": "Feature", "properties": {"name": "Altendorf, Letzi", "lon": 8.815725415937965, "lat": 47.19471117910483, "stop_id": ["8573825.link:594927", "8573825.link:594928"], "lines": [{"line_id": "96-241-1-j24-1", "route_id": "106.TA.96-241-1-j24-1.40.H", "mode": "bus", "line_name": "522"}, {"line_id": "96-240-3-j24-1", "route_id": "133.TA.96-240-3-j24-1.20.H", "mode": "bus", "line_name": "521"}, {"line_id": "96-241-1-j24-1", "route_id": "34.TA.96-241-1-j24-1.15.H", "mode": "bus", "line_name": "522"}, {"line_id": "96-241-1-j24-1", "route_id": "71.TA.96-241-1-j24-1.38.H", "mode": "bus", "line_name": "522"}, {"line_id": "96-240-3-j24-1", "route_id": "168.TA.96-240-3-j24-1.21.H", "mode": "bus", "line_name": "521"}, {"line_id": "96-240-3-j24-1", "route_id": "236.TA.96-240-3-j24-1.22.H", "mode": "bus", "line_name": "521"}, {"line_id": "96-241-1-j24-1", "route_id": "195.TA.96-241-1-j24-1.22.R", "mode": "bus", "line_name": "522"}, {"line_id": "96-240-3-j24-1", "route_id": "400.TA.96-240-3-j24-1.25.R", "mode": "bus", "line_name": "521"}, {"line_id": "96-240-3-j24-1", "route_id": "491.TA.96-240-3-j24-1.27.R", "mode": "bus", "line_name": "521"}, {"line_id": "96-240-3-j24-1", "route_id": "481.TA.96-240-3-j24-1.26.R", "mode": "bus", "line_name": "521"}, {"line_id": "96-241-1-j24-1", "route_id": "238.TA.96-241-1-j24-1.23.R", "mode": "bus", "line_name": "522"}, {"line_id": "96-241-1-j24-1", "route_id": "168.TA.96-241-1-j24-1.20.R", "mode": "bus", "line_name": "522"}], "predominant_mode": "bus", "assigned_canton": "Schwyz", "modes_list": ["bus"]}, "geometry": {"type": "Point", "coordinates": [8.81572542465049, 47.19471118912792]}}, {"id": "651", "type": "Feature", "properties": {"name": "Altendorf, Lidwil", "lon": 8.812078256041685, "lat": 47.19792795916215, "stop_id": ["8503635.link:594933", "8503635.link:594934"], "lines": [{"line_id": "96-241-1-j24-1", "route_id": "106.TA.96-241-1-j24-1.40.H", "mode": "bus", "line_name": "522"}, {"line_id": "96-240-3-j24-1", "route_id": "133.TA.96-240-3-j24-1.20.H", "mode": "bus", "line_name": "521"}, {"line_id": "96-241-1-j24-1", "route_id": "34.TA.96-241-1-j24-1.15.H", "mode": "bus", "line_name": "522"}, {"line_id": "96-241-1-j24-1", "route_id": "71.TA.96-241-1-j24-1.38.H", "mode": "bus", "line_name": "522"}, {"line_id": "96-240-3-j24-1", "route_id": "168.TA.96-240-3-j24-1.21.H", "mode": "bus", "line_name": "521"}, {"line_id": "96-240-3-j24-1", "route_id": "236.TA.96-240-3-j24-1.22.H", "mode": "bus", "line_name": "521"}, {"line_id": "96-241-1-j24-1", "route_id": "195.TA.96-241-1-j24-1.22.R", "mode": "bus", "line_name": "522"}, {"line_id": "96-240-3-j24-1", "route_id": "400.TA.96-240-3-j24-1.25.R", "mode": "bus", "line_name": "521"}, {"line_id": "96-240-3-j24-1", "route_id": "491.TA.96-240-3-j24-1.27.R", "mode": "bus", "line_name": "521"}, {"line_id": "96-240-3-j24-1", "route_id": "481.TA.96-240-3-j24-1.26.R", "mode": "bus", "line_name": "521"}, {"line_id": "96-241-1-j24-1", "route_id": "238.TA.96-241-1-j24-1.23.R", "mode": "bus", "line_name": "522"}, {"line_id": "96-241-1-j24-1", "route_id": "168.TA.96-241-1-j24-1.20.R", "mode": "bus", "line_name": "522"}], "predominant_mode": "bus", "assigned_canton": "Schwyz", "modes_list": ["bus"]}, "geometry": {"type": "Point", "coordinates": [8.812078264749715, 47.19792796918746]}}, {"id": "652", "type": "Feature", "properties": {"name": "Altendorf, Schweizerhofplatz", "lon": 8.831113555863848, "lat": 47.192196208862875, "stop_id": ["8503636.link:870338", "8503636.link:870339"], "lines": [{"line_id": "96-241-1-j24-1", "route_id": "106.TA.96-241-1-j24-1.40.H", "mode": "bus", "line_name": "522"}, {"line_id": "96-240-3-j24-1", "route_id": "133.TA.96-240-3-j24-1.20.H", "mode": "bus", "line_name": "521"}, {"line_id": "96-241-1-j24-1", "route_id": "34.TA.96-241-1-j24-1.15.H", "mode": "bus", "line_name": "522"}, {"line_id": "96-241-1-j24-1", "route_id": "71.TA.96-241-1-j24-1.38.H", "mode": "bus", "line_name": "522"}, {"line_id": "96-240-3-j24-1", "route_id": "168.TA.96-240-3-j24-1.21.H", "mode": "bus", "line_name": "521"}, {"line_id": "96-240-3-j24-1", "route_id": "236.TA.96-240-3-j24-1.22.H", "mode": "bus", "line_name": "521"}, {"line_id": "96-241-1-j24-1", "route_id": "195.TA.96-241-1-j24-1.22.R", "mode": "bus", "line_name": "522"}, {"line_id": "96-240-3-j24-1", "route_id": "400.TA.96-240-3-j24-1.25.R", "mode": "bus", "line_name": "521"}, {"line_id": "96-240-3-j24-1", "route_id": "491.TA.96-240-3-j24-1.27.R", "mode": "bus", "line_name": "521"}, {"line_id": "96-240-3-j24-1", "route_id": "481.TA.96-240-3-j24-1.26.R", "mode": "bus", "line_name": "521"}, {"line_id": "96-241-1-j24-1", "route_id": "238.TA.96-241-1-j24-1.23.R", "mode": "bus", "line_name": "522"}, {"line_id": "96-241-1-j24-1", "route_id": "168.TA.96-241-1-j24-1.20.R", "mode": "bus", "line_name": "522"}], "predominant_mode": "bus", "assigned_canton": "Schwyz", "modes_list": ["bus"]}, "geometry": {"type": "Point", "coordinates": [8.831113564591886, 47.192196218880525]}}, {"id": "653", "type": "Feature", "properties": {"name": "Altendorf, Stoglen", "lon": 8.827107065877888, "lat": 47.192690668925835, "stop_id": ["8573827.link:482468", "8573827.link:482469"], "lines": [{"line_id": "96-241-1-j24-1", "route_id": "106.TA.96-241-1-j24-1.40.H", "mode": "bus", "line_name": "522"}, {"line_id": "96-240-3-j24-1", "route_id": "133.TA.96-240-3-j24-1.20.H", "mode": "bus", "line_name": "521"}, {"line_id": "96-241-1-j24-1", "route_id": "34.TA.96-241-1-j24-1.15.H", "mode": "bus", "line_name": "522"}, {"line_id": "96-241-1-j24-1", "route_id": "71.TA.96-241-1-j24-1.38.H", "mode": "bus", "line_name": "522"}, {"line_id": "96-240-3-j24-1", "route_id": "168.TA.96-240-3-j24-1.21.H", "mode": "bus", "line_name": "521"}, {"line_id": "96-240-3-j24-1", "route_id": "236.TA.96-240-3-j24-1.22.H", "mode": "bus", "line_name": "521"}, {"line_id": "96-241-1-j24-1", "route_id": "195.TA.96-241-1-j24-1.22.R", "mode": "bus", "line_name": "522"}, {"line_id": "96-240-3-j24-1", "route_id": "400.TA.96-240-3-j24-1.25.R", "mode": "bus", "line_name": "521"}, {"line_id": "96-240-3-j24-1", "route_id": "491.TA.96-240-3-j24-1.27.R", "mode": "bus", "line_name": "521"}, {"line_id": "96-240-3-j24-1", "route_id": "481.TA.96-240-3-j24-1.26.R", "mode": "bus", "line_name": "521"}, {"line_id": "96-241-1-j24-1", "route_id": "238.TA.96-241-1-j24-1.23.R", "mode": "bus", "line_name": "522"}, {"line_id": "96-241-1-j24-1", "route_id": "168.TA.96-241-1-j24-1.20.R", "mode": "bus", "line_name": "522"}], "predominant_mode": "bus", "assigned_canton": "Schwyz", "modes_list": ["bus"]}, "geometry": {"type": "Point", "coordinates": [8.82710707460194, 47.192690678944814]}}, {"id": "654", "type": "Feature", "properties": {"name": "Altendorf, Talstrasse", "lon": 8.81797120589045, "lat": 47.19322784906942, "stop_id": ["8582391.link:1220526", "8582391.link:1220527"], "lines": [{"line_id": "96-241-1-j24-1", "route_id": "106.TA.96-241-1-j24-1.40.H", "mode": "bus", "line_name": "522"}, {"line_id": "96-240-3-j24-1", "route_id": "133.TA.96-240-3-j24-1.20.H", "mode": "bus", "line_name": "521"}, {"line_id": "96-241-1-j24-1", "route_id": "34.TA.96-241-1-j24-1.15.H", "mode": "bus", "line_name": "522"}, {"line_id": "96-241-1-j24-1", "route_id": "71.TA.96-241-1-j24-1.38.H", "mode": "bus", "line_name": "522"}, {"line_id": "96-240-3-j24-1", "route_id": "168.TA.96-240-3-j24-1.21.H", "mode": "bus", "line_name": "521"}, {"line_id": "96-240-3-j24-1", "route_id": "236.TA.96-240-3-j24-1.22.H", "mode": "bus", "line_name": "521"}, {"line_id": "96-241-1-j24-1", "route_id": "195.TA.96-241-1-j24-1.22.R", "mode": "bus", "line_name": "522"}, {"line_id": "96-240-3-j24-1", "route_id": "400.TA.96-240-3-j24-1.25.R", "mode": "bus", "line_name": "521"}, {"line_id": "96-240-3-j24-1", "route_id": "491.TA.96-240-3-j24-1.27.R", "mode": "bus", "line_name": "521"}, {"line_id": "96-240-3-j24-1", "route_id": "481.TA.96-240-3-j24-1.26.R", "mode": "bus", "line_name": "521"}, {"line_id": "96-241-1-j24-1", "route_id": "238.TA.96-241-1-j24-1.23.R", "mode": "bus", "line_name": "522"}, {"line_id": "96-241-1-j24-1", "route_id": "168.TA.96-241-1-j24-1.20.R", "mode": "bus", "line_name": "522"}], "predominant_mode": "bus", "assigned_canton": "Schwyz", "modes_list": ["bus"]}, "geometry": {"type": "Point", "coordinates": [8.817971214605592, 47.19322785909137]}}, {"id": "655", "type": "Feature", "properties": {"name": "Altendorf, Tevag", "lon": 8.808161606127195, "lat": 47.2005952292238, "stop_id": ["8570505.link:594769_spec", "8570505.link:594770"], "lines": [{"line_id": "96-241-1-j24-1", "route_id": "106.TA.96-241-1-j24-1.40.H", "mode": "bus", "line_name": "522"}, {"line_id": "96-240-3-j24-1", "route_id": "133.TA.96-240-3-j24-1.20.H", "mode": "bus", "line_name": "521"}, {"line_id": "96-241-1-j24-1", "route_id": "34.TA.96-241-1-j24-1.15.H", "mode": "bus", "line_name": "522"}, {"line_id": "96-241-1-j24-1", "route_id": "71.TA.96-241-1-j24-1.38.H", "mode": "bus", "line_name": "522"}, {"line_id": "96-240-3-j24-1", "route_id": "168.TA.96-240-3-j24-1.21.H", "mode": "bus", "line_name": "521"}, {"line_id": "96-240-3-j24-1", "route_id": "236.TA.96-240-3-j24-1.22.H", "mode": "bus", "line_name": "521"}, {"line_id": "96-241-1-j24-1", "route_id": "195.TA.96-241-1-j24-1.22.R", "mode": "bus", "line_name": "522"}, {"line_id": "96-240-3-j24-1", "route_id": "400.TA.96-240-3-j24-1.25.R", "mode": "bus", "line_name": "521"}, {"line_id": "96-240-3-j24-1", "route_id": "491.TA.96-240-3-j24-1.27.R", "mode": "bus", "line_name": "521"}, {"line_id": "96-240-3-j24-1", "route_id": "481.TA.96-240-3-j24-1.26.R", "mode": "bus", "line_name": "521"}, {"line_id": "96-241-1-j24-1", "route_id": "238.TA.96-241-1-j24-1.23.R", "mode": "bus", "line_name": "522"}, {"line_id": "96-241-1-j24-1", "route_id": "168.TA.96-241-1-j24-1.20.R", "mode": "bus", "line_name": "522"}], "predominant_mode": "bus", "assigned_canton": "Schwyz", "modes_list": ["bus"]}, "geometry": {"type": "Point", "coordinates": [8.808161614830649, 47.20059523925118]}}, {"id": "687", "type": "Feature", "properties": {"name": "Altmatt", "lon": 8.69588117379275, "lat": 47.131514120985464, "stop_id": ["8503292:0:1.link:1416086", "8503292:0:1.link:1416087"], "lines": [{"line_id": "91-31-A-j24-1", "route_id": "18.TA.91-31-A-j24-1.62.H", "mode": "rail", "line_name": "S31"}, {"line_id": "91-31-A-j24-1", "route_id": "22.TA.91-31-A-j24-1.64.H", "mode": "rail", "line_name": "S31"}, {"line_id": "91-VAE-j24-1", "route_id": "414.TA.91-VAE-j24-1.93.H", "mode": "rail", "line_name": "VAE"}, {"line_id": "91-31-A-j24-1", "route_id": "21.TA.91-31-A-j24-1.63.H", "mode": "rail", "line_name": "S31"}, {"line_id": "91-31-A-j24-1", "route_id": "6.TA.91-31-A-j24-1.61.H", "mode": "rail", "line_name": "S31"}, {"line_id": "91-31-A-j24-1", "route_id": "29.TA.91-31-A-j24-1.66.R", "mode": "rail", "line_name": "S31"}, {"line_id": "91-31-A-j24-1", "route_id": "24.TA.91-31-A-j24-1.65.R", "mode": "rail", "line_name": "S31"}, {"line_id": "91-VAE-j24-1", "route_id": "904.TA.91-VAE-j24-1.98.R", "mode": "rail", "line_name": "VAE"}, {"line_id": "91-31-A-j24-1", "route_id": "30.TA.91-31-A-j24-1.67.R", "mode": "rail", "line_name": "S31"}, {"line_id": "91-VAE-j24-1", "route_id": "574.TA.91-VAE-j24-1.95.R", "mode": "rail", "line_name": "VAE"}, {"line_id": "91-31-A-j24-1", "route_id": "33.TA.91-31-A-j24-1.67.R", "mode": "rail", "line_name": "S31"}], "predominant_mode": "rail", "assigned_canton": "Schwyz", "modes_list": ["rail"]}, "geometry": {"type": "Point", "coordinates": [8.695881182409247, 47.13151413102168]}}, {"id": "1168", "type": "Feature", "properties": {"name": "Arth am See (Schiff)", "lon": 8.522326651492575, "lat": 47.0647112937077, "stop_id": ["8505060.link:pt_8505060"], "lines": [{"line_id": "94-10-Y-j24-1", "route_id": "3.TA.94-10-Y-j24-1.2.H", "mode": "ferry", "line_name": "BAT"}, {"line_id": "94-10-Y-j24-1", "route_id": "7.TA.94-10-Y-j24-1.5.R", "mode": "ferry", "line_name": "BAT"}, {"line_id": "94-10-Y-j24-1", "route_id": "1.TA.94-10-Y-j24-1.1.H", "mode": "ferry", "line_name": "BAT"}, {"line_id": "94-10-Y-j24-1", "route_id": "6.TA.94-10-Y-j24-1.4.R", "mode": "ferry", "line_name": "BAT"}, {"line_id": "94-10-Y-j24-1", "route_id": "4.TA.94-10-Y-j24-1.3.H", "mode": "ferry", "line_name": "BAT"}, {"line_id": "94-10-Y-j24-1", "route_id": "8.TA.94-10-Y-j24-1.5.R", "mode": "ferry", "line_name": "BAT"}], "predominant_mode": "ferry", "assigned_canton": "Schwyz", "modes_list": ["ferry"]}, "geometry": {"type": "Point", "coordinates": [8.522326659959354, 47.064711303769805]}}, {"id": "1169", "type": "Feature", "properties": {"name": "Arth, Aazopf", "lon": 8.525812121599923, "lat": 47.06791759365319, "stop_id": ["8577410.link:612100", "8577410.link:612101"], "lines": [{"line_id": "92-502-A-j24-1", "route_id": "1369.TA.92-502-A-j24-1.49.R", "mode": "bus", "line_name": "502"}, {"line_id": "92-501-j24-1", "route_id": "743.TA.92-501-j24-1.37.R", "mode": "bus", "line_name": "501"}, {"line_id": "92-502-A-j24-1", "route_id": "2143.TA.92-502-A-j24-1.811.R", "mode": "bus", "line_name": "502"}, {"line_id": "92-502-A-j24-1", "route_id": "1592.TA.92-502-A-j24-1.804.R", "mode": "bus", "line_name": "502"}, {"line_id": "92-501-j24-1", "route_id": "863.TA.92-501-j24-1.439.R", "mode": "bus", "line_name": "501"}, {"line_id": "92-501-j24-1", "route_id": "1204.TA.92-501-j24-1.446.R", "mode": "bus", "line_name": "501"}, {"line_id": "92-501-j24-1", "route_id": "95.TA.92-501-j24-1.9.H", "mode": "bus", "line_name": "501"}, {"line_id": "92-501-j24-1", "route_id": "598.TA.92-501-j24-1.433.H", "mode": "bus", "line_name": "501"}, {"line_id": "92-502-A-j24-1", "route_id": "945.TA.92-502-A-j24-1.795.H", "mode": "bus", "line_name": "502"}, {"line_id": "92-502-A-j24-1", "route_id": "199.TA.92-502-A-j24-1.11.H", "mode": "bus", "line_name": "502"}, {"line_id": "92-501-j24-1", "route_id": "568.TA.92-501-j24-1.433.H", "mode": "bus", "line_name": "501"}, {"line_id": "92-501-j24-1", "route_id": "269.TA.92-501-j24-1.426.H", "mode": "bus", "line_name": "501"}, {"line_id": "92-502-A-j24-1", "route_id": "1604.TA.92-502-A-j24-1.607.R", "mode": "bus", "line_name": "502"}, {"line_id": "92-501-j24-1", "route_id": "81.TA.92-501-j24-1.8.H", "mode": "bus", "line_name": "501"}, {"line_id": "92-501-j24-1", "route_id": "87.TA.92-501-j24-1.8.H", "mode": "bus", "line_name": "501"}, {"line_id": "92-501-j24-1", "route_id": "154.TA.92-501-j24-1.10.H", "mode": "bus", "line_name": "501"}, {"line_id": "92-502-A-j24-1", "route_id": "216.TA.92-502-A-j24-1.12.H", "mode": "bus", "line_name": "502"}, {"line_id": "92-502-A-j24-1", "route_id": "185.TA.92-502-A-j24-1.9.H", "mode": "bus", "line_name": "502"}, {"line_id": "92-502-A-j24-1", "route_id": "931.TA.92-502-A-j24-1.795.H", "mode": "bus", "line_name": "502"}, {"line_id": "92-502-A-j24-1", "route_id": "192.TA.92-502-A-j24-1.10.H", "mode": "bus", "line_name": "502"}, {"line_id": "92-501-j24-1", "route_id": "109.TA.92-501-j24-1.10.H", "mode": "bus", "line_name": "501"}], "predominant_mode": "bus", "assigned_canton": "Schwyz", "modes_list": ["bus"]}, "geometry": {"type": "Point", "coordinates": [8.525812130069193, 47.067917603715486]}}, {"id": "1170", "type": "Feature", "properties": {"name": "Arth, Am See", "lon": 8.522874631490547, "lat": 47.06463786369909, "stop_id": ["8577409.link:1678432", "8577409.link:1678433"], "lines": [{"line_id": "92-502-A-j24-1", "route_id": "1369.TA.92-502-A-j24-1.49.R", "mode": "bus", "line_name": "502"}, {"line_id": "92-501-j24-1", "route_id": "743.TA.92-501-j24-1.37.R", "mode": "bus", "line_name": "501"}, {"line_id": "92-502-A-j24-1", "route_id": "2143.TA.92-502-A-j24-1.811.R", "mode": "bus", "line_name": "502"}, {"line_id": "92-502-A-j24-1", "route_id": "1592.TA.92-502-A-j24-1.804.R", "mode": "bus", "line_name": "502"}, {"line_id": "92-501-j24-1", "route_id": "863.TA.92-501-j24-1.439.R", "mode": "bus", "line_name": "501"}, {"line_id": "92-501-j24-1", "route_id": "1204.TA.92-501-j24-1.446.R", "mode": "bus", "line_name": "501"}, {"line_id": "92-501-j24-1", "route_id": "95.TA.92-501-j24-1.9.H", "mode": "bus", "line_name": "501"}, {"line_id": "92-501-j24-1", "route_id": "598.TA.92-501-j24-1.433.H", "mode": "bus", "line_name": "501"}, {"line_id": "92-502-A-j24-1", "route_id": "945.TA.92-502-A-j24-1.795.H", "mode": "bus", "line_name": "502"}, {"line_id": "92-502-A-j24-1", "route_id": "199.TA.92-502-A-j24-1.11.H", "mode": "bus", "line_name": "502"}, {"line_id": "92-501-j24-1", "route_id": "568.TA.92-501-j24-1.433.H", "mode": "bus", "line_name": "501"}, {"line_id": "92-501-j24-1", "route_id": "269.TA.92-501-j24-1.426.H", "mode": "bus", "line_name": "501"}, {"line_id": "92-502-A-j24-1", "route_id": "1604.TA.92-502-A-j24-1.607.R", "mode": "bus", "line_name": "502"}, {"line_id": "92-501-j24-1", "route_id": "81.TA.92-501-j24-1.8.H", "mode": "bus", "line_name": "501"}, {"line_id": "92-501-j24-1", "route_id": "87.TA.92-501-j24-1.8.H", "mode": "bus", "line_name": "501"}, {"line_id": "92-501-j24-1", "route_id": "154.TA.92-501-j24-1.10.H", "mode": "bus", "line_name": "501"}, {"line_id": "92-502-A-j24-1", "route_id": "216.TA.92-502-A-j24-1.12.H", "mode": "bus", "line_name": "502"}, {"line_id": "92-502-A-j24-1", "route_id": "185.TA.92-502-A-j24-1.9.H", "mode": "bus", "line_name": "502"}, {"line_id": "92-502-A-j24-1", "route_id": "931.TA.92-502-A-j24-1.795.H", "mode": "bus", "line_name": "502"}, {"line_id": "92-502-A-j24-1", "route_id": "192.TA.92-502-A-j24-1.10.H", "mode": "bus", "line_name": "502"}, {"line_id": "92-501-j24-1", "route_id": "109.TA.92-501-j24-1.10.H", "mode": "bus", "line_name": "501"}], "predominant_mode": "bus", "assigned_canton": "Schwyz", "modes_list": ["bus"]}, "geometry": {"type": "Point", "coordinates": [8.522874639957886, 47.06463787376101]}}, {"id": "1171", "type": "Feature", "properties": {"name": "Arth, Ch\u00e4ppeli", "lon": 8.527554851653564, "lat": 47.06952066362595, "stop_id": ["8577411.link:556726", "8577411.link:556727"], "lines": [{"line_id": "92-502-A-j24-1", "route_id": "1369.TA.92-502-A-j24-1.49.R", "mode": "bus", "line_name": "502"}, {"line_id": "92-501-j24-1", "route_id": "743.TA.92-501-j24-1.37.R", "mode": "bus", "line_name": "501"}, {"line_id": "92-502-A-j24-1", "route_id": "2143.TA.92-502-A-j24-1.811.R", "mode": "bus", "line_name": "502"}, {"line_id": "92-502-A-j24-1", "route_id": "1592.TA.92-502-A-j24-1.804.R", "mode": "bus", "line_name": "502"}, {"line_id": "92-501-j24-1", "route_id": "863.TA.92-501-j24-1.439.R", "mode": "bus", "line_name": "501"}, {"line_id": "92-501-j24-1", "route_id": "1204.TA.92-501-j24-1.446.R", "mode": "bus", "line_name": "501"}, {"line_id": "92-501-j24-1", "route_id": "95.TA.92-501-j24-1.9.H", "mode": "bus", "line_name": "501"}, {"line_id": "92-501-j24-1", "route_id": "598.TA.92-501-j24-1.433.H", "mode": "bus", "line_name": "501"}, {"line_id": "92-502-A-j24-1", "route_id": "945.TA.92-502-A-j24-1.795.H", "mode": "bus", "line_name": "502"}, {"line_id": "92-502-A-j24-1", "route_id": "199.TA.92-502-A-j24-1.11.H", "mode": "bus", "line_name": "502"}, {"line_id": "92-501-j24-1", "route_id": "568.TA.92-501-j24-1.433.H", "mode": "bus", "line_name": "501"}, {"line_id": "92-501-j24-1", "route_id": "269.TA.92-501-j24-1.426.H", "mode": "bus", "line_name": "501"}, {"line_id": "92-502-A-j24-1", "route_id": "1604.TA.92-502-A-j24-1.607.R", "mode": "bus", "line_name": "502"}, {"line_id": "92-501-j24-1", "route_id": "81.TA.92-501-j24-1.8.H", "mode": "bus", "line_name": "501"}, {"line_id": "92-501-j24-1", "route_id": "87.TA.92-501-j24-1.8.H", "mode": "bus", "line_name": "501"}, {"line_id": "92-501-j24-1", "route_id": "154.TA.92-501-j24-1.10.H", "mode": "bus", "line_name": "501"}, {"line_id": "92-502-A-j24-1", "route_id": "216.TA.92-502-A-j24-1.12.H", "mode": "bus", "line_name": "502"}, {"line_id": "92-502-A-j24-1", "route_id": "185.TA.92-502-A-j24-1.9.H", "mode": "bus", "line_name": "502"}, {"line_id": "92-502-A-j24-1", "route_id": "931.TA.92-502-A-j24-1.795.H", "mode": "bus", "line_name": "502"}, {"line_id": "92-502-A-j24-1", "route_id": "192.TA.92-502-A-j24-1.10.H", "mode": "bus", "line_name": "502"}, {"line_id": "92-501-j24-1", "route_id": "109.TA.92-501-j24-1.10.H", "mode": "bus", "line_name": "501"}], "predominant_mode": "bus", "assigned_canton": "Schwyz", "modes_list": ["bus"]}, "geometry": {"type": "Point", "coordinates": [8.52755486012408, 47.06952067368834]}}, {"id": "1172", "type": "Feature", "properties": {"name": "Arth, Dorf", "lon": 8.52362023140172, "lat": 47.06190868368719, "stop_id": ["8577408.link:364898", "8577408.link:364899"], "lines": [{"line_id": "92-501-j24-1", "route_id": "95.TA.92-501-j24-1.9.H", "mode": "bus", "line_name": "501"}, {"line_id": "92-501-j24-1", "route_id": "598.TA.92-501-j24-1.433.H", "mode": "bus", "line_name": "501"}, {"line_id": "92-502-A-j24-1", "route_id": "945.TA.92-502-A-j24-1.795.H", "mode": "bus", "line_name": "502"}, {"line_id": "92-502-A-j24-1", "route_id": "199.TA.92-502-A-j24-1.11.H", "mode": "bus", "line_name": "502"}, {"line_id": "92-501-j24-1", "route_id": "568.TA.92-501-j24-1.433.H", "mode": "bus", "line_name": "501"}, {"line_id": "92-501-j24-1", "route_id": "269.TA.92-501-j24-1.426.H", "mode": "bus", "line_name": "501"}, {"line_id": "92-502-A-j24-1", "route_id": "1604.TA.92-502-A-j24-1.607.R", "mode": "bus", "line_name": "502"}, {"line_id": "92-501-j24-1", "route_id": "81.TA.92-501-j24-1.8.H", "mode": "bus", "line_name": "501"}, {"line_id": "92-501-j24-1", "route_id": "87.TA.92-501-j24-1.8.H", "mode": "bus", "line_name": "501"}, {"line_id": "92-501-j24-1", "route_id": "154.TA.92-501-j24-1.10.H", "mode": "bus", "line_name": "501"}, {"line_id": "92-502-A-j24-1", "route_id": "216.TA.92-502-A-j24-1.12.H", "mode": "bus", "line_name": "502"}, {"line_id": "92-502-A-j24-1", "route_id": "185.TA.92-502-A-j24-1.9.H", "mode": "bus", "line_name": "502"}, {"line_id": "92-502-A-j24-1", "route_id": "931.TA.92-502-A-j24-1.795.H", "mode": "bus", "line_name": "502"}, {"line_id": "92-502-A-j24-1", "route_id": "192.TA.92-502-A-j24-1.10.H", "mode": "bus", "line_name": "502"}, {"line_id": "92-501-j24-1", "route_id": "109.TA.92-501-j24-1.10.H", "mode": "bus", "line_name": "501"}, {"line_id": "92-502-A-j24-1", "route_id": "1369.TA.92-502-A-j24-1.49.R", "mode": "bus", "line_name": "502"}, {"line_id": "92-501-j24-1", "route_id": "743.TA.92-501-j24-1.37.R", "mode": "bus", "line_name": "501"}, {"line_id": "92-502-A-j24-1", "route_id": "2143.TA.92-502-A-j24-1.811.R", "mode": "bus", "line_name": "502"}, {"line_id": "92-502-A-j24-1", "route_id": "1592.TA.92-502-A-j24-1.804.R", "mode": "bus", "line_name": "502"}, {"line_id": "92-501-j24-1", "route_id": "863.TA.92-501-j24-1.439.R", "mode": "bus", "line_name": "501"}, {"line_id": "92-501-j24-1", "route_id": "1204.TA.92-501-j24-1.446.R", "mode": "bus", "line_name": "501"}], "predominant_mode": "bus", "assigned_canton": "Schwyz", "modes_list": ["bus"]}, "geometry": {"type": "Point", "coordinates": [8.523620239870596, 47.06190869374788]}}, {"id": "1173", "type": "Feature", "properties": {"name": "Arth, Feld", "lon": 8.530393531318136, "lat": 47.05921608358066, "stop_id": ["8577406.link:1350087", "8577406.link:1350088"], "lines": [{"line_id": "92-501-j24-1", "route_id": "95.TA.92-501-j24-1.9.H", "mode": "bus", "line_name": "501"}, {"line_id": "92-501-j24-1", "route_id": "598.TA.92-501-j24-1.433.H", "mode": "bus", "line_name": "501"}, {"line_id": "92-502-A-j24-1", "route_id": "945.TA.92-502-A-j24-1.795.H", "mode": "bus", "line_name": "502"}, {"line_id": "92-502-A-j24-1", "route_id": "199.TA.92-502-A-j24-1.11.H", "mode": "bus", "line_name": "502"}, {"line_id": "92-501-j24-1", "route_id": "568.TA.92-501-j24-1.433.H", "mode": "bus", "line_name": "501"}, {"line_id": "92-501-j24-1", "route_id": "269.TA.92-501-j24-1.426.H", "mode": "bus", "line_name": "501"}, {"line_id": "92-502-A-j24-1", "route_id": "1604.TA.92-502-A-j24-1.607.R", "mode": "bus", "line_name": "502"}, {"line_id": "92-501-j24-1", "route_id": "81.TA.92-501-j24-1.8.H", "mode": "bus", "line_name": "501"}, {"line_id": "92-501-j24-1", "route_id": "87.TA.92-501-j24-1.8.H", "mode": "bus", "line_name": "501"}, {"line_id": "92-501-j24-1", "route_id": "154.TA.92-501-j24-1.10.H", "mode": "bus", "line_name": "501"}, {"line_id": "92-502-A-j24-1", "route_id": "216.TA.92-502-A-j24-1.12.H", "mode": "bus", "line_name": "502"}, {"line_id": "92-502-A-j24-1", "route_id": "185.TA.92-502-A-j24-1.9.H", "mode": "bus", "line_name": "502"}, {"line_id": "92-502-A-j24-1", "route_id": "931.TA.92-502-A-j24-1.795.H", "mode": "bus", "line_name": "502"}, {"line_id": "92-502-A-j24-1", "route_id": "192.TA.92-502-A-j24-1.10.H", "mode": "bus", "line_name": "502"}, {"line_id": "92-501-j24-1", "route_id": "109.TA.92-501-j24-1.10.H", "mode": "bus", "line_name": "501"}, {"line_id": "92-502-A-j24-1", "route_id": "1369.TA.92-502-A-j24-1.49.R", "mode": "bus", "line_name": "502"}, {"line_id": "92-501-j24-1", "route_id": "743.TA.92-501-j24-1.37.R", "mode": "bus", "line_name": "501"}, {"line_id": "92-502-A-j24-1", "route_id": "2143.TA.92-502-A-j24-1.811.R", "mode": "bus", "line_name": "502"}, {"line_id": "92-502-A-j24-1", "route_id": "1592.TA.92-502-A-j24-1.804.R", "mode": "bus", "line_name": "502"}, {"line_id": "92-501-j24-1", "route_id": "863.TA.92-501-j24-1.439.R", "mode": "bus", "line_name": "501"}, {"line_id": "92-501-j24-1", "route_id": "1204.TA.92-501-j24-1.446.R", "mode": "bus", "line_name": "501"}], "predominant_mode": "bus", "assigned_canton": "Schwyz", "modes_list": ["bus"]}, "geometry": {"type": "Point", "coordinates": [8.53039353979447, 47.05921609363841]}}, {"id": "1174", "type": "Feature", "properties": {"name": "Arth, Klostermatt", "lon": 8.524734141552301, "lat": 47.066485793670005, "stop_id": ["8588906.link:1229185", "8588906.link:1229186"], "lines": [{"line_id": "92-502-A-j24-1", "route_id": "1369.TA.92-502-A-j24-1.49.R", "mode": "bus", "line_name": "502"}, {"line_id": "92-501-j24-1", "route_id": "743.TA.92-501-j24-1.37.R", "mode": "bus", "line_name": "501"}, {"line_id": "92-502-A-j24-1", "route_id": "2143.TA.92-502-A-j24-1.811.R", "mode": "bus", "line_name": "502"}, {"line_id": "92-502-A-j24-1", "route_id": "1592.TA.92-502-A-j24-1.804.R", "mode": "bus", "line_name": "502"}, {"line_id": "92-501-j24-1", "route_id": "863.TA.92-501-j24-1.439.R", "mode": "bus", "line_name": "501"}, {"line_id": "92-501-j24-1", "route_id": "1204.TA.92-501-j24-1.446.R", "mode": "bus", "line_name": "501"}, {"line_id": "92-501-j24-1", "route_id": "95.TA.92-501-j24-1.9.H", "mode": "bus", "line_name": "501"}, {"line_id": "92-501-j24-1", "route_id": "598.TA.92-501-j24-1.433.H", "mode": "bus", "line_name": "501"}, {"line_id": "92-502-A-j24-1", "route_id": "945.TA.92-502-A-j24-1.795.H", "mode": "bus", "line_name": "502"}, {"line_id": "92-502-A-j24-1", "route_id": "199.TA.92-502-A-j24-1.11.H", "mode": "bus", "line_name": "502"}, {"line_id": "92-501-j24-1", "route_id": "568.TA.92-501-j24-1.433.H", "mode": "bus", "line_name": "501"}, {"line_id": "92-501-j24-1", "route_id": "269.TA.92-501-j24-1.426.H", "mode": "bus", "line_name": "501"}, {"line_id": "92-502-A-j24-1", "route_id": "1604.TA.92-502-A-j24-1.607.R", "mode": "bus", "line_name": "502"}, {"line_id": "92-501-j24-1", "route_id": "81.TA.92-501-j24-1.8.H", "mode": "bus", "line_name": "501"}, {"line_id": "92-501-j24-1", "route_id": "87.TA.92-501-j24-1.8.H", "mode": "bus", "line_name": "501"}, {"line_id": "92-501-j24-1", "route_id": "154.TA.92-501-j24-1.10.H", "mode": "bus", "line_name": "501"}, {"line_id": "92-502-A-j24-1", "route_id": "216.TA.92-502-A-j24-1.12.H", "mode": "bus", "line_name": "502"}, {"line_id": "92-502-A-j24-1", "route_id": "185.TA.92-502-A-j24-1.9.H", "mode": "bus", "line_name": "502"}, {"line_id": "92-502-A-j24-1", "route_id": "931.TA.92-502-A-j24-1.795.H", "mode": "bus", "line_name": "502"}, {"line_id": "92-502-A-j24-1", "route_id": "192.TA.92-502-A-j24-1.10.H", "mode": "bus", "line_name": "502"}, {"line_id": "92-501-j24-1", "route_id": "109.TA.92-501-j24-1.10.H", "mode": "bus", "line_name": "501"}], "predominant_mode": "bus", "assigned_canton": "Schwyz", "modes_list": ["bus"]}, "geometry": {"type": "Point", "coordinates": [8.524734150020931, 47.066485803732064]}}, {"id": "1175", "type": "Feature", "properties": {"name": "Arth, Tafelstatt", "lon": 8.528228591723714, "lat": 47.07164986361553, "stop_id": ["8577412.link:493207", "8577412.link:493208"], "lines": [{"line_id": "92-502-A-j24-1", "route_id": "1369.TA.92-502-A-j24-1.49.R", "mode": "bus", "line_name": "502"}, {"line_id": "92-501-j24-1", "route_id": "743.TA.92-501-j24-1.37.R", "mode": "bus", "line_name": "501"}, {"line_id": "92-502-A-j24-1", "route_id": "2143.TA.92-502-A-j24-1.811.R", "mode": "bus", "line_name": "502"}, {"line_id": "92-502-A-j24-1", "route_id": "1592.TA.92-502-A-j24-1.804.R", "mode": "bus", "line_name": "502"}, {"line_id": "92-501-j24-1", "route_id": "863.TA.92-501-j24-1.439.R", "mode": "bus", "line_name": "501"}, {"line_id": "92-501-j24-1", "route_id": "1204.TA.92-501-j24-1.446.R", "mode": "bus", "line_name": "501"}, {"line_id": "92-501-j24-1", "route_id": "95.TA.92-501-j24-1.9.H", "mode": "bus", "line_name": "501"}, {"line_id": "92-501-j24-1", "route_id": "598.TA.92-501-j24-1.433.H", "mode": "bus", "line_name": "501"}, {"line_id": "92-502-A-j24-1", "route_id": "945.TA.92-502-A-j24-1.795.H", "mode": "bus", "line_name": "502"}, {"line_id": "92-502-A-j24-1", "route_id": "199.TA.92-502-A-j24-1.11.H", "mode": "bus", "line_name": "502"}, {"line_id": "92-501-j24-1", "route_id": "568.TA.92-501-j24-1.433.H", "mode": "bus", "line_name": "501"}, {"line_id": "92-501-j24-1", "route_id": "269.TA.92-501-j24-1.426.H", "mode": "bus", "line_name": "501"}, {"line_id": "92-502-A-j24-1", "route_id": "1604.TA.92-502-A-j24-1.607.R", "mode": "bus", "line_name": "502"}, {"line_id": "92-501-j24-1", "route_id": "81.TA.92-501-j24-1.8.H", "mode": "bus", "line_name": "501"}, {"line_id": "92-501-j24-1", "route_id": "87.TA.92-501-j24-1.8.H", "mode": "bus", "line_name": "501"}, {"line_id": "92-501-j24-1", "route_id": "154.TA.92-501-j24-1.10.H", "mode": "bus", "line_name": "501"}, {"line_id": "92-502-A-j24-1", "route_id": "216.TA.92-502-A-j24-1.12.H", "mode": "bus", "line_name": "502"}, {"line_id": "92-502-A-j24-1", "route_id": "185.TA.92-502-A-j24-1.9.H", "mode": "bus", "line_name": "502"}, {"line_id": "92-502-A-j24-1", "route_id": "931.TA.92-502-A-j24-1.795.H", "mode": "bus", "line_name": "502"}, {"line_id": "92-502-A-j24-1", "route_id": "192.TA.92-502-A-j24-1.10.H", "mode": "bus", "line_name": "502"}, {"line_id": "92-501-j24-1", "route_id": "109.TA.92-501-j24-1.10.H", "mode": "bus", "line_name": "501"}], "predominant_mode": "bus", "assigned_canton": "Schwyz", "modes_list": ["bus"]}, "geometry": {"type": "Point", "coordinates": [8.52822860019427, 47.07164987367848]}}, {"id": "1176", "type": "Feature", "properties": {"name": "Arth-Goldau", "lon": 8.547734504906517, "lat": 47.04967868664089, "stop_id": ["8505004:0:2.link:1589602", "8505004:0:2.link:1589603", "8505004:0:3.link:1589602", "8505004:0:3.link:1589608", "8505004:0:3.link:1589609", "8505004:0:4.link:1589608", "8505004:0:4.link:1589636", "8505004:0:4.link:1589637", "8505004:0:5.link:1431857", "8505004:0:5.link:1431858", "8505004:0:5.link:1809355", "8505004:0:6.link:1431855", "8505004:0:6.link:1809355", "8505004:0:6.link:1809356", "8505004:0:8.link:1809355", "8505004:0:8.link:1809356", "8505004:0:8.link:1809883", "8505004:0:8.link:1809884"], "lines": [{"line_id": "91-VAE-j24-1", "route_id": "278.TA.91-VAE-j24-1.12.H", "mode": "rail", "line_name": "VAE"}, {"line_id": "91-VAE-j24-1", "route_id": "267.TA.91-VAE-j24-1.10.H", "mode": "rail", "line_name": "VAE"}, {"line_id": "91-31-A-j24-1", "route_id": "18.TA.91-31-A-j24-1.62.H", "mode": "rail", "line_name": "S31"}, {"line_id": "91-VAE-j24-1", "route_id": "32.TA.91-VAE-j24-1.2.H", "mode": "rail", "line_name": "VAE"}, {"line_id": "91-31-A-j24-1", "route_id": "22.TA.91-31-A-j24-1.64.H", "mode": "rail", "line_name": "S31"}, {"line_id": "91-VAE-j24-1", "route_id": "414.TA.91-VAE-j24-1.93.H", "mode": "rail", "line_name": "VAE"}, {"line_id": "91-31-A-j24-1", "route_id": "21.TA.91-31-A-j24-1.63.H", "mode": "rail", "line_name": "S31"}, {"line_id": "91-31-A-j24-1", "route_id": "6.TA.91-31-A-j24-1.61.H", "mode": "rail", "line_name": "S31"}, {"line_id": "91-31-A-j24-1", "route_id": "29.TA.91-31-A-j24-1.66.R", "mode": "rail", "line_name": "S31"}, {"line_id": "91-31-A-j24-1", "route_id": "24.TA.91-31-A-j24-1.65.R", "mode": "rail", "line_name": "S31"}, {"line_id": "91-VAE-j24-1", "route_id": "904.TA.91-VAE-j24-1.98.R", "mode": "rail", "line_name": "VAE"}, {"line_id": "91-31-A-j24-1", "route_id": "30.TA.91-31-A-j24-1.67.R", "mode": "rail", "line_name": "S31"}, {"line_id": "91-VAE-j24-1", "route_id": "705.TA.91-VAE-j24-1.44.R", "mode": "rail", "line_name": "VAE"}, {"line_id": "91-VAE-j24-1", "route_id": "574.TA.91-VAE-j24-1.95.R", "mode": "rail", "line_name": "VAE"}, {"line_id": "91-VAE-j24-1", "route_id": "465.TA.91-VAE-j24-1.25.R", "mode": "rail", "line_name": "VAE"}, {"line_id": "91-31-A-j24-1", "route_id": "33.TA.91-31-A-j24-1.67.R", "mode": "rail", "line_name": "S31"}, {"line_id": "91-2-C-j24-1", "route_id": "36.TA.91-2-C-j24-1.13.H", "mode": "rail", "line_name": "S2"}, {"line_id": "91-2A-Y-j24-1", "route_id": "254.TA.91-2A-Y-j24-1.44.H", "mode": "rail", "line_name": "EC"}, {"line_id": "91-2A-Y-j24-1", "route_id": "28.TA.91-2A-Y-j24-1.5.H", "mode": "rail", "line_name": "EC"}, {"line_id": "91-2-G-j24-1", "route_id": "398.TA.91-2-G-j24-1.45.H", "mode": "rail", "line_name": "IC2"}, {"line_id": "91-2-G-j24-1", "route_id": "401.TA.91-2-G-j24-1.46.H", "mode": "rail", "line_name": "IC2"}, {"line_id": "91-2A-Y-j24-1", "route_id": "264.TA.91-2A-Y-j24-1.45.H", "mode": "rail", "line_name": "EC"}, {"line_id": "91-2A-Y-j24-1", "route_id": "242.TA.91-2A-Y-j24-1.43.H", "mode": "rail", "line_name": "EC"}, {"line_id": "91-35-Y-j24-1", "route_id": "116.TA.91-35-Y-j24-1.8.H", "mode": "rail", "line_name": "IR"}, {"line_id": "91-35-Y-j24-1", "route_id": "92.TA.91-35-Y-j24-1.61.H", "mode": "rail", "line_name": "IR"}, {"line_id": "91-2A-Y-j24-1", "route_id": "308.TA.91-2A-Y-j24-1.46.H", "mode": "rail", "line_name": "EC"}, {"line_id": "91-2A-Y-j24-1", "route_id": "328.TA.91-2A-Y-j24-1.47.H", "mode": "rail", "line_name": "EC"}, {"line_id": "91-35-Y-j24-1", "route_id": "121.TA.91-35-Y-j24-1.69.H", "mode": "rail", "line_name": "IR"}, {"line_id": "91-35-Y-j24-1", "route_id": "89.TA.91-35-Y-j24-1.5.H", "mode": "rail", "line_name": "IR"}, {"line_id": "91-2A-Y-j24-1", "route_id": "348.TA.91-2A-Y-j24-1.48.H", "mode": "rail", "line_name": "EC"}, {"line_id": "91-35-Y-j24-1", "route_id": "108.TA.91-35-Y-j24-1.7.H", "mode": "rail", "line_name": "IR"}, {"line_id": "91-2A-Y-j24-1", "route_id": "283.TA.91-2A-Y-j24-1.45.H", "mode": "rail", "line_name": "EC"}, {"line_id": "91-2-G-j24-1", "route_id": "659.TA.91-2-G-j24-1.75.R", "mode": "rail", "line_name": "IC2"}, {"line_id": "91-2A-Y-j24-1", "route_id": "647.TA.91-2A-Y-j24-1.108.R", "mode": "rail", "line_name": "EC"}, {"line_id": "91-2A-Y-j24-1", "route_id": "519.TA.91-2A-Y-j24-1.82.R", "mode": "rail", "line_name": "EC"}, {"line_id": "91-2-C-j24-1", "route_id": "98.TA.91-2-C-j24-1.88.H", "mode": "rail", "line_name": "S2"}, {"line_id": "91-35-Y-j24-1", "route_id": "223.TA.91-35-Y-j24-1.51.R", "mode": "rail", "line_name": "IR"}, {"line_id": "91-2A-Y-j24-1", "route_id": "695.TA.91-2A-Y-j24-1.114.R", "mode": "rail", "line_name": "EC"}, {"line_id": "91-2-G-j24-1", "route_id": "741.TA.91-2-G-j24-1.108.R", "mode": "rail", "line_name": "IC2"}, {"line_id": "91-35-Y-j24-1", "route_id": "200.TA.91-35-Y-j24-1.46.R", "mode": "rail", "line_name": "IR"}, {"line_id": "91-2-C-j24-1", "route_id": "9.TA.91-2-C-j24-1.3.H", "mode": "rail", "line_name": "S2"}, {"line_id": "91-2-C-j24-1", "route_id": "86.TA.91-2-C-j24-1.35.H", "mode": "rail", "line_name": "S2"}, {"line_id": "91-2A-Y-j24-1", "route_id": "489.TA.91-2A-Y-j24-1.77.R", "mode": "rail", "line_name": "EC"}, {"line_id": "91-2-C-j24-1", "route_id": "48.TA.91-2-C-j24-1.21.H", "mode": "rail", "line_name": "S2"}, {"line_id": "91-2A-Y-j24-1", "route_id": "617.TA.91-2A-Y-j24-1.102.R", "mode": "rail", "line_name": "EC"}, {"line_id": "91-3-H-j24-1", "route_id": "489.TA.91-3-H-j24-1.244.R", "mode": "rail", "line_name": "S3"}, {"line_id": "91-46-j24-1", "route_id": "271.TA.91-46-j24-1.415.R", "mode": "rail", "line_name": "IR46"}, {"line_id": "91-46-j24-1", "route_id": "187.TA.91-46-j24-1.409.R", "mode": "rail", "line_name": "IR46"}, {"line_id": "91-2-G-j24-1", "route_id": "210.TA.91-2-G-j24-1.17.H", "mode": "rail", "line_name": "IC2"}, {"line_id": "91-46-j24-1", "route_id": "296.TA.91-46-j24-1.419.R", "mode": "rail", "line_name": "IR46"}, {"line_id": "91-2-G-j24-1", "route_id": "6.TA.91-2-G-j24-1.170.H", "mode": "rail", "line_name": "IC2"}, {"line_id": "91-46-j24-1", "route_id": "274.TA.91-46-j24-1.416.R", "mode": "rail", "line_name": "IR46"}, {"line_id": "91-35-Y-j24-1", "route_id": "48.TA.91-35-Y-j24-1.159.H", "mode": "rail", "line_name": "IR"}, {"line_id": "91-2-C-j24-1", "route_id": "191.TA.91-2-C-j24-1.90.R", "mode": "rail", "line_name": "S2"}, {"line_id": "91-46-j24-1", "route_id": "277.TA.91-46-j24-1.131.R", "mode": "rail", "line_name": "IR46"}, {"line_id": "91-2-C-j24-1", "route_id": "180.TA.91-2-C-j24-1.60.R", "mode": "rail", "line_name": "S2"}, {"line_id": "91-2-G-j24-1", "route_id": "18.TA.91-2-G-j24-1.479.H", "mode": "rail", "line_name": "IC2"}, {"line_id": "91-2-G-j24-1", "route_id": "202.TA.91-2-G-j24-1.16.H", "mode": "rail", "line_name": "IC2"}, {"line_id": "91-2-G-j24-1", "route_id": "120.TA.91-2-G-j24-1.13.H", "mode": "rail", "line_name": "IC2"}, {"line_id": "91-46-j24-1", "route_id": "301.TA.91-46-j24-1.421.R", "mode": "rail", "line_name": "IR46"}, {"line_id": "91-2-G-j24-1", "route_id": "179.TA.91-2-G-j24-1.15.H", "mode": "rail", "line_name": "IC2"}, {"line_id": "91-2-G-j24-1", "route_id": "153.TA.91-2-G-j24-1.14.H", "mode": "rail", "line_name": "IC2"}, {"line_id": "91-2-G-j24-1", "route_id": "99.TA.91-2-G-j24-1.11.H", "mode": "rail", "line_name": "IC2"}, {"line_id": "91-2-C-j24-1", "route_id": "139.TA.91-2-C-j24-1.49.R", "mode": "rail", "line_name": "S2"}, {"line_id": "91-2-C-j24-1", "route_id": "130.TA.91-2-C-j24-1.46.R", "mode": "rail", "line_name": "S2"}, {"line_id": "91-46-j24-1", "route_id": "165.TA.91-46-j24-1.405.R", "mode": "rail", "line_name": "IR46"}, {"line_id": "91-46-j24-1", "route_id": "119.TA.91-46-j24-1.401.H", "mode": "rail", "line_name": "IR46"}, {"line_id": "91-2-G-j24-1", "route_id": "727.TA.91-2-G-j24-1.82.R", "mode": "rail", "line_name": "IC2"}, {"line_id": "91-2-G-j24-1", "route_id": "798.TA.91-2-G-j24-1.92.R", "mode": "rail", "line_name": "IC2"}, {"line_id": "91-2-G-j24-1", "route_id": "669.TA.91-2-G-j24-1.651.R", "mode": "rail", "line_name": "IC2"}, {"line_id": "91-46-j24-1", "route_id": "140.TA.91-46-j24-1.402.H", "mode": "rail", "line_name": "IR46"}, {"line_id": "91-46-j24-1", "route_id": "103.TA.91-46-j24-1.247.H", "mode": "rail", "line_name": "IR46"}, {"line_id": "91-2-G-j24-1", "route_id": "554.TA.91-2-G-j24-1.69.R", "mode": "rail", "line_name": "IC2"}, {"line_id": "91-46-j24-1", "route_id": "13.TA.91-46-j24-1.173.H", "mode": "rail", "line_name": "IR46"}, {"line_id": "91-2-G-j24-1", "route_id": "722.TA.91-2-G-j24-1.81.R", "mode": "rail", "line_name": "IC2"}, {"line_id": "91-46-j24-1", "route_id": "42.TA.91-46-j24-1.34.H", "mode": "rail", "line_name": "IR46"}, {"line_id": "91-46-j24-1", "route_id": "87.TA.91-46-j24-1.257.H", "mode": "rail", "line_name": "IR46"}, {"line_id": "91-2-G-j24-1", "route_id": "755.TA.91-2-G-j24-1.688.R", "mode": "rail", "line_name": "IC2"}, {"line_id": "91-46-j24-1", "route_id": "38.TA.91-46-j24-1.30.H", "mode": "rail", "line_name": "IR46"}, {"line_id": "91-2-G-j24-1", "route_id": "605.TA.91-2-G-j24-1.645.R", "mode": "rail", "line_name": "IC2"}, {"line_id": "91-26-C-j24-1", "route_id": "782.TA.91-26-C-j24-1.776.R", "mode": "rail", "line_name": "IR26"}, {"line_id": "91-21-D-j24-1", "route_id": "754.TA.91-21-D-j24-1.100.R", "mode": "rail", "line_name": "IC21"}, {"line_id": "91-3R-Y-j24-1", "route_id": "18.TA.91-3R-Y-j24-1.220.H", "mode": "rail", "line_name": "EC"}, {"line_id": "91-3-H-j24-1", "route_id": "329.TA.91-3-H-j24-1.66.H", "mode": "rail", "line_name": "S3"}, {"line_id": "91-26-C-j24-1", "route_id": "752.TA.91-26-C-j24-1.824.R", "mode": "rail", "line_name": "IR26"}, {"line_id": "91-3-H-j24-1", "route_id": "342.TA.91-3-H-j24-1.69.H", "mode": "rail", "line_name": "S3"}, {"line_id": "91-21-D-j24-1", "route_id": "974.TA.91-21-D-j24-1.116.R", "mode": "rail", "line_name": "IC21"}, {"line_id": "91-21-D-j24-1", "route_id": "1057.TA.91-21-D-j24-1.149.R", "mode": "rail", "line_name": "IC21"}, {"line_id": "91-26-C-j24-1", "route_id": "613.TA.91-26-C-j24-1.771.R", "mode": "rail", "line_name": "IR26"}, {"line_id": "91-3-H-j24-1", "route_id": "389.TA.91-3-H-j24-1.534.H", "mode": "rail", "line_name": "S3"}, {"line_id": "91-21-D-j24-1", "route_id": "878.TA.91-21-D-j24-1.1136.R", "mode": "rail", "line_name": "IC21"}, {"line_id": "91-26-C-j24-1", "route_id": "578.TA.91-26-C-j24-1.768.R", "mode": "rail", "line_name": "IR26"}, {"line_id": "91-26-C-j24-1", "route_id": "725.TA.91-26-C-j24-1.773.R", "mode": "rail", "line_name": "IR26"}, {"line_id": "91-3-H-j24-1", "route_id": "247.TA.91-3-H-j24-1.50.H", "mode": "rail", "line_name": "S3"}, {"line_id": "91-21-D-j24-1", "route_id": "964.TA.91-21-D-j24-1.115.R", "mode": "rail", "line_name": "IC21"}, {"line_id": "91-3-H-j24-1", "route_id": "359.TA.91-3-H-j24-1.80.H", "mode": "rail", "line_name": "S3"}, {"line_id": "91-26-C-j24-1", "route_id": "703.TA.91-26-C-j24-1.772.R", "mode": "rail", "line_name": "IR26"}, {"line_id": "91-26-C-j24-1", "route_id": "744.TA.91-26-C-j24-1.774.R", "mode": "rail", "line_name": "IR26"}, {"line_id": "91-3-H-j24-1", "route_id": "360.TA.91-3-H-j24-1.413.H", "mode": "rail", "line_name": "S3"}, {"line_id": "91-26-C-j24-1", "route_id": "274.TA.91-26-C-j24-1.475.H", "mode": "rail", "line_name": "IR26"}, {"line_id": "91-26-C-j24-1", "route_id": "384.TA.91-26-C-j24-1.745.H", "mode": "rail", "line_name": "IR26"}, {"line_id": "91-3R-Y-j24-1", "route_id": "51.TA.91-3R-Y-j24-1.237.R", "mode": "rail", "line_name": "EC"}, {"line_id": "91-21-D-j24-1", "route_id": "593.TA.91-21-D-j24-1.80.H", "mode": "rail", "line_name": "IC21"}, {"line_id": "91-21-D-j24-1", "route_id": "162.TA.91-21-D-j24-1.13.H", "mode": "rail", "line_name": "IC21"}, {"line_id": "91-21-D-j24-1", "route_id": "220.TA.91-21-D-j24-1.19.H", "mode": "rail", "line_name": "IC21"}, {"line_id": "91-26-C-j24-1", "route_id": "96.TA.91-26-C-j24-1.717.H", "mode": "rail", "line_name": "IR26"}, {"line_id": "91-21-D-j24-1", "route_id": "355.TA.91-21-D-j24-1.33.H", "mode": "rail", "line_name": "IC21"}, {"line_id": "91-26-C-j24-1", "route_id": "63.TA.91-26-C-j24-1.715.H", "mode": "rail", "line_name": "IR26"}, {"line_id": "91-26-C-j24-1", "route_id": "179.TA.91-26-C-j24-1.719.H", "mode": "rail", "line_name": "IR26"}, {"line_id": "91-26-C-j24-1", "route_id": "295.TA.91-26-C-j24-1.736.H", "mode": "rail", "line_name": "IR26"}, {"line_id": "91-26-C-j24-1", "route_id": "291.TA.91-26-C-j24-1.735.H", "mode": "rail", "line_name": "IR26"}, {"line_id": "91-21-D-j24-1", "route_id": "248.TA.91-21-D-j24-1.1014.H", "mode": "rail", "line_name": "IC21"}, {"line_id": "91-21-D-j24-1", "route_id": "463.TA.91-21-D-j24-1.42.H", "mode": "rail", "line_name": "IC21"}, {"line_id": "91-21-D-j24-1", "route_id": "32.TA.91-21-D-j24-1.986.H", "mode": "rail", "line_name": "IC21"}, {"line_id": "91-26-C-j24-1", "route_id": "267.TA.91-26-C-j24-1.732.H", "mode": "rail", "line_name": "IR26"}, {"line_id": "91-26-C-j24-1", "route_id": "426.TA.91-26-C-j24-1.133.R", "mode": "rail", "line_name": "IR26"}, {"line_id": "91-3-H-j24-1", "route_id": "157.TA.91-3-H-j24-1.29.H", "mode": "rail", "line_name": "S3"}, {"line_id": "91-VAE-j24-1", "route_id": "391.TA.91-VAE-j24-1.20.H", "mode": "rail", "line_name": "VAE"}, {"line_id": "91-VAE-j24-1", "route_id": "312.TA.91-VAE-j24-1.15.H", "mode": "rail", "line_name": "VAE"}, {"line_id": "91-VAE-j24-1", "route_id": "339.TA.91-VAE-j24-1.17.H", "mode": "rail", "line_name": "VAE"}, {"line_id": "91-3-H-j24-1", "route_id": "229.TA.91-3-H-j24-1.47.H", "mode": "rail", "line_name": "S3"}, {"line_id": "91-VAE-j24-1", "route_id": "348.TA.91-VAE-j24-1.18.H", "mode": "rail", "line_name": "VAE"}, {"line_id": "91-VAE-j24-1", "route_id": "302.TA.91-VAE-j24-1.14.H", "mode": "rail", "line_name": "VAE"}, {"line_id": "91-VAE-j24-1", "route_id": "323.TA.91-VAE-j24-1.16.H", "mode": "rail", "line_name": "VAE"}, {"line_id": "91-3-H-j24-1", "route_id": "698.TA.91-3-H-j24-1.193.R", "mode": "rail", "line_name": "S3"}, {"line_id": "91-VAE-j24-1", "route_id": "818.TA.91-VAE-j24-1.48.R", "mode": "rail", "line_name": "VAE"}, {"line_id": "91-VAE-j24-1", "route_id": "868.TA.91-VAE-j24-1.54.R", "mode": "rail", "line_name": "VAE"}, {"line_id": "91-3-H-j24-1", "route_id": "653.TA.91-3-H-j24-1.188.R", "mode": "rail", "line_name": "S3"}, {"line_id": "91-VAE-j24-1", "route_id": "837.TA.91-VAE-j24-1.49.R", "mode": "rail", "line_name": "VAE"}, {"line_id": "91-VAE-j24-1", "route_id": "784.TA.91-VAE-j24-1.47.R", "mode": "rail", "line_name": "VAE"}, {"line_id": "91-VAE-j24-1", "route_id": "865.TA.91-VAE-j24-1.53.R", "mode": "rail", "line_name": "VAE"}, {"line_id": "91-3-H-j24-1", "route_id": "161.TA.91-3-H-j24-1.31.H", "mode": "rail", "line_name": "S3"}, {"line_id": "91-3-H-j24-1", "route_id": "589.TA.91-3-H-j24-1.295.R", "mode": "rail", "line_name": "S3"}, {"line_id": "91-3-H-j24-1", "route_id": "499.TA.91-3-H-j24-1.145.R", "mode": "rail", "line_name": "S3"}, {"line_id": "91-8I-Y-j24-1", "route_id": "10.TA.91-8I-Y-j24-1.2.R", "mode": "rail", "line_name": "PE"}, {"line_id": "91-3-H-j24-1", "route_id": "349.TA.91-3-H-j24-1.74.H", "mode": "rail", "line_name": "S3"}, {"line_id": "91-3-H-j24-1", "route_id": "707.TA.91-3-H-j24-1.431.R", "mode": "rail", "line_name": "S3"}, {"line_id": "91-3-H-j24-1", "route_id": "764.TA.91-3-H-j24-1.207.R", "mode": "rail", "line_name": "S3"}, {"line_id": "91-3-H-j24-1", "route_id": "767.TA.91-3-H-j24-1.208.R", "mode": "rail", "line_name": "S3"}, {"line_id": "91-8I-Y-j24-1", "route_id": "3.TA.91-8I-Y-j24-1.9.H", "mode": "rail", "line_name": "PE"}, {"line_id": "91-3-H-j24-1", "route_id": "761.TA.91-3-H-j24-1.207.R", "mode": "rail", "line_name": "S3"}, {"line_id": "91-3-H-j24-1", "route_id": "751.TA.91-3-H-j24-1.204.R", "mode": "rail", "line_name": "S3"}, {"line_id": "91-3-H-j24-1", "route_id": "719.TA.91-3-H-j24-1.199.R", "mode": "rail", "line_name": "S3"}, {"line_id": "91-3-H-j24-1", "route_id": "728.TA.91-3-H-j24-1.246.R", "mode": "rail", "line_name": "S3"}], "predominant_mode": "rail", "assigned_canton": "Schwyz", "modes_list": ["rail"]}, "geometry": {"type": "Point", "coordinates": [8.547734513402727, 47.04967869669019]}}, {"id": "1177", "type": "Feature", "properties": {"name": "Arth-Goldau RB", "lon": 8.547775930991687, "lat": 47.048885023306816, "stop_id": ["8505063.link:1809223", "8505063.link:1809224"], "lines": [{"line_id": "93-81-j24-1", "route_id": "16.TA.93-81-j24-1.16.R", "mode": "rail", "line_name": "81"}, {"line_id": "93-81-j24-1", "route_id": "26.TA.93-81-j24-1.16.R", "mode": "rail", "line_name": "81"}, {"line_id": "93-81-j24-1", "route_id": "14.TA.93-81-j24-1.14.H", "mode": "rail", "line_name": "81"}, {"line_id": "93-81-j24-1", "route_id": "4.TA.93-81-j24-1.14.H", "mode": "rail", "line_name": "81"}], "predominant_mode": "rail", "assigned_canton": "Schwyz", "modes_list": ["rail"]}, "geometry": {"type": "Point", "coordinates": [8.547775939488172, 47.0488850333558]}}, {"id": "1178", "type": "Feature", "properties": {"name": "Arth-Goldau, Bahnhof", "lon": 8.548602378501402, "lat": 47.04916505454387, "stop_id": ["8577398:0:A.link:1332986", "8577398:0:A.link:1332987", "8577398:0:A.link:1333093", "8577398:0:B.link:1333092", "8577398:0:B.link:1333097", "8577398:0:C.link:1333098", "8577398:0:C.link:1333122", "8577398:0:D.link:1333099"], "lines": [{"line_id": "92-526-j24-1", "route_id": "16.TA.92-526-j24-1.6.H", "mode": "bus", "line_name": "526"}, {"line_id": "92-526-j24-1", "route_id": "26.TA.92-526-j24-1.8.R", "mode": "bus", "line_name": "526"}, {"line_id": "92-502-A-j24-1", "route_id": "13.TA.92-502-A-j24-1.786.H", "mode": "bus", "line_name": "502"}, {"line_id": "92-526-j24-1", "route_id": "4.TA.92-526-j24-1.5.H", "mode": "bus", "line_name": "526"}, {"line_id": "92-502-A-j24-1", "route_id": "1161.TA.92-502-A-j24-1.798.R", "mode": "bus", "line_name": "502"}, {"line_id": "92-523-j24-1", "route_id": "56.TA.92-523-j24-1.16.R", "mode": "bus", "line_name": "523"}, {"line_id": "92-501-j24-1", "route_id": "154.TA.92-501-j24-1.10.H", "mode": "bus", "line_name": "501"}, {"line_id": "92-502-A-j24-1", "route_id": "216.TA.92-502-A-j24-1.12.H", "mode": "bus", "line_name": "502"}, {"line_id": "92-526-j24-1", "route_id": "21.TA.92-526-j24-1.7.R", "mode": "bus", "line_name": "526"}, {"line_id": "92-501-j24-1", "route_id": "109.TA.92-501-j24-1.10.H", "mode": "bus", "line_name": "501"}, {"line_id": "92-523-j24-1", "route_id": "14.TA.92-523-j24-1.12.H", "mode": "bus", "line_name": "523"}, {"line_id": "92-523-j24-1", "route_id": "6.TA.92-523-j24-1.12.H", "mode": "bus", "line_name": "523"}, {"line_id": "92-502-A-j24-1", "route_id": "185.TA.92-502-A-j24-1.9.H", "mode": "bus", "line_name": "502"}, {"line_id": "92-523-j24-1", "route_id": "49.TA.92-523-j24-1.15.R", "mode": "bus", "line_name": "523"}, {"line_id": "92-523-j24-1", "route_id": "40.TA.92-523-j24-1.14.R", "mode": "bus", "line_name": "523"}, {"line_id": "92-502-A-j24-1", "route_id": "2143.TA.92-502-A-j24-1.811.R", "mode": "bus", "line_name": "502"}, {"line_id": "92-501-j24-1", "route_id": "87.TA.92-501-j24-1.8.H", "mode": "bus", "line_name": "501"}, {"line_id": "92-501-j24-1", "route_id": "81.TA.92-501-j24-1.8.H", "mode": "bus", "line_name": "501"}, {"line_id": "92-501-j24-1", "route_id": "863.TA.92-501-j24-1.439.R", "mode": "bus", "line_name": "501"}, {"line_id": "92-502-A-j24-1", "route_id": "1592.TA.92-502-A-j24-1.804.R", "mode": "bus", "line_name": "502"}, {"line_id": "92-501-j24-1", "route_id": "1204.TA.92-501-j24-1.446.R", "mode": "bus", "line_name": "501"}, {"line_id": "92-502-A-j24-1", "route_id": "192.TA.92-502-A-j24-1.10.H", "mode": "bus", "line_name": "502"}, {"line_id": "92-502-A-j24-1", "route_id": "1369.TA.92-502-A-j24-1.49.R", "mode": "bus", "line_name": "502"}, {"line_id": "92-501-j24-1", "route_id": "743.TA.92-501-j24-1.37.R", "mode": "bus", "line_name": "501"}, {"line_id": "92-501-j24-1", "route_id": "95.TA.92-501-j24-1.9.H", "mode": "bus", "line_name": "501"}, {"line_id": "92-501-j24-1", "route_id": "598.TA.92-501-j24-1.433.H", "mode": "bus", "line_name": "501"}, {"line_id": "92-502-A-j24-1", "route_id": "945.TA.92-502-A-j24-1.795.H", "mode": "bus", "line_name": "502"}, {"line_id": "92-501-j24-1", "route_id": "157.TA.92-501-j24-1.423.H", "mode": "bus", "line_name": "501"}, {"line_id": "92-501-j24-1", "route_id": "568.TA.92-501-j24-1.433.H", "mode": "bus", "line_name": "501"}, {"line_id": "92-501-j24-1", "route_id": "269.TA.92-501-j24-1.426.H", "mode": "bus", "line_name": "501"}, {"line_id": "92-502-A-j24-1", "route_id": "199.TA.92-502-A-j24-1.11.H", "mode": "bus", "line_name": "502"}, {"line_id": "92-502-A-j24-1", "route_id": "1604.TA.92-502-A-j24-1.607.R", "mode": "bus", "line_name": "502"}, {"line_id": "92-501-j24-1", "route_id": "780.TA.92-501-j24-1.436.R", "mode": "bus", "line_name": "501"}, {"line_id": "92-502-A-j24-1", "route_id": "931.TA.92-502-A-j24-1.795.H", "mode": "bus", "line_name": "502"}], "predominant_mode": "bus", "assigned_canton": "Schwyz", "modes_list": ["bus"]}, "geometry": {"type": "Point", "coordinates": [8.548602386998617, 47.049165064592756]}}, {"id": "2515", "type": "Feature", "properties": {"name": "Bennau, Burgeren", "lon": 8.734356014272729, "lat": 47.145440170381576, "stop_id": ["8503727.link:1626431", "8503727.link:1626432"], "lines": [{"line_id": "96-244-2-j24-1", "route_id": "15.TA.96-244-2-j24-1.2.R", "mode": "bus", "line_name": "551"}, {"line_id": "96-244-2-j24-1", "route_id": "27.TA.96-244-2-j24-1.8.R", "mode": "bus", "line_name": "551"}, {"line_id": "96-244-2-j24-1", "route_id": "13.TA.96-244-2-j24-1.7.H", "mode": "bus", "line_name": "551"}, {"line_id": "96-244-2-j24-1", "route_id": "8.TA.96-244-2-j24-1.1.H", "mode": "bus", "line_name": "551"}], "predominant_mode": "bus", "assigned_canton": "Schwyz", "modes_list": ["bus"]}, "geometry": {"type": "Point", "coordinates": [8.73435602292221, 47.145440180411484]}}, {"id": "2516", "type": "Feature", "properties": {"name": "Bennau, Kirche", "lon": 8.729496134378165, "lat": 47.14873936045806, "stop_id": ["8573767.link:778526", "8573767.link:778527"], "lines": [{"line_id": "96-244-0-j24-1", "route_id": "8.TA.96-244-0-j24-1.4.R", "mode": "bus", "line_name": "571"}, {"line_id": "96-244-0-j24-1", "route_id": "9.TA.96-244-0-j24-1.5.R", "mode": "bus", "line_name": "571"}, {"line_id": "96-244-2-j24-1", "route_id": "27.TA.96-244-2-j24-1.8.R", "mode": "bus", "line_name": "551"}, {"line_id": "96-244-0-j24-1", "route_id": "1.TA.96-244-0-j24-1.1.H", "mode": "bus", "line_name": "571"}, {"line_id": "96-244-2-j24-1", "route_id": "15.TA.96-244-2-j24-1.2.R", "mode": "bus", "line_name": "551"}, {"line_id": "96-244-2-j24-1", "route_id": "13.TA.96-244-2-j24-1.7.H", "mode": "bus", "line_name": "551"}, {"line_id": "96-244-0-j24-1", "route_id": "6.TA.96-244-0-j24-1.3.R", "mode": "bus", "line_name": "571"}, {"line_id": "96-244-2-j24-1", "route_id": "8.TA.96-244-2-j24-1.1.H", "mode": "bus", "line_name": "551"}, {"line_id": "96-244-0-j24-1", "route_id": "4.TA.96-244-0-j24-1.2.H", "mode": "bus", "line_name": "571"}], "predominant_mode": "bus", "assigned_canton": "Schwyz", "modes_list": ["bus"]}, "geometry": {"type": "Point", "coordinates": [8.729496143021947, 47.14873937049054]}}, {"id": "2517", "type": "Feature", "properties": {"name": "Bennau, Moos", "lon": 8.719587714313901, "lat": 47.14696149061371, "stop_id": ["8573768.link:1429342", "8573768.link:1429343"], "lines": [{"line_id": "96-244-2-j24-1", "route_id": "15.TA.96-244-2-j24-1.2.R", "mode": "bus", "line_name": "551"}, {"line_id": "96-244-2-j24-1", "route_id": "27.TA.96-244-2-j24-1.8.R", "mode": "bus", "line_name": "551"}, {"line_id": "96-244-2-j24-1", "route_id": "13.TA.96-244-2-j24-1.7.H", "mode": "bus", "line_name": "551"}, {"line_id": "96-244-2-j24-1", "route_id": "8.TA.96-244-2-j24-1.1.H", "mode": "bus", "line_name": "551"}], "predominant_mode": "bus", "assigned_canton": "Schwyz", "modes_list": ["bus"]}, "geometry": {"type": "Point", "coordinates": [8.719587722948644, 47.14696150064848]}}, {"id": "2518", "type": "Feature", "properties": {"name": "Bennau, Rappen\u00e4st", "lon": 8.74995076443292, "lat": 47.15004065013675, "stop_id": ["8586566.link:1819529"], "lines": [{"line_id": "96-244-0-j24-1", "route_id": "8.TA.96-244-0-j24-1.4.R", "mode": "bus", "line_name": "571"}, {"line_id": "96-244-0-j24-1", "route_id": "4.TA.96-244-0-j24-1.2.H", "mode": "bus", "line_name": "571"}, {"line_id": "96-244-0-j24-1", "route_id": "9.TA.96-244-0-j24-1.5.R", "mode": "bus", "line_name": "571"}], "predominant_mode": "bus", "assigned_canton": "Schwyz", "modes_list": ["bus"]}, "geometry": {"type": "Point", "coordinates": [8.749950773096046, 47.15004066016371]}}, {"id": "2519", "type": "Feature", "properties": {"name": "Bennau, Schnabelsberg", "lon": 8.74314153416284, "lat": 47.1419330302434, "stop_id": ["8503726.link:1859599", "8503726.link:1859600", "8503726.link:1859604"], "lines": [{"line_id": "96-244-2-j24-1", "route_id": "15.TA.96-244-2-j24-1.2.R", "mode": "bus", "line_name": "551"}, {"line_id": "96-244-0-j24-1", "route_id": "8.TA.96-244-0-j24-1.4.R", "mode": "bus", "line_name": "571"}, {"line_id": "96-244-2-j24-1", "route_id": "27.TA.96-244-2-j24-1.8.R", "mode": "bus", "line_name": "551"}, {"line_id": "96-244-0-j24-1", "route_id": "9.TA.96-244-0-j24-1.5.R", "mode": "bus", "line_name": "571"}, {"line_id": "96-244-2-j24-1", "route_id": "13.TA.96-244-2-j24-1.7.H", "mode": "bus", "line_name": "551"}, {"line_id": "96-244-2-j24-1", "route_id": "8.TA.96-244-2-j24-1.1.H", "mode": "bus", "line_name": "551"}, {"line_id": "96-244-0-j24-1", "route_id": "4.TA.96-244-0-j24-1.2.H", "mode": "bus", "line_name": "571"}, {"line_id": "96-244-9-j24-1", "route_id": "6.TA.96-244-9-j24-1.1.H", "mode": "bus", "line_name": "563"}], "predominant_mode": "bus", "assigned_canton": "Schwyz", "modes_list": ["bus"]}, "geometry": {"type": "Point", "coordinates": [8.743141542821878, 47.141933040269514]}}, {"id": "2520", "type": "Feature", "properties": {"name": "Bennau, Schwyzerbrugg", "lon": 8.716201064437215, "lat": 47.15077987066707, "stop_id": ["8573769.link:580520", "8573769.link:580521"], "lines": [{"line_id": "92-507-A-j24-1", "route_id": "212.TA.92-507-A-j24-1.7.H", "mode": "bus", "line_name": "507"}, {"line_id": "92-507-A-j24-1", "route_id": "213.TA.92-507-A-j24-1.7.H", "mode": "bus", "line_name": "507"}, {"line_id": "96-244-2-j24-1", "route_id": "8.TA.96-244-2-j24-1.1.H", "mode": "bus", "line_name": "551"}, {"line_id": "96-244-2-j24-1", "route_id": "13.TA.96-244-2-j24-1.7.H", "mode": "bus", "line_name": "551"}, {"line_id": "92-507-A-j24-1", "route_id": "135.TA.92-507-A-j24-1.6.H", "mode": "bus", "line_name": "507"}, {"line_id": "92-507-A-j24-1", "route_id": "199.TA.92-507-A-j24-1.7.H", "mode": "bus", "line_name": "507"}, {"line_id": "92-507-A-j24-1", "route_id": "359.TA.92-507-A-j24-1.14.R", "mode": "bus", "line_name": "507"}, {"line_id": "96-244-2-j24-1", "route_id": "27.TA.96-244-2-j24-1.8.R", "mode": "bus", "line_name": "551"}, {"line_id": "92-507-A-j24-1", "route_id": "440.TA.92-507-A-j24-1.15.R", "mode": "bus", "line_name": "507"}, {"line_id": "96-244-2-j24-1", "route_id": "15.TA.96-244-2-j24-1.2.R", "mode": "bus", "line_name": "551"}, {"line_id": "92-507-A-j24-1", "route_id": "426.TA.92-507-A-j24-1.15.R", "mode": "bus", "line_name": "507"}], "predominant_mode": "bus", "assigned_canton": "Schwyz", "modes_list": ["bus"]}, "geometry": {"type": "Point", "coordinates": [8.716201073067518, 47.15077988070419]}}, {"id": "2521", "type": "Feature", "properties": {"name": "Bennau, Wettertannen", "lon": 8.713560014324925, "lat": 47.14740749070841, "stop_id": ["8503728.link:1429330", "8503728.link:1429331"], "lines": [{"line_id": "96-244-2-j24-1", "route_id": "15.TA.96-244-2-j24-1.2.R", "mode": "bus", "line_name": "551"}, {"line_id": "96-244-2-j24-1", "route_id": "27.TA.96-244-2-j24-1.8.R", "mode": "bus", "line_name": "551"}, {"line_id": "96-244-2-j24-1", "route_id": "13.TA.96-244-2-j24-1.7.H", "mode": "bus", "line_name": "551"}, {"line_id": "96-244-2-j24-1", "route_id": "8.TA.96-244-2-j24-1.1.H", "mode": "bus", "line_name": "551"}], "predominant_mode": "bus", "assigned_canton": "Schwyz", "modes_list": ["bus"]}, "geometry": {"type": "Point", "coordinates": [8.713560022953702, 47.1474075007451]}}, {"id": "3044", "type": "Feature", "properties": {"name": "Biberbrugg", "lon": 8.722496973200139, "lat": 47.15649863056841, "stop_id": ["8503284:0:2.link:946737", "8503284:0:2.link:946738", "8503284:0:3.link:1115639", "8503284:0:3.link:1115640", "8503284:0:3.link:946731", "8503284:0:3.link:946732", "8503284:0:3.link:946737", "8503284:0:3.link:946738", "8503284:0:4.link:1115639", "8503284:0:4.link:1115640", "8503284:0:4.link:946731", "8503284:0:4.link:946732", "8503284:0:5.link:1115639", "8503284:0:5.link:1115640"], "lines": [{"line_id": "91-13-A-j24-1", "route_id": "378.TA.91-13-A-j24-1.114.R", "mode": "rail", "line_name": "S13"}, {"line_id": "91-13-A-j24-1", "route_id": "461.TA.91-13-A-j24-1.120.R", "mode": "rail", "line_name": "S13"}, {"line_id": "91-13-A-j24-1", "route_id": "398.TA.91-13-A-j24-1.141.R", "mode": "rail", "line_name": "S13"}, {"line_id": "91-13-A-j24-1", "route_id": "268.TA.91-13-A-j24-1.107.R", "mode": "rail", "line_name": "S13"}, {"line_id": "91-13-A-j24-1", "route_id": "262.TA.91-13-A-j24-1.106.R", "mode": "rail", "line_name": "S13"}, {"line_id": "91-13-A-j24-1", "route_id": "432.TA.91-13-A-j24-1.117.R", "mode": "rail", "line_name": "S13"}, {"line_id": "91-13-A-j24-1", "route_id": "392.TA.91-13-A-j24-1.115.R", "mode": "rail", "line_name": "S13"}, {"line_id": "91-13-A-j24-1", "route_id": "440.TA.91-13-A-j24-1.118.R", "mode": "rail", "line_name": "S13"}, {"line_id": "91-13-A-j24-1", "route_id": "333.TA.91-13-A-j24-1.111.R", "mode": "rail", "line_name": "S13"}, {"line_id": "91-13-A-j24-1", "route_id": "275.TA.91-13-A-j24-1.108.R", "mode": "rail", "line_name": "S13"}, {"line_id": "91-13-A-j24-1", "route_id": "356.TA.91-13-A-j24-1.113.R", "mode": "rail", "line_name": "S13"}, {"line_id": "91-13-A-j24-1", "route_id": "416.TA.91-13-A-j24-1.142.R", "mode": "rail", "line_name": "S13"}, {"line_id": "91-40-j24-1", "route_id": "147.TA.91-40-j24-1.19.H", "mode": "rail", "line_name": "S40"}, {"line_id": "91-40-j24-1", "route_id": "2.TA.91-40-j24-1.142.H", "mode": "rail", "line_name": "S40"}, {"line_id": "91-40-j24-1", "route_id": "279.TA.91-40-j24-1.80.R", "mode": "rail", "line_name": "S40"}, {"line_id": "91-13-A-j24-1", "route_id": "135.TA.91-13-A-j24-1.90.H", "mode": "rail", "line_name": "S13"}, {"line_id": "91-13-A-j24-1", "route_id": "129.TA.91-13-A-j24-1.90.H", "mode": "rail", "line_name": "S13"}, {"line_id": "91-13-A-j24-1", "route_id": "161.TA.91-13-A-j24-1.138.H", "mode": "rail", "line_name": "S13"}, {"line_id": "91-13-A-j24-1", "route_id": "232.TA.91-13-A-j24-1.99.H", "mode": "rail", "line_name": "S13"}, {"line_id": "91-13-A-j24-1", "route_id": "244.TA.91-13-A-j24-1.103.H", "mode": "rail", "line_name": "S13"}, {"line_id": "91-13-A-j24-1", "route_id": "108.TA.91-13-A-j24-1.88.H", "mode": "rail", "line_name": "S13"}, {"line_id": "91-13-A-j24-1", "route_id": "216.TA.91-13-A-j24-1.98.H", "mode": "rail", "line_name": "S13"}, {"line_id": "91-13-A-j24-1", "route_id": "184.TA.91-13-A-j24-1.96.H", "mode": "rail", "line_name": "S13"}, {"line_id": "91-40-j24-1", "route_id": "468.TA.91-40-j24-1.156.R", "mode": "rail", "line_name": "S40"}, {"line_id": "91-13-A-j24-1", "route_id": "36.TA.91-13-A-j24-1.84.H", "mode": "rail", "line_name": "S13"}, {"line_id": "91-13-A-j24-1", "route_id": "88.TA.91-13-A-j24-1.136.H", "mode": "rail", "line_name": "S13"}, {"line_id": "91-13-A-j24-1", "route_id": "14.TA.91-13-A-j24-1.83.H", "mode": "rail", "line_name": "S13"}, {"line_id": "91-13-A-j24-1", "route_id": "42.TA.91-13-A-j24-1.135.H", "mode": "rail", "line_name": "S13"}, {"line_id": "91-13-A-j24-1", "route_id": "117.TA.91-13-A-j24-1.88.H", "mode": "rail", "line_name": "S13"}, {"line_id": "91-VAE-j24-1", "route_id": "32.TA.91-VAE-j24-1.2.H", "mode": "rail", "line_name": "VAE"}, {"line_id": "91-31-A-j24-1", "route_id": "21.TA.91-31-A-j24-1.63.H", "mode": "rail", "line_name": "S31"}, {"line_id": "91-31-A-j24-1", "route_id": "24.TA.91-31-A-j24-1.65.R", "mode": "rail", "line_name": "S31"}, {"line_id": "91-VAE-j24-1", "route_id": "465.TA.91-VAE-j24-1.25.R", "mode": "rail", "line_name": "VAE"}, {"line_id": "91-40-j24-1", "route_id": "203.TA.91-40-j24-1.24.H", "mode": "rail", "line_name": "S40"}, {"line_id": "91-40-j24-1", "route_id": "154.TA.91-40-j24-1.20.H", "mode": "rail", "line_name": "S40"}, {"line_id": "91-40-j24-1", "route_id": "218.TA.91-40-j24-1.24.H", "mode": "rail", "line_name": "S40"}, {"line_id": "91-40-j24-1", "route_id": "216.TA.91-40-j24-1.24.H", "mode": "rail", "line_name": "S40"}, {"line_id": "91-13-A-j24-1", "route_id": "415.TA.91-13-A-j24-1.116.R", "mode": "rail", "line_name": "S13"}, {"line_id": "91-40-j24-1", "route_id": "83.TA.91-40-j24-1.15.H", "mode": "rail", "line_name": "S40"}, {"line_id": "91-40-j24-1", "route_id": "158.TA.91-40-j24-1.20.H", "mode": "rail", "line_name": "S40"}, {"line_id": "91-40-j24-1", "route_id": "171.TA.91-40-j24-1.20.H", "mode": "rail", "line_name": "S40"}, {"line_id": "91-40-j24-1", "route_id": "223.TA.91-40-j24-1.28.H", "mode": "rail", "line_name": "S40"}, {"line_id": "91-40-j24-1", "route_id": "124.TA.91-40-j24-1.150.H", "mode": "rail", "line_name": "S40"}, {"line_id": "91-40-j24-1", "route_id": "389.TA.91-40-j24-1.51.R", "mode": "rail", "line_name": "S40"}, {"line_id": "91-40-j24-1", "route_id": "333.TA.91-40-j24-1.49.R", "mode": "rail", "line_name": "S40"}, {"line_id": "91-40-j24-1", "route_id": "291.TA.91-40-j24-1.155.R", "mode": "rail", "line_name": "S40"}, {"line_id": "91-13-A-j24-1", "route_id": "180.TA.91-13-A-j24-1.95.H", "mode": "rail", "line_name": "S13"}, {"line_id": "91-13-A-j24-1", "route_id": "170.TA.91-13-A-j24-1.139.H", "mode": "rail", "line_name": "S13"}, {"line_id": "91-40-j24-1", "route_id": "377.TA.91-40-j24-1.50.R", "mode": "rail", "line_name": "S40"}, {"line_id": "91-40-j24-1", "route_id": "369.TA.91-40-j24-1.50.R", "mode": "rail", "line_name": "S40"}, {"line_id": "91-40-j24-1", "route_id": "399.TA.91-40-j24-1.51.R", "mode": "rail", "line_name": "S40"}, {"line_id": "91-40-j24-1", "route_id": "395.TA.91-40-j24-1.51.R", "mode": "rail", "line_name": "S40"}, {"line_id": "91-40-j24-1", "route_id": "379.TA.91-40-j24-1.50.R", "mode": "rail", "line_name": "S40"}, {"line_id": "91-40-j24-1", "route_id": "4.TA.91-40-j24-1.143.H", "mode": "rail", "line_name": "S40"}, {"line_id": "91-40-j24-1", "route_id": "232.TA.91-40-j24-1.30.R", "mode": "rail", "line_name": "S40"}, {"line_id": "91-VAE-j24-1", "route_id": "391.TA.91-VAE-j24-1.20.H", "mode": "rail", "line_name": "VAE"}, {"line_id": "91-VAE-j24-1", "route_id": "312.TA.91-VAE-j24-1.15.H", "mode": "rail", "line_name": "VAE"}, {"line_id": "91-VAE-j24-1", "route_id": "278.TA.91-VAE-j24-1.12.H", "mode": "rail", "line_name": "VAE"}, {"line_id": "91-VAE-j24-1", "route_id": "339.TA.91-VAE-j24-1.17.H", "mode": "rail", "line_name": "VAE"}, {"line_id": "91-VAE-j24-1", "route_id": "267.TA.91-VAE-j24-1.10.H", "mode": "rail", "line_name": "VAE"}, {"line_id": "91-VAE-j24-1", "route_id": "348.TA.91-VAE-j24-1.18.H", "mode": "rail", "line_name": "VAE"}, {"line_id": "91-31-A-j24-1", "route_id": "22.TA.91-31-A-j24-1.64.H", "mode": "rail", "line_name": "S31"}, {"line_id": "91-VAE-j24-1", "route_id": "323.TA.91-VAE-j24-1.16.H", "mode": "rail", "line_name": "VAE"}, {"line_id": "91-VAE-j24-1", "route_id": "414.TA.91-VAE-j24-1.93.H", "mode": "rail", "line_name": "VAE"}, {"line_id": "91-VAE-j24-1", "route_id": "302.TA.91-VAE-j24-1.14.H", "mode": "rail", "line_name": "VAE"}, {"line_id": "91-31-A-j24-1", "route_id": "29.TA.91-31-A-j24-1.66.R", "mode": "rail", "line_name": "S31"}, {"line_id": "91-VAE-j24-1", "route_id": "818.TA.91-VAE-j24-1.48.R", "mode": "rail", "line_name": "VAE"}, {"line_id": "91-VAE-j24-1", "route_id": "904.TA.91-VAE-j24-1.98.R", "mode": "rail", "line_name": "VAE"}, {"line_id": "91-VAE-j24-1", "route_id": "868.TA.91-VAE-j24-1.54.R", "mode": "rail", "line_name": "VAE"}, {"line_id": "91-VAE-j24-1", "route_id": "705.TA.91-VAE-j24-1.44.R", "mode": "rail", "line_name": "VAE"}, {"line_id": "91-VAE-j24-1", "route_id": "574.TA.91-VAE-j24-1.95.R", "mode": "rail", "line_name": "VAE"}, {"line_id": "91-VAE-j24-1", "route_id": "837.TA.91-VAE-j24-1.49.R", "mode": "rail", "line_name": "VAE"}, {"line_id": "91-VAE-j24-1", "route_id": "784.TA.91-VAE-j24-1.47.R", "mode": "rail", "line_name": "VAE"}, {"line_id": "91-VAE-j24-1", "route_id": "865.TA.91-VAE-j24-1.53.R", "mode": "rail", "line_name": "VAE"}, {"line_id": "91-40-j24-1", "route_id": "52.TA.91-40-j24-1.13.H", "mode": "rail", "line_name": "S40"}, {"line_id": "91-VAE-j24-1", "route_id": "624.TA.91-VAE-j24-1.347.R", "mode": "rail", "line_name": "VAE"}, {"line_id": "91-40-j24-1", "route_id": "25.TA.91-40-j24-1.10.H", "mode": "rail", "line_name": "S40"}, {"line_id": "91-VAE-j24-1", "route_id": "608.TA.91-VAE-j24-1.35.R", "mode": "rail", "line_name": "VAE"}, {"line_id": "91-VAE-j24-1", "route_id": "588.TA.91-VAE-j24-1.32.R", "mode": "rail", "line_name": "VAE"}, {"line_id": "91-VAE-j24-1", "route_id": "129.TA.91-VAE-j24-1.7.H", "mode": "rail", "line_name": "VAE"}, {"line_id": "91-VAE-j24-1", "route_id": "132.TA.91-VAE-j24-1.8.H", "mode": "rail", "line_name": "VAE"}, {"line_id": "91-31-A-j24-1", "route_id": "18.TA.91-31-A-j24-1.62.H", "mode": "rail", "line_name": "S31"}, {"line_id": "91-31-A-j24-1", "route_id": "6.TA.91-31-A-j24-1.61.H", "mode": "rail", "line_name": "S31"}, {"line_id": "91-31-A-j24-1", "route_id": "30.TA.91-31-A-j24-1.67.R", "mode": "rail", "line_name": "S31"}, {"line_id": "91-31-A-j24-1", "route_id": "33.TA.91-31-A-j24-1.67.R", "mode": "rail", "line_name": "S31"}], "predominant_mode": "rail", "assigned_canton": "Schwyz", "modes_list": ["rail"]}, "geometry": {"type": "Point", "coordinates": [8.72249698183478, 47.15649864060566]}}, {"id": "3045", "type": "Feature", "properties": {"name": "Biberbrugg, Bahnhof", "lon": 8.722758764630456, "lat": 47.15654663056429, "stop_id": ["8573770.link:775003", "8573770.link:775004"], "lines": [{"line_id": "92-507-A-j24-1", "route_id": "212.TA.92-507-A-j24-1.7.H", "mode": "bus", "line_name": "507"}, {"line_id": "92-507-A-j24-1", "route_id": "213.TA.92-507-A-j24-1.7.H", "mode": "bus", "line_name": "507"}, {"line_id": "96-244-2-j24-1", "route_id": "8.TA.96-244-2-j24-1.1.H", "mode": "bus", "line_name": "551"}, {"line_id": "96-244-2-j24-1", "route_id": "13.TA.96-244-2-j24-1.7.H", "mode": "bus", "line_name": "551"}, {"line_id": "92-507-A-j24-1", "route_id": "135.TA.92-507-A-j24-1.6.H", "mode": "bus", "line_name": "507"}, {"line_id": "92-507-A-j24-1", "route_id": "199.TA.92-507-A-j24-1.7.H", "mode": "bus", "line_name": "507"}, {"line_id": "92-507-A-j24-1", "route_id": "359.TA.92-507-A-j24-1.14.R", "mode": "bus", "line_name": "507"}, {"line_id": "96-244-2-j24-1", "route_id": "27.TA.96-244-2-j24-1.8.R", "mode": "bus", "line_name": "551"}, {"line_id": "92-507-A-j24-1", "route_id": "440.TA.92-507-A-j24-1.15.R", "mode": "bus", "line_name": "507"}, {"line_id": "96-244-2-j24-1", "route_id": "15.TA.96-244-2-j24-1.2.R", "mode": "bus", "line_name": "551"}, {"line_id": "92-507-A-j24-1", "route_id": "426.TA.92-507-A-j24-1.15.R", "mode": "bus", "line_name": "507"}], "predominant_mode": "bus", "assigned_canton": "Schwyz", "modes_list": ["bus"]}, "geometry": {"type": "Point", "coordinates": [8.722758773265335, 47.15654664060154]}}, {"id": "3046", "type": "Feature", "properties": {"name": "Biberegg", "lon": 8.669407822534309, "lat": 47.09362218139925, "stop_id": ["8503290:0:1.link:538656", "8503290:0:1.link:538657"], "lines": [{"line_id": "91-31-A-j24-1", "route_id": "18.TA.91-31-A-j24-1.62.H", "mode": "rail", "line_name": "S31"}, {"line_id": "91-31-A-j24-1", "route_id": "22.TA.91-31-A-j24-1.64.H", "mode": "rail", "line_name": "S31"}, {"line_id": "91-VAE-j24-1", "route_id": "414.TA.91-VAE-j24-1.93.H", "mode": "rail", "line_name": "VAE"}, {"line_id": "91-31-A-j24-1", "route_id": "21.TA.91-31-A-j24-1.63.H", "mode": "rail", "line_name": "S31"}, {"line_id": "91-31-A-j24-1", "route_id": "6.TA.91-31-A-j24-1.61.H", "mode": "rail", "line_name": "S31"}, {"line_id": "91-31-A-j24-1", "route_id": "29.TA.91-31-A-j24-1.66.R", "mode": "rail", "line_name": "S31"}, {"line_id": "91-31-A-j24-1", "route_id": "24.TA.91-31-A-j24-1.65.R", "mode": "rail", "line_name": "S31"}, {"line_id": "91-VAE-j24-1", "route_id": "904.TA.91-VAE-j24-1.98.R", "mode": "rail", "line_name": "VAE"}, {"line_id": "91-31-A-j24-1", "route_id": "30.TA.91-31-A-j24-1.67.R", "mode": "rail", "line_name": "S31"}, {"line_id": "91-VAE-j24-1", "route_id": "574.TA.91-VAE-j24-1.95.R", "mode": "rail", "line_name": "VAE"}, {"line_id": "91-31-A-j24-1", "route_id": "33.TA.91-31-A-j24-1.67.R", "mode": "rail", "line_name": "S31"}], "predominant_mode": "rail", "assigned_canton": "Schwyz", "modes_list": ["rail"]}, "geometry": {"type": "Point", "coordinates": [8.669407831136535, 47.0936221914296]}}, {"id": "3390", "type": "Feature", "properties": {"name": "Bisisthal, D\u00fcrrenboden", "lon": 8.830502697692172, "lat": 46.942477618855584, "stop_id": ["8505081.link:1447213", "8505081.link:1447214"], "lines": [{"line_id": "92-506-A-j24-1", "route_id": "24.TA.92-506-A-j24-1.1.H", "mode": "bus", "line_name": "506"}, {"line_id": "92-506-A-j24-1", "route_id": "33.TA.92-506-A-j24-1.2.H", "mode": "bus", "line_name": "506"}, {"line_id": "92-506-A-j24-1", "route_id": "83.TA.92-506-A-j24-1.6.R", "mode": "bus", "line_name": "506"}, {"line_id": "92-506-A-j24-1", "route_id": "77.TA.92-506-A-j24-1.5.R", "mode": "bus", "line_name": "506"}, {"line_id": "92-506-A-j24-1", "route_id": "67.TA.92-506-A-j24-1.4.R", "mode": "bus", "line_name": "506"}], "predominant_mode": "bus", "assigned_canton": "Schwyz", "modes_list": ["bus"]}, "geometry": {"type": "Point", "coordinates": [8.83050270649598, 46.9424776287827]}}, {"id": "3391", "type": "Feature", "properties": {"name": "Bisisthal, Herrgott", "lon": 8.795710948514333, "lat": 46.96831621940486, "stop_id": ["8577467.link:1939169", "8577467.link:1939170"], "lines": [{"line_id": "92-506-A-j24-1", "route_id": "24.TA.92-506-A-j24-1.1.H", "mode": "bus", "line_name": "506"}, {"line_id": "92-506-A-j24-1", "route_id": "33.TA.92-506-A-j24-1.2.H", "mode": "bus", "line_name": "506"}, {"line_id": "92-506-A-j24-1", "route_id": "83.TA.92-506-A-j24-1.6.R", "mode": "bus", "line_name": "506"}, {"line_id": "92-506-A-j24-1", "route_id": "77.TA.92-506-A-j24-1.5.R", "mode": "bus", "line_name": "506"}, {"line_id": "92-506-A-j24-1", "route_id": "67.TA.92-506-A-j24-1.4.R", "mode": "bus", "line_name": "506"}], "predominant_mode": "bus", "assigned_canton": "Schwyz", "modes_list": ["bus"]}, "geometry": {"type": "Point", "coordinates": [8.795710957276754, 46.968316229352]}}, {"id": "3392", "type": "Feature", "properties": {"name": "Bisisthal, Laui", "lon": 8.813515548305508, "lat": 46.961597179124425, "stop_id": ["8587797.link:1828509", "8587797.link:1828510"], "lines": [{"line_id": "92-506-A-j24-1", "route_id": "24.TA.92-506-A-j24-1.1.H", "mode": "bus", "line_name": "506"}, {"line_id": "92-506-A-j24-1", "route_id": "33.TA.92-506-A-j24-1.2.H", "mode": "bus", "line_name": "506"}, {"line_id": "92-506-A-j24-1", "route_id": "83.TA.92-506-A-j24-1.6.R", "mode": "bus", "line_name": "506"}, {"line_id": "92-506-A-j24-1", "route_id": "77.TA.92-506-A-j24-1.5.R", "mode": "bus", "line_name": "506"}, {"line_id": "92-506-A-j24-1", "route_id": "67.TA.92-506-A-j24-1.4.R", "mode": "bus", "line_name": "506"}], "predominant_mode": "bus", "assigned_canton": "Schwyz", "modes_list": ["bus"]}, "geometry": {"type": "Point", "coordinates": [8.813515557087166, 46.96159718906383]}}, {"id": "3393", "type": "Feature", "properties": {"name": "Bisisthal, Mettlen", "lon": 8.82128597816226, "lat": 46.9570662490019, "stop_id": ["8587796.link:1828521", "8587796.link:1828522"], "lines": [{"line_id": "92-506-A-j24-1", "route_id": "24.TA.92-506-A-j24-1.1.H", "mode": "bus", "line_name": "506"}, {"line_id": "92-506-A-j24-1", "route_id": "33.TA.92-506-A-j24-1.2.H", "mode": "bus", "line_name": "506"}, {"line_id": "92-506-A-j24-1", "route_id": "83.TA.92-506-A-j24-1.6.R", "mode": "bus", "line_name": "506"}, {"line_id": "92-506-A-j24-1", "route_id": "77.TA.92-506-A-j24-1.5.R", "mode": "bus", "line_name": "506"}, {"line_id": "92-506-A-j24-1", "route_id": "67.TA.92-506-A-j24-1.4.R", "mode": "bus", "line_name": "506"}], "predominant_mode": "bus", "assigned_canton": "Schwyz", "modes_list": ["bus"]}, "geometry": {"type": "Point", "coordinates": [8.82128598695279, 46.957066258937274]}}, {"id": "3394", "type": "Feature", "properties": {"name": "Bisisthal, Sahli Seilbahnstat.", "lon": 8.846672366766173, "lat": 46.913754798598376, "stop_id": ["8587691.link:68733", "8587691.link:68734"], "lines": [{"line_id": "92-506-A-j24-1", "route_id": "33.TA.92-506-A-j24-1.2.H", "mode": "bus", "line_name": "506"}, {"line_id": "92-506-A-j24-1", "route_id": "83.TA.92-506-A-j24-1.6.R", "mode": "bus", "line_name": "506"}, {"line_id": "92-506-A-j24-1", "route_id": "77.TA.92-506-A-j24-1.5.R", "mode": "bus", "line_name": "506"}], "predominant_mode": "bus", "assigned_canton": "Schwyz", "modes_list": ["bus"]}, "geometry": {"type": "Point", "coordinates": [8.846672375594201, 46.91375480850974]}}, {"id": "3395", "type": "Feature", "properties": {"name": "Bisisthal, Schl\u00e4nggen", "lon": 8.838183287265457, "lat": 46.92924077873349, "stop_id": ["8587795.link:992475", "8587795.link:992476"], "lines": [{"line_id": "92-506-A-j24-1", "route_id": "33.TA.92-506-A-j24-1.2.H", "mode": "bus", "line_name": "506"}, {"line_id": "92-506-A-j24-1", "route_id": "83.TA.92-506-A-j24-1.6.R", "mode": "bus", "line_name": "506"}, {"line_id": "92-506-A-j24-1", "route_id": "77.TA.92-506-A-j24-1.5.R", "mode": "bus", "line_name": "506"}], "predominant_mode": "bus", "assigned_canton": "Schwyz", "modes_list": ["bus"]}, "geometry": {"type": "Point", "coordinates": [8.83818329608065, 46.92924078865329]}}, {"id": "3396", "type": "Feature", "properties": {"name": "Bisisthal, Schwarzenbach", "lon": 8.834958337563437, "lat": 46.93844802878515, "stop_id": ["8587690.link:1447229", "8587690.link:992456"], "lines": [{"line_id": "92-506-A-j24-1", "route_id": "33.TA.92-506-A-j24-1.2.H", "mode": "bus", "line_name": "506"}, {"line_id": "92-506-A-j24-1", "route_id": "24.TA.92-506-A-j24-1.1.H", "mode": "bus", "line_name": "506"}, {"line_id": "92-506-A-j24-1", "route_id": "67.TA.92-506-A-j24-1.4.R", "mode": "bus", "line_name": "506"}, {"line_id": "92-506-A-j24-1", "route_id": "83.TA.92-506-A-j24-1.6.R", "mode": "bus", "line_name": "506"}, {"line_id": "92-506-A-j24-1", "route_id": "77.TA.92-506-A-j24-1.5.R", "mode": "bus", "line_name": "506"}], "predominant_mode": "bus", "assigned_canton": "Schwyz", "modes_list": ["bus"]}, "geometry": {"type": "Point", "coordinates": [8.834958346372762, 46.9384480387094]}}, {"id": "3397", "type": "Feature", "properties": {"name": "Bisisthal, Steinweid", "lon": 8.808610748384053, "lat": 46.964092399201775, "stop_id": ["8588194.link:1828497", "8588194.link:1828498"], "lines": [{"line_id": "92-506-A-j24-1", "route_id": "24.TA.92-506-A-j24-1.1.H", "mode": "bus", "line_name": "506"}, {"line_id": "92-506-A-j24-1", "route_id": "33.TA.92-506-A-j24-1.2.H", "mode": "bus", "line_name": "506"}, {"line_id": "92-506-A-j24-1", "route_id": "83.TA.92-506-A-j24-1.6.R", "mode": "bus", "line_name": "506"}, {"line_id": "92-506-A-j24-1", "route_id": "77.TA.92-506-A-j24-1.5.R", "mode": "bus", "line_name": "506"}, {"line_id": "92-506-A-j24-1", "route_id": "67.TA.92-506-A-j24-1.4.R", "mode": "bus", "line_name": "506"}], "predominant_mode": "bus", "assigned_canton": "Schwyz", "modes_list": ["bus"]}, "geometry": {"type": "Point", "coordinates": [8.808610757160222, 46.964092409143525]}}, {"id": "3398", "type": "Feature", "properties": {"name": "Bisisthal, Zentrale EBS", "lon": 8.826963327854807, "lat": 46.94753104891171, "stop_id": ["8577470.link:1828543", "8577470.link:1828544"], "lines": [{"line_id": "92-506-A-j24-1", "route_id": "24.TA.92-506-A-j24-1.1.H", "mode": "bus", "line_name": "506"}, {"line_id": "92-506-A-j24-1", "route_id": "33.TA.92-506-A-j24-1.2.H", "mode": "bus", "line_name": "506"}, {"line_id": "92-506-A-j24-1", "route_id": "83.TA.92-506-A-j24-1.6.R", "mode": "bus", "line_name": "506"}, {"line_id": "92-506-A-j24-1", "route_id": "77.TA.92-506-A-j24-1.5.R", "mode": "bus", "line_name": "506"}, {"line_id": "92-506-A-j24-1", "route_id": "67.TA.92-506-A-j24-1.4.R", "mode": "bus", "line_name": "506"}], "predominant_mode": "bus", "assigned_canton": "Schwyz", "modes_list": ["bus"]}, "geometry": {"type": "Point", "coordinates": [8.82696333665368, 46.94753105884176]}}, {"id": "3399", "type": "Feature", "properties": {"name": "Bisisthal, vorder Seeberg", "lon": 8.82552602795548, "lat": 46.95064627893464, "stop_id": ["8587961.link:1828535", "8587961.link:1828536"], "lines": [{"line_id": "92-506-A-j24-1", "route_id": "24.TA.92-506-A-j24-1.1.H", "mode": "bus", "line_name": "506"}, {"line_id": "92-506-A-j24-1", "route_id": "33.TA.92-506-A-j24-1.2.H", "mode": "bus", "line_name": "506"}, {"line_id": "92-506-A-j24-1", "route_id": "83.TA.92-506-A-j24-1.6.R", "mode": "bus", "line_name": "506"}, {"line_id": "92-506-A-j24-1", "route_id": "77.TA.92-506-A-j24-1.5.R", "mode": "bus", "line_name": "506"}, {"line_id": "92-506-A-j24-1", "route_id": "67.TA.92-506-A-j24-1.4.R", "mode": "bus", "line_name": "506"}], "predominant_mode": "bus", "assigned_canton": "Schwyz", "modes_list": ["bus"]}, "geometry": {"type": "Point", "coordinates": [8.825526036752038, 46.95064628886632]}}, {"id": "4170", "type": "Feature", "properties": {"name": "Brunnen", "lon": 8.61187071946194, "lat": 47.00079908979611, "stop_id": ["8505007:0:2.link:1898413", "8505007:0:2.link:1898414", "8505007:0:4.link:1898300", "8505007:0:5.link:1898313"], "lines": [{"line_id": "91-3-H-j24-1", "route_id": "359.TA.91-3-H-j24-1.80.H", "mode": "rail", "line_name": "S3"}, {"line_id": "91-3-H-j24-1", "route_id": "229.TA.91-3-H-j24-1.47.H", "mode": "rail", "line_name": "S3"}, {"line_id": "91-3-H-j24-1", "route_id": "247.TA.91-3-H-j24-1.50.H", "mode": "rail", "line_name": "S3"}, {"line_id": "91-3-H-j24-1", "route_id": "329.TA.91-3-H-j24-1.66.H", "mode": "rail", "line_name": "S3"}, {"line_id": "91-3-H-j24-1", "route_id": "342.TA.91-3-H-j24-1.69.H", "mode": "rail", "line_name": "S3"}, {"line_id": "91-3-H-j24-1", "route_id": "349.TA.91-3-H-j24-1.74.H", "mode": "rail", "line_name": "S3"}, {"line_id": "91-3-H-j24-1", "route_id": "360.TA.91-3-H-j24-1.413.H", "mode": "rail", "line_name": "S3"}, {"line_id": "91-3-H-j24-1", "route_id": "698.TA.91-3-H-j24-1.193.R", "mode": "rail", "line_name": "S3"}, {"line_id": "91-3-H-j24-1", "route_id": "707.TA.91-3-H-j24-1.431.R", "mode": "rail", "line_name": "S3"}, {"line_id": "91-3-H-j24-1", "route_id": "764.TA.91-3-H-j24-1.207.R", "mode": "rail", "line_name": "S3"}, {"line_id": "91-3-H-j24-1", "route_id": "489.TA.91-3-H-j24-1.244.R", "mode": "rail", "line_name": "S3"}, {"line_id": "91-2-C-j24-1", "route_id": "139.TA.91-2-C-j24-1.49.R", "mode": "rail", "line_name": "S2"}, {"line_id": "91-3-H-j24-1", "route_id": "767.TA.91-3-H-j24-1.208.R", "mode": "rail", "line_name": "S3"}, {"line_id": "91-3-H-j24-1", "route_id": "653.TA.91-3-H-j24-1.188.R", "mode": "rail", "line_name": "S3"}, {"line_id": "91-3-H-j24-1", "route_id": "761.TA.91-3-H-j24-1.207.R", "mode": "rail", "line_name": "S3"}, {"line_id": "91-3-H-j24-1", "route_id": "751.TA.91-3-H-j24-1.204.R", "mode": "rail", "line_name": "S3"}, {"line_id": "91-3-H-j24-1", "route_id": "719.TA.91-3-H-j24-1.199.R", "mode": "rail", "line_name": "S3"}, {"line_id": "91-3-H-j24-1", "route_id": "728.TA.91-3-H-j24-1.246.R", "mode": "rail", "line_name": "S3"}, {"line_id": "91-26-C-j24-1", "route_id": "274.TA.91-26-C-j24-1.475.H", "mode": "rail", "line_name": "IR26"}, {"line_id": "91-46-j24-1", "route_id": "277.TA.91-46-j24-1.131.R", "mode": "rail", "line_name": "IR46"}, {"line_id": "91-46-j24-1", "route_id": "271.TA.91-46-j24-1.415.R", "mode": "rail", "line_name": "IR46"}, {"line_id": "91-46-j24-1", "route_id": "187.TA.91-46-j24-1.409.R", "mode": "rail", "line_name": "IR46"}, {"line_id": "91-2-C-j24-1", "route_id": "180.TA.91-2-C-j24-1.60.R", "mode": "rail", "line_name": "S2"}, {"line_id": "91-2-C-j24-1", "route_id": "191.TA.91-2-C-j24-1.90.R", "mode": "rail", "line_name": "S2"}, {"line_id": "91-26-C-j24-1", "route_id": "384.TA.91-26-C-j24-1.745.H", "mode": "rail", "line_name": "IR26"}, {"line_id": "91-46-j24-1", "route_id": "296.TA.91-46-j24-1.419.R", "mode": "rail", "line_name": "IR46"}, {"line_id": "91-46-j24-1", "route_id": "274.TA.91-46-j24-1.416.R", "mode": "rail", "line_name": "IR46"}, {"line_id": "91-46-j24-1", "route_id": "301.TA.91-46-j24-1.421.R", "mode": "rail", "line_name": "IR46"}, {"line_id": "91-26-C-j24-1", "route_id": "96.TA.91-26-C-j24-1.717.H", "mode": "rail", "line_name": "IR26"}, {"line_id": "91-26-C-j24-1", "route_id": "63.TA.91-26-C-j24-1.715.H", "mode": "rail", "line_name": "IR26"}, {"line_id": "91-26-C-j24-1", "route_id": "295.TA.91-26-C-j24-1.736.H", "mode": "rail", "line_name": "IR26"}, {"line_id": "91-26-C-j24-1", "route_id": "291.TA.91-26-C-j24-1.735.H", "mode": "rail", "line_name": "IR26"}, {"line_id": "91-26-C-j24-1", "route_id": "179.TA.91-26-C-j24-1.719.H", "mode": "rail", "line_name": "IR26"}, {"line_id": "91-46-j24-1", "route_id": "165.TA.91-46-j24-1.405.R", "mode": "rail", "line_name": "IR46"}, {"line_id": "91-26-C-j24-1", "route_id": "267.TA.91-26-C-j24-1.732.H", "mode": "rail", "line_name": "IR26"}, {"line_id": "91-26-C-j24-1", "route_id": "782.TA.91-26-C-j24-1.776.R", "mode": "rail", "line_name": "IR26"}, {"line_id": "91-26-C-j24-1", "route_id": "613.TA.91-26-C-j24-1.771.R", "mode": "rail", "line_name": "IR26"}, {"line_id": "91-26-C-j24-1", "route_id": "578.TA.91-26-C-j24-1.768.R", "mode": "rail", "line_name": "IR26"}, {"line_id": "91-2-C-j24-1", "route_id": "98.TA.91-2-C-j24-1.88.H", "mode": "rail", "line_name": "S2"}, {"line_id": "91-46-j24-1", "route_id": "140.TA.91-46-j24-1.402.H", "mode": "rail", "line_name": "IR46"}, {"line_id": "91-46-j24-1", "route_id": "38.TA.91-46-j24-1.30.H", "mode": "rail", "line_name": "IR46"}, {"line_id": "91-46-j24-1", "route_id": "103.TA.91-46-j24-1.247.H", "mode": "rail", "line_name": "IR46"}, {"line_id": "91-2-C-j24-1", "route_id": "36.TA.91-2-C-j24-1.13.H", "mode": "rail", "line_name": "S2"}, {"line_id": "91-26-C-j24-1", "route_id": "725.TA.91-26-C-j24-1.773.R", "mode": "rail", "line_name": "IR26"}, {"line_id": "91-46-j24-1", "route_id": "13.TA.91-46-j24-1.173.H", "mode": "rail", "line_name": "IR46"}, {"line_id": "91-46-j24-1", "route_id": "42.TA.91-46-j24-1.34.H", "mode": "rail", "line_name": "IR46"}, {"line_id": "91-46-j24-1", "route_id": "87.TA.91-46-j24-1.257.H", "mode": "rail", "line_name": "IR46"}, {"line_id": "91-26-C-j24-1", "route_id": "752.TA.91-26-C-j24-1.824.R", "mode": "rail", "line_name": "IR26"}, {"line_id": "91-26-C-j24-1", "route_id": "703.TA.91-26-C-j24-1.772.R", "mode": "rail", "line_name": "IR26"}, {"line_id": "91-2-C-j24-1", "route_id": "86.TA.91-2-C-j24-1.35.H", "mode": "rail", "line_name": "S2"}, {"line_id": "91-46-j24-1", "route_id": "119.TA.91-46-j24-1.401.H", "mode": "rail", "line_name": "IR46"}, {"line_id": "91-26-C-j24-1", "route_id": "744.TA.91-26-C-j24-1.774.R", "mode": "rail", "line_name": "IR26"}, {"line_id": "91-3-H-j24-1", "route_id": "389.TA.91-3-H-j24-1.534.H", "mode": "rail", "line_name": "S3"}], "predominant_mode": "rail", "assigned_canton": "Schwyz", "modes_list": ["rail"]}, "geometry": {"type": "Point", "coordinates": [8.611870728035527, 47.000799099808866]}}, {"id": "4171", "type": "Feature", "properties": {"name": "Brunnen (See)", "lon": 8.605268099213953, "lat": 46.99333355239914, "stop_id": ["8508470:0:1.link:pt_8508470:0:1"], "lines": [{"line_id": "94-360-0-j24-1", "route_id": "18.TA.94-360-0-j24-1.13.H", "mode": "ferry", "line_name": "3600"}, {"line_id": "94-360-0-j24-1", "route_id": "88.TA.94-360-0-j24-1.39.R", "mode": "ferry", "line_name": "3600"}, {"line_id": "94-360-0-j24-1", "route_id": "104.TA.94-360-0-j24-1.43.R", "mode": "ferry", "line_name": "3600"}, {"line_id": "94-360-0-j24-1", "route_id": "98.TA.94-360-0-j24-1.42.R", "mode": "ferry", "line_name": "3600"}, {"line_id": "94-360-0-j24-1", "route_id": "64.TA.94-360-0-j24-1.27.R", "mode": "ferry", "line_name": "3600"}, {"line_id": "94-360-0-j24-1", "route_id": "112.TA.94-360-0-j24-1.44.R", "mode": "ferry", "line_name": "3600"}, {"line_id": "94-360-0-j24-1", "route_id": "40.TA.94-360-0-j24-1.22.H", "mode": "ferry", "line_name": "3600"}, {"line_id": "94-360-0-j24-1", "route_id": "46.TA.94-360-0-j24-1.23.H", "mode": "ferry", "line_name": "3600"}, {"line_id": "94-360-0-j24-1", "route_id": "55.TA.94-360-0-j24-1.24.H", "mode": "ferry", "line_name": "3600"}, {"line_id": "94-360-0-j24-1", "route_id": "90.TA.94-360-0-j24-1.41.R", "mode": "ferry", "line_name": "3600"}, {"line_id": "94-360-0-j24-1", "route_id": "5.TA.94-360-0-j24-1.4.H", "mode": "ferry", "line_name": "3600"}, {"line_id": "94-360-0-j24-1", "route_id": "35.TA.94-360-0-j24-1.20.H", "mode": "ferry", "line_name": "3600"}, {"line_id": "94-360-0-j24-1", "route_id": "6.TA.94-360-0-j24-1.5.H", "mode": "ferry", "line_name": "3600"}], "predominant_mode": "ferry", "assigned_canton": "Schwyz", "modes_list": ["ferry"]}, "geometry": {"type": "Point", "coordinates": [8.605268107783251, 46.993333562410996]}}, {"id": "4172", "type": "Feature", "properties": {"name": "Brunnen, Bahnhof", "lon": 8.610099245421855, "lat": 46.999606274323845, "stop_id": ["8505098:0:A.link:1346067", "8505098:0:A.link:1555558", "8505098:0:A.link:1555559", "8505098:0:B.link:1350205", "8505098:0:B.link:746245"], "lines": [{"line_id": "92-504-j24-1", "route_id": "215.TA.92-504-j24-1.13.R", "mode": "bus", "line_name": "504"}, {"line_id": "92-504-j24-1", "route_id": "312.TA.92-504-j24-1.7.R", "mode": "bus", "line_name": "504"}, {"line_id": "92-526-j24-1", "route_id": "16.TA.92-526-j24-1.6.H", "mode": "bus", "line_name": "526"}, {"line_id": "92-508-A-j24-1", "route_id": "375.TA.92-508-A-j24-1.12.H", "mode": "bus", "line_name": "508"}, {"line_id": "92-502-A-j24-1", "route_id": "1604.TA.92-502-A-j24-1.607.R", "mode": "bus", "line_name": "502"}, {"line_id": "92-508-A-j24-1", "route_id": "231.TA.92-508-A-j24-1.11.H", "mode": "bus", "line_name": "508"}, {"line_id": "92-508-A-j24-1", "route_id": "324.TA.92-508-A-j24-1.12.H", "mode": "bus", "line_name": "508"}, {"line_id": "92-541-A-j24-1", "route_id": "36.TA.92-541-A-j24-1.3.H", "mode": "bus", "line_name": "541"}, {"line_id": "92-502-A-j24-1", "route_id": "931.TA.92-502-A-j24-1.795.H", "mode": "bus", "line_name": "502"}, {"line_id": "92-502-A-j24-1", "route_id": "527.TA.92-502-A-j24-1.818.H", "mode": "bus", "line_name": "502"}, {"line_id": "92-502-A-j24-1", "route_id": "945.TA.92-502-A-j24-1.795.H", "mode": "bus", "line_name": "502"}, {"line_id": "92-508-A-j24-1", "route_id": "239.TA.92-508-A-j24-1.11.H", "mode": "bus", "line_name": "508"}, {"line_id": "92-502-A-j24-1", "route_id": "450.TA.92-502-A-j24-1.817.H", "mode": "bus", "line_name": "502"}, {"line_id": "92-504-j24-1", "route_id": "111.TA.92-504-j24-1.3.H", "mode": "bus", "line_name": "504"}, {"line_id": "92-502-A-j24-1", "route_id": "325.TA.92-502-A-j24-1.16.H", "mode": "bus", "line_name": "502"}, {"line_id": "92-508-A-j24-1", "route_id": "55.TA.92-508-A-j24-1.5.H", "mode": "bus", "line_name": "508"}, {"line_id": "92-502-A-j24-1", "route_id": "515.TA.92-502-A-j24-1.818.H", "mode": "bus", "line_name": "502"}, {"line_id": "92-508-A-j24-1", "route_id": "134.TA.92-508-A-j24-1.8.H", "mode": "bus", "line_name": "508"}, {"line_id": "92-526-j24-1", "route_id": "26.TA.92-526-j24-1.8.R", "mode": "bus", "line_name": "526"}, {"line_id": "92-504-j24-1", "route_id": "17.TA.92-504-j24-1.9.H", "mode": "bus", "line_name": "504"}, {"line_id": "92-502-A-j24-1", "route_id": "493.TA.92-502-A-j24-1.818.H", "mode": "bus", "line_name": "502"}, {"line_id": "92-508-A-j24-1", "route_id": "69.TA.92-508-A-j24-1.6.H", "mode": "bus", "line_name": "508"}, {"line_id": "92-508-A-j24-1", "route_id": "151.TA.92-508-A-j24-1.8.H", "mode": "bus", "line_name": "508"}, {"line_id": "92-508-A-j24-1", "route_id": "336.TA.92-508-A-j24-1.12.H", "mode": "bus", "line_name": "508"}, {"line_id": "92-502-A-j24-1", "route_id": "1803.TA.92-502-A-j24-1.827.R", "mode": "bus", "line_name": "502"}, {"line_id": "92-502-A-j24-1", "route_id": "1594.TA.92-502-A-j24-1.826.R", "mode": "bus", "line_name": "502"}, {"line_id": "92-502-A-j24-1", "route_id": "2143.TA.92-502-A-j24-1.811.R", "mode": "bus", "line_name": "502"}, {"line_id": "92-504-j24-1", "route_id": "362.TA.92-504-j24-1.8.R", "mode": "bus", "line_name": "504"}, {"line_id": "92-508-A-j24-1", "route_id": "772.TA.92-508-A-j24-1.26.R", "mode": "bus", "line_name": "508"}, {"line_id": "92-502-A-j24-1", "route_id": "1820.TA.92-502-A-j24-1.828.R", "mode": "bus", "line_name": "502"}, {"line_id": "92-508-A-j24-1", "route_id": "652.TA.92-508-A-j24-1.129.R", "mode": "bus", "line_name": "508"}, {"line_id": "92-502-A-j24-1", "route_id": "1592.TA.92-502-A-j24-1.804.R", "mode": "bus", "line_name": "502"}, {"line_id": "92-508-A-j24-1", "route_id": "801.TA.92-508-A-j24-1.26.R", "mode": "bus", "line_name": "508"}, {"line_id": "92-508-A-j24-1", "route_id": "599.TA.92-508-A-j24-1.21.R", "mode": "bus", "line_name": "508"}, {"line_id": "92-508-A-j24-1", "route_id": "711.TA.92-508-A-j24-1.24.R", "mode": "bus", "line_name": "508"}, {"line_id": "92-502-A-j24-1", "route_id": "1810.TA.92-502-A-j24-1.828.R", "mode": "bus", "line_name": "502"}, {"line_id": "92-508-A-j24-1", "route_id": "574.TA.92-508-A-j24-1.21.R", "mode": "bus", "line_name": "508"}, {"line_id": "92-502-A-j24-1", "route_id": "1510.TA.92-502-A-j24-1.602.R", "mode": "bus", "line_name": "502"}, {"line_id": "92-508-A-j24-1", "route_id": "848.TA.92-508-A-j24-1.26.R", "mode": "bus", "line_name": "508"}, {"line_id": "92-508-A-j24-1", "route_id": "728.TA.92-508-A-j24-1.24.R", "mode": "bus", "line_name": "508"}, {"line_id": "92-508-A-j24-1", "route_id": "497.TA.92-508-A-j24-1.18.R", "mode": "bus", "line_name": "508"}, {"line_id": "92-508-A-j24-1", "route_id": "487.TA.92-508-A-j24-1.17.R", "mode": "bus", "line_name": "508"}, {"line_id": "92-508-A-j24-1", "route_id": "504.TA.92-508-A-j24-1.18.R", "mode": "bus", "line_name": "508"}], "predominant_mode": "bus", "assigned_canton": "Schwyz", "modes_list": ["bus"]}, "geometry": {"type": "Point", "coordinates": [8.610099253994056, 46.99960628433664]}}, {"id": "4173", "type": "Feature", "properties": {"name": "Brunnen, Fallenbach", "lon": 8.577671859411424, "lat": 46.99993220283322, "stop_id": ["8577444.link:1391167", "8577444.link:1391168"], "lines": [{"line_id": "92-502-A-j24-1", "route_id": "493.TA.92-502-A-j24-1.818.H", "mode": "bus", "line_name": "502"}, {"line_id": "92-508-A-j24-1", "route_id": "375.TA.92-508-A-j24-1.12.H", "mode": "bus", "line_name": "508"}, {"line_id": "92-502-A-j24-1", "route_id": "945.TA.92-502-A-j24-1.795.H", "mode": "bus", "line_name": "502"}, {"line_id": "92-502-A-j24-1", "route_id": "325.TA.92-502-A-j24-1.16.H", "mode": "bus", "line_name": "502"}, {"line_id": "92-508-A-j24-1", "route_id": "239.TA.92-508-A-j24-1.11.H", "mode": "bus", "line_name": "508"}, {"line_id": "92-502-A-j24-1", "route_id": "1604.TA.92-502-A-j24-1.607.R", "mode": "bus", "line_name": "502"}, {"line_id": "92-502-A-j24-1", "route_id": "450.TA.92-502-A-j24-1.817.H", "mode": "bus", "line_name": "502"}, {"line_id": "92-502-A-j24-1", "route_id": "515.TA.92-502-A-j24-1.818.H", "mode": "bus", "line_name": "502"}, {"line_id": "92-508-A-j24-1", "route_id": "231.TA.92-508-A-j24-1.11.H", "mode": "bus", "line_name": "508"}, {"line_id": "92-508-A-j24-1", "route_id": "336.TA.92-508-A-j24-1.12.H", "mode": "bus", "line_name": "508"}, {"line_id": "92-508-A-j24-1", "route_id": "324.TA.92-508-A-j24-1.12.H", "mode": "bus", "line_name": "508"}, {"line_id": "92-502-A-j24-1", "route_id": "931.TA.92-502-A-j24-1.795.H", "mode": "bus", "line_name": "502"}, {"line_id": "92-502-A-j24-1", "route_id": "527.TA.92-502-A-j24-1.818.H", "mode": "bus", "line_name": "502"}, {"line_id": "92-502-A-j24-1", "route_id": "1803.TA.92-502-A-j24-1.827.R", "mode": "bus", "line_name": "502"}, {"line_id": "92-502-A-j24-1", "route_id": "1594.TA.92-502-A-j24-1.826.R", "mode": "bus", "line_name": "502"}, {"line_id": "92-502-A-j24-1", "route_id": "2143.TA.92-502-A-j24-1.811.R", "mode": "bus", "line_name": "502"}, {"line_id": "92-508-A-j24-1", "route_id": "772.TA.92-508-A-j24-1.26.R", "mode": "bus", "line_name": "508"}, {"line_id": "92-508-A-j24-1", "route_id": "652.TA.92-508-A-j24-1.129.R", "mode": "bus", "line_name": "508"}, {"line_id": "92-502-A-j24-1", "route_id": "1820.TA.92-502-A-j24-1.828.R", "mode": "bus", "line_name": "502"}, {"line_id": "92-508-A-j24-1", "route_id": "801.TA.92-508-A-j24-1.26.R", "mode": "bus", "line_name": "508"}, {"line_id": "92-508-A-j24-1", "route_id": "711.TA.92-508-A-j24-1.24.R", "mode": "bus", "line_name": "508"}, {"line_id": "92-502-A-j24-1", "route_id": "1810.TA.92-502-A-j24-1.828.R", "mode": "bus", "line_name": "502"}, {"line_id": "92-502-A-j24-1", "route_id": "1510.TA.92-502-A-j24-1.602.R", "mode": "bus", "line_name": "502"}, {"line_id": "92-508-A-j24-1", "route_id": "848.TA.92-508-A-j24-1.26.R", "mode": "bus", "line_name": "508"}, {"line_id": "92-508-A-j24-1", "route_id": "728.TA.92-508-A-j24-1.24.R", "mode": "bus", "line_name": "508"}], "predominant_mode": "bus", "assigned_canton": "Schwyz", "modes_list": ["bus"]}, "geometry": {"type": "Point", "coordinates": [8.577671867951663, 46.99993221285542]}}, {"id": "4174", "type": "Feature", "properties": {"name": "Brunnen, Hafenstrasse", "lon": 8.602141969290718, "lat": 46.995747632448506, "stop_id": ["8577438.link:385182", "8577438.link:385183"], "lines": [{"line_id": "92-502-A-j24-1", "route_id": "1803.TA.92-502-A-j24-1.827.R", "mode": "bus", "line_name": "502"}, {"line_id": "92-508-A-j24-1", "route_id": "652.TA.92-508-A-j24-1.129.R", "mode": "bus", "line_name": "508"}, {"line_id": "92-502-A-j24-1", "route_id": "2143.TA.92-502-A-j24-1.811.R", "mode": "bus", "line_name": "502"}, {"line_id": "92-508-A-j24-1", "route_id": "772.TA.92-508-A-j24-1.26.R", "mode": "bus", "line_name": "508"}, {"line_id": "92-502-A-j24-1", "route_id": "1820.TA.92-502-A-j24-1.828.R", "mode": "bus", "line_name": "502"}, {"line_id": "92-502-A-j24-1", "route_id": "1592.TA.92-502-A-j24-1.804.R", "mode": "bus", "line_name": "502"}, {"line_id": "92-508-A-j24-1", "route_id": "801.TA.92-508-A-j24-1.26.R", "mode": "bus", "line_name": "508"}, {"line_id": "92-508-A-j24-1", "route_id": "599.TA.92-508-A-j24-1.21.R", "mode": "bus", "line_name": "508"}, {"line_id": "92-508-A-j24-1", "route_id": "711.TA.92-508-A-j24-1.24.R", "mode": "bus", "line_name": "508"}, {"line_id": "92-502-A-j24-1", "route_id": "1810.TA.92-502-A-j24-1.828.R", "mode": "bus", "line_name": "502"}, {"line_id": "92-508-A-j24-1", "route_id": "574.TA.92-508-A-j24-1.21.R", "mode": "bus", "line_name": "508"}, {"line_id": "92-502-A-j24-1", "route_id": "1510.TA.92-502-A-j24-1.602.R", "mode": "bus", "line_name": "502"}, {"line_id": "92-508-A-j24-1", "route_id": "848.TA.92-508-A-j24-1.26.R", "mode": "bus", "line_name": "508"}, {"line_id": "92-508-A-j24-1", "route_id": "728.TA.92-508-A-j24-1.24.R", "mode": "bus", "line_name": "508"}, {"line_id": "92-502-A-j24-1", "route_id": "493.TA.92-502-A-j24-1.818.H", "mode": "bus", "line_name": "502"}, {"line_id": "92-508-A-j24-1", "route_id": "375.TA.92-508-A-j24-1.12.H", "mode": "bus", "line_name": "508"}, {"line_id": "92-502-A-j24-1", "route_id": "945.TA.92-502-A-j24-1.795.H", "mode": "bus", "line_name": "502"}, {"line_id": "92-502-A-j24-1", "route_id": "325.TA.92-502-A-j24-1.16.H", "mode": "bus", "line_name": "502"}, {"line_id": "92-508-A-j24-1", "route_id": "239.TA.92-508-A-j24-1.11.H", "mode": "bus", "line_name": "508"}, {"line_id": "92-502-A-j24-1", "route_id": "1604.TA.92-502-A-j24-1.607.R", "mode": "bus", "line_name": "502"}, {"line_id": "92-502-A-j24-1", "route_id": "450.TA.92-502-A-j24-1.817.H", "mode": "bus", "line_name": "502"}, {"line_id": "92-508-A-j24-1", "route_id": "151.TA.92-508-A-j24-1.8.H", "mode": "bus", "line_name": "508"}, {"line_id": "92-502-A-j24-1", "route_id": "515.TA.92-502-A-j24-1.818.H", "mode": "bus", "line_name": "502"}, {"line_id": "92-508-A-j24-1", "route_id": "231.TA.92-508-A-j24-1.11.H", "mode": "bus", "line_name": "508"}, {"line_id": "92-508-A-j24-1", "route_id": "134.TA.92-508-A-j24-1.8.H", "mode": "bus", "line_name": "508"}, {"line_id": "92-508-A-j24-1", "route_id": "336.TA.92-508-A-j24-1.12.H", "mode": "bus", "line_name": "508"}, {"line_id": "92-508-A-j24-1", "route_id": "324.TA.92-508-A-j24-1.12.H", "mode": "bus", "line_name": "508"}, {"line_id": "92-502-A-j24-1", "route_id": "931.TA.92-502-A-j24-1.795.H", "mode": "bus", "line_name": "502"}, {"line_id": "92-502-A-j24-1", "route_id": "527.TA.92-502-A-j24-1.818.H", "mode": "bus", "line_name": "502"}], "predominant_mode": "bus", "assigned_canton": "Schwyz", "modes_list": ["bus"]}, "geometry": {"type": "Point", "coordinates": [8.602141977856238, 46.99574764246212]}}, {"id": "4175", "type": "Feature", "properties": {"name": "Brunnen, Heideweg", "lon": 8.599797359330598, "lat": 46.99701590248541, "stop_id": ["8577439.link:385170", "8577439.link:385171"], "lines": [{"line_id": "92-502-A-j24-1", "route_id": "1803.TA.92-502-A-j24-1.827.R", "mode": "bus", "line_name": "502"}, {"line_id": "92-508-A-j24-1", "route_id": "652.TA.92-508-A-j24-1.129.R", "mode": "bus", "line_name": "508"}, {"line_id": "92-502-A-j24-1", "route_id": "2143.TA.92-502-A-j24-1.811.R", "mode": "bus", "line_name": "502"}, {"line_id": "92-508-A-j24-1", "route_id": "772.TA.92-508-A-j24-1.26.R", "mode": "bus", "line_name": "508"}, {"line_id": "92-502-A-j24-1", "route_id": "1820.TA.92-502-A-j24-1.828.R", "mode": "bus", "line_name": "502"}, {"line_id": "92-502-A-j24-1", "route_id": "1592.TA.92-502-A-j24-1.804.R", "mode": "bus", "line_name": "502"}, {"line_id": "92-508-A-j24-1", "route_id": "801.TA.92-508-A-j24-1.26.R", "mode": "bus", "line_name": "508"}, {"line_id": "92-508-A-j24-1", "route_id": "599.TA.92-508-A-j24-1.21.R", "mode": "bus", "line_name": "508"}, {"line_id": "92-508-A-j24-1", "route_id": "711.TA.92-508-A-j24-1.24.R", "mode": "bus", "line_name": "508"}, {"line_id": "92-502-A-j24-1", "route_id": "1810.TA.92-502-A-j24-1.828.R", "mode": "bus", "line_name": "502"}, {"line_id": "92-508-A-j24-1", "route_id": "574.TA.92-508-A-j24-1.21.R", "mode": "bus", "line_name": "508"}, {"line_id": "92-502-A-j24-1", "route_id": "1510.TA.92-502-A-j24-1.602.R", "mode": "bus", "line_name": "502"}, {"line_id": "92-508-A-j24-1", "route_id": "848.TA.92-508-A-j24-1.26.R", "mode": "bus", "line_name": "508"}, {"line_id": "92-508-A-j24-1", "route_id": "728.TA.92-508-A-j24-1.24.R", "mode": "bus", "line_name": "508"}, {"line_id": "92-502-A-j24-1", "route_id": "493.TA.92-502-A-j24-1.818.H", "mode": "bus", "line_name": "502"}, {"line_id": "92-508-A-j24-1", "route_id": "375.TA.92-508-A-j24-1.12.H", "mode": "bus", "line_name": "508"}, {"line_id": "92-502-A-j24-1", "route_id": "945.TA.92-502-A-j24-1.795.H", "mode": "bus", "line_name": "502"}, {"line_id": "92-502-A-j24-1", "route_id": "325.TA.92-502-A-j24-1.16.H", "mode": "bus", "line_name": "502"}, {"line_id": "92-508-A-j24-1", "route_id": "239.TA.92-508-A-j24-1.11.H", "mode": "bus", "line_name": "508"}, {"line_id": "92-502-A-j24-1", "route_id": "1604.TA.92-502-A-j24-1.607.R", "mode": "bus", "line_name": "502"}, {"line_id": "92-502-A-j24-1", "route_id": "450.TA.92-502-A-j24-1.817.H", "mode": "bus", "line_name": "502"}, {"line_id": "92-508-A-j24-1", "route_id": "151.TA.92-508-A-j24-1.8.H", "mode": "bus", "line_name": "508"}, {"line_id": "92-502-A-j24-1", "route_id": "515.TA.92-502-A-j24-1.818.H", "mode": "bus", "line_name": "502"}, {"line_id": "92-508-A-j24-1", "route_id": "231.TA.92-508-A-j24-1.11.H", "mode": "bus", "line_name": "508"}, {"line_id": "92-508-A-j24-1", "route_id": "134.TA.92-508-A-j24-1.8.H", "mode": "bus", "line_name": "508"}, {"line_id": "92-508-A-j24-1", "route_id": "336.TA.92-508-A-j24-1.12.H", "mode": "bus", "line_name": "508"}, {"line_id": "92-508-A-j24-1", "route_id": "324.TA.92-508-A-j24-1.12.H", "mode": "bus", "line_name": "508"}, {"line_id": "92-502-A-j24-1", "route_id": "931.TA.92-502-A-j24-1.795.H", "mode": "bus", "line_name": "502"}, {"line_id": "92-502-A-j24-1", "route_id": "527.TA.92-502-A-j24-1.818.H", "mode": "bus", "line_name": "502"}], "predominant_mode": "bus", "assigned_canton": "Schwyz", "modes_list": ["bus"]}, "geometry": {"type": "Point", "coordinates": [8.59979736789344, 46.99701591250018]}}, {"id": "4176", "type": "Feature", "properties": {"name": "Brunnen, Hopfr\u00e4ben", "lon": 8.594236789426823, "lat": 47.00007311257303, "stop_id": ["8577441.link:941635"], "lines": [{"line_id": "92-502-A-j24-1", "route_id": "493.TA.92-502-A-j24-1.818.H", "mode": "bus", "line_name": "502"}, {"line_id": "92-508-A-j24-1", "route_id": "375.TA.92-508-A-j24-1.12.H", "mode": "bus", "line_name": "508"}, {"line_id": "92-502-A-j24-1", "route_id": "945.TA.92-502-A-j24-1.795.H", "mode": "bus", "line_name": "502"}, {"line_id": "92-502-A-j24-1", "route_id": "325.TA.92-502-A-j24-1.16.H", "mode": "bus", "line_name": "502"}, {"line_id": "92-508-A-j24-1", "route_id": "239.TA.92-508-A-j24-1.11.H", "mode": "bus", "line_name": "508"}, {"line_id": "92-502-A-j24-1", "route_id": "1604.TA.92-502-A-j24-1.607.R", "mode": "bus", "line_name": "502"}, {"line_id": "92-502-A-j24-1", "route_id": "450.TA.92-502-A-j24-1.817.H", "mode": "bus", "line_name": "502"}, {"line_id": "92-508-A-j24-1", "route_id": "151.TA.92-508-A-j24-1.8.H", "mode": "bus", "line_name": "508"}, {"line_id": "92-502-A-j24-1", "route_id": "515.TA.92-502-A-j24-1.818.H", "mode": "bus", "line_name": "502"}, {"line_id": "92-508-A-j24-1", "route_id": "231.TA.92-508-A-j24-1.11.H", "mode": "bus", "line_name": "508"}, {"line_id": "92-508-A-j24-1", "route_id": "134.TA.92-508-A-j24-1.8.H", "mode": "bus", "line_name": "508"}, {"line_id": "92-508-A-j24-1", "route_id": "336.TA.92-508-A-j24-1.12.H", "mode": "bus", "line_name": "508"}, {"line_id": "92-508-A-j24-1", "route_id": "324.TA.92-508-A-j24-1.12.H", "mode": "bus", "line_name": "508"}, {"line_id": "92-502-A-j24-1", "route_id": "931.TA.92-502-A-j24-1.795.H", "mode": "bus", "line_name": "502"}, {"line_id": "92-502-A-j24-1", "route_id": "527.TA.92-502-A-j24-1.818.H", "mode": "bus", "line_name": "502"}], "predominant_mode": "bus", "assigned_canton": "Schwyz", "modes_list": ["bus"]}, "geometry": {"type": "Point", "coordinates": [8.594236797983308, 47.00007312259055]}}, {"id": "4177", "type": "Feature", "properties": {"name": "Brunnen, Kantonalbank", "lon": 8.607316259324074, "lat": 46.996666672367304, "stop_id": ["8577436.link:684873", "8577436.link:684874"], "lines": [{"line_id": "92-502-A-j24-1", "route_id": "1803.TA.92-502-A-j24-1.827.R", "mode": "bus", "line_name": "502"}, {"line_id": "92-504-j24-1", "route_id": "215.TA.92-504-j24-1.13.R", "mode": "bus", "line_name": "504"}, {"line_id": "92-504-j24-1", "route_id": "362.TA.92-504-j24-1.8.R", "mode": "bus", "line_name": "504"}, {"line_id": "92-502-A-j24-1", "route_id": "2143.TA.92-502-A-j24-1.811.R", "mode": "bus", "line_name": "502"}, {"line_id": "92-508-A-j24-1", "route_id": "772.TA.92-508-A-j24-1.26.R", "mode": "bus", "line_name": "508"}, {"line_id": "92-508-A-j24-1", "route_id": "652.TA.92-508-A-j24-1.129.R", "mode": "bus", "line_name": "508"}, {"line_id": "92-502-A-j24-1", "route_id": "1820.TA.92-502-A-j24-1.828.R", "mode": "bus", "line_name": "502"}, {"line_id": "92-502-A-j24-1", "route_id": "1592.TA.92-502-A-j24-1.804.R", "mode": "bus", "line_name": "502"}, {"line_id": "92-508-A-j24-1", "route_id": "801.TA.92-508-A-j24-1.26.R", "mode": "bus", "line_name": "508"}, {"line_id": "92-508-A-j24-1", "route_id": "599.TA.92-508-A-j24-1.21.R", "mode": "bus", "line_name": "508"}, {"line_id": "92-508-A-j24-1", "route_id": "711.TA.92-508-A-j24-1.24.R", "mode": "bus", "line_name": "508"}, {"line_id": "92-504-j24-1", "route_id": "312.TA.92-504-j24-1.7.R", "mode": "bus", "line_name": "504"}, {"line_id": "92-502-A-j24-1", "route_id": "1810.TA.92-502-A-j24-1.828.R", "mode": "bus", "line_name": "502"}, {"line_id": "92-508-A-j24-1", "route_id": "574.TA.92-508-A-j24-1.21.R", "mode": "bus", "line_name": "508"}, {"line_id": "92-502-A-j24-1", "route_id": "1510.TA.92-502-A-j24-1.602.R", "mode": "bus", "line_name": "502"}, {"line_id": "92-508-A-j24-1", "route_id": "848.TA.92-508-A-j24-1.26.R", "mode": "bus", "line_name": "508"}, {"line_id": "92-508-A-j24-1", "route_id": "728.TA.92-508-A-j24-1.24.R", "mode": "bus", "line_name": "508"}, {"line_id": "92-504-j24-1", "route_id": "17.TA.92-504-j24-1.9.H", "mode": "bus", "line_name": "504"}, {"line_id": "92-502-A-j24-1", "route_id": "493.TA.92-502-A-j24-1.818.H", "mode": "bus", "line_name": "502"}, {"line_id": "92-508-A-j24-1", "route_id": "375.TA.92-508-A-j24-1.12.H", "mode": "bus", "line_name": "508"}, {"line_id": "92-502-A-j24-1", "route_id": "945.TA.92-502-A-j24-1.795.H", "mode": "bus", "line_name": "502"}, {"line_id": "92-502-A-j24-1", "route_id": "325.TA.92-502-A-j24-1.16.H", "mode": "bus", "line_name": "502"}, {"line_id": "92-508-A-j24-1", "route_id": "239.TA.92-508-A-j24-1.11.H", "mode": "bus", "line_name": "508"}, {"line_id": "92-502-A-j24-1", "route_id": "1604.TA.92-502-A-j24-1.607.R", "mode": "bus", "line_name": "502"}, {"line_id": "92-502-A-j24-1", "route_id": "450.TA.92-502-A-j24-1.817.H", "mode": "bus", "line_name": "502"}, {"line_id": "92-508-A-j24-1", "route_id": "151.TA.92-508-A-j24-1.8.H", "mode": "bus", "line_name": "508"}, {"line_id": "92-502-A-j24-1", "route_id": "515.TA.92-502-A-j24-1.818.H", "mode": "bus", "line_name": "502"}, {"line_id": "92-508-A-j24-1", "route_id": "231.TA.92-508-A-j24-1.11.H", "mode": "bus", "line_name": "508"}, {"line_id": "92-508-A-j24-1", "route_id": "134.TA.92-508-A-j24-1.8.H", "mode": "bus", "line_name": "508"}, {"line_id": "92-508-A-j24-1", "route_id": "336.TA.92-508-A-j24-1.12.H", "mode": "bus", "line_name": "508"}, {"line_id": "92-508-A-j24-1", "route_id": "324.TA.92-508-A-j24-1.12.H", "mode": "bus", "line_name": "508"}, {"line_id": "92-504-j24-1", "route_id": "111.TA.92-504-j24-1.3.H", "mode": "bus", "line_name": "504"}, {"line_id": "92-502-A-j24-1", "route_id": "931.TA.92-502-A-j24-1.795.H", "mode": "bus", "line_name": "502"}, {"line_id": "92-502-A-j24-1", "route_id": "527.TA.92-502-A-j24-1.818.H", "mode": "bus", "line_name": "502"}], "predominant_mode": "bus", "assigned_canton": "Schwyz", "modes_list": ["bus"]}, "geometry": {"type": "Point", "coordinates": [8.607316267894404, 46.99666668237982]}}, {"id": "4178", "type": "Feature", "properties": {"name": "Brunnen, Marina Fallenbach", "lon": 8.582792259456578, "lat": 47.00121262275291, "stop_id": ["8510564.link:1359422", "8510564.link:1359423"], "lines": [{"line_id": "92-502-A-j24-1", "route_id": "493.TA.92-502-A-j24-1.818.H", "mode": "bus", "line_name": "502"}, {"line_id": "92-508-A-j24-1", "route_id": "375.TA.92-508-A-j24-1.12.H", "mode": "bus", "line_name": "508"}, {"line_id": "92-502-A-j24-1", "route_id": "945.TA.92-502-A-j24-1.795.H", "mode": "bus", "line_name": "502"}, {"line_id": "92-502-A-j24-1", "route_id": "325.TA.92-502-A-j24-1.16.H", "mode": "bus", "line_name": "502"}, {"line_id": "92-508-A-j24-1", "route_id": "239.TA.92-508-A-j24-1.11.H", "mode": "bus", "line_name": "508"}, {"line_id": "92-502-A-j24-1", "route_id": "1604.TA.92-502-A-j24-1.607.R", "mode": "bus", "line_name": "502"}, {"line_id": "92-502-A-j24-1", "route_id": "450.TA.92-502-A-j24-1.817.H", "mode": "bus", "line_name": "502"}, {"line_id": "92-502-A-j24-1", "route_id": "515.TA.92-502-A-j24-1.818.H", "mode": "bus", "line_name": "502"}, {"line_id": "92-508-A-j24-1", "route_id": "231.TA.92-508-A-j24-1.11.H", "mode": "bus", "line_name": "508"}, {"line_id": "92-508-A-j24-1", "route_id": "336.TA.92-508-A-j24-1.12.H", "mode": "bus", "line_name": "508"}, {"line_id": "92-508-A-j24-1", "route_id": "324.TA.92-508-A-j24-1.12.H", "mode": "bus", "line_name": "508"}, {"line_id": "92-502-A-j24-1", "route_id": "931.TA.92-502-A-j24-1.795.H", "mode": "bus", "line_name": "502"}, {"line_id": "92-502-A-j24-1", "route_id": "527.TA.92-502-A-j24-1.818.H", "mode": "bus", "line_name": "502"}, {"line_id": "92-502-A-j24-1", "route_id": "1803.TA.92-502-A-j24-1.827.R", "mode": "bus", "line_name": "502"}, {"line_id": "92-502-A-j24-1", "route_id": "1594.TA.92-502-A-j24-1.826.R", "mode": "bus", "line_name": "502"}, {"line_id": "92-502-A-j24-1", "route_id": "2143.TA.92-502-A-j24-1.811.R", "mode": "bus", "line_name": "502"}, {"line_id": "92-508-A-j24-1", "route_id": "772.TA.92-508-A-j24-1.26.R", "mode": "bus", "line_name": "508"}, {"line_id": "92-508-A-j24-1", "route_id": "652.TA.92-508-A-j24-1.129.R", "mode": "bus", "line_name": "508"}, {"line_id": "92-502-A-j24-1", "route_id": "1820.TA.92-502-A-j24-1.828.R", "mode": "bus", "line_name": "502"}, {"line_id": "92-508-A-j24-1", "route_id": "801.TA.92-508-A-j24-1.26.R", "mode": "bus", "line_name": "508"}, {"line_id": "92-508-A-j24-1", "route_id": "711.TA.92-508-A-j24-1.24.R", "mode": "bus", "line_name": "508"}, {"line_id": "92-502-A-j24-1", "route_id": "1810.TA.92-502-A-j24-1.828.R", "mode": "bus", "line_name": "502"}, {"line_id": "92-502-A-j24-1", "route_id": "1510.TA.92-502-A-j24-1.602.R", "mode": "bus", "line_name": "502"}, {"line_id": "92-508-A-j24-1", "route_id": "848.TA.92-508-A-j24-1.26.R", "mode": "bus", "line_name": "508"}, {"line_id": "92-508-A-j24-1", "route_id": "728.TA.92-508-A-j24-1.24.R", "mode": "bus", "line_name": "508"}], "predominant_mode": "bus", "assigned_canton": "Schwyz", "modes_list": ["bus"]}, "geometry": {"type": "Point", "coordinates": [8.582792268001477, 47.00121263277415]}}, {"id": "4179", "type": "Feature", "properties": {"name": "Brunnen, Schiller", "lon": 8.588954699453614, "lat": 47.00099820265608, "stop_id": ["8577443.link:150805", "8577443.link:150806"], "lines": [{"line_id": "92-502-A-j24-1", "route_id": "493.TA.92-502-A-j24-1.818.H", "mode": "bus", "line_name": "502"}, {"line_id": "92-508-A-j24-1", "route_id": "375.TA.92-508-A-j24-1.12.H", "mode": "bus", "line_name": "508"}, {"line_id": "92-502-A-j24-1", "route_id": "945.TA.92-502-A-j24-1.795.H", "mode": "bus", "line_name": "502"}, {"line_id": "92-502-A-j24-1", "route_id": "325.TA.92-502-A-j24-1.16.H", "mode": "bus", "line_name": "502"}, {"line_id": "92-508-A-j24-1", "route_id": "239.TA.92-508-A-j24-1.11.H", "mode": "bus", "line_name": "508"}, {"line_id": "92-502-A-j24-1", "route_id": "1604.TA.92-502-A-j24-1.607.R", "mode": "bus", "line_name": "502"}, {"line_id": "92-502-A-j24-1", "route_id": "450.TA.92-502-A-j24-1.817.H", "mode": "bus", "line_name": "502"}, {"line_id": "92-508-A-j24-1", "route_id": "151.TA.92-508-A-j24-1.8.H", "mode": "bus", "line_name": "508"}, {"line_id": "92-502-A-j24-1", "route_id": "515.TA.92-502-A-j24-1.818.H", "mode": "bus", "line_name": "502"}, {"line_id": "92-508-A-j24-1", "route_id": "231.TA.92-508-A-j24-1.11.H", "mode": "bus", "line_name": "508"}, {"line_id": "92-508-A-j24-1", "route_id": "134.TA.92-508-A-j24-1.8.H", "mode": "bus", "line_name": "508"}, {"line_id": "92-508-A-j24-1", "route_id": "336.TA.92-508-A-j24-1.12.H", "mode": "bus", "line_name": "508"}, {"line_id": "92-508-A-j24-1", "route_id": "324.TA.92-508-A-j24-1.12.H", "mode": "bus", "line_name": "508"}, {"line_id": "92-502-A-j24-1", "route_id": "931.TA.92-502-A-j24-1.795.H", "mode": "bus", "line_name": "502"}, {"line_id": "92-502-A-j24-1", "route_id": "527.TA.92-502-A-j24-1.818.H", "mode": "bus", "line_name": "502"}, {"line_id": "92-502-A-j24-1", "route_id": "1803.TA.92-502-A-j24-1.827.R", "mode": "bus", "line_name": "502"}, {"line_id": "92-502-A-j24-1", "route_id": "1594.TA.92-502-A-j24-1.826.R", "mode": "bus", "line_name": "502"}, {"line_id": "92-502-A-j24-1", "route_id": "2143.TA.92-502-A-j24-1.811.R", "mode": "bus", "line_name": "502"}, {"line_id": "92-508-A-j24-1", "route_id": "772.TA.92-508-A-j24-1.26.R", "mode": "bus", "line_name": "508"}, {"line_id": "92-508-A-j24-1", "route_id": "652.TA.92-508-A-j24-1.129.R", "mode": "bus", "line_name": "508"}, {"line_id": "92-502-A-j24-1", "route_id": "1820.TA.92-502-A-j24-1.828.R", "mode": "bus", "line_name": "502"}, {"line_id": "92-502-A-j24-1", "route_id": "1592.TA.92-502-A-j24-1.804.R", "mode": "bus", "line_name": "502"}, {"line_id": "92-508-A-j24-1", "route_id": "801.TA.92-508-A-j24-1.26.R", "mode": "bus", "line_name": "508"}, {"line_id": "92-508-A-j24-1", "route_id": "599.TA.92-508-A-j24-1.21.R", "mode": "bus", "line_name": "508"}, {"line_id": "92-508-A-j24-1", "route_id": "711.TA.92-508-A-j24-1.24.R", "mode": "bus", "line_name": "508"}, {"line_id": "92-502-A-j24-1", "route_id": "1810.TA.92-502-A-j24-1.828.R", "mode": "bus", "line_name": "502"}, {"line_id": "92-508-A-j24-1", "route_id": "574.TA.92-508-A-j24-1.21.R", "mode": "bus", "line_name": "508"}, {"line_id": "92-502-A-j24-1", "route_id": "1510.TA.92-502-A-j24-1.602.R", "mode": "bus", "line_name": "502"}, {"line_id": "92-508-A-j24-1", "route_id": "848.TA.92-508-A-j24-1.26.R", "mode": "bus", "line_name": "508"}, {"line_id": "92-508-A-j24-1", "route_id": "728.TA.92-508-A-j24-1.24.R", "mode": "bus", "line_name": "508"}], "predominant_mode": "bus", "assigned_canton": "Schwyz", "modes_list": ["bus"]}, "geometry": {"type": "Point", "coordinates": [8.588954708004637, 47.00099821267548]}}, {"id": "4180", "type": "Feature", "properties": {"name": "Brunnen, See/Schiffstation", "lon": 8.605744209251244, "lat": 46.9944670823918, "stop_id": ["8505099.link:813634", "8505099.link:813635"], "lines": [{"line_id": "92-502-A-j24-1", "route_id": "1803.TA.92-502-A-j24-1.827.R", "mode": "bus", "line_name": "502"}, {"line_id": "92-504-j24-1", "route_id": "215.TA.92-504-j24-1.13.R", "mode": "bus", "line_name": "504"}, {"line_id": "92-504-j24-1", "route_id": "362.TA.92-504-j24-1.8.R", "mode": "bus", "line_name": "504"}, {"line_id": "92-502-A-j24-1", "route_id": "2143.TA.92-502-A-j24-1.811.R", "mode": "bus", "line_name": "502"}, {"line_id": "92-508-A-j24-1", "route_id": "772.TA.92-508-A-j24-1.26.R", "mode": "bus", "line_name": "508"}, {"line_id": "92-508-A-j24-1", "route_id": "652.TA.92-508-A-j24-1.129.R", "mode": "bus", "line_name": "508"}, {"line_id": "92-502-A-j24-1", "route_id": "1820.TA.92-502-A-j24-1.828.R", "mode": "bus", "line_name": "502"}, {"line_id": "92-502-A-j24-1", "route_id": "1592.TA.92-502-A-j24-1.804.R", "mode": "bus", "line_name": "502"}, {"line_id": "92-508-A-j24-1", "route_id": "801.TA.92-508-A-j24-1.26.R", "mode": "bus", "line_name": "508"}, {"line_id": "92-508-A-j24-1", "route_id": "599.TA.92-508-A-j24-1.21.R", "mode": "bus", "line_name": "508"}, {"line_id": "92-508-A-j24-1", "route_id": "711.TA.92-508-A-j24-1.24.R", "mode": "bus", "line_name": "508"}, {"line_id": "92-504-j24-1", "route_id": "312.TA.92-504-j24-1.7.R", "mode": "bus", "line_name": "504"}, {"line_id": "92-502-A-j24-1", "route_id": "1810.TA.92-502-A-j24-1.828.R", "mode": "bus", "line_name": "502"}, {"line_id": "92-508-A-j24-1", "route_id": "574.TA.92-508-A-j24-1.21.R", "mode": "bus", "line_name": "508"}, {"line_id": "92-502-A-j24-1", "route_id": "1510.TA.92-502-A-j24-1.602.R", "mode": "bus", "line_name": "502"}, {"line_id": "92-508-A-j24-1", "route_id": "848.TA.92-508-A-j24-1.26.R", "mode": "bus", "line_name": "508"}, {"line_id": "92-508-A-j24-1", "route_id": "728.TA.92-508-A-j24-1.24.R", "mode": "bus", "line_name": "508"}, {"line_id": "92-504-j24-1", "route_id": "17.TA.92-504-j24-1.9.H", "mode": "bus", "line_name": "504"}, {"line_id": "92-502-A-j24-1", "route_id": "493.TA.92-502-A-j24-1.818.H", "mode": "bus", "line_name": "502"}, {"line_id": "92-508-A-j24-1", "route_id": "375.TA.92-508-A-j24-1.12.H", "mode": "bus", "line_name": "508"}, {"line_id": "92-502-A-j24-1", "route_id": "945.TA.92-502-A-j24-1.795.H", "mode": "bus", "line_name": "502"}, {"line_id": "92-502-A-j24-1", "route_id": "325.TA.92-502-A-j24-1.16.H", "mode": "bus", "line_name": "502"}, {"line_id": "92-508-A-j24-1", "route_id": "239.TA.92-508-A-j24-1.11.H", "mode": "bus", "line_name": "508"}, {"line_id": "92-502-A-j24-1", "route_id": "1604.TA.92-502-A-j24-1.607.R", "mode": "bus", "line_name": "502"}, {"line_id": "92-502-A-j24-1", "route_id": "450.TA.92-502-A-j24-1.817.H", "mode": "bus", "line_name": "502"}, {"line_id": "92-508-A-j24-1", "route_id": "151.TA.92-508-A-j24-1.8.H", "mode": "bus", "line_name": "508"}, {"line_id": "92-502-A-j24-1", "route_id": "515.TA.92-502-A-j24-1.818.H", "mode": "bus", "line_name": "502"}, {"line_id": "92-508-A-j24-1", "route_id": "231.TA.92-508-A-j24-1.11.H", "mode": "bus", "line_name": "508"}, {"line_id": "92-508-A-j24-1", "route_id": "134.TA.92-508-A-j24-1.8.H", "mode": "bus", "line_name": "508"}, {"line_id": "92-508-A-j24-1", "route_id": "336.TA.92-508-A-j24-1.12.H", "mode": "bus", "line_name": "508"}, {"line_id": "92-508-A-j24-1", "route_id": "324.TA.92-508-A-j24-1.12.H", "mode": "bus", "line_name": "508"}, {"line_id": "92-504-j24-1", "route_id": "111.TA.92-504-j24-1.3.H", "mode": "bus", "line_name": "504"}, {"line_id": "92-502-A-j24-1", "route_id": "931.TA.92-502-A-j24-1.795.H", "mode": "bus", "line_name": "502"}, {"line_id": "92-502-A-j24-1", "route_id": "527.TA.92-502-A-j24-1.818.H", "mode": "bus", "line_name": "502"}], "predominant_mode": "bus", "assigned_canton": "Schwyz", "modes_list": ["bus"]}, "geometry": {"type": "Point", "coordinates": [8.605744217820673, 46.99446709240391]}}, {"id": "4181", "type": "Feature", "properties": {"name": "Brunnen, Seeschl\u00f6ssli", "lon": 8.56927260932168, "lat": 46.99735288296487, "stop_id": ["8505082.link:1948689", "8505082.link:1948690"], "lines": [{"line_id": "92-502-A-j24-1", "route_id": "493.TA.92-502-A-j24-1.818.H", "mode": "bus", "line_name": "502"}, {"line_id": "92-508-A-j24-1", "route_id": "375.TA.92-508-A-j24-1.12.H", "mode": "bus", "line_name": "508"}, {"line_id": "92-502-A-j24-1", "route_id": "945.TA.92-502-A-j24-1.795.H", "mode": "bus", "line_name": "502"}, {"line_id": "92-502-A-j24-1", "route_id": "325.TA.92-502-A-j24-1.16.H", "mode": "bus", "line_name": "502"}, {"line_id": "92-508-A-j24-1", "route_id": "239.TA.92-508-A-j24-1.11.H", "mode": "bus", "line_name": "508"}, {"line_id": "92-502-A-j24-1", "route_id": "1604.TA.92-502-A-j24-1.607.R", "mode": "bus", "line_name": "502"}, {"line_id": "92-502-A-j24-1", "route_id": "450.TA.92-502-A-j24-1.817.H", "mode": "bus", "line_name": "502"}, {"line_id": "92-502-A-j24-1", "route_id": "515.TA.92-502-A-j24-1.818.H", "mode": "bus", "line_name": "502"}, {"line_id": "92-508-A-j24-1", "route_id": "231.TA.92-508-A-j24-1.11.H", "mode": "bus", "line_name": "508"}, {"line_id": "92-508-A-j24-1", "route_id": "336.TA.92-508-A-j24-1.12.H", "mode": "bus", "line_name": "508"}, {"line_id": "92-508-A-j24-1", "route_id": "324.TA.92-508-A-j24-1.12.H", "mode": "bus", "line_name": "508"}, {"line_id": "92-502-A-j24-1", "route_id": "931.TA.92-502-A-j24-1.795.H", "mode": "bus", "line_name": "502"}, {"line_id": "92-502-A-j24-1", "route_id": "527.TA.92-502-A-j24-1.818.H", "mode": "bus", "line_name": "502"}, {"line_id": "92-502-A-j24-1", "route_id": "1803.TA.92-502-A-j24-1.827.R", "mode": "bus", "line_name": "502"}, {"line_id": "92-502-A-j24-1", "route_id": "1594.TA.92-502-A-j24-1.826.R", "mode": "bus", "line_name": "502"}, {"line_id": "92-502-A-j24-1", "route_id": "2143.TA.92-502-A-j24-1.811.R", "mode": "bus", "line_name": "502"}, {"line_id": "92-508-A-j24-1", "route_id": "772.TA.92-508-A-j24-1.26.R", "mode": "bus", "line_name": "508"}, {"line_id": "92-508-A-j24-1", "route_id": "652.TA.92-508-A-j24-1.129.R", "mode": "bus", "line_name": "508"}, {"line_id": "92-502-A-j24-1", "route_id": "1820.TA.92-502-A-j24-1.828.R", "mode": "bus", "line_name": "502"}, {"line_id": "92-508-A-j24-1", "route_id": "801.TA.92-508-A-j24-1.26.R", "mode": "bus", "line_name": "508"}, {"line_id": "92-508-A-j24-1", "route_id": "711.TA.92-508-A-j24-1.24.R", "mode": "bus", "line_name": "508"}, {"line_id": "92-502-A-j24-1", "route_id": "1810.TA.92-502-A-j24-1.828.R", "mode": "bus", "line_name": "502"}, {"line_id": "92-502-A-j24-1", "route_id": "1510.TA.92-502-A-j24-1.602.R", "mode": "bus", "line_name": "502"}, {"line_id": "92-508-A-j24-1", "route_id": "848.TA.92-508-A-j24-1.26.R", "mode": "bus", "line_name": "508"}, {"line_id": "92-508-A-j24-1", "route_id": "728.TA.92-508-A-j24-1.24.R", "mode": "bus", "line_name": "508"}], "predominant_mode": "bus", "assigned_canton": "Schwyz", "modes_list": ["bus"]}, "geometry": {"type": "Point", "coordinates": [8.569272617854402, 46.99735289298852]}}, {"id": "4182", "type": "Feature", "properties": {"name": "Brunnen, Seilbahn Urmiberg", "lon": 8.592485079444495, "lat": 47.00064900260062, "stop_id": ["8577442.link:811308", "8577442.link:811309"], "lines": [{"line_id": "92-502-A-j24-1", "route_id": "493.TA.92-502-A-j24-1.818.H", "mode": "bus", "line_name": "502"}, {"line_id": "92-508-A-j24-1", "route_id": "375.TA.92-508-A-j24-1.12.H", "mode": "bus", "line_name": "508"}, {"line_id": "92-502-A-j24-1", "route_id": "945.TA.92-502-A-j24-1.795.H", "mode": "bus", "line_name": "502"}, {"line_id": "92-502-A-j24-1", "route_id": "325.TA.92-502-A-j24-1.16.H", "mode": "bus", "line_name": "502"}, {"line_id": "92-508-A-j24-1", "route_id": "239.TA.92-508-A-j24-1.11.H", "mode": "bus", "line_name": "508"}, {"line_id": "92-502-A-j24-1", "route_id": "1604.TA.92-502-A-j24-1.607.R", "mode": "bus", "line_name": "502"}, {"line_id": "92-502-A-j24-1", "route_id": "450.TA.92-502-A-j24-1.817.H", "mode": "bus", "line_name": "502"}, {"line_id": "92-508-A-j24-1", "route_id": "151.TA.92-508-A-j24-1.8.H", "mode": "bus", "line_name": "508"}, {"line_id": "92-502-A-j24-1", "route_id": "515.TA.92-502-A-j24-1.818.H", "mode": "bus", "line_name": "502"}, {"line_id": "92-508-A-j24-1", "route_id": "231.TA.92-508-A-j24-1.11.H", "mode": "bus", "line_name": "508"}, {"line_id": "92-508-A-j24-1", "route_id": "134.TA.92-508-A-j24-1.8.H", "mode": "bus", "line_name": "508"}, {"line_id": "92-508-A-j24-1", "route_id": "336.TA.92-508-A-j24-1.12.H", "mode": "bus", "line_name": "508"}, {"line_id": "92-508-A-j24-1", "route_id": "324.TA.92-508-A-j24-1.12.H", "mode": "bus", "line_name": "508"}, {"line_id": "92-502-A-j24-1", "route_id": "931.TA.92-502-A-j24-1.795.H", "mode": "bus", "line_name": "502"}, {"line_id": "92-502-A-j24-1", "route_id": "527.TA.92-502-A-j24-1.818.H", "mode": "bus", "line_name": "502"}, {"line_id": "92-502-A-j24-1", "route_id": "1803.TA.92-502-A-j24-1.827.R", "mode": "bus", "line_name": "502"}, {"line_id": "92-502-A-j24-1", "route_id": "1594.TA.92-502-A-j24-1.826.R", "mode": "bus", "line_name": "502"}, {"line_id": "92-502-A-j24-1", "route_id": "2143.TA.92-502-A-j24-1.811.R", "mode": "bus", "line_name": "502"}, {"line_id": "92-508-A-j24-1", "route_id": "772.TA.92-508-A-j24-1.26.R", "mode": "bus", "line_name": "508"}, {"line_id": "92-508-A-j24-1", "route_id": "652.TA.92-508-A-j24-1.129.R", "mode": "bus", "line_name": "508"}, {"line_id": "92-502-A-j24-1", "route_id": "1820.TA.92-502-A-j24-1.828.R", "mode": "bus", "line_name": "502"}, {"line_id": "92-502-A-j24-1", "route_id": "1592.TA.92-502-A-j24-1.804.R", "mode": "bus", "line_name": "502"}, {"line_id": "92-508-A-j24-1", "route_id": "801.TA.92-508-A-j24-1.26.R", "mode": "bus", "line_name": "508"}, {"line_id": "92-508-A-j24-1", "route_id": "599.TA.92-508-A-j24-1.21.R", "mode": "bus", "line_name": "508"}, {"line_id": "92-508-A-j24-1", "route_id": "711.TA.92-508-A-j24-1.24.R", "mode": "bus", "line_name": "508"}, {"line_id": "92-502-A-j24-1", "route_id": "1810.TA.92-502-A-j24-1.828.R", "mode": "bus", "line_name": "502"}, {"line_id": "92-508-A-j24-1", "route_id": "574.TA.92-508-A-j24-1.21.R", "mode": "bus", "line_name": "508"}, {"line_id": "92-502-A-j24-1", "route_id": "1510.TA.92-502-A-j24-1.602.R", "mode": "bus", "line_name": "502"}, {"line_id": "92-508-A-j24-1", "route_id": "848.TA.92-508-A-j24-1.26.R", "mode": "bus", "line_name": "508"}, {"line_id": "92-508-A-j24-1", "route_id": "728.TA.92-508-A-j24-1.24.R", "mode": "bus", "line_name": "508"}], "predominant_mode": "bus", "assigned_canton": "Schwyz", "modes_list": ["bus"]}, "geometry": {"type": "Point", "coordinates": [8.592485087999092, 47.00064901261887]}}, {"id": "4183", "type": "Feature", "properties": {"name": "Brunnen, Sportplatzweg", "lon": 8.59809056935951, "lat": 46.997934922512336, "stop_id": ["8577440.link:385166", "8577440.link:385167"], "lines": [{"line_id": "92-502-A-j24-1", "route_id": "1803.TA.92-502-A-j24-1.827.R", "mode": "bus", "line_name": "502"}, {"line_id": "92-508-A-j24-1", "route_id": "652.TA.92-508-A-j24-1.129.R", "mode": "bus", "line_name": "508"}, {"line_id": "92-502-A-j24-1", "route_id": "2143.TA.92-502-A-j24-1.811.R", "mode": "bus", "line_name": "502"}, {"line_id": "92-508-A-j24-1", "route_id": "772.TA.92-508-A-j24-1.26.R", "mode": "bus", "line_name": "508"}, {"line_id": "92-502-A-j24-1", "route_id": "1820.TA.92-502-A-j24-1.828.R", "mode": "bus", "line_name": "502"}, {"line_id": "92-502-A-j24-1", "route_id": "1592.TA.92-502-A-j24-1.804.R", "mode": "bus", "line_name": "502"}, {"line_id": "92-508-A-j24-1", "route_id": "801.TA.92-508-A-j24-1.26.R", "mode": "bus", "line_name": "508"}, {"line_id": "92-508-A-j24-1", "route_id": "599.TA.92-508-A-j24-1.21.R", "mode": "bus", "line_name": "508"}, {"line_id": "92-508-A-j24-1", "route_id": "711.TA.92-508-A-j24-1.24.R", "mode": "bus", "line_name": "508"}, {"line_id": "92-502-A-j24-1", "route_id": "1810.TA.92-502-A-j24-1.828.R", "mode": "bus", "line_name": "502"}, {"line_id": "92-508-A-j24-1", "route_id": "574.TA.92-508-A-j24-1.21.R", "mode": "bus", "line_name": "508"}, {"line_id": "92-502-A-j24-1", "route_id": "1510.TA.92-502-A-j24-1.602.R", "mode": "bus", "line_name": "502"}, {"line_id": "92-508-A-j24-1", "route_id": "848.TA.92-508-A-j24-1.26.R", "mode": "bus", "line_name": "508"}, {"line_id": "92-508-A-j24-1", "route_id": "728.TA.92-508-A-j24-1.24.R", "mode": "bus", "line_name": "508"}, {"line_id": "92-502-A-j24-1", "route_id": "493.TA.92-502-A-j24-1.818.H", "mode": "bus", "line_name": "502"}, {"line_id": "92-508-A-j24-1", "route_id": "375.TA.92-508-A-j24-1.12.H", "mode": "bus", "line_name": "508"}, {"line_id": "92-502-A-j24-1", "route_id": "945.TA.92-502-A-j24-1.795.H", "mode": "bus", "line_name": "502"}, {"line_id": "92-502-A-j24-1", "route_id": "325.TA.92-502-A-j24-1.16.H", "mode": "bus", "line_name": "502"}, {"line_id": "92-508-A-j24-1", "route_id": "239.TA.92-508-A-j24-1.11.H", "mode": "bus", "line_name": "508"}, {"line_id": "92-502-A-j24-1", "route_id": "1604.TA.92-502-A-j24-1.607.R", "mode": "bus", "line_name": "502"}, {"line_id": "92-502-A-j24-1", "route_id": "450.TA.92-502-A-j24-1.817.H", "mode": "bus", "line_name": "502"}, {"line_id": "92-508-A-j24-1", "route_id": "151.TA.92-508-A-j24-1.8.H", "mode": "bus", "line_name": "508"}, {"line_id": "92-502-A-j24-1", "route_id": "515.TA.92-502-A-j24-1.818.H", "mode": "bus", "line_name": "502"}, {"line_id": "92-508-A-j24-1", "route_id": "231.TA.92-508-A-j24-1.11.H", "mode": "bus", "line_name": "508"}, {"line_id": "92-508-A-j24-1", "route_id": "134.TA.92-508-A-j24-1.8.H", "mode": "bus", "line_name": "508"}, {"line_id": "92-508-A-j24-1", "route_id": "336.TA.92-508-A-j24-1.12.H", "mode": "bus", "line_name": "508"}, {"line_id": "92-508-A-j24-1", "route_id": "324.TA.92-508-A-j24-1.12.H", "mode": "bus", "line_name": "508"}, {"line_id": "92-502-A-j24-1", "route_id": "931.TA.92-502-A-j24-1.795.H", "mode": "bus", "line_name": "502"}, {"line_id": "92-502-A-j24-1", "route_id": "527.TA.92-502-A-j24-1.818.H", "mode": "bus", "line_name": "502"}], "predominant_mode": "bus", "assigned_canton": "Schwyz", "modes_list": ["bus"]}, "geometry": {"type": "Point", "coordinates": [8.598090577920408, 46.99793493252792]}}, {"id": "4185", "type": "Feature", "properties": {"name": "Brunni SZ (Talstation Holzegg)", "lon": 8.703094640865276, "lat": 47.04199858086644, "stop_id": ["8530402.link:pt_8530402"], "lines": [{"line_id": "93-8R-Y-j24-1", "route_id": "11.TA.93-8R-Y-j24-1.1.H", "mode": "cable car", "line_name": "PB"}, {"line_id": "93-8R-Y-j24-1", "route_id": "60.TA.93-8R-Y-j24-1.2.R", "mode": "cable car", "line_name": "PB"}], "predominant_mode": "cable car", "assigned_canton": "Schwyz", "modes_list": ["cable car"]}, "geometry": {"type": "Point", "coordinates": [8.703094649515762, 47.04199859086812]}}, {"id": "4186", "type": "Feature", "properties": {"name": "Brunni SZ, Rest. Brunni", "lon": 8.706382471000017, "lat": 47.0460571008151, "stop_id": ["8573764.link:344243", "8573764.link:344244"], "lines": [{"line_id": "96-244-1-j24-1", "route_id": "14.TA.96-244-1-j24-1.3.H", "mode": "bus", "line_name": "554"}, {"line_id": "96-244-1-j24-1", "route_id": "22.TA.96-244-1-j24-1.4.H", "mode": "bus", "line_name": "554"}, {"line_id": "96-244-1-j24-1", "route_id": "29.TA.96-244-1-j24-1.5.R", "mode": "bus", "line_name": "554"}, {"line_id": "96-244-1-j24-1", "route_id": "45.TA.96-244-1-j24-1.6.R", "mode": "bus", "line_name": "554"}], "predominant_mode": "bus", "assigned_canton": "Schwyz", "modes_list": ["bus"]}, "geometry": {"type": "Point", "coordinates": [8.706382479652483, 47.046057110817316]}}, {"id": "4187", "type": "Feature", "properties": {"name": "Brunni SZ, Talstation LBH", "lon": 8.70322040086296, "lat": 47.04192512086444, "stop_id": ["8503750.link:1043765", "8503750.link:1043766"], "lines": [{"line_id": "96-244-1-j24-1", "route_id": "14.TA.96-244-1-j24-1.3.H", "mode": "bus", "line_name": "554"}, {"line_id": "96-244-1-j24-1", "route_id": "22.TA.96-244-1-j24-1.4.H", "mode": "bus", "line_name": "554"}, {"line_id": "96-244-1-j24-1", "route_id": "29.TA.96-244-1-j24-1.5.R", "mode": "bus", "line_name": "554"}, {"line_id": "96-244-1-j24-1", "route_id": "45.TA.96-244-1-j24-1.6.R", "mode": "bus", "line_name": "554"}], "predominant_mode": "bus", "assigned_canton": "Schwyz", "modes_list": ["bus"]}, "geometry": {"type": "Point", "coordinates": [8.703220409513586, 47.04192513086605]}}, {"id": "4493", "type": "Feature", "properties": {"name": "Burggeist (Rigi Scheidegg)", "lon": 8.524608380205397, "lat": 47.0253144036688, "stop_id": ["8530798.link:pt_8530798"], "lines": [{"line_id": "93-8M-Y-j24-1", "route_id": "5.TA.93-8M-Y-j24-1.1.H", "mode": "cable car", "line_name": "PB"}, {"line_id": "93-8M-Y-j24-1", "route_id": "27.TA.93-8M-Y-j24-1.2.R", "mode": "cable car", "line_name": "PB"}], "predominant_mode": "cable car", "assigned_canton": "Schwyz", "modes_list": ["cable car"]}, "geometry": {"type": "Point", "coordinates": [8.524608388685943, 47.02531441371568]}}, {"id": "4570", "type": "Feature", "properties": {"name": "Buttikon SZ, Dorfplatz", "lon": 8.953266465339134, "lat": 47.174252276942234, "stop_id": ["8503643.link:1924521", "8503643.link:1924522"], "lines": [{"line_id": "96-241-1-j24-1", "route_id": "106.TA.96-241-1-j24-1.40.H", "mode": "bus", "line_name": "522"}, {"line_id": "96-242-5-j24-1", "route_id": "91.TA.96-242-5-j24-1.9.H", "mode": "bus", "line_name": "525"}, {"line_id": "96-242-5-j24-1", "route_id": "103.TA.96-242-5-j24-1.9.H", "mode": "bus", "line_name": "525"}, {"line_id": "96-242-5-j24-1", "route_id": "28.TA.96-242-5-j24-1.7.H", "mode": "bus", "line_name": "525"}, {"line_id": "96-242-5-j24-1", "route_id": "58.TA.96-242-5-j24-1.8.H", "mode": "bus", "line_name": "525"}, {"line_id": "96-241-1-j24-1", "route_id": "66.TA.96-241-1-j24-1.16.H", "mode": "bus", "line_name": "522"}, {"line_id": "96-241-1-j24-1", "route_id": "46.TA.96-241-1-j24-1.16.H", "mode": "bus", "line_name": "522"}, {"line_id": "96-242-6-j24-1", "route_id": "4.TA.96-242-6-j24-1.2.R", "mode": "bus", "line_name": "520"}, {"line_id": "96-242-5-j24-1", "route_id": "166.TA.96-242-5-j24-1.10.R", "mode": "bus", "line_name": "525"}, {"line_id": "96-242-6-j24-1", "route_id": "2.TA.96-242-6-j24-1.1.H", "mode": "bus", "line_name": "520"}, {"line_id": "96-242-5-j24-1", "route_id": "198.TA.96-242-5-j24-1.11.R", "mode": "bus", "line_name": "525"}, {"line_id": "96-242-5-j24-1", "route_id": "258.TA.96-242-5-j24-1.12.R", "mode": "bus", "line_name": "525"}, {"line_id": "96-241-1-j24-1", "route_id": "171.TA.96-241-1-j24-1.21.R", "mode": "bus", "line_name": "522"}, {"line_id": "96-241-1-j24-1", "route_id": "238.TA.96-241-1-j24-1.23.R", "mode": "bus", "line_name": "522"}], "predominant_mode": "bus", "assigned_canton": "Schwyz", "modes_list": ["bus"]}, "geometry": {"type": "Point", "coordinates": [8.9532664741891, 47.174252286917124]}}, {"id": "4571", "type": "Feature", "properties": {"name": "Buttikon SZ, M\u00fchlemoos", "lon": 8.947795725372046, "lat": 47.17533922702832, "stop_id": ["8573840.link:1041814", "8573840.link:1041815"], "lines": [{"line_id": "96-241-1-j24-1", "route_id": "106.TA.96-241-1-j24-1.40.H", "mode": "bus", "line_name": "522"}, {"line_id": "96-242-5-j24-1", "route_id": "91.TA.96-242-5-j24-1.9.H", "mode": "bus", "line_name": "525"}, {"line_id": "96-242-5-j24-1", "route_id": "103.TA.96-242-5-j24-1.9.H", "mode": "bus", "line_name": "525"}, {"line_id": "96-242-5-j24-1", "route_id": "28.TA.96-242-5-j24-1.7.H", "mode": "bus", "line_name": "525"}, {"line_id": "96-242-5-j24-1", "route_id": "58.TA.96-242-5-j24-1.8.H", "mode": "bus", "line_name": "525"}, {"line_id": "96-241-1-j24-1", "route_id": "66.TA.96-241-1-j24-1.16.H", "mode": "bus", "line_name": "522"}, {"line_id": "96-241-1-j24-1", "route_id": "46.TA.96-241-1-j24-1.16.H", "mode": "bus", "line_name": "522"}, {"line_id": "96-242-6-j24-1", "route_id": "4.TA.96-242-6-j24-1.2.R", "mode": "bus", "line_name": "520"}, {"line_id": "96-242-5-j24-1", "route_id": "166.TA.96-242-5-j24-1.10.R", "mode": "bus", "line_name": "525"}, {"line_id": "96-242-6-j24-1", "route_id": "2.TA.96-242-6-j24-1.1.H", "mode": "bus", "line_name": "520"}, {"line_id": "96-242-5-j24-1", "route_id": "198.TA.96-242-5-j24-1.11.R", "mode": "bus", "line_name": "525"}, {"line_id": "96-242-5-j24-1", "route_id": "258.TA.96-242-5-j24-1.12.R", "mode": "bus", "line_name": "525"}, {"line_id": "96-241-1-j24-1", "route_id": "171.TA.96-241-1-j24-1.21.R", "mode": "bus", "line_name": "522"}, {"line_id": "96-241-1-j24-1", "route_id": "238.TA.96-241-1-j24-1.23.R", "mode": "bus", "line_name": "522"}], "predominant_mode": "bus", "assigned_canton": "Schwyz", "modes_list": ["bus"]}, "geometry": {"type": "Point", "coordinates": [8.94779573421648, 47.17533923700524]}}, {"id": "4572", "type": "Feature", "properties": {"name": "Buttikon SZ, Oberstufenschule", "lon": 8.960066715296453, "lat": 47.17284776683531, "stop_id": ["8573841.link:1041830", "8573841.link:656995", "8573841.link:656996"], "lines": [{"line_id": "96-242-6-j24-1", "route_id": "4.TA.96-242-6-j24-1.2.R", "mode": "bus", "line_name": "520"}, {"line_id": "96-241-1-j24-1", "route_id": "106.TA.96-241-1-j24-1.40.H", "mode": "bus", "line_name": "522"}, {"line_id": "96-242-5-j24-1", "route_id": "91.TA.96-242-5-j24-1.9.H", "mode": "bus", "line_name": "525"}, {"line_id": "96-242-5-j24-1", "route_id": "103.TA.96-242-5-j24-1.9.H", "mode": "bus", "line_name": "525"}, {"line_id": "96-242-5-j24-1", "route_id": "28.TA.96-242-5-j24-1.7.H", "mode": "bus", "line_name": "525"}, {"line_id": "96-242-5-j24-1", "route_id": "58.TA.96-242-5-j24-1.8.H", "mode": "bus", "line_name": "525"}, {"line_id": "96-241-1-j24-1", "route_id": "66.TA.96-241-1-j24-1.16.H", "mode": "bus", "line_name": "522"}, {"line_id": "96-241-1-j24-1", "route_id": "46.TA.96-241-1-j24-1.16.H", "mode": "bus", "line_name": "522"}, {"line_id": "96-242-5-j24-1", "route_id": "166.TA.96-242-5-j24-1.10.R", "mode": "bus", "line_name": "525"}, {"line_id": "96-242-6-j24-1", "route_id": "2.TA.96-242-6-j24-1.1.H", "mode": "bus", "line_name": "520"}, {"line_id": "96-242-5-j24-1", "route_id": "198.TA.96-242-5-j24-1.11.R", "mode": "bus", "line_name": "525"}, {"line_id": "96-242-5-j24-1", "route_id": "258.TA.96-242-5-j24-1.12.R", "mode": "bus", "line_name": "525"}, {"line_id": "96-241-1-j24-1", "route_id": "171.TA.96-241-1-j24-1.21.R", "mode": "bus", "line_name": "522"}, {"line_id": "96-241-1-j24-1", "route_id": "238.TA.96-241-1-j24-1.23.R", "mode": "bus", "line_name": "522"}], "predominant_mode": "bus", "assigned_canton": "Schwyz", "modes_list": ["bus"]}, "geometry": {"type": "Point", "coordinates": [8.960066724153304, 47.17284777680765]}}, {"id": "4590", "type": "Feature", "properties": {"name": "B\u00e4ch SZ", "lon": 8.725555519411783, "lat": 47.20056064718864, "stop_id": ["8503208:0:1.link:1092300", "8503208:0:1.link:1092301", "8503208:0:2.link:1935957"], "lines": [{"line_id": "91-8-C-j24-1", "route_id": "849.TA.91-8-C-j24-1.140.R", "mode": "rail", "line_name": "S8"}, {"line_id": "91-8-C-j24-1", "route_id": "872.TA.91-8-C-j24-1.144.R", "mode": "rail", "line_name": "S8"}, {"line_id": "91-8-C-j24-1", "route_id": "779.TA.91-8-C-j24-1.121.R", "mode": "rail", "line_name": "S8"}, {"line_id": "91-8-C-j24-1", "route_id": "882.TA.91-8-C-j24-1.145.R", "mode": "rail", "line_name": "S8"}, {"line_id": "91-8-C-j24-1", "route_id": "904.TA.91-8-C-j24-1.147.R", "mode": "rail", "line_name": "S8"}, {"line_id": "91-8-C-j24-1", "route_id": "1013.TA.91-8-C-j24-1.206.R", "mode": "rail", "line_name": "S8"}, {"line_id": "91-8-C-j24-1", "route_id": "1033.TA.91-8-C-j24-1.228.R", "mode": "rail", "line_name": "S8"}, {"line_id": "91-4H-Y-j24-1", "route_id": "287.TA.91-4H-Y-j24-1.729.H", "mode": "rail", "line_name": "S"}, {"line_id": "91-8-C-j24-1", "route_id": "274.TA.91-8-C-j24-1.11.H", "mode": "rail", "line_name": "S8"}, {"line_id": "91-8-C-j24-1", "route_id": "273.TA.91-8-C-j24-1.10.H", "mode": "rail", "line_name": "S8"}, {"line_id": "91-8-C-j24-1", "route_id": "376.TA.91-8-C-j24-1.31.H", "mode": "rail", "line_name": "S8"}, {"line_id": "91-8-C-j24-1", "route_id": "459.TA.91-8-C-j24-1.76.H", "mode": "rail", "line_name": "S8"}, {"line_id": "91-8-C-j24-1", "route_id": "407.TA.91-8-C-j24-1.718.H", "mode": "rail", "line_name": "S8"}, {"line_id": "91-8-C-j24-1", "route_id": "327.TA.91-8-C-j24-1.24.H", "mode": "rail", "line_name": "S8"}], "predominant_mode": "rail", "assigned_canton": "Schwyz", "modes_list": ["rail"]}, "geometry": {"type": "Point", "coordinates": [8.725555528035844, 47.20056065724033]}}, {"id": "4591", "type": "Feature", "properties": {"name": "B\u00e4ch SZ, Badi", "lon": 8.731939546161646, "lat": 47.20297553042169, "stop_id": ["8592286.link:447115", "8592286.link:447116"], "lines": [{"line_id": "92-189-j24-1", "route_id": "45.TA.92-189-j24-1.4.R", "mode": "bus", "line_name": "189"}, {"line_id": "92-189-j24-1", "route_id": "14.TA.92-189-j24-1.3.H", "mode": "bus", "line_name": "189"}], "predominant_mode": "bus", "assigned_canton": "Schwyz", "modes_list": ["bus"]}, "geometry": {"type": "Point", "coordinates": [8.73193955479112, 47.20297554047237]}}, {"id": "4592", "type": "Feature", "properties": {"name": "B\u00e4ch SZ, Bahnhof", "lon": 8.72764560610369, "lat": 47.20129102048912, "stop_id": ["8592287.link:447107", "8592287.link:447108"], "lines": [{"line_id": "92-189-j24-1", "route_id": "45.TA.92-189-j24-1.4.R", "mode": "bus", "line_name": "189"}, {"line_id": "92-189-j24-1", "route_id": "14.TA.92-189-j24-1.3.H", "mode": "bus", "line_name": "189"}], "predominant_mode": "bus", "assigned_canton": "Schwyz", "modes_list": ["bus"]}, "geometry": {"type": "Point", "coordinates": [8.727645614729544, 47.20129103054048]}}, {"id": "4593", "type": "Feature", "properties": {"name": "B\u00e4ch SZ, Schulhaus", "lon": 8.733619396202954, "lat": 47.204202250395355, "stop_id": ["8592289.link:447123", "8592289.link:447124"], "lines": [{"line_id": "92-189-j24-1", "route_id": "45.TA.92-189-j24-1.4.R", "mode": "bus", "line_name": "189"}, {"line_id": "92-189-j24-1", "route_id": "14.TA.92-189-j24-1.3.H", "mode": "bus", "line_name": "189"}], "predominant_mode": "bus", "assigned_canton": "Schwyz", "modes_list": ["bus"]}, "geometry": {"type": "Point", "coordinates": [8.733619404833671, 47.20420226044598]}}, {"id": "4594", "type": "Feature", "properties": {"name": "B\u00e4ch SZ, Usserb\u00e4ch", "lon": 8.737931316204094, "lat": 47.20415953032759, "stop_id": ["8594068.link:447131", "8594068.link:447132"], "lines": [{"line_id": "92-189-j24-1", "route_id": "45.TA.92-189-j24-1.4.R", "mode": "bus", "line_name": "189"}, {"line_id": "92-189-j24-1", "route_id": "14.TA.92-189-j24-1.3.H", "mode": "bus", "line_name": "189"}], "predominant_mode": "bus", "assigned_canton": "Schwyz", "modes_list": ["bus"]}, "geometry": {"type": "Point", "coordinates": [8.737931324838977, 47.20415954037692]}}, {"id": "7469", "type": "Feature", "properties": {"name": "Egg SZ, Eintracht", "lon": 8.785622864750556, "lat": 47.15908770957661, "stop_id": ["8573792.link:826362", "8573792.link:826363"], "lines": [{"line_id": "96-244-6-j24-1", "route_id": "36.TA.96-244-6-j24-1.6.R", "mode": "bus", "line_name": "552"}, {"line_id": "96-243-9-j24-1", "route_id": "9.TA.96-243-9-j24-1.7.R", "mode": "bus", "line_name": "570"}, {"line_id": "96-244-6-j24-1", "route_id": "29.TA.96-244-6-j24-1.3.H", "mode": "bus", "line_name": "552"}], "predominant_mode": "bus", "assigned_canton": "Schwyz", "modes_list": ["bus"]}, "geometry": {"type": "Point", "coordinates": [8.785622873445249, 47.15908771959624]}}, {"id": "7470", "type": "Feature", "properties": {"name": "Egg SZ, Langr\u00fcti", "lon": 8.78940477451988, "lat": 47.151995579516836, "stop_id": ["8503732.link:248647", "8503732.link:248648"], "lines": [{"line_id": "96-244-6-j24-1", "route_id": "36.TA.96-244-6-j24-1.6.R", "mode": "bus", "line_name": "552"}, {"line_id": "96-243-9-j24-1", "route_id": "9.TA.96-243-9-j24-1.7.R", "mode": "bus", "line_name": "570"}, {"line_id": "96-244-6-j24-1", "route_id": "29.TA.96-244-6-j24-1.3.H", "mode": "bus", "line_name": "552"}], "predominant_mode": "bus", "assigned_canton": "Schwyz", "modes_list": ["bus"]}, "geometry": {"type": "Point", "coordinates": [8.789404783220395, 47.15199558953288]}}, {"id": "7471", "type": "Feature", "properties": {"name": "Egg SZ, Postplatz", "lon": 8.78126604482889, "lat": 47.16154926964515, "stop_id": ["8503733.link:457650", "8503733.link:457651", "8503733.link:655752"], "lines": [{"line_id": "96-243-9-j24-1", "route_id": "9.TA.96-243-9-j24-1.7.R", "mode": "bus", "line_name": "570"}, {"line_id": "96-244-6-j24-1", "route_id": "29.TA.96-244-6-j24-1.3.H", "mode": "bus", "line_name": "552"}, {"line_id": "96-244-6-j24-1", "route_id": "36.TA.96-244-6-j24-1.6.R", "mode": "bus", "line_name": "552"}], "predominant_mode": "bus", "assigned_canton": "Schwyz", "modes_list": ["bus"]}, "geometry": {"type": "Point", "coordinates": [8.781266053518635, 47.16154927966694]}}, {"id": "7472", "type": "Feature", "properties": {"name": "Egg SZ, Roblosen", "lon": 8.773136284454402, "lat": 47.15028501977239, "stop_id": ["8583223.link:826300"], "lines": [{"line_id": "96-243-9-j24-1", "route_id": "9.TA.96-243-9-j24-1.7.R", "mode": "bus", "line_name": "570"}, {"line_id": "96-244-6-j24-1", "route_id": "36.TA.96-244-6-j24-1.6.R", "mode": "bus", "line_name": "552"}], "predominant_mode": "bus", "assigned_canton": "Schwyz", "modes_list": ["bus"]}, "geometry": {"type": "Point", "coordinates": [8.773136293139796, 47.150285029792606]}}, {"id": "7473", "type": "Feature", "properties": {"name": "Egg SZ, Schlapprig", "lon": 8.783269284582763, "lat": 47.154017639613365, "stop_id": ["8503731.link:161935"], "lines": [{"line_id": "96-243-9-j24-1", "route_id": "9.TA.96-243-9-j24-1.7.R", "mode": "bus", "line_name": "570"}, {"line_id": "96-244-6-j24-1", "route_id": "36.TA.96-244-6-j24-1.6.R", "mode": "bus", "line_name": "552"}], "predominant_mode": "bus", "assigned_canton": "Schwyz", "modes_list": ["bus"]}, "geometry": {"type": "Point", "coordinates": [8.78326929327676, 47.154017649631896]}}, {"id": "7617", "type": "Feature", "properties": {"name": "Einsiedeln", "lon": 8.744408164722518, "lat": 47.1284895042228, "stop_id": ["8503283:0:1.link:1399594", "8503283:0:1.link:1399595", "8503283:0:2.link:1399590", "8503283:0:2.link:1399591", "8503283:0:2C.link:1399591", "8503283:0:3.link:1399646", "8503283:0:3.link:1399647", "8503283:0:3C.link:1399647", "8503283:0:4.link:1399646", "8503283:0:4.link:1399647"], "lines": [{"line_id": "91-40-j24-1", "route_id": "203.TA.91-40-j24-1.24.H", "mode": "rail", "line_name": "S40"}, {"line_id": "91-40-j24-1", "route_id": "154.TA.91-40-j24-1.20.H", "mode": "rail", "line_name": "S40"}, {"line_id": "91-40-j24-1", "route_id": "218.TA.91-40-j24-1.24.H", "mode": "rail", "line_name": "S40"}, {"line_id": "91-40-j24-1", "route_id": "216.TA.91-40-j24-1.24.H", "mode": "rail", "line_name": "S40"}, {"line_id": "91-13-A-j24-1", "route_id": "262.TA.91-13-A-j24-1.106.R", "mode": "rail", "line_name": "S13"}, {"line_id": "91-40-j24-1", "route_id": "83.TA.91-40-j24-1.15.H", "mode": "rail", "line_name": "S40"}, {"line_id": "91-40-j24-1", "route_id": "4.TA.91-40-j24-1.143.H", "mode": "rail", "line_name": "S40"}, {"line_id": "91-40-j24-1", "route_id": "158.TA.91-40-j24-1.20.H", "mode": "rail", "line_name": "S40"}, {"line_id": "91-40-j24-1", "route_id": "171.TA.91-40-j24-1.20.H", "mode": "rail", "line_name": "S40"}, {"line_id": "91-13-A-j24-1", "route_id": "333.TA.91-13-A-j24-1.111.R", "mode": "rail", "line_name": "S13"}, {"line_id": "91-40-j24-1", "route_id": "223.TA.91-40-j24-1.28.H", "mode": "rail", "line_name": "S40"}, {"line_id": "91-40-j24-1", "route_id": "147.TA.91-40-j24-1.19.H", "mode": "rail", "line_name": "S40"}, {"line_id": "91-13-A-j24-1", "route_id": "135.TA.91-13-A-j24-1.90.H", "mode": "rail", "line_name": "S13"}, {"line_id": "91-13-A-j24-1", "route_id": "180.TA.91-13-A-j24-1.95.H", "mode": "rail", "line_name": "S13"}, {"line_id": "91-13-A-j24-1", "route_id": "170.TA.91-13-A-j24-1.139.H", "mode": "rail", "line_name": "S13"}, {"line_id": "91-13-A-j24-1", "route_id": "129.TA.91-13-A-j24-1.90.H", "mode": "rail", "line_name": "S13"}, {"line_id": "91-13-A-j24-1", "route_id": "161.TA.91-13-A-j24-1.138.H", "mode": "rail", "line_name": "S13"}, {"line_id": "91-13-A-j24-1", "route_id": "108.TA.91-13-A-j24-1.88.H", "mode": "rail", "line_name": "S13"}, {"line_id": "91-13-A-j24-1", "route_id": "36.TA.91-13-A-j24-1.84.H", "mode": "rail", "line_name": "S13"}, {"line_id": "91-13-A-j24-1", "route_id": "88.TA.91-13-A-j24-1.136.H", "mode": "rail", "line_name": "S13"}, {"line_id": "91-13-A-j24-1", "route_id": "14.TA.91-13-A-j24-1.83.H", "mode": "rail", "line_name": "S13"}, {"line_id": "91-13-A-j24-1", "route_id": "42.TA.91-13-A-j24-1.135.H", "mode": "rail", "line_name": "S13"}, {"line_id": "91-13-A-j24-1", "route_id": "117.TA.91-13-A-j24-1.88.H", "mode": "rail", "line_name": "S13"}, {"line_id": "91-13-A-j24-1", "route_id": "356.TA.91-13-A-j24-1.113.R", "mode": "rail", "line_name": "S13"}, {"line_id": "91-13-A-j24-1", "route_id": "392.TA.91-13-A-j24-1.115.R", "mode": "rail", "line_name": "S13"}, {"line_id": "91-13-A-j24-1", "route_id": "232.TA.91-13-A-j24-1.99.H", "mode": "rail", "line_name": "S13"}, {"line_id": "91-13-A-j24-1", "route_id": "216.TA.91-13-A-j24-1.98.H", "mode": "rail", "line_name": "S13"}, {"line_id": "91-13-A-j24-1", "route_id": "244.TA.91-13-A-j24-1.103.H", "mode": "rail", "line_name": "S13"}, {"line_id": "91-13-A-j24-1", "route_id": "378.TA.91-13-A-j24-1.114.R", "mode": "rail", "line_name": "S13"}, {"line_id": "91-13-A-j24-1", "route_id": "461.TA.91-13-A-j24-1.120.R", "mode": "rail", "line_name": "S13"}, {"line_id": "91-13-A-j24-1", "route_id": "398.TA.91-13-A-j24-1.141.R", "mode": "rail", "line_name": "S13"}, {"line_id": "91-13-A-j24-1", "route_id": "415.TA.91-13-A-j24-1.116.R", "mode": "rail", "line_name": "S13"}, {"line_id": "91-13-A-j24-1", "route_id": "432.TA.91-13-A-j24-1.117.R", "mode": "rail", "line_name": "S13"}, {"line_id": "91-13-A-j24-1", "route_id": "440.TA.91-13-A-j24-1.118.R", "mode": "rail", "line_name": "S13"}, {"line_id": "91-13-A-j24-1", "route_id": "275.TA.91-13-A-j24-1.108.R", "mode": "rail", "line_name": "S13"}, {"line_id": "91-13-A-j24-1", "route_id": "416.TA.91-13-A-j24-1.142.R", "mode": "rail", "line_name": "S13"}, {"line_id": "91-40-j24-1", "route_id": "124.TA.91-40-j24-1.150.H", "mode": "rail", "line_name": "S40"}, {"line_id": "91-40-j24-1", "route_id": "389.TA.91-40-j24-1.51.R", "mode": "rail", "line_name": "S40"}, {"line_id": "91-40-j24-1", "route_id": "333.TA.91-40-j24-1.49.R", "mode": "rail", "line_name": "S40"}, {"line_id": "91-40-j24-1", "route_id": "291.TA.91-40-j24-1.155.R", "mode": "rail", "line_name": "S40"}, {"line_id": "91-40-j24-1", "route_id": "377.TA.91-40-j24-1.50.R", "mode": "rail", "line_name": "S40"}, {"line_id": "91-40-j24-1", "route_id": "369.TA.91-40-j24-1.50.R", "mode": "rail", "line_name": "S40"}, {"line_id": "91-40-j24-1", "route_id": "232.TA.91-40-j24-1.30.R", "mode": "rail", "line_name": "S40"}, {"line_id": "91-40-j24-1", "route_id": "399.TA.91-40-j24-1.51.R", "mode": "rail", "line_name": "S40"}, {"line_id": "91-40-j24-1", "route_id": "395.TA.91-40-j24-1.51.R", "mode": "rail", "line_name": "S40"}, {"line_id": "91-40-j24-1", "route_id": "279.TA.91-40-j24-1.80.R", "mode": "rail", "line_name": "S40"}, {"line_id": "91-40-j24-1", "route_id": "379.TA.91-40-j24-1.50.R", "mode": "rail", "line_name": "S40"}, {"line_id": "91-40-j24-1", "route_id": "468.TA.91-40-j24-1.156.R", "mode": "rail", "line_name": "S40"}, {"line_id": "91-40-j24-1", "route_id": "2.TA.91-40-j24-1.142.H", "mode": "rail", "line_name": "S40"}, {"line_id": "91-13-A-j24-1", "route_id": "268.TA.91-13-A-j24-1.107.R", "mode": "rail", "line_name": "S13"}, {"line_id": "91-13-A-j24-1", "route_id": "184.TA.91-13-A-j24-1.96.H", "mode": "rail", "line_name": "S13"}], "predominant_mode": "rail", "assigned_canton": "Schwyz", "modes_list": ["rail"]}, "geometry": {"type": "Point", "coordinates": [8.74440817338689, 47.12848951424376]}}, {"id": "7618", "type": "Feature", "properties": {"name": "Einsiedeln, Allmeindstrasse", "lon": 8.740033363565576, "lat": 47.123782640291296, "stop_id": ["8582623.link:424036"], "lines": [{"line_id": "96-244-8-j24-1", "route_id": "25.TA.96-244-8-j24-1.2.R", "mode": "bus", "line_name": "561"}], "predominant_mode": "bus", "assigned_canton": "Schwyz", "modes_list": ["bus"]}, "geometry": {"type": "Point", "coordinates": [8.740033372227158, 47.12378265031186]}}, {"id": "7619", "type": "Feature", "properties": {"name": "Einsiedeln, Alpstrasse", "lon": 8.74625869394028, "lat": 47.135095280194065, "stop_id": ["8557000.link:170422"], "lines": [{"line_id": "96-244-9-j24-1", "route_id": "6.TA.96-244-9-j24-1.1.H", "mode": "bus", "line_name": "563"}], "predominant_mode": "bus", "assigned_canton": "Schwyz", "modes_list": ["bus"]}, "geometry": {"type": "Point", "coordinates": [8.74625870260442, 47.13509529021682]}}, {"id": "7620", "type": "Feature", "properties": {"name": "Einsiedeln, Altersheim", "lon": 8.742530683493701, "lat": 47.121545490251954, "stop_id": ["8573757.link:753753", "8573757.link:753754"], "lines": [{"line_id": "96-244-1-j24-1", "route_id": "14.TA.96-244-1-j24-1.3.H", "mode": "bus", "line_name": "554"}, {"line_id": "96-244-1-j24-1", "route_id": "22.TA.96-244-1-j24-1.4.H", "mode": "bus", "line_name": "554"}, {"line_id": "96-244-1-j24-1", "route_id": "29.TA.96-244-1-j24-1.5.R", "mode": "bus", "line_name": "554"}, {"line_id": "96-244-1-j24-1", "route_id": "45.TA.96-244-1-j24-1.6.R", "mode": "bus", "line_name": "554"}], "predominant_mode": "bus", "assigned_canton": "Schwyz", "modes_list": ["bus"]}, "geometry": {"type": "Point", "coordinates": [8.742530692158379, 47.12154550027099]}}, {"id": "7621", "type": "Feature", "properties": {"name": "Einsiedeln, Badeanstalt", "lon": 8.764260934423998, "lat": 47.14951524991183, "stop_id": ["8503730.link:826288"], "lines": [{"line_id": "96-244-6-j24-1", "route_id": "36.TA.96-244-6-j24-1.6.R", "mode": "bus", "line_name": "552"}], "predominant_mode": "bus", "assigned_canton": "Schwyz", "modes_list": ["bus"]}, "geometry": {"type": "Point", "coordinates": [8.764260943101077, 47.14951525993438]}}, {"id": "7622", "type": "Feature", "properties": {"name": "Einsiedeln, Bahnhof", "lon": 8.744668673706792, "lat": 47.12800606021871, "stop_id": ["8573756.link:1675695", "8573756.link:1675696"], "lines": [{"line_id": "96-244-0-j24-1", "route_id": "8.TA.96-244-0-j24-1.4.R", "mode": "bus", "line_name": "571"}, {"line_id": "96-244-0-j24-1", "route_id": "9.TA.96-244-0-j24-1.5.R", "mode": "bus", "line_name": "571"}, {"line_id": "96-244-8-j24-1", "route_id": "25.TA.96-244-8-j24-1.2.R", "mode": "bus", "line_name": "561"}, {"line_id": "96-244-2-j24-1", "route_id": "27.TA.96-244-2-j24-1.8.R", "mode": "bus", "line_name": "551"}, {"line_id": "96-244-0-j24-1", "route_id": "1.TA.96-244-0-j24-1.1.H", "mode": "bus", "line_name": "571"}, {"line_id": "96-244-1-j24-1", "route_id": "29.TA.96-244-1-j24-1.5.R", "mode": "bus", "line_name": "554"}, {"line_id": "96-244-1-j24-1", "route_id": "45.TA.96-244-1-j24-1.6.R", "mode": "bus", "line_name": "554"}, {"line_id": "96-244-9-j24-1", "route_id": "6.TA.96-244-9-j24-1.1.H", "mode": "bus", "line_name": "563"}, {"line_id": "96-245-0-j24-1", "route_id": "19.TA.96-245-0-j24-1.2.R", "mode": "bus", "line_name": "562"}, {"line_id": "96-244-3-j24-1", "route_id": "1.TA.96-244-3-j24-1.2.H", "mode": "bus", "line_name": "555"}, {"line_id": "96-244-2-j24-1", "route_id": "15.TA.96-244-2-j24-1.2.R", "mode": "bus", "line_name": "551"}, {"line_id": "96-244-7-j24-1", "route_id": "31.TA.96-244-7-j24-1.2.R", "mode": "bus", "line_name": "560"}, {"line_id": "96-244-4-j24-1", "route_id": "2.TA.96-244-4-j24-1.2.H", "mode": "bus", "line_name": "556"}, {"line_id": "96-244-5-j24-1", "route_id": "74.TA.96-244-5-j24-1.18.R", "mode": "bus", "line_name": "553"}, {"line_id": "96-244-5-j24-1", "route_id": "41.TA.96-244-5-j24-1.7.H", "mode": "bus", "line_name": "553"}, {"line_id": "96-244-2-j24-1", "route_id": "13.TA.96-244-2-j24-1.7.H", "mode": "bus", "line_name": "551"}, {"line_id": "96-244-9-j24-1", "route_id": "6.TA.96-244-9-j24-1.1.H", "mode": "bus", "line_name": "563"}, {"line_id": "96-244-5-j24-1", "route_id": "1.TA.96-244-5-j24-1.2.H", "mode": "bus", "line_name": "553"}, {"line_id": "96-244-3-j24-1", "route_id": "62.TA.96-244-3-j24-1.12.R", "mode": "bus", "line_name": "555"}, {"line_id": "96-244-4-j24-1", "route_id": "4.TA.96-244-4-j24-1.3.H", "mode": "bus", "line_name": "556"}, {"line_id": "96-244-4-j24-1", "route_id": "15.TA.96-244-4-j24-1.3.H", "mode": "bus", "line_name": "556"}, {"line_id": "96-244-3-j24-1", "route_id": "22.TA.96-244-3-j24-1.3.H", "mode": "bus", "line_name": "555"}, {"line_id": "96-244-1-j24-1", "route_id": "22.TA.96-244-1-j24-1.4.H", "mode": "bus", "line_name": "554"}, {"line_id": "96-245-0-j24-1", "route_id": "11.TA.96-245-0-j24-1.1.H", "mode": "bus", "line_name": "562"}, {"line_id": "96-244-3-j24-1", "route_id": "59.TA.96-244-3-j24-1.11.R", "mode": "bus", "line_name": "555"}, {"line_id": "96-244-8-j24-1", "route_id": "1.TA.96-244-8-j24-1.1.H", "mode": "bus", "line_name": "561"}, {"line_id": "96-244-0-j24-1", "route_id": "4.TA.96-244-0-j24-1.2.H", "mode": "bus", "line_name": "571"}, {"line_id": "96-244-3-j24-1", "route_id": "26.TA.96-244-3-j24-1.4.H", "mode": "bus", "line_name": "555"}, {"line_id": "96-244-5-j24-1", "route_id": "42.TA.96-244-5-j24-1.16.R", "mode": "bus", "line_name": "553"}, {"line_id": "96-244-6-j24-1", "route_id": "36.TA.96-244-6-j24-1.6.R", "mode": "bus", "line_name": "552"}, {"line_id": "96-244-1-j24-1", "route_id": "14.TA.96-244-1-j24-1.3.H", "mode": "bus", "line_name": "554"}, {"line_id": "96-244-3-j24-1", "route_id": "63.TA.96-244-3-j24-1.12.R", "mode": "bus", "line_name": "555"}, {"line_id": "96-244-3-j24-1", "route_id": "77.TA.96-244-3-j24-1.13.R", "mode": "bus", "line_name": "555"}, {"line_id": "96-244-3-j24-1", "route_id": "2.TA.96-244-3-j24-1.3.H", "mode": "bus", "line_name": "555"}, {"line_id": "96-244-6-j24-1", "route_id": "29.TA.96-244-6-j24-1.3.H", "mode": "bus", "line_name": "552"}, {"line_id": "96-244-5-j24-1", "route_id": "59.TA.96-244-5-j24-1.17.R", "mode": "bus", "line_name": "553"}, {"line_id": "96-244-3-j24-1", "route_id": "7.TA.96-244-3-j24-1.3.H", "mode": "bus", "line_name": "555"}, {"line_id": "96-244-4-j24-1", "route_id": "24.TA.96-244-4-j24-1.5.R", "mode": "bus", "line_name": "556"}, {"line_id": "96-244-2-j24-1", "route_id": "8.TA.96-244-2-j24-1.1.H", "mode": "bus", "line_name": "551"}, {"line_id": "96-244-7-j24-1", "route_id": "15.TA.96-244-7-j24-1.1.H", "mode": "bus", "line_name": "560"}, {"line_id": "96-244-3-j24-1", "route_id": "61.TA.96-244-3-j24-1.8.R", "mode": "bus", "line_name": "555"}, {"line_id": "96-244-0-j24-1", "route_id": "6.TA.96-244-0-j24-1.3.R", "mode": "bus", "line_name": "571"}, {"line_id": "96-244-5-j24-1", "route_id": "22.TA.96-244-5-j24-1.6.H", "mode": "bus", "line_name": "553"}], "predominant_mode": "bus", "assigned_canton": "Schwyz", "modes_list": ["bus"]}, "geometry": {"type": "Point", "coordinates": [8.74466868237156, 47.128006070239394]}}, {"id": "7623", "type": "Feature", "properties": {"name": "Einsiedeln, Birchli/Garage", "lon": 8.766066543816343, "lat": 47.13096408988258, "stop_id": ["8580858.link:1008056", "8580858.link:1008057"], "lines": [{"line_id": "96-244-4-j24-1", "route_id": "4.TA.96-244-4-j24-1.3.H", "mode": "bus", "line_name": "556"}, {"line_id": "96-244-4-j24-1", "route_id": "2.TA.96-244-4-j24-1.2.H", "mode": "bus", "line_name": "556"}, {"line_id": "96-244-4-j24-1", "route_id": "15.TA.96-244-4-j24-1.3.H", "mode": "bus", "line_name": "556"}, {"line_id": "96-244-3-j24-1", "route_id": "22.TA.96-244-3-j24-1.3.H", "mode": "bus", "line_name": "555"}, {"line_id": "96-244-5-j24-1", "route_id": "41.TA.96-244-5-j24-1.7.H", "mode": "bus", "line_name": "553"}, {"line_id": "96-244-3-j24-1", "route_id": "2.TA.96-244-3-j24-1.3.H", "mode": "bus", "line_name": "555"}, {"line_id": "96-244-6-j24-1", "route_id": "29.TA.96-244-6-j24-1.3.H", "mode": "bus", "line_name": "552"}, {"line_id": "96-244-3-j24-1", "route_id": "26.TA.96-244-3-j24-1.4.H", "mode": "bus", "line_name": "555"}, {"line_id": "96-244-3-j24-1", "route_id": "1.TA.96-244-3-j24-1.2.H", "mode": "bus", "line_name": "555"}, {"line_id": "96-244-5-j24-1", "route_id": "1.TA.96-244-5-j24-1.2.H", "mode": "bus", "line_name": "553"}, {"line_id": "96-244-5-j24-1", "route_id": "22.TA.96-244-5-j24-1.6.H", "mode": "bus", "line_name": "553"}, {"line_id": "96-244-3-j24-1", "route_id": "7.TA.96-244-3-j24-1.3.H", "mode": "bus", "line_name": "555"}, {"line_id": "96-244-3-j24-1", "route_id": "63.TA.96-244-3-j24-1.12.R", "mode": "bus", "line_name": "555"}, {"line_id": "96-244-5-j24-1", "route_id": "42.TA.96-244-5-j24-1.16.R", "mode": "bus", "line_name": "553"}, {"line_id": "96-244-4-j24-1", "route_id": "24.TA.96-244-4-j24-1.5.R", "mode": "bus", "line_name": "556"}, {"line_id": "96-244-3-j24-1", "route_id": "77.TA.96-244-3-j24-1.13.R", "mode": "bus", "line_name": "555"}, {"line_id": "96-244-3-j24-1", "route_id": "59.TA.96-244-3-j24-1.11.R", "mode": "bus", "line_name": "555"}, {"line_id": "96-244-5-j24-1", "route_id": "74.TA.96-244-5-j24-1.18.R", "mode": "bus", "line_name": "553"}, {"line_id": "96-244-3-j24-1", "route_id": "61.TA.96-244-3-j24-1.8.R", "mode": "bus", "line_name": "555"}, {"line_id": "96-244-5-j24-1", "route_id": "59.TA.96-244-5-j24-1.17.R", "mode": "bus", "line_name": "553"}, {"line_id": "96-244-3-j24-1", "route_id": "62.TA.96-244-3-j24-1.12.R", "mode": "bus", "line_name": "555"}], "predominant_mode": "bus", "assigned_canton": "Schwyz", "modes_list": ["bus"]}, "geometry": {"type": "Point", "coordinates": [8.766066552500854, 47.13096409989804]}}, {"id": "7624", "type": "Feature", "properties": {"name": "Einsiedeln, Birchli/Sternen", "lon": 8.767602663761922, "lat": 47.129277299858366, "stop_id": ["8503735.link:1008062", "8503735.link:1008063"], "lines": [{"line_id": "96-244-4-j24-1", "route_id": "4.TA.96-244-4-j24-1.3.H", "mode": "bus", "line_name": "556"}, {"line_id": "96-244-4-j24-1", "route_id": "2.TA.96-244-4-j24-1.2.H", "mode": "bus", "line_name": "556"}, {"line_id": "96-244-4-j24-1", "route_id": "15.TA.96-244-4-j24-1.3.H", "mode": "bus", "line_name": "556"}, {"line_id": "96-244-3-j24-1", "route_id": "22.TA.96-244-3-j24-1.3.H", "mode": "bus", "line_name": "555"}, {"line_id": "96-244-5-j24-1", "route_id": "41.TA.96-244-5-j24-1.7.H", "mode": "bus", "line_name": "553"}, {"line_id": "96-244-3-j24-1", "route_id": "2.TA.96-244-3-j24-1.3.H", "mode": "bus", "line_name": "555"}, {"line_id": "96-244-6-j24-1", "route_id": "29.TA.96-244-6-j24-1.3.H", "mode": "bus", "line_name": "552"}, {"line_id": "96-244-3-j24-1", "route_id": "26.TA.96-244-3-j24-1.4.H", "mode": "bus", "line_name": "555"}, {"line_id": "96-244-3-j24-1", "route_id": "1.TA.96-244-3-j24-1.2.H", "mode": "bus", "line_name": "555"}, {"line_id": "96-244-5-j24-1", "route_id": "1.TA.96-244-5-j24-1.2.H", "mode": "bus", "line_name": "553"}, {"line_id": "96-244-5-j24-1", "route_id": "22.TA.96-244-5-j24-1.6.H", "mode": "bus", "line_name": "553"}, {"line_id": "96-244-3-j24-1", "route_id": "7.TA.96-244-3-j24-1.3.H", "mode": "bus", "line_name": "555"}, {"line_id": "96-244-3-j24-1", "route_id": "63.TA.96-244-3-j24-1.12.R", "mode": "bus", "line_name": "555"}, {"line_id": "96-244-5-j24-1", "route_id": "42.TA.96-244-5-j24-1.16.R", "mode": "bus", "line_name": "553"}, {"line_id": "96-244-4-j24-1", "route_id": "24.TA.96-244-4-j24-1.5.R", "mode": "bus", "line_name": "556"}, {"line_id": "96-244-3-j24-1", "route_id": "77.TA.96-244-3-j24-1.13.R", "mode": "bus", "line_name": "555"}, {"line_id": "96-244-3-j24-1", "route_id": "59.TA.96-244-3-j24-1.11.R", "mode": "bus", "line_name": "555"}, {"line_id": "96-244-5-j24-1", "route_id": "74.TA.96-244-5-j24-1.18.R", "mode": "bus", "line_name": "553"}, {"line_id": "96-244-3-j24-1", "route_id": "61.TA.96-244-3-j24-1.8.R", "mode": "bus", "line_name": "555"}, {"line_id": "96-244-5-j24-1", "route_id": "59.TA.96-244-5-j24-1.17.R", "mode": "bus", "line_name": "553"}, {"line_id": "96-244-3-j24-1", "route_id": "62.TA.96-244-3-j24-1.12.R", "mode": "bus", "line_name": "555"}], "predominant_mode": "bus", "assigned_canton": "Schwyz", "modes_list": ["bus"]}, "geometry": {"type": "Point", "coordinates": [8.767602672448435, 47.12927730987278]}}, {"id": "7625", "type": "Feature", "properties": {"name": "Einsiedeln, Birchli/Stollern", "lon": 8.769740653707823, "lat": 47.12759045982467, "stop_id": ["8503736.link:984479", "8503736.link:984480"], "lines": [{"line_id": "96-244-4-j24-1", "route_id": "4.TA.96-244-4-j24-1.3.H", "mode": "bus", "line_name": "556"}, {"line_id": "96-244-4-j24-1", "route_id": "2.TA.96-244-4-j24-1.2.H", "mode": "bus", "line_name": "556"}, {"line_id": "96-244-4-j24-1", "route_id": "15.TA.96-244-4-j24-1.3.H", "mode": "bus", "line_name": "556"}, {"line_id": "96-244-3-j24-1", "route_id": "22.TA.96-244-3-j24-1.3.H", "mode": "bus", "line_name": "555"}, {"line_id": "96-244-5-j24-1", "route_id": "41.TA.96-244-5-j24-1.7.H", "mode": "bus", "line_name": "553"}, {"line_id": "96-244-3-j24-1", "route_id": "2.TA.96-244-3-j24-1.3.H", "mode": "bus", "line_name": "555"}, {"line_id": "96-244-6-j24-1", "route_id": "29.TA.96-244-6-j24-1.3.H", "mode": "bus", "line_name": "552"}, {"line_id": "96-244-3-j24-1", "route_id": "26.TA.96-244-3-j24-1.4.H", "mode": "bus", "line_name": "555"}, {"line_id": "96-244-3-j24-1", "route_id": "1.TA.96-244-3-j24-1.2.H", "mode": "bus", "line_name": "555"}, {"line_id": "96-244-5-j24-1", "route_id": "1.TA.96-244-5-j24-1.2.H", "mode": "bus", "line_name": "553"}, {"line_id": "96-244-5-j24-1", "route_id": "22.TA.96-244-5-j24-1.6.H", "mode": "bus", "line_name": "553"}, {"line_id": "96-244-3-j24-1", "route_id": "7.TA.96-244-3-j24-1.3.H", "mode": "bus", "line_name": "555"}, {"line_id": "96-244-3-j24-1", "route_id": "63.TA.96-244-3-j24-1.12.R", "mode": "bus", "line_name": "555"}, {"line_id": "96-244-5-j24-1", "route_id": "42.TA.96-244-5-j24-1.16.R", "mode": "bus", "line_name": "553"}, {"line_id": "96-244-4-j24-1", "route_id": "24.TA.96-244-4-j24-1.5.R", "mode": "bus", "line_name": "556"}, {"line_id": "96-244-3-j24-1", "route_id": "77.TA.96-244-3-j24-1.13.R", "mode": "bus", "line_name": "555"}, {"line_id": "96-244-3-j24-1", "route_id": "59.TA.96-244-3-j24-1.11.R", "mode": "bus", "line_name": "555"}, {"line_id": "96-244-5-j24-1", "route_id": "74.TA.96-244-5-j24-1.18.R", "mode": "bus", "line_name": "553"}, {"line_id": "96-244-3-j24-1", "route_id": "61.TA.96-244-3-j24-1.8.R", "mode": "bus", "line_name": "555"}, {"line_id": "96-244-5-j24-1", "route_id": "59.TA.96-244-5-j24-1.17.R", "mode": "bus", "line_name": "553"}, {"line_id": "96-244-3-j24-1", "route_id": "62.TA.96-244-3-j24-1.12.R", "mode": "bus", "line_name": "555"}], "predominant_mode": "bus", "assigned_canton": "Schwyz", "modes_list": ["bus"]}, "geometry": {"type": "Point", "coordinates": [8.769740662396915, 47.127590469837884]}}, {"id": "7626", "type": "Feature", "properties": {"name": "Einsiedeln, Bl\u00fcemenen", "lon": 8.760416144193174, "lat": 47.142550159971954, "stop_id": ["8573791.link:1340408"], "lines": [{"line_id": "96-244-6-j24-1", "route_id": "36.TA.96-244-6-j24-1.6.R", "mode": "bus", "line_name": "552"}], "predominant_mode": "bus", "assigned_canton": "Schwyz", "modes_list": ["bus"]}, "geometry": {"type": "Point", "coordinates": [8.760416152868693, 47.14255016999317]}}, {"id": "7627", "type": "Feature", "properties": {"name": "Einsiedeln, Br\u00fcel", "lon": 8.751657563715728, "lat": 47.12815274010888, "stop_id": ["8573789.link:149852", "8573789.link:149853", "8573789.link:1685489", "8573789.link:1685491", "8573789.link:187834"], "lines": [{"line_id": "96-244-4-j24-1", "route_id": "4.TA.96-244-4-j24-1.3.H", "mode": "bus", "line_name": "556"}, {"line_id": "96-244-4-j24-1", "route_id": "2.TA.96-244-4-j24-1.2.H", "mode": "bus", "line_name": "556"}, {"line_id": "96-244-4-j24-1", "route_id": "15.TA.96-244-4-j24-1.3.H", "mode": "bus", "line_name": "556"}, {"line_id": "96-244-3-j24-1", "route_id": "22.TA.96-244-3-j24-1.3.H", "mode": "bus", "line_name": "555"}, {"line_id": "96-244-5-j24-1", "route_id": "41.TA.96-244-5-j24-1.7.H", "mode": "bus", "line_name": "553"}, {"line_id": "96-244-3-j24-1", "route_id": "2.TA.96-244-3-j24-1.3.H", "mode": "bus", "line_name": "555"}, {"line_id": "96-244-7-j24-1", "route_id": "15.TA.96-244-7-j24-1.1.H", "mode": "bus", "line_name": "560"}, {"line_id": "96-244-6-j24-1", "route_id": "29.TA.96-244-6-j24-1.3.H", "mode": "bus", "line_name": "552"}, {"line_id": "96-244-3-j24-1", "route_id": "26.TA.96-244-3-j24-1.4.H", "mode": "bus", "line_name": "555"}, {"line_id": "96-244-5-j24-1", "route_id": "1.TA.96-244-5-j24-1.2.H", "mode": "bus", "line_name": "553"}, {"line_id": "96-244-5-j24-1", "route_id": "22.TA.96-244-5-j24-1.6.H", "mode": "bus", "line_name": "553"}, {"line_id": "96-244-3-j24-1", "route_id": "7.TA.96-244-3-j24-1.3.H", "mode": "bus", "line_name": "555"}, {"line_id": "96-244-7-j24-1", "route_id": "31.TA.96-244-7-j24-1.2.R", "mode": "bus", "line_name": "560"}, {"line_id": "96-244-2-j24-1", "route_id": "27.TA.96-244-2-j24-1.8.R", "mode": "bus", "line_name": "551"}, {"line_id": "96-244-1-j24-1", "route_id": "45.TA.96-244-1-j24-1.6.R", "mode": "bus", "line_name": "554"}, {"line_id": "96-244-2-j24-1", "route_id": "13.TA.96-244-2-j24-1.7.H", "mode": "bus", "line_name": "551"}, {"line_id": "96-244-1-j24-1", "route_id": "22.TA.96-244-1-j24-1.4.H", "mode": "bus", "line_name": "554"}, {"line_id": "96-244-6-j24-1", "route_id": "36.TA.96-244-6-j24-1.6.R", "mode": "bus", "line_name": "552"}, {"line_id": "96-244-3-j24-1", "route_id": "63.TA.96-244-3-j24-1.12.R", "mode": "bus", "line_name": "555"}, {"line_id": "96-244-5-j24-1", "route_id": "42.TA.96-244-5-j24-1.16.R", "mode": "bus", "line_name": "553"}, {"line_id": "96-244-4-j24-1", "route_id": "24.TA.96-244-4-j24-1.5.R", "mode": "bus", "line_name": "556"}, {"line_id": "96-244-3-j24-1", "route_id": "77.TA.96-244-3-j24-1.13.R", "mode": "bus", "line_name": "555"}, {"line_id": "96-244-3-j24-1", "route_id": "59.TA.96-244-3-j24-1.11.R", "mode": "bus", "line_name": "555"}, {"line_id": "96-244-5-j24-1", "route_id": "74.TA.96-244-5-j24-1.18.R", "mode": "bus", "line_name": "553"}, {"line_id": "96-244-5-j24-1", "route_id": "59.TA.96-244-5-j24-1.17.R", "mode": "bus", "line_name": "553"}, {"line_id": "96-244-3-j24-1", "route_id": "62.TA.96-244-3-j24-1.12.R", "mode": "bus", "line_name": "555"}], "predominant_mode": "bus", "assigned_canton": "Schwyz", "modes_list": ["bus"]}, "geometry": {"type": "Point", "coordinates": [8.7516575723872, 47.128152750127605]}}, {"id": "7628", "type": "Feature", "properties": {"name": "Einsiedeln, Diorama", "lon": 8.749348893773318, "lat": 47.12994958014523, "stop_id": ["8582632.link:1896003", "8582632.link:1896004"], "lines": [{"line_id": "96-244-7-j24-1", "route_id": "15.TA.96-244-7-j24-1.1.H", "mode": "bus", "line_name": "560"}, {"line_id": "96-244-7-j24-1", "route_id": "31.TA.96-244-7-j24-1.2.R", "mode": "bus", "line_name": "560"}], "predominant_mode": "bus", "assigned_canton": "Schwyz", "modes_list": ["bus"]}, "geometry": {"type": "Point", "coordinates": [8.749348902442016, 47.129949590165246]}}, {"id": "7629", "type": "Feature", "properties": {"name": "Einsiedeln, Eschbach", "lon": 8.741910843971432, "lat": 47.13612191026246, "stop_id": ["8581977.link:1299085", "8581977.link:1299086"], "lines": [{"line_id": "96-244-0-j24-1", "route_id": "8.TA.96-244-0-j24-1.4.R", "mode": "bus", "line_name": "571"}, {"line_id": "96-244-0-j24-1", "route_id": "9.TA.96-244-0-j24-1.5.R", "mode": "bus", "line_name": "571"}, {"line_id": "96-244-2-j24-1", "route_id": "27.TA.96-244-2-j24-1.8.R", "mode": "bus", "line_name": "551"}, {"line_id": "96-244-9-j24-1", "route_id": "6.TA.96-244-9-j24-1.1.H", "mode": "bus", "line_name": "563"}, {"line_id": "96-244-2-j24-1", "route_id": "15.TA.96-244-2-j24-1.2.R", "mode": "bus", "line_name": "551"}, {"line_id": "96-244-2-j24-1", "route_id": "13.TA.96-244-2-j24-1.7.H", "mode": "bus", "line_name": "551"}, {"line_id": "96-244-9-j24-1", "route_id": "6.TA.96-244-9-j24-1.1.H", "mode": "bus", "line_name": "563"}, {"line_id": "96-244-2-j24-1", "route_id": "8.TA.96-244-2-j24-1.1.H", "mode": "bus", "line_name": "551"}, {"line_id": "96-244-0-j24-1", "route_id": "4.TA.96-244-0-j24-1.2.H", "mode": "bus", "line_name": "571"}], "predominant_mode": "bus", "assigned_canton": "Schwyz", "modes_list": ["bus"]}, "geometry": {"type": "Point", "coordinates": [8.741910852631062, 47.13612192028685]}}, {"id": "7630", "type": "Feature", "properties": {"name": "Einsiedeln, Friedhof", "lon": 8.758619513791775, "lat": 47.1303468299996, "stop_id": ["8573772.link:187841", "8573772.link:187842"], "lines": [{"line_id": "96-244-4-j24-1", "route_id": "4.TA.96-244-4-j24-1.3.H", "mode": "bus", "line_name": "556"}, {"line_id": "96-244-4-j24-1", "route_id": "2.TA.96-244-4-j24-1.2.H", "mode": "bus", "line_name": "556"}, {"line_id": "96-244-4-j24-1", "route_id": "15.TA.96-244-4-j24-1.3.H", "mode": "bus", "line_name": "556"}, {"line_id": "96-244-3-j24-1", "route_id": "22.TA.96-244-3-j24-1.3.H", "mode": "bus", "line_name": "555"}, {"line_id": "96-244-5-j24-1", "route_id": "41.TA.96-244-5-j24-1.7.H", "mode": "bus", "line_name": "553"}, {"line_id": "96-244-3-j24-1", "route_id": "2.TA.96-244-3-j24-1.3.H", "mode": "bus", "line_name": "555"}, {"line_id": "96-244-6-j24-1", "route_id": "29.TA.96-244-6-j24-1.3.H", "mode": "bus", "line_name": "552"}, {"line_id": "96-244-3-j24-1", "route_id": "26.TA.96-244-3-j24-1.4.H", "mode": "bus", "line_name": "555"}, {"line_id": "96-244-3-j24-1", "route_id": "1.TA.96-244-3-j24-1.2.H", "mode": "bus", "line_name": "555"}, {"line_id": "96-244-5-j24-1", "route_id": "1.TA.96-244-5-j24-1.2.H", "mode": "bus", "line_name": "553"}, {"line_id": "96-244-5-j24-1", "route_id": "22.TA.96-244-5-j24-1.6.H", "mode": "bus", "line_name": "553"}, {"line_id": "96-244-3-j24-1", "route_id": "7.TA.96-244-3-j24-1.3.H", "mode": "bus", "line_name": "555"}, {"line_id": "96-244-3-j24-1", "route_id": "63.TA.96-244-3-j24-1.12.R", "mode": "bus", "line_name": "555"}, {"line_id": "96-244-5-j24-1", "route_id": "42.TA.96-244-5-j24-1.16.R", "mode": "bus", "line_name": "553"}, {"line_id": "96-244-4-j24-1", "route_id": "24.TA.96-244-4-j24-1.5.R", "mode": "bus", "line_name": "556"}, {"line_id": "96-244-3-j24-1", "route_id": "77.TA.96-244-3-j24-1.13.R", "mode": "bus", "line_name": "555"}, {"line_id": "96-244-3-j24-1", "route_id": "59.TA.96-244-3-j24-1.11.R", "mode": "bus", "line_name": "555"}, {"line_id": "96-244-5-j24-1", "route_id": "74.TA.96-244-5-j24-1.18.R", "mode": "bus", "line_name": "553"}, {"line_id": "96-244-3-j24-1", "route_id": "61.TA.96-244-3-j24-1.8.R", "mode": "bus", "line_name": "555"}, {"line_id": "96-244-5-j24-1", "route_id": "59.TA.96-244-5-j24-1.17.R", "mode": "bus", "line_name": "553"}, {"line_id": "96-244-3-j24-1", "route_id": "62.TA.96-244-3-j24-1.12.R", "mode": "bus", "line_name": "555"}], "predominant_mode": "bus", "assigned_canton": "Schwyz", "modes_list": ["bus"]}, "geometry": {"type": "Point", "coordinates": [8.758619522469298, 47.13034684001703]}}, {"id": "7631", "type": "Feature", "properties": {"name": "Einsiedeln, Gerbe", "lon": 8.750121443856175, "lat": 47.13246138013323, "stop_id": ["8582633.link:1478457", "8582633.link:1478458"], "lines": [{"line_id": "96-244-7-j24-1", "route_id": "15.TA.96-244-7-j24-1.1.H", "mode": "bus", "line_name": "560"}, {"line_id": "96-244-7-j24-1", "route_id": "31.TA.96-244-7-j24-1.2.R", "mode": "bus", "line_name": "560"}], "predominant_mode": "bus", "assigned_canton": "Schwyz", "modes_list": ["bus"]}, "geometry": {"type": "Point", "coordinates": [8.750121452524851, 47.132461390153914]}}, {"id": "7632", "type": "Feature", "properties": {"name": "Einsiedeln, Grotzenm\u00fchlestr.", "lon": 8.738452333631987, "lat": 47.125836330316254, "stop_id": ["8557001.link:1340414", "8557001.link:1340415"], "lines": [{"line_id": "96-244-8-j24-1", "route_id": "25.TA.96-244-8-j24-1.2.R", "mode": "bus", "line_name": "561"}, {"line_id": "96-244-1-j24-1", "route_id": "29.TA.96-244-1-j24-1.5.R", "mode": "bus", "line_name": "554"}, {"line_id": "96-244-1-j24-1", "route_id": "45.TA.96-244-1-j24-1.6.R", "mode": "bus", "line_name": "554"}, {"line_id": "96-244-8-j24-1", "route_id": "1.TA.96-244-8-j24-1.1.H", "mode": "bus", "line_name": "561"}, {"line_id": "96-244-1-j24-1", "route_id": "14.TA.96-244-1-j24-1.3.H", "mode": "bus", "line_name": "554"}, {"line_id": "96-244-1-j24-1", "route_id": "22.TA.96-244-1-j24-1.4.H", "mode": "bus", "line_name": "554"}], "predominant_mode": "bus", "assigned_canton": "Schwyz", "modes_list": ["bus"]}, "geometry": {"type": "Point", "coordinates": [8.738452342291417, 47.12583634033801]}}, {"id": "7633", "type": "Feature", "properties": {"name": "Einsiedeln, Heidenb\u00fchl", "lon": 8.743967983812041, "lat": 47.131226880229825, "stop_id": ["8580524.link:734732", "8580524.link:734733"], "lines": [{"line_id": "96-244-2-j24-1", "route_id": "15.TA.96-244-2-j24-1.2.R", "mode": "bus", "line_name": "551"}, {"line_id": "96-244-2-j24-1", "route_id": "27.TA.96-244-2-j24-1.8.R", "mode": "bus", "line_name": "551"}, {"line_id": "96-244-0-j24-1", "route_id": "9.TA.96-244-0-j24-1.5.R", "mode": "bus", "line_name": "571"}, {"line_id": "96-244-2-j24-1", "route_id": "13.TA.96-244-2-j24-1.7.H", "mode": "bus", "line_name": "551"}, {"line_id": "96-244-9-j24-1", "route_id": "6.TA.96-244-9-j24-1.1.H", "mode": "bus", "line_name": "563"}, {"line_id": "96-244-2-j24-1", "route_id": "8.TA.96-244-2-j24-1.1.H", "mode": "bus", "line_name": "551"}, {"line_id": "96-244-0-j24-1", "route_id": "4.TA.96-244-0-j24-1.2.H", "mode": "bus", "line_name": "571"}], "predominant_mode": "bus", "assigned_canton": "Schwyz", "modes_list": ["bus"]}, "geometry": {"type": "Point", "coordinates": [8.743967992475154, 47.13122689025188]}}, {"id": "7634", "type": "Feature", "properties": {"name": "Einsiedeln, Horgenberg", "lon": 8.753319454035069, "lat": 47.137857370083246, "stop_id": ["8582636.link:1896007", "8582636.link:1896008"], "lines": [{"line_id": "96-244-7-j24-1", "route_id": "31.TA.96-244-7-j24-1.2.R", "mode": "bus", "line_name": "560"}, {"line_id": "96-244-7-j24-1", "route_id": "15.TA.96-244-7-j24-1.1.H", "mode": "bus", "line_name": "560"}], "predominant_mode": "bus", "assigned_canton": "Schwyz", "modes_list": ["bus"]}, "geometry": {"type": "Point", "coordinates": [8.753319462705182, 47.13785738010492]}}, {"id": "7635", "type": "Feature", "properties": {"name": "Einsiedeln, Klosterplatz", "lon": 8.750022633684903, "lat": 47.12724208013453, "stop_id": ["8573771.link:1624689", "8573771.link:469248"], "lines": [{"line_id": "96-244-7-j24-1", "route_id": "31.TA.96-244-7-j24-1.2.R", "mode": "bus", "line_name": "560"}, {"line_id": "96-244-4-j24-1", "route_id": "4.TA.96-244-4-j24-1.3.H", "mode": "bus", "line_name": "556"}, {"line_id": "96-244-4-j24-1", "route_id": "2.TA.96-244-4-j24-1.2.H", "mode": "bus", "line_name": "556"}, {"line_id": "96-244-4-j24-1", "route_id": "15.TA.96-244-4-j24-1.3.H", "mode": "bus", "line_name": "556"}, {"line_id": "96-244-3-j24-1", "route_id": "22.TA.96-244-3-j24-1.3.H", "mode": "bus", "line_name": "555"}, {"line_id": "96-244-5-j24-1", "route_id": "41.TA.96-244-5-j24-1.7.H", "mode": "bus", "line_name": "553"}, {"line_id": "96-244-3-j24-1", "route_id": "2.TA.96-244-3-j24-1.3.H", "mode": "bus", "line_name": "555"}, {"line_id": "96-244-7-j24-1", "route_id": "15.TA.96-244-7-j24-1.1.H", "mode": "bus", "line_name": "560"}, {"line_id": "96-244-6-j24-1", "route_id": "29.TA.96-244-6-j24-1.3.H", "mode": "bus", "line_name": "552"}, {"line_id": "96-244-3-j24-1", "route_id": "26.TA.96-244-3-j24-1.4.H", "mode": "bus", "line_name": "555"}, {"line_id": "96-244-5-j24-1", "route_id": "1.TA.96-244-5-j24-1.2.H", "mode": "bus", "line_name": "553"}, {"line_id": "96-244-5-j24-1", "route_id": "22.TA.96-244-5-j24-1.6.H", "mode": "bus", "line_name": "553"}, {"line_id": "96-244-3-j24-1", "route_id": "7.TA.96-244-3-j24-1.3.H", "mode": "bus", "line_name": "555"}], "predominant_mode": "bus", "assigned_canton": "Schwyz", "modes_list": ["bus"]}, "geometry": {"type": "Point", "coordinates": [8.75002264235508, 47.127242090153395]}}, {"id": "7636", "type": "Feature", "properties": {"name": "Einsiedeln, Kornhausstrasse", "lon": 8.736314343412838, "lat": 47.11919211034952, "stop_id": ["8582625.link:424030"], "lines": [{"line_id": "96-244-8-j24-1", "route_id": "25.TA.96-244-8-j24-1.2.R", "mode": "bus", "line_name": "561"}], "predominant_mode": "bus", "assigned_canton": "Schwyz", "modes_list": ["bus"]}, "geometry": {"type": "Point", "coordinates": [8.736314352072222, 47.11919212036951]}}, {"id": "7637", "type": "Feature", "properties": {"name": "Einsiedeln, Rietstrasse", "lon": 8.735757383700964, "lat": 47.1279877203587, "stop_id": ["8582637.link:131950", "8582637.link:1896128"], "lines": [{"line_id": "96-245-0-j24-1", "route_id": "11.TA.96-245-0-j24-1.1.H", "mode": "bus", "line_name": "562"}, {"line_id": "96-245-0-j24-1", "route_id": "19.TA.96-245-0-j24-1.2.R", "mode": "bus", "line_name": "562"}], "predominant_mode": "bus", "assigned_canton": "Schwyz", "modes_list": ["bus"]}, "geometry": {"type": "Point", "coordinates": [8.735757392357131, 47.127987730381996]}}, {"id": "7638", "type": "Feature", "properties": {"name": "Einsiedeln, R\u00fcti-S\u00e4ge", "lon": 8.737266553321623, "lat": 47.116392370334374, "stop_id": ["8503721.link:1875131", "8503721.link:1875132"], "lines": [{"line_id": "96-244-8-j24-1", "route_id": "1.TA.96-244-8-j24-1.1.H", "mode": "bus", "line_name": "561"}, {"line_id": "96-243-8-j24-1", "route_id": "1.TA.96-243-8-j24-1.1.H", "mode": "bus", "line_name": "572"}, {"line_id": "96-244-1-j24-1", "route_id": "14.TA.96-244-1-j24-1.3.H", "mode": "bus", "line_name": "554"}, {"line_id": "96-244-1-j24-1", "route_id": "22.TA.96-244-1-j24-1.4.H", "mode": "bus", "line_name": "554"}, {"line_id": "96-243-8-j24-1", "route_id": "5.TA.96-243-8-j24-1.2.R", "mode": "bus", "line_name": "572"}, {"line_id": "96-244-8-j24-1", "route_id": "25.TA.96-244-8-j24-1.2.R", "mode": "bus", "line_name": "561"}, {"line_id": "96-244-1-j24-1", "route_id": "29.TA.96-244-1-j24-1.5.R", "mode": "bus", "line_name": "554"}, {"line_id": "96-244-1-j24-1", "route_id": "45.TA.96-244-1-j24-1.6.R", "mode": "bus", "line_name": "554"}], "predominant_mode": "bus", "assigned_canton": "Schwyz", "modes_list": ["bus"]}, "geometry": {"type": "Point", "coordinates": [8.737266561982782, 47.11639238035311]}}, {"id": "7639", "type": "Feature", "properties": {"name": "Einsiedeln, R\u00fctiweg", "lon": 8.740985583367301, "lat": 47.117718900276, "stop_id": ["8557002.link:424441"], "lines": [{"line_id": "96-244-8-j24-1", "route_id": "1.TA.96-244-8-j24-1.1.H", "mode": "bus", "line_name": "561"}], "predominant_mode": "bus", "assigned_canton": "Schwyz", "modes_list": ["bus"]}, "geometry": {"type": "Point", "coordinates": [8.74098559203165, 47.11771891029414]}}, {"id": "7640", "type": "Feature", "properties": {"name": "Einsiedeln, Scheidweg", "lon": 8.742404923909962, "lat": 47.134239730254585, "stop_id": ["8582629.link:1643647"], "lines": [{"line_id": "96-244-9-j24-1", "route_id": "6.TA.96-244-9-j24-1.1.H", "mode": "bus", "line_name": "563"}], "predominant_mode": "bus", "assigned_canton": "Schwyz", "modes_list": ["bus"]}, "geometry": {"type": "Point", "coordinates": [8.742404932570643, 47.13423974027819]}}, {"id": "7641", "type": "Feature", "properties": {"name": "Einsiedeln, Schlyffi", "lon": 8.73689824352001, "lat": 47.12245014034051, "stop_id": ["8582624.link:424040"], "lines": [{"line_id": "96-244-8-j24-1", "route_id": "25.TA.96-244-8-j24-1.2.R", "mode": "bus", "line_name": "561"}], "predominant_mode": "bus", "assigned_canton": "Schwyz", "modes_list": ["bus"]}, "geometry": {"type": "Point", "coordinates": [8.736898252178971, 47.122450150361516]}}, {"id": "7642", "type": "Feature", "properties": {"name": "Einsiedeln, Spital", "lon": 8.738838603795191, "lat": 47.130805190310426, "stop_id": ["8582627.link:131967", "8582627.link:1763605"], "lines": [{"line_id": "96-245-0-j24-1", "route_id": "19.TA.96-245-0-j24-1.2.R", "mode": "bus", "line_name": "562"}, {"line_id": "96-245-0-j24-1", "route_id": "11.TA.96-245-0-j24-1.1.H", "mode": "bus", "line_name": "562"}, {"line_id": "96-244-9-j24-1", "route_id": "6.TA.96-244-9-j24-1.1.H", "mode": "bus", "line_name": "563"}], "predominant_mode": "bus", "assigned_canton": "Schwyz", "modes_list": ["bus"]}, "geometry": {"type": "Point", "coordinates": [8.738838612453478, 47.1308052003338]}}, {"id": "7643", "type": "Feature", "properties": {"name": "Einsiedeln, Steig", "lon": 8.740132184059396, "lat": 47.13883507029052, "stop_id": ["8573766.link:1859609", "8573766.link:1859610"], "lines": [{"line_id": "96-244-0-j24-1", "route_id": "8.TA.96-244-0-j24-1.4.R", "mode": "bus", "line_name": "571"}, {"line_id": "96-244-0-j24-1", "route_id": "9.TA.96-244-0-j24-1.5.R", "mode": "bus", "line_name": "571"}, {"line_id": "96-244-2-j24-1", "route_id": "27.TA.96-244-2-j24-1.8.R", "mode": "bus", "line_name": "551"}, {"line_id": "96-244-9-j24-1", "route_id": "6.TA.96-244-9-j24-1.1.H", "mode": "bus", "line_name": "563"}, {"line_id": "96-244-2-j24-1", "route_id": "15.TA.96-244-2-j24-1.2.R", "mode": "bus", "line_name": "551"}, {"line_id": "96-244-2-j24-1", "route_id": "13.TA.96-244-2-j24-1.7.H", "mode": "bus", "line_name": "551"}, {"line_id": "96-244-9-j24-1", "route_id": "6.TA.96-244-9-j24-1.1.H", "mode": "bus", "line_name": "563"}, {"line_id": "96-244-2-j24-1", "route_id": "8.TA.96-244-2-j24-1.1.H", "mode": "bus", "line_name": "551"}, {"line_id": "96-244-0-j24-1", "route_id": "4.TA.96-244-0-j24-1.2.H", "mode": "bus", "line_name": "571"}], "predominant_mode": "bus", "assigned_canton": "Schwyz", "modes_list": ["bus"]}, "geometry": {"type": "Point", "coordinates": [8.74013219271648, 47.13883508031642]}}, {"id": "7644", "type": "Feature", "properties": {"name": "Einsiedeln, Steinauerstrasse", "lon": 8.740051333759823, "lat": 47.12970511029132, "stop_id": ["8582943.link:131970", "8582943.link:131971"], "lines": [{"line_id": "96-244-9-j24-1", "route_id": "6.TA.96-244-9-j24-1.1.H", "mode": "bus", "line_name": "563"}, {"line_id": "96-245-0-j24-1", "route_id": "19.TA.96-245-0-j24-1.2.R", "mode": "bus", "line_name": "562"}, {"line_id": "96-245-0-j24-1", "route_id": "11.TA.96-245-0-j24-1.1.H", "mode": "bus", "line_name": "562"}], "predominant_mode": "bus", "assigned_canton": "Schwyz", "modes_list": ["bus"]}, "geometry": {"type": "Point", "coordinates": [8.740051342419621, 47.12970512031398]}}, {"id": "7645", "type": "Feature", "properties": {"name": "Einsiedeln, Wasenmattstrasse", "lon": 8.753184703893053, "lat": 47.133530840085136, "stop_id": ["8582634.link:1896005", "8582634.link:1896006"], "lines": [{"line_id": "96-244-7-j24-1", "route_id": "15.TA.96-244-7-j24-1.1.H", "mode": "bus", "line_name": "560"}, {"line_id": "96-244-7-j24-1", "route_id": "31.TA.96-244-7-j24-1.2.R", "mode": "bus", "line_name": "560"}], "predominant_mode": "bus", "assigned_canton": "Schwyz", "modes_list": ["bus"]}, "geometry": {"type": "Point", "coordinates": [8.753184712564359, 47.1335308501053]}}, {"id": "7646", "type": "Feature", "properties": {"name": "Einsiedeln, Wissm\u00fcli", "lon": 8.744587823880169, "lat": 47.133292510220215, "stop_id": ["8573765.link:223995", "8573765.link:223996"], "lines": [{"line_id": "96-244-2-j24-1", "route_id": "15.TA.96-244-2-j24-1.2.R", "mode": "bus", "line_name": "551"}, {"line_id": "96-244-2-j24-1", "route_id": "27.TA.96-244-2-j24-1.8.R", "mode": "bus", "line_name": "551"}, {"line_id": "96-244-0-j24-1", "route_id": "9.TA.96-244-0-j24-1.5.R", "mode": "bus", "line_name": "571"}, {"line_id": "96-244-2-j24-1", "route_id": "13.TA.96-244-2-j24-1.7.H", "mode": "bus", "line_name": "551"}, {"line_id": "96-244-9-j24-1", "route_id": "6.TA.96-244-9-j24-1.1.H", "mode": "bus", "line_name": "563"}, {"line_id": "96-244-2-j24-1", "route_id": "8.TA.96-244-2-j24-1.1.H", "mode": "bus", "line_name": "551"}, {"line_id": "96-244-0-j24-1", "route_id": "4.TA.96-244-0-j24-1.2.H", "mode": "bus", "line_name": "571"}], "predominant_mode": "bus", "assigned_canton": "Schwyz", "modes_list": ["bus"]}, "geometry": {"type": "Point", "coordinates": [8.744587832543248, 47.1332925202428]}}, {"id": "7647", "type": "Feature", "properties": {"name": "Einsiedeln, W\u00e4ni", "lon": 8.739548273396489, "lat": 47.11863584029863, "stop_id": ["8582626.link:424034"], "lines": [{"line_id": "96-244-8-j24-1", "route_id": "25.TA.96-244-8-j24-1.2.R", "mode": "bus", "line_name": "561"}], "predominant_mode": "bus", "assigned_canton": "Schwyz", "modes_list": ["bus"]}, "geometry": {"type": "Point", "coordinates": [8.73954828205917, 47.11863585031749]}}, {"id": "7648", "type": "Feature", "properties": {"name": "Einsiedeln,Altersheim Langr\u00fcti", "lon": 8.742072543513661, "lat": 47.12216286025916, "stop_id": ["8582622.link:1953415"], "lines": [{"line_id": "96-244-8-j24-1", "route_id": "1.TA.96-244-8-j24-1.1.H", "mode": "bus", "line_name": "561"}], "predominant_mode": "bus", "assigned_canton": "Schwyz", "modes_list": ["bus"]}, "geometry": {"type": "Point", "coordinates": [8.74207255217771, 47.122162870278515]}}, {"id": "8282", "type": "Feature", "properties": {"name": "Euthal, Alte Festung", "lon": 8.80041812286432, "lat": 47.101321349341184, "stop_id": ["8583632.link:825379", "8583632.link:825380"], "lines": [{"line_id": "96-243-9-j24-1", "route_id": "9.TA.96-243-9-j24-1.7.R", "mode": "bus", "line_name": "570"}, {"line_id": "96-244-3-j24-1", "route_id": "63.TA.96-244-3-j24-1.12.R", "mode": "bus", "line_name": "555"}, {"line_id": "96-244-4-j24-1", "route_id": "24.TA.96-244-4-j24-1.5.R", "mode": "bus", "line_name": "556"}, {"line_id": "96-244-3-j24-1", "route_id": "77.TA.96-244-3-j24-1.13.R", "mode": "bus", "line_name": "555"}, {"line_id": "96-243-9-j24-1", "route_id": "7.TA.96-243-9-j24-1.5.R", "mode": "bus", "line_name": "570"}, {"line_id": "96-244-3-j24-1", "route_id": "59.TA.96-244-3-j24-1.11.R", "mode": "bus", "line_name": "555"}, {"line_id": "96-244-5-j24-1", "route_id": "74.TA.96-244-5-j24-1.18.R", "mode": "bus", "line_name": "553"}, {"line_id": "96-243-9-j24-1", "route_id": "8.TA.96-243-9-j24-1.6.R", "mode": "bus", "line_name": "570"}, {"line_id": "96-244-3-j24-1", "route_id": "61.TA.96-244-3-j24-1.8.R", "mode": "bus", "line_name": "555"}, {"line_id": "96-244-5-j24-1", "route_id": "59.TA.96-244-5-j24-1.17.R", "mode": "bus", "line_name": "553"}, {"line_id": "96-244-3-j24-1", "route_id": "62.TA.96-244-3-j24-1.12.R", "mode": "bus", "line_name": "555"}, {"line_id": "96-243-9-j24-1", "route_id": "6.TA.96-243-9-j24-1.4.R", "mode": "bus", "line_name": "570"}, {"line_id": "96-244-4-j24-1", "route_id": "4.TA.96-244-4-j24-1.3.H", "mode": "bus", "line_name": "556"}, {"line_id": "96-244-4-j24-1", "route_id": "2.TA.96-244-4-j24-1.2.H", "mode": "bus", "line_name": "556"}, {"line_id": "96-244-4-j24-1", "route_id": "15.TA.96-244-4-j24-1.3.H", "mode": "bus", "line_name": "556"}, {"line_id": "96-244-3-j24-1", "route_id": "22.TA.96-244-3-j24-1.3.H", "mode": "bus", "line_name": "555"}, {"line_id": "96-243-9-j24-1", "route_id": "4.TA.96-243-9-j24-1.3.H", "mode": "bus", "line_name": "570"}, {"line_id": "96-244-5-j24-1", "route_id": "41.TA.96-244-5-j24-1.7.H", "mode": "bus", "line_name": "553"}, {"line_id": "96-244-3-j24-1", "route_id": "2.TA.96-244-3-j24-1.3.H", "mode": "bus", "line_name": "555"}, {"line_id": "96-244-3-j24-1", "route_id": "1.TA.96-244-3-j24-1.2.H", "mode": "bus", "line_name": "555"}, {"line_id": "96-244-3-j24-1", "route_id": "26.TA.96-244-3-j24-1.4.H", "mode": "bus", "line_name": "555"}, {"line_id": "96-243-9-j24-1", "route_id": "2.TA.96-243-9-j24-1.2.H", "mode": "bus", "line_name": "570"}, {"line_id": "96-243-9-j24-1", "route_id": "1.TA.96-243-9-j24-1.1.H", "mode": "bus", "line_name": "570"}, {"line_id": "96-244-5-j24-1", "route_id": "22.TA.96-244-5-j24-1.6.H", "mode": "bus", "line_name": "553"}, {"line_id": "96-244-3-j24-1", "route_id": "7.TA.96-244-3-j24-1.3.H", "mode": "bus", "line_name": "555"}], "predominant_mode": "bus", "assigned_canton": "Schwyz", "modes_list": ["bus"]}, "geometry": {"type": "Point", "coordinates": [8.800418131591005, 47.10132135933597]}}, {"id": "8283", "type": "Feature", "properties": {"name": "Euthal, Drusberg", "lon": 8.811970452741235, "lat": 47.09736488915942, "stop_id": ["8573775.link:1185365", "8573775.link:1185366"], "lines": [{"line_id": "96-243-9-j24-1", "route_id": "9.TA.96-243-9-j24-1.7.R", "mode": "bus", "line_name": "570"}, {"line_id": "96-244-3-j24-1", "route_id": "63.TA.96-244-3-j24-1.12.R", "mode": "bus", "line_name": "555"}, {"line_id": "96-244-4-j24-1", "route_id": "24.TA.96-244-4-j24-1.5.R", "mode": "bus", "line_name": "556"}, {"line_id": "96-244-3-j24-1", "route_id": "77.TA.96-244-3-j24-1.13.R", "mode": "bus", "line_name": "555"}, {"line_id": "96-243-9-j24-1", "route_id": "7.TA.96-243-9-j24-1.5.R", "mode": "bus", "line_name": "570"}, {"line_id": "96-244-3-j24-1", "route_id": "59.TA.96-244-3-j24-1.11.R", "mode": "bus", "line_name": "555"}, {"line_id": "96-244-5-j24-1", "route_id": "74.TA.96-244-5-j24-1.18.R", "mode": "bus", "line_name": "553"}, {"line_id": "96-243-9-j24-1", "route_id": "8.TA.96-243-9-j24-1.6.R", "mode": "bus", "line_name": "570"}, {"line_id": "96-244-3-j24-1", "route_id": "61.TA.96-244-3-j24-1.8.R", "mode": "bus", "line_name": "555"}, {"line_id": "96-244-5-j24-1", "route_id": "59.TA.96-244-5-j24-1.17.R", "mode": "bus", "line_name": "553"}, {"line_id": "96-244-3-j24-1", "route_id": "62.TA.96-244-3-j24-1.12.R", "mode": "bus", "line_name": "555"}, {"line_id": "96-243-9-j24-1", "route_id": "6.TA.96-243-9-j24-1.4.R", "mode": "bus", "line_name": "570"}, {"line_id": "96-244-4-j24-1", "route_id": "4.TA.96-244-4-j24-1.3.H", "mode": "bus", "line_name": "556"}, {"line_id": "96-244-4-j24-1", "route_id": "2.TA.96-244-4-j24-1.2.H", "mode": "bus", "line_name": "556"}, {"line_id": "96-244-4-j24-1", "route_id": "15.TA.96-244-4-j24-1.3.H", "mode": "bus", "line_name": "556"}, {"line_id": "96-244-3-j24-1", "route_id": "22.TA.96-244-3-j24-1.3.H", "mode": "bus", "line_name": "555"}, {"line_id": "96-243-9-j24-1", "route_id": "4.TA.96-243-9-j24-1.3.H", "mode": "bus", "line_name": "570"}, {"line_id": "96-244-5-j24-1", "route_id": "41.TA.96-244-5-j24-1.7.H", "mode": "bus", "line_name": "553"}, {"line_id": "96-244-3-j24-1", "route_id": "2.TA.96-244-3-j24-1.3.H", "mode": "bus", "line_name": "555"}, {"line_id": "96-244-3-j24-1", "route_id": "1.TA.96-244-3-j24-1.2.H", "mode": "bus", "line_name": "555"}, {"line_id": "96-244-3-j24-1", "route_id": "26.TA.96-244-3-j24-1.4.H", "mode": "bus", "line_name": "555"}, {"line_id": "96-243-9-j24-1", "route_id": "2.TA.96-243-9-j24-1.2.H", "mode": "bus", "line_name": "570"}, {"line_id": "96-243-9-j24-1", "route_id": "1.TA.96-243-9-j24-1.1.H", "mode": "bus", "line_name": "570"}, {"line_id": "96-244-5-j24-1", "route_id": "22.TA.96-244-5-j24-1.6.H", "mode": "bus", "line_name": "553"}, {"line_id": "96-244-3-j24-1", "route_id": "7.TA.96-244-3-j24-1.3.H", "mode": "bus", "line_name": "555"}], "predominant_mode": "bus", "assigned_canton": "Schwyz", "modes_list": ["bus"]}, "geometry": {"type": "Point", "coordinates": [8.811970461480252, 47.09736489914936]}}, {"id": "8284", "type": "Feature", "properties": {"name": "Euthal, H\u00f6hport", "lon": 8.818995282504643, "lat": 47.09001987904857, "stop_id": ["8503741.link:1966071", "8503741.link:1966072"], "lines": [{"line_id": "96-244-3-j24-1", "route_id": "63.TA.96-244-3-j24-1.12.R", "mode": "bus", "line_name": "555"}, {"line_id": "96-244-4-j24-1", "route_id": "24.TA.96-244-4-j24-1.5.R", "mode": "bus", "line_name": "556"}, {"line_id": "96-244-3-j24-1", "route_id": "77.TA.96-244-3-j24-1.13.R", "mode": "bus", "line_name": "555"}, {"line_id": "96-244-3-j24-1", "route_id": "59.TA.96-244-3-j24-1.11.R", "mode": "bus", "line_name": "555"}, {"line_id": "96-244-5-j24-1", "route_id": "74.TA.96-244-5-j24-1.18.R", "mode": "bus", "line_name": "553"}, {"line_id": "96-244-3-j24-1", "route_id": "61.TA.96-244-3-j24-1.8.R", "mode": "bus", "line_name": "555"}, {"line_id": "96-244-5-j24-1", "route_id": "59.TA.96-244-5-j24-1.17.R", "mode": "bus", "line_name": "553"}, {"line_id": "96-244-3-j24-1", "route_id": "62.TA.96-244-3-j24-1.12.R", "mode": "bus", "line_name": "555"}, {"line_id": "96-244-4-j24-1", "route_id": "4.TA.96-244-4-j24-1.3.H", "mode": "bus", "line_name": "556"}, {"line_id": "96-244-4-j24-1", "route_id": "2.TA.96-244-4-j24-1.2.H", "mode": "bus", "line_name": "556"}, {"line_id": "96-244-4-j24-1", "route_id": "15.TA.96-244-4-j24-1.3.H", "mode": "bus", "line_name": "556"}, {"line_id": "96-244-3-j24-1", "route_id": "22.TA.96-244-3-j24-1.3.H", "mode": "bus", "line_name": "555"}, {"line_id": "96-244-5-j24-1", "route_id": "41.TA.96-244-5-j24-1.7.H", "mode": "bus", "line_name": "553"}, {"line_id": "96-244-3-j24-1", "route_id": "2.TA.96-244-3-j24-1.3.H", "mode": "bus", "line_name": "555"}, {"line_id": "96-244-3-j24-1", "route_id": "26.TA.96-244-3-j24-1.4.H", "mode": "bus", "line_name": "555"}, {"line_id": "96-244-3-j24-1", "route_id": "1.TA.96-244-3-j24-1.2.H", "mode": "bus", "line_name": "555"}, {"line_id": "96-244-5-j24-1", "route_id": "22.TA.96-244-5-j24-1.6.H", "mode": "bus", "line_name": "553"}, {"line_id": "96-244-3-j24-1", "route_id": "7.TA.96-244-3-j24-1.3.H", "mode": "bus", "line_name": "555"}], "predominant_mode": "bus", "assigned_canton": "Schwyz", "modes_list": ["bus"]}, "geometry": {"type": "Point", "coordinates": [8.81899529125267, 47.09001988903379]}}, {"id": "8285", "type": "Feature", "properties": {"name": "Euthal, Ruostel", "lon": 8.804613252808208, "lat": 47.099535779275165, "stop_id": ["8503740.link:825359", "8503740.link:825360"], "lines": [{"line_id": "96-243-9-j24-1", "route_id": "9.TA.96-243-9-j24-1.7.R", "mode": "bus", "line_name": "570"}, {"line_id": "96-244-3-j24-1", "route_id": "63.TA.96-244-3-j24-1.12.R", "mode": "bus", "line_name": "555"}, {"line_id": "96-244-4-j24-1", "route_id": "24.TA.96-244-4-j24-1.5.R", "mode": "bus", "line_name": "556"}, {"line_id": "96-244-3-j24-1", "route_id": "77.TA.96-244-3-j24-1.13.R", "mode": "bus", "line_name": "555"}, {"line_id": "96-243-9-j24-1", "route_id": "7.TA.96-243-9-j24-1.5.R", "mode": "bus", "line_name": "570"}, {"line_id": "96-244-3-j24-1", "route_id": "59.TA.96-244-3-j24-1.11.R", "mode": "bus", "line_name": "555"}, {"line_id": "96-244-5-j24-1", "route_id": "74.TA.96-244-5-j24-1.18.R", "mode": "bus", "line_name": "553"}, {"line_id": "96-243-9-j24-1", "route_id": "8.TA.96-243-9-j24-1.6.R", "mode": "bus", "line_name": "570"}, {"line_id": "96-244-3-j24-1", "route_id": "61.TA.96-244-3-j24-1.8.R", "mode": "bus", "line_name": "555"}, {"line_id": "96-244-5-j24-1", "route_id": "59.TA.96-244-5-j24-1.17.R", "mode": "bus", "line_name": "553"}, {"line_id": "96-244-3-j24-1", "route_id": "62.TA.96-244-3-j24-1.12.R", "mode": "bus", "line_name": "555"}, {"line_id": "96-243-9-j24-1", "route_id": "6.TA.96-243-9-j24-1.4.R", "mode": "bus", "line_name": "570"}, {"line_id": "96-244-4-j24-1", "route_id": "4.TA.96-244-4-j24-1.3.H", "mode": "bus", "line_name": "556"}, {"line_id": "96-244-4-j24-1", "route_id": "2.TA.96-244-4-j24-1.2.H", "mode": "bus", "line_name": "556"}, {"line_id": "96-244-4-j24-1", "route_id": "15.TA.96-244-4-j24-1.3.H", "mode": "bus", "line_name": "556"}, {"line_id": "96-244-3-j24-1", "route_id": "22.TA.96-244-3-j24-1.3.H", "mode": "bus", "line_name": "555"}, {"line_id": "96-243-9-j24-1", "route_id": "4.TA.96-243-9-j24-1.3.H", "mode": "bus", "line_name": "570"}, {"line_id": "96-244-5-j24-1", "route_id": "41.TA.96-244-5-j24-1.7.H", "mode": "bus", "line_name": "553"}, {"line_id": "96-244-3-j24-1", "route_id": "2.TA.96-244-3-j24-1.3.H", "mode": "bus", "line_name": "555"}, {"line_id": "96-244-3-j24-1", "route_id": "1.TA.96-244-3-j24-1.2.H", "mode": "bus", "line_name": "555"}, {"line_id": "96-244-3-j24-1", "route_id": "26.TA.96-244-3-j24-1.4.H", "mode": "bus", "line_name": "555"}, {"line_id": "96-243-9-j24-1", "route_id": "2.TA.96-243-9-j24-1.2.H", "mode": "bus", "line_name": "570"}, {"line_id": "96-243-9-j24-1", "route_id": "1.TA.96-243-9-j24-1.1.H", "mode": "bus", "line_name": "570"}, {"line_id": "96-244-5-j24-1", "route_id": "22.TA.96-244-5-j24-1.6.H", "mode": "bus", "line_name": "553"}, {"line_id": "96-244-3-j24-1", "route_id": "7.TA.96-244-3-j24-1.3.H", "mode": "bus", "line_name": "555"}], "predominant_mode": "bus", "assigned_canton": "Schwyz", "modes_list": ["bus"]}, "geometry": {"type": "Point", "coordinates": [8.804613261539478, 47.099535789268025]}}, {"id": "8286", "type": "Feature", "properties": {"name": "Euthal, R\u00fcti", "lon": 8.812985552137112, "lat": 47.0788995291423, "stop_id": ["8503744.link:346351", "8503744.link:346352"], "lines": [{"line_id": "96-244-3-j24-1", "route_id": "63.TA.96-244-3-j24-1.12.R", "mode": "bus", "line_name": "555"}, {"line_id": "96-244-4-j24-1", "route_id": "24.TA.96-244-4-j24-1.5.R", "mode": "bus", "line_name": "556"}, {"line_id": "96-244-3-j24-1", "route_id": "77.TA.96-244-3-j24-1.13.R", "mode": "bus", "line_name": "555"}, {"line_id": "96-244-3-j24-1", "route_id": "59.TA.96-244-3-j24-1.11.R", "mode": "bus", "line_name": "555"}, {"line_id": "96-244-3-j24-1", "route_id": "61.TA.96-244-3-j24-1.8.R", "mode": "bus", "line_name": "555"}, {"line_id": "96-244-3-j24-1", "route_id": "62.TA.96-244-3-j24-1.12.R", "mode": "bus", "line_name": "555"}, {"line_id": "96-244-4-j24-1", "route_id": "4.TA.96-244-4-j24-1.3.H", "mode": "bus", "line_name": "556"}, {"line_id": "96-244-4-j24-1", "route_id": "2.TA.96-244-4-j24-1.2.H", "mode": "bus", "line_name": "556"}, {"line_id": "96-244-4-j24-1", "route_id": "15.TA.96-244-4-j24-1.3.H", "mode": "bus", "line_name": "556"}, {"line_id": "96-244-3-j24-1", "route_id": "22.TA.96-244-3-j24-1.3.H", "mode": "bus", "line_name": "555"}, {"line_id": "96-244-3-j24-1", "route_id": "2.TA.96-244-3-j24-1.3.H", "mode": "bus", "line_name": "555"}, {"line_id": "96-244-3-j24-1", "route_id": "26.TA.96-244-3-j24-1.4.H", "mode": "bus", "line_name": "555"}, {"line_id": "96-244-3-j24-1", "route_id": "1.TA.96-244-3-j24-1.2.H", "mode": "bus", "line_name": "555"}, {"line_id": "96-244-3-j24-1", "route_id": "7.TA.96-244-3-j24-1.3.H", "mode": "bus", "line_name": "555"}], "predominant_mode": "bus", "assigned_canton": "Schwyz", "modes_list": ["bus"]}, "geometry": {"type": "Point", "coordinates": [8.812985560882758, 47.07889953912529]}}, {"id": "8287", "type": "Feature", "properties": {"name": "Euthal, Schulhaus", "lon": 8.816363212677624, "lat": 47.095346789090236, "stop_id": ["8503775.link:825337", "8503775.link:825338"], "lines": [{"line_id": "96-243-9-j24-1", "route_id": "9.TA.96-243-9-j24-1.7.R", "mode": "bus", "line_name": "570"}, {"line_id": "96-244-3-j24-1", "route_id": "63.TA.96-244-3-j24-1.12.R", "mode": "bus", "line_name": "555"}, {"line_id": "96-244-4-j24-1", "route_id": "24.TA.96-244-4-j24-1.5.R", "mode": "bus", "line_name": "556"}, {"line_id": "96-244-3-j24-1", "route_id": "77.TA.96-244-3-j24-1.13.R", "mode": "bus", "line_name": "555"}, {"line_id": "96-243-9-j24-1", "route_id": "7.TA.96-243-9-j24-1.5.R", "mode": "bus", "line_name": "570"}, {"line_id": "96-244-3-j24-1", "route_id": "59.TA.96-244-3-j24-1.11.R", "mode": "bus", "line_name": "555"}, {"line_id": "96-244-5-j24-1", "route_id": "74.TA.96-244-5-j24-1.18.R", "mode": "bus", "line_name": "553"}, {"line_id": "96-243-9-j24-1", "route_id": "8.TA.96-243-9-j24-1.6.R", "mode": "bus", "line_name": "570"}, {"line_id": "96-244-3-j24-1", "route_id": "61.TA.96-244-3-j24-1.8.R", "mode": "bus", "line_name": "555"}, {"line_id": "96-244-5-j24-1", "route_id": "59.TA.96-244-5-j24-1.17.R", "mode": "bus", "line_name": "553"}, {"line_id": "96-244-3-j24-1", "route_id": "62.TA.96-244-3-j24-1.12.R", "mode": "bus", "line_name": "555"}, {"line_id": "96-243-9-j24-1", "route_id": "6.TA.96-243-9-j24-1.4.R", "mode": "bus", "line_name": "570"}, {"line_id": "96-244-4-j24-1", "route_id": "4.TA.96-244-4-j24-1.3.H", "mode": "bus", "line_name": "556"}, {"line_id": "96-244-4-j24-1", "route_id": "2.TA.96-244-4-j24-1.2.H", "mode": "bus", "line_name": "556"}, {"line_id": "96-244-4-j24-1", "route_id": "15.TA.96-244-4-j24-1.3.H", "mode": "bus", "line_name": "556"}, {"line_id": "96-244-3-j24-1", "route_id": "22.TA.96-244-3-j24-1.3.H", "mode": "bus", "line_name": "555"}, {"line_id": "96-243-9-j24-1", "route_id": "4.TA.96-243-9-j24-1.3.H", "mode": "bus", "line_name": "570"}, {"line_id": "96-244-5-j24-1", "route_id": "41.TA.96-244-5-j24-1.7.H", "mode": "bus", "line_name": "553"}, {"line_id": "96-244-3-j24-1", "route_id": "2.TA.96-244-3-j24-1.3.H", "mode": "bus", "line_name": "555"}, {"line_id": "96-244-3-j24-1", "route_id": "1.TA.96-244-3-j24-1.2.H", "mode": "bus", "line_name": "555"}, {"line_id": "96-244-3-j24-1", "route_id": "26.TA.96-244-3-j24-1.4.H", "mode": "bus", "line_name": "555"}, {"line_id": "96-243-9-j24-1", "route_id": "2.TA.96-243-9-j24-1.2.H", "mode": "bus", "line_name": "570"}, {"line_id": "96-243-9-j24-1", "route_id": "1.TA.96-243-9-j24-1.1.H", "mode": "bus", "line_name": "570"}, {"line_id": "96-244-5-j24-1", "route_id": "22.TA.96-244-5-j24-1.6.H", "mode": "bus", "line_name": "553"}, {"line_id": "96-244-3-j24-1", "route_id": "7.TA.96-244-3-j24-1.3.H", "mode": "bus", "line_name": "555"}], "predominant_mode": "bus", "assigned_canton": "Schwyz", "modes_list": ["bus"]}, "geometry": {"type": "Point", "coordinates": [8.816363221421486, 47.09534679907815]}}, {"id": "8288", "type": "Feature", "properties": {"name": "Euthal, Steinbach", "lon": 8.793869402774625, "lat": 47.098698009443936, "stop_id": ["8503739.link:184522", "8503739.link:184523"], "lines": [{"line_id": "96-244-3-j24-1", "route_id": "63.TA.96-244-3-j24-1.12.R", "mode": "bus", "line_name": "555"}, {"line_id": "96-244-4-j24-1", "route_id": "24.TA.96-244-4-j24-1.5.R", "mode": "bus", "line_name": "556"}, {"line_id": "96-244-3-j24-1", "route_id": "77.TA.96-244-3-j24-1.13.R", "mode": "bus", "line_name": "555"}, {"line_id": "96-244-3-j24-1", "route_id": "59.TA.96-244-3-j24-1.11.R", "mode": "bus", "line_name": "555"}, {"line_id": "96-244-3-j24-1", "route_id": "61.TA.96-244-3-j24-1.8.R", "mode": "bus", "line_name": "555"}, {"line_id": "96-244-3-j24-1", "route_id": "62.TA.96-244-3-j24-1.12.R", "mode": "bus", "line_name": "555"}, {"line_id": "96-244-4-j24-1", "route_id": "4.TA.96-244-4-j24-1.3.H", "mode": "bus", "line_name": "556"}, {"line_id": "96-244-4-j24-1", "route_id": "2.TA.96-244-4-j24-1.2.H", "mode": "bus", "line_name": "556"}, {"line_id": "96-244-4-j24-1", "route_id": "15.TA.96-244-4-j24-1.3.H", "mode": "bus", "line_name": "556"}, {"line_id": "96-244-3-j24-1", "route_id": "22.TA.96-244-3-j24-1.3.H", "mode": "bus", "line_name": "555"}, {"line_id": "96-244-3-j24-1", "route_id": "2.TA.96-244-3-j24-1.3.H", "mode": "bus", "line_name": "555"}, {"line_id": "96-244-3-j24-1", "route_id": "26.TA.96-244-3-j24-1.4.H", "mode": "bus", "line_name": "555"}, {"line_id": "96-244-3-j24-1", "route_id": "1.TA.96-244-3-j24-1.2.H", "mode": "bus", "line_name": "555"}, {"line_id": "96-244-3-j24-1", "route_id": "7.TA.96-244-3-j24-1.3.H", "mode": "bus", "line_name": "555"}], "predominant_mode": "bus", "assigned_canton": "Schwyz", "modes_list": ["bus"]}, "geometry": {"type": "Point", "coordinates": [8.793869411495807, 47.09869801943969]}}, {"id": "8289", "type": "Feature", "properties": {"name": "Euthal, \u00c4ngi", "lon": 8.825265522316693, "lat": 47.08417249894969, "stop_id": ["8583202.link:1659103", "8583202.link:1659104"], "lines": [{"line_id": "96-244-5-j24-1", "route_id": "74.TA.96-244-5-j24-1.18.R", "mode": "bus", "line_name": "553"}, {"line_id": "96-244-5-j24-1", "route_id": "59.TA.96-244-5-j24-1.17.R", "mode": "bus", "line_name": "553"}, {"line_id": "96-244-5-j24-1", "route_id": "41.TA.96-244-5-j24-1.7.H", "mode": "bus", "line_name": "553"}, {"line_id": "96-244-5-j24-1", "route_id": "22.TA.96-244-5-j24-1.6.H", "mode": "bus", "line_name": "553"}], "predominant_mode": "bus", "assigned_canton": "Schwyz", "modes_list": ["bus"]}, "geometry": {"type": "Point", "coordinates": [8.825265531072532, 47.08417250893096]}}, {"id": "8523", "type": "Feature", "properties": {"name": "Feusisberg, Alterszentrum", "lon": 8.750552645660957, "lat": 47.187416240128755, "stop_id": ["8583204.link:133931", "8583204.link:133932"], "lines": [{"line_id": "96-242-1-j24-1", "route_id": "13.TA.96-242-1-j24-1.3.H", "mode": "bus", "line_name": "190"}, {"line_id": "96-242-1-j24-1", "route_id": "1.TA.96-242-1-j24-1.2.H", "mode": "bus", "line_name": "190"}, {"line_id": "96-242-1-j24-1", "route_id": "29.TA.96-242-1-j24-1.4.H", "mode": "bus", "line_name": "190"}, {"line_id": "96-242-1-j24-1", "route_id": "50.TA.96-242-1-j24-1.6.R", "mode": "bus", "line_name": "190"}, {"line_id": "96-242-1-j24-1", "route_id": "53.TA.96-242-1-j24-1.7.R", "mode": "bus", "line_name": "190"}], "predominant_mode": "bus", "assigned_canton": "Schwyz", "modes_list": ["bus"]}, "geometry": {"type": "Point", "coordinates": [8.750552654313164, 47.18741625016861]}}, {"id": "8524", "type": "Feature", "properties": {"name": "Feusisberg, Feld", "lon": 8.742377975565892, "lat": 47.18466893025711, "stop_id": ["8573809.link:1651846", "8573809.link:1651847"], "lines": [{"line_id": "96-242-1-j24-1", "route_id": "13.TA.96-242-1-j24-1.3.H", "mode": "bus", "line_name": "190"}, {"line_id": "96-242-1-j24-1", "route_id": "1.TA.96-242-1-j24-1.2.H", "mode": "bus", "line_name": "190"}, {"line_id": "96-242-1-j24-1", "route_id": "29.TA.96-242-1-j24-1.4.H", "mode": "bus", "line_name": "190"}, {"line_id": "96-242-1-j24-1", "route_id": "50.TA.96-242-1-j24-1.6.R", "mode": "bus", "line_name": "190"}, {"line_id": "96-242-1-j24-1", "route_id": "53.TA.96-242-1-j24-1.7.R", "mode": "bus", "line_name": "190"}], "predominant_mode": "bus", "assigned_canton": "Schwyz", "modes_list": ["bus"]}, "geometry": {"type": "Point", "coordinates": [8.742377984211073, 47.18466894029842]}}, {"id": "8525", "type": "Feature", "properties": {"name": "Feusisberg, First", "lon": 8.740042355722633, "lat": 47.189479680293985, "stop_id": ["8594295.link:344943", "8594295.link:344944"], "lines": [{"line_id": "92-188-j24-1", "route_id": "155.TA.92-188-j24-1.7.R", "mode": "bus", "line_name": "188"}, {"line_id": "92-188-j24-1", "route_id": "80.TA.92-188-j24-1.6.R", "mode": "bus", "line_name": "188"}, {"line_id": "92-188-j24-1", "route_id": "1.TA.92-188-j24-1.3.H", "mode": "bus", "line_name": "188"}, {"line_id": "92-188-j24-1", "route_id": "71.TA.92-188-j24-1.5.H", "mode": "bus", "line_name": "188"}], "predominant_mode": "bus", "assigned_canton": "Schwyz", "modes_list": ["bus"]}, "geometry": {"type": "Point", "coordinates": [8.740042364364076, 47.18947969033763]}}, {"id": "8526", "type": "Feature", "properties": {"name": "Feusisberg, Gemeindehaus", "lon": 8.747219895653203, "lat": 47.18723919018112, "stop_id": ["8503761.link:133925", "8503761.link:133926"], "lines": [{"line_id": "96-242-1-j24-1", "route_id": "13.TA.96-242-1-j24-1.3.H", "mode": "bus", "line_name": "190"}, {"line_id": "96-242-1-j24-1", "route_id": "1.TA.96-242-1-j24-1.2.H", "mode": "bus", "line_name": "190"}, {"line_id": "96-242-1-j24-1", "route_id": "29.TA.96-242-1-j24-1.4.H", "mode": "bus", "line_name": "190"}, {"line_id": "96-242-1-j24-1", "route_id": "50.TA.96-242-1-j24-1.6.R", "mode": "bus", "line_name": "190"}, {"line_id": "96-242-1-j24-1", "route_id": "53.TA.96-242-1-j24-1.7.R", "mode": "bus", "line_name": "190"}], "predominant_mode": "bus", "assigned_canton": "Schwyz", "modes_list": ["bus"]}, "geometry": {"type": "Point", "coordinates": [8.747219904302252, 47.187239200221875]}}, {"id": "8527", "type": "Feature", "properties": {"name": "Feusisberg, Hotel Panorama", "lon": 8.73806605554989, "lat": 47.184259870324865, "stop_id": ["8573810.link:49299", "8573810.link:49300"], "lines": [{"line_id": "96-242-1-j24-1", "route_id": "13.TA.96-242-1-j24-1.3.H", "mode": "bus", "line_name": "190"}, {"line_id": "96-242-1-j24-1", "route_id": "1.TA.96-242-1-j24-1.2.H", "mode": "bus", "line_name": "190"}, {"line_id": "96-242-1-j24-1", "route_id": "29.TA.96-242-1-j24-1.4.H", "mode": "bus", "line_name": "190"}, {"line_id": "96-242-1-j24-1", "route_id": "50.TA.96-242-1-j24-1.6.R", "mode": "bus", "line_name": "190"}, {"line_id": "96-242-1-j24-1", "route_id": "53.TA.96-242-1-j24-1.7.R", "mode": "bus", "line_name": "190"}], "predominant_mode": "bus", "assigned_canton": "Schwyz", "modes_list": ["bus"]}, "geometry": {"type": "Point", "coordinates": [8.738066064191038, 47.1842598803673]}}, {"id": "8528", "type": "Feature", "properties": {"name": "Feusisberg, Kreuzstrasse", "lon": 8.727403055488441, "lat": 47.18258088049234, "stop_id": ["8573811.link:24614", "8573811.link:24615", "8573811.link:732957"], "lines": [{"line_id": "96-242-1-j24-1", "route_id": "13.TA.96-242-1-j24-1.3.H", "mode": "bus", "line_name": "190"}, {"line_id": "96-242-1-j24-1", "route_id": "1.TA.96-242-1-j24-1.2.H", "mode": "bus", "line_name": "190"}, {"line_id": "96-242-1-j24-1", "route_id": "29.TA.96-242-1-j24-1.4.H", "mode": "bus", "line_name": "190"}, {"line_id": "96-242-1-j24-1", "route_id": "53.TA.96-242-1-j24-1.7.R", "mode": "bus", "line_name": "190"}, {"line_id": "92-N29-j24-1", "route_id": "1.TA.92-N29-j24-1.3.H", "mode": "bus", "line_name": "N29"}], "predominant_mode": "bus", "assigned_canton": "Schwyz", "modes_list": ["bus"]}, "geometry": {"type": "Point", "coordinates": [8.72740306411982, 47.18258089053731]}}, {"id": "8529", "type": "Feature", "properties": {"name": "Feusisberg, Ried", "lon": 8.760622755686278, "lat": 47.1880084099705, "stop_id": ["8573808.link:49319", "8573808.link:49320"], "lines": [{"line_id": "96-242-1-j24-1", "route_id": "13.TA.96-242-1-j24-1.3.H", "mode": "bus", "line_name": "190"}, {"line_id": "96-242-1-j24-1", "route_id": "1.TA.96-242-1-j24-1.2.H", "mode": "bus", "line_name": "190"}, {"line_id": "96-242-1-j24-1", "route_id": "29.TA.96-242-1-j24-1.4.H", "mode": "bus", "line_name": "190"}, {"line_id": "96-242-1-j24-1", "route_id": "50.TA.96-242-1-j24-1.6.R", "mode": "bus", "line_name": "190"}, {"line_id": "96-242-1-j24-1", "route_id": "53.TA.96-242-1-j24-1.7.R", "mode": "bus", "line_name": "190"}], "predominant_mode": "bus", "assigned_canton": "Schwyz", "modes_list": ["bus"]}, "geometry": {"type": "Point", "coordinates": [8.760622764347996, 47.188008420007584]}}, {"id": "8530", "type": "Feature", "properties": {"name": "Feusisberg, Riedhof", "lon": 8.763461435678094, "lat": 47.18770926992589, "stop_id": ["8573807.link:1243016", "8573807.link:1243017"], "lines": [{"line_id": "96-242-1-j24-1", "route_id": "13.TA.96-242-1-j24-1.3.H", "mode": "bus", "line_name": "190"}, {"line_id": "96-242-1-j24-1", "route_id": "1.TA.96-242-1-j24-1.2.H", "mode": "bus", "line_name": "190"}, {"line_id": "96-242-1-j24-1", "route_id": "29.TA.96-242-1-j24-1.4.H", "mode": "bus", "line_name": "190"}, {"line_id": "96-242-1-j24-1", "route_id": "50.TA.96-242-1-j24-1.6.R", "mode": "bus", "line_name": "190"}, {"line_id": "96-242-1-j24-1", "route_id": "53.TA.96-242-1-j24-1.7.R", "mode": "bus", "line_name": "190"}], "predominant_mode": "bus", "assigned_canton": "Schwyz", "modes_list": ["bus"]}, "geometry": {"type": "Point", "coordinates": [8.763461444342637, 47.18770927996203]}}, {"id": "9023", "type": "Feature", "properties": {"name": "Freienbach SBB", "lon": 8.753897369648051, "lat": 47.20723945007679, "stop_id": ["8503210:0:1.link:451413", "8503210:0:1.link:451414", "8503210:0:2.link:451812"], "lines": [{"line_id": "91-8-C-j24-1", "route_id": "849.TA.91-8-C-j24-1.140.R", "mode": "rail", "line_name": "S8"}, {"line_id": "91-8-C-j24-1", "route_id": "872.TA.91-8-C-j24-1.144.R", "mode": "rail", "line_name": "S8"}, {"line_id": "91-8-C-j24-1", "route_id": "779.TA.91-8-C-j24-1.121.R", "mode": "rail", "line_name": "S8"}, {"line_id": "91-8-C-j24-1", "route_id": "882.TA.91-8-C-j24-1.145.R", "mode": "rail", "line_name": "S8"}, {"line_id": "91-8-C-j24-1", "route_id": "904.TA.91-8-C-j24-1.147.R", "mode": "rail", "line_name": "S8"}, {"line_id": "91-8-C-j24-1", "route_id": "1013.TA.91-8-C-j24-1.206.R", "mode": "rail", "line_name": "S8"}, {"line_id": "91-8-C-j24-1", "route_id": "1033.TA.91-8-C-j24-1.228.R", "mode": "rail", "line_name": "S8"}, {"line_id": "91-4H-Y-j24-1", "route_id": "287.TA.91-4H-Y-j24-1.729.H", "mode": "rail", "line_name": "S"}, {"line_id": "91-8-C-j24-1", "route_id": "274.TA.91-8-C-j24-1.11.H", "mode": "rail", "line_name": "S8"}, {"line_id": "91-8-C-j24-1", "route_id": "273.TA.91-8-C-j24-1.10.H", "mode": "rail", "line_name": "S8"}, {"line_id": "91-8-C-j24-1", "route_id": "376.TA.91-8-C-j24-1.31.H", "mode": "rail", "line_name": "S8"}, {"line_id": "91-8-C-j24-1", "route_id": "459.TA.91-8-C-j24-1.76.H", "mode": "rail", "line_name": "S8"}, {"line_id": "91-8-C-j24-1", "route_id": "407.TA.91-8-C-j24-1.718.H", "mode": "rail", "line_name": "S8"}, {"line_id": "91-8-C-j24-1", "route_id": "327.TA.91-8-C-j24-1.24.H", "mode": "rail", "line_name": "S8"}], "predominant_mode": "rail", "assigned_canton": "Schwyz", "modes_list": ["rail"]}, "geometry": {"type": "Point", "coordinates": [8.753897378297351, 47.20723946012253]}}, {"id": "9024", "type": "Feature", "properties": {"name": "Freienbach SOB", "lon": 8.759197432878814, "lat": 47.20402730332674, "stop_id": ["8503289:0:1.link:1510124", "8503289:0:1.link:1510125", "8503289:0:2.link:451408"], "lines": [{"line_id": "91-40-j24-1", "route_id": "291.TA.91-40-j24-1.155.R", "mode": "rail", "line_name": "S40"}, {"line_id": "91-VAE-j24-1", "route_id": "414.TA.91-VAE-j24-1.93.H", "mode": "rail", "line_name": "VAE"}, {"line_id": "91-40-j24-1", "route_id": "203.TA.91-40-j24-1.24.H", "mode": "rail", "line_name": "S40"}, {"line_id": "91-40-j24-1", "route_id": "154.TA.91-40-j24-1.20.H", "mode": "rail", "line_name": "S40"}, {"line_id": "91-40-j24-1", "route_id": "52.TA.91-40-j24-1.13.H", "mode": "rail", "line_name": "S40"}, {"line_id": "91-40-j24-1", "route_id": "218.TA.91-40-j24-1.24.H", "mode": "rail", "line_name": "S40"}, {"line_id": "91-40-j24-1", "route_id": "216.TA.91-40-j24-1.24.H", "mode": "rail", "line_name": "S40"}, {"line_id": "91-VAE-j24-1", "route_id": "904.TA.91-VAE-j24-1.98.R", "mode": "rail", "line_name": "VAE"}, {"line_id": "91-40-j24-1", "route_id": "83.TA.91-40-j24-1.15.H", "mode": "rail", "line_name": "S40"}, {"line_id": "91-40-j24-1", "route_id": "158.TA.91-40-j24-1.20.H", "mode": "rail", "line_name": "S40"}, {"line_id": "91-40-j24-1", "route_id": "171.TA.91-40-j24-1.20.H", "mode": "rail", "line_name": "S40"}, {"line_id": "91-40-j24-1", "route_id": "34.TA.91-40-j24-1.147.H", "mode": "rail", "line_name": "S40"}, {"line_id": "91-40-j24-1", "route_id": "147.TA.91-40-j24-1.19.H", "mode": "rail", "line_name": "S40"}, {"line_id": "91-40-j24-1", "route_id": "223.TA.91-40-j24-1.28.H", "mode": "rail", "line_name": "S40"}, {"line_id": "91-40-j24-1", "route_id": "124.TA.91-40-j24-1.150.H", "mode": "rail", "line_name": "S40"}, {"line_id": "91-40-j24-1", "route_id": "389.TA.91-40-j24-1.51.R", "mode": "rail", "line_name": "S40"}, {"line_id": "91-40-j24-1", "route_id": "333.TA.91-40-j24-1.49.R", "mode": "rail", "line_name": "S40"}, {"line_id": "91-40-j24-1", "route_id": "377.TA.91-40-j24-1.50.R", "mode": "rail", "line_name": "S40"}, {"line_id": "91-40-j24-1", "route_id": "369.TA.91-40-j24-1.50.R", "mode": "rail", "line_name": "S40"}, {"line_id": "91-40-j24-1", "route_id": "399.TA.91-40-j24-1.51.R", "mode": "rail", "line_name": "S40"}, {"line_id": "91-40-j24-1", "route_id": "468.TA.91-40-j24-1.156.R", "mode": "rail", "line_name": "S40"}, {"line_id": "91-40-j24-1", "route_id": "395.TA.91-40-j24-1.51.R", "mode": "rail", "line_name": "S40"}, {"line_id": "91-40-j24-1", "route_id": "279.TA.91-40-j24-1.80.R", "mode": "rail", "line_name": "S40"}, {"line_id": "91-40-j24-1", "route_id": "379.TA.91-40-j24-1.50.R", "mode": "rail", "line_name": "S40"}], "predominant_mode": "rail", "assigned_canton": "Schwyz", "modes_list": ["rail"]}, "geometry": {"type": "Point", "coordinates": [8.759197441534205, 47.20402731336976]}}, {"id": "9025", "type": "Feature", "properties": {"name": "Freienbach, Bahnhof SOB", "lon": 8.759374096222219, "lat": 47.204330419990654, "stop_id": ["8581273.link:1617738", "8581273.link:1617739"], "lines": [{"line_id": "92-189-j24-1", "route_id": "45.TA.92-189-j24-1.4.R", "mode": "bus", "line_name": "189"}, {"line_id": "92-189-j24-1", "route_id": "14.TA.92-189-j24-1.3.H", "mode": "bus", "line_name": "189"}], "predominant_mode": "bus", "assigned_canton": "Schwyz", "modes_list": ["bus"]}, "geometry": {"type": "Point", "coordinates": [8.759374104877683, 47.20433043003375]}}, {"id": "9026", "type": "Feature", "properties": {"name": "Freienbach, Chrummen", "lon": 8.752448086120864, "lat": 47.201370370099404, "stop_id": ["8581272.link:150358", "8581272.link:150359"], "lines": [{"line_id": "96-242-3-j24-1", "route_id": "115.TA.96-242-3-j24-1.10.R", "mode": "bus", "line_name": "180"}, {"line_id": "96-242-3-j24-1", "route_id": "102.TA.96-242-3-j24-1.6.R", "mode": "bus", "line_name": "180"}, {"line_id": "96-242-3-j24-1", "route_id": "157.TA.96-242-3-j24-1.9.R", "mode": "bus", "line_name": "180"}, {"line_id": "96-242-3-j24-1", "route_id": "112.TA.96-242-3-j24-1.7.R", "mode": "bus", "line_name": "180"}, {"line_id": "96-242-3-j24-1", "route_id": "78.TA.96-242-3-j24-1.4.R", "mode": "bus", "line_name": "180"}, {"line_id": "96-242-3-j24-1", "route_id": "154.TA.96-242-3-j24-1.8.R", "mode": "bus", "line_name": "180"}, {"line_id": "96-242-3-j24-1", "route_id": "23.TA.96-242-3-j24-1.1.H", "mode": "bus", "line_name": "180"}, {"line_id": "96-242-3-j24-1", "route_id": "36.TA.96-242-3-j24-1.2.H", "mode": "bus", "line_name": "180"}, {"line_id": "96-242-3-j24-1", "route_id": "62.TA.96-242-3-j24-1.3.H", "mode": "bus", "line_name": "180"}], "predominant_mode": "bus", "assigned_canton": "Schwyz", "modes_list": ["bus"]}, "geometry": {"type": "Point", "coordinates": [8.752448094770585, 47.20137038014351]}}, {"id": "9027", "type": "Feature", "properties": {"name": "Freienbach, Gehren", "lon": 8.757191196193245, "lat": 47.203488190024935, "stop_id": ["8581274.link:2598", "8581274.link:2599"], "lines": [{"line_id": "92-189-j24-1", "route_id": "45.TA.92-189-j24-1.4.R", "mode": "bus", "line_name": "189"}, {"line_id": "92-189-j24-1", "route_id": "14.TA.92-189-j24-1.3.H", "mode": "bus", "line_name": "189"}], "predominant_mode": "bus", "assigned_canton": "Schwyz", "modes_list": ["bus"]}, "geometry": {"type": "Point", "coordinates": [8.757191204846874, 47.203488200068364]}}, {"id": "9028", "type": "Feature", "properties": {"name": "Freienbach, Gr\u00fctze", "lon": 8.761826496225044, "lat": 47.20437313995211, "stop_id": ["8581267.link:1504888", "8581267.link:1504889"], "lines": [{"line_id": "96-242-3-j24-1", "route_id": "115.TA.96-242-3-j24-1.10.R", "mode": "bus", "line_name": "180"}, {"line_id": "96-242-3-j24-1", "route_id": "102.TA.96-242-3-j24-1.6.R", "mode": "bus", "line_name": "180"}, {"line_id": "96-242-3-j24-1", "route_id": "157.TA.96-242-3-j24-1.9.R", "mode": "bus", "line_name": "180"}, {"line_id": "96-242-3-j24-1", "route_id": "112.TA.96-242-3-j24-1.7.R", "mode": "bus", "line_name": "180"}, {"line_id": "96-242-3-j24-1", "route_id": "78.TA.96-242-3-j24-1.4.R", "mode": "bus", "line_name": "180"}, {"line_id": "92-189-j24-1", "route_id": "45.TA.92-189-j24-1.4.R", "mode": "bus", "line_name": "189"}, {"line_id": "96-242-3-j24-1", "route_id": "154.TA.96-242-3-j24-1.8.R", "mode": "bus", "line_name": "180"}, {"line_id": "96-242-3-j24-1", "route_id": "23.TA.96-242-3-j24-1.1.H", "mode": "bus", "line_name": "180"}, {"line_id": "96-242-3-j24-1", "route_id": "36.TA.96-242-3-j24-1.2.H", "mode": "bus", "line_name": "180"}, {"line_id": "92-189-j24-1", "route_id": "14.TA.92-189-j24-1.3.H", "mode": "bus", "line_name": "189"}, {"line_id": "96-242-3-j24-1", "route_id": "62.TA.96-242-3-j24-1.3.H", "mode": "bus", "line_name": "180"}], "predominant_mode": "bus", "assigned_canton": "Schwyz", "modes_list": ["bus"]}, "geometry": {"type": "Point", "coordinates": [8.761826504882851, 47.20437314999449]}}, {"id": "9029", "type": "Feature", "properties": {"name": "Freienbach, Kirche", "lon": 8.759715456255728, "lat": 47.205343509985305, "stop_id": ["8581268.link:1504886", "8581268.link:957485"], "lines": [{"line_id": "96-242-3-j24-1", "route_id": "115.TA.96-242-3-j24-1.10.R", "mode": "bus", "line_name": "180"}, {"line_id": "96-242-3-j24-1", "route_id": "102.TA.96-242-3-j24-1.6.R", "mode": "bus", "line_name": "180"}, {"line_id": "96-242-3-j24-1", "route_id": "157.TA.96-242-3-j24-1.9.R", "mode": "bus", "line_name": "180"}, {"line_id": "96-242-3-j24-1", "route_id": "112.TA.96-242-3-j24-1.7.R", "mode": "bus", "line_name": "180"}, {"line_id": "96-242-3-j24-1", "route_id": "78.TA.96-242-3-j24-1.4.R", "mode": "bus", "line_name": "180"}, {"line_id": "96-242-3-j24-1", "route_id": "154.TA.96-242-3-j24-1.8.R", "mode": "bus", "line_name": "180"}, {"line_id": "96-242-3-j24-1", "route_id": "23.TA.96-242-3-j24-1.1.H", "mode": "bus", "line_name": "180"}, {"line_id": "96-242-3-j24-1", "route_id": "36.TA.96-242-3-j24-1.2.H", "mode": "bus", "line_name": "180"}, {"line_id": "96-242-3-j24-1", "route_id": "62.TA.96-242-3-j24-1.3.H", "mode": "bus", "line_name": "180"}], "predominant_mode": "bus", "assigned_canton": "Schwyz", "modes_list": ["bus"]}, "geometry": {"type": "Point", "coordinates": [8.759715464911208, 47.20534352002864]}}, {"id": "9030", "type": "Feature", "properties": {"name": "Freienbach, Leutschen", "lon": 8.753382336201469, "lat": 47.20380556008479, "stop_id": ["8581271.link:140066", "8581271.link:140067"], "lines": [{"line_id": "96-242-3-j24-1", "route_id": "115.TA.96-242-3-j24-1.10.R", "mode": "bus", "line_name": "180"}, {"line_id": "96-242-3-j24-1", "route_id": "102.TA.96-242-3-j24-1.6.R", "mode": "bus", "line_name": "180"}, {"line_id": "92-189-j24-1", "route_id": "14.TA.92-189-j24-1.3.H", "mode": "bus", "line_name": "189"}, {"line_id": "96-242-3-j24-1", "route_id": "157.TA.96-242-3-j24-1.9.R", "mode": "bus", "line_name": "180"}, {"line_id": "96-242-3-j24-1", "route_id": "112.TA.96-242-3-j24-1.7.R", "mode": "bus", "line_name": "180"}, {"line_id": "96-242-3-j24-1", "route_id": "78.TA.96-242-3-j24-1.4.R", "mode": "bus", "line_name": "180"}, {"line_id": "96-242-3-j24-1", "route_id": "154.TA.96-242-3-j24-1.8.R", "mode": "bus", "line_name": "180"}, {"line_id": "96-242-3-j24-1", "route_id": "62.TA.96-242-3-j24-1.3.H", "mode": "bus", "line_name": "180"}, {"line_id": "96-242-3-j24-1", "route_id": "36.TA.96-242-3-j24-1.2.H", "mode": "bus", "line_name": "180"}, {"line_id": "92-189-j24-1", "route_id": "45.TA.92-189-j24-1.4.R", "mode": "bus", "line_name": "189"}, {"line_id": "96-242-3-j24-1", "route_id": "23.TA.96-242-3-j24-1.1.H", "mode": "bus", "line_name": "180"}], "predominant_mode": "bus", "assigned_canton": "Schwyz", "modes_list": ["bus"]}, "geometry": {"type": "Point", "coordinates": [8.753382344851333, 47.20380557012944]}}, {"id": "9031", "type": "Feature", "properties": {"name": "Freienbach, Obstgarten", "lon": 8.744749526255681, "lat": 47.205605940220465, "stop_id": ["8592291.link:1594094", "8592291.link:1594095"], "lines": [{"line_id": "92-189-j24-1", "route_id": "45.TA.92-189-j24-1.4.R", "mode": "bus", "line_name": "189"}, {"line_id": "92-189-j24-1", "route_id": "14.TA.92-189-j24-1.3.H", "mode": "bus", "line_name": "189"}], "predominant_mode": "bus", "assigned_canton": "Schwyz", "modes_list": ["bus"]}, "geometry": {"type": "Point", "coordinates": [8.744749534896684, 47.20560595026833]}}, {"id": "9032", "type": "Feature", "properties": {"name": "Freienbach, Oechsli", "lon": 8.753867426267197, "lat": 47.20579512007722, "stop_id": ["8581270.link:1072094", "8581270.link:1072095"], "lines": [{"line_id": "96-242-3-j24-1", "route_id": "115.TA.96-242-3-j24-1.10.R", "mode": "bus", "line_name": "180"}, {"line_id": "96-242-3-j24-1", "route_id": "102.TA.96-242-3-j24-1.6.R", "mode": "bus", "line_name": "180"}, {"line_id": "92-189-j24-1", "route_id": "14.TA.92-189-j24-1.3.H", "mode": "bus", "line_name": "189"}, {"line_id": "96-242-3-j24-1", "route_id": "157.TA.96-242-3-j24-1.9.R", "mode": "bus", "line_name": "180"}, {"line_id": "96-242-3-j24-1", "route_id": "112.TA.96-242-3-j24-1.7.R", "mode": "bus", "line_name": "180"}, {"line_id": "96-242-3-j24-1", "route_id": "78.TA.96-242-3-j24-1.4.R", "mode": "bus", "line_name": "180"}, {"line_id": "96-242-3-j24-1", "route_id": "154.TA.96-242-3-j24-1.8.R", "mode": "bus", "line_name": "180"}, {"line_id": "96-242-3-j24-1", "route_id": "62.TA.96-242-3-j24-1.3.H", "mode": "bus", "line_name": "180"}, {"line_id": "96-242-3-j24-1", "route_id": "36.TA.96-242-3-j24-1.2.H", "mode": "bus", "line_name": "180"}, {"line_id": "92-189-j24-1", "route_id": "45.TA.92-189-j24-1.4.R", "mode": "bus", "line_name": "189"}, {"line_id": "96-242-3-j24-1", "route_id": "23.TA.96-242-3-j24-1.1.H", "mode": "bus", "line_name": "180"}], "predominant_mode": "bus", "assigned_canton": "Schwyz", "modes_list": ["bus"]}, "geometry": {"type": "Point", "coordinates": [8.753867434916911, 47.20579513012242]}}, {"id": "9033", "type": "Feature", "properties": {"name": "Freienbach, Sarenbach", "lon": 8.764943656204768, "lat": 47.203701799903115, "stop_id": ["8502534.link:1504898", "8502534.link:1504899"], "lines": [{"line_id": "96-242-3-j24-1", "route_id": "115.TA.96-242-3-j24-1.10.R", "mode": "bus", "line_name": "180"}, {"line_id": "96-242-3-j24-1", "route_id": "102.TA.96-242-3-j24-1.6.R", "mode": "bus", "line_name": "180"}, {"line_id": "96-242-3-j24-1", "route_id": "157.TA.96-242-3-j24-1.9.R", "mode": "bus", "line_name": "180"}, {"line_id": "96-242-3-j24-1", "route_id": "112.TA.96-242-3-j24-1.7.R", "mode": "bus", "line_name": "180"}, {"line_id": "96-242-3-j24-1", "route_id": "78.TA.96-242-3-j24-1.4.R", "mode": "bus", "line_name": "180"}, {"line_id": "92-189-j24-1", "route_id": "45.TA.92-189-j24-1.4.R", "mode": "bus", "line_name": "189"}, {"line_id": "96-242-3-j24-1", "route_id": "154.TA.96-242-3-j24-1.8.R", "mode": "bus", "line_name": "180"}, {"line_id": "96-242-3-j24-1", "route_id": "23.TA.96-242-3-j24-1.1.H", "mode": "bus", "line_name": "180"}, {"line_id": "96-242-3-j24-1", "route_id": "36.TA.96-242-3-j24-1.2.H", "mode": "bus", "line_name": "180"}, {"line_id": "92-189-j24-1", "route_id": "14.TA.92-189-j24-1.3.H", "mode": "bus", "line_name": "189"}, {"line_id": "96-242-3-j24-1", "route_id": "62.TA.96-242-3-j24-1.3.H", "mode": "bus", "line_name": "180"}], "predominant_mode": "bus", "assigned_canton": "Schwyz", "modes_list": ["bus"]}, "geometry": {"type": "Point", "coordinates": [8.764943664865783, 47.203701809944356]}}, {"id": "9034", "type": "Feature", "properties": {"name": "Freienbach, Seeberg", "lon": 8.750346026283434, "lat": 47.206350480132514, "stop_id": ["8592292.link:1245920", "8592292.link:1245921"], "lines": [{"line_id": "92-189-j24-1", "route_id": "45.TA.92-189-j24-1.4.R", "mode": "bus", "line_name": "189"}, {"line_id": "92-189-j24-1", "route_id": "14.TA.92-189-j24-1.3.H", "mode": "bus", "line_name": "189"}], "predominant_mode": "bus", "assigned_canton": "Schwyz", "modes_list": ["bus"]}, "geometry": {"type": "Point", "coordinates": [8.750346034929592, 47.206350490179005]}}, {"id": "9035", "type": "Feature", "properties": {"name": "Freienbach, Stationsweg", "lon": 8.753993186303406, "lat": 47.20689363007528, "stop_id": ["8592293.link:1245926", "8592293.link:1245927"], "lines": [{"line_id": "92-189-j24-1", "route_id": "45.TA.92-189-j24-1.4.R", "mode": "bus", "line_name": "189"}, {"line_id": "92-189-j24-1", "route_id": "14.TA.92-189-j24-1.3.H", "mode": "bus", "line_name": "189"}], "predominant_mode": "bus", "assigned_canton": "Schwyz", "modes_list": ["bus"]}, "geometry": {"type": "Point", "coordinates": [8.753993194952898, 47.20689364012087]}}, {"id": "9036", "type": "Feature", "properties": {"name": "Freienbach, alte Post", "lon": 8.756481526295197, "lat": 47.20660070003615, "stop_id": ["8581269.link:1245911", "8581269.link:1504878"], "lines": [{"line_id": "96-242-3-j24-1", "route_id": "23.TA.96-242-3-j24-1.1.H", "mode": "bus", "line_name": "180"}, {"line_id": "96-242-3-j24-1", "route_id": "36.TA.96-242-3-j24-1.2.H", "mode": "bus", "line_name": "180"}, {"line_id": "96-242-3-j24-1", "route_id": "62.TA.96-242-3-j24-1.3.H", "mode": "bus", "line_name": "180"}, {"line_id": "96-242-3-j24-1", "route_id": "115.TA.96-242-3-j24-1.10.R", "mode": "bus", "line_name": "180"}, {"line_id": "96-242-3-j24-1", "route_id": "102.TA.96-242-3-j24-1.6.R", "mode": "bus", "line_name": "180"}, {"line_id": "96-242-3-j24-1", "route_id": "157.TA.96-242-3-j24-1.9.R", "mode": "bus", "line_name": "180"}, {"line_id": "96-242-3-j24-1", "route_id": "112.TA.96-242-3-j24-1.7.R", "mode": "bus", "line_name": "180"}, {"line_id": "96-242-3-j24-1", "route_id": "78.TA.96-242-3-j24-1.4.R", "mode": "bus", "line_name": "180"}, {"line_id": "96-242-3-j24-1", "route_id": "154.TA.96-242-3-j24-1.8.R", "mode": "bus", "line_name": "180"}], "predominant_mode": "bus", "assigned_canton": "Schwyz", "modes_list": ["bus"]}, "geometry": {"type": "Point", "coordinates": [8.756481534947179, 47.20660071008087]}}, {"id": "9183", "type": "Feature", "properties": {"name": "Fronalpstock", "lon": 8.637409828459809, "lat": 46.96959127189202, "stop_id": ["8530392.link:pt_8530392"], "lines": [{"line_id": "93-257-8-j24-1", "route_id": "1293.TA.93-257-8-j24-1.2.R", "mode": "cable car", "line_name": "2578"}, {"line_id": "93-257-8-j24-1", "route_id": "374.TA.93-257-8-j24-1.1.H", "mode": "cable car", "line_name": "2578"}], "predominant_mode": "cable car", "assigned_canton": "Schwyz", "modes_list": ["cable car"]}, "geometry": {"type": "Point", "coordinates": [8.6374098370676, 46.96959128188561]}}, {"id": "9214", "type": "Feature", "properties": {"name": "Fruttli", "lon": 8.504971200619917, "lat": 47.03839891397833, "stop_id": ["8505065.link:1398416", "8505065.link:1398417"], "lines": [{"line_id": "93-81-j24-1", "route_id": "14.TA.93-81-j24-1.14.H", "mode": "rail", "line_name": "81"}, {"line_id": "93-81-j24-1", "route_id": "4.TA.93-81-j24-1.14.H", "mode": "rail", "line_name": "81"}, {"line_id": "93-81-j24-1", "route_id": "16.TA.93-81-j24-1.16.R", "mode": "rail", "line_name": "81"}, {"line_id": "93-81-j24-1", "route_id": "26.TA.93-81-j24-1.16.R", "mode": "rail", "line_name": "81"}], "predominant_mode": "rail", "assigned_canton": "Schwyz", "modes_list": ["rail"]}, "geometry": {"type": "Point", "coordinates": [8.504971209077263, 47.038398924035604]}}, {"id": "9357", "type": "Feature", "properties": {"name": "Galgenen, Diga", "lon": 8.866857525653453, "lat": 47.18520007830084, "stop_id": ["8573833.link:494096", "8573833.link:494097"], "lines": [{"line_id": "96-241-1-j24-1", "route_id": "195.TA.96-241-1-j24-1.22.R", "mode": "bus", "line_name": "522"}, {"line_id": "96-240-3-j24-1", "route_id": "400.TA.96-240-3-j24-1.25.R", "mode": "bus", "line_name": "521"}, {"line_id": "96-240-3-j24-1", "route_id": "491.TA.96-240-3-j24-1.27.R", "mode": "bus", "line_name": "521"}, {"line_id": "96-240-3-j24-1", "route_id": "481.TA.96-240-3-j24-1.26.R", "mode": "bus", "line_name": "521"}, {"line_id": "96-241-1-j24-1", "route_id": "238.TA.96-241-1-j24-1.23.R", "mode": "bus", "line_name": "522"}, {"line_id": "96-241-1-j24-1", "route_id": "106.TA.96-241-1-j24-1.40.H", "mode": "bus", "line_name": "522"}, {"line_id": "96-240-3-j24-1", "route_id": "133.TA.96-240-3-j24-1.20.H", "mode": "bus", "line_name": "521"}, {"line_id": "96-241-1-j24-1", "route_id": "71.TA.96-241-1-j24-1.38.H", "mode": "bus", "line_name": "522"}, {"line_id": "96-240-3-j24-1", "route_id": "168.TA.96-240-3-j24-1.21.H", "mode": "bus", "line_name": "521"}, {"line_id": "96-240-3-j24-1", "route_id": "236.TA.96-240-3-j24-1.22.H", "mode": "bus", "line_name": "521"}], "predominant_mode": "bus", "assigned_canton": "Schwyz", "modes_list": ["bus"]}, "geometry": {"type": "Point", "coordinates": [8.866857534417825, 47.18520008830537]}}, {"id": "9358", "type": "Feature", "properties": {"name": "Galgenen, Hornbach", "lon": 8.879874105515217, "lat": 47.18077971809611, "stop_id": ["8582618.link:1613145", "8582618.link:1613146"], "lines": [{"line_id": "96-241-1-j24-1", "route_id": "195.TA.96-241-1-j24-1.22.R", "mode": "bus", "line_name": "522"}, {"line_id": "96-240-3-j24-1", "route_id": "400.TA.96-240-3-j24-1.25.R", "mode": "bus", "line_name": "521"}, {"line_id": "96-240-3-j24-1", "route_id": "491.TA.96-240-3-j24-1.27.R", "mode": "bus", "line_name": "521"}, {"line_id": "96-240-3-j24-1", "route_id": "481.TA.96-240-3-j24-1.26.R", "mode": "bus", "line_name": "521"}, {"line_id": "96-241-1-j24-1", "route_id": "238.TA.96-241-1-j24-1.23.R", "mode": "bus", "line_name": "522"}, {"line_id": "96-241-1-j24-1", "route_id": "106.TA.96-241-1-j24-1.40.H", "mode": "bus", "line_name": "522"}, {"line_id": "96-240-3-j24-1", "route_id": "133.TA.96-240-3-j24-1.20.H", "mode": "bus", "line_name": "521"}, {"line_id": "96-241-1-j24-1", "route_id": "71.TA.96-241-1-j24-1.38.H", "mode": "bus", "line_name": "522"}, {"line_id": "96-240-3-j24-1", "route_id": "168.TA.96-240-3-j24-1.21.H", "mode": "bus", "line_name": "521"}, {"line_id": "96-240-3-j24-1", "route_id": "236.TA.96-240-3-j24-1.22.H", "mode": "bus", "line_name": "521"}], "predominant_mode": "bus", "assigned_canton": "Schwyz", "modes_list": ["bus"]}, "geometry": {"type": "Point", "coordinates": [8.879874114293383, 47.180779728095274]}}, {"id": "9359", "type": "Feature", "properties": {"name": "Galgenen, Kirche", "lon": 8.874529135572132, "lat": 47.18259918818021, "stop_id": ["8503638.link:45578", "8503638.link:45579"], "lines": [{"line_id": "96-241-1-j24-1", "route_id": "195.TA.96-241-1-j24-1.22.R", "mode": "bus", "line_name": "522"}, {"line_id": "96-240-3-j24-1", "route_id": "400.TA.96-240-3-j24-1.25.R", "mode": "bus", "line_name": "521"}, {"line_id": "96-240-3-j24-1", "route_id": "491.TA.96-240-3-j24-1.27.R", "mode": "bus", "line_name": "521"}, {"line_id": "96-240-3-j24-1", "route_id": "481.TA.96-240-3-j24-1.26.R", "mode": "bus", "line_name": "521"}, {"line_id": "96-241-1-j24-1", "route_id": "238.TA.96-241-1-j24-1.23.R", "mode": "bus", "line_name": "522"}, {"line_id": "96-241-1-j24-1", "route_id": "106.TA.96-241-1-j24-1.40.H", "mode": "bus", "line_name": "522"}, {"line_id": "96-240-3-j24-1", "route_id": "133.TA.96-240-3-j24-1.20.H", "mode": "bus", "line_name": "521"}, {"line_id": "96-241-1-j24-1", "route_id": "71.TA.96-241-1-j24-1.38.H", "mode": "bus", "line_name": "522"}, {"line_id": "96-240-3-j24-1", "route_id": "168.TA.96-240-3-j24-1.21.H", "mode": "bus", "line_name": "521"}, {"line_id": "96-240-3-j24-1", "route_id": "236.TA.96-240-3-j24-1.22.H", "mode": "bus", "line_name": "521"}], "predominant_mode": "bus", "assigned_canton": "Schwyz", "modes_list": ["bus"]}, "geometry": {"type": "Point", "coordinates": [8.87452914434463, 47.18259919818162]}}, {"id": "9710", "type": "Feature", "properties": {"name": "Gersau (See)", "lon": 8.526054659074187, "lat": 46.99065587364307, "stop_id": ["8508468.link:pt_8508468"], "lines": [{"line_id": "94-360-0-j24-1", "route_id": "88.TA.94-360-0-j24-1.39.R", "mode": "ferry", "line_name": "3600"}, {"line_id": "94-360-0-j24-1", "route_id": "104.TA.94-360-0-j24-1.43.R", "mode": "ferry", "line_name": "3600"}, {"line_id": "94-360-0-j24-1", "route_id": "98.TA.94-360-0-j24-1.42.R", "mode": "ferry", "line_name": "3600"}, {"line_id": "94-360-0-j24-1", "route_id": "112.TA.94-360-0-j24-1.44.R", "mode": "ferry", "line_name": "3600"}, {"line_id": "94-360-0-j24-1", "route_id": "40.TA.94-360-0-j24-1.22.H", "mode": "ferry", "line_name": "3600"}, {"line_id": "94-360-0-j24-1", "route_id": "46.TA.94-360-0-j24-1.23.H", "mode": "ferry", "line_name": "3600"}, {"line_id": "94-360-0-j24-1", "route_id": "55.TA.94-360-0-j24-1.24.H", "mode": "ferry", "line_name": "3600"}, {"line_id": "94-360-0-j24-1", "route_id": "90.TA.94-360-0-j24-1.41.R", "mode": "ferry", "line_name": "3600"}, {"line_id": "94-360-0-j24-1", "route_id": "35.TA.94-360-0-j24-1.20.H", "mode": "ferry", "line_name": "3600"}], "predominant_mode": "ferry", "assigned_canton": "Schwyz", "modes_list": ["ferry"]}, "geometry": {"type": "Point", "coordinates": [8.526054667566234, 46.99065588367651]}}, {"id": "9711", "type": "Feature", "properties": {"name": "Gersau F\u00f6rstli (F\u00e4hre)", "lon": 8.502842199102597, "lat": 46.992010044007735, "stop_id": ["8530722.link:pt_8530722"], "lines": [{"line_id": "94-Q-Y-j24-1", "route_id": "13.TA.94-Q-Y-j24-1.2.R", "mode": "ferry", "line_name": "FAE"}, {"line_id": "94-Q-Y-j24-1", "route_id": "10.TA.94-Q-Y-j24-1.1.H", "mode": "ferry", "line_name": "FAE"}], "predominant_mode": "ferry", "assigned_canton": "Schwyz", "modes_list": ["ferry"]}, "geometry": {"type": "Point", "coordinates": [8.502842207571295, 46.99201005404825]}}, {"id": "9712", "type": "Feature", "properties": {"name": "Gersau Gschwend", "lon": 8.540670249812688, "lat": 47.01296781341553, "stop_id": ["8530797.link:pt_8530797"], "lines": [{"line_id": "93-8M-Y-j24-1", "route_id": "5.TA.93-8M-Y-j24-1.1.H", "mode": "cable car", "line_name": "PB"}, {"line_id": "93-8M-Y-j24-1", "route_id": "27.TA.93-8M-Y-j24-1.2.R", "mode": "cable car", "line_name": "PB"}], "predominant_mode": "cable car", "assigned_canton": "Schwyz", "modes_list": ["cable car"]}, "geometry": {"type": "Point", "coordinates": [8.54067025831268, 47.01296782345322]}}, {"id": "9713", "type": "Feature", "properties": {"name": "Gersau, Altes Rathaus", "lon": 8.52708772910406, "lat": 46.99155049362694, "stop_id": ["8509538.link:249203", "8509538.link:249204", "8509538.link:332423"], "lines": [{"line_id": "92-535-j24-1", "route_id": "48.TA.92-535-j24-1.6.R", "mode": "bus", "line_name": "535"}, {"line_id": "92-535-j24-1", "route_id": "4.TA.92-535-j24-1.2.H", "mode": "bus", "line_name": "535"}, {"line_id": "92-535-j24-1", "route_id": "7.TA.92-535-j24-1.3.H", "mode": "bus", "line_name": "535"}], "predominant_mode": "bus", "assigned_canton": "Schwyz", "modes_list": ["bus"]}, "geometry": {"type": "Point", "coordinates": [8.527087737596867, 46.991550503660385]}}, {"id": "9714", "type": "Feature", "properties": {"name": "Gersau, Brand", "lon": 8.528318419453017, "lat": 47.0022112136086, "stop_id": ["8588460.link:1316241", "8588460.link:1316242"], "lines": [{"line_id": "92-535-j24-1", "route_id": "4.TA.92-535-j24-1.2.H", "mode": "bus", "line_name": "535"}, {"line_id": "92-535-j24-1", "route_id": "7.TA.92-535-j24-1.3.H", "mode": "bus", "line_name": "535"}, {"line_id": "92-535-j24-1", "route_id": "33.TA.92-535-j24-1.5.R", "mode": "bus", "line_name": "535"}, {"line_id": "92-535-j24-1", "route_id": "48.TA.92-535-j24-1.6.R", "mode": "bus", "line_name": "535"}], "predominant_mode": "bus", "assigned_canton": "Schwyz", "modes_list": ["bus"]}, "geometry": {"type": "Point", "coordinates": [8.528318427943947, 47.002211223645766]}}, {"id": "9715", "type": "Feature", "properties": {"name": "Gersau, Felsenegg", "lon": 8.517511679177394, "lat": 46.99399529377754, "stop_id": ["8591890.link:1101520", "8591890.link:1101521"], "lines": [{"line_id": "92-502-A-j24-1", "route_id": "493.TA.92-502-A-j24-1.818.H", "mode": "bus", "line_name": "502"}, {"line_id": "92-502-A-j24-1", "route_id": "945.TA.92-502-A-j24-1.795.H", "mode": "bus", "line_name": "502"}, {"line_id": "92-502-A-j24-1", "route_id": "450.TA.92-502-A-j24-1.817.H", "mode": "bus", "line_name": "502"}, {"line_id": "92-502-A-j24-1", "route_id": "515.TA.92-502-A-j24-1.818.H", "mode": "bus", "line_name": "502"}, {"line_id": "92-502-A-j24-1", "route_id": "931.TA.92-502-A-j24-1.795.H", "mode": "bus", "line_name": "502"}, {"line_id": "92-502-A-j24-1", "route_id": "355.TA.92-502-A-j24-1.816.H", "mode": "bus", "line_name": "502"}, {"line_id": "92-502-A-j24-1", "route_id": "527.TA.92-502-A-j24-1.818.H", "mode": "bus", "line_name": "502"}, {"line_id": "92-502-A-j24-1", "route_id": "1803.TA.92-502-A-j24-1.827.R", "mode": "bus", "line_name": "502"}, {"line_id": "92-502-A-j24-1", "route_id": "1594.TA.92-502-A-j24-1.826.R", "mode": "bus", "line_name": "502"}, {"line_id": "92-502-A-j24-1", "route_id": "2143.TA.92-502-A-j24-1.811.R", "mode": "bus", "line_name": "502"}, {"line_id": "92-502-A-j24-1", "route_id": "1820.TA.92-502-A-j24-1.828.R", "mode": "bus", "line_name": "502"}, {"line_id": "92-502-A-j24-1", "route_id": "1810.TA.92-502-A-j24-1.828.R", "mode": "bus", "line_name": "502"}], "predominant_mode": "bus", "assigned_canton": "Schwyz", "modes_list": ["bus"]}, "geometry": {"type": "Point", "coordinates": [8.517511687660027, 46.99399530381462]}}, {"id": "9716", "type": "Feature", "properties": {"name": "Gersau, F\u00f6rstli", "lon": 8.50396508911516, "lat": 46.99237156399014, "stop_id": ["8577224.link:171840", "8577224.link:171841"], "lines": [{"line_id": "92-502-A-j24-1", "route_id": "493.TA.92-502-A-j24-1.818.H", "mode": "bus", "line_name": "502"}, {"line_id": "92-502-A-j24-1", "route_id": "945.TA.92-502-A-j24-1.795.H", "mode": "bus", "line_name": "502"}, {"line_id": "92-502-A-j24-1", "route_id": "450.TA.92-502-A-j24-1.817.H", "mode": "bus", "line_name": "502"}, {"line_id": "92-502-A-j24-1", "route_id": "515.TA.92-502-A-j24-1.818.H", "mode": "bus", "line_name": "502"}, {"line_id": "92-502-A-j24-1", "route_id": "931.TA.92-502-A-j24-1.795.H", "mode": "bus", "line_name": "502"}, {"line_id": "92-502-A-j24-1", "route_id": "355.TA.92-502-A-j24-1.816.H", "mode": "bus", "line_name": "502"}, {"line_id": "92-502-A-j24-1", "route_id": "527.TA.92-502-A-j24-1.818.H", "mode": "bus", "line_name": "502"}, {"line_id": "92-502-A-j24-1", "route_id": "1803.TA.92-502-A-j24-1.827.R", "mode": "bus", "line_name": "502"}, {"line_id": "92-502-A-j24-1", "route_id": "1594.TA.92-502-A-j24-1.826.R", "mode": "bus", "line_name": "502"}, {"line_id": "92-502-A-j24-1", "route_id": "2143.TA.92-502-A-j24-1.811.R", "mode": "bus", "line_name": "502"}, {"line_id": "92-502-A-j24-1", "route_id": "1820.TA.92-502-A-j24-1.828.R", "mode": "bus", "line_name": "502"}, {"line_id": "92-502-A-j24-1", "route_id": "1810.TA.92-502-A-j24-1.828.R", "mode": "bus", "line_name": "502"}], "predominant_mode": "bus", "assigned_canton": "Schwyz", "modes_list": ["bus"]}, "geometry": {"type": "Point", "coordinates": [8.503965097584862, 46.992371574030486]}}, {"id": "9717", "type": "Feature", "properties": {"name": "Gersau, Gibel", "lon": 8.527878239497552, "lat": 47.003583473615585, "stop_id": ["8507429.link:835916", "8507429.link:835917"], "lines": [{"line_id": "92-535-j24-1", "route_id": "4.TA.92-535-j24-1.2.H", "mode": "bus", "line_name": "535"}, {"line_id": "92-535-j24-1", "route_id": "7.TA.92-535-j24-1.3.H", "mode": "bus", "line_name": "535"}, {"line_id": "92-535-j24-1", "route_id": "33.TA.92-535-j24-1.5.R", "mode": "bus", "line_name": "535"}, {"line_id": "92-535-j24-1", "route_id": "48.TA.92-535-j24-1.6.R", "mode": "bus", "line_name": "535"}], "predominant_mode": "bus", "assigned_canton": "Schwyz", "modes_list": ["bus"]}, "geometry": {"type": "Point", "coordinates": [8.527878247987644, 47.003583483653394]}}, {"id": "9718", "type": "Feature", "properties": {"name": "Gersau, Huob", "lon": 8.523674129311427, "lat": 46.99797168368116, "stop_id": ["8510015.link:1200753", "8510015.link:1200754"], "lines": [{"line_id": "92-535-j24-1", "route_id": "4.TA.92-535-j24-1.2.H", "mode": "bus", "line_name": "535"}, {"line_id": "92-535-j24-1", "route_id": "7.TA.92-535-j24-1.3.H", "mode": "bus", "line_name": "535"}, {"line_id": "92-535-j24-1", "route_id": "33.TA.92-535-j24-1.5.R", "mode": "bus", "line_name": "535"}, {"line_id": "92-535-j24-1", "route_id": "48.TA.92-535-j24-1.6.R", "mode": "bus", "line_name": "535"}], "predominant_mode": "bus", "assigned_canton": "Schwyz", "modes_list": ["bus"]}, "geometry": {"type": "Point", "coordinates": [8.523674137798997, 46.99797169371804]}}, {"id": "9719", "type": "Feature", "properties": {"name": "Gersau, Kindli-Strandbad", "lon": 8.547955589039258, "lat": 46.98913621329897, "stop_id": ["8577445.link:68771", "8577445.link:68772"], "lines": [{"line_id": "92-502-A-j24-1", "route_id": "493.TA.92-502-A-j24-1.818.H", "mode": "bus", "line_name": "502"}, {"line_id": "92-508-A-j24-1", "route_id": "375.TA.92-508-A-j24-1.12.H", "mode": "bus", "line_name": "508"}, {"line_id": "92-502-A-j24-1", "route_id": "945.TA.92-502-A-j24-1.795.H", "mode": "bus", "line_name": "502"}, {"line_id": "92-502-A-j24-1", "route_id": "325.TA.92-502-A-j24-1.16.H", "mode": "bus", "line_name": "502"}, {"line_id": "92-508-A-j24-1", "route_id": "239.TA.92-508-A-j24-1.11.H", "mode": "bus", "line_name": "508"}, {"line_id": "92-502-A-j24-1", "route_id": "1604.TA.92-502-A-j24-1.607.R", "mode": "bus", "line_name": "502"}, {"line_id": "92-502-A-j24-1", "route_id": "450.TA.92-502-A-j24-1.817.H", "mode": "bus", "line_name": "502"}, {"line_id": "92-502-A-j24-1", "route_id": "515.TA.92-502-A-j24-1.818.H", "mode": "bus", "line_name": "502"}, {"line_id": "92-508-A-j24-1", "route_id": "231.TA.92-508-A-j24-1.11.H", "mode": "bus", "line_name": "508"}, {"line_id": "92-508-A-j24-1", "route_id": "336.TA.92-508-A-j24-1.12.H", "mode": "bus", "line_name": "508"}, {"line_id": "92-508-A-j24-1", "route_id": "324.TA.92-508-A-j24-1.12.H", "mode": "bus", "line_name": "508"}, {"line_id": "92-502-A-j24-1", "route_id": "931.TA.92-502-A-j24-1.795.H", "mode": "bus", "line_name": "502"}, {"line_id": "92-502-A-j24-1", "route_id": "527.TA.92-502-A-j24-1.818.H", "mode": "bus", "line_name": "502"}, {"line_id": "92-502-A-j24-1", "route_id": "1803.TA.92-502-A-j24-1.827.R", "mode": "bus", "line_name": "502"}, {"line_id": "92-502-A-j24-1", "route_id": "1594.TA.92-502-A-j24-1.826.R", "mode": "bus", "line_name": "502"}, {"line_id": "92-502-A-j24-1", "route_id": "2143.TA.92-502-A-j24-1.811.R", "mode": "bus", "line_name": "502"}, {"line_id": "92-508-A-j24-1", "route_id": "772.TA.92-508-A-j24-1.26.R", "mode": "bus", "line_name": "508"}, {"line_id": "92-508-A-j24-1", "route_id": "652.TA.92-508-A-j24-1.129.R", "mode": "bus", "line_name": "508"}, {"line_id": "92-502-A-j24-1", "route_id": "1820.TA.92-502-A-j24-1.828.R", "mode": "bus", "line_name": "502"}, {"line_id": "92-508-A-j24-1", "route_id": "801.TA.92-508-A-j24-1.26.R", "mode": "bus", "line_name": "508"}, {"line_id": "92-508-A-j24-1", "route_id": "711.TA.92-508-A-j24-1.24.R", "mode": "bus", "line_name": "508"}, {"line_id": "92-502-A-j24-1", "route_id": "1810.TA.92-502-A-j24-1.828.R", "mode": "bus", "line_name": "502"}, {"line_id": "92-502-A-j24-1", "route_id": "1510.TA.92-502-A-j24-1.602.R", "mode": "bus", "line_name": "502"}, {"line_id": "92-508-A-j24-1", "route_id": "848.TA.92-508-A-j24-1.26.R", "mode": "bus", "line_name": "508"}, {"line_id": "92-508-A-j24-1", "route_id": "728.TA.92-508-A-j24-1.24.R", "mode": "bus", "line_name": "508"}], "predominant_mode": "bus", "assigned_canton": "Schwyz", "modes_list": ["bus"]}, "geometry": {"type": "Point", "coordinates": [8.547955597553367, 46.98913622332559]}}, {"id": "9720", "type": "Feature", "properties": {"name": "Gersau, Mittel Gschwend", "lon": 8.538819719755011, "lat": 47.01124053344443, "stop_id": ["8507435.link:365166", "8507435.link:365167"], "lines": [{"line_id": "92-535-j24-1", "route_id": "4.TA.92-535-j24-1.2.H", "mode": "bus", "line_name": "535"}, {"line_id": "92-535-j24-1", "route_id": "7.TA.92-535-j24-1.3.H", "mode": "bus", "line_name": "535"}, {"line_id": "92-535-j24-1", "route_id": "33.TA.92-535-j24-1.5.R", "mode": "bus", "line_name": "535"}, {"line_id": "92-535-j24-1", "route_id": "48.TA.92-535-j24-1.6.R", "mode": "bus", "line_name": "535"}], "predominant_mode": "bus", "assigned_canton": "Schwyz", "modes_list": ["bus"]}, "geometry": {"type": "Point", "coordinates": [8.53881972825368, 47.01124054348197]}}, {"id": "9721", "type": "Feature", "properties": {"name": "Gersau, Ober Gibel", "lon": 8.529656909583164, "lat": 47.006168623587904, "stop_id": ["8507431.link:1808047", "8507431.link:1808048"], "lines": [{"line_id": "92-535-j24-1", "route_id": "4.TA.92-535-j24-1.2.H", "mode": "bus", "line_name": "535"}, {"line_id": "92-535-j24-1", "route_id": "7.TA.92-535-j24-1.3.H", "mode": "bus", "line_name": "535"}, {"line_id": "92-535-j24-1", "route_id": "33.TA.92-535-j24-1.5.R", "mode": "bus", "line_name": "535"}, {"line_id": "92-535-j24-1", "route_id": "48.TA.92-535-j24-1.6.R", "mode": "bus", "line_name": "535"}], "predominant_mode": "bus", "assigned_canton": "Schwyz", "modes_list": ["bus"]}, "geometry": {"type": "Point", "coordinates": [8.529656918074263, 47.006168633626174]}}, {"id": "9722", "type": "Feature", "properties": {"name": "Gersau, Ober Gschwend", "lon": 8.540688219805492, "lat": 47.01274731341524, "stop_id": ["8507437.link:1222917", "8507437.link:1222918"], "lines": [{"line_id": "92-535-j24-1", "route_id": "33.TA.92-535-j24-1.5.R", "mode": "bus", "line_name": "535"}, {"line_id": "92-535-j24-1", "route_id": "48.TA.92-535-j24-1.6.R", "mode": "bus", "line_name": "535"}, {"line_id": "92-535-j24-1", "route_id": "4.TA.92-535-j24-1.2.H", "mode": "bus", "line_name": "535"}, {"line_id": "92-535-j24-1", "route_id": "7.TA.92-535-j24-1.3.H", "mode": "bus", "line_name": "535"}], "predominant_mode": "bus", "assigned_canton": "Schwyz", "modes_list": ["bus"]}, "geometry": {"type": "Point", "coordinates": [8.54068822830556, 47.01274732345283]}}, {"id": "9723", "type": "Feature", "properties": {"name": "Gersau, Oberried", "lon": 8.523126159378483, "lat": 47.00003635368994, "stop_id": ["8507425.link:1473178", "8507425.link:1473179"], "lines": [{"line_id": "92-535-j24-1", "route_id": "4.TA.92-535-j24-1.2.H", "mode": "bus", "line_name": "535"}, {"line_id": "92-535-j24-1", "route_id": "7.TA.92-535-j24-1.3.H", "mode": "bus", "line_name": "535"}, {"line_id": "92-535-j24-1", "route_id": "33.TA.92-535-j24-1.5.R", "mode": "bus", "line_name": "535"}, {"line_id": "92-535-j24-1", "route_id": "48.TA.92-535-j24-1.6.R", "mode": "bus", "line_name": "535"}], "predominant_mode": "bus", "assigned_canton": "Schwyz", "modes_list": ["bus"]}, "geometry": {"type": "Point", "coordinates": [8.523126167864913, 47.00003636372776]}}, {"id": "9724", "type": "Feature", "properties": {"name": "Gersau, Platten", "lon": 8.521455289315316, "lat": 46.998137103716005, "stop_id": ["8507423.link:1200761", "8507423.link:1200762"], "lines": [{"line_id": "92-535-j24-1", "route_id": "4.TA.92-535-j24-1.2.H", "mode": "bus", "line_name": "535"}, {"line_id": "92-535-j24-1", "route_id": "7.TA.92-535-j24-1.3.H", "mode": "bus", "line_name": "535"}, {"line_id": "92-535-j24-1", "route_id": "33.TA.92-535-j24-1.5.R", "mode": "bus", "line_name": "535"}, {"line_id": "92-535-j24-1", "route_id": "48.TA.92-535-j24-1.6.R", "mode": "bus", "line_name": "535"}], "predominant_mode": "bus", "assigned_canton": "Schwyz", "modes_list": ["bus"]}, "geometry": {"type": "Point", "coordinates": [8.521455297800648, 46.99813711375355]}}, {"id": "9725", "type": "Feature", "properties": {"name": "Gersau, Rosenbr\u00fccke", "lon": 8.526674499164207, "lat": 46.993400953633575, "stop_id": ["8507419.link:993103", "8507419.link:993104"], "lines": [{"line_id": "92-535-j24-1", "route_id": "4.TA.92-535-j24-1.2.H", "mode": "bus", "line_name": "535"}, {"line_id": "92-535-j24-1", "route_id": "7.TA.92-535-j24-1.3.H", "mode": "bus", "line_name": "535"}, {"line_id": "92-535-j24-1", "route_id": "33.TA.92-535-j24-1.5.R", "mode": "bus", "line_name": "535"}, {"line_id": "92-535-j24-1", "route_id": "48.TA.92-535-j24-1.6.R", "mode": "bus", "line_name": "535"}], "predominant_mode": "bus", "assigned_canton": "Schwyz", "modes_list": ["bus"]}, "geometry": {"type": "Point", "coordinates": [8.526674507656068, 46.99340096366789]}}, {"id": "9726", "type": "Feature", "properties": {"name": "Gersau, Rotacher", "lon": 8.526764329246886, "lat": 46.9959314436324, "stop_id": ["8509499.link:1316237", "8509499.link:1316238"], "lines": [{"line_id": "92-535-j24-1", "route_id": "4.TA.92-535-j24-1.2.H", "mode": "bus", "line_name": "535"}, {"line_id": "92-535-j24-1", "route_id": "7.TA.92-535-j24-1.3.H", "mode": "bus", "line_name": "535"}, {"line_id": "92-535-j24-1", "route_id": "33.TA.92-535-j24-1.5.R", "mode": "bus", "line_name": "535"}, {"line_id": "92-535-j24-1", "route_id": "48.TA.92-535-j24-1.6.R", "mode": "bus", "line_name": "535"}], "predominant_mode": "bus", "assigned_canton": "Schwyz", "modes_list": ["bus"]}, "geometry": {"type": "Point", "coordinates": [8.526764337738099, 46.995931453667616]}}, {"id": "9727", "type": "Feature", "properties": {"name": "Gersau, Rotschuo", "lon": 8.487606769154967, "lat": 46.99393402424719, "stop_id": ["8505666.link:1909187", "8505666.link:1909188"], "lines": [{"line_id": "92-502-A-j24-1", "route_id": "493.TA.92-502-A-j24-1.818.H", "mode": "bus", "line_name": "502"}, {"line_id": "92-502-A-j24-1", "route_id": "945.TA.92-502-A-j24-1.795.H", "mode": "bus", "line_name": "502"}, {"line_id": "92-502-A-j24-1", "route_id": "450.TA.92-502-A-j24-1.817.H", "mode": "bus", "line_name": "502"}, {"line_id": "92-502-A-j24-1", "route_id": "515.TA.92-502-A-j24-1.818.H", "mode": "bus", "line_name": "502"}, {"line_id": "92-502-A-j24-1", "route_id": "931.TA.92-502-A-j24-1.795.H", "mode": "bus", "line_name": "502"}, {"line_id": "92-502-A-j24-1", "route_id": "355.TA.92-502-A-j24-1.816.H", "mode": "bus", "line_name": "502"}, {"line_id": "92-502-A-j24-1", "route_id": "527.TA.92-502-A-j24-1.818.H", "mode": "bus", "line_name": "502"}, {"line_id": "92-502-A-j24-1", "route_id": "1803.TA.92-502-A-j24-1.827.R", "mode": "bus", "line_name": "502"}, {"line_id": "92-502-A-j24-1", "route_id": "1594.TA.92-502-A-j24-1.826.R", "mode": "bus", "line_name": "502"}, {"line_id": "92-502-A-j24-1", "route_id": "2143.TA.92-502-A-j24-1.811.R", "mode": "bus", "line_name": "502"}, {"line_id": "92-502-A-j24-1", "route_id": "1820.TA.92-502-A-j24-1.828.R", "mode": "bus", "line_name": "502"}, {"line_id": "92-502-A-j24-1", "route_id": "1810.TA.92-502-A-j24-1.828.R", "mode": "bus", "line_name": "502"}], "predominant_mode": "bus", "assigned_canton": "Schwyz", "modes_list": ["bus"]}, "geometry": {"type": "Point", "coordinates": [8.48760677760802, 46.99393403429272]}}, {"id": "9728", "type": "Feature", "properties": {"name": "Gersau, R\u00fcbi", "lon": 8.535837319740413, "lat": 47.010854643491264, "stop_id": ["8507433.link:1807967", "8507433.link:1807968"], "lines": [{"line_id": "92-535-j24-1", "route_id": "4.TA.92-535-j24-1.2.H", "mode": "bus", "line_name": "535"}, {"line_id": "92-535-j24-1", "route_id": "7.TA.92-535-j24-1.3.H", "mode": "bus", "line_name": "535"}, {"line_id": "92-535-j24-1", "route_id": "33.TA.92-535-j24-1.5.R", "mode": "bus", "line_name": "535"}, {"line_id": "92-535-j24-1", "route_id": "48.TA.92-535-j24-1.6.R", "mode": "bus", "line_name": "535"}], "predominant_mode": "bus", "assigned_canton": "Schwyz", "modes_list": ["bus"]}, "geometry": {"type": "Point", "coordinates": [8.53583732823625, 47.01085465352952]}}, {"id": "9729", "type": "Feature", "properties": {"name": "Gersau, Schiffstation", "lon": 8.526180429079245, "lat": 46.99080906364111, "stop_id": ["8505671.link:332422", "8505671.link:332423", "8505671.link:817865", "8505671.link:817866"], "lines": [{"line_id": "92-535-j24-1", "route_id": "33.TA.92-535-j24-1.5.R", "mode": "bus", "line_name": "535"}, {"line_id": "92-535-j24-1", "route_id": "7.TA.92-535-j24-1.3.H", "mode": "bus", "line_name": "535"}, {"line_id": "92-535-j24-1", "route_id": "48.TA.92-535-j24-1.6.R", "mode": "bus", "line_name": "535"}, {"line_id": "92-502-A-j24-1", "route_id": "493.TA.92-502-A-j24-1.818.H", "mode": "bus", "line_name": "502"}, {"line_id": "92-508-A-j24-1", "route_id": "375.TA.92-508-A-j24-1.12.H", "mode": "bus", "line_name": "508"}, {"line_id": "92-502-A-j24-1", "route_id": "945.TA.92-502-A-j24-1.795.H", "mode": "bus", "line_name": "502"}, {"line_id": "92-502-A-j24-1", "route_id": "325.TA.92-502-A-j24-1.16.H", "mode": "bus", "line_name": "502"}, {"line_id": "92-508-A-j24-1", "route_id": "239.TA.92-508-A-j24-1.11.H", "mode": "bus", "line_name": "508"}, {"line_id": "92-502-A-j24-1", "route_id": "1604.TA.92-502-A-j24-1.607.R", "mode": "bus", "line_name": "502"}, {"line_id": "92-502-A-j24-1", "route_id": "450.TA.92-502-A-j24-1.817.H", "mode": "bus", "line_name": "502"}, {"line_id": "92-502-A-j24-1", "route_id": "515.TA.92-502-A-j24-1.818.H", "mode": "bus", "line_name": "502"}, {"line_id": "92-508-A-j24-1", "route_id": "231.TA.92-508-A-j24-1.11.H", "mode": "bus", "line_name": "508"}, {"line_id": "92-508-A-j24-1", "route_id": "336.TA.92-508-A-j24-1.12.H", "mode": "bus", "line_name": "508"}, {"line_id": "92-508-A-j24-1", "route_id": "324.TA.92-508-A-j24-1.12.H", "mode": "bus", "line_name": "508"}, {"line_id": "92-502-A-j24-1", "route_id": "931.TA.92-502-A-j24-1.795.H", "mode": "bus", "line_name": "502"}, {"line_id": "92-502-A-j24-1", "route_id": "527.TA.92-502-A-j24-1.818.H", "mode": "bus", "line_name": "502"}, {"line_id": "92-502-A-j24-1", "route_id": "1803.TA.92-502-A-j24-1.827.R", "mode": "bus", "line_name": "502"}, {"line_id": "92-502-A-j24-1", "route_id": "1594.TA.92-502-A-j24-1.826.R", "mode": "bus", "line_name": "502"}, {"line_id": "92-502-A-j24-1", "route_id": "2143.TA.92-502-A-j24-1.811.R", "mode": "bus", "line_name": "502"}, {"line_id": "92-508-A-j24-1", "route_id": "772.TA.92-508-A-j24-1.26.R", "mode": "bus", "line_name": "508"}, {"line_id": "92-508-A-j24-1", "route_id": "652.TA.92-508-A-j24-1.129.R", "mode": "bus", "line_name": "508"}, {"line_id": "92-502-A-j24-1", "route_id": "1820.TA.92-502-A-j24-1.828.R", "mode": "bus", "line_name": "502"}, {"line_id": "92-508-A-j24-1", "route_id": "801.TA.92-508-A-j24-1.26.R", "mode": "bus", "line_name": "508"}, {"line_id": "92-508-A-j24-1", "route_id": "711.TA.92-508-A-j24-1.24.R", "mode": "bus", "line_name": "508"}, {"line_id": "92-502-A-j24-1", "route_id": "1810.TA.92-502-A-j24-1.828.R", "mode": "bus", "line_name": "502"}, {"line_id": "92-502-A-j24-1", "route_id": "1510.TA.92-502-A-j24-1.602.R", "mode": "bus", "line_name": "502"}, {"line_id": "92-508-A-j24-1", "route_id": "848.TA.92-508-A-j24-1.26.R", "mode": "bus", "line_name": "508"}, {"line_id": "92-508-A-j24-1", "route_id": "728.TA.92-508-A-j24-1.24.R", "mode": "bus", "line_name": "508"}], "predominant_mode": "bus", "assigned_canton": "Schwyz", "modes_list": ["bus"]}, "geometry": {"type": "Point", "coordinates": [8.526180437571362, 46.99080907367454]}}, {"id": "9730", "type": "Feature", "properties": {"name": "Gersau, Stockli", "lon": 8.525533639296075, "lat": 46.99746316365187, "stop_id": ["8507421.link:1161207", "8507421.link:1161208"], "lines": [{"line_id": "92-535-j24-1", "route_id": "4.TA.92-535-j24-1.2.H", "mode": "bus", "line_name": "535"}, {"line_id": "92-535-j24-1", "route_id": "7.TA.92-535-j24-1.3.H", "mode": "bus", "line_name": "535"}, {"line_id": "92-535-j24-1", "route_id": "33.TA.92-535-j24-1.5.R", "mode": "bus", "line_name": "535"}, {"line_id": "92-535-j24-1", "route_id": "48.TA.92-535-j24-1.6.R", "mode": "bus", "line_name": "535"}], "predominant_mode": "bus", "assigned_canton": "Schwyz", "modes_list": ["bus"]}, "geometry": {"type": "Point", "coordinates": [8.52553364778563, 46.99746317368801]}}, {"id": "9731", "type": "Feature", "properties": {"name": "Gersau, Wehri", "lon": 8.52341361913277, "lat": 46.99250636368473, "stop_id": ["8577225.link:1273031", "8577225.link:1350202", "8577225.link:1350203"], "lines": [{"line_id": "92-508-A-j24-1", "route_id": "652.TA.92-508-A-j24-1.129.R", "mode": "bus", "line_name": "508"}, {"line_id": "92-508-A-j24-1", "route_id": "772.TA.92-508-A-j24-1.26.R", "mode": "bus", "line_name": "508"}, {"line_id": "92-508-A-j24-1", "route_id": "801.TA.92-508-A-j24-1.26.R", "mode": "bus", "line_name": "508"}, {"line_id": "92-508-A-j24-1", "route_id": "711.TA.92-508-A-j24-1.24.R", "mode": "bus", "line_name": "508"}, {"line_id": "92-502-A-j24-1", "route_id": "1510.TA.92-502-A-j24-1.602.R", "mode": "bus", "line_name": "502"}, {"line_id": "92-508-A-j24-1", "route_id": "848.TA.92-508-A-j24-1.26.R", "mode": "bus", "line_name": "508"}, {"line_id": "92-508-A-j24-1", "route_id": "728.TA.92-508-A-j24-1.24.R", "mode": "bus", "line_name": "508"}, {"line_id": "92-502-A-j24-1", "route_id": "493.TA.92-502-A-j24-1.818.H", "mode": "bus", "line_name": "502"}, {"line_id": "92-508-A-j24-1", "route_id": "375.TA.92-508-A-j24-1.12.H", "mode": "bus", "line_name": "508"}, {"line_id": "92-502-A-j24-1", "route_id": "945.TA.92-502-A-j24-1.795.H", "mode": "bus", "line_name": "502"}, {"line_id": "92-502-A-j24-1", "route_id": "325.TA.92-502-A-j24-1.16.H", "mode": "bus", "line_name": "502"}, {"line_id": "92-508-A-j24-1", "route_id": "239.TA.92-508-A-j24-1.11.H", "mode": "bus", "line_name": "508"}, {"line_id": "92-502-A-j24-1", "route_id": "1604.TA.92-502-A-j24-1.607.R", "mode": "bus", "line_name": "502"}, {"line_id": "92-502-A-j24-1", "route_id": "450.TA.92-502-A-j24-1.817.H", "mode": "bus", "line_name": "502"}, {"line_id": "92-502-A-j24-1", "route_id": "515.TA.92-502-A-j24-1.818.H", "mode": "bus", "line_name": "502"}, {"line_id": "92-508-A-j24-1", "route_id": "231.TA.92-508-A-j24-1.11.H", "mode": "bus", "line_name": "508"}, {"line_id": "92-508-A-j24-1", "route_id": "336.TA.92-508-A-j24-1.12.H", "mode": "bus", "line_name": "508"}, {"line_id": "92-508-A-j24-1", "route_id": "324.TA.92-508-A-j24-1.12.H", "mode": "bus", "line_name": "508"}, {"line_id": "92-502-A-j24-1", "route_id": "931.TA.92-502-A-j24-1.795.H", "mode": "bus", "line_name": "502"}, {"line_id": "92-502-A-j24-1", "route_id": "355.TA.92-502-A-j24-1.816.H", "mode": "bus", "line_name": "502"}, {"line_id": "92-502-A-j24-1", "route_id": "527.TA.92-502-A-j24-1.818.H", "mode": "bus", "line_name": "502"}, {"line_id": "92-502-A-j24-1", "route_id": "1803.TA.92-502-A-j24-1.827.R", "mode": "bus", "line_name": "502"}, {"line_id": "92-502-A-j24-1", "route_id": "1594.TA.92-502-A-j24-1.826.R", "mode": "bus", "line_name": "502"}, {"line_id": "92-502-A-j24-1", "route_id": "2143.TA.92-502-A-j24-1.811.R", "mode": "bus", "line_name": "502"}, {"line_id": "92-502-A-j24-1", "route_id": "1820.TA.92-502-A-j24-1.828.R", "mode": "bus", "line_name": "502"}, {"line_id": "92-502-A-j24-1", "route_id": "1810.TA.92-502-A-j24-1.828.R", "mode": "bus", "line_name": "502"}], "predominant_mode": "bus", "assigned_canton": "Schwyz", "modes_list": ["bus"]}, "geometry": {"type": "Point", "coordinates": [8.523413627621665, 46.9925063737196]}}, {"id": "9732", "type": "Feature", "properties": {"name": "Gersau, Weidli", "lon": 8.524123289427179, "lat": 47.001506693674386, "stop_id": ["8507427.link:1369737", "8507427.link:1369738"], "lines": [{"line_id": "92-535-j24-1", "route_id": "4.TA.92-535-j24-1.2.H", "mode": "bus", "line_name": "535"}, {"line_id": "92-535-j24-1", "route_id": "7.TA.92-535-j24-1.3.H", "mode": "bus", "line_name": "535"}, {"line_id": "92-535-j24-1", "route_id": "33.TA.92-535-j24-1.5.R", "mode": "bus", "line_name": "535"}, {"line_id": "92-535-j24-1", "route_id": "48.TA.92-535-j24-1.6.R", "mode": "bus", "line_name": "535"}], "predominant_mode": "bus", "assigned_canton": "Schwyz", "modes_list": ["bus"]}, "geometry": {"type": "Point", "coordinates": [8.524123297914166, 47.001506703712465]}}, {"id": "9896", "type": "Feature", "properties": {"name": "Glattalp", "lon": 8.873765556823813, "lat": 46.915061838172804, "stop_id": ["8530781.link:pt_8530781"], "lines": [{"line_id": "93-81-Y-j24-1", "route_id": "58.TA.93-81-Y-j24-1.2.R", "mode": "cable car", "line_name": "PB"}, {"line_id": "93-81-Y-j24-1", "route_id": "32.TA.93-81-Y-j24-1.1.H", "mode": "cable car", "line_name": "PB"}], "predominant_mode": "cable car", "assigned_canton": "Schwyz", "modes_list": ["cable car"]}, "geometry": {"type": "Point", "coordinates": [8.8737655656776, 46.915061848076654]}}, {"id": "10008", "type": "Feature", "properties": {"name": "Goldau A4", "lon": 8.547254900817922, "lat": 47.043584073314626, "stop_id": ["8505062.link:1936802", "8505062.link:1936803"], "lines": [{"line_id": "93-81-j24-1", "route_id": "14.TA.93-81-j24-1.14.H", "mode": "rail", "line_name": "81"}, {"line_id": "93-81-j24-1", "route_id": "4.TA.93-81-j24-1.14.H", "mode": "rail", "line_name": "81"}, {"line_id": "93-81-j24-1", "route_id": "16.TA.93-81-j24-1.16.R", "mode": "rail", "line_name": "81"}, {"line_id": "93-81-j24-1", "route_id": "26.TA.93-81-j24-1.16.R", "mode": "rail", "line_name": "81"}], "predominant_mode": "rail", "assigned_canton": "Schwyz", "modes_list": ["rail"]}, "geometry": {"type": "Point", "coordinates": [8.547254909315447, 47.04358408336184]}}, {"id": "10009", "type": "Feature", "properties": {"name": "Goldau, Bernerh\u00f6he", "lon": 8.551009860787607, "lat": 47.04258013325555, "stop_id": ["8589873.link:651438", "8589873.link:651439"], "lines": [{"line_id": "92-501-j24-1", "route_id": "269.TA.92-501-j24-1.426.H", "mode": "bus", "line_name": "501"}, {"line_id": "92-501-j24-1", "route_id": "598.TA.92-501-j24-1.433.H", "mode": "bus", "line_name": "501"}, {"line_id": "92-501-j24-1", "route_id": "157.TA.92-501-j24-1.423.H", "mode": "bus", "line_name": "501"}, {"line_id": "92-501-j24-1", "route_id": "568.TA.92-501-j24-1.433.H", "mode": "bus", "line_name": "501"}, {"line_id": "92-501-j24-1", "route_id": "1204.TA.92-501-j24-1.446.R", "mode": "bus", "line_name": "501"}, {"line_id": "92-501-j24-1", "route_id": "780.TA.92-501-j24-1.436.R", "mode": "bus", "line_name": "501"}, {"line_id": "92-501-j24-1", "route_id": "863.TA.92-501-j24-1.439.R", "mode": "bus", "line_name": "501"}], "predominant_mode": "bus", "assigned_canton": "Schwyz", "modes_list": ["bus"]}, "geometry": {"type": "Point", "coordinates": [8.551009869289123, 47.042580143301336]}}, {"id": "10010", "type": "Feature", "properties": {"name": "Goldau, Bischofshusen", "lon": 8.55196208112623, "lat": 47.052912413241394, "stop_id": ["8577401.link:1588984", "8577401.link:1588985"], "lines": [{"line_id": "92-501-j24-1", "route_id": "95.TA.92-501-j24-1.9.H", "mode": "bus", "line_name": "501"}, {"line_id": "92-501-j24-1", "route_id": "598.TA.92-501-j24-1.433.H", "mode": "bus", "line_name": "501"}, {"line_id": "92-502-A-j24-1", "route_id": "945.TA.92-502-A-j24-1.795.H", "mode": "bus", "line_name": "502"}, {"line_id": "92-502-A-j24-1", "route_id": "199.TA.92-502-A-j24-1.11.H", "mode": "bus", "line_name": "502"}, {"line_id": "92-501-j24-1", "route_id": "568.TA.92-501-j24-1.433.H", "mode": "bus", "line_name": "501"}, {"line_id": "92-501-j24-1", "route_id": "269.TA.92-501-j24-1.426.H", "mode": "bus", "line_name": "501"}, {"line_id": "92-502-A-j24-1", "route_id": "1604.TA.92-502-A-j24-1.607.R", "mode": "bus", "line_name": "502"}, {"line_id": "92-501-j24-1", "route_id": "81.TA.92-501-j24-1.8.H", "mode": "bus", "line_name": "501"}, {"line_id": "92-501-j24-1", "route_id": "87.TA.92-501-j24-1.8.H", "mode": "bus", "line_name": "501"}, {"line_id": "92-501-j24-1", "route_id": "154.TA.92-501-j24-1.10.H", "mode": "bus", "line_name": "501"}, {"line_id": "92-502-A-j24-1", "route_id": "216.TA.92-502-A-j24-1.12.H", "mode": "bus", "line_name": "502"}, {"line_id": "92-502-A-j24-1", "route_id": "185.TA.92-502-A-j24-1.9.H", "mode": "bus", "line_name": "502"}, {"line_id": "92-502-A-j24-1", "route_id": "931.TA.92-502-A-j24-1.795.H", "mode": "bus", "line_name": "502"}, {"line_id": "92-502-A-j24-1", "route_id": "192.TA.92-502-A-j24-1.10.H", "mode": "bus", "line_name": "502"}, {"line_id": "92-501-j24-1", "route_id": "109.TA.92-501-j24-1.10.H", "mode": "bus", "line_name": "501"}, {"line_id": "92-502-A-j24-1", "route_id": "1369.TA.92-502-A-j24-1.49.R", "mode": "bus", "line_name": "502"}, {"line_id": "92-501-j24-1", "route_id": "743.TA.92-501-j24-1.37.R", "mode": "bus", "line_name": "501"}, {"line_id": "92-502-A-j24-1", "route_id": "2143.TA.92-502-A-j24-1.811.R", "mode": "bus", "line_name": "502"}, {"line_id": "92-502-A-j24-1", "route_id": "1592.TA.92-502-A-j24-1.804.R", "mode": "bus", "line_name": "502"}, {"line_id": "92-501-j24-1", "route_id": "863.TA.92-501-j24-1.439.R", "mode": "bus", "line_name": "501"}, {"line_id": "92-501-j24-1", "route_id": "1204.TA.92-501-j24-1.446.R", "mode": "bus", "line_name": "501"}], "predominant_mode": "bus", "assigned_canton": "Schwyz", "modes_list": ["bus"]}, "geometry": {"type": "Point", "coordinates": [8.551962089625652, 47.05291242329068]}}, {"id": "10011", "type": "Feature", "properties": {"name": "Goldau, Buosingen Camping", "lon": 8.561115910673774, "lat": 47.03889480309656, "stop_id": ["8589872.link:809298", "8589872.link:809299"], "lines": [{"line_id": "92-501-j24-1", "route_id": "269.TA.92-501-j24-1.426.H", "mode": "bus", "line_name": "501"}, {"line_id": "92-501-j24-1", "route_id": "598.TA.92-501-j24-1.433.H", "mode": "bus", "line_name": "501"}, {"line_id": "92-501-j24-1", "route_id": "157.TA.92-501-j24-1.423.H", "mode": "bus", "line_name": "501"}, {"line_id": "92-501-j24-1", "route_id": "568.TA.92-501-j24-1.433.H", "mode": "bus", "line_name": "501"}, {"line_id": "92-501-j24-1", "route_id": "1204.TA.92-501-j24-1.446.R", "mode": "bus", "line_name": "501"}, {"line_id": "92-501-j24-1", "route_id": "780.TA.92-501-j24-1.436.R", "mode": "bus", "line_name": "501"}, {"line_id": "92-501-j24-1", "route_id": "863.TA.92-501-j24-1.439.R", "mode": "bus", "line_name": "501"}], "predominant_mode": "bus", "assigned_canton": "Schwyz", "modes_list": ["bus"]}, "geometry": {"type": "Point", "coordinates": [8.561115919186317, 47.03889481313808]}}, {"id": "10012", "type": "Feature", "properties": {"name": "Goldau, Kehlmattli", "lon": 8.546931510854982, "lat": 47.04472266331982, "stop_id": ["8589874.link:1599728", "8589874.link:1599729"], "lines": [{"line_id": "92-501-j24-1", "route_id": "269.TA.92-501-j24-1.426.H", "mode": "bus", "line_name": "501"}, {"line_id": "92-501-j24-1", "route_id": "598.TA.92-501-j24-1.433.H", "mode": "bus", "line_name": "501"}, {"line_id": "92-501-j24-1", "route_id": "157.TA.92-501-j24-1.423.H", "mode": "bus", "line_name": "501"}, {"line_id": "92-501-j24-1", "route_id": "568.TA.92-501-j24-1.433.H", "mode": "bus", "line_name": "501"}, {"line_id": "92-501-j24-1", "route_id": "1204.TA.92-501-j24-1.446.R", "mode": "bus", "line_name": "501"}, {"line_id": "92-501-j24-1", "route_id": "780.TA.92-501-j24-1.436.R", "mode": "bus", "line_name": "501"}, {"line_id": "92-501-j24-1", "route_id": "863.TA.92-501-j24-1.439.R", "mode": "bus", "line_name": "501"}], "predominant_mode": "bus", "assigned_canton": "Schwyz", "modes_list": ["bus"]}, "geometry": {"type": "Point", "coordinates": [8.546931519351858, 47.044722673367524]}}, {"id": "10013", "type": "Feature", "properties": {"name": "Goldau, L\u00f6wenplatz", "lon": 8.550704431051106, "lat": 47.05064169326094, "stop_id": ["8577399.link:1468226", "8577399.link:1468227"], "lines": [{"line_id": "92-501-j24-1", "route_id": "598.TA.92-501-j24-1.433.H", "mode": "bus", "line_name": "501"}, {"line_id": "92-523-j24-1", "route_id": "49.TA.92-523-j24-1.15.R", "mode": "bus", "line_name": "523"}, {"line_id": "92-502-A-j24-1", "route_id": "199.TA.92-502-A-j24-1.11.H", "mode": "bus", "line_name": "502"}, {"line_id": "92-502-A-j24-1", "route_id": "1161.TA.92-502-A-j24-1.798.R", "mode": "bus", "line_name": "502"}, {"line_id": "92-502-A-j24-1", "route_id": "1604.TA.92-502-A-j24-1.607.R", "mode": "bus", "line_name": "502"}, {"line_id": "92-502-A-j24-1", "route_id": "931.TA.92-502-A-j24-1.795.H", "mode": "bus", "line_name": "502"}, {"line_id": "92-502-A-j24-1", "route_id": "945.TA.92-502-A-j24-1.795.H", "mode": "bus", "line_name": "502"}, {"line_id": "92-501-j24-1", "route_id": "81.TA.92-501-j24-1.8.H", "mode": "bus", "line_name": "501"}, {"line_id": "92-501-j24-1", "route_id": "87.TA.92-501-j24-1.8.H", "mode": "bus", "line_name": "501"}, {"line_id": "92-501-j24-1", "route_id": "109.TA.92-501-j24-1.10.H", "mode": "bus", "line_name": "501"}, {"line_id": "92-523-j24-1", "route_id": "56.TA.92-523-j24-1.16.R", "mode": "bus", "line_name": "523"}, {"line_id": "92-501-j24-1", "route_id": "154.TA.92-501-j24-1.10.H", "mode": "bus", "line_name": "501"}, {"line_id": "92-502-A-j24-1", "route_id": "216.TA.92-502-A-j24-1.12.H", "mode": "bus", "line_name": "502"}, {"line_id": "92-502-A-j24-1", "route_id": "185.TA.92-502-A-j24-1.9.H", "mode": "bus", "line_name": "502"}, {"line_id": "92-502-A-j24-1", "route_id": "192.TA.92-502-A-j24-1.10.H", "mode": "bus", "line_name": "502"}, {"line_id": "92-523-j24-1", "route_id": "40.TA.92-523-j24-1.14.R", "mode": "bus", "line_name": "523"}, {"line_id": "92-501-j24-1", "route_id": "95.TA.92-501-j24-1.9.H", "mode": "bus", "line_name": "501"}, {"line_id": "92-501-j24-1", "route_id": "568.TA.92-501-j24-1.433.H", "mode": "bus", "line_name": "501"}, {"line_id": "92-501-j24-1", "route_id": "269.TA.92-501-j24-1.426.H", "mode": "bus", "line_name": "501"}, {"line_id": "92-502-A-j24-1", "route_id": "1369.TA.92-502-A-j24-1.49.R", "mode": "bus", "line_name": "502"}, {"line_id": "92-523-j24-1", "route_id": "14.TA.92-523-j24-1.12.H", "mode": "bus", "line_name": "523"}, {"line_id": "92-501-j24-1", "route_id": "743.TA.92-501-j24-1.37.R", "mode": "bus", "line_name": "501"}, {"line_id": "92-502-A-j24-1", "route_id": "2143.TA.92-502-A-j24-1.811.R", "mode": "bus", "line_name": "502"}, {"line_id": "92-502-A-j24-1", "route_id": "13.TA.92-502-A-j24-1.786.H", "mode": "bus", "line_name": "502"}, {"line_id": "92-502-A-j24-1", "route_id": "1592.TA.92-502-A-j24-1.804.R", "mode": "bus", "line_name": "502"}, {"line_id": "92-501-j24-1", "route_id": "863.TA.92-501-j24-1.439.R", "mode": "bus", "line_name": "501"}, {"line_id": "92-501-j24-1", "route_id": "1204.TA.92-501-j24-1.446.R", "mode": "bus", "line_name": "501"}, {"line_id": "92-523-j24-1", "route_id": "6.TA.92-523-j24-1.12.H", "mode": "bus", "line_name": "523"}], "predominant_mode": "bus", "assigned_canton": "Schwyz", "modes_list": ["bus"]}, "geometry": {"type": "Point", "coordinates": [8.550704439549955, 47.050641703309765]}}, {"id": "10014", "type": "Feature", "properties": {"name": "Goldau, Neu-R\u00f6then", "lon": 8.568544981187232, "lat": 47.05444250298104, "stop_id": ["8591758.link:590988", "8591758.link:590989"], "lines": [{"line_id": "92-523-j24-1", "route_id": "14.TA.92-523-j24-1.12.H", "mode": "bus", "line_name": "523"}, {"line_id": "92-523-j24-1", "route_id": "6.TA.92-523-j24-1.12.H", "mode": "bus", "line_name": "523"}, {"line_id": "92-523-j24-1", "route_id": "56.TA.92-523-j24-1.16.R", "mode": "bus", "line_name": "523"}, {"line_id": "92-523-j24-1", "route_id": "49.TA.92-523-j24-1.15.R", "mode": "bus", "line_name": "523"}, {"line_id": "92-523-j24-1", "route_id": "40.TA.92-523-j24-1.14.R", "mode": "bus", "line_name": "523"}], "predominant_mode": "bus", "assigned_canton": "Schwyz", "modes_list": ["bus"]}, "geometry": {"type": "Point", "coordinates": [8.568544989702506, 47.054442513026174]}}, {"id": "10015", "type": "Feature", "properties": {"name": "Goldau, Sch\u00fctzenhaus", "lon": 8.555806871120595, "lat": 47.052661483181005, "stop_id": ["8591759.link:622391", "8591759.link:622392"], "lines": [{"line_id": "92-502-A-j24-1", "route_id": "13.TA.92-502-A-j24-1.786.H", "mode": "bus", "line_name": "502"}, {"line_id": "92-523-j24-1", "route_id": "14.TA.92-523-j24-1.12.H", "mode": "bus", "line_name": "523"}, {"line_id": "92-523-j24-1", "route_id": "6.TA.92-523-j24-1.12.H", "mode": "bus", "line_name": "523"}, {"line_id": "92-523-j24-1", "route_id": "56.TA.92-523-j24-1.16.R", "mode": "bus", "line_name": "523"}, {"line_id": "92-523-j24-1", "route_id": "49.TA.92-523-j24-1.15.R", "mode": "bus", "line_name": "523"}, {"line_id": "92-523-j24-1", "route_id": "40.TA.92-523-j24-1.14.R", "mode": "bus", "line_name": "523"}, {"line_id": "92-502-A-j24-1", "route_id": "1161.TA.92-502-A-j24-1.798.R", "mode": "bus", "line_name": "502"}], "predominant_mode": "bus", "assigned_canton": "Schwyz", "modes_list": ["bus"]}, "geometry": {"type": "Point", "coordinates": [8.55580687962387, 47.0526614932291]}}, {"id": "10016", "type": "Feature", "properties": {"name": "Goldau, Sportplatz", "lon": 8.559148601124178, "lat": 47.052704323128495, "stop_id": ["8510563.link:577310", "8510563.link:577311"], "lines": [{"line_id": "92-502-A-j24-1", "route_id": "13.TA.92-502-A-j24-1.786.H", "mode": "bus", "line_name": "502"}, {"line_id": "92-523-j24-1", "route_id": "14.TA.92-523-j24-1.12.H", "mode": "bus", "line_name": "523"}, {"line_id": "92-523-j24-1", "route_id": "6.TA.92-523-j24-1.12.H", "mode": "bus", "line_name": "523"}, {"line_id": "92-523-j24-1", "route_id": "56.TA.92-523-j24-1.16.R", "mode": "bus", "line_name": "523"}, {"line_id": "92-523-j24-1", "route_id": "49.TA.92-523-j24-1.15.R", "mode": "bus", "line_name": "523"}, {"line_id": "92-523-j24-1", "route_id": "40.TA.92-523-j24-1.14.R", "mode": "bus", "line_name": "523"}, {"line_id": "92-502-A-j24-1", "route_id": "1161.TA.92-502-A-j24-1.798.R", "mode": "bus", "line_name": "502"}], "predominant_mode": "bus", "assigned_canton": "Schwyz", "modes_list": ["bus"]}, "geometry": {"type": "Point", "coordinates": [8.55914860963073, 47.05270433317569]}}, {"id": "10017", "type": "Feature", "properties": {"name": "Goldau, Tierpark", "lon": 8.553453281088371, "lat": 47.0517250432179, "stop_id": ["8577400.link:1468218", "8577400.link:1468219"], "lines": [{"line_id": "92-501-j24-1", "route_id": "598.TA.92-501-j24-1.433.H", "mode": "bus", "line_name": "501"}, {"line_id": "92-523-j24-1", "route_id": "49.TA.92-523-j24-1.15.R", "mode": "bus", "line_name": "523"}, {"line_id": "92-502-A-j24-1", "route_id": "199.TA.92-502-A-j24-1.11.H", "mode": "bus", "line_name": "502"}, {"line_id": "92-502-A-j24-1", "route_id": "1161.TA.92-502-A-j24-1.798.R", "mode": "bus", "line_name": "502"}, {"line_id": "92-502-A-j24-1", "route_id": "1604.TA.92-502-A-j24-1.607.R", "mode": "bus", "line_name": "502"}, {"line_id": "92-502-A-j24-1", "route_id": "931.TA.92-502-A-j24-1.795.H", "mode": "bus", "line_name": "502"}, {"line_id": "92-502-A-j24-1", "route_id": "945.TA.92-502-A-j24-1.795.H", "mode": "bus", "line_name": "502"}, {"line_id": "92-501-j24-1", "route_id": "81.TA.92-501-j24-1.8.H", "mode": "bus", "line_name": "501"}, {"line_id": "92-501-j24-1", "route_id": "87.TA.92-501-j24-1.8.H", "mode": "bus", "line_name": "501"}, {"line_id": "92-501-j24-1", "route_id": "109.TA.92-501-j24-1.10.H", "mode": "bus", "line_name": "501"}, {"line_id": "92-523-j24-1", "route_id": "56.TA.92-523-j24-1.16.R", "mode": "bus", "line_name": "523"}, {"line_id": "92-501-j24-1", "route_id": "154.TA.92-501-j24-1.10.H", "mode": "bus", "line_name": "501"}, {"line_id": "92-502-A-j24-1", "route_id": "216.TA.92-502-A-j24-1.12.H", "mode": "bus", "line_name": "502"}, {"line_id": "92-502-A-j24-1", "route_id": "185.TA.92-502-A-j24-1.9.H", "mode": "bus", "line_name": "502"}, {"line_id": "92-502-A-j24-1", "route_id": "192.TA.92-502-A-j24-1.10.H", "mode": "bus", "line_name": "502"}, {"line_id": "92-523-j24-1", "route_id": "40.TA.92-523-j24-1.14.R", "mode": "bus", "line_name": "523"}, {"line_id": "92-501-j24-1", "route_id": "95.TA.92-501-j24-1.9.H", "mode": "bus", "line_name": "501"}, {"line_id": "92-501-j24-1", "route_id": "568.TA.92-501-j24-1.433.H", "mode": "bus", "line_name": "501"}, {"line_id": "92-501-j24-1", "route_id": "269.TA.92-501-j24-1.426.H", "mode": "bus", "line_name": "501"}, {"line_id": "92-502-A-j24-1", "route_id": "1369.TA.92-502-A-j24-1.49.R", "mode": "bus", "line_name": "502"}, {"line_id": "92-523-j24-1", "route_id": "14.TA.92-523-j24-1.12.H", "mode": "bus", "line_name": "523"}, {"line_id": "92-501-j24-1", "route_id": "743.TA.92-501-j24-1.37.R", "mode": "bus", "line_name": "501"}, {"line_id": "92-502-A-j24-1", "route_id": "2143.TA.92-502-A-j24-1.811.R", "mode": "bus", "line_name": "502"}, {"line_id": "92-502-A-j24-1", "route_id": "13.TA.92-502-A-j24-1.786.H", "mode": "bus", "line_name": "502"}, {"line_id": "92-502-A-j24-1", "route_id": "1592.TA.92-502-A-j24-1.804.R", "mode": "bus", "line_name": "502"}, {"line_id": "92-501-j24-1", "route_id": "863.TA.92-501-j24-1.439.R", "mode": "bus", "line_name": "501"}, {"line_id": "92-501-j24-1", "route_id": "1204.TA.92-501-j24-1.446.R", "mode": "bus", "line_name": "501"}, {"line_id": "92-523-j24-1", "route_id": "6.TA.92-523-j24-1.12.H", "mode": "bus", "line_name": "523"}], "predominant_mode": "bus", "assigned_canton": "Schwyz", "modes_list": ["bus"]}, "geometry": {"type": "Point", "coordinates": [8.553453289589608, 47.05172505326632]}}, {"id": "10018", "type": "Feature", "properties": {"name": "Goldau, Waage", "lon": 8.570359570595969, "lat": 47.0363296029511, "stop_id": ["8589871.link:809312", "8589871.link:809313"], "lines": [{"line_id": "92-501-j24-1", "route_id": "269.TA.92-501-j24-1.426.H", "mode": "bus", "line_name": "501"}, {"line_id": "92-501-j24-1", "route_id": "598.TA.92-501-j24-1.433.H", "mode": "bus", "line_name": "501"}, {"line_id": "92-501-j24-1", "route_id": "157.TA.92-501-j24-1.423.H", "mode": "bus", "line_name": "501"}, {"line_id": "92-501-j24-1", "route_id": "568.TA.92-501-j24-1.433.H", "mode": "bus", "line_name": "501"}, {"line_id": "92-501-j24-1", "route_id": "1204.TA.92-501-j24-1.446.R", "mode": "bus", "line_name": "501"}, {"line_id": "92-501-j24-1", "route_id": "780.TA.92-501-j24-1.436.R", "mode": "bus", "line_name": "501"}, {"line_id": "92-501-j24-1", "route_id": "863.TA.92-501-j24-1.439.R", "mode": "bus", "line_name": "501"}], "predominant_mode": "bus", "assigned_canton": "Schwyz", "modes_list": ["bus"]}, "geometry": {"type": "Point", "coordinates": [8.570359579118348, 47.03632961298899]}}, {"id": "10586", "type": "Feature", "properties": {"name": "Gross, Ebenau", "lon": 8.776010893342061, "lat": 47.11632511972558, "stop_id": ["8503738.link:345073", "8503738.link:345074"], "lines": [{"line_id": "96-244-3-j24-1", "route_id": "63.TA.96-244-3-j24-1.12.R", "mode": "bus", "line_name": "555"}, {"line_id": "96-244-4-j24-1", "route_id": "24.TA.96-244-4-j24-1.5.R", "mode": "bus", "line_name": "556"}, {"line_id": "96-244-3-j24-1", "route_id": "77.TA.96-244-3-j24-1.13.R", "mode": "bus", "line_name": "555"}, {"line_id": "96-244-3-j24-1", "route_id": "59.TA.96-244-3-j24-1.11.R", "mode": "bus", "line_name": "555"}, {"line_id": "96-244-3-j24-1", "route_id": "61.TA.96-244-3-j24-1.8.R", "mode": "bus", "line_name": "555"}, {"line_id": "96-244-3-j24-1", "route_id": "62.TA.96-244-3-j24-1.12.R", "mode": "bus", "line_name": "555"}, {"line_id": "96-244-4-j24-1", "route_id": "4.TA.96-244-4-j24-1.3.H", "mode": "bus", "line_name": "556"}, {"line_id": "96-244-4-j24-1", "route_id": "2.TA.96-244-4-j24-1.2.H", "mode": "bus", "line_name": "556"}, {"line_id": "96-244-4-j24-1", "route_id": "15.TA.96-244-4-j24-1.3.H", "mode": "bus", "line_name": "556"}, {"line_id": "96-244-3-j24-1", "route_id": "22.TA.96-244-3-j24-1.3.H", "mode": "bus", "line_name": "555"}, {"line_id": "96-244-3-j24-1", "route_id": "2.TA.96-244-3-j24-1.3.H", "mode": "bus", "line_name": "555"}, {"line_id": "96-244-3-j24-1", "route_id": "26.TA.96-244-3-j24-1.4.H", "mode": "bus", "line_name": "555"}, {"line_id": "96-244-3-j24-1", "route_id": "1.TA.96-244-3-j24-1.2.H", "mode": "bus", "line_name": "555"}, {"line_id": "96-244-3-j24-1", "route_id": "7.TA.96-244-3-j24-1.3.H", "mode": "bus", "line_name": "555"}], "predominant_mode": "bus", "assigned_canton": "Schwyz", "modes_list": ["bus"]}, "geometry": {"type": "Point", "coordinates": [8.776010902040644, 47.11632512973288]}}, {"id": "10587", "type": "Feature", "properties": {"name": "Gross, Grossbach", "lon": 8.778319563224942, "lat": 47.11271212968909, "stop_id": ["8573774.link:1892630", "8573774.link:1892631"], "lines": [{"line_id": "96-244-3-j24-1", "route_id": "63.TA.96-244-3-j24-1.12.R", "mode": "bus", "line_name": "555"}, {"line_id": "96-244-4-j24-1", "route_id": "24.TA.96-244-4-j24-1.5.R", "mode": "bus", "line_name": "556"}, {"line_id": "96-244-3-j24-1", "route_id": "77.TA.96-244-3-j24-1.13.R", "mode": "bus", "line_name": "555"}, {"line_id": "96-244-3-j24-1", "route_id": "59.TA.96-244-3-j24-1.11.R", "mode": "bus", "line_name": "555"}, {"line_id": "96-244-3-j24-1", "route_id": "61.TA.96-244-3-j24-1.8.R", "mode": "bus", "line_name": "555"}, {"line_id": "96-244-3-j24-1", "route_id": "62.TA.96-244-3-j24-1.12.R", "mode": "bus", "line_name": "555"}, {"line_id": "96-244-4-j24-1", "route_id": "4.TA.96-244-4-j24-1.3.H", "mode": "bus", "line_name": "556"}, {"line_id": "96-244-4-j24-1", "route_id": "2.TA.96-244-4-j24-1.2.H", "mode": "bus", "line_name": "556"}, {"line_id": "96-244-4-j24-1", "route_id": "15.TA.96-244-4-j24-1.3.H", "mode": "bus", "line_name": "556"}, {"line_id": "96-244-3-j24-1", "route_id": "22.TA.96-244-3-j24-1.3.H", "mode": "bus", "line_name": "555"}, {"line_id": "96-244-3-j24-1", "route_id": "2.TA.96-244-3-j24-1.3.H", "mode": "bus", "line_name": "555"}, {"line_id": "96-244-3-j24-1", "route_id": "26.TA.96-244-3-j24-1.4.H", "mode": "bus", "line_name": "555"}, {"line_id": "96-244-3-j24-1", "route_id": "1.TA.96-244-3-j24-1.2.H", "mode": "bus", "line_name": "555"}, {"line_id": "96-244-3-j24-1", "route_id": "7.TA.96-244-3-j24-1.3.H", "mode": "bus", "line_name": "555"}], "predominant_mode": "bus", "assigned_canton": "Schwyz", "modes_list": ["bus"]}, "geometry": {"type": "Point", "coordinates": [8.778319571926854, 47.11271213969443]}}, {"id": "10588", "type": "Feature", "properties": {"name": "Gross, N\u00fcg\u00fcetli", "lon": 8.775013763451101, "lat": 47.11966890974141, "stop_id": ["8573773.link:1748907", "8573773.link:1748908"], "lines": [{"line_id": "96-244-3-j24-1", "route_id": "63.TA.96-244-3-j24-1.12.R", "mode": "bus", "line_name": "555"}, {"line_id": "96-244-4-j24-1", "route_id": "24.TA.96-244-4-j24-1.5.R", "mode": "bus", "line_name": "556"}, {"line_id": "96-244-3-j24-1", "route_id": "77.TA.96-244-3-j24-1.13.R", "mode": "bus", "line_name": "555"}, {"line_id": "96-244-3-j24-1", "route_id": "59.TA.96-244-3-j24-1.11.R", "mode": "bus", "line_name": "555"}, {"line_id": "96-244-3-j24-1", "route_id": "61.TA.96-244-3-j24-1.8.R", "mode": "bus", "line_name": "555"}, {"line_id": "96-244-3-j24-1", "route_id": "62.TA.96-244-3-j24-1.12.R", "mode": "bus", "line_name": "555"}, {"line_id": "96-244-4-j24-1", "route_id": "4.TA.96-244-4-j24-1.3.H", "mode": "bus", "line_name": "556"}, {"line_id": "96-244-4-j24-1", "route_id": "2.TA.96-244-4-j24-1.2.H", "mode": "bus", "line_name": "556"}, {"line_id": "96-244-4-j24-1", "route_id": "15.TA.96-244-4-j24-1.3.H", "mode": "bus", "line_name": "556"}, {"line_id": "96-244-3-j24-1", "route_id": "22.TA.96-244-3-j24-1.3.H", "mode": "bus", "line_name": "555"}, {"line_id": "96-244-3-j24-1", "route_id": "2.TA.96-244-3-j24-1.3.H", "mode": "bus", "line_name": "555"}, {"line_id": "96-244-3-j24-1", "route_id": "26.TA.96-244-3-j24-1.4.H", "mode": "bus", "line_name": "555"}, {"line_id": "96-244-3-j24-1", "route_id": "1.TA.96-244-3-j24-1.2.H", "mode": "bus", "line_name": "555"}, {"line_id": "96-244-3-j24-1", "route_id": "7.TA.96-244-3-j24-1.3.H", "mode": "bus", "line_name": "555"}], "predominant_mode": "bus", "assigned_canton": "Schwyz", "modes_list": ["bus"]}, "geometry": {"type": "Point", "coordinates": [8.775013772147705, 47.119668919750204]}}, {"id": "10589", "type": "Feature", "properties": {"name": "Gross, Romb\u00fcel", "lon": 8.77354052364487, "lat": 47.12560406976488, "stop_id": ["8577050.link:187791", "8577050.link:187792"], "lines": [{"line_id": "96-244-3-j24-1", "route_id": "63.TA.96-244-3-j24-1.12.R", "mode": "bus", "line_name": "555"}, {"line_id": "96-244-4-j24-1", "route_id": "24.TA.96-244-4-j24-1.5.R", "mode": "bus", "line_name": "556"}, {"line_id": "96-244-3-j24-1", "route_id": "77.TA.96-244-3-j24-1.13.R", "mode": "bus", "line_name": "555"}, {"line_id": "96-244-3-j24-1", "route_id": "59.TA.96-244-3-j24-1.11.R", "mode": "bus", "line_name": "555"}, {"line_id": "96-244-3-j24-1", "route_id": "61.TA.96-244-3-j24-1.8.R", "mode": "bus", "line_name": "555"}, {"line_id": "96-244-3-j24-1", "route_id": "62.TA.96-244-3-j24-1.12.R", "mode": "bus", "line_name": "555"}, {"line_id": "96-244-4-j24-1", "route_id": "4.TA.96-244-4-j24-1.3.H", "mode": "bus", "line_name": "556"}, {"line_id": "96-244-4-j24-1", "route_id": "2.TA.96-244-4-j24-1.2.H", "mode": "bus", "line_name": "556"}, {"line_id": "96-244-4-j24-1", "route_id": "15.TA.96-244-4-j24-1.3.H", "mode": "bus", "line_name": "556"}, {"line_id": "96-244-3-j24-1", "route_id": "22.TA.96-244-3-j24-1.3.H", "mode": "bus", "line_name": "555"}, {"line_id": "96-244-3-j24-1", "route_id": "2.TA.96-244-3-j24-1.3.H", "mode": "bus", "line_name": "555"}, {"line_id": "96-244-3-j24-1", "route_id": "26.TA.96-244-3-j24-1.4.H", "mode": "bus", "line_name": "555"}, {"line_id": "96-244-3-j24-1", "route_id": "1.TA.96-244-3-j24-1.2.H", "mode": "bus", "line_name": "555"}, {"line_id": "96-244-3-j24-1", "route_id": "7.TA.96-244-3-j24-1.3.H", "mode": "bus", "line_name": "555"}], "predominant_mode": "bus", "assigned_canton": "Schwyz", "modes_list": ["bus"]}, "geometry": {"type": "Point", "coordinates": [8.773540532338233, 47.125604079776245]}}, {"id": "11022", "type": "Feature", "properties": {"name": "Haltikon, Kapelle", "lon": 8.41805920225746, "lat": 47.09026452534692, "stop_id": ["8594722.link:1627413", "8594722.link:1627414"], "lines": [{"line_id": "92-529-j24-1", "route_id": "84.TA.92-529-j24-1.4.R", "mode": "bus", "line_name": "529"}, {"line_id": "92-529-j24-1", "route_id": "16.TA.92-529-j24-1.2.H", "mode": "bus", "line_name": "529"}], "predominant_mode": "bus", "assigned_canton": "Schwyz", "modes_list": ["bus"]}, "geometry": {"type": "Point", "coordinates": [8.418059210613677, 47.09026453544785]}}, {"id": "11023", "type": "Feature", "properties": {"name": "Haltikon, S\u00e4ge", "lon": 8.41301965223042, "lat": 47.08954893542597, "stop_id": ["8591704.link:745020", "8591704.link:745021"], "lines": [{"line_id": "92-529-j24-1", "route_id": "84.TA.92-529-j24-1.4.R", "mode": "bus", "line_name": "529"}, {"line_id": "92-529-j24-1", "route_id": "16.TA.92-529-j24-1.2.H", "mode": "bus", "line_name": "529"}], "predominant_mode": "bus", "assigned_canton": "Schwyz", "modes_list": ["bus"]}, "geometry": {"type": "Point", "coordinates": [8.413019660581845, 47.08954894552811]}}, {"id": "11682", "type": "Feature", "properties": {"name": "Hoch-Ybrig, Talst. Laucheren", "lon": 8.771645080641143, "lat": 47.03389285978874, "stop_id": ["8503870.link:212896", "8503870.link:212897"], "lines": [{"line_id": "96-244-3-j24-1", "route_id": "26.TA.96-244-3-j24-1.4.H", "mode": "bus", "line_name": "555"}, {"line_id": "96-244-3-j24-1", "route_id": "77.TA.96-244-3-j24-1.13.R", "mode": "bus", "line_name": "555"}, {"line_id": "96-244-3-j24-1", "route_id": "58.TA.96-244-3-j24-1.6.R", "mode": "bus", "line_name": "555"}], "predominant_mode": "bus", "assigned_canton": "Schwyz", "modes_list": ["bus"]}, "geometry": {"type": "Point", "coordinates": [8.771645089360565, 47.033892869767435]}}, {"id": "11683", "type": "Feature", "properties": {"name": "Hoch-Ybrig, Talst. Weglosen", "lon": 8.808206510213864, "lat": 47.020170329213116, "stop_id": ["8503753.link:1328741", "8503753.link:1328742"], "lines": [{"line_id": "96-244-4-j24-1", "route_id": "24.TA.96-244-4-j24-1.5.R", "mode": "bus", "line_name": "556"}, {"line_id": "96-244-4-j24-1", "route_id": "4.TA.96-244-4-j24-1.3.H", "mode": "bus", "line_name": "556"}, {"line_id": "96-244-4-j24-1", "route_id": "15.TA.96-244-4-j24-1.3.H", "mode": "bus", "line_name": "556"}, {"line_id": "96-244-4-j24-1", "route_id": "1.TA.96-244-4-j24-1.1.H", "mode": "bus", "line_name": "556"}], "predominant_mode": "bus", "assigned_canton": "Schwyz", "modes_list": ["bus"]}, "geometry": {"type": "Point", "coordinates": [8.808206518972762, 47.02017033917597]}}, {"id": "11789", "type": "Feature", "properties": {"name": "Holzegg", "lon": 8.698387470432115, "lat": 47.02883535093934, "stop_id": ["8530403.link:pt_8530403"], "lines": [{"line_id": "93-8R-Y-j24-1", "route_id": "11.TA.93-8R-Y-j24-1.1.H", "mode": "cable car", "line_name": "PB"}, {"line_id": "93-8R-Y-j24-1", "route_id": "60.TA.93-8R-Y-j24-1.2.R", "mode": "cable car", "line_name": "PB"}], "predominant_mode": "cable car", "assigned_canton": "Schwyz", "modes_list": ["cable car"]}, "geometry": {"type": "Point", "coordinates": [8.698387479081951, 47.02883536093753]}}, {"id": "11890", "type": "Feature", "properties": {"name": "Horgenberg b. Einsied., Gr\u00fctli", "lon": 8.752969103964068, "lat": 47.13570026008866, "stop_id": ["8573790.link:984675", "8573790.link:984676"], "lines": [{"line_id": "96-244-7-j24-1", "route_id": "15.TA.96-244-7-j24-1.1.H", "mode": "bus", "line_name": "560"}, {"line_id": "96-244-6-j24-1", "route_id": "36.TA.96-244-6-j24-1.6.R", "mode": "bus", "line_name": "552"}, {"line_id": "96-244-7-j24-1", "route_id": "31.TA.96-244-7-j24-1.2.R", "mode": "bus", "line_name": "560"}], "predominant_mode": "bus", "assigned_canton": "Schwyz", "modes_list": ["bus"]}, "geometry": {"type": "Point", "coordinates": [8.752969112634498, 47.13570027010967]}}, {"id": "11891", "type": "Feature", "properties": {"name": "Horgenberg b. Einsied., Tanks.", "lon": 8.753615894041225, "lat": 47.1380406900786, "stop_id": ["8503747.link:1895984"], "lines": [{"line_id": "96-244-6-j24-1", "route_id": "36.TA.96-244-6-j24-1.6.R", "mode": "bus", "line_name": "552"}], "predominant_mode": "bus", "assigned_canton": "Schwyz", "modes_list": ["bus"]}, "geometry": {"type": "Point", "coordinates": [8.753615902711566, 47.13804070010021]}}, {"id": "11985", "type": "Feature", "properties": {"name": "Hurden", "lon": 8.800705586569809, "lat": 47.21417978934138, "stop_id": ["8503299:0:1.link:1599340", "8503299:0:1.link:1599341"], "lines": [{"line_id": "91-40-j24-1", "route_id": "389.TA.91-40-j24-1.51.R", "mode": "rail", "line_name": "S40"}, {"line_id": "91-40-j24-1", "route_id": "333.TA.91-40-j24-1.49.R", "mode": "rail", "line_name": "S40"}, {"line_id": "91-40-j24-1", "route_id": "291.TA.91-40-j24-1.155.R", "mode": "rail", "line_name": "S40"}, {"line_id": "91-40-j24-1", "route_id": "377.TA.91-40-j24-1.50.R", "mode": "rail", "line_name": "S40"}, {"line_id": "91-40-j24-1", "route_id": "369.TA.91-40-j24-1.50.R", "mode": "rail", "line_name": "S40"}, {"line_id": "91-40-j24-1", "route_id": "244.TA.91-40-j24-1.38.R", "mode": "rail", "line_name": "S40"}, {"line_id": "91-40-j24-1", "route_id": "399.TA.91-40-j24-1.51.R", "mode": "rail", "line_name": "S40"}, {"line_id": "91-40-j24-1", "route_id": "468.TA.91-40-j24-1.156.R", "mode": "rail", "line_name": "S40"}, {"line_id": "91-40-j24-1", "route_id": "395.TA.91-40-j24-1.51.R", "mode": "rail", "line_name": "S40"}, {"line_id": "91-40-j24-1", "route_id": "279.TA.91-40-j24-1.80.R", "mode": "rail", "line_name": "S40"}, {"line_id": "91-40-j24-1", "route_id": "379.TA.91-40-j24-1.50.R", "mode": "rail", "line_name": "S40"}, {"line_id": "91-40-j24-1", "route_id": "203.TA.91-40-j24-1.24.H", "mode": "rail", "line_name": "S40"}, {"line_id": "91-40-j24-1", "route_id": "154.TA.91-40-j24-1.20.H", "mode": "rail", "line_name": "S40"}, {"line_id": "91-40-j24-1", "route_id": "52.TA.91-40-j24-1.13.H", "mode": "rail", "line_name": "S40"}, {"line_id": "91-40-j24-1", "route_id": "218.TA.91-40-j24-1.24.H", "mode": "rail", "line_name": "S40"}, {"line_id": "91-40-j24-1", "route_id": "216.TA.91-40-j24-1.24.H", "mode": "rail", "line_name": "S40"}, {"line_id": "91-40-j24-1", "route_id": "83.TA.91-40-j24-1.15.H", "mode": "rail", "line_name": "S40"}, {"line_id": "91-40-j24-1", "route_id": "158.TA.91-40-j24-1.20.H", "mode": "rail", "line_name": "S40"}, {"line_id": "91-40-j24-1", "route_id": "171.TA.91-40-j24-1.20.H", "mode": "rail", "line_name": "S40"}, {"line_id": "91-40-j24-1", "route_id": "19.TA.91-40-j24-1.145.H", "mode": "rail", "line_name": "S40"}, {"line_id": "91-40-j24-1", "route_id": "34.TA.91-40-j24-1.147.H", "mode": "rail", "line_name": "S40"}, {"line_id": "91-40-j24-1", "route_id": "147.TA.91-40-j24-1.19.H", "mode": "rail", "line_name": "S40"}, {"line_id": "91-40-j24-1", "route_id": "223.TA.91-40-j24-1.28.H", "mode": "rail", "line_name": "S40"}, {"line_id": "91-40-j24-1", "route_id": "124.TA.91-40-j24-1.150.H", "mode": "rail", "line_name": "S40"}], "predominant_mode": "rail", "assigned_canton": "Schwyz", "modes_list": ["rail"]}, "geometry": {"type": "Point", "coordinates": [8.800705595261878, 47.214179799375614]}}, {"id": "11986", "type": "Feature", "properties": {"name": "Hurden, Seedammstrasse", "lon": 8.799663536546326, "lat": 47.21348416935774, "stop_id": ["8510942.link:207199", "8510942.link:207200"], "lines": [{"line_id": "92-EV1-D-j24-1", "route_id": "10.TA.92-EV1-D-j24-1.14.H", "mode": "bus", "line_name": "EV1"}, {"line_id": "92-EV1-D-j24-1", "route_id": "138.TA.92-EV1-D-j24-1.18.R", "mode": "bus", "line_name": "EV1"}], "predominant_mode": "bus", "assigned_canton": "Schwyz", "modes_list": ["bus"]}, "geometry": {"type": "Point", "coordinates": [8.799663545237616, 47.21348417939204]}}, {"id": "12195", "type": "Feature", "properties": {"name": "Ibach, Abzw. Untersch\u00f6nenbuch", "lon": 8.643976509468118, "lat": 47.00036105179175, "stop_id": ["8592394.link:972222"], "lines": [{"line_id": "92-531-j24-1", "route_id": "27.TA.92-531-j24-1.2.H", "mode": "bus", "line_name": "531"}, {"line_id": "92-531-j24-1", "route_id": "16.TA.92-531-j24-1.2.H", "mode": "bus", "line_name": "531"}, {"line_id": "92-531-j24-1", "route_id": "38.TA.92-531-j24-1.3.H", "mode": "bus", "line_name": "531"}, {"line_id": "92-531-j24-1", "route_id": "36.TA.92-531-j24-1.3.H", "mode": "bus", "line_name": "531"}, {"line_id": "92-531-j24-1", "route_id": "25.TA.92-531-j24-1.2.H", "mode": "bus", "line_name": "531"}, {"line_id": "92-531-j24-1", "route_id": "22.TA.92-531-j24-1.2.H", "mode": "bus", "line_name": "531"}], "predominant_mode": "bus", "assigned_canton": "Schwyz", "modes_list": ["bus"]}, "geometry": {"type": "Point", "coordinates": [8.643976518073298, 47.00036106179508]}}, {"id": "12196", "type": "Feature", "properties": {"name": "Ibach, Diesel", "lon": 8.635316749770936, "lat": 47.009801091928644, "stop_id": ["8577433.link:1897448", "8577433.link:1897449"], "lines": [{"line_id": "92-502-A-j24-1", "route_id": "1803.TA.92-502-A-j24-1.827.R", "mode": "bus", "line_name": "502"}, {"line_id": "92-508-A-j24-1", "route_id": "652.TA.92-508-A-j24-1.129.R", "mode": "bus", "line_name": "508"}, {"line_id": "92-502-A-j24-1", "route_id": "2143.TA.92-502-A-j24-1.811.R", "mode": "bus", "line_name": "502"}, {"line_id": "92-508-A-j24-1", "route_id": "772.TA.92-508-A-j24-1.26.R", "mode": "bus", "line_name": "508"}, {"line_id": "92-502-A-j24-1", "route_id": "1820.TA.92-502-A-j24-1.828.R", "mode": "bus", "line_name": "502"}, {"line_id": "92-508-A-j24-1", "route_id": "497.TA.92-508-A-j24-1.18.R", "mode": "bus", "line_name": "508"}, {"line_id": "92-502-A-j24-1", "route_id": "1592.TA.92-502-A-j24-1.804.R", "mode": "bus", "line_name": "502"}, {"line_id": "92-508-A-j24-1", "route_id": "801.TA.92-508-A-j24-1.26.R", "mode": "bus", "line_name": "508"}, {"line_id": "92-508-A-j24-1", "route_id": "504.TA.92-508-A-j24-1.18.R", "mode": "bus", "line_name": "508"}, {"line_id": "92-508-A-j24-1", "route_id": "599.TA.92-508-A-j24-1.21.R", "mode": "bus", "line_name": "508"}, {"line_id": "92-508-A-j24-1", "route_id": "711.TA.92-508-A-j24-1.24.R", "mode": "bus", "line_name": "508"}, {"line_id": "92-508-A-j24-1", "route_id": "487.TA.92-508-A-j24-1.17.R", "mode": "bus", "line_name": "508"}, {"line_id": "92-502-A-j24-1", "route_id": "1810.TA.92-502-A-j24-1.828.R", "mode": "bus", "line_name": "502"}, {"line_id": "92-508-A-j24-1", "route_id": "574.TA.92-508-A-j24-1.21.R", "mode": "bus", "line_name": "508"}, {"line_id": "92-502-A-j24-1", "route_id": "1510.TA.92-502-A-j24-1.602.R", "mode": "bus", "line_name": "502"}, {"line_id": "92-508-A-j24-1", "route_id": "848.TA.92-508-A-j24-1.26.R", "mode": "bus", "line_name": "508"}, {"line_id": "92-508-A-j24-1", "route_id": "728.TA.92-508-A-j24-1.24.R", "mode": "bus", "line_name": "508"}, {"line_id": "92-502-A-j24-1", "route_id": "493.TA.92-502-A-j24-1.818.H", "mode": "bus", "line_name": "502"}, {"line_id": "92-508-A-j24-1", "route_id": "69.TA.92-508-A-j24-1.6.H", "mode": "bus", "line_name": "508"}, {"line_id": "92-502-A-j24-1", "route_id": "945.TA.92-502-A-j24-1.795.H", "mode": "bus", "line_name": "502"}, {"line_id": "92-508-A-j24-1", "route_id": "375.TA.92-508-A-j24-1.12.H", "mode": "bus", "line_name": "508"}, {"line_id": "92-502-A-j24-1", "route_id": "325.TA.92-502-A-j24-1.16.H", "mode": "bus", "line_name": "502"}, {"line_id": "92-508-A-j24-1", "route_id": "239.TA.92-508-A-j24-1.11.H", "mode": "bus", "line_name": "508"}, {"line_id": "92-502-A-j24-1", "route_id": "1604.TA.92-502-A-j24-1.607.R", "mode": "bus", "line_name": "502"}, {"line_id": "92-508-A-j24-1", "route_id": "55.TA.92-508-A-j24-1.5.H", "mode": "bus", "line_name": "508"}, {"line_id": "92-502-A-j24-1", "route_id": "450.TA.92-502-A-j24-1.817.H", "mode": "bus", "line_name": "502"}, {"line_id": "92-508-A-j24-1", "route_id": "151.TA.92-508-A-j24-1.8.H", "mode": "bus", "line_name": "508"}, {"line_id": "92-502-A-j24-1", "route_id": "515.TA.92-502-A-j24-1.818.H", "mode": "bus", "line_name": "502"}, {"line_id": "92-508-A-j24-1", "route_id": "231.TA.92-508-A-j24-1.11.H", "mode": "bus", "line_name": "508"}, {"line_id": "92-508-A-j24-1", "route_id": "134.TA.92-508-A-j24-1.8.H", "mode": "bus", "line_name": "508"}, {"line_id": "92-508-A-j24-1", "route_id": "336.TA.92-508-A-j24-1.12.H", "mode": "bus", "line_name": "508"}, {"line_id": "92-508-A-j24-1", "route_id": "324.TA.92-508-A-j24-1.12.H", "mode": "bus", "line_name": "508"}, {"line_id": "92-502-A-j24-1", "route_id": "931.TA.92-502-A-j24-1.795.H", "mode": "bus", "line_name": "502"}, {"line_id": "92-502-A-j24-1", "route_id": "527.TA.92-502-A-j24-1.818.H", "mode": "bus", "line_name": "502"}], "predominant_mode": "bus", "assigned_canton": "Schwyz", "modes_list": ["bus"]}, "geometry": {"type": "Point", "coordinates": [8.635316758364851, 47.00980110193802]}}, {"id": "12197", "type": "Feature", "properties": {"name": "Ibach, Eichenweg", "lon": 8.652968649886118, "lat": 47.01298618165159, "stop_id": ["8592395.link:134995"], "lines": [{"line_id": "92-532-j24-1", "route_id": "114.TA.92-532-j24-1.7.H", "mode": "bus", "line_name": "532"}], "predominant_mode": "bus", "assigned_canton": "Schwyz", "modes_list": ["bus"]}, "geometry": {"type": "Point", "coordinates": [8.652968658496357, 47.01298619165707]}}, {"id": "12198", "type": "Feature", "properties": {"name": "Ibach, Eigenwies", "lon": 8.643608199970862, "lat": 47.0157607417989, "stop_id": ["8577429.link:1191050", "8577429.link:1191051"], "lines": [{"line_id": "92-503-j24-1", "route_id": "172.TA.92-503-j24-1.10.H", "mode": "bus", "line_name": "503"}, {"line_id": "92-503-j24-1", "route_id": "225.TA.92-503-j24-1.10.H", "mode": "bus", "line_name": "503"}, {"line_id": "92-503-j24-1", "route_id": "10.TA.92-503-j24-1.2.H", "mode": "bus", "line_name": "503"}, {"line_id": "92-503-j24-1", "route_id": "167.TA.92-503-j24-1.9.H", "mode": "bus", "line_name": "503"}, {"line_id": "92-503-j24-1", "route_id": "134.TA.92-503-j24-1.9.H", "mode": "bus", "line_name": "503"}, {"line_id": "92-503-j24-1", "route_id": "67.TA.92-503-j24-1.9.H", "mode": "bus", "line_name": "503"}, {"line_id": "92-503-j24-1", "route_id": "441.TA.92-503-j24-1.65.R", "mode": "bus", "line_name": "503"}, {"line_id": "92-503-j24-1", "route_id": "483.TA.92-503-j24-1.67.R", "mode": "bus", "line_name": "503"}, {"line_id": "92-503-j24-1", "route_id": "473.TA.92-503-j24-1.67.R", "mode": "bus", "line_name": "503"}, {"line_id": "92-503-j24-1", "route_id": "379.TA.92-503-j24-1.65.R", "mode": "bus", "line_name": "503"}], "predominant_mode": "bus", "assigned_canton": "Schwyz", "modes_list": ["bus"]}, "geometry": {"type": "Point", "coordinates": [8.643608208571134, 47.01576075180813]}}, {"id": "12199", "type": "Feature", "properties": {"name": "Ibach, Erlen", "lon": 8.642063099807604, "lat": 47.01079339182271, "stop_id": ["8505096.link:1473614", "8505096.link:1473615"], "lines": [{"line_id": "92-502-A-j24-1", "route_id": "1803.TA.92-502-A-j24-1.827.R", "mode": "bus", "line_name": "502"}, {"line_id": "92-508-A-j24-1", "route_id": "652.TA.92-508-A-j24-1.129.R", "mode": "bus", "line_name": "508"}, {"line_id": "92-502-A-j24-1", "route_id": "2143.TA.92-502-A-j24-1.811.R", "mode": "bus", "line_name": "502"}, {"line_id": "92-508-A-j24-1", "route_id": "772.TA.92-508-A-j24-1.26.R", "mode": "bus", "line_name": "508"}, {"line_id": "92-502-A-j24-1", "route_id": "1820.TA.92-502-A-j24-1.828.R", "mode": "bus", "line_name": "502"}, {"line_id": "92-508-A-j24-1", "route_id": "497.TA.92-508-A-j24-1.18.R", "mode": "bus", "line_name": "508"}, {"line_id": "92-502-A-j24-1", "route_id": "1592.TA.92-502-A-j24-1.804.R", "mode": "bus", "line_name": "502"}, {"line_id": "92-508-A-j24-1", "route_id": "801.TA.92-508-A-j24-1.26.R", "mode": "bus", "line_name": "508"}, {"line_id": "92-508-A-j24-1", "route_id": "504.TA.92-508-A-j24-1.18.R", "mode": "bus", "line_name": "508"}, {"line_id": "92-508-A-j24-1", "route_id": "599.TA.92-508-A-j24-1.21.R", "mode": "bus", "line_name": "508"}, {"line_id": "92-508-A-j24-1", "route_id": "711.TA.92-508-A-j24-1.24.R", "mode": "bus", "line_name": "508"}, {"line_id": "92-508-A-j24-1", "route_id": "487.TA.92-508-A-j24-1.17.R", "mode": "bus", "line_name": "508"}, {"line_id": "92-502-A-j24-1", "route_id": "1810.TA.92-502-A-j24-1.828.R", "mode": "bus", "line_name": "502"}, {"line_id": "92-508-A-j24-1", "route_id": "848.TA.92-508-A-j24-1.26.R", "mode": "bus", "line_name": "508"}, {"line_id": "92-508-A-j24-1", "route_id": "574.TA.92-508-A-j24-1.21.R", "mode": "bus", "line_name": "508"}, {"line_id": "92-502-A-j24-1", "route_id": "1510.TA.92-502-A-j24-1.602.R", "mode": "bus", "line_name": "502"}, {"line_id": "92-502-A-j24-1", "route_id": "1153.TA.92-502-A-j24-1.44.R", "mode": "bus", "line_name": "502"}, {"line_id": "92-508-A-j24-1", "route_id": "728.TA.92-508-A-j24-1.24.R", "mode": "bus", "line_name": "508"}, {"line_id": "92-508-A-j24-1", "route_id": "375.TA.92-508-A-j24-1.12.H", "mode": "bus", "line_name": "508"}, {"line_id": "92-502-A-j24-1", "route_id": "1604.TA.92-502-A-j24-1.607.R", "mode": "bus", "line_name": "502"}, {"line_id": "92-508-A-j24-1", "route_id": "231.TA.92-508-A-j24-1.11.H", "mode": "bus", "line_name": "508"}, {"line_id": "92-508-A-j24-1", "route_id": "324.TA.92-508-A-j24-1.12.H", "mode": "bus", "line_name": "508"}, {"line_id": "92-502-A-j24-1", "route_id": "931.TA.92-502-A-j24-1.795.H", "mode": "bus", "line_name": "502"}, {"line_id": "92-502-A-j24-1", "route_id": "527.TA.92-502-A-j24-1.818.H", "mode": "bus", "line_name": "502"}, {"line_id": "92-502-A-j24-1", "route_id": "945.TA.92-502-A-j24-1.795.H", "mode": "bus", "line_name": "502"}, {"line_id": "92-508-A-j24-1", "route_id": "239.TA.92-508-A-j24-1.11.H", "mode": "bus", "line_name": "508"}, {"line_id": "92-502-A-j24-1", "route_id": "4.TA.92-502-A-j24-1.1.H", "mode": "bus", "line_name": "502"}, {"line_id": "92-502-A-j24-1", "route_id": "325.TA.92-502-A-j24-1.16.H", "mode": "bus", "line_name": "502"}, {"line_id": "92-508-A-j24-1", "route_id": "55.TA.92-508-A-j24-1.5.H", "mode": "bus", "line_name": "508"}, {"line_id": "92-502-A-j24-1", "route_id": "515.TA.92-502-A-j24-1.818.H", "mode": "bus", "line_name": "502"}, {"line_id": "92-508-A-j24-1", "route_id": "134.TA.92-508-A-j24-1.8.H", "mode": "bus", "line_name": "508"}, {"line_id": "92-508-A-j24-1", "route_id": "3.TA.92-508-A-j24-1.1.H", "mode": "bus", "line_name": "508"}, {"line_id": "92-502-A-j24-1", "route_id": "493.TA.92-502-A-j24-1.818.H", "mode": "bus", "line_name": "502"}, {"line_id": "92-508-A-j24-1", "route_id": "69.TA.92-508-A-j24-1.6.H", "mode": "bus", "line_name": "508"}, {"line_id": "92-508-A-j24-1", "route_id": "151.TA.92-508-A-j24-1.8.H", "mode": "bus", "line_name": "508"}, {"line_id": "92-508-A-j24-1", "route_id": "336.TA.92-508-A-j24-1.12.H", "mode": "bus", "line_name": "508"}, {"line_id": "92-508-A-j24-1", "route_id": "52.TA.92-508-A-j24-1.4.H", "mode": "bus", "line_name": "508"}], "predominant_mode": "bus", "assigned_canton": "Schwyz", "modes_list": ["bus"]}, "geometry": {"type": "Point", "coordinates": [8.642063108407832, 47.010793401830526]}}, {"id": "12200", "type": "Feature", "properties": {"name": "Ibach, Husmatt", "lon": 8.6445783795301, "lat": 47.00224797178246, "stop_id": ["8592396.link:967491", "8592396.link:967492"], "lines": [{"line_id": "92-531-j24-1", "route_id": "27.TA.92-531-j24-1.2.H", "mode": "bus", "line_name": "531"}, {"line_id": "92-531-j24-1", "route_id": "16.TA.92-531-j24-1.2.H", "mode": "bus", "line_name": "531"}, {"line_id": "92-531-j24-1", "route_id": "38.TA.92-531-j24-1.3.H", "mode": "bus", "line_name": "531"}, {"line_id": "92-531-j24-1", "route_id": "36.TA.92-531-j24-1.3.H", "mode": "bus", "line_name": "531"}, {"line_id": "92-531-j24-1", "route_id": "25.TA.92-531-j24-1.2.H", "mode": "bus", "line_name": "531"}, {"line_id": "92-531-j24-1", "route_id": "22.TA.92-531-j24-1.2.H", "mode": "bus", "line_name": "531"}, {"line_id": "92-531-j24-1", "route_id": "73.TA.92-531-j24-1.19.R", "mode": "bus", "line_name": "531"}, {"line_id": "92-531-j24-1", "route_id": "79.TA.92-531-j24-1.19.R", "mode": "bus", "line_name": "531"}, {"line_id": "92-531-j24-1", "route_id": "63.TA.92-531-j24-1.18.R", "mode": "bus", "line_name": "531"}], "predominant_mode": "bus", "assigned_canton": "Schwyz", "modes_list": ["bus"]}, "geometry": {"type": "Point", "coordinates": [8.644578388135312, 47.00224798178633]}}, {"id": "12201", "type": "Feature", "properties": {"name": "Ibach, Kapelle", "lon": 8.644542449399276, "lat": 46.99824126178268, "stop_id": ["8595231.link:727641"], "lines": [{"line_id": "92-531-j24-1", "route_id": "27.TA.92-531-j24-1.2.H", "mode": "bus", "line_name": "531"}, {"line_id": "92-531-j24-1", "route_id": "16.TA.92-531-j24-1.2.H", "mode": "bus", "line_name": "531"}, {"line_id": "92-531-j24-1", "route_id": "38.TA.92-531-j24-1.3.H", "mode": "bus", "line_name": "531"}, {"line_id": "92-531-j24-1", "route_id": "36.TA.92-531-j24-1.3.H", "mode": "bus", "line_name": "531"}, {"line_id": "92-531-j24-1", "route_id": "25.TA.92-531-j24-1.2.H", "mode": "bus", "line_name": "531"}, {"line_id": "92-531-j24-1", "route_id": "22.TA.92-531-j24-1.2.H", "mode": "bus", "line_name": "531"}], "predominant_mode": "bus", "assigned_canton": "Schwyz", "modes_list": ["bus"]}, "geometry": {"type": "Point", "coordinates": [8.64454245800563, 46.99824127178505]}}, {"id": "12202", "type": "Feature", "properties": {"name": "Ibach, Kieswerk", "lon": 8.645171269584893, "lat": 47.00391428177329, "stop_id": ["8592397.link:235729", "8592397.link:235730"], "lines": [{"line_id": "92-531-j24-1", "route_id": "27.TA.92-531-j24-1.2.H", "mode": "bus", "line_name": "531"}, {"line_id": "92-531-j24-1", "route_id": "16.TA.92-531-j24-1.2.H", "mode": "bus", "line_name": "531"}, {"line_id": "92-531-j24-1", "route_id": "38.TA.92-531-j24-1.3.H", "mode": "bus", "line_name": "531"}, {"line_id": "92-531-j24-1", "route_id": "36.TA.92-531-j24-1.3.H", "mode": "bus", "line_name": "531"}, {"line_id": "92-531-j24-1", "route_id": "25.TA.92-531-j24-1.2.H", "mode": "bus", "line_name": "531"}, {"line_id": "92-531-j24-1", "route_id": "22.TA.92-531-j24-1.2.H", "mode": "bus", "line_name": "531"}, {"line_id": "92-531-j24-1", "route_id": "73.TA.92-531-j24-1.19.R", "mode": "bus", "line_name": "531"}, {"line_id": "92-531-j24-1", "route_id": "79.TA.92-531-j24-1.19.R", "mode": "bus", "line_name": "531"}, {"line_id": "92-531-j24-1", "route_id": "63.TA.92-531-j24-1.18.R", "mode": "bus", "line_name": "531"}], "predominant_mode": "bus", "assigned_canton": "Schwyz", "modes_list": ["bus"]}, "geometry": {"type": "Point", "coordinates": [8.645171278190192, 47.003914291777605]}}, {"id": "12203", "type": "Feature", "properties": {"name": "Ibach, Kirche", "lon": 8.645422799897986, "lat": 47.01349456177015, "stop_id": ["8505084.link:1091053", "8505084.link:1191058", "8505084.link:183071", "8505084.link:183072"], "lines": [{"line_id": "92-531-j24-1", "route_id": "57.TA.92-531-j24-1.17.R", "mode": "bus", "line_name": "531"}, {"line_id": "92-503-j24-1", "route_id": "21.TA.92-503-j24-1.6.H", "mode": "bus", "line_name": "503"}, {"line_id": "92-503-j24-1", "route_id": "134.TA.92-503-j24-1.9.H", "mode": "bus", "line_name": "503"}, {"line_id": "92-503-j24-1", "route_id": "172.TA.92-503-j24-1.10.H", "mode": "bus", "line_name": "503"}, {"line_id": "92-503-j24-1", "route_id": "225.TA.92-503-j24-1.10.H", "mode": "bus", "line_name": "503"}, {"line_id": "92-503-j24-1", "route_id": "10.TA.92-503-j24-1.2.H", "mode": "bus", "line_name": "503"}, {"line_id": "92-503-j24-1", "route_id": "167.TA.92-503-j24-1.9.H", "mode": "bus", "line_name": "503"}, {"line_id": "92-503-j24-1", "route_id": "67.TA.92-503-j24-1.9.H", "mode": "bus", "line_name": "503"}, {"line_id": "92-531-j24-1", "route_id": "73.TA.92-531-j24-1.19.R", "mode": "bus", "line_name": "531"}, {"line_id": "92-508-A-j24-1", "route_id": "497.TA.92-508-A-j24-1.18.R", "mode": "bus", "line_name": "508"}, {"line_id": "92-531-j24-1", "route_id": "63.TA.92-531-j24-1.18.R", "mode": "bus", "line_name": "531"}, {"line_id": "92-502-A-j24-1", "route_id": "1803.TA.92-502-A-j24-1.827.R", "mode": "bus", "line_name": "502"}, {"line_id": "92-502-A-j24-1", "route_id": "1820.TA.92-502-A-j24-1.828.R", "mode": "bus", "line_name": "502"}, {"line_id": "92-508-A-j24-1", "route_id": "801.TA.92-508-A-j24-1.26.R", "mode": "bus", "line_name": "508"}, {"line_id": "92-508-A-j24-1", "route_id": "574.TA.92-508-A-j24-1.21.R", "mode": "bus", "line_name": "508"}, {"line_id": "92-508-A-j24-1", "route_id": "652.TA.92-508-A-j24-1.129.R", "mode": "bus", "line_name": "508"}, {"line_id": "92-508-A-j24-1", "route_id": "728.TA.92-508-A-j24-1.24.R", "mode": "bus", "line_name": "508"}, {"line_id": "92-531-j24-1", "route_id": "79.TA.92-531-j24-1.19.R", "mode": "bus", "line_name": "531"}, {"line_id": "92-502-A-j24-1", "route_id": "2143.TA.92-502-A-j24-1.811.R", "mode": "bus", "line_name": "502"}, {"line_id": "92-502-A-j24-1", "route_id": "1592.TA.92-502-A-j24-1.804.R", "mode": "bus", "line_name": "502"}, {"line_id": "92-508-A-j24-1", "route_id": "487.TA.92-508-A-j24-1.17.R", "mode": "bus", "line_name": "508"}, {"line_id": "92-502-A-j24-1", "route_id": "1810.TA.92-502-A-j24-1.828.R", "mode": "bus", "line_name": "502"}, {"line_id": "92-502-A-j24-1", "route_id": "1510.TA.92-502-A-j24-1.602.R", "mode": "bus", "line_name": "502"}, {"line_id": "92-508-A-j24-1", "route_id": "848.TA.92-508-A-j24-1.26.R", "mode": "bus", "line_name": "508"}, {"line_id": "92-502-A-j24-1", "route_id": "1153.TA.92-502-A-j24-1.44.R", "mode": "bus", "line_name": "502"}, {"line_id": "92-508-A-j24-1", "route_id": "772.TA.92-508-A-j24-1.26.R", "mode": "bus", "line_name": "508"}, {"line_id": "92-508-A-j24-1", "route_id": "504.TA.92-508-A-j24-1.18.R", "mode": "bus", "line_name": "508"}, {"line_id": "92-508-A-j24-1", "route_id": "599.TA.92-508-A-j24-1.21.R", "mode": "bus", "line_name": "508"}, {"line_id": "92-508-A-j24-1", "route_id": "711.TA.92-508-A-j24-1.24.R", "mode": "bus", "line_name": "508"}, {"line_id": "92-508-A-j24-1", "route_id": "375.TA.92-508-A-j24-1.12.H", "mode": "bus", "line_name": "508"}, {"line_id": "92-502-A-j24-1", "route_id": "1604.TA.92-502-A-j24-1.607.R", "mode": "bus", "line_name": "502"}, {"line_id": "92-508-A-j24-1", "route_id": "231.TA.92-508-A-j24-1.11.H", "mode": "bus", "line_name": "508"}, {"line_id": "92-508-A-j24-1", "route_id": "324.TA.92-508-A-j24-1.12.H", "mode": "bus", "line_name": "508"}, {"line_id": "92-502-A-j24-1", "route_id": "931.TA.92-502-A-j24-1.795.H", "mode": "bus", "line_name": "502"}, {"line_id": "92-502-A-j24-1", "route_id": "527.TA.92-502-A-j24-1.818.H", "mode": "bus", "line_name": "502"}, {"line_id": "92-531-j24-1", "route_id": "27.TA.92-531-j24-1.2.H", "mode": "bus", "line_name": "531"}, {"line_id": "92-502-A-j24-1", "route_id": "945.TA.92-502-A-j24-1.795.H", "mode": "bus", "line_name": "502"}, {"line_id": "92-508-A-j24-1", "route_id": "239.TA.92-508-A-j24-1.11.H", "mode": "bus", "line_name": "508"}, {"line_id": "92-531-j24-1", "route_id": "16.TA.92-531-j24-1.2.H", "mode": "bus", "line_name": "531"}, {"line_id": "92-531-j24-1", "route_id": "25.TA.92-531-j24-1.2.H", "mode": "bus", "line_name": "531"}, {"line_id": "92-531-j24-1", "route_id": "22.TA.92-531-j24-1.2.H", "mode": "bus", "line_name": "531"}, {"line_id": "92-502-A-j24-1", "route_id": "4.TA.92-502-A-j24-1.1.H", "mode": "bus", "line_name": "502"}, {"line_id": "92-502-A-j24-1", "route_id": "325.TA.92-502-A-j24-1.16.H", "mode": "bus", "line_name": "502"}, {"line_id": "92-508-A-j24-1", "route_id": "55.TA.92-508-A-j24-1.5.H", "mode": "bus", "line_name": "508"}, {"line_id": "92-502-A-j24-1", "route_id": "515.TA.92-502-A-j24-1.818.H", "mode": "bus", "line_name": "502"}, {"line_id": "92-508-A-j24-1", "route_id": "134.TA.92-508-A-j24-1.8.H", "mode": "bus", "line_name": "508"}, {"line_id": "92-531-j24-1", "route_id": "38.TA.92-531-j24-1.3.H", "mode": "bus", "line_name": "531"}, {"line_id": "92-531-j24-1", "route_id": "36.TA.92-531-j24-1.3.H", "mode": "bus", "line_name": "531"}, {"line_id": "92-508-A-j24-1", "route_id": "3.TA.92-508-A-j24-1.1.H", "mode": "bus", "line_name": "508"}, {"line_id": "92-502-A-j24-1", "route_id": "493.TA.92-502-A-j24-1.818.H", "mode": "bus", "line_name": "502"}, {"line_id": "92-508-A-j24-1", "route_id": "69.TA.92-508-A-j24-1.6.H", "mode": "bus", "line_name": "508"}, {"line_id": "92-508-A-j24-1", "route_id": "151.TA.92-508-A-j24-1.8.H", "mode": "bus", "line_name": "508"}, {"line_id": "92-508-A-j24-1", "route_id": "336.TA.92-508-A-j24-1.12.H", "mode": "bus", "line_name": "508"}, {"line_id": "92-508-A-j24-1", "route_id": "52.TA.92-508-A-j24-1.4.H", "mode": "bus", "line_name": "508"}], "predominant_mode": "bus", "assigned_canton": "Schwyz", "modes_list": ["bus"]}, "geometry": {"type": "Point", "coordinates": [8.645422808500697, 47.013494571777976]}}, {"id": "12204", "type": "Feature", "properties": {"name": "Ibach, Landsgemeindestrasse", "lon": 8.645575509734416, "lat": 47.008484111767345, "stop_id": ["8592398.link:183095"], "lines": [{"line_id": "92-531-j24-1", "route_id": "27.TA.92-531-j24-1.2.H", "mode": "bus", "line_name": "531"}, {"line_id": "92-531-j24-1", "route_id": "16.TA.92-531-j24-1.2.H", "mode": "bus", "line_name": "531"}, {"line_id": "92-531-j24-1", "route_id": "38.TA.92-531-j24-1.3.H", "mode": "bus", "line_name": "531"}, {"line_id": "92-531-j24-1", "route_id": "36.TA.92-531-j24-1.3.H", "mode": "bus", "line_name": "531"}, {"line_id": "92-531-j24-1", "route_id": "25.TA.92-531-j24-1.2.H", "mode": "bus", "line_name": "531"}, {"line_id": "92-531-j24-1", "route_id": "22.TA.92-531-j24-1.2.H", "mode": "bus", "line_name": "531"}], "predominant_mode": "bus", "assigned_canton": "Schwyz", "modes_list": ["bus"]}, "geometry": {"type": "Point", "coordinates": [8.645575518338763, 47.00848412177326]}}, {"id": "12205", "type": "Feature", "properties": {"name": "Ibach, Mythen Center", "lon": 8.648315369971826, "lat": 47.01569949172493, "stop_id": ["8577430.link:715910", "8577430.link:715911"], "lines": [{"line_id": "92-503-j24-1", "route_id": "10.TA.92-503-j24-1.2.H", "mode": "bus", "line_name": "503"}, {"line_id": "92-531-j24-1", "route_id": "73.TA.92-531-j24-1.19.R", "mode": "bus", "line_name": "531"}, {"line_id": "92-508-A-j24-1", "route_id": "497.TA.92-508-A-j24-1.18.R", "mode": "bus", "line_name": "508"}, {"line_id": "92-503-j24-1", "route_id": "167.TA.92-503-j24-1.9.H", "mode": "bus", "line_name": "503"}, {"line_id": "92-531-j24-1", "route_id": "63.TA.92-531-j24-1.18.R", "mode": "bus", "line_name": "531"}, {"line_id": "92-503-j24-1", "route_id": "172.TA.92-503-j24-1.10.H", "mode": "bus", "line_name": "503"}, {"line_id": "92-502-A-j24-1", "route_id": "1803.TA.92-502-A-j24-1.827.R", "mode": "bus", "line_name": "502"}, {"line_id": "92-502-A-j24-1", "route_id": "1820.TA.92-502-A-j24-1.828.R", "mode": "bus", "line_name": "502"}, {"line_id": "92-508-A-j24-1", "route_id": "801.TA.92-508-A-j24-1.26.R", "mode": "bus", "line_name": "508"}, {"line_id": "92-508-A-j24-1", "route_id": "574.TA.92-508-A-j24-1.21.R", "mode": "bus", "line_name": "508"}, {"line_id": "92-531-j24-1", "route_id": "57.TA.92-531-j24-1.17.R", "mode": "bus", "line_name": "531"}, {"line_id": "92-508-A-j24-1", "route_id": "652.TA.92-508-A-j24-1.129.R", "mode": "bus", "line_name": "508"}, {"line_id": "92-508-A-j24-1", "route_id": "728.TA.92-508-A-j24-1.24.R", "mode": "bus", "line_name": "508"}, {"line_id": "92-531-j24-1", "route_id": "79.TA.92-531-j24-1.19.R", "mode": "bus", "line_name": "531"}, {"line_id": "92-503-j24-1", "route_id": "225.TA.92-503-j24-1.10.H", "mode": "bus", "line_name": "503"}, {"line_id": "92-502-A-j24-1", "route_id": "2143.TA.92-502-A-j24-1.811.R", "mode": "bus", "line_name": "502"}, {"line_id": "92-502-A-j24-1", "route_id": "1592.TA.92-502-A-j24-1.804.R", "mode": "bus", "line_name": "502"}, {"line_id": "92-508-A-j24-1", "route_id": "487.TA.92-508-A-j24-1.17.R", "mode": "bus", "line_name": "508"}, {"line_id": "92-502-A-j24-1", "route_id": "1810.TA.92-502-A-j24-1.828.R", "mode": "bus", "line_name": "502"}, {"line_id": "92-503-j24-1", "route_id": "134.TA.92-503-j24-1.9.H", "mode": "bus", "line_name": "503"}, {"line_id": "92-502-A-j24-1", "route_id": "1510.TA.92-502-A-j24-1.602.R", "mode": "bus", "line_name": "502"}, {"line_id": "92-508-A-j24-1", "route_id": "848.TA.92-508-A-j24-1.26.R", "mode": "bus", "line_name": "508"}, {"line_id": "92-503-j24-1", "route_id": "67.TA.92-503-j24-1.9.H", "mode": "bus", "line_name": "503"}, {"line_id": "92-502-A-j24-1", "route_id": "1153.TA.92-502-A-j24-1.44.R", "mode": "bus", "line_name": "502"}, {"line_id": "92-503-j24-1", "route_id": "21.TA.92-503-j24-1.6.H", "mode": "bus", "line_name": "503"}, {"line_id": "92-508-A-j24-1", "route_id": "772.TA.92-508-A-j24-1.26.R", "mode": "bus", "line_name": "508"}, {"line_id": "92-508-A-j24-1", "route_id": "504.TA.92-508-A-j24-1.18.R", "mode": "bus", "line_name": "508"}, {"line_id": "92-508-A-j24-1", "route_id": "599.TA.92-508-A-j24-1.21.R", "mode": "bus", "line_name": "508"}, {"line_id": "92-508-A-j24-1", "route_id": "711.TA.92-508-A-j24-1.24.R", "mode": "bus", "line_name": "508"}, {"line_id": "92-508-A-j24-1", "route_id": "375.TA.92-508-A-j24-1.12.H", "mode": "bus", "line_name": "508"}, {"line_id": "92-502-A-j24-1", "route_id": "1604.TA.92-502-A-j24-1.607.R", "mode": "bus", "line_name": "502"}, {"line_id": "92-508-A-j24-1", "route_id": "231.TA.92-508-A-j24-1.11.H", "mode": "bus", "line_name": "508"}, {"line_id": "92-508-A-j24-1", "route_id": "324.TA.92-508-A-j24-1.12.H", "mode": "bus", "line_name": "508"}, {"line_id": "92-502-A-j24-1", "route_id": "931.TA.92-502-A-j24-1.795.H", "mode": "bus", "line_name": "502"}, {"line_id": "92-532-j24-1", "route_id": "114.TA.92-532-j24-1.7.H", "mode": "bus", "line_name": "532"}, {"line_id": "92-502-A-j24-1", "route_id": "527.TA.92-502-A-j24-1.818.H", "mode": "bus", "line_name": "502"}, {"line_id": "92-531-j24-1", "route_id": "27.TA.92-531-j24-1.2.H", "mode": "bus", "line_name": "531"}, {"line_id": "92-502-A-j24-1", "route_id": "945.TA.92-502-A-j24-1.795.H", "mode": "bus", "line_name": "502"}, {"line_id": "92-508-A-j24-1", "route_id": "239.TA.92-508-A-j24-1.11.H", "mode": "bus", "line_name": "508"}, {"line_id": "92-531-j24-1", "route_id": "16.TA.92-531-j24-1.2.H", "mode": "bus", "line_name": "531"}, {"line_id": "92-503-j24-1", "route_id": "379.TA.92-503-j24-1.65.R", "mode": "bus", "line_name": "503"}, {"line_id": "92-503-j24-1", "route_id": "473.TA.92-503-j24-1.67.R", "mode": "bus", "line_name": "503"}, {"line_id": "92-531-j24-1", "route_id": "25.TA.92-531-j24-1.2.H", "mode": "bus", "line_name": "531"}, {"line_id": "92-531-j24-1", "route_id": "22.TA.92-531-j24-1.2.H", "mode": "bus", "line_name": "531"}, {"line_id": "92-502-A-j24-1", "route_id": "4.TA.92-502-A-j24-1.1.H", "mode": "bus", "line_name": "502"}, {"line_id": "92-502-A-j24-1", "route_id": "325.TA.92-502-A-j24-1.16.H", "mode": "bus", "line_name": "502"}, {"line_id": "92-508-A-j24-1", "route_id": "55.TA.92-508-A-j24-1.5.H", "mode": "bus", "line_name": "508"}, {"line_id": "92-502-A-j24-1", "route_id": "515.TA.92-502-A-j24-1.818.H", "mode": "bus", "line_name": "502"}, {"line_id": "92-508-A-j24-1", "route_id": "134.TA.92-508-A-j24-1.8.H", "mode": "bus", "line_name": "508"}, {"line_id": "92-503-j24-1", "route_id": "483.TA.92-503-j24-1.67.R", "mode": "bus", "line_name": "503"}, {"line_id": "92-531-j24-1", "route_id": "38.TA.92-531-j24-1.3.H", "mode": "bus", "line_name": "531"}, {"line_id": "92-532-j24-1", "route_id": "2.TA.92-532-j24-1.1.H", "mode": "bus", "line_name": "532"}, {"line_id": "92-531-j24-1", "route_id": "36.TA.92-531-j24-1.3.H", "mode": "bus", "line_name": "531"}, {"line_id": "92-508-A-j24-1", "route_id": "3.TA.92-508-A-j24-1.1.H", "mode": "bus", "line_name": "508"}, {"line_id": "92-503-j24-1", "route_id": "441.TA.92-503-j24-1.65.R", "mode": "bus", "line_name": "503"}, {"line_id": "92-502-A-j24-1", "route_id": "493.TA.92-502-A-j24-1.818.H", "mode": "bus", "line_name": "502"}, {"line_id": "92-508-A-j24-1", "route_id": "69.TA.92-508-A-j24-1.6.H", "mode": "bus", "line_name": "508"}, {"line_id": "92-508-A-j24-1", "route_id": "151.TA.92-508-A-j24-1.8.H", "mode": "bus", "line_name": "508"}, {"line_id": "92-508-A-j24-1", "route_id": "336.TA.92-508-A-j24-1.12.H", "mode": "bus", "line_name": "508"}, {"line_id": "92-508-A-j24-1", "route_id": "52.TA.92-508-A-j24-1.4.H", "mode": "bus", "line_name": "508"}], "predominant_mode": "bus", "assigned_canton": "Schwyz", "modes_list": ["bus"]}, "geometry": {"type": "Point", "coordinates": [8.648315378576717, 47.015699501732776]}}, {"id": "12206", "type": "Feature", "properties": {"name": "Ibach, Obersch\u00f6nenbuch", "lon": 8.646222299352095, "lat": 46.99676470175613, "stop_id": ["8587739.link:727645", "8587739.link:727646"], "lines": [{"line_id": "92-531-j24-1", "route_id": "27.TA.92-531-j24-1.2.H", "mode": "bus", "line_name": "531"}, {"line_id": "92-531-j24-1", "route_id": "16.TA.92-531-j24-1.2.H", "mode": "bus", "line_name": "531"}, {"line_id": "92-531-j24-1", "route_id": "38.TA.92-531-j24-1.3.H", "mode": "bus", "line_name": "531"}, {"line_id": "92-531-j24-1", "route_id": "36.TA.92-531-j24-1.3.H", "mode": "bus", "line_name": "531"}, {"line_id": "92-531-j24-1", "route_id": "25.TA.92-531-j24-1.2.H", "mode": "bus", "line_name": "531"}, {"line_id": "92-531-j24-1", "route_id": "22.TA.92-531-j24-1.2.H", "mode": "bus", "line_name": "531"}, {"line_id": "92-531-j24-1", "route_id": "73.TA.92-531-j24-1.19.R", "mode": "bus", "line_name": "531"}, {"line_id": "92-531-j24-1", "route_id": "79.TA.92-531-j24-1.19.R", "mode": "bus", "line_name": "531"}, {"line_id": "92-531-j24-1", "route_id": "63.TA.92-531-j24-1.18.R", "mode": "bus", "line_name": "531"}], "predominant_mode": "bus", "assigned_canton": "Schwyz", "modes_list": ["bus"]}, "geometry": {"type": "Point", "coordinates": [8.646222307960533, 46.99676471175746]}}, {"id": "12207", "type": "Feature", "properties": {"name": "Ibach, Pl\u00e4tzli", "lon": 8.644093289804704, "lat": 47.01066476179081, "stop_id": ["8592400.link:183091", "8592400.link:183092"], "lines": [{"line_id": "92-531-j24-1", "route_id": "27.TA.92-531-j24-1.2.H", "mode": "bus", "line_name": "531"}, {"line_id": "92-531-j24-1", "route_id": "16.TA.92-531-j24-1.2.H", "mode": "bus", "line_name": "531"}, {"line_id": "92-531-j24-1", "route_id": "38.TA.92-531-j24-1.3.H", "mode": "bus", "line_name": "531"}, {"line_id": "92-531-j24-1", "route_id": "36.TA.92-531-j24-1.3.H", "mode": "bus", "line_name": "531"}, {"line_id": "92-531-j24-1", "route_id": "25.TA.92-531-j24-1.2.H", "mode": "bus", "line_name": "531"}, {"line_id": "92-531-j24-1", "route_id": "22.TA.92-531-j24-1.2.H", "mode": "bus", "line_name": "531"}, {"line_id": "92-531-j24-1", "route_id": "73.TA.92-531-j24-1.19.R", "mode": "bus", "line_name": "531"}, {"line_id": "92-531-j24-1", "route_id": "79.TA.92-531-j24-1.19.R", "mode": "bus", "line_name": "531"}, {"line_id": "92-531-j24-1", "route_id": "63.TA.92-531-j24-1.18.R", "mode": "bus", "line_name": "531"}], "predominant_mode": "bus", "assigned_canton": "Schwyz", "modes_list": ["bus"]}, "geometry": {"type": "Point", "coordinates": [8.644093298406956, 47.01066477179796]}}, {"id": "12208", "type": "Feature", "properties": {"name": "Ibach, Rainweg", "lon": 8.651809819906797, "lat": 47.01364155166984, "stop_id": ["8592401.link:134993"], "lines": [{"line_id": "92-532-j24-1", "route_id": "114.TA.92-532-j24-1.7.H", "mode": "bus", "line_name": "532"}], "predominant_mode": "bus", "assigned_canton": "Schwyz", "modes_list": ["bus"]}, "geometry": {"type": "Point", "coordinates": [8.651809828515713, 47.01364156167588]}}, {"id": "12209", "type": "Feature", "properties": {"name": "Ibach, Rest. Rose", "lon": 8.647075699643503, "lat": 47.005672431743555, "stop_id": ["8592402.link:235727", "8592402.link:235728"], "lines": [{"line_id": "92-531-j24-1", "route_id": "27.TA.92-531-j24-1.2.H", "mode": "bus", "line_name": "531"}, {"line_id": "92-531-j24-1", "route_id": "16.TA.92-531-j24-1.2.H", "mode": "bus", "line_name": "531"}, {"line_id": "92-531-j24-1", "route_id": "38.TA.92-531-j24-1.3.H", "mode": "bus", "line_name": "531"}, {"line_id": "92-531-j24-1", "route_id": "36.TA.92-531-j24-1.3.H", "mode": "bus", "line_name": "531"}, {"line_id": "92-531-j24-1", "route_id": "25.TA.92-531-j24-1.2.H", "mode": "bus", "line_name": "531"}, {"line_id": "92-531-j24-1", "route_id": "22.TA.92-531-j24-1.2.H", "mode": "bus", "line_name": "531"}, {"line_id": "92-531-j24-1", "route_id": "73.TA.92-531-j24-1.19.R", "mode": "bus", "line_name": "531"}, {"line_id": "92-531-j24-1", "route_id": "79.TA.92-531-j24-1.19.R", "mode": "bus", "line_name": "531"}, {"line_id": "92-531-j24-1", "route_id": "63.TA.92-531-j24-1.18.R", "mode": "bus", "line_name": "531"}], "predominant_mode": "bus", "assigned_canton": "Schwyz", "modes_list": ["bus"]}, "geometry": {"type": "Point", "coordinates": [8.647075708250147, 47.005672441748025]}}, {"id": "12210", "type": "Feature", "properties": {"name": "Ibach, Sch\u00fctzenstrasse", "lon": 8.64901605995886, "lat": 47.01528914171388, "stop_id": ["8592403.link:148209"], "lines": [{"line_id": "92-532-j24-1", "route_id": "114.TA.92-532-j24-1.7.H", "mode": "bus", "line_name": "532"}], "predominant_mode": "bus", "assigned_canton": "Schwyz", "modes_list": ["bus"]}, "geometry": {"type": "Point", "coordinates": [8.649016068564556, 47.01528915172134]}}, {"id": "12211", "type": "Feature", "properties": {"name": "Ibach, Seilerstrasse", "lon": 8.649752680025967, "lat": 47.01732864170248, "stop_id": ["8594996.link:1511632"], "lines": [{"line_id": "92-531-j24-1", "route_id": "27.TA.92-531-j24-1.2.H", "mode": "bus", "line_name": "531"}, {"line_id": "92-532-j24-1", "route_id": "114.TA.92-532-j24-1.7.H", "mode": "bus", "line_name": "532"}, {"line_id": "92-531-j24-1", "route_id": "16.TA.92-531-j24-1.2.H", "mode": "bus", "line_name": "531"}, {"line_id": "92-531-j24-1", "route_id": "38.TA.92-531-j24-1.3.H", "mode": "bus", "line_name": "531"}, {"line_id": "92-532-j24-1", "route_id": "2.TA.92-532-j24-1.1.H", "mode": "bus", "line_name": "532"}, {"line_id": "92-531-j24-1", "route_id": "36.TA.92-531-j24-1.3.H", "mode": "bus", "line_name": "531"}, {"line_id": "92-531-j24-1", "route_id": "25.TA.92-531-j24-1.2.H", "mode": "bus", "line_name": "531"}, {"line_id": "92-531-j24-1", "route_id": "22.TA.92-531-j24-1.2.H", "mode": "bus", "line_name": "531"}], "predominant_mode": "bus", "assigned_canton": "Schwyz", "modes_list": ["bus"]}, "geometry": {"type": "Point", "coordinates": [8.649752688631782, 47.017328651710514]}}, {"id": "12212", "type": "Feature", "properties": {"name": "Ibergeregg, Alpstubli", "lon": 8.736449090044701, "lat": 47.01627521034037, "stop_id": ["8577500.link:1799584", "8577500.link:1799585"], "lines": [{"line_id": "92-505-A-j24-1", "route_id": "21.TA.92-505-A-j24-1.2.H", "mode": "bus", "line_name": "505"}, {"line_id": "92-505-A-j24-1", "route_id": "18.TA.92-505-A-j24-1.2.H", "mode": "bus", "line_name": "505"}, {"line_id": "92-505-A-j24-1", "route_id": "27.TA.92-505-A-j24-1.2.H", "mode": "bus", "line_name": "505"}, {"line_id": "92-505-A-j24-1", "route_id": "6.TA.92-505-A-j24-1.18.H", "mode": "bus", "line_name": "505"}, {"line_id": "92-505-A-j24-1", "route_id": "57.TA.92-505-A-j24-1.4.R", "mode": "bus", "line_name": "505"}, {"line_id": "92-505-A-j24-1", "route_id": "45.TA.92-505-A-j24-1.4.R", "mode": "bus", "line_name": "505"}], "predominant_mode": "bus", "assigned_canton": "Schwyz", "modes_list": ["bus"]}, "geometry": {"type": "Point", "coordinates": [8.736449098735298, 47.01627522032283]}}, {"id": "12213", "type": "Feature", "properties": {"name": "Ibergeregg, Eseltritt", "lon": 8.732289889723148, "lat": 47.00650553040484, "stop_id": ["8577497.link:63334", "8577497.link:63335"], "lines": [{"line_id": "92-505-A-j24-1", "route_id": "21.TA.92-505-A-j24-1.2.H", "mode": "bus", "line_name": "505"}, {"line_id": "92-505-A-j24-1", "route_id": "9.TA.92-505-A-j24-1.1.H", "mode": "bus", "line_name": "505"}, {"line_id": "92-505-A-j24-1", "route_id": "27.TA.92-505-A-j24-1.2.H", "mode": "bus", "line_name": "505"}, {"line_id": "92-505-A-j24-1", "route_id": "18.TA.92-505-A-j24-1.2.H", "mode": "bus", "line_name": "505"}, {"line_id": "92-505-A-j24-1", "route_id": "8.TA.92-505-A-j24-1.1.H", "mode": "bus", "line_name": "505"}, {"line_id": "92-505-A-j24-1", "route_id": "6.TA.92-505-A-j24-1.18.H", "mode": "bus", "line_name": "505"}, {"line_id": "92-505-A-j24-1", "route_id": "33.TA.92-505-A-j24-1.3.R", "mode": "bus", "line_name": "505"}, {"line_id": "92-505-A-j24-1", "route_id": "57.TA.92-505-A-j24-1.4.R", "mode": "bus", "line_name": "505"}, {"line_id": "92-505-A-j24-1", "route_id": "45.TA.92-505-A-j24-1.4.R", "mode": "bus", "line_name": "505"}], "predominant_mode": "bus", "assigned_canton": "Schwyz", "modes_list": ["bus"]}, "geometry": {"type": "Point", "coordinates": [8.732289898412626, 47.00650554038486]}}, {"id": "12214", "type": "Feature", "properties": {"name": "Ibergeregg, Passh\u00f6he", "lon": 8.733242100080805, "lat": 47.01743888039081, "stop_id": ["8577499.link:1799616", "8577499.link:1799617"], "lines": [{"line_id": "92-505-A-j24-1", "route_id": "21.TA.92-505-A-j24-1.2.H", "mode": "bus", "line_name": "505"}, {"line_id": "92-505-A-j24-1", "route_id": "9.TA.92-505-A-j24-1.1.H", "mode": "bus", "line_name": "505"}, {"line_id": "92-505-A-j24-1", "route_id": "27.TA.92-505-A-j24-1.2.H", "mode": "bus", "line_name": "505"}, {"line_id": "92-505-A-j24-1", "route_id": "18.TA.92-505-A-j24-1.2.H", "mode": "bus", "line_name": "505"}, {"line_id": "92-505-A-j24-1", "route_id": "8.TA.92-505-A-j24-1.1.H", "mode": "bus", "line_name": "505"}, {"line_id": "92-505-A-j24-1", "route_id": "6.TA.92-505-A-j24-1.18.H", "mode": "bus", "line_name": "505"}, {"line_id": "92-505-A-j24-1", "route_id": "33.TA.92-505-A-j24-1.3.R", "mode": "bus", "line_name": "505"}, {"line_id": "92-505-A-j24-1", "route_id": "57.TA.92-505-A-j24-1.4.R", "mode": "bus", "line_name": "505"}, {"line_id": "92-505-A-j24-1", "route_id": "45.TA.92-505-A-j24-1.4.R", "mode": "bus", "line_name": "505"}], "predominant_mode": "bus", "assigned_canton": "Schwyz", "modes_list": ["bus"]}, "geometry": {"type": "Point", "coordinates": [8.733242108767936, 47.01743889037463]}}, {"id": "12215", "type": "Feature", "properties": {"name": "Ibergeregg, Riedmatt", "lon": 8.730439359824654, "lat": 47.00964795043421, "stop_id": ["8577498.link:63342", "8577498.link:63343"], "lines": [{"line_id": "92-505-A-j24-1", "route_id": "21.TA.92-505-A-j24-1.2.H", "mode": "bus", "line_name": "505"}, {"line_id": "92-505-A-j24-1", "route_id": "9.TA.92-505-A-j24-1.1.H", "mode": "bus", "line_name": "505"}, {"line_id": "92-505-A-j24-1", "route_id": "27.TA.92-505-A-j24-1.2.H", "mode": "bus", "line_name": "505"}, {"line_id": "92-505-A-j24-1", "route_id": "18.TA.92-505-A-j24-1.2.H", "mode": "bus", "line_name": "505"}, {"line_id": "92-505-A-j24-1", "route_id": "8.TA.92-505-A-j24-1.1.H", "mode": "bus", "line_name": "505"}, {"line_id": "92-505-A-j24-1", "route_id": "6.TA.92-505-A-j24-1.18.H", "mode": "bus", "line_name": "505"}, {"line_id": "92-505-A-j24-1", "route_id": "33.TA.92-505-A-j24-1.3.R", "mode": "bus", "line_name": "505"}, {"line_id": "92-505-A-j24-1", "route_id": "57.TA.92-505-A-j24-1.4.R", "mode": "bus", "line_name": "505"}, {"line_id": "92-505-A-j24-1", "route_id": "45.TA.92-505-A-j24-1.4.R", "mode": "bus", "line_name": "505"}], "predominant_mode": "bus", "assigned_canton": "Schwyz", "modes_list": ["bus"]}, "geometry": {"type": "Point", "coordinates": [8.730439368511398, 47.00964796041596]}}, {"id": "12253", "type": "Feature", "properties": {"name": "Illgau (Luftseilbahn)", "lon": 8.723639109078508, "lat": 46.986917920539014, "stop_id": ["8530401.link:pt_8530401"], "lines": [{"line_id": "93-H-Y-j24-1", "route_id": "483.TA.93-H-Y-j24-1.2.R", "mode": "cable car", "line_name": "PB"}, {"line_id": "93-H-Y-j24-1", "route_id": "251.TA.93-H-Y-j24-1.1.H", "mode": "cable car", "line_name": "PB"}], "predominant_mode": "cable car", "assigned_canton": "Schwyz", "modes_list": ["cable car"]}, "geometry": {"type": "Point", "coordinates": [8.723639117765416, 46.98691793051424]}}, {"id": "12254", "type": "Feature", "properties": {"name": "Illgau Dorf", "lon": 8.725992699111746, "lat": 46.98789226050209, "stop_id": ["8530819.link:pt_8530819"], "lines": [{"line_id": "93-4C-Y-j24-1", "route_id": "738.TA.93-4C-Y-j24-1.1.H", "mode": "cable car", "line_name": "PB"}, {"line_id": "93-4C-Y-j24-1", "route_id": "1206.TA.93-4C-Y-j24-1.2.R", "mode": "cable car", "line_name": "PB"}], "predominant_mode": "cable car", "assigned_canton": "Schwyz", "modes_list": ["cable car"]}, "geometry": {"type": "Point", "coordinates": [8.725992707800648, 46.98789227047699]}}, {"id": "12289", "type": "Feature", "properties": {"name": "Immensee", "lon": 8.462163489016122, "lat": 47.0921278813211, "stop_id": ["8505003:0:2.link:740522", "8505003:0:3.link:553756", "8505003:0:3.link:553757"], "lines": [{"line_id": "91-3-H-j24-1", "route_id": "698.TA.91-3-H-j24-1.193.R", "mode": "rail", "line_name": "S3"}, {"line_id": "91-3-H-j24-1", "route_id": "764.TA.91-3-H-j24-1.207.R", "mode": "rail", "line_name": "S3"}, {"line_id": "91-3-H-j24-1", "route_id": "767.TA.91-3-H-j24-1.208.R", "mode": "rail", "line_name": "S3"}, {"line_id": "91-3-H-j24-1", "route_id": "653.TA.91-3-H-j24-1.188.R", "mode": "rail", "line_name": "S3"}, {"line_id": "91-3-H-j24-1", "route_id": "761.TA.91-3-H-j24-1.207.R", "mode": "rail", "line_name": "S3"}, {"line_id": "91-3-H-j24-1", "route_id": "589.TA.91-3-H-j24-1.295.R", "mode": "rail", "line_name": "S3"}, {"line_id": "91-3-H-j24-1", "route_id": "719.TA.91-3-H-j24-1.199.R", "mode": "rail", "line_name": "S3"}, {"line_id": "91-3-H-j24-1", "route_id": "728.TA.91-3-H-j24-1.246.R", "mode": "rail", "line_name": "S3"}, {"line_id": "91-3-H-j24-1", "route_id": "751.TA.91-3-H-j24-1.204.R", "mode": "rail", "line_name": "S3"}, {"line_id": "91-3-H-j24-1", "route_id": "359.TA.91-3-H-j24-1.80.H", "mode": "rail", "line_name": "S3"}, {"line_id": "91-3-H-j24-1", "route_id": "349.TA.91-3-H-j24-1.74.H", "mode": "rail", "line_name": "S3"}, {"line_id": "91-3-H-j24-1", "route_id": "229.TA.91-3-H-j24-1.47.H", "mode": "rail", "line_name": "S3"}, {"line_id": "91-3-H-j24-1", "route_id": "161.TA.91-3-H-j24-1.31.H", "mode": "rail", "line_name": "S3"}, {"line_id": "91-3-H-j24-1", "route_id": "247.TA.91-3-H-j24-1.50.H", "mode": "rail", "line_name": "S3"}, {"line_id": "91-3-H-j24-1", "route_id": "329.TA.91-3-H-j24-1.66.H", "mode": "rail", "line_name": "S3"}, {"line_id": "91-3-H-j24-1", "route_id": "157.TA.91-3-H-j24-1.29.H", "mode": "rail", "line_name": "S3"}, {"line_id": "91-3-H-j24-1", "route_id": "342.TA.91-3-H-j24-1.69.H", "mode": "rail", "line_name": "S3"}, {"line_id": "91-3-H-j24-1", "route_id": "389.TA.91-3-H-j24-1.534.H", "mode": "rail", "line_name": "S3"}, {"line_id": "91-3-H-j24-1", "route_id": "360.TA.91-3-H-j24-1.413.H", "mode": "rail", "line_name": "S3"}, {"line_id": "91-3-H-j24-1", "route_id": "707.TA.91-3-H-j24-1.431.R", "mode": "rail", "line_name": "S3"}], "predominant_mode": "rail", "assigned_canton": "Schwyz", "modes_list": ["rail"]}, "geometry": {"type": "Point", "coordinates": [8.462163497415485, 47.092127891410264]}}, {"id": "12290", "type": "Feature", "properties": {"name": "Immensee (See)", "lon": 8.464106842495205, "lat": 47.09653320462419, "stop_id": ["8502257.link:pt_8502257"], "lines": [{"line_id": "94-10-Y-j24-1", "route_id": "6.TA.94-10-Y-j24-1.4.R", "mode": "ferry", "line_name": "BAT"}, {"line_id": "94-10-Y-j24-1", "route_id": "4.TA.94-10-Y-j24-1.3.H", "mode": "ferry", "line_name": "BAT"}, {"line_id": "94-10-Y-j24-1", "route_id": "8.TA.94-10-Y-j24-1.5.R", "mode": "ferry", "line_name": "BAT"}, {"line_id": "94-10-Y-j24-1", "route_id": "7.TA.94-10-Y-j24-1.5.R", "mode": "ferry", "line_name": "BAT"}], "predominant_mode": "ferry", "assigned_canton": "Schwyz", "modes_list": ["ferry"]}, "geometry": {"type": "Point", "coordinates": [8.464106850895202, 47.09653321471444]}}, {"id": "12291", "type": "Feature", "properties": {"name": "Immensee, Bahnhof", "lon": 8.461645462350171, "lat": 47.09216049466257, "stop_id": ["8507266.link:651444", "8507266.link:651445"], "lines": [{"line_id": "92-525-j24-1", "route_id": "52.TA.92-525-j24-1.5.H", "mode": "bus", "line_name": "525"}, {"line_id": "92-525-j24-1", "route_id": "29.TA.92-525-j24-1.5.H", "mode": "bus", "line_name": "525"}, {"line_id": "92-525-j24-1", "route_id": "95.TA.92-525-j24-1.6.R", "mode": "bus", "line_name": "525"}, {"line_id": "92-525-j24-1", "route_id": "61.TA.92-525-j24-1.6.R", "mode": "bus", "line_name": "525"}], "predominant_mode": "bus", "assigned_canton": "Schwyz", "modes_list": ["bus"]}, "geometry": {"type": "Point", "coordinates": [8.461645470749016, 47.09216050475195]}}, {"id": "12292", "type": "Feature", "properties": {"name": "Immensee, Dorf", "lon": 8.462328182536252, "lat": 47.0978235346522, "stop_id": ["8587771.link:6370", "8587771.link:6371"], "lines": [{"line_id": "92-622-A-j24-1", "route_id": "7.TA.92-622-A-j24-1.1.H", "mode": "bus", "line_name": "622"}, {"line_id": "92-622-A-j24-1", "route_id": "213.TA.92-622-A-j24-1.4.R", "mode": "bus", "line_name": "622"}, {"line_id": "92-622-A-j24-1", "route_id": "132.TA.92-622-A-j24-1.3.R", "mode": "bus", "line_name": "622"}, {"line_id": "92-622-A-j24-1", "route_id": "76.TA.92-622-A-j24-1.2.H", "mode": "bus", "line_name": "622"}], "predominant_mode": "bus", "assigned_canton": "Schwyz", "modes_list": ["bus"]}, "geometry": {"type": "Point", "coordinates": [8.462328190934116, 47.097823544743434]}}, {"id": "12293", "type": "Feature", "properties": {"name": "Immensee, Gymnasium", "lon": 8.454431992419524, "lat": 47.094429454776, "stop_id": ["8588276.link:399137", "8588276.link:399138"], "lines": [{"line_id": "92-622-A-j24-1", "route_id": "132.TA.92-622-A-j24-1.3.R", "mode": "bus", "line_name": "622"}, {"line_id": "92-622-A-j24-1", "route_id": "213.TA.92-622-A-j24-1.4.R", "mode": "bus", "line_name": "622"}, {"line_id": "92-622-A-j24-1", "route_id": "7.TA.92-622-A-j24-1.1.H", "mode": "bus", "line_name": "622"}, {"line_id": "92-622-A-j24-1", "route_id": "76.TA.92-622-A-j24-1.2.H", "mode": "bus", "line_name": "622"}], "predominant_mode": "bus", "assigned_canton": "Schwyz", "modes_list": ["bus"]}, "geometry": {"type": "Point", "coordinates": [8.454432000810566, 47.09442946486822]}}, {"id": "12294", "type": "Feature", "properties": {"name": "Immensee, Hohle Gasse", "lon": 8.45153941231728, "lat": 47.091371534821214, "stop_id": ["8505672.link:279081", "8505672.link:279082"], "lines": [{"line_id": "92-653-j24-1", "route_id": "31.TA.92-653-j24-1.13.H", "mode": "bus", "line_name": "653"}, {"line_id": "92-622-A-j24-1", "route_id": "132.TA.92-622-A-j24-1.3.R", "mode": "bus", "line_name": "622"}, {"line_id": "92-653-j24-1", "route_id": "150.TA.92-653-j24-1.14.H", "mode": "bus", "line_name": "653"}, {"line_id": "92-622-A-j24-1", "route_id": "213.TA.92-622-A-j24-1.4.R", "mode": "bus", "line_name": "622"}, {"line_id": "92-653-j24-1", "route_id": "109.TA.92-653-j24-1.14.H", "mode": "bus", "line_name": "653"}, {"line_id": "92-653-j24-1", "route_id": "47.TA.92-653-j24-1.13.H", "mode": "bus", "line_name": "653"}, {"line_id": "92-653-j24-1", "route_id": "188.TA.92-653-j24-1.15.R", "mode": "bus", "line_name": "653"}, {"line_id": "92-622-A-j24-1", "route_id": "7.TA.92-622-A-j24-1.1.H", "mode": "bus", "line_name": "622"}, {"line_id": "92-653-j24-1", "route_id": "202.TA.92-653-j24-1.15.R", "mode": "bus", "line_name": "653"}, {"line_id": "92-622-A-j24-1", "route_id": "76.TA.92-622-A-j24-1.2.H", "mode": "bus", "line_name": "622"}, {"line_id": "92-653-j24-1", "route_id": "167.TA.92-653-j24-1.15.R", "mode": "bus", "line_name": "653"}, {"line_id": "92-653-j24-1", "route_id": "314.TA.92-653-j24-1.16.R", "mode": "bus", "line_name": "653"}, {"line_id": "92-653-j24-1", "route_id": "280.TA.92-653-j24-1.16.R", "mode": "bus", "line_name": "653"}], "predominant_mode": "bus", "assigned_canton": "Schwyz", "modes_list": ["bus"]}, "geometry": {"type": "Point", "coordinates": [8.451539420706348, 47.09137154491318]}}, {"id": "12295", "type": "Feature", "properties": {"name": "Immensee, Post", "lon": 8.458618132382945, "lat": 47.093224654710134, "stop_id": ["8587769.link:624658", "8587769.link:624659"], "lines": [{"line_id": "92-622-A-j24-1", "route_id": "132.TA.92-622-A-j24-1.3.R", "mode": "bus", "line_name": "622"}, {"line_id": "92-525-j24-1", "route_id": "52.TA.92-525-j24-1.5.H", "mode": "bus", "line_name": "525"}, {"line_id": "92-525-j24-1", "route_id": "29.TA.92-525-j24-1.5.H", "mode": "bus", "line_name": "525"}, {"line_id": "92-622-A-j24-1", "route_id": "213.TA.92-622-A-j24-1.4.R", "mode": "bus", "line_name": "622"}, {"line_id": "92-622-A-j24-1", "route_id": "7.TA.92-622-A-j24-1.1.H", "mode": "bus", "line_name": "622"}, {"line_id": "92-622-A-j24-1", "route_id": "76.TA.92-622-A-j24-1.2.H", "mode": "bus", "line_name": "622"}, {"line_id": "92-525-j24-1", "route_id": "95.TA.92-525-j24-1.6.R", "mode": "bus", "line_name": "525"}, {"line_id": "92-525-j24-1", "route_id": "61.TA.92-525-j24-1.6.R", "mode": "bus", "line_name": "525"}], "predominant_mode": "bus", "assigned_canton": "Schwyz", "modes_list": ["bus"]}, "geometry": {"type": "Point", "coordinates": [8.458618140778484, 47.09322466480075]}}, {"id": "12296", "type": "Feature", "properties": {"name": "Immensee, Sunnehof", "lon": 8.464241592588294, "lat": 47.099370674622264, "stop_id": ["8587881.link:1244346", "8587881.link:1244347"], "lines": [{"line_id": "92-622-A-j24-1", "route_id": "76.TA.92-622-A-j24-1.2.H", "mode": "bus", "line_name": "622"}, {"line_id": "92-622-A-j24-1", "route_id": "213.TA.92-622-A-j24-1.4.R", "mode": "bus", "line_name": "622"}], "predominant_mode": "bus", "assigned_canton": "Schwyz", "modes_list": ["bus"]}, "geometry": {"type": "Point", "coordinates": [8.464241600987595, 47.09937068471354]}}, {"id": "12312", "type": "Feature", "properties": {"name": "Ingenbohl, Fuchsenen", "lon": 8.6266839396694, "lat": 47.00686083206396, "stop_id": ["8577434.link:1897466", "8577434.link:1897467"], "lines": [{"line_id": "92-502-A-j24-1", "route_id": "1803.TA.92-502-A-j24-1.827.R", "mode": "bus", "line_name": "502"}, {"line_id": "92-508-A-j24-1", "route_id": "652.TA.92-508-A-j24-1.129.R", "mode": "bus", "line_name": "508"}, {"line_id": "92-502-A-j24-1", "route_id": "2143.TA.92-502-A-j24-1.811.R", "mode": "bus", "line_name": "502"}, {"line_id": "92-508-A-j24-1", "route_id": "772.TA.92-508-A-j24-1.26.R", "mode": "bus", "line_name": "508"}, {"line_id": "92-502-A-j24-1", "route_id": "1820.TA.92-502-A-j24-1.828.R", "mode": "bus", "line_name": "502"}, {"line_id": "92-508-A-j24-1", "route_id": "497.TA.92-508-A-j24-1.18.R", "mode": "bus", "line_name": "508"}, {"line_id": "92-502-A-j24-1", "route_id": "1592.TA.92-502-A-j24-1.804.R", "mode": "bus", "line_name": "502"}, {"line_id": "92-508-A-j24-1", "route_id": "801.TA.92-508-A-j24-1.26.R", "mode": "bus", "line_name": "508"}, {"line_id": "92-508-A-j24-1", "route_id": "504.TA.92-508-A-j24-1.18.R", "mode": "bus", "line_name": "508"}, {"line_id": "92-508-A-j24-1", "route_id": "599.TA.92-508-A-j24-1.21.R", "mode": "bus", "line_name": "508"}, {"line_id": "92-508-A-j24-1", "route_id": "711.TA.92-508-A-j24-1.24.R", "mode": "bus", "line_name": "508"}, {"line_id": "92-508-A-j24-1", "route_id": "487.TA.92-508-A-j24-1.17.R", "mode": "bus", "line_name": "508"}, {"line_id": "92-502-A-j24-1", "route_id": "1810.TA.92-502-A-j24-1.828.R", "mode": "bus", "line_name": "502"}, {"line_id": "92-508-A-j24-1", "route_id": "574.TA.92-508-A-j24-1.21.R", "mode": "bus", "line_name": "508"}, {"line_id": "92-502-A-j24-1", "route_id": "1510.TA.92-502-A-j24-1.602.R", "mode": "bus", "line_name": "502"}, {"line_id": "92-508-A-j24-1", "route_id": "848.TA.92-508-A-j24-1.26.R", "mode": "bus", "line_name": "508"}, {"line_id": "92-508-A-j24-1", "route_id": "728.TA.92-508-A-j24-1.24.R", "mode": "bus", "line_name": "508"}, {"line_id": "92-502-A-j24-1", "route_id": "493.TA.92-502-A-j24-1.818.H", "mode": "bus", "line_name": "502"}, {"line_id": "92-508-A-j24-1", "route_id": "69.TA.92-508-A-j24-1.6.H", "mode": "bus", "line_name": "508"}, {"line_id": "92-502-A-j24-1", "route_id": "945.TA.92-502-A-j24-1.795.H", "mode": "bus", "line_name": "502"}, {"line_id": "92-508-A-j24-1", "route_id": "375.TA.92-508-A-j24-1.12.H", "mode": "bus", "line_name": "508"}, {"line_id": "92-502-A-j24-1", "route_id": "325.TA.92-502-A-j24-1.16.H", "mode": "bus", "line_name": "502"}, {"line_id": "92-508-A-j24-1", "route_id": "239.TA.92-508-A-j24-1.11.H", "mode": "bus", "line_name": "508"}, {"line_id": "92-502-A-j24-1", "route_id": "1604.TA.92-502-A-j24-1.607.R", "mode": "bus", "line_name": "502"}, {"line_id": "92-508-A-j24-1", "route_id": "55.TA.92-508-A-j24-1.5.H", "mode": "bus", "line_name": "508"}, {"line_id": "92-502-A-j24-1", "route_id": "450.TA.92-502-A-j24-1.817.H", "mode": "bus", "line_name": "502"}, {"line_id": "92-508-A-j24-1", "route_id": "151.TA.92-508-A-j24-1.8.H", "mode": "bus", "line_name": "508"}, {"line_id": "92-502-A-j24-1", "route_id": "515.TA.92-502-A-j24-1.818.H", "mode": "bus", "line_name": "502"}, {"line_id": "92-508-A-j24-1", "route_id": "231.TA.92-508-A-j24-1.11.H", "mode": "bus", "line_name": "508"}, {"line_id": "92-508-A-j24-1", "route_id": "134.TA.92-508-A-j24-1.8.H", "mode": "bus", "line_name": "508"}, {"line_id": "92-508-A-j24-1", "route_id": "336.TA.92-508-A-j24-1.12.H", "mode": "bus", "line_name": "508"}, {"line_id": "92-508-A-j24-1", "route_id": "324.TA.92-508-A-j24-1.12.H", "mode": "bus", "line_name": "508"}, {"line_id": "92-502-A-j24-1", "route_id": "931.TA.92-502-A-j24-1.795.H", "mode": "bus", "line_name": "502"}, {"line_id": "92-502-A-j24-1", "route_id": "527.TA.92-502-A-j24-1.818.H", "mode": "bus", "line_name": "502"}], "predominant_mode": "bus", "assigned_canton": "Schwyz", "modes_list": ["bus"]}, "geometry": {"type": "Point", "coordinates": [8.62668394825573, 47.006860842074715]}}, {"id": "12313", "type": "Feature", "properties": {"name": "Ingenbohl, G\u00e4tzli", "lon": 8.618203849537935, "lat": 47.00300149219685, "stop_id": ["8577435.link:916932", "8577435.link:916933"], "lines": [{"line_id": "92-502-A-j24-1", "route_id": "1803.TA.92-502-A-j24-1.827.R", "mode": "bus", "line_name": "502"}, {"line_id": "92-508-A-j24-1", "route_id": "652.TA.92-508-A-j24-1.129.R", "mode": "bus", "line_name": "508"}, {"line_id": "92-502-A-j24-1", "route_id": "2143.TA.92-502-A-j24-1.811.R", "mode": "bus", "line_name": "502"}, {"line_id": "92-508-A-j24-1", "route_id": "772.TA.92-508-A-j24-1.26.R", "mode": "bus", "line_name": "508"}, {"line_id": "92-502-A-j24-1", "route_id": "1820.TA.92-502-A-j24-1.828.R", "mode": "bus", "line_name": "502"}, {"line_id": "92-508-A-j24-1", "route_id": "497.TA.92-508-A-j24-1.18.R", "mode": "bus", "line_name": "508"}, {"line_id": "92-502-A-j24-1", "route_id": "1592.TA.92-502-A-j24-1.804.R", "mode": "bus", "line_name": "502"}, {"line_id": "92-508-A-j24-1", "route_id": "801.TA.92-508-A-j24-1.26.R", "mode": "bus", "line_name": "508"}, {"line_id": "92-508-A-j24-1", "route_id": "504.TA.92-508-A-j24-1.18.R", "mode": "bus", "line_name": "508"}, {"line_id": "92-508-A-j24-1", "route_id": "599.TA.92-508-A-j24-1.21.R", "mode": "bus", "line_name": "508"}, {"line_id": "92-508-A-j24-1", "route_id": "711.TA.92-508-A-j24-1.24.R", "mode": "bus", "line_name": "508"}, {"line_id": "92-508-A-j24-1", "route_id": "487.TA.92-508-A-j24-1.17.R", "mode": "bus", "line_name": "508"}, {"line_id": "92-502-A-j24-1", "route_id": "1810.TA.92-502-A-j24-1.828.R", "mode": "bus", "line_name": "502"}, {"line_id": "92-508-A-j24-1", "route_id": "574.TA.92-508-A-j24-1.21.R", "mode": "bus", "line_name": "508"}, {"line_id": "92-502-A-j24-1", "route_id": "1510.TA.92-502-A-j24-1.602.R", "mode": "bus", "line_name": "502"}, {"line_id": "92-508-A-j24-1", "route_id": "848.TA.92-508-A-j24-1.26.R", "mode": "bus", "line_name": "508"}, {"line_id": "92-508-A-j24-1", "route_id": "728.TA.92-508-A-j24-1.24.R", "mode": "bus", "line_name": "508"}, {"line_id": "92-502-A-j24-1", "route_id": "493.TA.92-502-A-j24-1.818.H", "mode": "bus", "line_name": "502"}, {"line_id": "92-508-A-j24-1", "route_id": "69.TA.92-508-A-j24-1.6.H", "mode": "bus", "line_name": "508"}, {"line_id": "92-502-A-j24-1", "route_id": "945.TA.92-502-A-j24-1.795.H", "mode": "bus", "line_name": "502"}, {"line_id": "92-508-A-j24-1", "route_id": "375.TA.92-508-A-j24-1.12.H", "mode": "bus", "line_name": "508"}, {"line_id": "92-502-A-j24-1", "route_id": "325.TA.92-502-A-j24-1.16.H", "mode": "bus", "line_name": "502"}, {"line_id": "92-508-A-j24-1", "route_id": "239.TA.92-508-A-j24-1.11.H", "mode": "bus", "line_name": "508"}, {"line_id": "92-502-A-j24-1", "route_id": "1604.TA.92-502-A-j24-1.607.R", "mode": "bus", "line_name": "502"}, {"line_id": "92-508-A-j24-1", "route_id": "55.TA.92-508-A-j24-1.5.H", "mode": "bus", "line_name": "508"}, {"line_id": "92-502-A-j24-1", "route_id": "450.TA.92-502-A-j24-1.817.H", "mode": "bus", "line_name": "502"}, {"line_id": "92-508-A-j24-1", "route_id": "151.TA.92-508-A-j24-1.8.H", "mode": "bus", "line_name": "508"}, {"line_id": "92-502-A-j24-1", "route_id": "515.TA.92-502-A-j24-1.818.H", "mode": "bus", "line_name": "502"}, {"line_id": "92-508-A-j24-1", "route_id": "231.TA.92-508-A-j24-1.11.H", "mode": "bus", "line_name": "508"}, {"line_id": "92-508-A-j24-1", "route_id": "134.TA.92-508-A-j24-1.8.H", "mode": "bus", "line_name": "508"}, {"line_id": "92-508-A-j24-1", "route_id": "336.TA.92-508-A-j24-1.12.H", "mode": "bus", "line_name": "508"}, {"line_id": "92-508-A-j24-1", "route_id": "324.TA.92-508-A-j24-1.12.H", "mode": "bus", "line_name": "508"}, {"line_id": "92-502-A-j24-1", "route_id": "931.TA.92-502-A-j24-1.795.H", "mode": "bus", "line_name": "502"}, {"line_id": "92-502-A-j24-1", "route_id": "527.TA.92-502-A-j24-1.818.H", "mode": "bus", "line_name": "502"}], "predominant_mode": "bus", "assigned_canton": "Schwyz", "modes_list": ["bus"]}, "geometry": {"type": "Point", "coordinates": [8.618203858117084, 47.00300150220863]}}, {"id": "12314", "type": "Feature", "properties": {"name": "Ingenbohl, Klosterstrasse", "lon": 8.61585025949662, "lat": 47.001782372233684, "stop_id": ["8505097.link:1807095", "8505097.link:1807096"], "lines": [{"line_id": "92-502-A-j24-1", "route_id": "1803.TA.92-502-A-j24-1.827.R", "mode": "bus", "line_name": "502"}, {"line_id": "92-508-A-j24-1", "route_id": "652.TA.92-508-A-j24-1.129.R", "mode": "bus", "line_name": "508"}, {"line_id": "92-502-A-j24-1", "route_id": "2143.TA.92-502-A-j24-1.811.R", "mode": "bus", "line_name": "502"}, {"line_id": "92-508-A-j24-1", "route_id": "772.TA.92-508-A-j24-1.26.R", "mode": "bus", "line_name": "508"}, {"line_id": "92-502-A-j24-1", "route_id": "1820.TA.92-502-A-j24-1.828.R", "mode": "bus", "line_name": "502"}, {"line_id": "92-508-A-j24-1", "route_id": "497.TA.92-508-A-j24-1.18.R", "mode": "bus", "line_name": "508"}, {"line_id": "92-502-A-j24-1", "route_id": "1592.TA.92-502-A-j24-1.804.R", "mode": "bus", "line_name": "502"}, {"line_id": "92-508-A-j24-1", "route_id": "801.TA.92-508-A-j24-1.26.R", "mode": "bus", "line_name": "508"}, {"line_id": "92-508-A-j24-1", "route_id": "504.TA.92-508-A-j24-1.18.R", "mode": "bus", "line_name": "508"}, {"line_id": "92-508-A-j24-1", "route_id": "599.TA.92-508-A-j24-1.21.R", "mode": "bus", "line_name": "508"}, {"line_id": "92-508-A-j24-1", "route_id": "711.TA.92-508-A-j24-1.24.R", "mode": "bus", "line_name": "508"}, {"line_id": "92-508-A-j24-1", "route_id": "487.TA.92-508-A-j24-1.17.R", "mode": "bus", "line_name": "508"}, {"line_id": "92-502-A-j24-1", "route_id": "1810.TA.92-502-A-j24-1.828.R", "mode": "bus", "line_name": "502"}, {"line_id": "92-508-A-j24-1", "route_id": "574.TA.92-508-A-j24-1.21.R", "mode": "bus", "line_name": "508"}, {"line_id": "92-502-A-j24-1", "route_id": "1510.TA.92-502-A-j24-1.602.R", "mode": "bus", "line_name": "502"}, {"line_id": "92-508-A-j24-1", "route_id": "848.TA.92-508-A-j24-1.26.R", "mode": "bus", "line_name": "508"}, {"line_id": "92-508-A-j24-1", "route_id": "728.TA.92-508-A-j24-1.24.R", "mode": "bus", "line_name": "508"}, {"line_id": "92-502-A-j24-1", "route_id": "493.TA.92-502-A-j24-1.818.H", "mode": "bus", "line_name": "502"}, {"line_id": "92-508-A-j24-1", "route_id": "69.TA.92-508-A-j24-1.6.H", "mode": "bus", "line_name": "508"}, {"line_id": "92-502-A-j24-1", "route_id": "945.TA.92-502-A-j24-1.795.H", "mode": "bus", "line_name": "502"}, {"line_id": "92-508-A-j24-1", "route_id": "375.TA.92-508-A-j24-1.12.H", "mode": "bus", "line_name": "508"}, {"line_id": "92-502-A-j24-1", "route_id": "325.TA.92-502-A-j24-1.16.H", "mode": "bus", "line_name": "502"}, {"line_id": "92-508-A-j24-1", "route_id": "239.TA.92-508-A-j24-1.11.H", "mode": "bus", "line_name": "508"}, {"line_id": "92-502-A-j24-1", "route_id": "1604.TA.92-502-A-j24-1.607.R", "mode": "bus", "line_name": "502"}, {"line_id": "92-508-A-j24-1", "route_id": "55.TA.92-508-A-j24-1.5.H", "mode": "bus", "line_name": "508"}, {"line_id": "92-502-A-j24-1", "route_id": "450.TA.92-502-A-j24-1.817.H", "mode": "bus", "line_name": "502"}, {"line_id": "92-508-A-j24-1", "route_id": "151.TA.92-508-A-j24-1.8.H", "mode": "bus", "line_name": "508"}, {"line_id": "92-502-A-j24-1", "route_id": "515.TA.92-502-A-j24-1.818.H", "mode": "bus", "line_name": "502"}, {"line_id": "92-508-A-j24-1", "route_id": "231.TA.92-508-A-j24-1.11.H", "mode": "bus", "line_name": "508"}, {"line_id": "92-508-A-j24-1", "route_id": "134.TA.92-508-A-j24-1.8.H", "mode": "bus", "line_name": "508"}, {"line_id": "92-508-A-j24-1", "route_id": "336.TA.92-508-A-j24-1.12.H", "mode": "bus", "line_name": "508"}, {"line_id": "92-508-A-j24-1", "route_id": "324.TA.92-508-A-j24-1.12.H", "mode": "bus", "line_name": "508"}, {"line_id": "92-502-A-j24-1", "route_id": "931.TA.92-502-A-j24-1.795.H", "mode": "bus", "line_name": "502"}, {"line_id": "92-502-A-j24-1", "route_id": "527.TA.92-502-A-j24-1.818.H", "mode": "bus", "line_name": "502"}], "predominant_mode": "bus", "assigned_canton": "Schwyz", "modes_list": ["bus"]}, "geometry": {"type": "Point", "coordinates": [8.615850268073821, 47.00178238224568]}}, {"id": "12331", "type": "Feature", "properties": {"name": "Innerthal, Gemeindeplatz", "lon": 8.919498793053718, "lat": 47.105112437469856, "stop_id": ["8503755.link:933997", "8503755.link:933998"], "lines": [{"line_id": "96-240-2-j24-1", "route_id": "20.TA.96-240-2-j24-1.5.H", "mode": "bus", "line_name": "523"}, {"line_id": "96-240-2-j24-1", "route_id": "36.TA.96-240-2-j24-1.5.H", "mode": "bus", "line_name": "523"}, {"line_id": "96-240-2-j24-1", "route_id": "59.TA.96-240-2-j24-1.6.R", "mode": "bus", "line_name": "523"}], "predominant_mode": "bus", "assigned_canton": "Schwyz", "modes_list": ["bus"]}, "geometry": {"type": "Point", "coordinates": [8.91949880189329, 47.105112447430585]}}, {"id": "12332", "type": "Feature", "properties": {"name": "Innerthal, Staumauer", "lon": 8.905574903107675, "lat": 47.10698341768885, "stop_id": ["8573799.link:956639", "8573799.link:956640"], "lines": [{"line_id": "96-240-2-j24-1", "route_id": "59.TA.96-240-2-j24-1.6.R", "mode": "bus", "line_name": "523"}, {"line_id": "96-240-2-j24-1", "route_id": "20.TA.96-240-2-j24-1.5.H", "mode": "bus", "line_name": "523"}, {"line_id": "96-240-2-j24-1", "route_id": "36.TA.96-240-2-j24-1.5.H", "mode": "bus", "line_name": "523"}], "predominant_mode": "bus", "assigned_canton": "Schwyz", "modes_list": ["bus"]}, "geometry": {"type": "Point", "coordinates": [8.905574911933387, 47.106983427654384]}}, {"id": "12355", "type": "Feature", "properties": {"name": "Insel Ufenau", "lon": 8.776639716683016, "lat": 47.21803604971968, "stop_id": ["8503668.link:pt_8503668"], "lines": [{"line_id": "94-373-0-j24-1", "route_id": "21.TA.94-373-0-j24-1.19.R", "mode": "ferry", "line_name": "3730"}, {"line_id": "94-373-0-j24-1", "route_id": "20.TA.94-373-0-j24-1.24.R", "mode": "ferry", "line_name": "3730"}, {"line_id": "94-373-0-j24-1", "route_id": "18.TA.94-373-0-j24-1.18.R", "mode": "ferry", "line_name": "3730"}, {"line_id": "94-373-0-j24-1", "route_id": "7.TA.94-373-0-j24-1.9.H", "mode": "ferry", "line_name": "3730"}, {"line_id": "94-373-0-j24-1", "route_id": "9.TA.94-373-0-j24-1.21.H", "mode": "ferry", "line_name": "3730"}, {"line_id": "94-373-6-j24-1", "route_id": "1.TA.94-373-6-j24-1.1.H", "mode": "ferry", "line_name": "3736"}, {"line_id": "94-373-6-j24-1", "route_id": "16.TA.94-373-6-j24-1.3.R", "mode": "ferry", "line_name": "3736"}, {"line_id": "94-373-6-j24-1", "route_id": "3.TA.94-373-6-j24-1.1.H", "mode": "ferry", "line_name": "3736"}, {"line_id": "94-373-0-j24-1", "route_id": "10.TA.94-373-0-j24-1.22.H", "mode": "ferry", "line_name": "3730"}, {"line_id": "94-373-6-j24-1", "route_id": "7.TA.94-373-6-j24-1.2.H", "mode": "ferry", "line_name": "3736"}, {"line_id": "94-373-0-j24-1", "route_id": "2.TA.94-373-0-j24-1.5.H", "mode": "ferry", "line_name": "3730"}, {"line_id": "94-373-0-j24-1", "route_id": "12.TA.94-373-0-j24-1.13.R", "mode": "ferry", "line_name": "3730"}], "predominant_mode": "ferry", "assigned_canton": "Schwyz", "modes_list": ["ferry"]}, "geometry": {"type": "Point", "coordinates": [8.776639725350808, 47.218036059762376]}}, {"id": "13034", "type": "Feature", "properties": {"name": "Klingenstock", "lon": 8.675938568071228, "lat": 46.95693136128554, "stop_id": ["8530839.link:pt_8530839"], "lines": [{"line_id": "93-257-9-j24-1", "route_id": "1646.TA.93-257-9-j24-1.2.R", "mode": "cable car", "line_name": "2579"}, {"line_id": "93-257-9-j24-1", "route_id": "442.TA.93-257-9-j24-1.1.H", "mode": "cable car", "line_name": "2579"}], "predominant_mode": "cable car", "assigned_canton": "Schwyz", "modes_list": ["cable car"]}, "geometry": {"type": "Point", "coordinates": [8.675938576720467, 46.95693137126323]}}, {"id": "13452", "type": "Feature", "properties": {"name": "Kr\u00e4bel", "lon": 8.530788780696618, "lat": 47.040211023572994, "stop_id": ["8505064.link:1718379", "8505064.link:1718380"], "lines": [{"line_id": "93-81-j24-1", "route_id": "14.TA.93-81-j24-1.14.H", "mode": "rail", "line_name": "81"}, {"line_id": "93-81-j24-1", "route_id": "4.TA.93-81-j24-1.14.H", "mode": "rail", "line_name": "81"}, {"line_id": "93-81-j24-1", "route_id": "16.TA.93-81-j24-1.16.R", "mode": "rail", "line_name": "81"}, {"line_id": "93-81-j24-1", "route_id": "26.TA.93-81-j24-1.16.R", "mode": "rail", "line_name": "81"}], "predominant_mode": "rail", "assigned_canton": "Schwyz", "modes_list": ["rail"]}, "geometry": {"type": "Point", "coordinates": [8.530788789178914, 47.04021103362363]}}, {"id": "13453", "type": "Feature", "properties": {"name": "Kr\u00e4bel (Talstation Scheidegg)", "lon": 8.530366580687524, "lat": 47.0399416535796, "stop_id": ["8530683.link:pt_8530683"], "lines": [{"line_id": "93-256-4-j24-1", "route_id": "5.TA.93-256-4-j24-1.1.H", "mode": "cable car", "line_name": "2564"}, {"line_id": "93-256-4-j24-1", "route_id": "40.TA.93-256-4-j24-1.2.R", "mode": "cable car", "line_name": "2564"}], "predominant_mode": "cable car", "assigned_canton": "Schwyz", "modes_list": ["cable car"]}, "geometry": {"type": "Point", "coordinates": [8.530366589169477, 47.03994166363025]}}, {"id": "13546", "type": "Feature", "properties": {"name": "K\u00fcssnacht am Rigi", "lon": 8.432284022012794, "lat": 47.082490350123024, "stop_id": ["8505002:0:1.link:166121", "8505002:0:1.link:166122", "8505002:0:2.link:1019582", "8505002:0:2.link:1019583"], "lines": [{"line_id": "91-VAE-j24-1", "route_id": "391.TA.91-VAE-j24-1.20.H", "mode": "rail", "line_name": "VAE"}, {"line_id": "91-VAE-j24-1", "route_id": "312.TA.91-VAE-j24-1.15.H", "mode": "rail", "line_name": "VAE"}, {"line_id": "91-VAE-j24-1", "route_id": "339.TA.91-VAE-j24-1.17.H", "mode": "rail", "line_name": "VAE"}, {"line_id": "91-VAE-j24-1", "route_id": "348.TA.91-VAE-j24-1.18.H", "mode": "rail", "line_name": "VAE"}, {"line_id": "91-VAE-j24-1", "route_id": "302.TA.91-VAE-j24-1.14.H", "mode": "rail", "line_name": "VAE"}, {"line_id": "91-VAE-j24-1", "route_id": "323.TA.91-VAE-j24-1.16.H", "mode": "rail", "line_name": "VAE"}, {"line_id": "91-VAE-j24-1", "route_id": "837.TA.91-VAE-j24-1.49.R", "mode": "rail", "line_name": "VAE"}, {"line_id": "91-3-H-j24-1", "route_id": "499.TA.91-3-H-j24-1.145.R", "mode": "rail", "line_name": "S3"}, {"line_id": "91-3-H-j24-1", "route_id": "707.TA.91-3-H-j24-1.431.R", "mode": "rail", "line_name": "S3"}, {"line_id": "91-3-H-j24-1", "route_id": "767.TA.91-3-H-j24-1.208.R", "mode": "rail", "line_name": "S3"}, {"line_id": "91-3-H-j24-1", "route_id": "698.TA.91-3-H-j24-1.193.R", "mode": "rail", "line_name": "S3"}, {"line_id": "91-VAE-j24-1", "route_id": "818.TA.91-VAE-j24-1.48.R", "mode": "rail", "line_name": "VAE"}, {"line_id": "91-VAE-j24-1", "route_id": "865.TA.91-VAE-j24-1.53.R", "mode": "rail", "line_name": "VAE"}, {"line_id": "91-VAE-j24-1", "route_id": "784.TA.91-VAE-j24-1.47.R", "mode": "rail", "line_name": "VAE"}, {"line_id": "91-3-H-j24-1", "route_id": "764.TA.91-3-H-j24-1.207.R", "mode": "rail", "line_name": "S3"}, {"line_id": "91-VAE-j24-1", "route_id": "868.TA.91-VAE-j24-1.54.R", "mode": "rail", "line_name": "VAE"}, {"line_id": "91-3-H-j24-1", "route_id": "719.TA.91-3-H-j24-1.199.R", "mode": "rail", "line_name": "S3"}, {"line_id": "91-3-H-j24-1", "route_id": "653.TA.91-3-H-j24-1.188.R", "mode": "rail", "line_name": "S3"}, {"line_id": "91-3-H-j24-1", "route_id": "429.TA.91-3-H-j24-1.124.R", "mode": "rail", "line_name": "S3"}, {"line_id": "91-3-H-j24-1", "route_id": "761.TA.91-3-H-j24-1.207.R", "mode": "rail", "line_name": "S3"}, {"line_id": "91-3-H-j24-1", "route_id": "589.TA.91-3-H-j24-1.295.R", "mode": "rail", "line_name": "S3"}, {"line_id": "91-3-H-j24-1", "route_id": "441.TA.91-3-H-j24-1.131.R", "mode": "rail", "line_name": "S3"}, {"line_id": "91-3-H-j24-1", "route_id": "728.TA.91-3-H-j24-1.246.R", "mode": "rail", "line_name": "S3"}, {"line_id": "91-3-H-j24-1", "route_id": "751.TA.91-3-H-j24-1.204.R", "mode": "rail", "line_name": "S3"}, {"line_id": "91-3-H-j24-1", "route_id": "85.TA.91-3-H-j24-1.347.H", "mode": "rail", "line_name": "S3"}, {"line_id": "91-3-H-j24-1", "route_id": "359.TA.91-3-H-j24-1.80.H", "mode": "rail", "line_name": "S3"}, {"line_id": "91-3-H-j24-1", "route_id": "349.TA.91-3-H-j24-1.74.H", "mode": "rail", "line_name": "S3"}, {"line_id": "91-3-H-j24-1", "route_id": "229.TA.91-3-H-j24-1.47.H", "mode": "rail", "line_name": "S3"}, {"line_id": "91-3-H-j24-1", "route_id": "161.TA.91-3-H-j24-1.31.H", "mode": "rail", "line_name": "S3"}, {"line_id": "91-3-H-j24-1", "route_id": "247.TA.91-3-H-j24-1.50.H", "mode": "rail", "line_name": "S3"}, {"line_id": "91-3-H-j24-1", "route_id": "329.TA.91-3-H-j24-1.66.H", "mode": "rail", "line_name": "S3"}, {"line_id": "91-3-H-j24-1", "route_id": "157.TA.91-3-H-j24-1.29.H", "mode": "rail", "line_name": "S3"}, {"line_id": "91-3-H-j24-1", "route_id": "342.TA.91-3-H-j24-1.69.H", "mode": "rail", "line_name": "S3"}, {"line_id": "91-3-H-j24-1", "route_id": "389.TA.91-3-H-j24-1.534.H", "mode": "rail", "line_name": "S3"}, {"line_id": "91-3-H-j24-1", "route_id": "360.TA.91-3-H-j24-1.413.H", "mode": "rail", "line_name": "S3"}], "predominant_mode": "rail", "assigned_canton": "Schwyz", "modes_list": ["rail"]}, "geometry": {"type": "Point", "coordinates": [8.432284030385377, 47.08249036021713]}}, {"id": "13547", "type": "Feature", "properties": {"name": "K\u00fcssnacht am Rigi (See)", "lon": 8.438837231935246, "lat": 47.07998230501993, "stop_id": ["8508488.link:pt_8508488"], "lines": [{"line_id": "94-360-3-j24-1", "route_id": "2.TA.94-360-3-j24-1.3.H", "mode": "ferry", "line_name": "3603"}, {"line_id": "94-360-3-j24-1", "route_id": "8.TA.94-360-3-j24-1.5.R", "mode": "ferry", "line_name": "3603"}], "predominant_mode": "ferry", "assigned_canton": "Schwyz", "modes_list": ["ferry"]}, "geometry": {"type": "Point", "coordinates": [8.438837240315054, 47.07998231511131]}}, {"id": "13548", "type": "Feature", "properties": {"name": "K\u00fcssnacht am Rigi (Talstation)", "lon": 8.43988826180873, "lat": 47.076097665003154, "stop_id": ["8530387.link:pt_8530387"], "lines": [{"line_id": "93-82-Y-j24-1", "route_id": "37.TA.93-82-Y-j24-1.1.H", "mode": "cable car", "line_name": "PB"}, {"line_id": "93-82-Y-j24-1", "route_id": "53.TA.93-82-Y-j24-1.2.R", "mode": "cable car", "line_name": "PB"}], "predominant_mode": "cable car", "assigned_canton": "Schwyz", "modes_list": ["cable car"]}, "geometry": {"type": "Point", "coordinates": [8.43988827019071, 47.07609767509278]}}, {"id": "13549", "type": "Feature", "properties": {"name": "K\u00fcssnacht am Rigi, Bahnhof", "lon": 8.433132928700616, "lat": 47.08311835844303, "stop_id": ["8577205:0:A.link:1419147", "8577205:0:A.link:1419148", "8577205:0:A.link:1959868", "8577205:0:A.link:1959869", "8577205:0:A.link:824770", "8577205:0:A.link:824771", "8577205:0:B.link:1428223", "8577205:0:B.link:1959868", "8577205:0:B.link:1959869"], "lines": [{"line_id": "92-528-j24-1", "route_id": "35.TA.92-528-j24-1.4.R", "mode": "bus", "line_name": "528"}, {"line_id": "92-502-A-j24-1", "route_id": "1803.TA.92-502-A-j24-1.827.R", "mode": "bus", "line_name": "502"}, {"line_id": "92-502-A-j24-1", "route_id": "1594.TA.92-502-A-j24-1.826.R", "mode": "bus", "line_name": "502"}, {"line_id": "92-502-A-j24-1", "route_id": "2143.TA.92-502-A-j24-1.811.R", "mode": "bus", "line_name": "502"}, {"line_id": "92-502-A-j24-1", "route_id": "1820.TA.92-502-A-j24-1.828.R", "mode": "bus", "line_name": "502"}, {"line_id": "92-528-j24-1", "route_id": "49.TA.92-528-j24-1.35.R", "mode": "bus", "line_name": "528"}, {"line_id": "92-N33-A-j24-1", "route_id": "16.TA.92-N33-A-j24-1.8.H", "mode": "bus", "line_name": "N33"}, {"line_id": "92-502-A-j24-1", "route_id": "1486.TA.92-502-A-j24-1.824.R", "mode": "bus", "line_name": "502"}, {"line_id": "92-502-A-j24-1", "route_id": "1810.TA.92-502-A-j24-1.828.R", "mode": "bus", "line_name": "502"}, {"line_id": "92-502-A-j24-1", "route_id": "235.TA.92-502-A-j24-1.815.H", "mode": "bus", "line_name": "502"}, {"line_id": "92-502-A-j24-1", "route_id": "493.TA.92-502-A-j24-1.818.H", "mode": "bus", "line_name": "502"}, {"line_id": "92-502-A-j24-1", "route_id": "945.TA.92-502-A-j24-1.795.H", "mode": "bus", "line_name": "502"}, {"line_id": "92-502-A-j24-1", "route_id": "450.TA.92-502-A-j24-1.817.H", "mode": "bus", "line_name": "502"}, {"line_id": "92-502-A-j24-1", "route_id": "515.TA.92-502-A-j24-1.818.H", "mode": "bus", "line_name": "502"}, {"line_id": "92-N33-A-j24-1", "route_id": "18.TA.92-N33-A-j24-1.9.R", "mode": "bus", "line_name": "N33"}, {"line_id": "92-528-j24-1", "route_id": "8.TA.92-528-j24-1.33.H", "mode": "bus", "line_name": "528"}, {"line_id": "92-502-A-j24-1", "route_id": "931.TA.92-502-A-j24-1.795.H", "mode": "bus", "line_name": "502"}, {"line_id": "92-502-A-j24-1", "route_id": "355.TA.92-502-A-j24-1.816.H", "mode": "bus", "line_name": "502"}, {"line_id": "92-502-A-j24-1", "route_id": "527.TA.92-502-A-j24-1.818.H", "mode": "bus", "line_name": "502"}, {"line_id": "92-N3-B-j24-1", "route_id": "5.TA.92-N3-B-j24-1.7.R", "mode": "bus", "line_name": "N3"}, {"line_id": "92-N3-B-j24-1", "route_id": "8.TA.92-N3-B-j24-1.8.R", "mode": "bus", "line_name": "N3"}, {"line_id": "92-N3-B-j24-1", "route_id": "2.TA.92-N3-B-j24-1.6.H", "mode": "bus", "line_name": "N3"}, {"line_id": "92-529-j24-1", "route_id": "16.TA.92-529-j24-1.2.H", "mode": "bus", "line_name": "529"}, {"line_id": "92-529-j24-1", "route_id": "84.TA.92-529-j24-1.4.R", "mode": "bus", "line_name": "529"}, {"line_id": "92-528-j24-1", "route_id": "17.TA.92-528-j24-1.34.H", "mode": "bus", "line_name": "528"}, {"line_id": "92-528-j24-1", "route_id": "2.TA.92-528-j24-1.1.H", "mode": "bus", "line_name": "528"}, {"line_id": "92-653-j24-1", "route_id": "188.TA.92-653-j24-1.15.R", "mode": "bus", "line_name": "653"}, {"line_id": "92-622-A-j24-1", "route_id": "7.TA.92-622-A-j24-1.1.H", "mode": "bus", "line_name": "622"}, {"line_id": "92-653-j24-1", "route_id": "202.TA.92-653-j24-1.15.R", "mode": "bus", "line_name": "653"}, {"line_id": "92-622-A-j24-1", "route_id": "76.TA.92-622-A-j24-1.2.H", "mode": "bus", "line_name": "622"}, {"line_id": "92-653-j24-1", "route_id": "167.TA.92-653-j24-1.15.R", "mode": "bus", "line_name": "653"}, {"line_id": "92-622-A-j24-1", "route_id": "132.TA.92-622-A-j24-1.3.R", "mode": "bus", "line_name": "622"}, {"line_id": "92-653-j24-1", "route_id": "47.TA.92-653-j24-1.13.H", "mode": "bus", "line_name": "653"}, {"line_id": "92-653-j24-1", "route_id": "31.TA.92-653-j24-1.13.H", "mode": "bus", "line_name": "653"}, {"line_id": "92-622-A-j24-1", "route_id": "213.TA.92-622-A-j24-1.4.R", "mode": "bus", "line_name": "622"}], "predominant_mode": "bus", "assigned_canton": "Schwyz", "modes_list": ["bus"]}, "geometry": {"type": "Point", "coordinates": [8.433132937073857, 47.08311836853713]}}, {"id": "13550", "type": "Feature", "properties": {"name": "K\u00fcssnacht am Rigi, Breitfeld", "lon": 8.437579591626188, "lat": 47.07057304503905, "stop_id": ["8577209.link:817135", "8577209.link:817136"], "lines": [{"line_id": "92-502-A-j24-1", "route_id": "1803.TA.92-502-A-j24-1.827.R", "mode": "bus", "line_name": "502"}, {"line_id": "92-502-A-j24-1", "route_id": "1594.TA.92-502-A-j24-1.826.R", "mode": "bus", "line_name": "502"}, {"line_id": "92-502-A-j24-1", "route_id": "2143.TA.92-502-A-j24-1.811.R", "mode": "bus", "line_name": "502"}, {"line_id": "92-653-j24-1", "route_id": "109.TA.92-653-j24-1.14.H", "mode": "bus", "line_name": "653"}, {"line_id": "92-502-A-j24-1", "route_id": "1820.TA.92-502-A-j24-1.828.R", "mode": "bus", "line_name": "502"}, {"line_id": "92-528-j24-1", "route_id": "49.TA.92-528-j24-1.35.R", "mode": "bus", "line_name": "528"}, {"line_id": "92-653-j24-1", "route_id": "150.TA.92-653-j24-1.14.H", "mode": "bus", "line_name": "653"}, {"line_id": "92-N33-A-j24-1", "route_id": "16.TA.92-N33-A-j24-1.8.H", "mode": "bus", "line_name": "N33"}, {"line_id": "92-502-A-j24-1", "route_id": "1486.TA.92-502-A-j24-1.824.R", "mode": "bus", "line_name": "502"}, {"line_id": "92-502-A-j24-1", "route_id": "1810.TA.92-502-A-j24-1.828.R", "mode": "bus", "line_name": "502"}, {"line_id": "92-529-j24-1", "route_id": "84.TA.92-529-j24-1.4.R", "mode": "bus", "line_name": "529"}, {"line_id": "92-653-j24-1", "route_id": "280.TA.92-653-j24-1.16.R", "mode": "bus", "line_name": "653"}, {"line_id": "92-502-A-j24-1", "route_id": "235.TA.92-502-A-j24-1.815.H", "mode": "bus", "line_name": "502"}, {"line_id": "92-502-A-j24-1", "route_id": "493.TA.92-502-A-j24-1.818.H", "mode": "bus", "line_name": "502"}, {"line_id": "92-502-A-j24-1", "route_id": "945.TA.92-502-A-j24-1.795.H", "mode": "bus", "line_name": "502"}, {"line_id": "92-653-j24-1", "route_id": "314.TA.92-653-j24-1.16.R", "mode": "bus", "line_name": "653"}, {"line_id": "92-529-j24-1", "route_id": "16.TA.92-529-j24-1.2.H", "mode": "bus", "line_name": "529"}, {"line_id": "92-502-A-j24-1", "route_id": "450.TA.92-502-A-j24-1.817.H", "mode": "bus", "line_name": "502"}, {"line_id": "92-502-A-j24-1", "route_id": "515.TA.92-502-A-j24-1.818.H", "mode": "bus", "line_name": "502"}, {"line_id": "92-N33-A-j24-1", "route_id": "18.TA.92-N33-A-j24-1.9.R", "mode": "bus", "line_name": "N33"}, {"line_id": "92-528-j24-1", "route_id": "8.TA.92-528-j24-1.33.H", "mode": "bus", "line_name": "528"}, {"line_id": "92-528-j24-1", "route_id": "17.TA.92-528-j24-1.34.H", "mode": "bus", "line_name": "528"}, {"line_id": "92-502-A-j24-1", "route_id": "931.TA.92-502-A-j24-1.795.H", "mode": "bus", "line_name": "502"}, {"line_id": "92-502-A-j24-1", "route_id": "355.TA.92-502-A-j24-1.816.H", "mode": "bus", "line_name": "502"}, {"line_id": "92-502-A-j24-1", "route_id": "527.TA.92-502-A-j24-1.818.H", "mode": "bus", "line_name": "502"}], "predominant_mode": "bus", "assigned_canton": "Schwyz", "modes_list": ["bus"]}, "geometry": {"type": "Point", "coordinates": [8.437579600007481, 47.07057305512729]}}, {"id": "13551", "type": "Feature", "properties": {"name": "K\u00fcssnacht am Rigi, Chliarniweg", "lon": 8.434112092159962, "lat": 47.086943365094584, "stop_id": ["8591703.link:1361993", "8591703.link:1361994"], "lines": [{"line_id": "92-529-j24-1", "route_id": "84.TA.92-529-j24-1.4.R", "mode": "bus", "line_name": "529"}, {"line_id": "92-529-j24-1", "route_id": "16.TA.92-529-j24-1.2.H", "mode": "bus", "line_name": "529"}], "predominant_mode": "bus", "assigned_canton": "Schwyz", "modes_list": ["bus"]}, "geometry": {"type": "Point", "coordinates": [8.434112100533062, 47.08694337518984]}}, {"id": "13552", "type": "Feature", "properties": {"name": "K\u00fcssnacht am Rigi, Ebnet", "lon": 8.444460692143776, "lat": 47.08622772493204, "stop_id": ["8587557.link:475568", "8587557.link:475569"], "lines": [{"line_id": "92-653-j24-1", "route_id": "31.TA.92-653-j24-1.13.H", "mode": "bus", "line_name": "653"}, {"line_id": "92-622-A-j24-1", "route_id": "132.TA.92-622-A-j24-1.3.R", "mode": "bus", "line_name": "622"}, {"line_id": "92-653-j24-1", "route_id": "150.TA.92-653-j24-1.14.H", "mode": "bus", "line_name": "653"}, {"line_id": "92-622-A-j24-1", "route_id": "213.TA.92-622-A-j24-1.4.R", "mode": "bus", "line_name": "622"}, {"line_id": "92-653-j24-1", "route_id": "109.TA.92-653-j24-1.14.H", "mode": "bus", "line_name": "653"}, {"line_id": "92-653-j24-1", "route_id": "47.TA.92-653-j24-1.13.H", "mode": "bus", "line_name": "653"}, {"line_id": "92-653-j24-1", "route_id": "188.TA.92-653-j24-1.15.R", "mode": "bus", "line_name": "653"}, {"line_id": "92-622-A-j24-1", "route_id": "7.TA.92-622-A-j24-1.1.H", "mode": "bus", "line_name": "622"}, {"line_id": "92-653-j24-1", "route_id": "202.TA.92-653-j24-1.15.R", "mode": "bus", "line_name": "653"}, {"line_id": "92-622-A-j24-1", "route_id": "76.TA.92-622-A-j24-1.2.H", "mode": "bus", "line_name": "622"}, {"line_id": "92-653-j24-1", "route_id": "167.TA.92-653-j24-1.15.R", "mode": "bus", "line_name": "653"}, {"line_id": "92-653-j24-1", "route_id": "314.TA.92-653-j24-1.16.R", "mode": "bus", "line_name": "653"}, {"line_id": "92-653-j24-1", "route_id": "280.TA.92-653-j24-1.16.R", "mode": "bus", "line_name": "653"}], "predominant_mode": "bus", "assigned_canton": "Schwyz", "modes_list": ["bus"]}, "geometry": {"type": "Point", "coordinates": [8.444460700527337, 47.086227735024124]}}, {"id": "13553", "type": "Feature", "properties": {"name": "K\u00fcssnacht am Rigi, Eichholtern", "lon": 8.433635991442484, "lat": 47.065047845100594, "stop_id": ["8577210.link:1199673", "8577210.link:1199674"], "lines": [{"line_id": "92-502-A-j24-1", "route_id": "1803.TA.92-502-A-j24-1.827.R", "mode": "bus", "line_name": "502"}, {"line_id": "92-502-A-j24-1", "route_id": "1594.TA.92-502-A-j24-1.826.R", "mode": "bus", "line_name": "502"}, {"line_id": "92-502-A-j24-1", "route_id": "2143.TA.92-502-A-j24-1.811.R", "mode": "bus", "line_name": "502"}, {"line_id": "92-502-A-j24-1", "route_id": "1820.TA.92-502-A-j24-1.828.R", "mode": "bus", "line_name": "502"}, {"line_id": "92-N33-A-j24-1", "route_id": "16.TA.92-N33-A-j24-1.8.H", "mode": "bus", "line_name": "N33"}, {"line_id": "92-502-A-j24-1", "route_id": "1486.TA.92-502-A-j24-1.824.R", "mode": "bus", "line_name": "502"}, {"line_id": "92-502-A-j24-1", "route_id": "1810.TA.92-502-A-j24-1.828.R", "mode": "bus", "line_name": "502"}, {"line_id": "92-502-A-j24-1", "route_id": "235.TA.92-502-A-j24-1.815.H", "mode": "bus", "line_name": "502"}, {"line_id": "92-502-A-j24-1", "route_id": "493.TA.92-502-A-j24-1.818.H", "mode": "bus", "line_name": "502"}, {"line_id": "92-502-A-j24-1", "route_id": "945.TA.92-502-A-j24-1.795.H", "mode": "bus", "line_name": "502"}, {"line_id": "92-502-A-j24-1", "route_id": "450.TA.92-502-A-j24-1.817.H", "mode": "bus", "line_name": "502"}, {"line_id": "92-502-A-j24-1", "route_id": "515.TA.92-502-A-j24-1.818.H", "mode": "bus", "line_name": "502"}, {"line_id": "92-N33-A-j24-1", "route_id": "18.TA.92-N33-A-j24-1.9.R", "mode": "bus", "line_name": "N33"}, {"line_id": "92-502-A-j24-1", "route_id": "931.TA.92-502-A-j24-1.795.H", "mode": "bus", "line_name": "502"}, {"line_id": "92-502-A-j24-1", "route_id": "355.TA.92-502-A-j24-1.816.H", "mode": "bus", "line_name": "502"}, {"line_id": "92-502-A-j24-1", "route_id": "527.TA.92-502-A-j24-1.818.H", "mode": "bus", "line_name": "502"}], "predominant_mode": "bus", "assigned_canton": "Schwyz", "modes_list": ["bus"]}, "geometry": {"type": "Point", "coordinates": [8.433635999821469, 47.06504785518792]}}, {"id": "13554", "type": "Feature", "properties": {"name": "K\u00fcssnacht am Rigi, Ellb\u00f6gli", "lon": 8.449670912802091, "lat": 47.10620079485148, "stop_id": ["8587583.link:276743", "8587583.link:276744"], "lines": [{"line_id": "92-653-j24-1", "route_id": "188.TA.92-653-j24-1.15.R", "mode": "bus", "line_name": "653"}, {"line_id": "92-653-j24-1", "route_id": "202.TA.92-653-j24-1.15.R", "mode": "bus", "line_name": "653"}, {"line_id": "92-653-j24-1", "route_id": "167.TA.92-653-j24-1.15.R", "mode": "bus", "line_name": "653"}, {"line_id": "92-653-j24-1", "route_id": "314.TA.92-653-j24-1.16.R", "mode": "bus", "line_name": "653"}, {"line_id": "92-653-j24-1", "route_id": "280.TA.92-653-j24-1.16.R", "mode": "bus", "line_name": "653"}, {"line_id": "92-653-j24-1", "route_id": "150.TA.92-653-j24-1.14.H", "mode": "bus", "line_name": "653"}, {"line_id": "92-653-j24-1", "route_id": "109.TA.92-653-j24-1.14.H", "mode": "bus", "line_name": "653"}, {"line_id": "92-653-j24-1", "route_id": "47.TA.92-653-j24-1.13.H", "mode": "bus", "line_name": "653"}, {"line_id": "92-653-j24-1", "route_id": "31.TA.92-653-j24-1.13.H", "mode": "bus", "line_name": "653"}], "predominant_mode": "bus", "assigned_canton": "Schwyz", "modes_list": ["bus"]}, "geometry": {"type": "Point", "coordinates": [8.449670921184987, 47.10620080494934]}}, {"id": "13555", "type": "Feature", "properties": {"name": "K\u00fcssnacht am Rigi, F\u00e4nn Nord", "lon": 8.451269922993468, "lat": 47.11200295482671, "stop_id": ["8587519.link:1325007", "8587519.link:1325008"], "lines": [{"line_id": "92-653-j24-1", "route_id": "188.TA.92-653-j24-1.15.R", "mode": "bus", "line_name": "653"}, {"line_id": "92-653-j24-1", "route_id": "202.TA.92-653-j24-1.15.R", "mode": "bus", "line_name": "653"}, {"line_id": "92-653-j24-1", "route_id": "167.TA.92-653-j24-1.15.R", "mode": "bus", "line_name": "653"}, {"line_id": "92-653-j24-1", "route_id": "314.TA.92-653-j24-1.16.R", "mode": "bus", "line_name": "653"}, {"line_id": "92-653-j24-1", "route_id": "280.TA.92-653-j24-1.16.R", "mode": "bus", "line_name": "653"}, {"line_id": "92-653-j24-1", "route_id": "150.TA.92-653-j24-1.14.H", "mode": "bus", "line_name": "653"}, {"line_id": "92-653-j24-1", "route_id": "109.TA.92-653-j24-1.14.H", "mode": "bus", "line_name": "653"}, {"line_id": "92-653-j24-1", "route_id": "47.TA.92-653-j24-1.13.H", "mode": "bus", "line_name": "653"}, {"line_id": "92-653-j24-1", "route_id": "31.TA.92-653-j24-1.13.H", "mode": "bus", "line_name": "653"}], "predominant_mode": "bus", "assigned_canton": "Schwyz", "modes_list": ["bus"]}, "geometry": {"type": "Point", "coordinates": [8.451269931376245, 47.11200296492621]}}, {"id": "13556", "type": "Feature", "properties": {"name": "K\u00fcssnacht am Rigi, F\u00e4nn S\u00fcd", "lon": 8.448539042887496, "lat": 47.1088298848694, "stop_id": ["8591755.link:276879", "8591755.link:276880"], "lines": [{"line_id": "92-653-j24-1", "route_id": "188.TA.92-653-j24-1.15.R", "mode": "bus", "line_name": "653"}, {"line_id": "92-653-j24-1", "route_id": "202.TA.92-653-j24-1.15.R", "mode": "bus", "line_name": "653"}, {"line_id": "92-653-j24-1", "route_id": "167.TA.92-653-j24-1.15.R", "mode": "bus", "line_name": "653"}, {"line_id": "92-653-j24-1", "route_id": "314.TA.92-653-j24-1.16.R", "mode": "bus", "line_name": "653"}, {"line_id": "92-653-j24-1", "route_id": "280.TA.92-653-j24-1.16.R", "mode": "bus", "line_name": "653"}, {"line_id": "92-653-j24-1", "route_id": "150.TA.92-653-j24-1.14.H", "mode": "bus", "line_name": "653"}, {"line_id": "92-653-j24-1", "route_id": "109.TA.92-653-j24-1.14.H", "mode": "bus", "line_name": "653"}, {"line_id": "92-653-j24-1", "route_id": "47.TA.92-653-j24-1.13.H", "mode": "bus", "line_name": "653"}, {"line_id": "92-653-j24-1", "route_id": "31.TA.92-653-j24-1.13.H", "mode": "bus", "line_name": "653"}], "predominant_mode": "bus", "assigned_canton": "Schwyz", "modes_list": ["bus"]}, "geometry": {"type": "Point", "coordinates": [8.4485390512685, 47.10882989496856]}}, {"id": "13557", "type": "Feature", "properties": {"name": "K\u00fcssnacht am Rigi, Gloritobel", "lon": 8.434246842129001, "lat": 47.08599529509243, "stop_id": ["8595501.link:938655", "8595501.link:938656"], "lines": [{"line_id": "92-529-j24-1", "route_id": "84.TA.92-529-j24-1.4.R", "mode": "bus", "line_name": "529"}, {"line_id": "92-529-j24-1", "route_id": "16.TA.92-529-j24-1.2.H", "mode": "bus", "line_name": "529"}], "predominant_mode": "bus", "assigned_canton": "Schwyz", "modes_list": ["bus"]}, "geometry": {"type": "Point", "coordinates": [8.434246850502511, 47.0859953051873]}}, {"id": "13558", "type": "Feature", "properties": {"name": "K\u00fcssnacht am Rigi, Hauptplatz", "lon": 8.441077629986106, "lat": 47.08148715098484, "stop_id": ["8577206:0:A.link:1975853", "8577206:0:A.link:582053", "8577206:0:B.link:1914009", "8577206:0:C.link:1940141", "8577206:0:D.link:1940141"], "lines": [{"line_id": "92-653-j24-1", "route_id": "188.TA.92-653-j24-1.15.R", "mode": "bus", "line_name": "653"}, {"line_id": "92-622-A-j24-1", "route_id": "7.TA.92-622-A-j24-1.1.H", "mode": "bus", "line_name": "622"}, {"line_id": "92-653-j24-1", "route_id": "202.TA.92-653-j24-1.15.R", "mode": "bus", "line_name": "653"}, {"line_id": "92-622-A-j24-1", "route_id": "76.TA.92-622-A-j24-1.2.H", "mode": "bus", "line_name": "622"}, {"line_id": "92-653-j24-1", "route_id": "167.TA.92-653-j24-1.15.R", "mode": "bus", "line_name": "653"}, {"line_id": "92-502-A-j24-1", "route_id": "1803.TA.92-502-A-j24-1.827.R", "mode": "bus", "line_name": "502"}, {"line_id": "92-502-A-j24-1", "route_id": "1594.TA.92-502-A-j24-1.826.R", "mode": "bus", "line_name": "502"}, {"line_id": "92-502-A-j24-1", "route_id": "2143.TA.92-502-A-j24-1.811.R", "mode": "bus", "line_name": "502"}, {"line_id": "92-502-A-j24-1", "route_id": "1820.TA.92-502-A-j24-1.828.R", "mode": "bus", "line_name": "502"}, {"line_id": "92-528-j24-1", "route_id": "49.TA.92-528-j24-1.35.R", "mode": "bus", "line_name": "528"}, {"line_id": "92-N33-A-j24-1", "route_id": "16.TA.92-N33-A-j24-1.8.H", "mode": "bus", "line_name": "N33"}, {"line_id": "92-502-A-j24-1", "route_id": "1486.TA.92-502-A-j24-1.824.R", "mode": "bus", "line_name": "502"}, {"line_id": "92-502-A-j24-1", "route_id": "1810.TA.92-502-A-j24-1.828.R", "mode": "bus", "line_name": "502"}, {"line_id": "92-529-j24-1", "route_id": "84.TA.92-529-j24-1.4.R", "mode": "bus", "line_name": "529"}, {"line_id": "92-653-j24-1", "route_id": "47.TA.92-653-j24-1.13.H", "mode": "bus", "line_name": "653"}, {"line_id": "92-502-A-j24-1", "route_id": "235.TA.92-502-A-j24-1.815.H", "mode": "bus", "line_name": "502"}, {"line_id": "92-502-A-j24-1", "route_id": "493.TA.92-502-A-j24-1.818.H", "mode": "bus", "line_name": "502"}, {"line_id": "92-502-A-j24-1", "route_id": "945.TA.92-502-A-j24-1.795.H", "mode": "bus", "line_name": "502"}, {"line_id": "92-653-j24-1", "route_id": "31.TA.92-653-j24-1.13.H", "mode": "bus", "line_name": "653"}, {"line_id": "92-622-A-j24-1", "route_id": "132.TA.92-622-A-j24-1.3.R", "mode": "bus", "line_name": "622"}, {"line_id": "92-529-j24-1", "route_id": "16.TA.92-529-j24-1.2.H", "mode": "bus", "line_name": "529"}, {"line_id": "92-502-A-j24-1", "route_id": "450.TA.92-502-A-j24-1.817.H", "mode": "bus", "line_name": "502"}, {"line_id": "92-502-A-j24-1", "route_id": "515.TA.92-502-A-j24-1.818.H", "mode": "bus", "line_name": "502"}, {"line_id": "92-N33-A-j24-1", "route_id": "18.TA.92-N33-A-j24-1.9.R", "mode": "bus", "line_name": "N33"}, {"line_id": "92-622-A-j24-1", "route_id": "213.TA.92-622-A-j24-1.4.R", "mode": "bus", "line_name": "622"}, {"line_id": "92-528-j24-1", "route_id": "8.TA.92-528-j24-1.33.H", "mode": "bus", "line_name": "528"}, {"line_id": "92-528-j24-1", "route_id": "17.TA.92-528-j24-1.34.H", "mode": "bus", "line_name": "528"}, {"line_id": "92-502-A-j24-1", "route_id": "931.TA.92-502-A-j24-1.795.H", "mode": "bus", "line_name": "502"}, {"line_id": "92-502-A-j24-1", "route_id": "355.TA.92-502-A-j24-1.816.H", "mode": "bus", "line_name": "502"}, {"line_id": "92-502-A-j24-1", "route_id": "527.TA.92-502-A-j24-1.818.H", "mode": "bus", "line_name": "502"}, {"line_id": "92-653-j24-1", "route_id": "150.TA.92-653-j24-1.14.H", "mode": "bus", "line_name": "653"}, {"line_id": "92-653-j24-1", "route_id": "109.TA.92-653-j24-1.14.H", "mode": "bus", "line_name": "653"}, {"line_id": "92-653-j24-1", "route_id": "314.TA.92-653-j24-1.16.R", "mode": "bus", "line_name": "653"}, {"line_id": "92-653-j24-1", "route_id": "280.TA.92-653-j24-1.16.R", "mode": "bus", "line_name": "653"}], "predominant_mode": "bus", "assigned_canton": "Schwyz", "modes_list": ["bus"]}, "geometry": {"type": "Point", "coordinates": [8.441077638367698, 47.081487161076105]}}, {"id": "13559", "type": "Feature", "properties": {"name": "K\u00fcssnacht am Rigi, Honegg", "lon": 8.438666551732334, "lat": 47.07379122502222, "stop_id": ["8577208.link:817125", "8577208.link:817126"], "lines": [{"line_id": "92-502-A-j24-1", "route_id": "1803.TA.92-502-A-j24-1.827.R", "mode": "bus", "line_name": "502"}, {"line_id": "92-502-A-j24-1", "route_id": "1594.TA.92-502-A-j24-1.826.R", "mode": "bus", "line_name": "502"}, {"line_id": "92-502-A-j24-1", "route_id": "2143.TA.92-502-A-j24-1.811.R", "mode": "bus", "line_name": "502"}, {"line_id": "92-653-j24-1", "route_id": "109.TA.92-653-j24-1.14.H", "mode": "bus", "line_name": "653"}, {"line_id": "92-502-A-j24-1", "route_id": "1820.TA.92-502-A-j24-1.828.R", "mode": "bus", "line_name": "502"}, {"line_id": "92-653-j24-1", "route_id": "150.TA.92-653-j24-1.14.H", "mode": "bus", "line_name": "653"}, {"line_id": "92-N33-A-j24-1", "route_id": "16.TA.92-N33-A-j24-1.8.H", "mode": "bus", "line_name": "N33"}, {"line_id": "92-502-A-j24-1", "route_id": "1486.TA.92-502-A-j24-1.824.R", "mode": "bus", "line_name": "502"}, {"line_id": "92-502-A-j24-1", "route_id": "1810.TA.92-502-A-j24-1.828.R", "mode": "bus", "line_name": "502"}, {"line_id": "92-529-j24-1", "route_id": "84.TA.92-529-j24-1.4.R", "mode": "bus", "line_name": "529"}, {"line_id": "92-653-j24-1", "route_id": "280.TA.92-653-j24-1.16.R", "mode": "bus", "line_name": "653"}, {"line_id": "92-502-A-j24-1", "route_id": "235.TA.92-502-A-j24-1.815.H", "mode": "bus", "line_name": "502"}, {"line_id": "92-502-A-j24-1", "route_id": "493.TA.92-502-A-j24-1.818.H", "mode": "bus", "line_name": "502"}, {"line_id": "92-502-A-j24-1", "route_id": "945.TA.92-502-A-j24-1.795.H", "mode": "bus", "line_name": "502"}, {"line_id": "92-653-j24-1", "route_id": "314.TA.92-653-j24-1.16.R", "mode": "bus", "line_name": "653"}, {"line_id": "92-529-j24-1", "route_id": "16.TA.92-529-j24-1.2.H", "mode": "bus", "line_name": "529"}, {"line_id": "92-502-A-j24-1", "route_id": "450.TA.92-502-A-j24-1.817.H", "mode": "bus", "line_name": "502"}, {"line_id": "92-502-A-j24-1", "route_id": "515.TA.92-502-A-j24-1.818.H", "mode": "bus", "line_name": "502"}, {"line_id": "92-N33-A-j24-1", "route_id": "18.TA.92-N33-A-j24-1.9.R", "mode": "bus", "line_name": "N33"}, {"line_id": "92-502-A-j24-1", "route_id": "931.TA.92-502-A-j24-1.795.H", "mode": "bus", "line_name": "502"}, {"line_id": "92-502-A-j24-1", "route_id": "355.TA.92-502-A-j24-1.816.H", "mode": "bus", "line_name": "502"}, {"line_id": "92-502-A-j24-1", "route_id": "527.TA.92-502-A-j24-1.818.H", "mode": "bus", "line_name": "502"}], "predominant_mode": "bus", "assigned_canton": "Schwyz", "modes_list": ["bus"]}, "geometry": {"type": "Point", "coordinates": [8.438666560113774, 47.07379123511135]}}, {"id": "13560", "type": "Feature", "properties": {"name": "K\u00fcssnacht am Rigi, Oberdorf", "lon": 8.443032362068429, "lat": 47.083958414954346, "stop_id": ["8587770.link:183425", "8587770.link:183426"], "lines": [{"line_id": "92-653-j24-1", "route_id": "31.TA.92-653-j24-1.13.H", "mode": "bus", "line_name": "653"}, {"line_id": "92-622-A-j24-1", "route_id": "132.TA.92-622-A-j24-1.3.R", "mode": "bus", "line_name": "622"}, {"line_id": "92-653-j24-1", "route_id": "150.TA.92-653-j24-1.14.H", "mode": "bus", "line_name": "653"}, {"line_id": "92-622-A-j24-1", "route_id": "213.TA.92-622-A-j24-1.4.R", "mode": "bus", "line_name": "622"}, {"line_id": "92-653-j24-1", "route_id": "109.TA.92-653-j24-1.14.H", "mode": "bus", "line_name": "653"}, {"line_id": "92-653-j24-1", "route_id": "47.TA.92-653-j24-1.13.H", "mode": "bus", "line_name": "653"}, {"line_id": "92-653-j24-1", "route_id": "188.TA.92-653-j24-1.15.R", "mode": "bus", "line_name": "653"}, {"line_id": "92-622-A-j24-1", "route_id": "7.TA.92-622-A-j24-1.1.H", "mode": "bus", "line_name": "622"}, {"line_id": "92-653-j24-1", "route_id": "202.TA.92-653-j24-1.15.R", "mode": "bus", "line_name": "653"}, {"line_id": "92-622-A-j24-1", "route_id": "76.TA.92-622-A-j24-1.2.H", "mode": "bus", "line_name": "622"}, {"line_id": "92-653-j24-1", "route_id": "167.TA.92-653-j24-1.15.R", "mode": "bus", "line_name": "653"}, {"line_id": "92-653-j24-1", "route_id": "314.TA.92-653-j24-1.16.R", "mode": "bus", "line_name": "653"}, {"line_id": "92-653-j24-1", "route_id": "280.TA.92-653-j24-1.16.R", "mode": "bus", "line_name": "653"}], "predominant_mode": "bus", "assigned_canton": "Schwyz", "modes_list": ["bus"]}, "geometry": {"type": "Point", "coordinates": [8.443032370451238, 47.08395842504598]}}, {"id": "13561", "type": "Feature", "properties": {"name": "K\u00fcssnacht am Rigi, Plaza", "lon": 8.437552642029535, "lat": 47.08288795504033, "stop_id": ["8587582.link:582039", "8587582.link:582040"], "lines": [{"line_id": "92-502-A-j24-1", "route_id": "1803.TA.92-502-A-j24-1.827.R", "mode": "bus", "line_name": "502"}, {"line_id": "92-653-j24-1", "route_id": "188.TA.92-653-j24-1.15.R", "mode": "bus", "line_name": "653"}, {"line_id": "92-502-A-j24-1", "route_id": "1594.TA.92-502-A-j24-1.826.R", "mode": "bus", "line_name": "502"}, {"line_id": "92-502-A-j24-1", "route_id": "2143.TA.92-502-A-j24-1.811.R", "mode": "bus", "line_name": "502"}, {"line_id": "92-622-A-j24-1", "route_id": "7.TA.92-622-A-j24-1.1.H", "mode": "bus", "line_name": "622"}, {"line_id": "92-653-j24-1", "route_id": "202.TA.92-653-j24-1.15.R", "mode": "bus", "line_name": "653"}, {"line_id": "92-502-A-j24-1", "route_id": "1820.TA.92-502-A-j24-1.828.R", "mode": "bus", "line_name": "502"}, {"line_id": "92-653-j24-1", "route_id": "167.TA.92-653-j24-1.15.R", "mode": "bus", "line_name": "653"}, {"line_id": "92-N33-A-j24-1", "route_id": "16.TA.92-N33-A-j24-1.8.H", "mode": "bus", "line_name": "N33"}, {"line_id": "92-622-A-j24-1", "route_id": "76.TA.92-622-A-j24-1.2.H", "mode": "bus", "line_name": "622"}, {"line_id": "92-502-A-j24-1", "route_id": "1486.TA.92-502-A-j24-1.824.R", "mode": "bus", "line_name": "502"}, {"line_id": "92-502-A-j24-1", "route_id": "1810.TA.92-502-A-j24-1.828.R", "mode": "bus", "line_name": "502"}, {"line_id": "92-529-j24-1", "route_id": "84.TA.92-529-j24-1.4.R", "mode": "bus", "line_name": "529"}, {"line_id": "92-653-j24-1", "route_id": "47.TA.92-653-j24-1.13.H", "mode": "bus", "line_name": "653"}, {"line_id": "92-502-A-j24-1", "route_id": "235.TA.92-502-A-j24-1.815.H", "mode": "bus", "line_name": "502"}, {"line_id": "92-502-A-j24-1", "route_id": "493.TA.92-502-A-j24-1.818.H", "mode": "bus", "line_name": "502"}, {"line_id": "92-502-A-j24-1", "route_id": "945.TA.92-502-A-j24-1.795.H", "mode": "bus", "line_name": "502"}, {"line_id": "92-653-j24-1", "route_id": "31.TA.92-653-j24-1.13.H", "mode": "bus", "line_name": "653"}, {"line_id": "92-529-j24-1", "route_id": "16.TA.92-529-j24-1.2.H", "mode": "bus", "line_name": "529"}, {"line_id": "92-502-A-j24-1", "route_id": "450.TA.92-502-A-j24-1.817.H", "mode": "bus", "line_name": "502"}, {"line_id": "92-502-A-j24-1", "route_id": "515.TA.92-502-A-j24-1.818.H", "mode": "bus", "line_name": "502"}, {"line_id": "92-N33-A-j24-1", "route_id": "18.TA.92-N33-A-j24-1.9.R", "mode": "bus", "line_name": "N33"}, {"line_id": "92-622-A-j24-1", "route_id": "213.TA.92-622-A-j24-1.4.R", "mode": "bus", "line_name": "622"}, {"line_id": "92-622-A-j24-1", "route_id": "132.TA.92-622-A-j24-1.3.R", "mode": "bus", "line_name": "622"}, {"line_id": "92-502-A-j24-1", "route_id": "931.TA.92-502-A-j24-1.795.H", "mode": "bus", "line_name": "502"}, {"line_id": "92-502-A-j24-1", "route_id": "355.TA.92-502-A-j24-1.816.H", "mode": "bus", "line_name": "502"}, {"line_id": "92-502-A-j24-1", "route_id": "527.TA.92-502-A-j24-1.818.H", "mode": "bus", "line_name": "502"}], "predominant_mode": "bus", "assigned_canton": "Schwyz", "modes_list": ["bus"]}, "geometry": {"type": "Point", "coordinates": [8.437552650407229, 47.08288796513308]}}, {"id": "13562", "type": "Feature", "properties": {"name": "K\u00fcssnacht am Rigi, Rotenhofstr", "lon": 8.436959751570441, "lat": 47.068884335048644, "stop_id": ["8595481.link:517761"], "lines": [{"line_id": "92-529-j24-1", "route_id": "16.TA.92-529-j24-1.2.H", "mode": "bus", "line_name": "529"}, {"line_id": "92-653-j24-1", "route_id": "150.TA.92-653-j24-1.14.H", "mode": "bus", "line_name": "653"}, {"line_id": "92-653-j24-1", "route_id": "109.TA.92-653-j24-1.14.H", "mode": "bus", "line_name": "653"}, {"line_id": "92-653-j24-1", "route_id": "314.TA.92-653-j24-1.16.R", "mode": "bus", "line_name": "653"}, {"line_id": "92-529-j24-1", "route_id": "84.TA.92-529-j24-1.4.R", "mode": "bus", "line_name": "529"}, {"line_id": "92-653-j24-1", "route_id": "280.TA.92-653-j24-1.16.R", "mode": "bus", "line_name": "653"}], "predominant_mode": "bus", "assigned_canton": "Schwyz", "modes_list": ["bus"]}, "geometry": {"type": "Point", "coordinates": [8.43695975995161, 47.06888434513647]}}, {"id": "13563", "type": "Feature", "properties": {"name": "K\u00fcssnacht am Rigi, R\u00e4bmatt", "lon": 8.441253701917702, "lat": 47.07939504498196, "stop_id": ["8592405.link:1846405", "8592405.link:1846408", "8592405.link:1940260"], "lines": [{"line_id": "92-502-A-j24-1", "route_id": "931.TA.92-502-A-j24-1.795.H", "mode": "bus", "line_name": "502"}, {"line_id": "92-502-A-j24-1", "route_id": "945.TA.92-502-A-j24-1.795.H", "mode": "bus", "line_name": "502"}, {"line_id": "92-653-j24-1", "route_id": "280.TA.92-653-j24-1.16.R", "mode": "bus", "line_name": "653"}, {"line_id": "92-502-A-j24-1", "route_id": "235.TA.92-502-A-j24-1.815.H", "mode": "bus", "line_name": "502"}, {"line_id": "92-502-A-j24-1", "route_id": "493.TA.92-502-A-j24-1.818.H", "mode": "bus", "line_name": "502"}, {"line_id": "92-653-j24-1", "route_id": "314.TA.92-653-j24-1.16.R", "mode": "bus", "line_name": "653"}, {"line_id": "92-529-j24-1", "route_id": "16.TA.92-529-j24-1.2.H", "mode": "bus", "line_name": "529"}, {"line_id": "92-502-A-j24-1", "route_id": "450.TA.92-502-A-j24-1.817.H", "mode": "bus", "line_name": "502"}, {"line_id": "92-502-A-j24-1", "route_id": "515.TA.92-502-A-j24-1.818.H", "mode": "bus", "line_name": "502"}, {"line_id": "92-N33-A-j24-1", "route_id": "18.TA.92-N33-A-j24-1.9.R", "mode": "bus", "line_name": "N33"}, {"line_id": "92-502-A-j24-1", "route_id": "355.TA.92-502-A-j24-1.816.H", "mode": "bus", "line_name": "502"}, {"line_id": "92-502-A-j24-1", "route_id": "527.TA.92-502-A-j24-1.818.H", "mode": "bus", "line_name": "502"}, {"line_id": "92-502-A-j24-1", "route_id": "1803.TA.92-502-A-j24-1.827.R", "mode": "bus", "line_name": "502"}, {"line_id": "92-502-A-j24-1", "route_id": "1594.TA.92-502-A-j24-1.826.R", "mode": "bus", "line_name": "502"}, {"line_id": "92-502-A-j24-1", "route_id": "2143.TA.92-502-A-j24-1.811.R", "mode": "bus", "line_name": "502"}, {"line_id": "92-653-j24-1", "route_id": "109.TA.92-653-j24-1.14.H", "mode": "bus", "line_name": "653"}, {"line_id": "92-502-A-j24-1", "route_id": "1820.TA.92-502-A-j24-1.828.R", "mode": "bus", "line_name": "502"}, {"line_id": "92-653-j24-1", "route_id": "150.TA.92-653-j24-1.14.H", "mode": "bus", "line_name": "653"}, {"line_id": "92-N33-A-j24-1", "route_id": "16.TA.92-N33-A-j24-1.8.H", "mode": "bus", "line_name": "N33"}, {"line_id": "92-502-A-j24-1", "route_id": "1486.TA.92-502-A-j24-1.824.R", "mode": "bus", "line_name": "502"}, {"line_id": "92-502-A-j24-1", "route_id": "1810.TA.92-502-A-j24-1.828.R", "mode": "bus", "line_name": "502"}, {"line_id": "92-529-j24-1", "route_id": "84.TA.92-529-j24-1.4.R", "mode": "bus", "line_name": "529"}], "predominant_mode": "bus", "assigned_canton": "Schwyz", "modes_list": ["bus"]}, "geometry": {"type": "Point", "coordinates": [8.441253710300076, 47.07939505507242]}}, {"id": "13564", "type": "Feature", "properties": {"name": "K\u00fcssnacht am Rigi, Seilbahn", "lon": 8.439564871809733, "lat": 47.076134375008245, "stop_id": ["8505665.link:419769", "8505665.link:419770"], "lines": [{"line_id": "92-502-A-j24-1", "route_id": "1803.TA.92-502-A-j24-1.827.R", "mode": "bus", "line_name": "502"}, {"line_id": "92-502-A-j24-1", "route_id": "1594.TA.92-502-A-j24-1.826.R", "mode": "bus", "line_name": "502"}, {"line_id": "92-502-A-j24-1", "route_id": "2143.TA.92-502-A-j24-1.811.R", "mode": "bus", "line_name": "502"}, {"line_id": "92-653-j24-1", "route_id": "109.TA.92-653-j24-1.14.H", "mode": "bus", "line_name": "653"}, {"line_id": "92-502-A-j24-1", "route_id": "1820.TA.92-502-A-j24-1.828.R", "mode": "bus", "line_name": "502"}, {"line_id": "92-528-j24-1", "route_id": "49.TA.92-528-j24-1.35.R", "mode": "bus", "line_name": "528"}, {"line_id": "92-653-j24-1", "route_id": "150.TA.92-653-j24-1.14.H", "mode": "bus", "line_name": "653"}, {"line_id": "92-N33-A-j24-1", "route_id": "16.TA.92-N33-A-j24-1.8.H", "mode": "bus", "line_name": "N33"}, {"line_id": "92-502-A-j24-1", "route_id": "1486.TA.92-502-A-j24-1.824.R", "mode": "bus", "line_name": "502"}, {"line_id": "92-502-A-j24-1", "route_id": "1810.TA.92-502-A-j24-1.828.R", "mode": "bus", "line_name": "502"}, {"line_id": "92-529-j24-1", "route_id": "84.TA.92-529-j24-1.4.R", "mode": "bus", "line_name": "529"}, {"line_id": "92-653-j24-1", "route_id": "280.TA.92-653-j24-1.16.R", "mode": "bus", "line_name": "653"}, {"line_id": "92-502-A-j24-1", "route_id": "235.TA.92-502-A-j24-1.815.H", "mode": "bus", "line_name": "502"}, {"line_id": "92-502-A-j24-1", "route_id": "493.TA.92-502-A-j24-1.818.H", "mode": "bus", "line_name": "502"}, {"line_id": "92-502-A-j24-1", "route_id": "945.TA.92-502-A-j24-1.795.H", "mode": "bus", "line_name": "502"}, {"line_id": "92-653-j24-1", "route_id": "314.TA.92-653-j24-1.16.R", "mode": "bus", "line_name": "653"}, {"line_id": "92-529-j24-1", "route_id": "16.TA.92-529-j24-1.2.H", "mode": "bus", "line_name": "529"}, {"line_id": "92-502-A-j24-1", "route_id": "450.TA.92-502-A-j24-1.817.H", "mode": "bus", "line_name": "502"}, {"line_id": "92-502-A-j24-1", "route_id": "515.TA.92-502-A-j24-1.818.H", "mode": "bus", "line_name": "502"}, {"line_id": "92-N33-A-j24-1", "route_id": "18.TA.92-N33-A-j24-1.9.R", "mode": "bus", "line_name": "N33"}, {"line_id": "92-528-j24-1", "route_id": "8.TA.92-528-j24-1.33.H", "mode": "bus", "line_name": "528"}, {"line_id": "92-528-j24-1", "route_id": "17.TA.92-528-j24-1.34.H", "mode": "bus", "line_name": "528"}, {"line_id": "92-502-A-j24-1", "route_id": "931.TA.92-502-A-j24-1.795.H", "mode": "bus", "line_name": "502"}, {"line_id": "92-502-A-j24-1", "route_id": "355.TA.92-502-A-j24-1.816.H", "mode": "bus", "line_name": "502"}, {"line_id": "92-502-A-j24-1", "route_id": "527.TA.92-502-A-j24-1.818.H", "mode": "bus", "line_name": "502"}], "predominant_mode": "bus", "assigned_canton": "Schwyz", "modes_list": ["bus"]}, "geometry": {"type": "Point", "coordinates": [8.439564880191378, 47.07613438509798]}}, {"id": "14016", "type": "Feature", "properties": {"name": "Lachen SZ", "lon": 8.850612985787203, "lat": 47.18953868522298, "stop_id": ["8503220:0:2.link:1430398", "8503220:0:2.link:1430399", "8503220:0:3.link:1187490"], "lines": [{"line_id": "91-2-B-j24-1", "route_id": "379.TA.91-2-B-j24-1.35.H", "mode": "rail", "line_name": "S2"}, {"line_id": "91-2-B-j24-1", "route_id": "345.TA.91-2-B-j24-1.24.H", "mode": "rail", "line_name": "S2"}, {"line_id": "91-2-B-j24-1", "route_id": "285.TA.91-2-B-j24-1.4.H", "mode": "rail", "line_name": "S2"}, {"line_id": "91-2-B-j24-1", "route_id": "462.TA.91-2-B-j24-1.66.H", "mode": "rail", "line_name": "S2"}, {"line_id": "91-25-j24-1", "route_id": "83.TA.91-25-j24-1.17.H", "mode": "rail", "line_name": "S25"}, {"line_id": "91-25-j24-1", "route_id": "43.TA.91-25-j24-1.7.H", "mode": "rail", "line_name": "S25"}, {"line_id": "91-25-j24-1", "route_id": "214.TA.91-25-j24-1.27.H", "mode": "rail", "line_name": "S25"}, {"line_id": "91-2-B-j24-1", "route_id": "238.TA.91-2-B-j24-1.242.H", "mode": "rail", "line_name": "S2"}, {"line_id": "91-25-j24-1", "route_id": "184.TA.91-25-j24-1.23.H", "mode": "rail", "line_name": "S25"}, {"line_id": "91-25-j24-1", "route_id": "247.TA.91-25-j24-1.29.H", "mode": "rail", "line_name": "S25"}, {"line_id": "91-25-j24-1", "route_id": "228.TA.91-25-j24-1.28.H", "mode": "rail", "line_name": "S25"}, {"line_id": "91-35-A-j24-1", "route_id": "596.TA.91-35-A-j24-1.1079.H", "mode": "rail", "line_name": "IR35"}, {"line_id": "91-8-C-j24-1", "route_id": "1013.TA.91-8-C-j24-1.206.R", "mode": "rail", "line_name": "S8"}, {"line_id": "91-2-B-j24-1", "route_id": "466.TA.91-2-B-j24-1.67.H", "mode": "rail", "line_name": "S2"}, {"line_id": "91-2-B-j24-1", "route_id": "260.TA.91-2-B-j24-1.1.H", "mode": "rail", "line_name": "S2"}, {"line_id": "91-8-C-j24-1", "route_id": "1033.TA.91-8-C-j24-1.228.R", "mode": "rail", "line_name": "S8"}, {"line_id": "91-2-B-j24-1", "route_id": "283.TA.91-2-B-j24-1.3.H", "mode": "rail", "line_name": "S2"}, {"line_id": "91-2-B-j24-1", "route_id": "332.TA.91-2-B-j24-1.21.H", "mode": "rail", "line_name": "S2"}, {"line_id": "91-4H-Y-j24-1", "route_id": "287.TA.91-4H-Y-j24-1.729.H", "mode": "rail", "line_name": "S"}, {"line_id": "91-35-A-j24-1", "route_id": "1629.TA.91-35-A-j24-1.1311.R", "mode": "rail", "line_name": "IR35"}, {"line_id": "91-2-B-j24-1", "route_id": "818.TA.91-2-B-j24-1.505.R", "mode": "rail", "line_name": "S2"}, {"line_id": "91-2-B-j24-1", "route_id": "902.TA.91-2-B-j24-1.511.R", "mode": "rail", "line_name": "S2"}, {"line_id": "91-8-C-j24-1", "route_id": "459.TA.91-8-C-j24-1.76.H", "mode": "rail", "line_name": "S8"}, {"line_id": "91-2-B-j24-1", "route_id": "889.TA.91-2-B-j24-1.510.R", "mode": "rail", "line_name": "S2"}, {"line_id": "91-2-B-j24-1", "route_id": "908.TA.91-2-B-j24-1.513.R", "mode": "rail", "line_name": "S2"}, {"line_id": "91-25-j24-1", "route_id": "488.TA.91-25-j24-1.45.R", "mode": "rail", "line_name": "S25"}, {"line_id": "91-25-j24-1", "route_id": "450.TA.91-25-j24-1.41.R", "mode": "rail", "line_name": "S25"}, {"line_id": "91-2-B-j24-1", "route_id": "892.TA.91-2-B-j24-1.662.R", "mode": "rail", "line_name": "S2"}, {"line_id": "91-2-B-j24-1", "route_id": "749.TA.91-2-B-j24-1.501.R", "mode": "rail", "line_name": "S2"}, {"line_id": "91-25-j24-1", "route_id": "519.TA.91-25-j24-1.47.R", "mode": "rail", "line_name": "S25"}, {"line_id": "91-25-j24-1", "route_id": "509.TA.91-25-j24-1.46.R", "mode": "rail", "line_name": "S25"}, {"line_id": "91-2-B-j24-1", "route_id": "797.TA.91-2-B-j24-1.199.R", "mode": "rail", "line_name": "S2"}], "predominant_mode": "rail", "assigned_canton": "Schwyz", "modes_list": ["rail"]}, "geometry": {"type": "Point", "coordinates": [8.850612994534705, 47.18953869523393]}}, {"id": "14017", "type": "Feature", "properties": {"name": "Lachen SZ, Bahnhof", "lon": 8.852340745807872, "lat": 47.190138978529184, "stop_id": ["8574478.link:1306757", "8574478.link:865128", "8574478.link:865129"], "lines": [{"line_id": "96-241-1-j24-1", "route_id": "106.TA.96-241-1-j24-1.40.H", "mode": "bus", "line_name": "522"}, {"line_id": "96-240-3-j24-1", "route_id": "133.TA.96-240-3-j24-1.20.H", "mode": "bus", "line_name": "521"}, {"line_id": "96-241-1-j24-1", "route_id": "34.TA.96-241-1-j24-1.15.H", "mode": "bus", "line_name": "522"}, {"line_id": "96-241-1-j24-1", "route_id": "71.TA.96-241-1-j24-1.38.H", "mode": "bus", "line_name": "522"}, {"line_id": "96-240-3-j24-1", "route_id": "168.TA.96-240-3-j24-1.21.H", "mode": "bus", "line_name": "521"}, {"line_id": "96-240-3-j24-1", "route_id": "236.TA.96-240-3-j24-1.22.H", "mode": "bus", "line_name": "521"}, {"line_id": "96-241-1-j24-1", "route_id": "195.TA.96-241-1-j24-1.22.R", "mode": "bus", "line_name": "522"}, {"line_id": "96-242-5-j24-1", "route_id": "91.TA.96-242-5-j24-1.9.H", "mode": "bus", "line_name": "525"}, {"line_id": "96-242-5-j24-1", "route_id": "103.TA.96-242-5-j24-1.9.H", "mode": "bus", "line_name": "525"}, {"line_id": "96-240-3-j24-1", "route_id": "400.TA.96-240-3-j24-1.25.R", "mode": "bus", "line_name": "521"}, {"line_id": "96-240-3-j24-1", "route_id": "491.TA.96-240-3-j24-1.27.R", "mode": "bus", "line_name": "521"}, {"line_id": "96-240-3-j24-1", "route_id": "481.TA.96-240-3-j24-1.26.R", "mode": "bus", "line_name": "521"}, {"line_id": "96-242-5-j24-1", "route_id": "58.TA.96-242-5-j24-1.8.H", "mode": "bus", "line_name": "525"}, {"line_id": "96-241-1-j24-1", "route_id": "238.TA.96-241-1-j24-1.23.R", "mode": "bus", "line_name": "522"}, {"line_id": "96-241-1-j24-1", "route_id": "168.TA.96-241-1-j24-1.20.R", "mode": "bus", "line_name": "522"}, {"line_id": "96-242-5-j24-1", "route_id": "138.TA.96-242-5-j24-1.15.R", "mode": "bus", "line_name": "525"}, {"line_id": "96-242-5-j24-1", "route_id": "198.TA.96-242-5-j24-1.11.R", "mode": "bus", "line_name": "525"}, {"line_id": "96-242-5-j24-1", "route_id": "258.TA.96-242-5-j24-1.12.R", "mode": "bus", "line_name": "525"}], "predominant_mode": "bus", "assigned_canton": "Schwyz", "modes_list": ["bus"]}, "geometry": {"type": "Point", "coordinates": [8.852340754556845, 47.19013898853982]}}, {"id": "14018", "type": "Feature", "properties": {"name": "Lachen SZ, Eschenweg", "lon": 8.862581535922997, "lat": 47.1934720183683, "stop_id": ["8581710.link:1117282", "8581710.link:1117283"], "lines": [{"line_id": "96-242-5-j24-1", "route_id": "58.TA.96-242-5-j24-1.8.H", "mode": "bus", "line_name": "525"}, {"line_id": "96-242-5-j24-1", "route_id": "91.TA.96-242-5-j24-1.9.H", "mode": "bus", "line_name": "525"}, {"line_id": "96-242-5-j24-1", "route_id": "103.TA.96-242-5-j24-1.9.H", "mode": "bus", "line_name": "525"}, {"line_id": "96-242-5-j24-1", "route_id": "138.TA.96-242-5-j24-1.15.R", "mode": "bus", "line_name": "525"}, {"line_id": "96-242-5-j24-1", "route_id": "198.TA.96-242-5-j24-1.11.R", "mode": "bus", "line_name": "525"}, {"line_id": "96-242-5-j24-1", "route_id": "258.TA.96-242-5-j24-1.12.R", "mode": "bus", "line_name": "525"}], "predominant_mode": "bus", "assigned_canton": "Schwyz", "modes_list": ["bus"]}, "geometry": {"type": "Point", "coordinates": [8.862581544680694, 47.193472028377016]}}, {"id": "14019", "type": "Feature", "properties": {"name": "Lachen SZ, Kapelle", "lon": 8.857910305947756, "lat": 47.194302198441754, "stop_id": ["8581711.link:458819", "8581711.link:458820"], "lines": [{"line_id": "96-242-5-j24-1", "route_id": "58.TA.96-242-5-j24-1.8.H", "mode": "bus", "line_name": "525"}, {"line_id": "96-242-5-j24-1", "route_id": "91.TA.96-242-5-j24-1.9.H", "mode": "bus", "line_name": "525"}, {"line_id": "96-242-5-j24-1", "route_id": "103.TA.96-242-5-j24-1.9.H", "mode": "bus", "line_name": "525"}, {"line_id": "96-242-5-j24-1", "route_id": "138.TA.96-242-5-j24-1.15.R", "mode": "bus", "line_name": "525"}, {"line_id": "96-242-5-j24-1", "route_id": "198.TA.96-242-5-j24-1.11.R", "mode": "bus", "line_name": "525"}, {"line_id": "96-242-5-j24-1", "route_id": "258.TA.96-242-5-j24-1.12.R", "mode": "bus", "line_name": "525"}], "predominant_mode": "bus", "assigned_canton": "Schwyz", "modes_list": ["bus"]}, "geometry": {"type": "Point", "coordinates": [8.857910314700733, 47.19430220845214]}}, {"id": "14020", "type": "Feature", "properties": {"name": "Lachen SZ, Kirche", "lon": 8.850858525865855, "lat": 47.191927618552526, "stop_id": ["8573829.link:1909929", "8573829.link:514924"], "lines": [{"line_id": "96-241-1-j24-1", "route_id": "106.TA.96-241-1-j24-1.40.H", "mode": "bus", "line_name": "522"}, {"line_id": "96-240-3-j24-1", "route_id": "133.TA.96-240-3-j24-1.20.H", "mode": "bus", "line_name": "521"}, {"line_id": "96-241-1-j24-1", "route_id": "34.TA.96-241-1-j24-1.15.H", "mode": "bus", "line_name": "522"}, {"line_id": "96-241-1-j24-1", "route_id": "71.TA.96-241-1-j24-1.38.H", "mode": "bus", "line_name": "522"}, {"line_id": "96-240-3-j24-1", "route_id": "168.TA.96-240-3-j24-1.21.H", "mode": "bus", "line_name": "521"}, {"line_id": "96-240-3-j24-1", "route_id": "236.TA.96-240-3-j24-1.22.H", "mode": "bus", "line_name": "521"}, {"line_id": "96-241-1-j24-1", "route_id": "195.TA.96-241-1-j24-1.22.R", "mode": "bus", "line_name": "522"}, {"line_id": "96-240-3-j24-1", "route_id": "400.TA.96-240-3-j24-1.25.R", "mode": "bus", "line_name": "521"}, {"line_id": "96-240-3-j24-1", "route_id": "491.TA.96-240-3-j24-1.27.R", "mode": "bus", "line_name": "521"}, {"line_id": "96-240-3-j24-1", "route_id": "481.TA.96-240-3-j24-1.26.R", "mode": "bus", "line_name": "521"}, {"line_id": "96-241-1-j24-1", "route_id": "238.TA.96-241-1-j24-1.23.R", "mode": "bus", "line_name": "522"}, {"line_id": "96-241-1-j24-1", "route_id": "168.TA.96-241-1-j24-1.20.R", "mode": "bus", "line_name": "522"}], "predominant_mode": "bus", "assigned_canton": "Schwyz", "modes_list": ["bus"]}, "geometry": {"type": "Point", "coordinates": [8.850858534612845, 47.19192762856423]}}, {"id": "14021", "type": "Feature", "properties": {"name": "Lachen SZ, Obersee-Center", "lon": 8.854505685843778, "lat": 47.19119507849516, "stop_id": ["8506525.link:125931", "8506525.link:125932", "8506525.link:1768825"], "lines": [{"line_id": "96-241-1-j24-1", "route_id": "106.TA.96-241-1-j24-1.40.H", "mode": "bus", "line_name": "522"}, {"line_id": "96-240-3-j24-1", "route_id": "236.TA.96-240-3-j24-1.22.H", "mode": "bus", "line_name": "521"}, {"line_id": "96-240-3-j24-1", "route_id": "133.TA.96-240-3-j24-1.20.H", "mode": "bus", "line_name": "521"}, {"line_id": "96-241-1-j24-1", "route_id": "71.TA.96-241-1-j24-1.38.H", "mode": "bus", "line_name": "522"}, {"line_id": "96-240-3-j24-1", "route_id": "168.TA.96-240-3-j24-1.21.H", "mode": "bus", "line_name": "521"}, {"line_id": "96-241-1-j24-1", "route_id": "34.TA.96-241-1-j24-1.15.H", "mode": "bus", "line_name": "522"}, {"line_id": "96-241-1-j24-1", "route_id": "195.TA.96-241-1-j24-1.22.R", "mode": "bus", "line_name": "522"}, {"line_id": "96-240-3-j24-1", "route_id": "400.TA.96-240-3-j24-1.25.R", "mode": "bus", "line_name": "521"}, {"line_id": "96-240-3-j24-1", "route_id": "491.TA.96-240-3-j24-1.27.R", "mode": "bus", "line_name": "521"}, {"line_id": "96-240-3-j24-1", "route_id": "481.TA.96-240-3-j24-1.26.R", "mode": "bus", "line_name": "521"}, {"line_id": "96-241-1-j24-1", "route_id": "238.TA.96-241-1-j24-1.23.R", "mode": "bus", "line_name": "522"}, {"line_id": "96-241-1-j24-1", "route_id": "168.TA.96-241-1-j24-1.20.R", "mode": "bus", "line_name": "522"}], "predominant_mode": "bus", "assigned_canton": "Schwyz", "modes_list": ["bus"]}, "geometry": {"type": "Point", "coordinates": [8.85450569459448, 47.19119508850549]}}, {"id": "14022", "type": "Feature", "properties": {"name": "Lachen SZ, Rotbach", "lon": 8.845603385827278, "lat": 47.1908410086351, "stop_id": ["8503637.link:994681", "8503637.link:994682"], "lines": [{"line_id": "96-241-1-j24-1", "route_id": "106.TA.96-241-1-j24-1.40.H", "mode": "bus", "line_name": "522"}, {"line_id": "96-240-3-j24-1", "route_id": "133.TA.96-240-3-j24-1.20.H", "mode": "bus", "line_name": "521"}, {"line_id": "96-241-1-j24-1", "route_id": "34.TA.96-241-1-j24-1.15.H", "mode": "bus", "line_name": "522"}, {"line_id": "96-241-1-j24-1", "route_id": "71.TA.96-241-1-j24-1.38.H", "mode": "bus", "line_name": "522"}, {"line_id": "96-240-3-j24-1", "route_id": "168.TA.96-240-3-j24-1.21.H", "mode": "bus", "line_name": "521"}, {"line_id": "96-240-3-j24-1", "route_id": "236.TA.96-240-3-j24-1.22.H", "mode": "bus", "line_name": "521"}, {"line_id": "96-241-1-j24-1", "route_id": "195.TA.96-241-1-j24-1.22.R", "mode": "bus", "line_name": "522"}, {"line_id": "96-240-3-j24-1", "route_id": "400.TA.96-240-3-j24-1.25.R", "mode": "bus", "line_name": "521"}, {"line_id": "96-240-3-j24-1", "route_id": "491.TA.96-240-3-j24-1.27.R", "mode": "bus", "line_name": "521"}, {"line_id": "96-240-3-j24-1", "route_id": "481.TA.96-240-3-j24-1.26.R", "mode": "bus", "line_name": "521"}, {"line_id": "96-241-1-j24-1", "route_id": "238.TA.96-241-1-j24-1.23.R", "mode": "bus", "line_name": "522"}, {"line_id": "96-241-1-j24-1", "route_id": "168.TA.96-241-1-j24-1.20.R", "mode": "bus", "line_name": "522"}], "predominant_mode": "bus", "assigned_canton": "Schwyz", "modes_list": ["bus"]}, "geometry": {"type": "Point", "coordinates": [8.84560339456959, 47.190841018648015]}}, {"id": "14023", "type": "Feature", "properties": {"name": "Lachen SZ, Schl\u00f6ssliweg", "lon": 8.853409745880473, "lat": 47.19233050851244, "stop_id": ["8581712.link:1183372", "8581712.link:1183373"], "lines": [{"line_id": "96-242-5-j24-1", "route_id": "58.TA.96-242-5-j24-1.8.H", "mode": "bus", "line_name": "525"}, {"line_id": "96-242-5-j24-1", "route_id": "91.TA.96-242-5-j24-1.9.H", "mode": "bus", "line_name": "525"}, {"line_id": "96-242-5-j24-1", "route_id": "103.TA.96-242-5-j24-1.9.H", "mode": "bus", "line_name": "525"}, {"line_id": "96-242-5-j24-1", "route_id": "138.TA.96-242-5-j24-1.15.R", "mode": "bus", "line_name": "525"}, {"line_id": "96-242-5-j24-1", "route_id": "198.TA.96-242-5-j24-1.11.R", "mode": "bus", "line_name": "525"}, {"line_id": "96-242-5-j24-1", "route_id": "258.TA.96-242-5-j24-1.12.R", "mode": "bus", "line_name": "525"}], "predominant_mode": "bus", "assigned_canton": "Schwyz", "modes_list": ["bus"]}, "geometry": {"type": "Point", "coordinates": [8.853409754629773, 47.19233051852349]}}, {"id": "14024", "type": "Feature", "properties": {"name": "Lachen SZ, Spital", "lon": 8.858089965761046, "lat": 47.18861889843877, "stop_id": ["8573832.link:1769525", "8573832.link:1769526"], "lines": [{"line_id": "96-241-1-j24-1", "route_id": "106.TA.96-241-1-j24-1.40.H", "mode": "bus", "line_name": "522"}, {"line_id": "96-240-3-j24-1", "route_id": "133.TA.96-240-3-j24-1.20.H", "mode": "bus", "line_name": "521"}, {"line_id": "96-241-1-j24-1", "route_id": "34.TA.96-241-1-j24-1.15.H", "mode": "bus", "line_name": "522"}, {"line_id": "96-241-1-j24-1", "route_id": "71.TA.96-241-1-j24-1.38.H", "mode": "bus", "line_name": "522"}, {"line_id": "96-240-3-j24-1", "route_id": "168.TA.96-240-3-j24-1.21.H", "mode": "bus", "line_name": "521"}, {"line_id": "96-240-3-j24-1", "route_id": "236.TA.96-240-3-j24-1.22.H", "mode": "bus", "line_name": "521"}, {"line_id": "96-241-1-j24-1", "route_id": "195.TA.96-241-1-j24-1.22.R", "mode": "bus", "line_name": "522"}, {"line_id": "96-240-3-j24-1", "route_id": "400.TA.96-240-3-j24-1.25.R", "mode": "bus", "line_name": "521"}, {"line_id": "96-240-3-j24-1", "route_id": "491.TA.96-240-3-j24-1.27.R", "mode": "bus", "line_name": "521"}, {"line_id": "96-240-3-j24-1", "route_id": "481.TA.96-240-3-j24-1.26.R", "mode": "bus", "line_name": "521"}, {"line_id": "96-241-1-j24-1", "route_id": "238.TA.96-241-1-j24-1.23.R", "mode": "bus", "line_name": "522"}, {"line_id": "96-241-1-j24-1", "route_id": "168.TA.96-241-1-j24-1.20.R", "mode": "bus", "line_name": "522"}], "predominant_mode": "bus", "assigned_canton": "Schwyz", "modes_list": ["bus"]}, "geometry": {"type": "Point", "coordinates": [8.85808997451598, 47.18861890844715]}}, {"id": "14025", "type": "Feature", "properties": {"name": "Lachen SZ, Spreite", "lon": 8.859922525730743, "lat": 47.18766653840992, "stop_id": ["8574480.link:1202098", "8574480.link:1202099"], "lines": [{"line_id": "96-241-1-j24-1", "route_id": "195.TA.96-241-1-j24-1.22.R", "mode": "bus", "line_name": "522"}, {"line_id": "96-240-3-j24-1", "route_id": "400.TA.96-240-3-j24-1.25.R", "mode": "bus", "line_name": "521"}, {"line_id": "96-240-3-j24-1", "route_id": "491.TA.96-240-3-j24-1.27.R", "mode": "bus", "line_name": "521"}, {"line_id": "96-240-3-j24-1", "route_id": "481.TA.96-240-3-j24-1.26.R", "mode": "bus", "line_name": "521"}, {"line_id": "96-241-1-j24-1", "route_id": "238.TA.96-241-1-j24-1.23.R", "mode": "bus", "line_name": "522"}, {"line_id": "96-241-1-j24-1", "route_id": "168.TA.96-241-1-j24-1.20.R", "mode": "bus", "line_name": "522"}, {"line_id": "96-241-1-j24-1", "route_id": "106.TA.96-241-1-j24-1.40.H", "mode": "bus", "line_name": "522"}, {"line_id": "96-240-3-j24-1", "route_id": "133.TA.96-240-3-j24-1.20.H", "mode": "bus", "line_name": "521"}, {"line_id": "96-241-1-j24-1", "route_id": "34.TA.96-241-1-j24-1.15.H", "mode": "bus", "line_name": "522"}, {"line_id": "96-241-1-j24-1", "route_id": "71.TA.96-241-1-j24-1.38.H", "mode": "bus", "line_name": "522"}, {"line_id": "96-240-3-j24-1", "route_id": "168.TA.96-240-3-j24-1.21.H", "mode": "bus", "line_name": "521"}, {"line_id": "96-240-3-j24-1", "route_id": "236.TA.96-240-3-j24-1.22.H", "mode": "bus", "line_name": "521"}], "predominant_mode": "bus", "assigned_canton": "Schwyz", "modes_list": ["bus"]}, "geometry": {"type": "Point", "coordinates": [8.859922534487724, 47.187666548417454]}}, {"id": "14288", "type": "Feature", "properties": {"name": "Lauerz, Dorf", "lon": 8.58168733054433, "lat": 47.034523492773076, "stop_id": ["8505087.link:619694", "8505087.link:619695"], "lines": [{"line_id": "92-501-j24-1", "route_id": "598.TA.92-501-j24-1.433.H", "mode": "bus", "line_name": "501"}, {"line_id": "92-501-j24-1", "route_id": "157.TA.92-501-j24-1.423.H", "mode": "bus", "line_name": "501"}, {"line_id": "92-501-j24-1", "route_id": "568.TA.92-501-j24-1.433.H", "mode": "bus", "line_name": "501"}, {"line_id": "92-501-j24-1", "route_id": "269.TA.92-501-j24-1.426.H", "mode": "bus", "line_name": "501"}, {"line_id": "92-41-E-j24-1", "route_id": "3.TA.92-41-E-j24-1.5.H", "mode": "bus", "line_name": "41"}, {"line_id": "92-501-j24-1", "route_id": "408.TA.92-501-j24-1.429.H", "mode": "bus", "line_name": "501"}, {"line_id": "92-501-j24-1", "route_id": "1027.TA.92-501-j24-1.442.R", "mode": "bus", "line_name": "501"}, {"line_id": "92-41-E-j24-1", "route_id": "10.TA.92-41-E-j24-1.6.R", "mode": "bus", "line_name": "41"}, {"line_id": "92-501-j24-1", "route_id": "780.TA.92-501-j24-1.436.R", "mode": "bus", "line_name": "501"}, {"line_id": "92-501-j24-1", "route_id": "863.TA.92-501-j24-1.439.R", "mode": "bus", "line_name": "501"}, {"line_id": "92-501-j24-1", "route_id": "1204.TA.92-501-j24-1.446.R", "mode": "bus", "line_name": "501"}, {"line_id": "92-501-j24-1", "route_id": "678.TA.92-501-j24-1.382.R", "mode": "bus", "line_name": "501"}], "predominant_mode": "bus", "assigned_canton": "Schwyz", "modes_list": ["bus"]}, "geometry": {"type": "Point", "coordinates": [8.581687339078375, 47.03452350280708]}}, {"id": "14289", "type": "Feature", "properties": {"name": "Lauerz, M\u00fchle", "lon": 8.586107040457543, "lat": 47.031780522703464, "stop_id": ["8577428.link:619668", "8577428.link:619669"], "lines": [{"line_id": "92-501-j24-1", "route_id": "598.TA.92-501-j24-1.433.H", "mode": "bus", "line_name": "501"}, {"line_id": "92-501-j24-1", "route_id": "157.TA.92-501-j24-1.423.H", "mode": "bus", "line_name": "501"}, {"line_id": "92-501-j24-1", "route_id": "568.TA.92-501-j24-1.433.H", "mode": "bus", "line_name": "501"}, {"line_id": "92-501-j24-1", "route_id": "269.TA.92-501-j24-1.426.H", "mode": "bus", "line_name": "501"}, {"line_id": "92-41-E-j24-1", "route_id": "3.TA.92-41-E-j24-1.5.H", "mode": "bus", "line_name": "41"}, {"line_id": "92-501-j24-1", "route_id": "408.TA.92-501-j24-1.429.H", "mode": "bus", "line_name": "501"}, {"line_id": "92-501-j24-1", "route_id": "1027.TA.92-501-j24-1.442.R", "mode": "bus", "line_name": "501"}, {"line_id": "92-41-E-j24-1", "route_id": "10.TA.92-41-E-j24-1.6.R", "mode": "bus", "line_name": "41"}, {"line_id": "92-501-j24-1", "route_id": "780.TA.92-501-j24-1.436.R", "mode": "bus", "line_name": "501"}, {"line_id": "92-501-j24-1", "route_id": "863.TA.92-501-j24-1.439.R", "mode": "bus", "line_name": "501"}, {"line_id": "92-501-j24-1", "route_id": "1204.TA.92-501-j24-1.446.R", "mode": "bus", "line_name": "501"}, {"line_id": "92-501-j24-1", "route_id": "678.TA.92-501-j24-1.382.R", "mode": "bus", "line_name": "501"}], "predominant_mode": "bus", "assigned_canton": "Schwyz", "modes_list": ["bus"]}, "geometry": {"type": "Point", "coordinates": [8.586107048996734, 47.03178053273517]}}, {"id": "14290", "type": "Feature", "properties": {"name": "Lauerz, Otten", "lon": 8.603992500348028, "lat": 47.0280760724222, "stop_id": ["8577425.link:1698779", "8577425.link:1698780"], "lines": [{"line_id": "92-501-j24-1", "route_id": "598.TA.92-501-j24-1.433.H", "mode": "bus", "line_name": "501"}, {"line_id": "92-501-j24-1", "route_id": "157.TA.92-501-j24-1.423.H", "mode": "bus", "line_name": "501"}, {"line_id": "92-501-j24-1", "route_id": "568.TA.92-501-j24-1.433.H", "mode": "bus", "line_name": "501"}, {"line_id": "92-501-j24-1", "route_id": "269.TA.92-501-j24-1.426.H", "mode": "bus", "line_name": "501"}, {"line_id": "92-41-E-j24-1", "route_id": "3.TA.92-41-E-j24-1.5.H", "mode": "bus", "line_name": "41"}, {"line_id": "92-501-j24-1", "route_id": "408.TA.92-501-j24-1.429.H", "mode": "bus", "line_name": "501"}, {"line_id": "92-501-j24-1", "route_id": "1027.TA.92-501-j24-1.442.R", "mode": "bus", "line_name": "501"}, {"line_id": "92-41-E-j24-1", "route_id": "10.TA.92-41-E-j24-1.6.R", "mode": "bus", "line_name": "41"}, {"line_id": "92-501-j24-1", "route_id": "780.TA.92-501-j24-1.436.R", "mode": "bus", "line_name": "501"}, {"line_id": "92-501-j24-1", "route_id": "863.TA.92-501-j24-1.439.R", "mode": "bus", "line_name": "501"}, {"line_id": "92-501-j24-1", "route_id": "1204.TA.92-501-j24-1.446.R", "mode": "bus", "line_name": "501"}, {"line_id": "92-501-j24-1", "route_id": "678.TA.92-501-j24-1.382.R", "mode": "bus", "line_name": "501"}], "predominant_mode": "bus", "assigned_canton": "Schwyz", "modes_list": ["bus"]}, "geometry": {"type": "Point", "coordinates": [8.60399250890586, 47.028076082447384]}}, {"id": "14291", "type": "Feature", "properties": {"name": "Lauerz, Schwanau", "lon": 8.595710030440557, "lat": 47.03107026255254, "stop_id": ["8577426.link:1698765", "8577426.link:1698766"], "lines": [{"line_id": "92-501-j24-1", "route_id": "598.TA.92-501-j24-1.433.H", "mode": "bus", "line_name": "501"}, {"line_id": "92-501-j24-1", "route_id": "157.TA.92-501-j24-1.423.H", "mode": "bus", "line_name": "501"}, {"line_id": "92-501-j24-1", "route_id": "568.TA.92-501-j24-1.433.H", "mode": "bus", "line_name": "501"}, {"line_id": "92-501-j24-1", "route_id": "269.TA.92-501-j24-1.426.H", "mode": "bus", "line_name": "501"}, {"line_id": "92-41-E-j24-1", "route_id": "3.TA.92-41-E-j24-1.5.H", "mode": "bus", "line_name": "41"}, {"line_id": "92-501-j24-1", "route_id": "408.TA.92-501-j24-1.429.H", "mode": "bus", "line_name": "501"}, {"line_id": "92-501-j24-1", "route_id": "1027.TA.92-501-j24-1.442.R", "mode": "bus", "line_name": "501"}, {"line_id": "92-41-E-j24-1", "route_id": "10.TA.92-41-E-j24-1.6.R", "mode": "bus", "line_name": "41"}, {"line_id": "92-501-j24-1", "route_id": "780.TA.92-501-j24-1.436.R", "mode": "bus", "line_name": "501"}, {"line_id": "92-501-j24-1", "route_id": "863.TA.92-501-j24-1.439.R", "mode": "bus", "line_name": "501"}, {"line_id": "92-501-j24-1", "route_id": "1204.TA.92-501-j24-1.446.R", "mode": "bus", "line_name": "501"}, {"line_id": "92-501-j24-1", "route_id": "678.TA.92-501-j24-1.382.R", "mode": "bus", "line_name": "501"}], "predominant_mode": "bus", "assigned_canton": "Schwyz", "modes_list": ["bus"]}, "geometry": {"type": "Point", "coordinates": [8.59571003898938, 47.031070272581225]}}, {"id": "14292", "type": "Feature", "properties": {"name": "Lauerz, Seeg\u00fctli", "lon": 8.590742350435715, "lat": 47.031021282630576, "stop_id": ["8577427.link:619678", "8577427.link:619679"], "lines": [{"line_id": "92-501-j24-1", "route_id": "598.TA.92-501-j24-1.433.H", "mode": "bus", "line_name": "501"}, {"line_id": "92-501-j24-1", "route_id": "157.TA.92-501-j24-1.423.H", "mode": "bus", "line_name": "501"}, {"line_id": "92-501-j24-1", "route_id": "568.TA.92-501-j24-1.433.H", "mode": "bus", "line_name": "501"}, {"line_id": "92-501-j24-1", "route_id": "269.TA.92-501-j24-1.426.H", "mode": "bus", "line_name": "501"}, {"line_id": "92-41-E-j24-1", "route_id": "3.TA.92-41-E-j24-1.5.H", "mode": "bus", "line_name": "41"}, {"line_id": "92-501-j24-1", "route_id": "408.TA.92-501-j24-1.429.H", "mode": "bus", "line_name": "501"}, {"line_id": "92-501-j24-1", "route_id": "1027.TA.92-501-j24-1.442.R", "mode": "bus", "line_name": "501"}, {"line_id": "92-41-E-j24-1", "route_id": "10.TA.92-41-E-j24-1.6.R", "mode": "bus", "line_name": "41"}, {"line_id": "92-501-j24-1", "route_id": "780.TA.92-501-j24-1.436.R", "mode": "bus", "line_name": "501"}, {"line_id": "92-501-j24-1", "route_id": "863.TA.92-501-j24-1.439.R", "mode": "bus", "line_name": "501"}, {"line_id": "92-501-j24-1", "route_id": "1204.TA.92-501-j24-1.446.R", "mode": "bus", "line_name": "501"}, {"line_id": "92-501-j24-1", "route_id": "678.TA.92-501-j24-1.382.R", "mode": "bus", "line_name": "501"}], "predominant_mode": "bus", "assigned_canton": "Schwyz", "modes_list": ["bus"]}, "geometry": {"type": "Point", "coordinates": [8.59074235897968, 47.03102129266068]}}, {"id": "17259", "type": "Feature", "properties": {"name": "Merlischachen", "lon": 8.40859096150566, "lat": 47.067519875494, "stop_id": ["8505011:0:1.link:1020161", "8505011:0:1.link:1020162"], "lines": [{"line_id": "91-3-H-j24-1", "route_id": "85.TA.91-3-H-j24-1.347.H", "mode": "rail", "line_name": "S3"}, {"line_id": "91-3-H-j24-1", "route_id": "359.TA.91-3-H-j24-1.80.H", "mode": "rail", "line_name": "S3"}, {"line_id": "91-3-H-j24-1", "route_id": "349.TA.91-3-H-j24-1.74.H", "mode": "rail", "line_name": "S3"}, {"line_id": "91-3-H-j24-1", "route_id": "229.TA.91-3-H-j24-1.47.H", "mode": "rail", "line_name": "S3"}, {"line_id": "91-3-H-j24-1", "route_id": "161.TA.91-3-H-j24-1.31.H", "mode": "rail", "line_name": "S3"}, {"line_id": "91-3-H-j24-1", "route_id": "247.TA.91-3-H-j24-1.50.H", "mode": "rail", "line_name": "S3"}, {"line_id": "91-3-H-j24-1", "route_id": "329.TA.91-3-H-j24-1.66.H", "mode": "rail", "line_name": "S3"}, {"line_id": "91-3-H-j24-1", "route_id": "157.TA.91-3-H-j24-1.29.H", "mode": "rail", "line_name": "S3"}, {"line_id": "91-3-H-j24-1", "route_id": "342.TA.91-3-H-j24-1.69.H", "mode": "rail", "line_name": "S3"}, {"line_id": "91-3-H-j24-1", "route_id": "389.TA.91-3-H-j24-1.534.H", "mode": "rail", "line_name": "S3"}, {"line_id": "91-3-H-j24-1", "route_id": "360.TA.91-3-H-j24-1.413.H", "mode": "rail", "line_name": "S3"}, {"line_id": "91-3-H-j24-1", "route_id": "698.TA.91-3-H-j24-1.193.R", "mode": "rail", "line_name": "S3"}, {"line_id": "91-3-H-j24-1", "route_id": "707.TA.91-3-H-j24-1.431.R", "mode": "rail", "line_name": "S3"}, {"line_id": "91-3-H-j24-1", "route_id": "764.TA.91-3-H-j24-1.207.R", "mode": "rail", "line_name": "S3"}, {"line_id": "91-3-H-j24-1", "route_id": "767.TA.91-3-H-j24-1.208.R", "mode": "rail", "line_name": "S3"}, {"line_id": "91-3-H-j24-1", "route_id": "653.TA.91-3-H-j24-1.188.R", "mode": "rail", "line_name": "S3"}, {"line_id": "91-3-H-j24-1", "route_id": "761.TA.91-3-H-j24-1.207.R", "mode": "rail", "line_name": "S3"}, {"line_id": "91-3-H-j24-1", "route_id": "589.TA.91-3-H-j24-1.295.R", "mode": "rail", "line_name": "S3"}, {"line_id": "91-3-H-j24-1", "route_id": "719.TA.91-3-H-j24-1.199.R", "mode": "rail", "line_name": "S3"}, {"line_id": "91-3-H-j24-1", "route_id": "728.TA.91-3-H-j24-1.246.R", "mode": "rail", "line_name": "S3"}, {"line_id": "91-3-H-j24-1", "route_id": "751.TA.91-3-H-j24-1.204.R", "mode": "rail", "line_name": "S3"}], "predominant_mode": "rail", "assigned_canton": "Schwyz", "modes_list": ["rail"]}, "geometry": {"type": "Point", "coordinates": [8.408590969859057, 47.0675198855893]}}, {"id": "17260", "type": "Feature", "properties": {"name": "Merlischachen, Camping", "lon": 8.403281911327968, "lat": 47.062208535577, "stop_id": ["8591701.link:748073", "8591701.link:748074"], "lines": [{"line_id": "92-N3-B-j24-1", "route_id": "5.TA.92-N3-B-j24-1.7.R", "mode": "bus", "line_name": "N3"}, {"line_id": "92-N3-B-j24-1", "route_id": "8.TA.92-N3-B-j24-1.8.R", "mode": "bus", "line_name": "N3"}, {"line_id": "92-N3-B-j24-1", "route_id": "2.TA.92-N3-B-j24-1.6.H", "mode": "bus", "line_name": "N3"}], "predominant_mode": "bus", "assigned_canton": "Schwyz", "modes_list": ["bus"]}, "geometry": {"type": "Point", "coordinates": [8.40328191967762, 47.062208545671815]}}, {"id": "17261", "type": "Feature", "properties": {"name": "Merlischachen, Dorf", "lon": 8.407171621416488, "lat": 47.06482755551612, "stop_id": ["8587642.link:669665", "8587642.link:669666"], "lines": [{"line_id": "92-N3-B-j24-1", "route_id": "5.TA.92-N3-B-j24-1.7.R", "mode": "bus", "line_name": "N3"}, {"line_id": "92-N3-B-j24-1", "route_id": "8.TA.92-N3-B-j24-1.8.R", "mode": "bus", "line_name": "N3"}, {"line_id": "92-N3-B-j24-1", "route_id": "2.TA.92-N3-B-j24-1.6.H", "mode": "bus", "line_name": "N3"}], "predominant_mode": "bus", "assigned_canton": "Schwyz", "modes_list": ["bus"]}, "geometry": {"type": "Point", "coordinates": [8.40717162976925, 47.06482756561082]}}, {"id": "17262", "type": "Feature", "properties": {"name": "Merlischachen, Sumpf", "lon": 8.422883151701736, "lat": 47.07319777526998, "stop_id": ["8591700.link:1661480", "8591700.link:1661481"], "lines": [{"line_id": "92-N3-B-j24-1", "route_id": "5.TA.92-N3-B-j24-1.7.R", "mode": "bus", "line_name": "N3"}, {"line_id": "92-N3-B-j24-1", "route_id": "8.TA.92-N3-B-j24-1.8.R", "mode": "bus", "line_name": "N3"}, {"line_id": "92-N3-B-j24-1", "route_id": "2.TA.92-N3-B-j24-1.6.H", "mode": "bus", "line_name": "N3"}], "predominant_mode": "bus", "assigned_canton": "Schwyz", "modes_list": ["bus"]}, "geometry": {"type": "Point", "coordinates": [8.422883160067693, 47.07319778536334]}}, {"id": "17878", "type": "Feature", "properties": {"name": "Morschach Talstat. (Luftseilb)", "lon": 8.638380009133552, "lat": 46.99022081187873, "stop_id": ["8505089.link:pt_8505089"], "lines": [{"line_id": "93-258-0-j24-1", "route_id": "52.TA.93-258-0-j24-1.2.R", "mode": "cable car", "line_name": "2580"}, {"line_id": "93-258-0-j24-1", "route_id": "29.TA.93-258-0-j24-1.1.H", "mode": "cable car", "line_name": "2580"}], "predominant_mode": "cable car", "assigned_canton": "Schwyz", "modes_list": ["cable car"]}, "geometry": {"type": "Point", "coordinates": [8.63838001773624, 46.990220821879845]}}, {"id": "17879", "type": "Feature", "properties": {"name": "Morschach, Dorf", "lon": 8.619955558857965, "lat": 46.982137872167385, "stop_id": ["8505085.link:1807188", "8505085.link:1807189"], "lines": [{"line_id": "92-504-j24-1", "route_id": "111.TA.92-504-j24-1.3.H", "mode": "bus", "line_name": "504"}, {"line_id": "92-504-j24-1", "route_id": "362.TA.92-504-j24-1.8.R", "mode": "bus", "line_name": "504"}, {"line_id": "92-504-j24-1", "route_id": "312.TA.92-504-j24-1.7.R", "mode": "bus", "line_name": "504"}], "predominant_mode": "bus", "assigned_canton": "Schwyz", "modes_list": ["bus"]}, "geometry": {"type": "Point", "coordinates": [8.619955567444958, 46.98213788217079]}}, {"id": "17880", "type": "Feature", "properties": {"name": "Morschach, Luftseilbahn", "lon": 8.63827220913307, "lat": 46.990208551880436, "stop_id": ["8577507.link:1004484", "8577507.link:108673"], "lines": [{"line_id": "92-504-j24-1", "route_id": "111.TA.92-504-j24-1.3.H", "mode": "bus", "line_name": "504"}, {"line_id": "92-504-j24-1", "route_id": "362.TA.92-504-j24-1.8.R", "mode": "bus", "line_name": "504"}, {"line_id": "92-504-j24-1", "route_id": "312.TA.92-504-j24-1.7.R", "mode": "bus", "line_name": "504"}], "predominant_mode": "bus", "assigned_canton": "Schwyz", "modes_list": ["bus"]}, "geometry": {"type": "Point", "coordinates": [8.638272217735652, 46.990208561881595]}}, {"id": "17881", "type": "Feature", "properties": {"name": "Morschach, Schwyzerh\u00f6he", "lon": 8.629810079094078, "lat": 46.98917910201328, "stop_id": ["8577506.link:1624069", "8577506.link:1624070"], "lines": [{"line_id": "92-504-j24-1", "route_id": "111.TA.92-504-j24-1.3.H", "mode": "bus", "line_name": "504"}, {"line_id": "92-504-j24-1", "route_id": "362.TA.92-504-j24-1.8.R", "mode": "bus", "line_name": "504"}, {"line_id": "92-504-j24-1", "route_id": "312.TA.92-504-j24-1.7.R", "mode": "bus", "line_name": "504"}], "predominant_mode": "bus", "assigned_canton": "Schwyz", "modes_list": ["bus"]}, "geometry": {"type": "Point", "coordinates": [8.629810087688668, 46.98917911201648]}}, {"id": "17882", "type": "Feature", "properties": {"name": "Morschach, Swiss Holiday Park", "lon": 8.617045018824506, "lat": 46.98116955221303, "stop_id": ["8577505.link:493016", "8577505.link:565495", "8577505.link:565496"], "lines": [{"line_id": "92-504-j24-1", "route_id": "215.TA.92-504-j24-1.13.R", "mode": "bus", "line_name": "504"}, {"line_id": "92-504-j24-1", "route_id": "17.TA.92-504-j24-1.9.H", "mode": "bus", "line_name": "504"}, {"line_id": "92-504-j24-1", "route_id": "111.TA.92-504-j24-1.3.H", "mode": "bus", "line_name": "504"}, {"line_id": "92-504-j24-1", "route_id": "362.TA.92-504-j24-1.8.R", "mode": "bus", "line_name": "504"}, {"line_id": "92-504-j24-1", "route_id": "312.TA.92-504-j24-1.7.R", "mode": "bus", "line_name": "504"}], "predominant_mode": "bus", "assigned_canton": "Schwyz", "modes_list": ["bus"]}, "geometry": {"type": "Point", "coordinates": [8.617045027408928, 46.981169562216884]}}, {"id": "17883", "type": "Feature", "properties": {"name": "Morschach, Wil", "lon": 8.6235937389429, "lat": 46.98466890211051, "stop_id": ["8588113.link:1624059", "8588113.link:1624060"], "lines": [{"line_id": "92-504-j24-1", "route_id": "111.TA.92-504-j24-1.3.H", "mode": "bus", "line_name": "504"}, {"line_id": "92-504-j24-1", "route_id": "362.TA.92-504-j24-1.8.R", "mode": "bus", "line_name": "504"}, {"line_id": "92-504-j24-1", "route_id": "312.TA.92-504-j24-1.7.R", "mode": "bus", "line_name": "504"}], "predominant_mode": "bus", "assigned_canton": "Schwyz", "modes_list": ["bus"]}, "geometry": {"type": "Point", "coordinates": [8.623593747532718, 46.98466891211378]}}, {"id": "18024", "type": "Feature", "properties": {"name": "Muotathal, Balm", "lon": 8.785533028646554, "lat": 46.972551969565224, "stop_id": ["8577466.link:1939153", "8577466.link:1939154"], "lines": [{"line_id": "92-506-A-j24-1", "route_id": "24.TA.92-506-A-j24-1.1.H", "mode": "bus", "line_name": "506"}, {"line_id": "92-506-A-j24-1", "route_id": "33.TA.92-506-A-j24-1.2.H", "mode": "bus", "line_name": "506"}, {"line_id": "92-506-A-j24-1", "route_id": "83.TA.92-506-A-j24-1.6.R", "mode": "bus", "line_name": "506"}, {"line_id": "92-506-A-j24-1", "route_id": "77.TA.92-506-A-j24-1.5.R", "mode": "bus", "line_name": "506"}, {"line_id": "92-506-A-j24-1", "route_id": "67.TA.92-506-A-j24-1.4.R", "mode": "bus", "line_name": "506"}], "predominant_mode": "bus", "assigned_canton": "Schwyz", "modes_list": ["bus"]}, "geometry": {"type": "Point", "coordinates": [8.785533037397846, 46.97255197951698]}}, {"id": "18025", "type": "Feature", "properties": {"name": "Muotathal, F\u00f6llmisbr\u00fccke", "lon": 8.731211908823113, "lat": 46.97895093041931, "stop_id": ["8577460.link:199216", "8577460.link:199217"], "lines": [{"line_id": "92-501-j24-1", "route_id": "1027.TA.92-501-j24-1.442.R", "mode": "bus", "line_name": "501"}, {"line_id": "92-501-j24-1", "route_id": "1204.TA.92-501-j24-1.446.R", "mode": "bus", "line_name": "501"}, {"line_id": "92-501-j24-1", "route_id": "916.TA.92-501-j24-1.440.R", "mode": "bus", "line_name": "501"}, {"line_id": "92-501-j24-1", "route_id": "970.TA.92-501-j24-1.48.R", "mode": "bus", "line_name": "501"}, {"line_id": "92-501-j24-1", "route_id": "598.TA.92-501-j24-1.433.H", "mode": "bus", "line_name": "501"}, {"line_id": "92-501-j24-1", "route_id": "568.TA.92-501-j24-1.433.H", "mode": "bus", "line_name": "501"}, {"line_id": "92-501-j24-1", "route_id": "283.TA.92-501-j24-1.427.H", "mode": "bus", "line_name": "501"}, {"line_id": "92-501-j24-1", "route_id": "173.TA.92-501-j24-1.14.H", "mode": "bus", "line_name": "501"}, {"line_id": "92-501-j24-1", "route_id": "408.TA.92-501-j24-1.429.H", "mode": "bus", "line_name": "501"}, {"line_id": "92-501-j24-1", "route_id": "299.TA.92-501-j24-1.427.H", "mode": "bus", "line_name": "501"}], "predominant_mode": "bus", "assigned_canton": "Schwyz", "modes_list": ["bus"]}, "geometry": {"type": "Point", "coordinates": [8.731211917519756, 46.97895094038933]}}, {"id": "18026", "type": "Feature", "properties": {"name": "Muotathal, H\u00f6lloch", "lon": 8.782667408786816, "lat": 46.97690383961064, "stop_id": ["8587960.link:793049", "8587960.link:793050"], "lines": [{"line_id": "92-501-j24-1", "route_id": "1027.TA.92-501-j24-1.442.R", "mode": "bus", "line_name": "501"}, {"line_id": "92-501-j24-1", "route_id": "1204.TA.92-501-j24-1.446.R", "mode": "bus", "line_name": "501"}, {"line_id": "92-501-j24-1", "route_id": "916.TA.92-501-j24-1.440.R", "mode": "bus", "line_name": "501"}, {"line_id": "92-501-j24-1", "route_id": "970.TA.92-501-j24-1.48.R", "mode": "bus", "line_name": "501"}, {"line_id": "92-501-j24-1", "route_id": "598.TA.92-501-j24-1.433.H", "mode": "bus", "line_name": "501"}, {"line_id": "92-501-j24-1", "route_id": "568.TA.92-501-j24-1.433.H", "mode": "bus", "line_name": "501"}, {"line_id": "92-501-j24-1", "route_id": "283.TA.92-501-j24-1.427.H", "mode": "bus", "line_name": "501"}, {"line_id": "92-501-j24-1", "route_id": "173.TA.92-501-j24-1.14.H", "mode": "bus", "line_name": "501"}, {"line_id": "92-501-j24-1", "route_id": "408.TA.92-501-j24-1.429.H", "mode": "bus", "line_name": "501"}, {"line_id": "92-501-j24-1", "route_id": "299.TA.92-501-j24-1.427.H", "mode": "bus", "line_name": "501"}], "predominant_mode": "bus", "assigned_canton": "Schwyz", "modes_list": ["bus"]}, "geometry": {"type": "Point", "coordinates": [8.782667417534027, 46.97690384956481]}}, {"id": "18027", "type": "Feature", "properties": {"name": "Muotathal, Lustnau", "lon": 8.742297118722806, "lat": 46.975671870244796, "stop_id": ["8588293.link:1117300", "8588293.link:1117301"], "lines": [{"line_id": "92-501-j24-1", "route_id": "1027.TA.92-501-j24-1.442.R", "mode": "bus", "line_name": "501"}, {"line_id": "92-501-j24-1", "route_id": "1204.TA.92-501-j24-1.446.R", "mode": "bus", "line_name": "501"}, {"line_id": "92-501-j24-1", "route_id": "916.TA.92-501-j24-1.440.R", "mode": "bus", "line_name": "501"}, {"line_id": "92-501-j24-1", "route_id": "970.TA.92-501-j24-1.48.R", "mode": "bus", "line_name": "501"}, {"line_id": "92-501-j24-1", "route_id": "598.TA.92-501-j24-1.433.H", "mode": "bus", "line_name": "501"}, {"line_id": "92-501-j24-1", "route_id": "568.TA.92-501-j24-1.433.H", "mode": "bus", "line_name": "501"}, {"line_id": "92-501-j24-1", "route_id": "283.TA.92-501-j24-1.427.H", "mode": "bus", "line_name": "501"}, {"line_id": "92-501-j24-1", "route_id": "173.TA.92-501-j24-1.14.H", "mode": "bus", "line_name": "501"}, {"line_id": "92-501-j24-1", "route_id": "408.TA.92-501-j24-1.429.H", "mode": "bus", "line_name": "501"}, {"line_id": "92-501-j24-1", "route_id": "299.TA.92-501-j24-1.427.H", "mode": "bus", "line_name": "501"}], "predominant_mode": "bus", "assigned_canton": "Schwyz", "modes_list": ["bus"]}, "geometry": {"type": "Point", "coordinates": [8.742297127431206, 46.975671880210335]}}, {"id": "18028", "type": "Feature", "properties": {"name": "Muotathal, Milit\u00e4rspital", "lon": 8.746411398725277, "lat": 46.97567187018018, "stop_id": ["8588114.link:1117296", "8588114.link:1117297"], "lines": [{"line_id": "92-501-j24-1", "route_id": "1027.TA.92-501-j24-1.442.R", "mode": "bus", "line_name": "501"}, {"line_id": "92-501-j24-1", "route_id": "1204.TA.92-501-j24-1.446.R", "mode": "bus", "line_name": "501"}, {"line_id": "92-501-j24-1", "route_id": "916.TA.92-501-j24-1.440.R", "mode": "bus", "line_name": "501"}, {"line_id": "92-501-j24-1", "route_id": "970.TA.92-501-j24-1.48.R", "mode": "bus", "line_name": "501"}, {"line_id": "92-501-j24-1", "route_id": "598.TA.92-501-j24-1.433.H", "mode": "bus", "line_name": "501"}, {"line_id": "92-501-j24-1", "route_id": "568.TA.92-501-j24-1.433.H", "mode": "bus", "line_name": "501"}, {"line_id": "92-501-j24-1", "route_id": "283.TA.92-501-j24-1.427.H", "mode": "bus", "line_name": "501"}, {"line_id": "92-501-j24-1", "route_id": "173.TA.92-501-j24-1.14.H", "mode": "bus", "line_name": "501"}, {"line_id": "92-501-j24-1", "route_id": "408.TA.92-501-j24-1.429.H", "mode": "bus", "line_name": "501"}, {"line_id": "92-501-j24-1", "route_id": "299.TA.92-501-j24-1.427.H", "mode": "bus", "line_name": "501"}], "predominant_mode": "bus", "assigned_canton": "Schwyz", "modes_list": ["bus"]}, "geometry": {"type": "Point", "coordinates": [8.746411407437678, 46.97567188014453]}}, {"id": "18029", "type": "Feature", "properties": {"name": "Muotathal, Nuschlau", "lon": 8.737122818749516, "lat": 46.976585120326234, "stop_id": ["8577461.link:1117308", "8577461.link:1117309"], "lines": [{"line_id": "92-501-j24-1", "route_id": "1027.TA.92-501-j24-1.442.R", "mode": "bus", "line_name": "501"}, {"line_id": "92-501-j24-1", "route_id": "1204.TA.92-501-j24-1.446.R", "mode": "bus", "line_name": "501"}, {"line_id": "92-501-j24-1", "route_id": "916.TA.92-501-j24-1.440.R", "mode": "bus", "line_name": "501"}, {"line_id": "92-501-j24-1", "route_id": "970.TA.92-501-j24-1.48.R", "mode": "bus", "line_name": "501"}, {"line_id": "92-501-j24-1", "route_id": "598.TA.92-501-j24-1.433.H", "mode": "bus", "line_name": "501"}, {"line_id": "92-501-j24-1", "route_id": "568.TA.92-501-j24-1.433.H", "mode": "bus", "line_name": "501"}, {"line_id": "92-501-j24-1", "route_id": "283.TA.92-501-j24-1.427.H", "mode": "bus", "line_name": "501"}, {"line_id": "92-501-j24-1", "route_id": "173.TA.92-501-j24-1.14.H", "mode": "bus", "line_name": "501"}, {"line_id": "92-501-j24-1", "route_id": "408.TA.92-501-j24-1.429.H", "mode": "bus", "line_name": "501"}, {"line_id": "92-501-j24-1", "route_id": "299.TA.92-501-j24-1.427.H", "mode": "bus", "line_name": "501"}], "predominant_mode": "bus", "assigned_canton": "Schwyz", "modes_list": ["bus"]}, "geometry": {"type": "Point", "coordinates": [8.737122827452614, 46.97658513029359]}}, {"id": "18030", "type": "Feature", "properties": {"name": "Muotathal, Post", "lon": 8.757532548688499, "lat": 46.97434180000532, "stop_id": ["8505093.link:741240", "8505093.link:741241"], "lines": [{"line_id": "92-501-j24-1", "route_id": "1027.TA.92-501-j24-1.442.R", "mode": "bus", "line_name": "501"}, {"line_id": "92-501-j24-1", "route_id": "916.TA.92-501-j24-1.440.R", "mode": "bus", "line_name": "501"}, {"line_id": "92-501-j24-1", "route_id": "1204.TA.92-501-j24-1.446.R", "mode": "bus", "line_name": "501"}, {"line_id": "92-501-j24-1", "route_id": "970.TA.92-501-j24-1.48.R", "mode": "bus", "line_name": "501"}, {"line_id": "92-506-A-j24-1", "route_id": "83.TA.92-506-A-j24-1.6.R", "mode": "bus", "line_name": "506"}, {"line_id": "92-506-A-j24-1", "route_id": "77.TA.92-506-A-j24-1.5.R", "mode": "bus", "line_name": "506"}, {"line_id": "92-506-A-j24-1", "route_id": "67.TA.92-506-A-j24-1.4.R", "mode": "bus", "line_name": "506"}, {"line_id": "92-501-j24-1", "route_id": "598.TA.92-501-j24-1.433.H", "mode": "bus", "line_name": "501"}, {"line_id": "92-506-A-j24-1", "route_id": "24.TA.92-506-A-j24-1.1.H", "mode": "bus", "line_name": "506"}, {"line_id": "92-501-j24-1", "route_id": "568.TA.92-501-j24-1.433.H", "mode": "bus", "line_name": "501"}, {"line_id": "92-506-A-j24-1", "route_id": "33.TA.92-506-A-j24-1.2.H", "mode": "bus", "line_name": "506"}, {"line_id": "92-501-j24-1", "route_id": "283.TA.92-501-j24-1.427.H", "mode": "bus", "line_name": "501"}, {"line_id": "92-501-j24-1", "route_id": "173.TA.92-501-j24-1.14.H", "mode": "bus", "line_name": "501"}, {"line_id": "92-501-j24-1", "route_id": "408.TA.92-501-j24-1.429.H", "mode": "bus", "line_name": "501"}, {"line_id": "92-501-j24-1", "route_id": "299.TA.92-501-j24-1.427.H", "mode": "bus", "line_name": "501"}], "predominant_mode": "bus", "assigned_canton": "Schwyz", "modes_list": ["bus"]}, "geometry": {"type": "Point", "coordinates": [8.757532557412098, 46.97434180996592]}}, {"id": "18031", "type": "Feature", "properties": {"name": "Muotathal, Schulhaus", "lon": 8.75747864875964, "lat": 46.976523830006364, "stop_id": ["8507319.link:587938", "8507319.link:587939"], "lines": [{"line_id": "92-506-A-j24-1", "route_id": "83.TA.92-506-A-j24-1.6.R", "mode": "bus", "line_name": "506"}, {"line_id": "92-506-A-j24-1", "route_id": "67.TA.92-506-A-j24-1.4.R", "mode": "bus", "line_name": "506"}, {"line_id": "92-506-A-j24-1", "route_id": "24.TA.92-506-A-j24-1.1.H", "mode": "bus", "line_name": "506"}, {"line_id": "92-506-A-j24-1", "route_id": "33.TA.92-506-A-j24-1.2.H", "mode": "bus", "line_name": "506"}], "predominant_mode": "bus", "assigned_canton": "Schwyz", "modes_list": ["bus"]}, "geometry": {"type": "Point", "coordinates": [8.75747865748254, 46.97652383996779]}}, {"id": "18032", "type": "Feature", "properties": {"name": "Muotathal, Sternen", "lon": 8.76138631864618, "lat": 46.972974909944654, "stop_id": ["8577463.link:741232", "8577463.link:741233"], "lines": [{"line_id": "92-501-j24-1", "route_id": "1027.TA.92-501-j24-1.442.R", "mode": "bus", "line_name": "501"}, {"line_id": "92-501-j24-1", "route_id": "916.TA.92-501-j24-1.440.R", "mode": "bus", "line_name": "501"}, {"line_id": "92-501-j24-1", "route_id": "1204.TA.92-501-j24-1.446.R", "mode": "bus", "line_name": "501"}, {"line_id": "92-501-j24-1", "route_id": "970.TA.92-501-j24-1.48.R", "mode": "bus", "line_name": "501"}, {"line_id": "92-506-A-j24-1", "route_id": "83.TA.92-506-A-j24-1.6.R", "mode": "bus", "line_name": "506"}, {"line_id": "92-506-A-j24-1", "route_id": "77.TA.92-506-A-j24-1.5.R", "mode": "bus", "line_name": "506"}, {"line_id": "92-506-A-j24-1", "route_id": "67.TA.92-506-A-j24-1.4.R", "mode": "bus", "line_name": "506"}, {"line_id": "92-501-j24-1", "route_id": "598.TA.92-501-j24-1.433.H", "mode": "bus", "line_name": "501"}, {"line_id": "92-506-A-j24-1", "route_id": "24.TA.92-506-A-j24-1.1.H", "mode": "bus", "line_name": "506"}, {"line_id": "92-501-j24-1", "route_id": "568.TA.92-501-j24-1.433.H", "mode": "bus", "line_name": "501"}, {"line_id": "92-506-A-j24-1", "route_id": "33.TA.92-506-A-j24-1.2.H", "mode": "bus", "line_name": "506"}, {"line_id": "92-501-j24-1", "route_id": "283.TA.92-501-j24-1.427.H", "mode": "bus", "line_name": "501"}, {"line_id": "92-501-j24-1", "route_id": "173.TA.92-501-j24-1.14.H", "mode": "bus", "line_name": "501"}, {"line_id": "92-501-j24-1", "route_id": "408.TA.92-501-j24-1.429.H", "mode": "bus", "line_name": "501"}, {"line_id": "92-501-j24-1", "route_id": "299.TA.92-501-j24-1.427.H", "mode": "bus", "line_name": "501"}], "predominant_mode": "bus", "assigned_canton": "Schwyz", "modes_list": ["bus"]}, "geometry": {"type": "Point", "coordinates": [8.761386327373923, 46.972974919903585]}}, {"id": "18033", "type": "Feature", "properties": {"name": "Muotathal, St\u00fctzli", "lon": 8.774986808684973, "lat": 46.97391885973106, "stop_id": ["8592407.link:1117314", "8592407.link:1117315"], "lines": [{"line_id": "92-501-j24-1", "route_id": "1027.TA.92-501-j24-1.442.R", "mode": "bus", "line_name": "501"}, {"line_id": "92-501-j24-1", "route_id": "916.TA.92-501-j24-1.440.R", "mode": "bus", "line_name": "501"}, {"line_id": "92-501-j24-1", "route_id": "1204.TA.92-501-j24-1.446.R", "mode": "bus", "line_name": "501"}, {"line_id": "92-501-j24-1", "route_id": "970.TA.92-501-j24-1.48.R", "mode": "bus", "line_name": "501"}, {"line_id": "92-506-A-j24-1", "route_id": "83.TA.92-506-A-j24-1.6.R", "mode": "bus", "line_name": "506"}, {"line_id": "92-506-A-j24-1", "route_id": "77.TA.92-506-A-j24-1.5.R", "mode": "bus", "line_name": "506"}, {"line_id": "92-506-A-j24-1", "route_id": "67.TA.92-506-A-j24-1.4.R", "mode": "bus", "line_name": "506"}, {"line_id": "92-501-j24-1", "route_id": "598.TA.92-501-j24-1.433.H", "mode": "bus", "line_name": "501"}, {"line_id": "92-506-A-j24-1", "route_id": "24.TA.92-506-A-j24-1.1.H", "mode": "bus", "line_name": "506"}, {"line_id": "92-501-j24-1", "route_id": "568.TA.92-501-j24-1.433.H", "mode": "bus", "line_name": "501"}, {"line_id": "92-506-A-j24-1", "route_id": "33.TA.92-506-A-j24-1.2.H", "mode": "bus", "line_name": "506"}, {"line_id": "92-501-j24-1", "route_id": "283.TA.92-501-j24-1.427.H", "mode": "bus", "line_name": "501"}, {"line_id": "92-501-j24-1", "route_id": "173.TA.92-501-j24-1.14.H", "mode": "bus", "line_name": "501"}, {"line_id": "92-501-j24-1", "route_id": "408.TA.92-501-j24-1.429.H", "mode": "bus", "line_name": "501"}, {"line_id": "92-501-j24-1", "route_id": "299.TA.92-501-j24-1.427.H", "mode": "bus", "line_name": "501"}], "predominant_mode": "bus", "assigned_canton": "Schwyz", "modes_list": ["bus"]}, "geometry": {"type": "Point", "coordinates": [8.774986817425637, 46.97391886968637]}}, {"id": "18034", "type": "Feature", "properties": {"name": "Muotathal, S\u00e4ge", "lon": 8.767512828631013, "lat": 46.97239872984835, "stop_id": ["8577464.link:741218", "8577464.link:741219"], "lines": [{"line_id": "92-501-j24-1", "route_id": "1027.TA.92-501-j24-1.442.R", "mode": "bus", "line_name": "501"}, {"line_id": "92-501-j24-1", "route_id": "916.TA.92-501-j24-1.440.R", "mode": "bus", "line_name": "501"}, {"line_id": "92-501-j24-1", "route_id": "1204.TA.92-501-j24-1.446.R", "mode": "bus", "line_name": "501"}, {"line_id": "92-501-j24-1", "route_id": "970.TA.92-501-j24-1.48.R", "mode": "bus", "line_name": "501"}, {"line_id": "92-506-A-j24-1", "route_id": "83.TA.92-506-A-j24-1.6.R", "mode": "bus", "line_name": "506"}, {"line_id": "92-506-A-j24-1", "route_id": "77.TA.92-506-A-j24-1.5.R", "mode": "bus", "line_name": "506"}, {"line_id": "92-506-A-j24-1", "route_id": "67.TA.92-506-A-j24-1.4.R", "mode": "bus", "line_name": "506"}, {"line_id": "92-501-j24-1", "route_id": "598.TA.92-501-j24-1.433.H", "mode": "bus", "line_name": "501"}, {"line_id": "92-506-A-j24-1", "route_id": "24.TA.92-506-A-j24-1.1.H", "mode": "bus", "line_name": "506"}, {"line_id": "92-501-j24-1", "route_id": "568.TA.92-501-j24-1.433.H", "mode": "bus", "line_name": "501"}, {"line_id": "92-506-A-j24-1", "route_id": "33.TA.92-506-A-j24-1.2.H", "mode": "bus", "line_name": "506"}, {"line_id": "92-501-j24-1", "route_id": "283.TA.92-501-j24-1.427.H", "mode": "bus", "line_name": "501"}, {"line_id": "92-501-j24-1", "route_id": "173.TA.92-501-j24-1.14.H", "mode": "bus", "line_name": "501"}, {"line_id": "92-501-j24-1", "route_id": "408.TA.92-501-j24-1.429.H", "mode": "bus", "line_name": "501"}, {"line_id": "92-501-j24-1", "route_id": "299.TA.92-501-j24-1.427.H", "mode": "bus", "line_name": "501"}], "predominant_mode": "bus", "assigned_canton": "Schwyz", "modes_list": ["bus"]}, "geometry": {"type": "Point", "coordinates": [8.767512837364881, 46.9723987398053]}}, {"id": "18035", "type": "Feature", "properties": {"name": "Muotathal, Weid", "lon": 8.751307218728776, "lat": 46.97569026010327, "stop_id": ["8577462.link:98932", "8577462.link:98933"], "lines": [{"line_id": "92-501-j24-1", "route_id": "1027.TA.92-501-j24-1.442.R", "mode": "bus", "line_name": "501"}, {"line_id": "92-501-j24-1", "route_id": "1204.TA.92-501-j24-1.446.R", "mode": "bus", "line_name": "501"}, {"line_id": "92-501-j24-1", "route_id": "916.TA.92-501-j24-1.440.R", "mode": "bus", "line_name": "501"}, {"line_id": "92-501-j24-1", "route_id": "970.TA.92-501-j24-1.48.R", "mode": "bus", "line_name": "501"}, {"line_id": "92-501-j24-1", "route_id": "598.TA.92-501-j24-1.433.H", "mode": "bus", "line_name": "501"}, {"line_id": "92-501-j24-1", "route_id": "568.TA.92-501-j24-1.433.H", "mode": "bus", "line_name": "501"}, {"line_id": "92-501-j24-1", "route_id": "283.TA.92-501-j24-1.427.H", "mode": "bus", "line_name": "501"}, {"line_id": "92-501-j24-1", "route_id": "173.TA.92-501-j24-1.14.H", "mode": "bus", "line_name": "501"}, {"line_id": "92-501-j24-1", "route_id": "408.TA.92-501-j24-1.429.H", "mode": "bus", "line_name": "501"}, {"line_id": "92-501-j24-1", "route_id": "299.TA.92-501-j24-1.427.H", "mode": "bus", "line_name": "501"}], "predominant_mode": "bus", "assigned_canton": "Schwyz", "modes_list": ["bus"]}, "geometry": {"type": "Point", "coordinates": [8.751307227445926, 46.97569027006618]}}, {"id": "18036", "type": "Feature", "properties": {"name": "Muotathal, hintere Br\u00fccke", "lon": 8.772570338643577, "lat": 46.972692949768856, "stop_id": ["8587533.link:34875", "8587533.link:34876"], "lines": [{"line_id": "92-501-j24-1", "route_id": "1027.TA.92-501-j24-1.442.R", "mode": "bus", "line_name": "501"}, {"line_id": "92-501-j24-1", "route_id": "916.TA.92-501-j24-1.440.R", "mode": "bus", "line_name": "501"}, {"line_id": "92-501-j24-1", "route_id": "1204.TA.92-501-j24-1.446.R", "mode": "bus", "line_name": "501"}, {"line_id": "92-501-j24-1", "route_id": "970.TA.92-501-j24-1.48.R", "mode": "bus", "line_name": "501"}, {"line_id": "92-506-A-j24-1", "route_id": "83.TA.92-506-A-j24-1.6.R", "mode": "bus", "line_name": "506"}, {"line_id": "92-506-A-j24-1", "route_id": "77.TA.92-506-A-j24-1.5.R", "mode": "bus", "line_name": "506"}, {"line_id": "92-506-A-j24-1", "route_id": "67.TA.92-506-A-j24-1.4.R", "mode": "bus", "line_name": "506"}, {"line_id": "92-501-j24-1", "route_id": "598.TA.92-501-j24-1.433.H", "mode": "bus", "line_name": "501"}, {"line_id": "92-506-A-j24-1", "route_id": "24.TA.92-506-A-j24-1.1.H", "mode": "bus", "line_name": "506"}, {"line_id": "92-501-j24-1", "route_id": "568.TA.92-501-j24-1.433.H", "mode": "bus", "line_name": "501"}, {"line_id": "92-506-A-j24-1", "route_id": "33.TA.92-506-A-j24-1.2.H", "mode": "bus", "line_name": "506"}, {"line_id": "92-501-j24-1", "route_id": "283.TA.92-501-j24-1.427.H", "mode": "bus", "line_name": "501"}, {"line_id": "92-501-j24-1", "route_id": "173.TA.92-501-j24-1.14.H", "mode": "bus", "line_name": "501"}, {"line_id": "92-501-j24-1", "route_id": "408.TA.92-501-j24-1.429.H", "mode": "bus", "line_name": "501"}, {"line_id": "92-501-j24-1", "route_id": "299.TA.92-501-j24-1.427.H", "mode": "bus", "line_name": "501"}], "predominant_mode": "bus", "assigned_canton": "Schwyz", "modes_list": ["bus"]}, "geometry": {"type": "Point", "coordinates": [8.772570347382263, 46.97269295972444]}}, {"id": "19131", "type": "Feature", "properties": {"name": "Nuolen, Kirche", "lon": 8.888947096259615, "lat": 47.2032806879542, "stop_id": ["8503717.link:1085747"], "lines": [{"line_id": "96-242-5-j24-1", "route_id": "91.TA.96-242-5-j24-1.9.H", "mode": "bus", "line_name": "525"}, {"line_id": "96-242-5-j24-1", "route_id": "103.TA.96-242-5-j24-1.9.H", "mode": "bus", "line_name": "525"}, {"line_id": "96-242-5-j24-1", "route_id": "258.TA.96-242-5-j24-1.12.R", "mode": "bus", "line_name": "525"}, {"line_id": "96-242-5-j24-1", "route_id": "138.TA.96-242-5-j24-1.15.R", "mode": "bus", "line_name": "525"}, {"line_id": "96-242-5-j24-1", "route_id": "2.TA.96-242-5-j24-1.13.H", "mode": "bus", "line_name": "525"}], "predominant_mode": "bus", "assigned_canton": "Schwyz", "modes_list": ["bus"]}, "geometry": {"type": "Point", "coordinates": [8.888947105039344, 47.2032806979584]}}, {"id": "19132", "type": "Feature", "properties": {"name": "Nuolen, Ochsenboden", "lon": 8.886234186200559, "lat": 47.201529057996815, "stop_id": ["8583793.link:1827654", "8583793.link:1827655"], "lines": [{"line_id": "96-242-5-j24-1", "route_id": "91.TA.96-242-5-j24-1.9.H", "mode": "bus", "line_name": "525"}, {"line_id": "96-242-5-j24-1", "route_id": "103.TA.96-242-5-j24-1.9.H", "mode": "bus", "line_name": "525"}, {"line_id": "96-242-5-j24-1", "route_id": "258.TA.96-242-5-j24-1.12.R", "mode": "bus", "line_name": "525"}, {"line_id": "96-242-5-j24-1", "route_id": "138.TA.96-242-5-j24-1.15.R", "mode": "bus", "line_name": "525"}, {"line_id": "96-242-5-j24-1", "route_id": "2.TA.96-242-5-j24-1.13.H", "mode": "bus", "line_name": "525"}, {"line_id": "96-242-5-j24-1", "route_id": "138.TA.96-242-5-j24-1.15.R", "mode": "bus", "line_name": "525"}, {"line_id": "96-242-5-j24-1", "route_id": "258.TA.96-242-5-j24-1.12.R", "mode": "bus", "line_name": "525"}, {"line_id": "96-242-5-j24-1", "route_id": "91.TA.96-242-5-j24-1.9.H", "mode": "bus", "line_name": "525"}, {"line_id": "96-242-5-j24-1", "route_id": "103.TA.96-242-5-j24-1.9.H", "mode": "bus", "line_name": "525"}], "predominant_mode": "bus", "assigned_canton": "Schwyz", "modes_list": ["bus"]}, "geometry": {"type": "Point", "coordinates": [8.886234194978263, 47.20152906800123]}}, {"id": "19227", "type": "Feature", "properties": {"name": "Oberarth, Bifang", "lon": 8.53925990117006, "lat": 47.05450982344098, "stop_id": ["8577403.link:364840", "8577403.link:364841"], "lines": [{"line_id": "92-501-j24-1", "route_id": "95.TA.92-501-j24-1.9.H", "mode": "bus", "line_name": "501"}, {"line_id": "92-501-j24-1", "route_id": "598.TA.92-501-j24-1.433.H", "mode": "bus", "line_name": "501"}, {"line_id": "92-502-A-j24-1", "route_id": "945.TA.92-502-A-j24-1.795.H", "mode": "bus", "line_name": "502"}, {"line_id": "92-502-A-j24-1", "route_id": "199.TA.92-502-A-j24-1.11.H", "mode": "bus", "line_name": "502"}, {"line_id": "92-501-j24-1", "route_id": "568.TA.92-501-j24-1.433.H", "mode": "bus", "line_name": "501"}, {"line_id": "92-501-j24-1", "route_id": "269.TA.92-501-j24-1.426.H", "mode": "bus", "line_name": "501"}, {"line_id": "92-502-A-j24-1", "route_id": "1604.TA.92-502-A-j24-1.607.R", "mode": "bus", "line_name": "502"}, {"line_id": "92-501-j24-1", "route_id": "81.TA.92-501-j24-1.8.H", "mode": "bus", "line_name": "501"}, {"line_id": "92-501-j24-1", "route_id": "87.TA.92-501-j24-1.8.H", "mode": "bus", "line_name": "501"}, {"line_id": "92-501-j24-1", "route_id": "154.TA.92-501-j24-1.10.H", "mode": "bus", "line_name": "501"}, {"line_id": "92-502-A-j24-1", "route_id": "216.TA.92-502-A-j24-1.12.H", "mode": "bus", "line_name": "502"}, {"line_id": "92-502-A-j24-1", "route_id": "185.TA.92-502-A-j24-1.9.H", "mode": "bus", "line_name": "502"}, {"line_id": "92-502-A-j24-1", "route_id": "931.TA.92-502-A-j24-1.795.H", "mode": "bus", "line_name": "502"}, {"line_id": "92-502-A-j24-1", "route_id": "192.TA.92-502-A-j24-1.10.H", "mode": "bus", "line_name": "502"}, {"line_id": "92-501-j24-1", "route_id": "109.TA.92-501-j24-1.10.H", "mode": "bus", "line_name": "501"}, {"line_id": "92-502-A-j24-1", "route_id": "1369.TA.92-502-A-j24-1.49.R", "mode": "bus", "line_name": "502"}, {"line_id": "92-501-j24-1", "route_id": "743.TA.92-501-j24-1.37.R", "mode": "bus", "line_name": "501"}, {"line_id": "92-502-A-j24-1", "route_id": "2143.TA.92-502-A-j24-1.811.R", "mode": "bus", "line_name": "502"}, {"line_id": "92-502-A-j24-1", "route_id": "1592.TA.92-502-A-j24-1.804.R", "mode": "bus", "line_name": "502"}, {"line_id": "92-501-j24-1", "route_id": "863.TA.92-501-j24-1.439.R", "mode": "bus", "line_name": "501"}, {"line_id": "92-501-j24-1", "route_id": "1204.TA.92-501-j24-1.446.R", "mode": "bus", "line_name": "501"}], "predominant_mode": "bus", "assigned_canton": "Schwyz", "modes_list": ["bus"]}, "geometry": {"type": "Point", "coordinates": [8.539259909656513, 47.05450983349453]}}, {"id": "19228", "type": "Feature", "properties": {"name": "Oberarth, Dorf", "lon": 8.535424091188132, "lat": 47.055140203501324, "stop_id": ["8577404.link:1242375", "8577404.link:1242376"], "lines": [{"line_id": "92-501-j24-1", "route_id": "95.TA.92-501-j24-1.9.H", "mode": "bus", "line_name": "501"}, {"line_id": "92-501-j24-1", "route_id": "598.TA.92-501-j24-1.433.H", "mode": "bus", "line_name": "501"}, {"line_id": "92-502-A-j24-1", "route_id": "945.TA.92-502-A-j24-1.795.H", "mode": "bus", "line_name": "502"}, {"line_id": "92-502-A-j24-1", "route_id": "199.TA.92-502-A-j24-1.11.H", "mode": "bus", "line_name": "502"}, {"line_id": "92-501-j24-1", "route_id": "568.TA.92-501-j24-1.433.H", "mode": "bus", "line_name": "501"}, {"line_id": "92-501-j24-1", "route_id": "269.TA.92-501-j24-1.426.H", "mode": "bus", "line_name": "501"}, {"line_id": "92-502-A-j24-1", "route_id": "1604.TA.92-502-A-j24-1.607.R", "mode": "bus", "line_name": "502"}, {"line_id": "92-501-j24-1", "route_id": "81.TA.92-501-j24-1.8.H", "mode": "bus", "line_name": "501"}, {"line_id": "92-501-j24-1", "route_id": "87.TA.92-501-j24-1.8.H", "mode": "bus", "line_name": "501"}, {"line_id": "92-501-j24-1", "route_id": "154.TA.92-501-j24-1.10.H", "mode": "bus", "line_name": "501"}, {"line_id": "92-502-A-j24-1", "route_id": "216.TA.92-502-A-j24-1.12.H", "mode": "bus", "line_name": "502"}, {"line_id": "92-502-A-j24-1", "route_id": "185.TA.92-502-A-j24-1.9.H", "mode": "bus", "line_name": "502"}, {"line_id": "92-502-A-j24-1", "route_id": "931.TA.92-502-A-j24-1.795.H", "mode": "bus", "line_name": "502"}, {"line_id": "92-502-A-j24-1", "route_id": "192.TA.92-502-A-j24-1.10.H", "mode": "bus", "line_name": "502"}, {"line_id": "92-501-j24-1", "route_id": "109.TA.92-501-j24-1.10.H", "mode": "bus", "line_name": "501"}, {"line_id": "92-502-A-j24-1", "route_id": "1369.TA.92-502-A-j24-1.49.R", "mode": "bus", "line_name": "502"}, {"line_id": "92-501-j24-1", "route_id": "743.TA.92-501-j24-1.37.R", "mode": "bus", "line_name": "501"}, {"line_id": "92-502-A-j24-1", "route_id": "2143.TA.92-502-A-j24-1.811.R", "mode": "bus", "line_name": "502"}, {"line_id": "92-502-A-j24-1", "route_id": "1592.TA.92-502-A-j24-1.804.R", "mode": "bus", "line_name": "502"}, {"line_id": "92-501-j24-1", "route_id": "863.TA.92-501-j24-1.439.R", "mode": "bus", "line_name": "501"}, {"line_id": "92-501-j24-1", "route_id": "1204.TA.92-501-j24-1.446.R", "mode": "bus", "line_name": "501"}], "predominant_mode": "bus", "assigned_canton": "Schwyz", "modes_list": ["bus"]}, "geometry": {"type": "Point", "coordinates": [8.535424099670617, 47.05514021355618]}}, {"id": "19229", "type": "Feature", "properties": {"name": "Oberarth, Rischi", "lon": 8.542862141191879, "lat": 47.055103483384514, "stop_id": ["8577402.link:1078079", "8577402.link:1078080"], "lines": [{"line_id": "92-501-j24-1", "route_id": "95.TA.92-501-j24-1.9.H", "mode": "bus", "line_name": "501"}, {"line_id": "92-501-j24-1", "route_id": "598.TA.92-501-j24-1.433.H", "mode": "bus", "line_name": "501"}, {"line_id": "92-502-A-j24-1", "route_id": "945.TA.92-502-A-j24-1.795.H", "mode": "bus", "line_name": "502"}, {"line_id": "92-502-A-j24-1", "route_id": "199.TA.92-502-A-j24-1.11.H", "mode": "bus", "line_name": "502"}, {"line_id": "92-501-j24-1", "route_id": "568.TA.92-501-j24-1.433.H", "mode": "bus", "line_name": "501"}, {"line_id": "92-501-j24-1", "route_id": "269.TA.92-501-j24-1.426.H", "mode": "bus", "line_name": "501"}, {"line_id": "92-502-A-j24-1", "route_id": "1604.TA.92-502-A-j24-1.607.R", "mode": "bus", "line_name": "502"}, {"line_id": "92-501-j24-1", "route_id": "81.TA.92-501-j24-1.8.H", "mode": "bus", "line_name": "501"}, {"line_id": "92-501-j24-1", "route_id": "87.TA.92-501-j24-1.8.H", "mode": "bus", "line_name": "501"}, {"line_id": "92-501-j24-1", "route_id": "154.TA.92-501-j24-1.10.H", "mode": "bus", "line_name": "501"}, {"line_id": "92-502-A-j24-1", "route_id": "216.TA.92-502-A-j24-1.12.H", "mode": "bus", "line_name": "502"}, {"line_id": "92-502-A-j24-1", "route_id": "185.TA.92-502-A-j24-1.9.H", "mode": "bus", "line_name": "502"}, {"line_id": "92-502-A-j24-1", "route_id": "931.TA.92-502-A-j24-1.795.H", "mode": "bus", "line_name": "502"}, {"line_id": "92-502-A-j24-1", "route_id": "192.TA.92-502-A-j24-1.10.H", "mode": "bus", "line_name": "502"}, {"line_id": "92-501-j24-1", "route_id": "109.TA.92-501-j24-1.10.H", "mode": "bus", "line_name": "501"}, {"line_id": "92-502-A-j24-1", "route_id": "1369.TA.92-502-A-j24-1.49.R", "mode": "bus", "line_name": "502"}, {"line_id": "92-501-j24-1", "route_id": "743.TA.92-501-j24-1.37.R", "mode": "bus", "line_name": "501"}, {"line_id": "92-502-A-j24-1", "route_id": "2143.TA.92-502-A-j24-1.811.R", "mode": "bus", "line_name": "502"}, {"line_id": "92-502-A-j24-1", "route_id": "1592.TA.92-502-A-j24-1.804.R", "mode": "bus", "line_name": "502"}, {"line_id": "92-501-j24-1", "route_id": "863.TA.92-501-j24-1.439.R", "mode": "bus", "line_name": "501"}, {"line_id": "92-501-j24-1", "route_id": "1204.TA.92-501-j24-1.446.R", "mode": "bus", "line_name": "501"}], "predominant_mode": "bus", "assigned_canton": "Schwyz", "modes_list": ["bus"]}, "geometry": {"type": "Point", "coordinates": [8.542862149681705, 47.05510349343718]}}, {"id": "19233", "type": "Feature", "properties": {"name": "Oberberg St. Karl", "lon": 8.720144659502589, "lat": 46.99997509059509, "stop_id": ["8530820.link:pt_8530820"], "lines": [{"line_id": "93-4C-Y-j24-1", "route_id": "738.TA.93-4C-Y-j24-1.1.H", "mode": "cable car", "line_name": "PB"}, {"line_id": "93-4C-Y-j24-1", "route_id": "1206.TA.93-4C-Y-j24-1.2.R", "mode": "cable car", "line_name": "PB"}], "predominant_mode": "cable car", "assigned_canton": "Schwyz", "modes_list": ["cable car"]}, "geometry": {"type": "Point", "coordinates": [8.72014466818221, 46.999975100576215]}}, {"id": "19379", "type": "Feature", "properties": {"name": "Oberiberg, Laburg", "lon": 8.772956620599901, "lat": 47.03260709976802, "stop_id": ["8577502.link:79984", "8577502.link:79985"], "lines": [{"line_id": "92-505-A-j24-1", "route_id": "21.TA.92-505-A-j24-1.2.H", "mode": "bus", "line_name": "505"}, {"line_id": "92-505-A-j24-1", "route_id": "18.TA.92-505-A-j24-1.2.H", "mode": "bus", "line_name": "505"}, {"line_id": "92-505-A-j24-1", "route_id": "27.TA.92-505-A-j24-1.2.H", "mode": "bus", "line_name": "505"}, {"line_id": "92-505-A-j24-1", "route_id": "6.TA.92-505-A-j24-1.18.H", "mode": "bus", "line_name": "505"}, {"line_id": "92-505-A-j24-1", "route_id": "57.TA.92-505-A-j24-1.4.R", "mode": "bus", "line_name": "505"}, {"line_id": "92-505-A-j24-1", "route_id": "45.TA.92-505-A-j24-1.4.R", "mode": "bus", "line_name": "505"}], "predominant_mode": "bus", "assigned_canton": "Schwyz", "modes_list": ["bus"]}, "geometry": {"type": "Point", "coordinates": [8.772956629320978, 47.03260710974584]}}, {"id": "19380", "type": "Feature", "properties": {"name": "Oberiberg, Neuseewen", "lon": 8.781248070856481, "lat": 47.04030896963836, "stop_id": ["8503757.link:409098", "8503757.link:409099"], "lines": [{"line_id": "96-244-3-j24-1", "route_id": "63.TA.96-244-3-j24-1.12.R", "mode": "bus", "line_name": "555"}, {"line_id": "96-244-3-j24-1", "route_id": "77.TA.96-244-3-j24-1.13.R", "mode": "bus", "line_name": "555"}, {"line_id": "92-555-B-j24-1", "route_id": "3.TA.92-555-B-j24-1.2.R", "mode": "bus", "line_name": "555"}, {"line_id": "96-244-3-j24-1", "route_id": "61.TA.96-244-3-j24-1.8.R", "mode": "bus", "line_name": "555"}, {"line_id": "96-244-3-j24-1", "route_id": "62.TA.96-244-3-j24-1.12.R", "mode": "bus", "line_name": "555"}, {"line_id": "96-244-3-j24-1", "route_id": "58.TA.96-244-3-j24-1.6.R", "mode": "bus", "line_name": "555"}, {"line_id": "92-555-B-j24-1", "route_id": "2.TA.92-555-B-j24-1.1.H", "mode": "bus", "line_name": "555"}, {"line_id": "96-244-3-j24-1", "route_id": "22.TA.96-244-3-j24-1.3.H", "mode": "bus", "line_name": "555"}, {"line_id": "96-244-3-j24-1", "route_id": "2.TA.96-244-3-j24-1.3.H", "mode": "bus", "line_name": "555"}, {"line_id": "96-244-3-j24-1", "route_id": "26.TA.96-244-3-j24-1.4.H", "mode": "bus", "line_name": "555"}, {"line_id": "96-244-3-j24-1", "route_id": "1.TA.96-244-3-j24-1.2.H", "mode": "bus", "line_name": "555"}, {"line_id": "96-244-3-j24-1", "route_id": "7.TA.96-244-3-j24-1.3.H", "mode": "bus", "line_name": "555"}], "predominant_mode": "bus", "assigned_canton": "Schwyz", "modes_list": ["bus"]}, "geometry": {"type": "Point", "coordinates": [8.781248079583246, 47.04030897961656]}}, {"id": "19381", "type": "Feature", "properties": {"name": "Oberiberg, Oberjessenen", "lon": 8.779523301097452, "lat": 47.047709799665995, "stop_id": ["8573779.link:1243503", "8573779.link:1243504"], "lines": [{"line_id": "96-244-3-j24-1", "route_id": "63.TA.96-244-3-j24-1.12.R", "mode": "bus", "line_name": "555"}, {"line_id": "96-244-3-j24-1", "route_id": "77.TA.96-244-3-j24-1.13.R", "mode": "bus", "line_name": "555"}, {"line_id": "92-555-B-j24-1", "route_id": "3.TA.92-555-B-j24-1.2.R", "mode": "bus", "line_name": "555"}, {"line_id": "96-244-3-j24-1", "route_id": "61.TA.96-244-3-j24-1.8.R", "mode": "bus", "line_name": "555"}, {"line_id": "96-244-3-j24-1", "route_id": "62.TA.96-244-3-j24-1.12.R", "mode": "bus", "line_name": "555"}, {"line_id": "96-244-3-j24-1", "route_id": "58.TA.96-244-3-j24-1.6.R", "mode": "bus", "line_name": "555"}, {"line_id": "92-555-B-j24-1", "route_id": "2.TA.92-555-B-j24-1.1.H", "mode": "bus", "line_name": "555"}, {"line_id": "96-244-3-j24-1", "route_id": "22.TA.96-244-3-j24-1.3.H", "mode": "bus", "line_name": "555"}, {"line_id": "96-244-3-j24-1", "route_id": "2.TA.96-244-3-j24-1.3.H", "mode": "bus", "line_name": "555"}, {"line_id": "96-244-3-j24-1", "route_id": "26.TA.96-244-3-j24-1.4.H", "mode": "bus", "line_name": "555"}, {"line_id": "96-244-3-j24-1", "route_id": "1.TA.96-244-3-j24-1.2.H", "mode": "bus", "line_name": "555"}, {"line_id": "96-244-3-j24-1", "route_id": "7.TA.96-244-3-j24-1.3.H", "mode": "bus", "line_name": "555"}], "predominant_mode": "bus", "assigned_canton": "Schwyz", "modes_list": ["bus"]}, "geometry": {"type": "Point", "coordinates": [8.779523309820311, 47.04770980964742]}}, {"id": "19382", "type": "Feature", "properties": {"name": "Oberiberg, Tschalun", "lon": 8.777358360762163, "lat": 47.037492829699254, "stop_id": ["8503684.link:1422713", "8503684.link:1422714", "8503684.link:212882", "8503684.link:723121"], "lines": [{"line_id": "96-244-3-j24-1", "route_id": "77.TA.96-244-3-j24-1.13.R", "mode": "bus", "line_name": "555"}, {"line_id": "96-244-3-j24-1", "route_id": "58.TA.96-244-3-j24-1.6.R", "mode": "bus", "line_name": "555"}, {"line_id": "92-505-A-j24-1", "route_id": "57.TA.92-505-A-j24-1.4.R", "mode": "bus", "line_name": "505"}, {"line_id": "96-244-3-j24-1", "route_id": "26.TA.96-244-3-j24-1.4.H", "mode": "bus", "line_name": "555"}, {"line_id": "92-505-A-j24-1", "route_id": "45.TA.92-505-A-j24-1.4.R", "mode": "bus", "line_name": "505"}, {"line_id": "92-555-B-j24-1", "route_id": "2.TA.92-555-B-j24-1.1.H", "mode": "bus", "line_name": "555"}, {"line_id": "92-505-A-j24-1", "route_id": "21.TA.92-505-A-j24-1.2.H", "mode": "bus", "line_name": "505"}, {"line_id": "96-244-3-j24-1", "route_id": "22.TA.96-244-3-j24-1.3.H", "mode": "bus", "line_name": "555"}, {"line_id": "96-244-3-j24-1", "route_id": "2.TA.96-244-3-j24-1.3.H", "mode": "bus", "line_name": "555"}, {"line_id": "92-505-A-j24-1", "route_id": "27.TA.92-505-A-j24-1.2.H", "mode": "bus", "line_name": "505"}, {"line_id": "92-505-A-j24-1", "route_id": "18.TA.92-505-A-j24-1.2.H", "mode": "bus", "line_name": "505"}, {"line_id": "96-244-3-j24-1", "route_id": "1.TA.96-244-3-j24-1.2.H", "mode": "bus", "line_name": "555"}, {"line_id": "92-505-A-j24-1", "route_id": "6.TA.92-505-A-j24-1.18.H", "mode": "bus", "line_name": "505"}, {"line_id": "96-244-3-j24-1", "route_id": "7.TA.96-244-3-j24-1.3.H", "mode": "bus", "line_name": "555"}, {"line_id": "96-244-3-j24-1", "route_id": "63.TA.96-244-3-j24-1.12.R", "mode": "bus", "line_name": "555"}, {"line_id": "96-244-3-j24-1", "route_id": "61.TA.96-244-3-j24-1.8.R", "mode": "bus", "line_name": "555"}, {"line_id": "96-244-3-j24-1", "route_id": "62.TA.96-244-3-j24-1.12.R", "mode": "bus", "line_name": "555"}, {"line_id": "92-555-B-j24-1", "route_id": "3.TA.92-555-B-j24-1.2.R", "mode": "bus", "line_name": "555"}], "predominant_mode": "bus", "assigned_canton": "Schwyz", "modes_list": ["bus"]}, "geometry": {"type": "Point", "coordinates": [8.777358369486022, 47.037492839677576]}}, {"id": "19383", "type": "Feature", "properties": {"name": "Oberiberg, Wandli", "lon": 8.751127560140871, "lat": 47.01895161010994, "stop_id": ["8577501.link:1541100", "8577501.link:1541101"], "lines": [{"line_id": "92-505-A-j24-1", "route_id": "21.TA.92-505-A-j24-1.2.H", "mode": "bus", "line_name": "505"}, {"line_id": "92-505-A-j24-1", "route_id": "18.TA.92-505-A-j24-1.2.H", "mode": "bus", "line_name": "505"}, {"line_id": "92-505-A-j24-1", "route_id": "27.TA.92-505-A-j24-1.2.H", "mode": "bus", "line_name": "505"}, {"line_id": "92-505-A-j24-1", "route_id": "6.TA.92-505-A-j24-1.18.H", "mode": "bus", "line_name": "505"}, {"line_id": "92-505-A-j24-1", "route_id": "57.TA.92-505-A-j24-1.4.R", "mode": "bus", "line_name": "505"}, {"line_id": "92-505-A-j24-1", "route_id": "45.TA.92-505-A-j24-1.4.R", "mode": "bus", "line_name": "505"}], "predominant_mode": "bus", "assigned_canton": "Schwyz", "modes_list": ["bus"]}, "geometry": {"type": "Point", "coordinates": [8.751127568844911, 47.01895162008911]}}, {"id": "20354", "type": "Feature", "properties": {"name": "Pf\u00e4ffikon SZ", "lon": 8.776653195199682, "lat": 47.20334293971908, "stop_id": ["8503209:0:2.link:1098176", "8503209:0:2.link:1098177", "8503209:0:3.link:1098089", "8503209:0:5.link:1098072", "8503209:0:6.link:1098072", "8503209:0:6.link:1098073", "8503209:0:6.link:39120", "8503209:0:6.link:39121", "8503209:0:7.link:1098242", "8503209:0:7.link:1098243"], "lines": [{"line_id": "91-40-j24-1", "route_id": "203.TA.91-40-j24-1.24.H", "mode": "rail", "line_name": "S40"}, {"line_id": "91-40-j24-1", "route_id": "154.TA.91-40-j24-1.20.H", "mode": "rail", "line_name": "S40"}, {"line_id": "91-40-j24-1", "route_id": "52.TA.91-40-j24-1.13.H", "mode": "rail", "line_name": "S40"}, {"line_id": "91-40-j24-1", "route_id": "218.TA.91-40-j24-1.24.H", "mode": "rail", "line_name": "S40"}, {"line_id": "91-40-j24-1", "route_id": "216.TA.91-40-j24-1.24.H", "mode": "rail", "line_name": "S40"}, {"line_id": "91-40-j24-1", "route_id": "83.TA.91-40-j24-1.15.H", "mode": "rail", "line_name": "S40"}, {"line_id": "91-40-j24-1", "route_id": "158.TA.91-40-j24-1.20.H", "mode": "rail", "line_name": "S40"}, {"line_id": "91-40-j24-1", "route_id": "171.TA.91-40-j24-1.20.H", "mode": "rail", "line_name": "S40"}, {"line_id": "91-40-j24-1", "route_id": "25.TA.91-40-j24-1.10.H", "mode": "rail", "line_name": "S40"}, {"line_id": "91-40-j24-1", "route_id": "34.TA.91-40-j24-1.147.H", "mode": "rail", "line_name": "S40"}, {"line_id": "91-40-j24-1", "route_id": "147.TA.91-40-j24-1.19.H", "mode": "rail", "line_name": "S40"}, {"line_id": "91-40-j24-1", "route_id": "223.TA.91-40-j24-1.28.H", "mode": "rail", "line_name": "S40"}, {"line_id": "91-40-j24-1", "route_id": "124.TA.91-40-j24-1.150.H", "mode": "rail", "line_name": "S40"}, {"line_id": "91-40-j24-1", "route_id": "389.TA.91-40-j24-1.51.R", "mode": "rail", "line_name": "S40"}, {"line_id": "91-VAE-j24-1", "route_id": "267.TA.91-VAE-j24-1.10.H", "mode": "rail", "line_name": "VAE"}, {"line_id": "91-40-j24-1", "route_id": "395.TA.91-40-j24-1.51.R", "mode": "rail", "line_name": "S40"}, {"line_id": "91-VAE-j24-1", "route_id": "302.TA.91-VAE-j24-1.14.H", "mode": "rail", "line_name": "VAE"}, {"line_id": "91-40-j24-1", "route_id": "279.TA.91-40-j24-1.80.R", "mode": "rail", "line_name": "S40"}, {"line_id": "91-40-j24-1", "route_id": "291.TA.91-40-j24-1.155.R", "mode": "rail", "line_name": "S40"}, {"line_id": "91-VAE-j24-1", "route_id": "312.TA.91-VAE-j24-1.15.H", "mode": "rail", "line_name": "VAE"}, {"line_id": "91-VAE-j24-1", "route_id": "391.TA.91-VAE-j24-1.20.H", "mode": "rail", "line_name": "VAE"}, {"line_id": "91-40-j24-1", "route_id": "377.TA.91-40-j24-1.50.R", "mode": "rail", "line_name": "S40"}, {"line_id": "91-40-j24-1", "route_id": "369.TA.91-40-j24-1.50.R", "mode": "rail", "line_name": "S40"}, {"line_id": "91-VAE-j24-1", "route_id": "278.TA.91-VAE-j24-1.12.H", "mode": "rail", "line_name": "VAE"}, {"line_id": "91-VAE-j24-1", "route_id": "339.TA.91-VAE-j24-1.17.H", "mode": "rail", "line_name": "VAE"}, {"line_id": "91-VAE-j24-1", "route_id": "132.TA.91-VAE-j24-1.8.H", "mode": "rail", "line_name": "VAE"}, {"line_id": "91-VAE-j24-1", "route_id": "348.TA.91-VAE-j24-1.18.H", "mode": "rail", "line_name": "VAE"}, {"line_id": "91-VAE-j24-1", "route_id": "323.TA.91-VAE-j24-1.16.H", "mode": "rail", "line_name": "VAE"}, {"line_id": "91-40-j24-1", "route_id": "468.TA.91-40-j24-1.156.R", "mode": "rail", "line_name": "S40"}, {"line_id": "91-40-j24-1", "route_id": "379.TA.91-40-j24-1.50.R", "mode": "rail", "line_name": "S40"}, {"line_id": "91-40-j24-1", "route_id": "333.TA.91-40-j24-1.49.R", "mode": "rail", "line_name": "S40"}, {"line_id": "91-40-j24-1", "route_id": "399.TA.91-40-j24-1.51.R", "mode": "rail", "line_name": "S40"}, {"line_id": "91-VAE-j24-1", "route_id": "129.TA.91-VAE-j24-1.7.H", "mode": "rail", "line_name": "VAE"}, {"line_id": "91-VAE-j24-1", "route_id": "414.TA.91-VAE-j24-1.93.H", "mode": "rail", "line_name": "VAE"}, {"line_id": "91-2-B-j24-1", "route_id": "818.TA.91-2-B-j24-1.505.R", "mode": "rail", "line_name": "S2"}, {"line_id": "91-35-A-j24-1", "route_id": "1687.TA.91-35-A-j24-1.1126.R", "mode": "rail", "line_name": "IR35"}, {"line_id": "91-2-B-j24-1", "route_id": "889.TA.91-2-B-j24-1.510.R", "mode": "rail", "line_name": "S2"}, {"line_id": "91-35-B-j24-1", "route_id": "20.TA.91-35-B-j24-1.8.H", "mode": "rail", "line_name": "IR35"}, {"line_id": "91-25-j24-1", "route_id": "488.TA.91-25-j24-1.45.R", "mode": "rail", "line_name": "S25"}, {"line_id": "91-35-A-j24-1", "route_id": "1863.TA.91-35-A-j24-1.1133.R", "mode": "rail", "line_name": "IR35"}, {"line_id": "91-35-A-j24-1", "route_id": "1780.TA.91-35-A-j24-1.1131.R", "mode": "rail", "line_name": "IR35"}, {"line_id": "91-4H-Y-j24-1", "route_id": "287.TA.91-4H-Y-j24-1.729.H", "mode": "rail", "line_name": "S"}, {"line_id": "91-35-B-j24-1", "route_id": "38.TA.91-35-B-j24-1.16.H", "mode": "rail", "line_name": "IR35"}, {"line_id": "91-35-A-j24-1", "route_id": "1792.TA.91-35-A-j24-1.1132.R", "mode": "rail", "line_name": "IR35"}, {"line_id": "91-35-A-j24-1", "route_id": "1495.TA.91-35-A-j24-1.196.R", "mode": "rail", "line_name": "IR35"}, {"line_id": "91-35-A-j24-1", "route_id": "1629.TA.91-35-A-j24-1.1311.R", "mode": "rail", "line_name": "IR35"}, {"line_id": "91-2-B-j24-1", "route_id": "749.TA.91-2-B-j24-1.501.R", "mode": "rail", "line_name": "S2"}, {"line_id": "91-2-B-j24-1", "route_id": "797.TA.91-2-B-j24-1.199.R", "mode": "rail", "line_name": "S2"}, {"line_id": "91-2-B-j24-1", "route_id": "902.TA.91-2-B-j24-1.511.R", "mode": "rail", "line_name": "S2"}, {"line_id": "91-35-B-j24-1", "route_id": "72.TA.91-35-B-j24-1.231.H", "mode": "rail", "line_name": "IR35"}, {"line_id": "91-25-j24-1", "route_id": "450.TA.91-25-j24-1.41.R", "mode": "rail", "line_name": "S25"}, {"line_id": "91-35-A-j24-1", "route_id": "1497.TA.91-35-A-j24-1.196.R", "mode": "rail", "line_name": "IR35"}, {"line_id": "91-35-A-j24-1", "route_id": "1746.TA.91-35-A-j24-1.1129.R", "mode": "rail", "line_name": "IR35"}, {"line_id": "91-2-B-j24-1", "route_id": "892.TA.91-2-B-j24-1.662.R", "mode": "rail", "line_name": "S2"}, {"line_id": "91-8-C-j24-1", "route_id": "459.TA.91-8-C-j24-1.76.H", "mode": "rail", "line_name": "S8"}, {"line_id": "91-25-j24-1", "route_id": "519.TA.91-25-j24-1.47.R", "mode": "rail", "line_name": "S25"}, {"line_id": "91-8-C-j24-1", "route_id": "407.TA.91-8-C-j24-1.718.H", "mode": "rail", "line_name": "S8"}, {"line_id": "91-2-B-j24-1", "route_id": "908.TA.91-2-B-j24-1.513.R", "mode": "rail", "line_name": "S2"}, {"line_id": "91-25-j24-1", "route_id": "509.TA.91-25-j24-1.46.R", "mode": "rail", "line_name": "S25"}, {"line_id": "91-2-B-j24-1", "route_id": "379.TA.91-2-B-j24-1.35.H", "mode": "rail", "line_name": "S2"}, {"line_id": "91-35-A-j24-1", "route_id": "429.TA.91-35-A-j24-1.1074.H", "mode": "rail", "line_name": "IR35"}, {"line_id": "91-35-A-j24-1", "route_id": "960.TA.91-35-A-j24-1.1217.H", "mode": "rail", "line_name": "IR35"}, {"line_id": "91-25-j24-1", "route_id": "247.TA.91-25-j24-1.29.H", "mode": "rail", "line_name": "S25"}, {"line_id": "91-35-A-j24-1", "route_id": "1023.TA.91-35-A-j24-1.1184.H", "mode": "rail", "line_name": "IR35"}, {"line_id": "91-35-A-j24-1", "route_id": "491.TA.91-35-A-j24-1.32.H", "mode": "rail", "line_name": "IR35"}, {"line_id": "91-8-C-j24-1", "route_id": "1013.TA.91-8-C-j24-1.206.R", "mode": "rail", "line_name": "S8"}, {"line_id": "91-35-A-j24-1", "route_id": "807.TA.91-35-A-j24-1.1214.H", "mode": "rail", "line_name": "IR35"}, {"line_id": "91-2-B-j24-1", "route_id": "466.TA.91-2-B-j24-1.67.H", "mode": "rail", "line_name": "S2"}, {"line_id": "91-2-B-j24-1", "route_id": "462.TA.91-2-B-j24-1.66.H", "mode": "rail", "line_name": "S2"}, {"line_id": "91-35-B-j24-1", "route_id": "256.TA.91-35-B-j24-1.271.R", "mode": "rail", "line_name": "IR35"}, {"line_id": "91-35-A-j24-1", "route_id": "729.TA.91-35-A-j24-1.1175.H", "mode": "rail", "line_name": "IR35"}, {"line_id": "91-35-A-j24-1", "route_id": "772.TA.91-35-A-j24-1.1213.H", "mode": "rail", "line_name": "IR35"}, {"line_id": "91-25-j24-1", "route_id": "184.TA.91-25-j24-1.23.H", "mode": "rail", "line_name": "S25"}, {"line_id": "91-35-A-j24-1", "route_id": "596.TA.91-35-A-j24-1.1079.H", "mode": "rail", "line_name": "IR35"}, {"line_id": "91-25-j24-1", "route_id": "83.TA.91-25-j24-1.17.H", "mode": "rail", "line_name": "S25"}, {"line_id": "91-2-B-j24-1", "route_id": "345.TA.91-2-B-j24-1.24.H", "mode": "rail", "line_name": "S2"}, {"line_id": "91-2-B-j24-1", "route_id": "285.TA.91-2-B-j24-1.4.H", "mode": "rail", "line_name": "S2"}, {"line_id": "91-35-B-j24-1", "route_id": "272.TA.91-35-B-j24-1.281.R", "mode": "rail", "line_name": "IR35"}, {"line_id": "91-25-j24-1", "route_id": "228.TA.91-25-j24-1.28.H", "mode": "rail", "line_name": "S25"}, {"line_id": "91-2-B-j24-1", "route_id": "260.TA.91-2-B-j24-1.1.H", "mode": "rail", "line_name": "S2"}, {"line_id": "91-2-B-j24-1", "route_id": "283.TA.91-2-B-j24-1.3.H", "mode": "rail", "line_name": "S2"}, {"line_id": "91-2-B-j24-1", "route_id": "332.TA.91-2-B-j24-1.21.H", "mode": "rail", "line_name": "S2"}, {"line_id": "91-25-j24-1", "route_id": "43.TA.91-25-j24-1.7.H", "mode": "rail", "line_name": "S25"}, {"line_id": "91-25-j24-1", "route_id": "214.TA.91-25-j24-1.27.H", "mode": "rail", "line_name": "S25"}, {"line_id": "91-35-B-j24-1", "route_id": "266.TA.91-35-B-j24-1.274.R", "mode": "rail", "line_name": "IR35"}, {"line_id": "91-8-C-j24-1", "route_id": "1033.TA.91-8-C-j24-1.228.R", "mode": "rail", "line_name": "S8"}, {"line_id": "91-35-A-j24-1", "route_id": "560.TA.91-35-A-j24-1.697.H", "mode": "rail", "line_name": "IR35"}, {"line_id": "91-2-B-j24-1", "route_id": "238.TA.91-2-B-j24-1.242.H", "mode": "rail", "line_name": "S2"}, {"line_id": "91-8-C-j24-1", "route_id": "872.TA.91-8-C-j24-1.144.R", "mode": "rail", "line_name": "S8"}, {"line_id": "91-8-C-j24-1", "route_id": "274.TA.91-8-C-j24-1.11.H", "mode": "rail", "line_name": "S8"}, {"line_id": "91-8-C-j24-1", "route_id": "273.TA.91-8-C-j24-1.10.H", "mode": "rail", "line_name": "S8"}, {"line_id": "91-8-C-j24-1", "route_id": "779.TA.91-8-C-j24-1.121.R", "mode": "rail", "line_name": "S8"}, {"line_id": "91-40-j24-1", "route_id": "244.TA.91-40-j24-1.38.R", "mode": "rail", "line_name": "S40"}, {"line_id": "91-5-C-j24-1", "route_id": "356.TA.91-5-C-j24-1.72.H", "mode": "rail", "line_name": "S5"}, {"line_id": "91-5-C-j24-1", "route_id": "311.TA.91-5-C-j24-1.70.H", "mode": "rail", "line_name": "S5"}, {"line_id": "91-40-j24-1", "route_id": "239.TA.91-40-j24-1.34.R", "mode": "rail", "line_name": "S40"}, {"line_id": "91-5-C-j24-1", "route_id": "364.TA.91-5-C-j24-1.72.H", "mode": "rail", "line_name": "S5"}, {"line_id": "91-5-C-j24-1", "route_id": "327.TA.91-5-C-j24-1.70.H", "mode": "rail", "line_name": "S5"}, {"line_id": "91-VAE-j24-1", "route_id": "904.TA.91-VAE-j24-1.98.R", "mode": "rail", "line_name": "VAE"}, {"line_id": "91-5-C-j24-1", "route_id": "777.TA.91-5-C-j24-1.381.R", "mode": "rail", "line_name": "S5"}, {"line_id": "91-VAE-j24-1", "route_id": "588.TA.91-VAE-j24-1.32.R", "mode": "rail", "line_name": "VAE"}, {"line_id": "91-VAE-j24-1", "route_id": "837.TA.91-VAE-j24-1.49.R", "mode": "rail", "line_name": "VAE"}, {"line_id": "91-40-j24-1", "route_id": "19.TA.91-40-j24-1.145.H", "mode": "rail", "line_name": "S40"}, {"line_id": "91-5-C-j24-1", "route_id": "798.TA.91-5-C-j24-1.382.R", "mode": "rail", "line_name": "S5"}, {"line_id": "91-VAE-j24-1", "route_id": "868.TA.91-VAE-j24-1.54.R", "mode": "rail", "line_name": "VAE"}, {"line_id": "91-5-C-j24-1", "route_id": "807.TA.91-5-C-j24-1.382.R", "mode": "rail", "line_name": "S5"}, {"line_id": "91-5-C-j24-1", "route_id": "505.TA.91-5-C-j24-1.366.R", "mode": "rail", "line_name": "S5"}, {"line_id": "91-VAE-j24-1", "route_id": "784.TA.91-VAE-j24-1.47.R", "mode": "rail", "line_name": "VAE"}, {"line_id": "91-VAE-j24-1", "route_id": "818.TA.91-VAE-j24-1.48.R", "mode": "rail", "line_name": "VAE"}, {"line_id": "91-5-C-j24-1", "route_id": "829.TA.91-5-C-j24-1.153.R", "mode": "rail", "line_name": "S5"}, {"line_id": "91-VAE-j24-1", "route_id": "705.TA.91-VAE-j24-1.44.R", "mode": "rail", "line_name": "VAE"}, {"line_id": "91-VAE-j24-1", "route_id": "624.TA.91-VAE-j24-1.347.R", "mode": "rail", "line_name": "VAE"}, {"line_id": "91-5-C-j24-1", "route_id": "831.TA.91-5-C-j24-1.153.R", "mode": "rail", "line_name": "S5"}, {"line_id": "91-VAE-j24-1", "route_id": "608.TA.91-VAE-j24-1.35.R", "mode": "rail", "line_name": "VAE"}, {"line_id": "91-5-C-j24-1", "route_id": "764.TA.91-5-C-j24-1.381.R", "mode": "rail", "line_name": "S5"}, {"line_id": "91-5-C-j24-1", "route_id": "839.TA.91-5-C-j24-1.386.R", "mode": "rail", "line_name": "S5"}, {"line_id": "91-40-j24-1", "route_id": "13.TA.91-40-j24-1.3.H", "mode": "rail", "line_name": "S40"}, {"line_id": "91-VAE-j24-1", "route_id": "865.TA.91-VAE-j24-1.53.R", "mode": "rail", "line_name": "VAE"}, {"line_id": "91-35-A-j24-1", "route_id": "54.TA.91-35-A-j24-1.1265.H", "mode": "rail", "line_name": "IR35"}, {"line_id": "91-8-C-j24-1", "route_id": "849.TA.91-8-C-j24-1.140.R", "mode": "rail", "line_name": "S8"}, {"line_id": "91-8-C-j24-1", "route_id": "904.TA.91-8-C-j24-1.147.R", "mode": "rail", "line_name": "S8"}, {"line_id": "91-8-C-j24-1", "route_id": "882.TA.91-8-C-j24-1.145.R", "mode": "rail", "line_name": "S8"}, {"line_id": "91-35-A-j24-1", "route_id": "1319.TA.91-35-A-j24-1.1118.R", "mode": "rail", "line_name": "IR35"}, {"line_id": "91-8-C-j24-1", "route_id": "376.TA.91-8-C-j24-1.31.H", "mode": "rail", "line_name": "S8"}, {"line_id": "91-8-C-j24-1", "route_id": "327.TA.91-8-C-j24-1.24.H", "mode": "rail", "line_name": "S8"}], "predominant_mode": "rail", "assigned_canton": "Schwyz", "modes_list": ["rail"]}, "geometry": {"type": "Point", "coordinates": [8.776653203872058, 47.20334294975671]}}, {"id": "20355", "type": "Feature", "properties": {"name": "Pf\u00e4ffikon SZ (See)", "lon": 8.775130546350114, "lat": 47.20794328974313, "stop_id": ["8503680.link:pt_8503680"], "lines": [{"line_id": "94-373-6-j24-1", "route_id": "1.TA.94-373-6-j24-1.1.H", "mode": "ferry", "line_name": "3736"}, {"line_id": "94-373-6-j24-1", "route_id": "16.TA.94-373-6-j24-1.3.R", "mode": "ferry", "line_name": "3736"}, {"line_id": "94-373-6-j24-1", "route_id": "3.TA.94-373-6-j24-1.1.H", "mode": "ferry", "line_name": "3736"}, {"line_id": "94-373-6-j24-1", "route_id": "7.TA.94-373-6-j24-1.2.H", "mode": "ferry", "line_name": "3736"}, {"line_id": "94-373-0-j24-1", "route_id": "2.TA.94-373-0-j24-1.5.H", "mode": "ferry", "line_name": "3730"}, {"line_id": "94-373-0-j24-1", "route_id": "12.TA.94-373-0-j24-1.13.R", "mode": "ferry", "line_name": "3730"}], "predominant_mode": "ferry", "assigned_canton": "Schwyz", "modes_list": ["ferry"]}, "geometry": {"type": "Point", "coordinates": [8.775130555019595, 47.207943299782784]}}, {"id": "20356", "type": "Feature", "properties": {"name": "Pf\u00e4ffikon SZ, Abzw. Etzelpass", "lon": 8.77301950577468, "lat": 47.19048083977581, "stop_id": ["8573806.link:1841191", "8573806.link:1841192"], "lines": [{"line_id": "96-242-1-j24-1", "route_id": "13.TA.96-242-1-j24-1.3.H", "mode": "bus", "line_name": "190"}, {"line_id": "96-242-1-j24-1", "route_id": "1.TA.96-242-1-j24-1.2.H", "mode": "bus", "line_name": "190"}, {"line_id": "96-242-1-j24-1", "route_id": "29.TA.96-242-1-j24-1.4.H", "mode": "bus", "line_name": "190"}, {"line_id": "96-242-1-j24-1", "route_id": "50.TA.96-242-1-j24-1.6.R", "mode": "bus", "line_name": "190"}, {"line_id": "96-242-1-j24-1", "route_id": "53.TA.96-242-1-j24-1.7.R", "mode": "bus", "line_name": "190"}], "predominant_mode": "bus", "assigned_canton": "Schwyz", "modes_list": ["bus"]}, "geometry": {"type": "Point", "coordinates": [8.773019514447554, 47.19048084981011]}}, {"id": "20357", "type": "Feature", "properties": {"name": "Pf\u00e4ffikon SZ, Bahnhof", "lon": 8.77906517206842, "lat": 47.20288685556348, "stop_id": ["8573800:0:A.link:1170094", "8573800:0:A.link:1306764", "8573800:0:A.link:1306766", "8573800:0:A.link:148795", "8573800:0:B.link:1170094", "8573800:0:B.link:1306764", "8573800:0:B.link:148795", "8573800:0:C.link:1170094", "8573800:0:C.link:148795", "8573800:0:D.link:1170094", "8573800:0:D.link:148795", "8573800:0:E.link:1170094", "8573800:0:E.link:1306764", "8573800:0:F.link:1170094", "8573800:0:F.link:148795", "8573800:0:G.link:1306766", "8573800:0:G.link:1306798"], "lines": [{"line_id": "96-241-1-j24-1", "route_id": "106.TA.96-241-1-j24-1.40.H", "mode": "bus", "line_name": "522"}, {"line_id": "96-240-3-j24-1", "route_id": "133.TA.96-240-3-j24-1.20.H", "mode": "bus", "line_name": "521"}, {"line_id": "96-241-1-j24-1", "route_id": "34.TA.96-241-1-j24-1.15.H", "mode": "bus", "line_name": "522"}, {"line_id": "96-241-1-j24-1", "route_id": "71.TA.96-241-1-j24-1.38.H", "mode": "bus", "line_name": "522"}, {"line_id": "96-240-3-j24-1", "route_id": "168.TA.96-240-3-j24-1.21.H", "mode": "bus", "line_name": "521"}, {"line_id": "96-240-3-j24-1", "route_id": "236.TA.96-240-3-j24-1.22.H", "mode": "bus", "line_name": "521"}, {"line_id": "96-241-1-j24-1", "route_id": "195.TA.96-241-1-j24-1.22.R", "mode": "bus", "line_name": "522"}, {"line_id": "96-240-3-j24-1", "route_id": "400.TA.96-240-3-j24-1.25.R", "mode": "bus", "line_name": "521"}, {"line_id": "96-240-3-j24-1", "route_id": "491.TA.96-240-3-j24-1.27.R", "mode": "bus", "line_name": "521"}, {"line_id": "96-240-3-j24-1", "route_id": "481.TA.96-240-3-j24-1.26.R", "mode": "bus", "line_name": "521"}, {"line_id": "96-241-1-j24-1", "route_id": "168.TA.96-241-1-j24-1.20.R", "mode": "bus", "line_name": "522"}, {"line_id": "96-241-1-j24-1", "route_id": "238.TA.96-241-1-j24-1.23.R", "mode": "bus", "line_name": "522"}, {"line_id": "96-242-2-j24-1", "route_id": "3.TA.96-242-2-j24-1.2.H", "mode": "bus", "line_name": "195"}, {"line_id": "96-242-3-j24-1", "route_id": "102.TA.96-242-3-j24-1.6.R", "mode": "bus", "line_name": "180"}, {"line_id": "96-242-2-j24-1", "route_id": "140.TA.96-242-2-j24-1.4.R", "mode": "bus", "line_name": "195"}, {"line_id": "96-242-3-j24-1", "route_id": "154.TA.96-242-3-j24-1.8.R", "mode": "bus", "line_name": "180"}, {"line_id": "96-242-2-j24-1", "route_id": "60.TA.96-242-2-j24-1.3.H", "mode": "bus", "line_name": "195"}, {"line_id": "96-242-2-j24-1", "route_id": "2.TA.96-242-2-j24-1.1.H", "mode": "bus", "line_name": "195"}, {"line_id": "92-188-j24-1", "route_id": "102.TA.92-188-j24-1.2.R", "mode": "bus", "line_name": "188"}, {"line_id": "92-188-j24-1", "route_id": "81.TA.92-188-j24-1.2.R", "mode": "bus", "line_name": "188"}, {"line_id": "92-188-j24-1", "route_id": "155.TA.92-188-j24-1.7.R", "mode": "bus", "line_name": "188"}, {"line_id": "92-188-j24-1", "route_id": "91.TA.92-188-j24-1.2.R", "mode": "bus", "line_name": "188"}, {"line_id": "92-188-j24-1", "route_id": "38.TA.92-188-j24-1.1.H", "mode": "bus", "line_name": "188"}, {"line_id": "92-188-j24-1", "route_id": "71.TA.92-188-j24-1.5.H", "mode": "bus", "line_name": "188"}, {"line_id": "92-188-j24-1", "route_id": "2.TA.92-188-j24-1.4.H", "mode": "bus", "line_name": "188"}, {"line_id": "96-242-1-j24-1", "route_id": "13.TA.96-242-1-j24-1.3.H", "mode": "bus", "line_name": "190"}, {"line_id": "96-242-3-j24-1", "route_id": "157.TA.96-242-3-j24-1.9.R", "mode": "bus", "line_name": "180"}, {"line_id": "96-242-3-j24-1", "route_id": "112.TA.96-242-3-j24-1.7.R", "mode": "bus", "line_name": "180"}, {"line_id": "96-242-2-j24-1", "route_id": "262.TA.96-242-2-j24-1.5.R", "mode": "bus", "line_name": "195"}, {"line_id": "96-242-3-j24-1", "route_id": "78.TA.96-242-3-j24-1.4.R", "mode": "bus", "line_name": "180"}, {"line_id": "96-242-3-j24-1", "route_id": "23.TA.96-242-3-j24-1.1.H", "mode": "bus", "line_name": "180"}, {"line_id": "96-242-3-j24-1", "route_id": "36.TA.96-242-3-j24-1.2.H", "mode": "bus", "line_name": "180"}, {"line_id": "96-242-3-j24-1", "route_id": "62.TA.96-242-3-j24-1.3.H", "mode": "bus", "line_name": "180"}, {"line_id": "96-242-1-j24-1", "route_id": "1.TA.96-242-1-j24-1.2.H", "mode": "bus", "line_name": "190"}, {"line_id": "96-242-1-j24-1", "route_id": "29.TA.96-242-1-j24-1.4.H", "mode": "bus", "line_name": "190"}, {"line_id": "96-242-1-j24-1", "route_id": "50.TA.96-242-1-j24-1.6.R", "mode": "bus", "line_name": "190"}, {"line_id": "96-242-1-j24-1", "route_id": "53.TA.96-242-1-j24-1.7.R", "mode": "bus", "line_name": "190"}, {"line_id": "92-189-j24-1", "route_id": "45.TA.92-189-j24-1.4.R", "mode": "bus", "line_name": "189"}, {"line_id": "92-189-j24-1", "route_id": "14.TA.92-189-j24-1.3.H", "mode": "bus", "line_name": "189"}, {"line_id": "92-EV1-D-j24-1", "route_id": "10.TA.92-EV1-D-j24-1.14.H", "mode": "bus", "line_name": "EV1"}, {"line_id": "92-EV2-N-j24-1", "route_id": "1.TA.92-EV2-N-j24-1.1.H", "mode": "bus", "line_name": "EV2"}, {"line_id": "96-242-3-j24-1", "route_id": "115.TA.96-242-3-j24-1.10.R", "mode": "bus", "line_name": "180"}, {"line_id": "92-EV1-D-j24-1", "route_id": "138.TA.92-EV1-D-j24-1.18.R", "mode": "bus", "line_name": "EV1"}], "predominant_mode": "bus", "assigned_canton": "Schwyz", "modes_list": ["bus"]}, "geometry": {"type": "Point", "coordinates": [8.779065180743254, 47.20288686560024]}}, {"id": "20358", "type": "Feature", "properties": {"name": "Pf\u00e4ffikon SZ, Buchberg", "lon": 8.782829105928627, "lat": 47.19499196962178, "stop_id": ["8573803.link:1735238", "8573803.link:1735239"], "lines": [{"line_id": "96-242-1-j24-1", "route_id": "13.TA.96-242-1-j24-1.3.H", "mode": "bus", "line_name": "190"}, {"line_id": "96-242-1-j24-1", "route_id": "1.TA.96-242-1-j24-1.2.H", "mode": "bus", "line_name": "190"}, {"line_id": "96-242-1-j24-1", "route_id": "29.TA.96-242-1-j24-1.4.H", "mode": "bus", "line_name": "190"}, {"line_id": "96-242-1-j24-1", "route_id": "50.TA.96-242-1-j24-1.6.R", "mode": "bus", "line_name": "190"}, {"line_id": "96-242-1-j24-1", "route_id": "53.TA.96-242-1-j24-1.7.R", "mode": "bus", "line_name": "190"}], "predominant_mode": "bus", "assigned_canton": "Schwyz", "modes_list": ["bus"]}, "geometry": {"type": "Point", "coordinates": [8.78282911460952, 47.19499197965472]}}, {"id": "20359", "type": "Feature", "properties": {"name": "Pf\u00e4ffikon SZ, Campus", "lon": 8.785865416153912, "lat": 47.20179149957427, "stop_id": ["8573823.link:808868", "8573823.link:808869"], "lines": [{"line_id": "96-241-1-j24-1", "route_id": "195.TA.96-241-1-j24-1.22.R", "mode": "bus", "line_name": "522"}, {"line_id": "96-240-3-j24-1", "route_id": "400.TA.96-240-3-j24-1.25.R", "mode": "bus", "line_name": "521"}, {"line_id": "96-240-3-j24-1", "route_id": "491.TA.96-240-3-j24-1.27.R", "mode": "bus", "line_name": "521"}, {"line_id": "96-240-3-j24-1", "route_id": "481.TA.96-240-3-j24-1.26.R", "mode": "bus", "line_name": "521"}, {"line_id": "96-241-1-j24-1", "route_id": "238.TA.96-241-1-j24-1.23.R", "mode": "bus", "line_name": "522"}, {"line_id": "96-241-1-j24-1", "route_id": "168.TA.96-241-1-j24-1.20.R", "mode": "bus", "line_name": "522"}, {"line_id": "96-241-1-j24-1", "route_id": "106.TA.96-241-1-j24-1.40.H", "mode": "bus", "line_name": "522"}, {"line_id": "96-240-3-j24-1", "route_id": "133.TA.96-240-3-j24-1.20.H", "mode": "bus", "line_name": "521"}, {"line_id": "96-241-1-j24-1", "route_id": "34.TA.96-241-1-j24-1.15.H", "mode": "bus", "line_name": "522"}, {"line_id": "96-241-1-j24-1", "route_id": "71.TA.96-241-1-j24-1.38.H", "mode": "bus", "line_name": "522"}, {"line_id": "96-240-3-j24-1", "route_id": "168.TA.96-240-3-j24-1.21.H", "mode": "bus", "line_name": "521"}, {"line_id": "96-240-3-j24-1", "route_id": "236.TA.96-240-3-j24-1.22.H", "mode": "bus", "line_name": "521"}], "predominant_mode": "bus", "assigned_canton": "Schwyz", "modes_list": ["bus"]}, "geometry": {"type": "Point", "coordinates": [8.78586542483561, 47.201791509608654]}}, {"id": "20360", "type": "Feature", "properties": {"name": "Pf\u00e4ffikon SZ, Driesb\u00fcel", "lon": 8.783592676044456, "lat": 47.198501709609886, "stop_id": ["8573802.link:1016103", "8573802.link:1016104"], "lines": [{"line_id": "96-242-1-j24-1", "route_id": "13.TA.96-242-1-j24-1.3.H", "mode": "bus", "line_name": "190"}, {"line_id": "96-242-1-j24-1", "route_id": "1.TA.96-242-1-j24-1.2.H", "mode": "bus", "line_name": "190"}, {"line_id": "96-242-1-j24-1", "route_id": "29.TA.96-242-1-j24-1.4.H", "mode": "bus", "line_name": "190"}, {"line_id": "96-242-1-j24-1", "route_id": "50.TA.96-242-1-j24-1.6.R", "mode": "bus", "line_name": "190"}, {"line_id": "96-242-1-j24-1", "route_id": "53.TA.96-242-1-j24-1.7.R", "mode": "bus", "line_name": "190"}], "predominant_mode": "bus", "assigned_canton": "Schwyz", "modes_list": ["bus"]}, "geometry": {"type": "Point", "coordinates": [8.783592684724999, 47.19850171964384]}}, {"id": "20361", "type": "Feature", "properties": {"name": "Pf\u00e4ffikon SZ, Gr\u00e4fli", "lon": 8.782406905999427, "lat": 47.19715276962845, "stop_id": ["8581057.link:1876148", "8581057.link:1876149"], "lines": [{"line_id": "96-242-1-j24-1", "route_id": "13.TA.96-242-1-j24-1.3.H", "mode": "bus", "line_name": "190"}, {"line_id": "96-242-1-j24-1", "route_id": "1.TA.96-242-1-j24-1.2.H", "mode": "bus", "line_name": "190"}, {"line_id": "96-242-1-j24-1", "route_id": "29.TA.96-242-1-j24-1.4.H", "mode": "bus", "line_name": "190"}, {"line_id": "96-242-1-j24-1", "route_id": "50.TA.96-242-1-j24-1.6.R", "mode": "bus", "line_name": "190"}, {"line_id": "96-242-1-j24-1", "route_id": "53.TA.96-242-1-j24-1.7.R", "mode": "bus", "line_name": "190"}], "predominant_mode": "bus", "assigned_canton": "Schwyz", "modes_list": ["bus"]}, "geometry": {"type": "Point", "coordinates": [8.782406914679246, 47.197152779662254]}}, {"id": "20362", "type": "Feature", "properties": {"name": "Pf\u00e4ffikon SZ, Halten", "lon": 8.762769725933758, "lat": 47.19549859993701, "stop_id": ["8510758.link:1517666", "8510758.link:452374"], "lines": [{"line_id": "92-188-j24-1", "route_id": "102.TA.92-188-j24-1.2.R", "mode": "bus", "line_name": "188"}, {"line_id": "92-188-j24-1", "route_id": "81.TA.92-188-j24-1.2.R", "mode": "bus", "line_name": "188"}, {"line_id": "92-188-j24-1", "route_id": "91.TA.92-188-j24-1.2.R", "mode": "bus", "line_name": "188"}, {"line_id": "92-188-j24-1", "route_id": "38.TA.92-188-j24-1.1.H", "mode": "bus", "line_name": "188"}, {"line_id": "92-188-j24-1", "route_id": "80.TA.92-188-j24-1.6.R", "mode": "bus", "line_name": "188"}], "predominant_mode": "bus", "assigned_canton": "Schwyz", "modes_list": ["bus"]}, "geometry": {"type": "Point", "coordinates": [8.762769734595226, 47.19549860997604]}}, {"id": "20363", "type": "Feature", "properties": {"name": "Pf\u00e4ffikon SZ, Hofmatt", "lon": 8.774106466063506, "lat": 47.19924634975899, "stop_id": ["8592297.link:138553", "8592297.link:138554"], "lines": [{"line_id": "92-188-j24-1", "route_id": "38.TA.92-188-j24-1.1.H", "mode": "bus", "line_name": "188"}, {"line_id": "92-188-j24-1", "route_id": "71.TA.92-188-j24-1.5.H", "mode": "bus", "line_name": "188"}, {"line_id": "92-188-j24-1", "route_id": "2.TA.92-188-j24-1.4.H", "mode": "bus", "line_name": "188"}, {"line_id": "92-188-j24-1", "route_id": "102.TA.92-188-j24-1.2.R", "mode": "bus", "line_name": "188"}, {"line_id": "92-188-j24-1", "route_id": "81.TA.92-188-j24-1.2.R", "mode": "bus", "line_name": "188"}, {"line_id": "92-188-j24-1", "route_id": "155.TA.92-188-j24-1.7.R", "mode": "bus", "line_name": "188"}, {"line_id": "92-188-j24-1", "route_id": "91.TA.92-188-j24-1.2.R", "mode": "bus", "line_name": "188"}], "predominant_mode": "bus", "assigned_canton": "Schwyz", "modes_list": ["bus"]}, "geometry": {"type": "Point", "coordinates": [8.77410647473471, 47.19924635979598]}}, {"id": "20364", "type": "Feature", "properties": {"name": "Pf\u00e4ffikon SZ, Industrie Ost", "lon": 8.800498976152987, "lat": 47.201510739344265, "stop_id": ["8503634.link:594777_spec", "8503634.link:594778"], "lines": [{"line_id": "96-241-1-j24-1", "route_id": "106.TA.96-241-1-j24-1.40.H", "mode": "bus", "line_name": "522"}, {"line_id": "96-240-3-j24-1", "route_id": "133.TA.96-240-3-j24-1.20.H", "mode": "bus", "line_name": "521"}, {"line_id": "96-241-1-j24-1", "route_id": "34.TA.96-241-1-j24-1.15.H", "mode": "bus", "line_name": "522"}, {"line_id": "96-241-1-j24-1", "route_id": "71.TA.96-241-1-j24-1.38.H", "mode": "bus", "line_name": "522"}, {"line_id": "96-240-3-j24-1", "route_id": "168.TA.96-240-3-j24-1.21.H", "mode": "bus", "line_name": "521"}, {"line_id": "96-240-3-j24-1", "route_id": "236.TA.96-240-3-j24-1.22.H", "mode": "bus", "line_name": "521"}, {"line_id": "96-241-1-j24-1", "route_id": "195.TA.96-241-1-j24-1.22.R", "mode": "bus", "line_name": "522"}, {"line_id": "96-240-3-j24-1", "route_id": "400.TA.96-240-3-j24-1.25.R", "mode": "bus", "line_name": "521"}, {"line_id": "96-240-3-j24-1", "route_id": "491.TA.96-240-3-j24-1.27.R", "mode": "bus", "line_name": "521"}, {"line_id": "96-240-3-j24-1", "route_id": "481.TA.96-240-3-j24-1.26.R", "mode": "bus", "line_name": "521"}, {"line_id": "96-241-1-j24-1", "route_id": "238.TA.96-241-1-j24-1.23.R", "mode": "bus", "line_name": "522"}, {"line_id": "96-241-1-j24-1", "route_id": "168.TA.96-241-1-j24-1.20.R", "mode": "bus", "line_name": "522"}], "predominant_mode": "bus", "assigned_canton": "Schwyz", "modes_list": ["bus"]}, "geometry": {"type": "Point", "coordinates": [8.800498984848804, 47.20151074937423]}}, {"id": "20365", "type": "Feature", "properties": {"name": "Pf\u00e4ffikon SZ, Kantonsschulen", "lon": 8.787491366119328, "lat": 47.200711199548664, "stop_id": ["8573820.link:148785", "8573820.link:148786"], "lines": [{"line_id": "96-242-2-j24-1", "route_id": "140.TA.96-242-2-j24-1.4.R", "mode": "bus", "line_name": "195"}, {"line_id": "96-242-2-j24-1", "route_id": "262.TA.96-242-2-j24-1.5.R", "mode": "bus", "line_name": "195"}, {"line_id": "96-242-2-j24-1", "route_id": "60.TA.96-242-2-j24-1.3.H", "mode": "bus", "line_name": "195"}], "predominant_mode": "bus", "assigned_canton": "Schwyz", "modes_list": ["bus"]}, "geometry": {"type": "Point", "coordinates": [8.787491374802924, 47.20071120958219]}}, {"id": "20366", "type": "Feature", "properties": {"name": "Pf\u00e4ffikon SZ, Luegeten", "lon": 8.77549885582107, "lat": 47.191848259736865, "stop_id": ["8573805.link:1403226", "8573805.link:1403227"], "lines": [{"line_id": "96-242-1-j24-1", "route_id": "13.TA.96-242-1-j24-1.3.H", "mode": "bus", "line_name": "190"}, {"line_id": "96-242-1-j24-1", "route_id": "1.TA.96-242-1-j24-1.2.H", "mode": "bus", "line_name": "190"}, {"line_id": "96-242-1-j24-1", "route_id": "29.TA.96-242-1-j24-1.4.H", "mode": "bus", "line_name": "190"}, {"line_id": "96-242-1-j24-1", "route_id": "50.TA.96-242-1-j24-1.6.R", "mode": "bus", "line_name": "190"}, {"line_id": "96-242-1-j24-1", "route_id": "53.TA.96-242-1-j24-1.7.R", "mode": "bus", "line_name": "190"}], "predominant_mode": "bus", "assigned_canton": "Schwyz", "modes_list": ["bus"]}, "geometry": {"type": "Point", "coordinates": [8.7754988644959, 47.191848269770894]}}, {"id": "20367", "type": "Feature", "properties": {"name": "Pf\u00e4ffikon SZ, L\u00f6wen", "lon": 8.7769541261416, "lat": 47.20157177971429, "stop_id": ["8581265.link:985697", "8581265.link:985698"], "lines": [{"line_id": "96-242-3-j24-1", "route_id": "115.TA.96-242-3-j24-1.10.R", "mode": "bus", "line_name": "180"}, {"line_id": "96-242-3-j24-1", "route_id": "102.TA.96-242-3-j24-1.6.R", "mode": "bus", "line_name": "180"}, {"line_id": "96-242-3-j24-1", "route_id": "157.TA.96-242-3-j24-1.9.R", "mode": "bus", "line_name": "180"}, {"line_id": "96-242-3-j24-1", "route_id": "112.TA.96-242-3-j24-1.7.R", "mode": "bus", "line_name": "180"}, {"line_id": "96-242-3-j24-1", "route_id": "78.TA.96-242-3-j24-1.4.R", "mode": "bus", "line_name": "180"}, {"line_id": "92-189-j24-1", "route_id": "45.TA.92-189-j24-1.4.R", "mode": "bus", "line_name": "189"}, {"line_id": "96-242-3-j24-1", "route_id": "154.TA.96-242-3-j24-1.8.R", "mode": "bus", "line_name": "180"}, {"line_id": "96-242-3-j24-1", "route_id": "23.TA.96-242-3-j24-1.1.H", "mode": "bus", "line_name": "180"}, {"line_id": "96-242-3-j24-1", "route_id": "36.TA.96-242-3-j24-1.2.H", "mode": "bus", "line_name": "180"}, {"line_id": "92-189-j24-1", "route_id": "14.TA.92-189-j24-1.3.H", "mode": "bus", "line_name": "189"}, {"line_id": "96-242-3-j24-1", "route_id": "62.TA.96-242-3-j24-1.3.H", "mode": "bus", "line_name": "180"}], "predominant_mode": "bus", "assigned_canton": "Schwyz", "modes_list": ["bus"]}, "geometry": {"type": "Point", "coordinates": [8.776954134814813, 47.201571789751206]}}, {"id": "20368", "type": "Feature", "properties": {"name": "Pf\u00e4ffikon SZ, Rain", "lon": 8.77226492615619, "lat": 47.202096659787976, "stop_id": ["8581266.link:1072048", "8581266.link:1072049"], "lines": [{"line_id": "96-242-3-j24-1", "route_id": "115.TA.96-242-3-j24-1.10.R", "mode": "bus", "line_name": "180"}, {"line_id": "96-242-3-j24-1", "route_id": "102.TA.96-242-3-j24-1.6.R", "mode": "bus", "line_name": "180"}, {"line_id": "96-242-3-j24-1", "route_id": "157.TA.96-242-3-j24-1.9.R", "mode": "bus", "line_name": "180"}, {"line_id": "96-242-3-j24-1", "route_id": "112.TA.96-242-3-j24-1.7.R", "mode": "bus", "line_name": "180"}, {"line_id": "96-242-3-j24-1", "route_id": "78.TA.96-242-3-j24-1.4.R", "mode": "bus", "line_name": "180"}, {"line_id": "92-189-j24-1", "route_id": "45.TA.92-189-j24-1.4.R", "mode": "bus", "line_name": "189"}, {"line_id": "96-242-3-j24-1", "route_id": "154.TA.96-242-3-j24-1.8.R", "mode": "bus", "line_name": "180"}, {"line_id": "96-242-3-j24-1", "route_id": "23.TA.96-242-3-j24-1.1.H", "mode": "bus", "line_name": "180"}, {"line_id": "96-242-3-j24-1", "route_id": "36.TA.96-242-3-j24-1.2.H", "mode": "bus", "line_name": "180"}, {"line_id": "92-189-j24-1", "route_id": "14.TA.92-189-j24-1.3.H", "mode": "bus", "line_name": "189"}, {"line_id": "96-242-3-j24-1", "route_id": "62.TA.96-242-3-j24-1.3.H", "mode": "bus", "line_name": "180"}], "predominant_mode": "bus", "assigned_canton": "Schwyz", "modes_list": ["bus"]}, "geometry": {"type": "Point", "coordinates": [8.772264934824742, 47.20209666982648]}}, {"id": "20369", "type": "Feature", "properties": {"name": "Pf\u00e4ffikon SZ, Roggenacker", "lon": 8.76361414597157, "lat": 47.196633939923785, "stop_id": ["8592298.link:1662433"], "lines": [{"line_id": "96-242-2-j24-1", "route_id": "3.TA.96-242-2-j24-1.2.H", "mode": "bus", "line_name": "195"}, {"line_id": "96-242-2-j24-1", "route_id": "2.TA.96-242-2-j24-1.1.H", "mode": "bus", "line_name": "195"}], "predominant_mode": "bus", "assigned_canton": "Schwyz", "modes_list": ["bus"]}, "geometry": {"type": "Point", "coordinates": [8.763614154633498, 47.196633949962944]}}, {"id": "20370", "type": "Feature", "properties": {"name": "Pf\u00e4ffikon SZ, Schiessstand", "lon": 8.764647205978395, "lat": 47.19682315990756, "stop_id": ["8592295.link:239534", "8592295.link:239535"], "lines": [{"line_id": "92-188-j24-1", "route_id": "38.TA.92-188-j24-1.1.H", "mode": "bus", "line_name": "188"}, {"line_id": "92-188-j24-1", "route_id": "1.TA.92-188-j24-1.3.H", "mode": "bus", "line_name": "188"}, {"line_id": "92-188-j24-1", "route_id": "71.TA.92-188-j24-1.5.H", "mode": "bus", "line_name": "188"}, {"line_id": "92-188-j24-1", "route_id": "2.TA.92-188-j24-1.4.H", "mode": "bus", "line_name": "188"}, {"line_id": "92-188-j24-1", "route_id": "102.TA.92-188-j24-1.2.R", "mode": "bus", "line_name": "188"}, {"line_id": "92-188-j24-1", "route_id": "81.TA.92-188-j24-1.2.R", "mode": "bus", "line_name": "188"}, {"line_id": "92-188-j24-1", "route_id": "155.TA.92-188-j24-1.7.R", "mode": "bus", "line_name": "188"}, {"line_id": "92-188-j24-1", "route_id": "91.TA.92-188-j24-1.2.R", "mode": "bus", "line_name": "188"}], "predominant_mode": "bus", "assigned_canton": "Schwyz", "modes_list": ["bus"]}, "geometry": {"type": "Point", "coordinates": [8.764647214641258, 47.1968231699465]}}, {"id": "20371", "type": "Feature", "properties": {"name": "Pf\u00e4ffikon SZ, Schweizerhof", "lon": 8.791300226166245, "lat": 47.202072249488836, "stop_id": ["8573824.link:250214", "8573824.link:250215"], "lines": [{"line_id": "96-241-1-j24-1", "route_id": "195.TA.96-241-1-j24-1.22.R", "mode": "bus", "line_name": "522"}, {"line_id": "96-240-3-j24-1", "route_id": "400.TA.96-240-3-j24-1.25.R", "mode": "bus", "line_name": "521"}, {"line_id": "96-240-3-j24-1", "route_id": "491.TA.96-240-3-j24-1.27.R", "mode": "bus", "line_name": "521"}, {"line_id": "96-240-3-j24-1", "route_id": "481.TA.96-240-3-j24-1.26.R", "mode": "bus", "line_name": "521"}, {"line_id": "96-241-1-j24-1", "route_id": "238.TA.96-241-1-j24-1.23.R", "mode": "bus", "line_name": "522"}, {"line_id": "96-241-1-j24-1", "route_id": "168.TA.96-241-1-j24-1.20.R", "mode": "bus", "line_name": "522"}, {"line_id": "96-241-1-j24-1", "route_id": "106.TA.96-241-1-j24-1.40.H", "mode": "bus", "line_name": "522"}, {"line_id": "96-240-3-j24-1", "route_id": "133.TA.96-240-3-j24-1.20.H", "mode": "bus", "line_name": "521"}, {"line_id": "96-241-1-j24-1", "route_id": "34.TA.96-241-1-j24-1.15.H", "mode": "bus", "line_name": "522"}, {"line_id": "96-241-1-j24-1", "route_id": "71.TA.96-241-1-j24-1.38.H", "mode": "bus", "line_name": "522"}, {"line_id": "96-240-3-j24-1", "route_id": "168.TA.96-240-3-j24-1.21.H", "mode": "bus", "line_name": "521"}, {"line_id": "96-240-3-j24-1", "route_id": "236.TA.96-240-3-j24-1.22.H", "mode": "bus", "line_name": "521"}], "predominant_mode": "bus", "assigned_canton": "Schwyz", "modes_list": ["bus"]}, "geometry": {"type": "Point", "coordinates": [8.791300234853074, 47.20207225952172]}}, {"id": "20372", "type": "Feature", "properties": {"name": "Pf\u00e4ffikon SZ, Sch\u00fctzenstrasse", "lon": 8.78287402608097, "lat": 47.19962477962121, "stop_id": ["8573801.link:1824588", "8573801.link:1824589"], "lines": [{"line_id": "96-242-2-j24-1", "route_id": "140.TA.96-242-2-j24-1.4.R", "mode": "bus", "line_name": "195"}, {"line_id": "96-242-2-j24-1", "route_id": "262.TA.96-242-2-j24-1.5.R", "mode": "bus", "line_name": "195"}, {"line_id": "96-242-2-j24-1", "route_id": "60.TA.96-242-2-j24-1.3.H", "mode": "bus", "line_name": "195"}], "predominant_mode": "bus", "assigned_canton": "Schwyz", "modes_list": ["bus"]}, "geometry": {"type": "Point", "coordinates": [8.78287403476047, 47.199624789655736]}}, {"id": "20373", "type": "Feature", "properties": {"name": "Pf\u00e4ffikon SZ, Seedamm-Center", "lon": 8.79266566610278, "lat": 47.20011915946736, "stop_id": ["8503859.link:341466", "8503859.link:341467"], "lines": [{"line_id": "96-242-2-j24-1", "route_id": "140.TA.96-242-2-j24-1.4.R", "mode": "bus", "line_name": "195"}, {"line_id": "96-242-2-j24-1", "route_id": "262.TA.96-242-2-j24-1.5.R", "mode": "bus", "line_name": "195"}, {"line_id": "96-242-2-j24-1", "route_id": "60.TA.96-242-2-j24-1.3.H", "mode": "bus", "line_name": "195"}], "predominant_mode": "bus", "assigned_canton": "Schwyz", "modes_list": ["bus"]}, "geometry": {"type": "Point", "coordinates": [8.79266567479152, 47.20011916949914]}}, {"id": "20374", "type": "Feature", "properties": {"name": "Pf\u00e4ffikon SZ, Sonnenhof", "lon": 8.76810572600849, "lat": 47.19767769985325, "stop_id": ["8592300.link:239590", "8592300.link:239591"], "lines": [{"line_id": "92-188-j24-1", "route_id": "38.TA.92-188-j24-1.1.H", "mode": "bus", "line_name": "188"}, {"line_id": "96-242-2-j24-1", "route_id": "2.TA.96-242-2-j24-1.1.H", "mode": "bus", "line_name": "195"}, {"line_id": "92-188-j24-1", "route_id": "2.TA.92-188-j24-1.4.H", "mode": "bus", "line_name": "188"}, {"line_id": "96-242-2-j24-1", "route_id": "3.TA.96-242-2-j24-1.2.H", "mode": "bus", "line_name": "195"}, {"line_id": "92-188-j24-1", "route_id": "71.TA.92-188-j24-1.5.H", "mode": "bus", "line_name": "188"}, {"line_id": "92-188-j24-1", "route_id": "102.TA.92-188-j24-1.2.R", "mode": "bus", "line_name": "188"}, {"line_id": "92-188-j24-1", "route_id": "81.TA.92-188-j24-1.2.R", "mode": "bus", "line_name": "188"}, {"line_id": "92-188-j24-1", "route_id": "155.TA.92-188-j24-1.7.R", "mode": "bus", "line_name": "188"}, {"line_id": "92-188-j24-1", "route_id": "91.TA.92-188-j24-1.2.R", "mode": "bus", "line_name": "188"}], "predominant_mode": "bus", "assigned_canton": "Schwyz", "modes_list": ["bus"]}, "geometry": {"type": "Point", "coordinates": [8.768105734674414, 47.19767770989147]}}, {"id": "20375", "type": "Feature", "properties": {"name": "Pf\u00e4ffikon SZ, Tertianum", "lon": 8.78090671611257, "lat": 47.20061964965213, "stop_id": ["8581056.link:1970737", "8581056.link:1970738"], "lines": [{"line_id": "96-242-1-j24-1", "route_id": "13.TA.96-242-1-j24-1.3.H", "mode": "bus", "line_name": "190"}, {"line_id": "96-242-1-j24-1", "route_id": "29.TA.96-242-1-j24-1.4.H", "mode": "bus", "line_name": "190"}, {"line_id": "96-242-1-j24-1", "route_id": "1.TA.96-242-1-j24-1.2.H", "mode": "bus", "line_name": "190"}, {"line_id": "96-242-2-j24-1", "route_id": "140.TA.96-242-2-j24-1.4.R", "mode": "bus", "line_name": "195"}, {"line_id": "96-242-2-j24-1", "route_id": "262.TA.96-242-2-j24-1.5.R", "mode": "bus", "line_name": "195"}, {"line_id": "96-242-2-j24-1", "route_id": "60.TA.96-242-2-j24-1.3.H", "mode": "bus", "line_name": "195"}, {"line_id": "96-242-1-j24-1", "route_id": "50.TA.96-242-1-j24-1.6.R", "mode": "bus", "line_name": "190"}, {"line_id": "96-242-1-j24-1", "route_id": "53.TA.96-242-1-j24-1.7.R", "mode": "bus", "line_name": "190"}], "predominant_mode": "bus", "assigned_canton": "Schwyz", "modes_list": ["bus"]}, "geometry": {"type": "Point", "coordinates": [8.780906724789876, 47.200619659687575]}}, {"id": "20376", "type": "Feature", "properties": {"name": "Pf\u00e4ffikon SZ, Wannenweid", "lon": 8.780152125850652, "lat": 47.19266624966375, "stop_id": ["8573804.link:1016243", "8573804.link:1016244"], "lines": [{"line_id": "96-242-1-j24-1", "route_id": "13.TA.96-242-1-j24-1.3.H", "mode": "bus", "line_name": "190"}, {"line_id": "96-242-1-j24-1", "route_id": "1.TA.96-242-1-j24-1.2.H", "mode": "bus", "line_name": "190"}, {"line_id": "96-242-1-j24-1", "route_id": "29.TA.96-242-1-j24-1.4.H", "mode": "bus", "line_name": "190"}, {"line_id": "96-242-1-j24-1", "route_id": "50.TA.96-242-1-j24-1.6.R", "mode": "bus", "line_name": "190"}, {"line_id": "96-242-1-j24-1", "route_id": "53.TA.96-242-1-j24-1.7.R", "mode": "bus", "line_name": "190"}], "predominant_mode": "bus", "assigned_canton": "Schwyz", "modes_list": ["bus"]}, "geometry": {"type": "Point", "coordinates": [8.780152134529704, 47.192666259696686]}}, {"id": "20377", "type": "Feature", "properties": {"name": "Pf\u00e4ffikon SZ, Zentrum", "lon": 8.777600916127525, "lat": 47.20113233970411, "stop_id": ["8592294.link:1246524", "8592294.link:1246525"], "lines": [{"line_id": "92-188-j24-1", "route_id": "38.TA.92-188-j24-1.1.H", "mode": "bus", "line_name": "188"}, {"line_id": "92-188-j24-1", "route_id": "71.TA.92-188-j24-1.5.H", "mode": "bus", "line_name": "188"}, {"line_id": "92-188-j24-1", "route_id": "2.TA.92-188-j24-1.4.H", "mode": "bus", "line_name": "188"}, {"line_id": "92-188-j24-1", "route_id": "102.TA.92-188-j24-1.2.R", "mode": "bus", "line_name": "188"}, {"line_id": "92-188-j24-1", "route_id": "81.TA.92-188-j24-1.2.R", "mode": "bus", "line_name": "188"}, {"line_id": "92-188-j24-1", "route_id": "155.TA.92-188-j24-1.7.R", "mode": "bus", "line_name": "188"}, {"line_id": "92-188-j24-1", "route_id": "91.TA.92-188-j24-1.2.R", "mode": "bus", "line_name": "188"}], "predominant_mode": "bus", "assigned_canton": "Schwyz", "modes_list": ["bus"]}, "geometry": {"type": "Point", "coordinates": [8.777600924801494, 47.20113234974072]}}, {"id": "20378", "type": "Feature", "properties": {"name": "Pf\u00e4ffikon SZ, Zeughaus", "lon": 8.770638976028799, "lat": 47.19825145981344, "stop_id": ["8592296.link:239584", "8592296.link:239585"], "lines": [{"line_id": "92-188-j24-1", "route_id": "38.TA.92-188-j24-1.1.H", "mode": "bus", "line_name": "188"}, {"line_id": "96-242-2-j24-1", "route_id": "2.TA.96-242-2-j24-1.1.H", "mode": "bus", "line_name": "195"}, {"line_id": "92-188-j24-1", "route_id": "2.TA.92-188-j24-1.4.H", "mode": "bus", "line_name": "188"}, {"line_id": "96-242-2-j24-1", "route_id": "3.TA.96-242-2-j24-1.2.H", "mode": "bus", "line_name": "195"}, {"line_id": "92-188-j24-1", "route_id": "71.TA.92-188-j24-1.5.H", "mode": "bus", "line_name": "188"}, {"line_id": "92-188-j24-1", "route_id": "102.TA.92-188-j24-1.2.R", "mode": "bus", "line_name": "188"}, {"line_id": "92-188-j24-1", "route_id": "81.TA.92-188-j24-1.2.R", "mode": "bus", "line_name": "188"}, {"line_id": "92-188-j24-1", "route_id": "155.TA.92-188-j24-1.7.R", "mode": "bus", "line_name": "188"}, {"line_id": "92-188-j24-1", "route_id": "91.TA.92-188-j24-1.2.R", "mode": "bus", "line_name": "188"}], "predominant_mode": "bus", "assigned_canton": "Schwyz", "modes_list": ["bus"]}, "geometry": {"type": "Point", "coordinates": [8.770638984696976, 47.19825146985112]}}, {"id": "21353", "type": "Feature", "properties": {"name": "Reichenburg", "lon": 8.983072570302792, "lat": 47.17268899147365, "stop_id": ["8503223:0:3.link:81467", "8503223:0:4.link:81471"], "lines": [{"line_id": "91-4H-Y-j24-1", "route_id": "287.TA.91-4H-Y-j24-1.729.H", "mode": "rail", "line_name": "S"}, {"line_id": "91-2-B-j24-1", "route_id": "902.TA.91-2-B-j24-1.511.R", "mode": "rail", "line_name": "S2"}, {"line_id": "91-27-B-j24-1", "route_id": "1.TA.91-27-B-j24-1.2.H", "mode": "rail", "line_name": "S27"}, {"line_id": "91-27-B-j24-1", "route_id": "13.TA.91-27-B-j24-1.4.H", "mode": "rail", "line_name": "S27"}, {"line_id": "91-8-C-j24-1", "route_id": "459.TA.91-8-C-j24-1.76.H", "mode": "rail", "line_name": "S8"}, {"line_id": "91-2-B-j24-1", "route_id": "889.TA.91-2-B-j24-1.510.R", "mode": "rail", "line_name": "S2"}, {"line_id": "91-2-B-j24-1", "route_id": "908.TA.91-2-B-j24-1.513.R", "mode": "rail", "line_name": "S2"}, {"line_id": "91-2-B-j24-1", "route_id": "892.TA.91-2-B-j24-1.662.R", "mode": "rail", "line_name": "S2"}, {"line_id": "91-27-B-j24-1", "route_id": "7.TA.91-27-B-j24-1.3.H", "mode": "rail", "line_name": "S27"}, {"line_id": "91-2-B-j24-1", "route_id": "379.TA.91-2-B-j24-1.35.H", "mode": "rail", "line_name": "S2"}, {"line_id": "91-2-B-j24-1", "route_id": "345.TA.91-2-B-j24-1.24.H", "mode": "rail", "line_name": "S2"}, {"line_id": "91-2-B-j24-1", "route_id": "462.TA.91-2-B-j24-1.66.H", "mode": "rail", "line_name": "S2"}, {"line_id": "91-27-B-j24-1", "route_id": "22.TA.91-27-B-j24-1.6.R", "mode": "rail", "line_name": "S27"}, {"line_id": "91-8-C-j24-1", "route_id": "1013.TA.91-8-C-j24-1.206.R", "mode": "rail", "line_name": "S8"}, {"line_id": "91-27-B-j24-1", "route_id": "26.TA.91-27-B-j24-1.6.R", "mode": "rail", "line_name": "S27"}, {"line_id": "91-2-B-j24-1", "route_id": "466.TA.91-2-B-j24-1.67.H", "mode": "rail", "line_name": "S2"}, {"line_id": "91-27-B-j24-1", "route_id": "27.TA.91-27-B-j24-1.7.R", "mode": "rail", "line_name": "S27"}, {"line_id": "91-8-C-j24-1", "route_id": "1033.TA.91-8-C-j24-1.228.R", "mode": "rail", "line_name": "S8"}, {"line_id": "91-27-B-j24-1", "route_id": "17.TA.91-27-B-j24-1.5.R", "mode": "rail", "line_name": "S27"}, {"line_id": "91-2-B-j24-1", "route_id": "332.TA.91-2-B-j24-1.21.H", "mode": "rail", "line_name": "S2"}], "predominant_mode": "rail", "assigned_canton": "Schwyz", "modes_list": ["rail"]}, "geometry": {"type": "Point", "coordinates": [8.98307257918146, 47.172689001438954]}}, {"id": "21354", "type": "Feature", "properties": {"name": "Reichenburg, Allmeind", "lon": 8.9837642752099, "lat": 47.16984931646269, "stop_id": ["8574484.link:722136", "8574484.link:722137"], "lines": [{"line_id": "96-241-1-j24-1", "route_id": "106.TA.96-241-1-j24-1.40.H", "mode": "bus", "line_name": "522"}, {"line_id": "96-242-5-j24-1", "route_id": "91.TA.96-242-5-j24-1.9.H", "mode": "bus", "line_name": "525"}, {"line_id": "96-242-5-j24-1", "route_id": "103.TA.96-242-5-j24-1.9.H", "mode": "bus", "line_name": "525"}, {"line_id": "96-242-5-j24-1", "route_id": "28.TA.96-242-5-j24-1.7.H", "mode": "bus", "line_name": "525"}, {"line_id": "96-242-5-j24-1", "route_id": "58.TA.96-242-5-j24-1.8.H", "mode": "bus", "line_name": "525"}, {"line_id": "96-241-1-j24-1", "route_id": "66.TA.96-241-1-j24-1.16.H", "mode": "bus", "line_name": "522"}, {"line_id": "96-241-1-j24-1", "route_id": "46.TA.96-241-1-j24-1.16.H", "mode": "bus", "line_name": "522"}, {"line_id": "96-242-5-j24-1", "route_id": "166.TA.96-242-5-j24-1.10.R", "mode": "bus", "line_name": "525"}, {"line_id": "96-242-5-j24-1", "route_id": "198.TA.96-242-5-j24-1.11.R", "mode": "bus", "line_name": "525"}, {"line_id": "96-242-5-j24-1", "route_id": "258.TA.96-242-5-j24-1.12.R", "mode": "bus", "line_name": "525"}, {"line_id": "96-241-1-j24-1", "route_id": "171.TA.96-241-1-j24-1.21.R", "mode": "bus", "line_name": "522"}, {"line_id": "96-241-1-j24-1", "route_id": "238.TA.96-241-1-j24-1.23.R", "mode": "bus", "line_name": "522"}], "predominant_mode": "bus", "assigned_canton": "Schwyz", "modes_list": ["bus"]}, "geometry": {"type": "Point", "coordinates": [8.983764284090121, 47.16984932642682]}}, {"id": "21355", "type": "Feature", "properties": {"name": "Reichenburg, Altersheim", "lon": 8.973864835234837, "lat": 47.17075925661834, "stop_id": ["8574481.link:1954781", "8574481.link:1954782"], "lines": [{"line_id": "96-241-1-j24-1", "route_id": "106.TA.96-241-1-j24-1.40.H", "mode": "bus", "line_name": "522"}, {"line_id": "96-242-5-j24-1", "route_id": "91.TA.96-242-5-j24-1.9.H", "mode": "bus", "line_name": "525"}, {"line_id": "96-242-5-j24-1", "route_id": "103.TA.96-242-5-j24-1.9.H", "mode": "bus", "line_name": "525"}, {"line_id": "96-242-5-j24-1", "route_id": "28.TA.96-242-5-j24-1.7.H", "mode": "bus", "line_name": "525"}, {"line_id": "96-242-5-j24-1", "route_id": "58.TA.96-242-5-j24-1.8.H", "mode": "bus", "line_name": "525"}, {"line_id": "96-241-1-j24-1", "route_id": "66.TA.96-241-1-j24-1.16.H", "mode": "bus", "line_name": "522"}, {"line_id": "96-241-1-j24-1", "route_id": "46.TA.96-241-1-j24-1.16.H", "mode": "bus", "line_name": "522"}, {"line_id": "96-242-5-j24-1", "route_id": "166.TA.96-242-5-j24-1.10.R", "mode": "bus", "line_name": "525"}, {"line_id": "96-242-5-j24-1", "route_id": "198.TA.96-242-5-j24-1.11.R", "mode": "bus", "line_name": "525"}, {"line_id": "96-242-5-j24-1", "route_id": "258.TA.96-242-5-j24-1.12.R", "mode": "bus", "line_name": "525"}, {"line_id": "96-241-1-j24-1", "route_id": "171.TA.96-241-1-j24-1.21.R", "mode": "bus", "line_name": "522"}, {"line_id": "96-241-1-j24-1", "route_id": "238.TA.96-241-1-j24-1.23.R", "mode": "bus", "line_name": "522"}], "predominant_mode": "bus", "assigned_canton": "Schwyz", "modes_list": ["bus"]}, "geometry": {"type": "Point", "coordinates": [8.973864844105409, 47.170759266585804]}}, {"id": "21356", "type": "Feature", "properties": {"name": "Reichenburg, Bahnhof", "lon": 8.982668325296176, "lat": 47.17249358648, "stop_id": ["8574485.link:656413", "8574485.link:656414", "8574485.link:757384", "8574485.link:757385"], "lines": [{"line_id": "96-241-1-j24-1", "route_id": "106.TA.96-241-1-j24-1.40.H", "mode": "bus", "line_name": "522"}, {"line_id": "96-242-5-j24-1", "route_id": "91.TA.96-242-5-j24-1.9.H", "mode": "bus", "line_name": "525"}, {"line_id": "96-242-5-j24-1", "route_id": "103.TA.96-242-5-j24-1.9.H", "mode": "bus", "line_name": "525"}, {"line_id": "96-242-5-j24-1", "route_id": "28.TA.96-242-5-j24-1.7.H", "mode": "bus", "line_name": "525"}, {"line_id": "96-242-5-j24-1", "route_id": "58.TA.96-242-5-j24-1.8.H", "mode": "bus", "line_name": "525"}, {"line_id": "96-241-1-j24-1", "route_id": "66.TA.96-241-1-j24-1.16.H", "mode": "bus", "line_name": "522"}, {"line_id": "96-241-1-j24-1", "route_id": "46.TA.96-241-1-j24-1.16.H", "mode": "bus", "line_name": "522"}, {"line_id": "96-242-5-j24-1", "route_id": "258.TA.96-242-5-j24-1.12.R", "mode": "bus", "line_name": "525"}, {"line_id": "96-241-1-j24-1", "route_id": "238.TA.96-241-1-j24-1.23.R", "mode": "bus", "line_name": "522"}, {"line_id": "96-245-5-j24-1", "route_id": "27.TA.96-245-5-j24-1.1.H", "mode": "bus", "line_name": "513"}, {"line_id": "96-242-5-j24-1", "route_id": "166.TA.96-242-5-j24-1.10.R", "mode": "bus", "line_name": "525"}, {"line_id": "96-242-5-j24-1", "route_id": "198.TA.96-242-5-j24-1.11.R", "mode": "bus", "line_name": "525"}, {"line_id": "96-245-5-j24-1", "route_id": "77.TA.96-245-5-j24-1.2.R", "mode": "bus", "line_name": "513"}, {"line_id": "96-241-1-j24-1", "route_id": "171.TA.96-241-1-j24-1.21.R", "mode": "bus", "line_name": "522"}, {"line_id": "96-245-5-j24-1", "route_id": "109.TA.96-245-5-j24-1.3.R", "mode": "bus", "line_name": "513"}], "predominant_mode": "bus", "assigned_canton": "Schwyz", "modes_list": ["bus"]}, "geometry": {"type": "Point", "coordinates": [8.98266833417452, 47.17249359644542]}}, {"id": "21357", "type": "Feature", "properties": {"name": "Reichenburg, Dorf", "lon": 8.976541815186433, "lat": 47.169244726576174, "stop_id": ["8574482.link:757266", "8574482.link:757267"], "lines": [{"line_id": "96-241-1-j24-1", "route_id": "106.TA.96-241-1-j24-1.40.H", "mode": "bus", "line_name": "522"}, {"line_id": "96-242-5-j24-1", "route_id": "91.TA.96-242-5-j24-1.9.H", "mode": "bus", "line_name": "525"}, {"line_id": "96-242-5-j24-1", "route_id": "103.TA.96-242-5-j24-1.9.H", "mode": "bus", "line_name": "525"}, {"line_id": "96-245-5-j24-1", "route_id": "27.TA.96-245-5-j24-1.1.H", "mode": "bus", "line_name": "513"}, {"line_id": "96-242-5-j24-1", "route_id": "28.TA.96-242-5-j24-1.7.H", "mode": "bus", "line_name": "525"}, {"line_id": "96-242-5-j24-1", "route_id": "58.TA.96-242-5-j24-1.8.H", "mode": "bus", "line_name": "525"}, {"line_id": "96-241-1-j24-1", "route_id": "66.TA.96-241-1-j24-1.16.H", "mode": "bus", "line_name": "522"}, {"line_id": "96-241-1-j24-1", "route_id": "46.TA.96-241-1-j24-1.16.H", "mode": "bus", "line_name": "522"}, {"line_id": "96-242-5-j24-1", "route_id": "166.TA.96-242-5-j24-1.10.R", "mode": "bus", "line_name": "525"}, {"line_id": "96-242-5-j24-1", "route_id": "198.TA.96-242-5-j24-1.11.R", "mode": "bus", "line_name": "525"}, {"line_id": "96-242-5-j24-1", "route_id": "258.TA.96-242-5-j24-1.12.R", "mode": "bus", "line_name": "525"}, {"line_id": "96-245-5-j24-1", "route_id": "77.TA.96-245-5-j24-1.2.R", "mode": "bus", "line_name": "513"}, {"line_id": "96-241-1-j24-1", "route_id": "171.TA.96-241-1-j24-1.21.R", "mode": "bus", "line_name": "522"}, {"line_id": "96-245-5-j24-1", "route_id": "109.TA.96-245-5-j24-1.3.R", "mode": "bus", "line_name": "513"}, {"line_id": "96-241-1-j24-1", "route_id": "238.TA.96-241-1-j24-1.23.R", "mode": "bus", "line_name": "522"}], "predominant_mode": "bus", "assigned_canton": "Schwyz", "modes_list": ["bus"]}, "geometry": {"type": "Point", "coordinates": [8.97654182406002, 47.169244736542275]}}, {"id": "21358", "type": "Feature", "properties": {"name": "Reichenburg, Kreuzwies", "lon": 8.980135075143519, "lat": 47.16788283651966, "stop_id": ["8574483.link:650411", "8574483.link:650412"], "lines": [{"line_id": "96-241-1-j24-1", "route_id": "106.TA.96-241-1-j24-1.40.H", "mode": "bus", "line_name": "522"}, {"line_id": "96-242-5-j24-1", "route_id": "91.TA.96-242-5-j24-1.9.H", "mode": "bus", "line_name": "525"}, {"line_id": "96-242-5-j24-1", "route_id": "103.TA.96-242-5-j24-1.9.H", "mode": "bus", "line_name": "525"}, {"line_id": "96-245-5-j24-1", "route_id": "27.TA.96-245-5-j24-1.1.H", "mode": "bus", "line_name": "513"}, {"line_id": "96-242-5-j24-1", "route_id": "28.TA.96-242-5-j24-1.7.H", "mode": "bus", "line_name": "525"}, {"line_id": "96-242-5-j24-1", "route_id": "58.TA.96-242-5-j24-1.8.H", "mode": "bus", "line_name": "525"}, {"line_id": "96-241-1-j24-1", "route_id": "66.TA.96-241-1-j24-1.16.H", "mode": "bus", "line_name": "522"}, {"line_id": "96-241-1-j24-1", "route_id": "46.TA.96-241-1-j24-1.16.H", "mode": "bus", "line_name": "522"}, {"line_id": "96-242-5-j24-1", "route_id": "166.TA.96-242-5-j24-1.10.R", "mode": "bus", "line_name": "525"}, {"line_id": "96-242-5-j24-1", "route_id": "198.TA.96-242-5-j24-1.11.R", "mode": "bus", "line_name": "525"}, {"line_id": "96-242-5-j24-1", "route_id": "258.TA.96-242-5-j24-1.12.R", "mode": "bus", "line_name": "525"}, {"line_id": "96-245-5-j24-1", "route_id": "77.TA.96-245-5-j24-1.2.R", "mode": "bus", "line_name": "513"}, {"line_id": "96-241-1-j24-1", "route_id": "171.TA.96-241-1-j24-1.21.R", "mode": "bus", "line_name": "522"}, {"line_id": "96-245-5-j24-1", "route_id": "109.TA.96-245-5-j24-1.3.R", "mode": "bus", "line_name": "513"}, {"line_id": "96-241-1-j24-1", "route_id": "238.TA.96-241-1-j24-1.23.R", "mode": "bus", "line_name": "522"}], "predominant_mode": "bus", "assigned_canton": "Schwyz", "modes_list": ["bus"]}, "geometry": {"type": "Point", "coordinates": [8.980135084020935, 47.16788284648419]}}, {"id": "21677", "type": "Feature", "properties": {"name": "Rickenbach SZ (Rotenfluebahn)", "lon": 8.669488659956867, "lat": 47.01483590139224, "stop_id": ["8595499.link:pt_8595499"], "lines": [{"line_id": "93-256-9-j24-1", "route_id": "613.TA.93-256-9-j24-1.1.H", "mode": "cable car", "line_name": "2569"}, {"line_id": "93-256-9-j24-1", "route_id": "3320.TA.93-256-9-j24-1.2.R", "mode": "cable car", "line_name": "2569"}], "predominant_mode": "cable car", "assigned_canton": "Schwyz", "modes_list": ["cable car"]}, "geometry": {"type": "Point", "coordinates": [8.669488668582707, 47.014835911393625]}}, {"id": "21678", "type": "Feature", "properties": {"name": "Rickenbach SZ, Aufiberg/Gruobi", "lon": 8.675947549673966, "lat": 47.00605223129, "stop_id": ["8577489.link:76746", "8577489.link:76747"], "lines": [{"line_id": "92-505-A-j24-1", "route_id": "21.TA.92-505-A-j24-1.2.H", "mode": "bus", "line_name": "505"}, {"line_id": "92-505-A-j24-1", "route_id": "9.TA.92-505-A-j24-1.1.H", "mode": "bus", "line_name": "505"}, {"line_id": "92-505-A-j24-1", "route_id": "27.TA.92-505-A-j24-1.2.H", "mode": "bus", "line_name": "505"}, {"line_id": "92-505-A-j24-1", "route_id": "18.TA.92-505-A-j24-1.2.H", "mode": "bus", "line_name": "505"}, {"line_id": "92-505-A-j24-1", "route_id": "8.TA.92-505-A-j24-1.1.H", "mode": "bus", "line_name": "505"}, {"line_id": "92-505-A-j24-1", "route_id": "6.TA.92-505-A-j24-1.18.H", "mode": "bus", "line_name": "505"}, {"line_id": "92-505-A-j24-1", "route_id": "33.TA.92-505-A-j24-1.3.R", "mode": "bus", "line_name": "505"}, {"line_id": "92-505-A-j24-1", "route_id": "57.TA.92-505-A-j24-1.4.R", "mode": "bus", "line_name": "505"}, {"line_id": "92-505-A-j24-1", "route_id": "45.TA.92-505-A-j24-1.4.R", "mode": "bus", "line_name": "505"}], "predominant_mode": "bus", "assigned_canton": "Schwyz", "modes_list": ["bus"]}, "geometry": {"type": "Point", "coordinates": [8.675947558308716, 47.006052241286206]}}, {"id": "21679", "type": "Feature", "properties": {"name": "Rickenbach SZ, Bol", "lon": 8.672264459905568, "lat": 47.01321281134847, "stop_id": ["8588237.link:1556626", "8588237.link:1556627"], "lines": [{"line_id": "92-503-j24-1", "route_id": "441.TA.92-503-j24-1.65.R", "mode": "bus", "line_name": "503"}, {"line_id": "92-505-A-j24-1", "route_id": "57.TA.92-505-A-j24-1.4.R", "mode": "bus", "line_name": "505"}, {"line_id": "92-503-j24-1", "route_id": "273.TA.92-503-j24-1.64.R", "mode": "bus", "line_name": "503"}, {"line_id": "92-505-A-j24-1", "route_id": "45.TA.92-505-A-j24-1.4.R", "mode": "bus", "line_name": "505"}, {"line_id": "92-503-j24-1", "route_id": "483.TA.92-503-j24-1.67.R", "mode": "bus", "line_name": "503"}, {"line_id": "92-503-j24-1", "route_id": "379.TA.92-503-j24-1.65.R", "mode": "bus", "line_name": "503"}, {"line_id": "92-505-A-j24-1", "route_id": "33.TA.92-505-A-j24-1.3.R", "mode": "bus", "line_name": "505"}, {"line_id": "92-503-j24-1", "route_id": "473.TA.92-503-j24-1.67.R", "mode": "bus", "line_name": "503"}, {"line_id": "92-503-j24-1", "route_id": "172.TA.92-503-j24-1.10.H", "mode": "bus", "line_name": "503"}, {"line_id": "92-503-j24-1", "route_id": "21.TA.92-503-j24-1.6.H", "mode": "bus", "line_name": "503"}, {"line_id": "92-503-j24-1", "route_id": "225.TA.92-503-j24-1.10.H", "mode": "bus", "line_name": "503"}, {"line_id": "92-505-A-j24-1", "route_id": "21.TA.92-505-A-j24-1.2.H", "mode": "bus", "line_name": "505"}, {"line_id": "92-505-A-j24-1", "route_id": "9.TA.92-505-A-j24-1.1.H", "mode": "bus", "line_name": "505"}, {"line_id": "92-503-j24-1", "route_id": "167.TA.92-503-j24-1.9.H", "mode": "bus", "line_name": "503"}, {"line_id": "92-505-A-j24-1", "route_id": "27.TA.92-505-A-j24-1.2.H", "mode": "bus", "line_name": "505"}, {"line_id": "92-505-A-j24-1", "route_id": "18.TA.92-505-A-j24-1.2.H", "mode": "bus", "line_name": "505"}, {"line_id": "92-505-A-j24-1", "route_id": "8.TA.92-505-A-j24-1.1.H", "mode": "bus", "line_name": "505"}, {"line_id": "92-505-A-j24-1", "route_id": "6.TA.92-505-A-j24-1.18.H", "mode": "bus", "line_name": "505"}, {"line_id": "92-503-j24-1", "route_id": "134.TA.92-503-j24-1.9.H", "mode": "bus", "line_name": "503"}, {"line_id": "92-503-j24-1", "route_id": "67.TA.92-503-j24-1.9.H", "mode": "bus", "line_name": "503"}], "predominant_mode": "bus", "assigned_canton": "Schwyz", "modes_list": ["bus"]}, "geometry": {"type": "Point", "coordinates": [8.67226446853459, 47.01321282134846]}}, {"id": "21680", "type": "Feature", "properties": {"name": "Rickenbach SZ, Chaisten", "lon": 8.694147419785814, "lat": 47.009133421004364, "stop_id": ["8577491.link:76776", "8577491.link:76777"], "lines": [{"line_id": "92-505-A-j24-1", "route_id": "21.TA.92-505-A-j24-1.2.H", "mode": "bus", "line_name": "505"}, {"line_id": "92-505-A-j24-1", "route_id": "9.TA.92-505-A-j24-1.1.H", "mode": "bus", "line_name": "505"}, {"line_id": "92-505-A-j24-1", "route_id": "27.TA.92-505-A-j24-1.2.H", "mode": "bus", "line_name": "505"}, {"line_id": "92-505-A-j24-1", "route_id": "18.TA.92-505-A-j24-1.2.H", "mode": "bus", "line_name": "505"}, {"line_id": "92-505-A-j24-1", "route_id": "8.TA.92-505-A-j24-1.1.H", "mode": "bus", "line_name": "505"}, {"line_id": "92-505-A-j24-1", "route_id": "6.TA.92-505-A-j24-1.18.H", "mode": "bus", "line_name": "505"}, {"line_id": "92-505-A-j24-1", "route_id": "33.TA.92-505-A-j24-1.3.R", "mode": "bus", "line_name": "505"}, {"line_id": "92-505-A-j24-1", "route_id": "57.TA.92-505-A-j24-1.4.R", "mode": "bus", "line_name": "505"}, {"line_id": "92-505-A-j24-1", "route_id": "45.TA.92-505-A-j24-1.4.R", "mode": "bus", "line_name": "505"}], "predominant_mode": "bus", "assigned_canton": "Schwyz", "modes_list": ["bus"]}, "geometry": {"type": "Point", "coordinates": [8.694147428437399, 47.009133430996485]}}, {"id": "21681", "type": "Feature", "properties": {"name": "Rickenbach SZ, Dorf", "lon": 8.66648828998761, "lat": 47.015834241439435, "stop_id": ["8577487.link:1761837", "8577487.link:1761838"], "lines": [{"line_id": "92-503-j24-1", "route_id": "441.TA.92-503-j24-1.65.R", "mode": "bus", "line_name": "503"}, {"line_id": "92-505-A-j24-1", "route_id": "57.TA.92-505-A-j24-1.4.R", "mode": "bus", "line_name": "505"}, {"line_id": "92-503-j24-1", "route_id": "273.TA.92-503-j24-1.64.R", "mode": "bus", "line_name": "503"}, {"line_id": "92-505-A-j24-1", "route_id": "45.TA.92-505-A-j24-1.4.R", "mode": "bus", "line_name": "505"}, {"line_id": "92-503-j24-1", "route_id": "483.TA.92-503-j24-1.67.R", "mode": "bus", "line_name": "503"}, {"line_id": "92-503-j24-1", "route_id": "379.TA.92-503-j24-1.65.R", "mode": "bus", "line_name": "503"}, {"line_id": "92-505-A-j24-1", "route_id": "33.TA.92-505-A-j24-1.3.R", "mode": "bus", "line_name": "505"}, {"line_id": "92-503-j24-1", "route_id": "473.TA.92-503-j24-1.67.R", "mode": "bus", "line_name": "503"}, {"line_id": "92-503-j24-1", "route_id": "172.TA.92-503-j24-1.10.H", "mode": "bus", "line_name": "503"}, {"line_id": "92-503-j24-1", "route_id": "21.TA.92-503-j24-1.6.H", "mode": "bus", "line_name": "503"}, {"line_id": "92-503-j24-1", "route_id": "225.TA.92-503-j24-1.10.H", "mode": "bus", "line_name": "503"}, {"line_id": "92-505-A-j24-1", "route_id": "21.TA.92-505-A-j24-1.2.H", "mode": "bus", "line_name": "505"}, {"line_id": "92-505-A-j24-1", "route_id": "9.TA.92-505-A-j24-1.1.H", "mode": "bus", "line_name": "505"}, {"line_id": "92-503-j24-1", "route_id": "167.TA.92-503-j24-1.9.H", "mode": "bus", "line_name": "503"}, {"line_id": "92-505-A-j24-1", "route_id": "27.TA.92-505-A-j24-1.2.H", "mode": "bus", "line_name": "505"}, {"line_id": "92-505-A-j24-1", "route_id": "18.TA.92-505-A-j24-1.2.H", "mode": "bus", "line_name": "505"}, {"line_id": "92-505-A-j24-1", "route_id": "8.TA.92-505-A-j24-1.1.H", "mode": "bus", "line_name": "505"}, {"line_id": "92-505-A-j24-1", "route_id": "6.TA.92-505-A-j24-1.18.H", "mode": "bus", "line_name": "505"}, {"line_id": "92-503-j24-1", "route_id": "134.TA.92-503-j24-1.9.H", "mode": "bus", "line_name": "503"}, {"line_id": "92-503-j24-1", "route_id": "67.TA.92-503-j24-1.9.H", "mode": "bus", "line_name": "503"}], "predominant_mode": "bus", "assigned_canton": "Schwyz", "modes_list": ["bus"]}, "geometry": {"type": "Point", "coordinates": [8.666488298610217, 47.01583425144209]}}, {"id": "21682", "type": "Feature", "properties": {"name": "Rickenbach SZ, Gr\u00fcndel/St Karl", "lon": 8.716919709729494, "lat": 47.00698334064638, "stop_id": ["8577495.link:875828", "8577495.link:875829"], "lines": [{"line_id": "92-505-A-j24-1", "route_id": "21.TA.92-505-A-j24-1.2.H", "mode": "bus", "line_name": "505"}, {"line_id": "92-505-A-j24-1", "route_id": "9.TA.92-505-A-j24-1.1.H", "mode": "bus", "line_name": "505"}, {"line_id": "92-505-A-j24-1", "route_id": "27.TA.92-505-A-j24-1.2.H", "mode": "bus", "line_name": "505"}, {"line_id": "92-505-A-j24-1", "route_id": "18.TA.92-505-A-j24-1.2.H", "mode": "bus", "line_name": "505"}, {"line_id": "92-505-A-j24-1", "route_id": "8.TA.92-505-A-j24-1.1.H", "mode": "bus", "line_name": "505"}, {"line_id": "92-505-A-j24-1", "route_id": "6.TA.92-505-A-j24-1.18.H", "mode": "bus", "line_name": "505"}, {"line_id": "92-505-A-j24-1", "route_id": "33.TA.92-505-A-j24-1.3.R", "mode": "bus", "line_name": "505"}, {"line_id": "92-505-A-j24-1", "route_id": "57.TA.92-505-A-j24-1.4.R", "mode": "bus", "line_name": "505"}, {"line_id": "92-505-A-j24-1", "route_id": "45.TA.92-505-A-j24-1.4.R", "mode": "bus", "line_name": "505"}], "predominant_mode": "bus", "assigned_canton": "Schwyz", "modes_list": ["bus"]}, "geometry": {"type": "Point", "coordinates": [8.716919718403888, 47.00698335063109]}}, {"id": "21683", "type": "Feature", "properties": {"name": "Rickenbach SZ, Handgruobi", "lon": 8.710784219744964, "lat": 47.00757140074281, "stop_id": ["8577494.link:867167", "8577494.link:867168"], "lines": [{"line_id": "92-505-A-j24-1", "route_id": "21.TA.92-505-A-j24-1.2.H", "mode": "bus", "line_name": "505"}, {"line_id": "92-505-A-j24-1", "route_id": "9.TA.92-505-A-j24-1.1.H", "mode": "bus", "line_name": "505"}, {"line_id": "92-505-A-j24-1", "route_id": "27.TA.92-505-A-j24-1.2.H", "mode": "bus", "line_name": "505"}, {"line_id": "92-505-A-j24-1", "route_id": "18.TA.92-505-A-j24-1.2.H", "mode": "bus", "line_name": "505"}, {"line_id": "92-505-A-j24-1", "route_id": "8.TA.92-505-A-j24-1.1.H", "mode": "bus", "line_name": "505"}, {"line_id": "92-505-A-j24-1", "route_id": "6.TA.92-505-A-j24-1.18.H", "mode": "bus", "line_name": "505"}, {"line_id": "92-505-A-j24-1", "route_id": "33.TA.92-505-A-j24-1.3.R", "mode": "bus", "line_name": "505"}, {"line_id": "92-505-A-j24-1", "route_id": "57.TA.92-505-A-j24-1.4.R", "mode": "bus", "line_name": "505"}, {"line_id": "92-505-A-j24-1", "route_id": "45.TA.92-505-A-j24-1.4.R", "mode": "bus", "line_name": "505"}], "predominant_mode": "bus", "assigned_canton": "Schwyz", "modes_list": ["bus"]}, "geometry": {"type": "Point", "coordinates": [8.710784228413214, 47.00757141072954]}}, {"id": "21684", "type": "Feature", "properties": {"name": "Rickenbach SZ, Lauenen", "lon": 8.708134189794162, "lat": 47.00912729078457, "stop_id": ["8577493.link:76804", "8577493.link:76805"], "lines": [{"line_id": "92-505-A-j24-1", "route_id": "21.TA.92-505-A-j24-1.2.H", "mode": "bus", "line_name": "505"}, {"line_id": "92-505-A-j24-1", "route_id": "9.TA.92-505-A-j24-1.1.H", "mode": "bus", "line_name": "505"}, {"line_id": "92-505-A-j24-1", "route_id": "27.TA.92-505-A-j24-1.2.H", "mode": "bus", "line_name": "505"}, {"line_id": "92-505-A-j24-1", "route_id": "18.TA.92-505-A-j24-1.2.H", "mode": "bus", "line_name": "505"}, {"line_id": "92-505-A-j24-1", "route_id": "8.TA.92-505-A-j24-1.1.H", "mode": "bus", "line_name": "505"}, {"line_id": "92-505-A-j24-1", "route_id": "6.TA.92-505-A-j24-1.18.H", "mode": "bus", "line_name": "505"}, {"line_id": "92-505-A-j24-1", "route_id": "33.TA.92-505-A-j24-1.3.R", "mode": "bus", "line_name": "505"}, {"line_id": "92-505-A-j24-1", "route_id": "57.TA.92-505-A-j24-1.4.R", "mode": "bus", "line_name": "505"}, {"line_id": "92-505-A-j24-1", "route_id": "45.TA.92-505-A-j24-1.4.R", "mode": "bus", "line_name": "505"}], "predominant_mode": "bus", "assigned_canton": "Schwyz", "modes_list": ["bus"]}, "geometry": {"type": "Point", "coordinates": [8.708134198459366, 47.0091273007726]}}, {"id": "21685", "type": "Feature", "properties": {"name": "Rickenbach SZ, Meinradsrank", "lon": 8.693311989823929, "lat": 47.01031561101755, "stop_id": ["8577492.link:76782", "8577492.link:76785"], "lines": [{"line_id": "92-505-A-j24-1", "route_id": "21.TA.92-505-A-j24-1.2.H", "mode": "bus", "line_name": "505"}, {"line_id": "92-505-A-j24-1", "route_id": "9.TA.92-505-A-j24-1.1.H", "mode": "bus", "line_name": "505"}, {"line_id": "92-505-A-j24-1", "route_id": "27.TA.92-505-A-j24-1.2.H", "mode": "bus", "line_name": "505"}, {"line_id": "92-505-A-j24-1", "route_id": "18.TA.92-505-A-j24-1.2.H", "mode": "bus", "line_name": "505"}, {"line_id": "92-505-A-j24-1", "route_id": "8.TA.92-505-A-j24-1.1.H", "mode": "bus", "line_name": "505"}, {"line_id": "92-505-A-j24-1", "route_id": "6.TA.92-505-A-j24-1.18.H", "mode": "bus", "line_name": "505"}, {"line_id": "92-505-A-j24-1", "route_id": "33.TA.92-505-A-j24-1.3.R", "mode": "bus", "line_name": "505"}, {"line_id": "92-505-A-j24-1", "route_id": "57.TA.92-505-A-j24-1.4.R", "mode": "bus", "line_name": "505"}, {"line_id": "92-505-A-j24-1", "route_id": "45.TA.92-505-A-j24-1.4.R", "mode": "bus", "line_name": "505"}], "predominant_mode": "bus", "assigned_canton": "Schwyz", "modes_list": ["bus"]}, "geometry": {"type": "Point", "coordinates": [8.693311998474346, 47.01031562101037]}}, {"id": "21686", "type": "Feature", "properties": {"name": "Rickenbach SZ, Oberberg", "lon": 8.723782839690212, "lat": 47.00565405053844, "stop_id": ["8577496.link:63312", "8577496.link:63313"], "lines": [{"line_id": "92-505-A-j24-1", "route_id": "21.TA.92-505-A-j24-1.2.H", "mode": "bus", "line_name": "505"}, {"line_id": "92-505-A-j24-1", "route_id": "9.TA.92-505-A-j24-1.1.H", "mode": "bus", "line_name": "505"}, {"line_id": "92-505-A-j24-1", "route_id": "27.TA.92-505-A-j24-1.2.H", "mode": "bus", "line_name": "505"}, {"line_id": "92-505-A-j24-1", "route_id": "18.TA.92-505-A-j24-1.2.H", "mode": "bus", "line_name": "505"}, {"line_id": "92-505-A-j24-1", "route_id": "8.TA.92-505-A-j24-1.1.H", "mode": "bus", "line_name": "505"}, {"line_id": "92-505-A-j24-1", "route_id": "6.TA.92-505-A-j24-1.18.H", "mode": "bus", "line_name": "505"}, {"line_id": "92-505-A-j24-1", "route_id": "33.TA.92-505-A-j24-1.3.R", "mode": "bus", "line_name": "505"}, {"line_id": "92-505-A-j24-1", "route_id": "57.TA.92-505-A-j24-1.4.R", "mode": "bus", "line_name": "505"}, {"line_id": "92-505-A-j24-1", "route_id": "45.TA.92-505-A-j24-1.4.R", "mode": "bus", "line_name": "505"}], "predominant_mode": "bus", "assigned_canton": "Schwyz", "modes_list": ["bus"]}, "geometry": {"type": "Point", "coordinates": [8.723782848371677, 47.00565406052067]}}, {"id": "21687", "type": "Feature", "properties": {"name": "Rickenbach SZ, Rotenfluebahn", "lon": 8.669210189950483, "lat": 47.01464603139657, "stop_id": ["8505092.link:441463", "8505092.link:441464"], "lines": [{"line_id": "92-503-j24-1", "route_id": "441.TA.92-503-j24-1.65.R", "mode": "bus", "line_name": "503"}, {"line_id": "92-505-A-j24-1", "route_id": "57.TA.92-505-A-j24-1.4.R", "mode": "bus", "line_name": "505"}, {"line_id": "92-503-j24-1", "route_id": "273.TA.92-503-j24-1.64.R", "mode": "bus", "line_name": "503"}, {"line_id": "92-505-A-j24-1", "route_id": "45.TA.92-505-A-j24-1.4.R", "mode": "bus", "line_name": "505"}, {"line_id": "92-503-j24-1", "route_id": "483.TA.92-503-j24-1.67.R", "mode": "bus", "line_name": "503"}, {"line_id": "92-503-j24-1", "route_id": "379.TA.92-503-j24-1.65.R", "mode": "bus", "line_name": "503"}, {"line_id": "92-505-A-j24-1", "route_id": "33.TA.92-505-A-j24-1.3.R", "mode": "bus", "line_name": "505"}, {"line_id": "92-503-j24-1", "route_id": "473.TA.92-503-j24-1.67.R", "mode": "bus", "line_name": "503"}, {"line_id": "92-503-j24-1", "route_id": "172.TA.92-503-j24-1.10.H", "mode": "bus", "line_name": "503"}, {"line_id": "92-503-j24-1", "route_id": "21.TA.92-503-j24-1.6.H", "mode": "bus", "line_name": "503"}, {"line_id": "92-503-j24-1", "route_id": "225.TA.92-503-j24-1.10.H", "mode": "bus", "line_name": "503"}, {"line_id": "92-505-A-j24-1", "route_id": "21.TA.92-505-A-j24-1.2.H", "mode": "bus", "line_name": "505"}, {"line_id": "92-505-A-j24-1", "route_id": "9.TA.92-505-A-j24-1.1.H", "mode": "bus", "line_name": "505"}, {"line_id": "92-503-j24-1", "route_id": "167.TA.92-503-j24-1.9.H", "mode": "bus", "line_name": "503"}, {"line_id": "92-505-A-j24-1", "route_id": "27.TA.92-505-A-j24-1.2.H", "mode": "bus", "line_name": "505"}, {"line_id": "92-505-A-j24-1", "route_id": "18.TA.92-505-A-j24-1.2.H", "mode": "bus", "line_name": "505"}, {"line_id": "92-505-A-j24-1", "route_id": "8.TA.92-505-A-j24-1.1.H", "mode": "bus", "line_name": "505"}, {"line_id": "92-505-A-j24-1", "route_id": "6.TA.92-505-A-j24-1.18.H", "mode": "bus", "line_name": "505"}, {"line_id": "92-503-j24-1", "route_id": "134.TA.92-503-j24-1.9.H", "mode": "bus", "line_name": "503"}, {"line_id": "92-503-j24-1", "route_id": "67.TA.92-503-j24-1.9.H", "mode": "bus", "line_name": "503"}], "predominant_mode": "bus", "assigned_canton": "Schwyz", "modes_list": ["bus"]}, "geometry": {"type": "Point", "coordinates": [8.669210198576105, 47.014646041397974]}}, {"id": "21688", "type": "Feature", "properties": {"name": "Rickenbach SZ, Stalden", "lon": 8.676145179893362, "lat": 47.01276568128744, "stop_id": ["8577488.link:1761859", "8577488.link:673486", "8577488.link:673487"], "lines": [{"line_id": "92-503-j24-1", "route_id": "441.TA.92-503-j24-1.65.R", "mode": "bus", "line_name": "503"}, {"line_id": "92-503-j24-1", "route_id": "273.TA.92-503-j24-1.64.R", "mode": "bus", "line_name": "503"}, {"line_id": "92-503-j24-1", "route_id": "483.TA.92-503-j24-1.67.R", "mode": "bus", "line_name": "503"}, {"line_id": "92-503-j24-1", "route_id": "379.TA.92-503-j24-1.65.R", "mode": "bus", "line_name": "503"}, {"line_id": "92-503-j24-1", "route_id": "473.TA.92-503-j24-1.67.R", "mode": "bus", "line_name": "503"}, {"line_id": "92-503-j24-1", "route_id": "172.TA.92-503-j24-1.10.H", "mode": "bus", "line_name": "503"}, {"line_id": "92-503-j24-1", "route_id": "21.TA.92-503-j24-1.6.H", "mode": "bus", "line_name": "503"}, {"line_id": "92-503-j24-1", "route_id": "225.TA.92-503-j24-1.10.H", "mode": "bus", "line_name": "503"}, {"line_id": "92-505-A-j24-1", "route_id": "21.TA.92-505-A-j24-1.2.H", "mode": "bus", "line_name": "505"}, {"line_id": "92-505-A-j24-1", "route_id": "9.TA.92-505-A-j24-1.1.H", "mode": "bus", "line_name": "505"}, {"line_id": "92-503-j24-1", "route_id": "167.TA.92-503-j24-1.9.H", "mode": "bus", "line_name": "503"}, {"line_id": "92-505-A-j24-1", "route_id": "27.TA.92-505-A-j24-1.2.H", "mode": "bus", "line_name": "505"}, {"line_id": "92-505-A-j24-1", "route_id": "18.TA.92-505-A-j24-1.2.H", "mode": "bus", "line_name": "505"}, {"line_id": "92-505-A-j24-1", "route_id": "8.TA.92-505-A-j24-1.1.H", "mode": "bus", "line_name": "505"}, {"line_id": "92-505-A-j24-1", "route_id": "6.TA.92-505-A-j24-1.18.H", "mode": "bus", "line_name": "505"}, {"line_id": "92-503-j24-1", "route_id": "134.TA.92-503-j24-1.9.H", "mode": "bus", "line_name": "503"}, {"line_id": "92-503-j24-1", "route_id": "67.TA.92-503-j24-1.9.H", "mode": "bus", "line_name": "503"}, {"line_id": "92-505-A-j24-1", "route_id": "33.TA.92-505-A-j24-1.3.R", "mode": "bus", "line_name": "505"}, {"line_id": "92-505-A-j24-1", "route_id": "57.TA.92-505-A-j24-1.4.R", "mode": "bus", "line_name": "505"}, {"line_id": "92-505-A-j24-1", "route_id": "45.TA.92-505-A-j24-1.4.R", "mode": "bus", "line_name": "505"}], "predominant_mode": "bus", "assigned_canton": "Schwyz", "modes_list": ["bus"]}, "geometry": {"type": "Point", "coordinates": [8.676145188526307, 47.012765691286106]}}, {"id": "21689", "type": "Feature", "properties": {"name": "Rickenbach SZ, Windstock", "lon": 8.686341059801226, "lat": 47.009752081127026, "stop_id": ["8577490.link:76764", "8577490.link:76765"], "lines": [{"line_id": "92-505-A-j24-1", "route_id": "21.TA.92-505-A-j24-1.2.H", "mode": "bus", "line_name": "505"}, {"line_id": "92-505-A-j24-1", "route_id": "9.TA.92-505-A-j24-1.1.H", "mode": "bus", "line_name": "505"}, {"line_id": "92-505-A-j24-1", "route_id": "27.TA.92-505-A-j24-1.2.H", "mode": "bus", "line_name": "505"}, {"line_id": "92-505-A-j24-1", "route_id": "18.TA.92-505-A-j24-1.2.H", "mode": "bus", "line_name": "505"}, {"line_id": "92-505-A-j24-1", "route_id": "8.TA.92-505-A-j24-1.1.H", "mode": "bus", "line_name": "505"}, {"line_id": "92-505-A-j24-1", "route_id": "6.TA.92-505-A-j24-1.18.H", "mode": "bus", "line_name": "505"}, {"line_id": "92-505-A-j24-1", "route_id": "33.TA.92-505-A-j24-1.3.R", "mode": "bus", "line_name": "505"}, {"line_id": "92-505-A-j24-1", "route_id": "57.TA.92-505-A-j24-1.4.R", "mode": "bus", "line_name": "505"}, {"line_id": "92-505-A-j24-1", "route_id": "45.TA.92-505-A-j24-1.4.R", "mode": "bus", "line_name": "505"}], "predominant_mode": "bus", "assigned_canton": "Schwyz", "modes_list": ["bus"]}, "geometry": {"type": "Point", "coordinates": [8.686341068445012, 47.00975209112165]}}, {"id": "21705", "type": "Feature", "properties": {"name": "Ried (Muotathal) (Seilbahn)", "lon": 8.724249958986915, "lat": 46.98409897052914, "stop_id": ["8530400.link:pt_8530400"], "lines": [{"line_id": "93-H-Y-j24-1", "route_id": "483.TA.93-H-Y-j24-1.2.R", "mode": "cable car", "line_name": "PB"}, {"line_id": "93-H-Y-j24-1", "route_id": "251.TA.93-H-Y-j24-1.1.H", "mode": "cable car", "line_name": "PB"}], "predominant_mode": "cable car", "assigned_canton": "Schwyz", "modes_list": ["cable car"]}, "geometry": {"type": "Point", "coordinates": [8.724249967675254, 46.98409898050313]}}, {"id": "21706", "type": "Feature", "properties": {"name": "Ried (Muotathal), Gr\u00fcnenwald", "lon": 8.679801319227892, "lat": 46.992316411228224, "stop_id": ["8577454.link:562567", "8577454.link:562568"], "lines": [{"line_id": "92-501-j24-1", "route_id": "1027.TA.92-501-j24-1.442.R", "mode": "bus", "line_name": "501"}, {"line_id": "92-501-j24-1", "route_id": "1204.TA.92-501-j24-1.446.R", "mode": "bus", "line_name": "501"}, {"line_id": "92-501-j24-1", "route_id": "916.TA.92-501-j24-1.440.R", "mode": "bus", "line_name": "501"}, {"line_id": "92-501-j24-1", "route_id": "970.TA.92-501-j24-1.48.R", "mode": "bus", "line_name": "501"}, {"line_id": "92-501-j24-1", "route_id": "598.TA.92-501-j24-1.433.H", "mode": "bus", "line_name": "501"}, {"line_id": "92-501-j24-1", "route_id": "568.TA.92-501-j24-1.433.H", "mode": "bus", "line_name": "501"}, {"line_id": "92-501-j24-1", "route_id": "283.TA.92-501-j24-1.427.H", "mode": "bus", "line_name": "501"}, {"line_id": "92-501-j24-1", "route_id": "173.TA.92-501-j24-1.14.H", "mode": "bus", "line_name": "501"}, {"line_id": "92-501-j24-1", "route_id": "408.TA.92-501-j24-1.429.H", "mode": "bus", "line_name": "501"}, {"line_id": "92-501-j24-1", "route_id": "299.TA.92-501-j24-1.427.H", "mode": "bus", "line_name": "501"}], "predominant_mode": "bus", "assigned_canton": "Schwyz", "modes_list": ["bus"]}, "geometry": {"type": "Point", "coordinates": [8.679801327870466, 46.99231642121816]}}, {"id": "21707", "type": "Feature", "properties": {"name": "Ried (Muotathal), Hesigen", "lon": 8.697498139180793, "lat": 46.99053944095006, "stop_id": ["8577456.link:188076", "8577456.link:188077"], "lines": [{"line_id": "92-501-j24-1", "route_id": "1027.TA.92-501-j24-1.442.R", "mode": "bus", "line_name": "501"}, {"line_id": "92-501-j24-1", "route_id": "1204.TA.92-501-j24-1.446.R", "mode": "bus", "line_name": "501"}, {"line_id": "92-501-j24-1", "route_id": "916.TA.92-501-j24-1.440.R", "mode": "bus", "line_name": "501"}, {"line_id": "92-501-j24-1", "route_id": "970.TA.92-501-j24-1.48.R", "mode": "bus", "line_name": "501"}, {"line_id": "92-501-j24-1", "route_id": "598.TA.92-501-j24-1.433.H", "mode": "bus", "line_name": "501"}, {"line_id": "92-501-j24-1", "route_id": "568.TA.92-501-j24-1.433.H", "mode": "bus", "line_name": "501"}, {"line_id": "92-501-j24-1", "route_id": "283.TA.92-501-j24-1.427.H", "mode": "bus", "line_name": "501"}, {"line_id": "92-501-j24-1", "route_id": "173.TA.92-501-j24-1.14.H", "mode": "bus", "line_name": "501"}, {"line_id": "92-501-j24-1", "route_id": "408.TA.92-501-j24-1.429.H", "mode": "bus", "line_name": "501"}, {"line_id": "92-501-j24-1", "route_id": "299.TA.92-501-j24-1.427.H", "mode": "bus", "line_name": "501"}], "predominant_mode": "bus", "assigned_canton": "Schwyz", "modes_list": ["bus"]}, "geometry": {"type": "Point", "coordinates": [8.69749814784116, 46.99053945093422]}}, {"id": "21708", "type": "Feature", "properties": {"name": "Ried (Muotathal), Kappelmatt", "lon": 8.71229338906663, "lat": 46.986764720717275, "stop_id": ["8577458.link:554845", "8577458.link:554846"], "lines": [{"line_id": "92-501-j24-1", "route_id": "1027.TA.92-501-j24-1.442.R", "mode": "bus", "line_name": "501"}, {"line_id": "92-501-j24-1", "route_id": "1204.TA.92-501-j24-1.446.R", "mode": "bus", "line_name": "501"}, {"line_id": "92-501-j24-1", "route_id": "916.TA.92-501-j24-1.440.R", "mode": "bus", "line_name": "501"}, {"line_id": "92-501-j24-1", "route_id": "970.TA.92-501-j24-1.48.R", "mode": "bus", "line_name": "501"}, {"line_id": "92-501-j24-1", "route_id": "598.TA.92-501-j24-1.433.H", "mode": "bus", "line_name": "501"}, {"line_id": "92-501-j24-1", "route_id": "568.TA.92-501-j24-1.433.H", "mode": "bus", "line_name": "501"}, {"line_id": "92-501-j24-1", "route_id": "283.TA.92-501-j24-1.427.H", "mode": "bus", "line_name": "501"}, {"line_id": "92-501-j24-1", "route_id": "173.TA.92-501-j24-1.14.H", "mode": "bus", "line_name": "501"}, {"line_id": "92-501-j24-1", "route_id": "408.TA.92-501-j24-1.429.H", "mode": "bus", "line_name": "501"}, {"line_id": "92-501-j24-1", "route_id": "299.TA.92-501-j24-1.427.H", "mode": "bus", "line_name": "501"}], "predominant_mode": "bus", "assigned_canton": "Schwyz", "modes_list": ["bus"]}, "geometry": {"type": "Point", "coordinates": [8.712293397742535, 46.98676473069568]}}, {"id": "21709", "type": "Feature", "properties": {"name": "Ried (Muotathal), M\u00fchlestuden", "lon": 8.704783469130675, "lat": 46.988866590835464, "stop_id": ["8577457.link:1117328", "8577457.link:1117329"], "lines": [{"line_id": "92-501-j24-1", "route_id": "1027.TA.92-501-j24-1.442.R", "mode": "bus", "line_name": "501"}, {"line_id": "92-501-j24-1", "route_id": "1204.TA.92-501-j24-1.446.R", "mode": "bus", "line_name": "501"}, {"line_id": "92-501-j24-1", "route_id": "916.TA.92-501-j24-1.440.R", "mode": "bus", "line_name": "501"}, {"line_id": "92-501-j24-1", "route_id": "970.TA.92-501-j24-1.48.R", "mode": "bus", "line_name": "501"}, {"line_id": "92-501-j24-1", "route_id": "598.TA.92-501-j24-1.433.H", "mode": "bus", "line_name": "501"}, {"line_id": "92-501-j24-1", "route_id": "568.TA.92-501-j24-1.433.H", "mode": "bus", "line_name": "501"}, {"line_id": "92-501-j24-1", "route_id": "283.TA.92-501-j24-1.427.H", "mode": "bus", "line_name": "501"}, {"line_id": "92-501-j24-1", "route_id": "173.TA.92-501-j24-1.14.H", "mode": "bus", "line_name": "501"}, {"line_id": "92-501-j24-1", "route_id": "408.TA.92-501-j24-1.429.H", "mode": "bus", "line_name": "501"}, {"line_id": "92-501-j24-1", "route_id": "299.TA.92-501-j24-1.427.H", "mode": "bus", "line_name": "501"}], "predominant_mode": "bus", "assigned_canton": "Schwyz", "modes_list": ["bus"]}, "geometry": {"type": "Point", "coordinates": [8.704783477798637, 46.98886660081688]}}, {"id": "21710", "type": "Feature", "properties": {"name": "Ried (Muotathal), Seilb.Illgau", "lon": 8.724151148976654, "lat": 46.983786420530684, "stop_id": ["8505083.link:1117334", "8505083.link:1117335"], "lines": [{"line_id": "92-501-j24-1", "route_id": "1027.TA.92-501-j24-1.442.R", "mode": "bus", "line_name": "501"}, {"line_id": "92-501-j24-1", "route_id": "1204.TA.92-501-j24-1.446.R", "mode": "bus", "line_name": "501"}, {"line_id": "92-501-j24-1", "route_id": "916.TA.92-501-j24-1.440.R", "mode": "bus", "line_name": "501"}, {"line_id": "92-501-j24-1", "route_id": "970.TA.92-501-j24-1.48.R", "mode": "bus", "line_name": "501"}, {"line_id": "92-501-j24-1", "route_id": "598.TA.92-501-j24-1.433.H", "mode": "bus", "line_name": "501"}, {"line_id": "92-501-j24-1", "route_id": "568.TA.92-501-j24-1.433.H", "mode": "bus", "line_name": "501"}, {"line_id": "92-501-j24-1", "route_id": "283.TA.92-501-j24-1.427.H", "mode": "bus", "line_name": "501"}, {"line_id": "92-501-j24-1", "route_id": "173.TA.92-501-j24-1.14.H", "mode": "bus", "line_name": "501"}, {"line_id": "92-501-j24-1", "route_id": "408.TA.92-501-j24-1.429.H", "mode": "bus", "line_name": "501"}, {"line_id": "92-501-j24-1", "route_id": "299.TA.92-501-j24-1.427.H", "mode": "bus", "line_name": "501"}], "predominant_mode": "bus", "assigned_canton": "Schwyz", "modes_list": ["bus"]}, "geometry": {"type": "Point", "coordinates": [8.724151157664988, 46.98378643050456]}}, {"id": "21711", "type": "Feature", "properties": {"name": "Ried (Muotathal), Selgis", "lon": 8.689682789227007, "lat": 46.99210195107297, "stop_id": ["8577455.link:699916", "8577455.link:699917"], "lines": [{"line_id": "92-501-j24-1", "route_id": "1027.TA.92-501-j24-1.442.R", "mode": "bus", "line_name": "501"}, {"line_id": "92-501-j24-1", "route_id": "1204.TA.92-501-j24-1.446.R", "mode": "bus", "line_name": "501"}, {"line_id": "92-501-j24-1", "route_id": "916.TA.92-501-j24-1.440.R", "mode": "bus", "line_name": "501"}, {"line_id": "92-501-j24-1", "route_id": "970.TA.92-501-j24-1.48.R", "mode": "bus", "line_name": "501"}, {"line_id": "92-501-j24-1", "route_id": "598.TA.92-501-j24-1.433.H", "mode": "bus", "line_name": "501"}, {"line_id": "92-501-j24-1", "route_id": "568.TA.92-501-j24-1.433.H", "mode": "bus", "line_name": "501"}, {"line_id": "92-501-j24-1", "route_id": "283.TA.92-501-j24-1.427.H", "mode": "bus", "line_name": "501"}, {"line_id": "92-501-j24-1", "route_id": "173.TA.92-501-j24-1.14.H", "mode": "bus", "line_name": "501"}, {"line_id": "92-501-j24-1", "route_id": "408.TA.92-501-j24-1.429.H", "mode": "bus", "line_name": "501"}, {"line_id": "92-501-j24-1", "route_id": "299.TA.92-501-j24-1.427.H", "mode": "bus", "line_name": "501"}], "predominant_mode": "bus", "assigned_canton": "Schwyz", "modes_list": ["bus"]}, "geometry": {"type": "Point", "coordinates": [8.689682797879287, 46.99210196105999]}}, {"id": "21712", "type": "Feature", "properties": {"name": "Ried (Muotathal), Vord. Br\u00fccke", "lon": 8.7277084789026, "lat": 46.98145147047458, "stop_id": ["8577459.link:587934", "8577459.link:587935"], "lines": [{"line_id": "92-501-j24-1", "route_id": "1027.TA.92-501-j24-1.442.R", "mode": "bus", "line_name": "501"}, {"line_id": "92-501-j24-1", "route_id": "1204.TA.92-501-j24-1.446.R", "mode": "bus", "line_name": "501"}, {"line_id": "92-501-j24-1", "route_id": "916.TA.92-501-j24-1.440.R", "mode": "bus", "line_name": "501"}, {"line_id": "92-501-j24-1", "route_id": "970.TA.92-501-j24-1.48.R", "mode": "bus", "line_name": "501"}, {"line_id": "92-501-j24-1", "route_id": "598.TA.92-501-j24-1.433.H", "mode": "bus", "line_name": "501"}, {"line_id": "92-501-j24-1", "route_id": "568.TA.92-501-j24-1.433.H", "mode": "bus", "line_name": "501"}, {"line_id": "92-501-j24-1", "route_id": "283.TA.92-501-j24-1.427.H", "mode": "bus", "line_name": "501"}, {"line_id": "92-501-j24-1", "route_id": "173.TA.92-501-j24-1.14.H", "mode": "bus", "line_name": "501"}, {"line_id": "92-501-j24-1", "route_id": "408.TA.92-501-j24-1.429.H", "mode": "bus", "line_name": "501"}, {"line_id": "92-501-j24-1", "route_id": "299.TA.92-501-j24-1.427.H", "mode": "bus", "line_name": "501"}], "predominant_mode": "bus", "assigned_canton": "Schwyz", "modes_list": ["bus"]}, "geometry": {"type": "Point", "coordinates": [8.727708487595095, 46.981451480446566]}}, {"id": "21780", "type": "Feature", "properties": {"name": "Riedmatt SZ", "lon": 8.71210474594372, "lat": 47.19670719073321, "stop_id": ["8503294.link:14857", "8503294.link:14858"], "lines": [{"line_id": "91-40-j24-1", "route_id": "389.TA.91-40-j24-1.51.R", "mode": "rail", "line_name": "S40"}, {"line_id": "91-40-j24-1", "route_id": "333.TA.91-40-j24-1.49.R", "mode": "rail", "line_name": "S40"}, {"line_id": "91-40-j24-1", "route_id": "291.TA.91-40-j24-1.155.R", "mode": "rail", "line_name": "S40"}, {"line_id": "91-40-j24-1", "route_id": "377.TA.91-40-j24-1.50.R", "mode": "rail", "line_name": "S40"}, {"line_id": "91-40-j24-1", "route_id": "369.TA.91-40-j24-1.50.R", "mode": "rail", "line_name": "S40"}, {"line_id": "91-40-j24-1", "route_id": "399.TA.91-40-j24-1.51.R", "mode": "rail", "line_name": "S40"}, {"line_id": "91-40-j24-1", "route_id": "468.TA.91-40-j24-1.156.R", "mode": "rail", "line_name": "S40"}, {"line_id": "91-40-j24-1", "route_id": "395.TA.91-40-j24-1.51.R", "mode": "rail", "line_name": "S40"}, {"line_id": "91-VAE-j24-1", "route_id": "414.TA.91-VAE-j24-1.93.H", "mode": "rail", "line_name": "VAE"}, {"line_id": "91-40-j24-1", "route_id": "279.TA.91-40-j24-1.80.R", "mode": "rail", "line_name": "S40"}, {"line_id": "91-40-j24-1", "route_id": "379.TA.91-40-j24-1.50.R", "mode": "rail", "line_name": "S40"}, {"line_id": "91-40-j24-1", "route_id": "203.TA.91-40-j24-1.24.H", "mode": "rail", "line_name": "S40"}, {"line_id": "91-40-j24-1", "route_id": "154.TA.91-40-j24-1.20.H", "mode": "rail", "line_name": "S40"}, {"line_id": "91-40-j24-1", "route_id": "52.TA.91-40-j24-1.13.H", "mode": "rail", "line_name": "S40"}, {"line_id": "91-40-j24-1", "route_id": "218.TA.91-40-j24-1.24.H", "mode": "rail", "line_name": "S40"}, {"line_id": "91-40-j24-1", "route_id": "216.TA.91-40-j24-1.24.H", "mode": "rail", "line_name": "S40"}, {"line_id": "91-VAE-j24-1", "route_id": "904.TA.91-VAE-j24-1.98.R", "mode": "rail", "line_name": "VAE"}, {"line_id": "91-40-j24-1", "route_id": "83.TA.91-40-j24-1.15.H", "mode": "rail", "line_name": "S40"}, {"line_id": "91-40-j24-1", "route_id": "158.TA.91-40-j24-1.20.H", "mode": "rail", "line_name": "S40"}, {"line_id": "91-40-j24-1", "route_id": "171.TA.91-40-j24-1.20.H", "mode": "rail", "line_name": "S40"}, {"line_id": "91-40-j24-1", "route_id": "34.TA.91-40-j24-1.147.H", "mode": "rail", "line_name": "S40"}, {"line_id": "91-40-j24-1", "route_id": "147.TA.91-40-j24-1.19.H", "mode": "rail", "line_name": "S40"}, {"line_id": "91-40-j24-1", "route_id": "223.TA.91-40-j24-1.28.H", "mode": "rail", "line_name": "S40"}, {"line_id": "91-40-j24-1", "route_id": "124.TA.91-40-j24-1.150.H", "mode": "rail", "line_name": "S40"}], "predominant_mode": "rail", "assigned_canton": "Schwyz", "modes_list": ["rail"]}, "geometry": {"type": "Point", "coordinates": [8.712104754555991, 47.19670720078757]}}, {"id": "21854", "type": "Feature", "properties": {"name": "Riemenstalden, Ch\u00e4ppeliberg", "lon": 8.686278177739291, "lat": 46.94654984112204, "stop_id": ["8573139.link:242203", "8573139.link:242204"], "lines": [{"line_id": "92-541-A-j24-1", "route_id": "50.TA.92-541-A-j24-1.2.R", "mode": "bus", "line_name": "541"}, {"line_id": "92-541-A-j24-1", "route_id": "19.TA.92-541-A-j24-1.1.H", "mode": "bus", "line_name": "541"}, {"line_id": "92-541-A-j24-1", "route_id": "36.TA.92-541-A-j24-1.3.H", "mode": "bus", "line_name": "541"}], "predominant_mode": "bus", "assigned_canton": "Schwyz", "modes_list": ["bus"]}, "geometry": {"type": "Point", "coordinates": [8.686278186401694, 46.946549851092776]}}, {"id": "21855", "type": "Feature", "properties": {"name": "Riemenstalden, H\u00fcsern", "lon": 8.64975267776339, "lat": 46.94799099169597, "stop_id": ["8573135.link:516402", "8573135.link:516403"], "lines": [{"line_id": "92-541-A-j24-1", "route_id": "50.TA.92-541-A-j24-1.2.R", "mode": "bus", "line_name": "541"}, {"line_id": "92-541-A-j24-1", "route_id": "19.TA.92-541-A-j24-1.1.H", "mode": "bus", "line_name": "541"}, {"line_id": "92-541-A-j24-1", "route_id": "36.TA.92-541-A-j24-1.3.H", "mode": "bus", "line_name": "541"}], "predominant_mode": "bus", "assigned_canton": "Schwyz", "modes_list": ["bus"]}, "geometry": {"type": "Point", "coordinates": [8.64975268638961, 46.947991001677785]}}, {"id": "21856", "type": "Feature", "properties": {"name": "Riemenstalden, Langr\u00fcti", "lon": 8.657603947733993, "lat": 46.94693619157251, "stop_id": ["8573136.link:516637", "8573136.link:516638"], "lines": [{"line_id": "92-541-A-j24-1", "route_id": "50.TA.92-541-A-j24-1.2.R", "mode": "bus", "line_name": "541"}, {"line_id": "92-541-A-j24-1", "route_id": "19.TA.92-541-A-j24-1.1.H", "mode": "bus", "line_name": "541"}, {"line_id": "92-541-A-j24-1", "route_id": "36.TA.92-541-A-j24-1.3.H", "mode": "bus", "line_name": "541"}], "predominant_mode": "bus", "assigned_canton": "Schwyz", "modes_list": ["bus"]}, "geometry": {"type": "Point", "coordinates": [8.657603956368217, 46.94693620155167]}}, {"id": "21857", "type": "Feature", "properties": {"name": "Riemenstalden, Riedberg", "lon": 8.64195529779882, "lat": 46.94922973181856, "stop_id": ["8573134.link:881089", "8573134.link:881090"], "lines": [{"line_id": "92-541-A-j24-1", "route_id": "50.TA.92-541-A-j24-1.2.R", "mode": "bus", "line_name": "541"}, {"line_id": "92-541-A-j24-1", "route_id": "19.TA.92-541-A-j24-1.1.H", "mode": "bus", "line_name": "541"}, {"line_id": "92-541-A-j24-1", "route_id": "36.TA.92-541-A-j24-1.3.H", "mode": "bus", "line_name": "541"}], "predominant_mode": "bus", "assigned_canton": "Schwyz", "modes_list": ["bus"]}, "geometry": {"type": "Point", "coordinates": [8.641955306417033, 46.94922974180313]}}, {"id": "21858", "type": "Feature", "properties": {"name": "Riemenstalden, alte Post", "lon": 8.66579658773294, "lat": 46.94674608144378, "stop_id": ["8573137.link:215819", "8573137.link:215820"], "lines": [{"line_id": "92-541-A-j24-1", "route_id": "50.TA.92-541-A-j24-1.2.R", "mode": "bus", "line_name": "541"}, {"line_id": "92-541-A-j24-1", "route_id": "19.TA.92-541-A-j24-1.1.H", "mode": "bus", "line_name": "541"}, {"line_id": "92-541-A-j24-1", "route_id": "36.TA.92-541-A-j24-1.3.H", "mode": "bus", "line_name": "541"}], "predominant_mode": "bus", "assigned_canton": "Schwyz", "modes_list": ["bus"]}, "geometry": {"type": "Point", "coordinates": [8.665796596375241, 46.9467460914205]}}, {"id": "21892", "type": "Feature", "properties": {"name": "Rigi Kl\u00f6sterli", "lon": 8.487130660743276, "lat": 47.0425434042588, "stop_id": ["8505066.link:1398354", "8505066.link:1398355"], "lines": [{"line_id": "93-81-j24-1", "route_id": "14.TA.93-81-j24-1.14.H", "mode": "rail", "line_name": "81"}, {"line_id": "93-81-j24-1", "route_id": "4.TA.93-81-j24-1.14.H", "mode": "rail", "line_name": "81"}, {"line_id": "93-81-j24-1", "route_id": "16.TA.93-81-j24-1.16.R", "mode": "rail", "line_name": "81"}, {"line_id": "93-81-j24-1", "route_id": "26.TA.93-81-j24-1.16.R", "mode": "rail", "line_name": "81"}], "predominant_mode": "rail", "assigned_canton": "Schwyz", "modes_list": ["rail"]}, "geometry": {"type": "Point", "coordinates": [8.487130669181777, 47.042543414322715]}}, {"id": "21893", "type": "Feature", "properties": {"name": "Rigi Kulm", "lon": 8.484714196154696, "lat": 47.05516927429774, "stop_id": ["8505069.link:1427241", "8505069.link:162226", "8505069:0:1.link:1427240", "8505069:0:2.link:162225"], "lines": [{"line_id": "93-82-j24-1", "route_id": "13.TA.93-82-j24-1.29.H", "mode": "rail", "line_name": "82"}, {"line_id": "93-81-j24-1", "route_id": "16.TA.93-81-j24-1.16.R", "mode": "rail", "line_name": "81"}, {"line_id": "93-81-j24-1", "route_id": "26.TA.93-81-j24-1.16.R", "mode": "rail", "line_name": "81"}, {"line_id": "93-82-j24-1", "route_id": "28.TA.93-82-j24-1.32.R", "mode": "rail", "line_name": "82"}, {"line_id": "93-81-j24-1", "route_id": "14.TA.93-81-j24-1.14.H", "mode": "rail", "line_name": "81"}, {"line_id": "93-81-j24-1", "route_id": "4.TA.93-81-j24-1.14.H", "mode": "rail", "line_name": "81"}], "predominant_mode": "rail", "assigned_canton": "Schwyz", "modes_list": ["rail"]}, "geometry": {"type": "Point", "coordinates": [8.484714204587137, 47.05516928436698]}}, {"id": "21894", "type": "Feature", "properties": {"name": "Rigi Scheidegg", "lon": 8.522218860277054, "lat": 47.02755559370656, "stop_id": ["8505078.link:pt_8505078"], "lines": [{"line_id": "93-256-4-j24-1", "route_id": "5.TA.93-256-4-j24-1.1.H", "mode": "cable car", "line_name": "2564"}, {"line_id": "93-256-4-j24-1", "route_id": "40.TA.93-256-4-j24-1.2.R", "mode": "cable car", "line_name": "2564"}], "predominant_mode": "cable car", "assigned_canton": "Schwyz", "modes_list": ["cable car"]}, "geometry": {"type": "Point", "coordinates": [8.522218868754587, 47.02755560375491]}}, {"id": "21895", "type": "Feature", "properties": {"name": "Rigi Staffel", "lon": 8.473714326087391, "lat": 47.05334390947034, "stop_id": ["8505068:0:1.link:1427228", "8505068:0:1.link:1427229", "8505068:0:3AB.link:1427258", "8505068:0:3AB.link:1427259"], "lines": [{"line_id": "93-81-j24-1", "route_id": "14.TA.93-81-j24-1.14.H", "mode": "rail", "line_name": "81"}, {"line_id": "93-81-j24-1", "route_id": "4.TA.93-81-j24-1.14.H", "mode": "rail", "line_name": "81"}, {"line_id": "93-81-j24-1", "route_id": "16.TA.93-81-j24-1.16.R", "mode": "rail", "line_name": "81"}, {"line_id": "93-81-j24-1", "route_id": "26.TA.93-81-j24-1.16.R", "mode": "rail", "line_name": "81"}, {"line_id": "93-82-j24-1", "route_id": "28.TA.93-82-j24-1.32.R", "mode": "rail", "line_name": "82"}, {"line_id": "93-82-j24-1", "route_id": "13.TA.93-82-j24-1.29.H", "mode": "rail", "line_name": "82"}], "predominant_mode": "rail", "assigned_canton": "Schwyz", "modes_list": ["rail"]}, "geometry": {"type": "Point", "coordinates": [8.473714334509483, 47.053343919542066]}}, {"id": "21897", "type": "Feature", "properties": {"name": "Rigi W\u00f6lfertschen-First", "lon": 8.476512580889937, "lat": 47.04725072442594, "stop_id": ["8505067.link:1427270", "8505067.link:1427271"], "lines": [{"line_id": "93-81-j24-1", "route_id": "14.TA.93-81-j24-1.14.H", "mode": "rail", "line_name": "81"}, {"line_id": "93-81-j24-1", "route_id": "4.TA.93-81-j24-1.14.H", "mode": "rail", "line_name": "81"}, {"line_id": "93-81-j24-1", "route_id": "16.TA.93-81-j24-1.16.R", "mode": "rail", "line_name": "81"}, {"line_id": "93-81-j24-1", "route_id": "26.TA.93-81-j24-1.16.R", "mode": "rail", "line_name": "81"}], "predominant_mode": "rail", "assigned_canton": "Schwyz", "modes_list": ["rail"]}, "geometry": {"type": "Point", "coordinates": [8.476512589316568, 47.0472507344946]}}, {"id": "22258", "type": "Feature", "properties": {"name": "Rotenflue (Mythenregion)", "lon": 8.703067690173622, "lat": 47.02083786086516, "stop_id": ["8595500.link:pt_8595500"], "lines": [{"line_id": "93-256-9-j24-1", "route_id": "613.TA.93-256-9-j24-1.1.H", "mode": "cable car", "line_name": "2569"}, {"line_id": "93-256-9-j24-1", "route_id": "3320.TA.93-256-9-j24-1.2.R", "mode": "cable car", "line_name": "2569"}], "predominant_mode": "cable car", "assigned_canton": "Schwyz", "modes_list": ["cable car"]}, "geometry": {"type": "Point", "coordinates": [8.703067698830406, 47.020837870859026]}}, {"id": "22284", "type": "Feature", "properties": {"name": "Rothenthurm", "lon": 8.674480306268793, "lat": 47.105768714653635, "stop_id": ["8503282:0:1.link:1364269", "8503282:0:2.link:374723", "8503282:0:2.link:374724"], "lines": [{"line_id": "91-VAE-j24-1", "route_id": "391.TA.91-VAE-j24-1.20.H", "mode": "rail", "line_name": "VAE"}, {"line_id": "91-VAE-j24-1", "route_id": "312.TA.91-VAE-j24-1.15.H", "mode": "rail", "line_name": "VAE"}, {"line_id": "91-VAE-j24-1", "route_id": "278.TA.91-VAE-j24-1.12.H", "mode": "rail", "line_name": "VAE"}, {"line_id": "91-VAE-j24-1", "route_id": "339.TA.91-VAE-j24-1.17.H", "mode": "rail", "line_name": "VAE"}, {"line_id": "91-VAE-j24-1", "route_id": "267.TA.91-VAE-j24-1.10.H", "mode": "rail", "line_name": "VAE"}, {"line_id": "91-VAE-j24-1", "route_id": "348.TA.91-VAE-j24-1.18.H", "mode": "rail", "line_name": "VAE"}, {"line_id": "91-31-A-j24-1", "route_id": "18.TA.91-31-A-j24-1.62.H", "mode": "rail", "line_name": "S31"}, {"line_id": "91-VAE-j24-1", "route_id": "32.TA.91-VAE-j24-1.2.H", "mode": "rail", "line_name": "VAE"}, {"line_id": "91-VAE-j24-1", "route_id": "323.TA.91-VAE-j24-1.16.H", "mode": "rail", "line_name": "VAE"}, {"line_id": "91-VAE-j24-1", "route_id": "414.TA.91-VAE-j24-1.93.H", "mode": "rail", "line_name": "VAE"}, {"line_id": "91-VAE-j24-1", "route_id": "302.TA.91-VAE-j24-1.14.H", "mode": "rail", "line_name": "VAE"}, {"line_id": "91-31-A-j24-1", "route_id": "22.TA.91-31-A-j24-1.64.H", "mode": "rail", "line_name": "S31"}, {"line_id": "91-31-A-j24-1", "route_id": "21.TA.91-31-A-j24-1.63.H", "mode": "rail", "line_name": "S31"}, {"line_id": "91-31-A-j24-1", "route_id": "6.TA.91-31-A-j24-1.61.H", "mode": "rail", "line_name": "S31"}, {"line_id": "91-31-A-j24-1", "route_id": "29.TA.91-31-A-j24-1.66.R", "mode": "rail", "line_name": "S31"}, {"line_id": "91-VAE-j24-1", "route_id": "818.TA.91-VAE-j24-1.48.R", "mode": "rail", "line_name": "VAE"}, {"line_id": "91-31-A-j24-1", "route_id": "24.TA.91-31-A-j24-1.65.R", "mode": "rail", "line_name": "S31"}, {"line_id": "91-VAE-j24-1", "route_id": "904.TA.91-VAE-j24-1.98.R", "mode": "rail", "line_name": "VAE"}, {"line_id": "91-31-A-j24-1", "route_id": "30.TA.91-31-A-j24-1.67.R", "mode": "rail", "line_name": "S31"}, {"line_id": "91-VAE-j24-1", "route_id": "868.TA.91-VAE-j24-1.54.R", "mode": "rail", "line_name": "VAE"}, {"line_id": "91-VAE-j24-1", "route_id": "705.TA.91-VAE-j24-1.44.R", "mode": "rail", "line_name": "VAE"}, {"line_id": "91-VAE-j24-1", "route_id": "574.TA.91-VAE-j24-1.95.R", "mode": "rail", "line_name": "VAE"}, {"line_id": "91-VAE-j24-1", "route_id": "465.TA.91-VAE-j24-1.25.R", "mode": "rail", "line_name": "VAE"}, {"line_id": "91-VAE-j24-1", "route_id": "837.TA.91-VAE-j24-1.49.R", "mode": "rail", "line_name": "VAE"}, {"line_id": "91-31-A-j24-1", "route_id": "33.TA.91-31-A-j24-1.67.R", "mode": "rail", "line_name": "S31"}, {"line_id": "91-VAE-j24-1", "route_id": "784.TA.91-VAE-j24-1.47.R", "mode": "rail", "line_name": "VAE"}, {"line_id": "91-VAE-j24-1", "route_id": "865.TA.91-VAE-j24-1.53.R", "mode": "rail", "line_name": "VAE"}], "predominant_mode": "rail", "assigned_canton": "Schwyz", "modes_list": ["rail"]}, "geometry": {"type": "Point", "coordinates": [8.6744803148723, 47.1057687246869]}}, {"id": "22285", "type": "Feature", "properties": {"name": "Rothenthurm, Altmatt Bahnhof", "lon": 8.697578983808013, "lat": 47.13194803095878, "stop_id": ["8587856.link:948513", "8587856.link:948514"], "lines": [{"line_id": "92-507-A-j24-1", "route_id": "212.TA.92-507-A-j24-1.7.H", "mode": "bus", "line_name": "507"}, {"line_id": "92-507-A-j24-1", "route_id": "86.TA.92-507-A-j24-1.4.H", "mode": "bus", "line_name": "507"}, {"line_id": "92-507-A-j24-1", "route_id": "213.TA.92-507-A-j24-1.7.H", "mode": "bus", "line_name": "507"}, {"line_id": "92-507-A-j24-1", "route_id": "135.TA.92-507-A-j24-1.6.H", "mode": "bus", "line_name": "507"}, {"line_id": "92-507-A-j24-1", "route_id": "199.TA.92-507-A-j24-1.7.H", "mode": "bus", "line_name": "507"}, {"line_id": "92-507-A-j24-1", "route_id": "359.TA.92-507-A-j24-1.14.R", "mode": "bus", "line_name": "507"}, {"line_id": "92-507-A-j24-1", "route_id": "340.TA.92-507-A-j24-1.13.R", "mode": "bus", "line_name": "507"}, {"line_id": "92-507-A-j24-1", "route_id": "440.TA.92-507-A-j24-1.15.R", "mode": "bus", "line_name": "507"}, {"line_id": "92-507-A-j24-1", "route_id": "426.TA.92-507-A-j24-1.15.R", "mode": "bus", "line_name": "507"}, {"line_id": "92-507-A-j24-1", "route_id": "346.TA.92-507-A-j24-1.13.R", "mode": "bus", "line_name": "507"}], "predominant_mode": "bus", "assigned_canton": "Schwyz", "modes_list": ["bus"]}, "geometry": {"type": "Point", "coordinates": [8.69757899242602, 47.13194804099466]}}, {"id": "22286", "type": "Feature", "properties": {"name": "Rothenthurm, Bahnhof", "lon": 8.67470788292852, "lat": 47.10555267131669, "stop_id": ["8587535.link:1148305", "8587535.link:1148306"], "lines": [{"line_id": "92-507-A-j24-1", "route_id": "212.TA.92-507-A-j24-1.7.H", "mode": "bus", "line_name": "507"}, {"line_id": "92-507-A-j24-1", "route_id": "86.TA.92-507-A-j24-1.4.H", "mode": "bus", "line_name": "507"}, {"line_id": "92-507-A-j24-1", "route_id": "213.TA.92-507-A-j24-1.7.H", "mode": "bus", "line_name": "507"}, {"line_id": "92-507-A-j24-1", "route_id": "317.TA.92-507-A-j24-1.12.R", "mode": "bus", "line_name": "507"}, {"line_id": "92-507-A-j24-1", "route_id": "135.TA.92-507-A-j24-1.6.H", "mode": "bus", "line_name": "507"}, {"line_id": "92-507-A-j24-1", "route_id": "199.TA.92-507-A-j24-1.7.H", "mode": "bus", "line_name": "507"}, {"line_id": "92-609-j24-1", "route_id": "150.TA.92-609-j24-1.6.R", "mode": "bus", "line_name": "609"}, {"line_id": "92-609-j24-1", "route_id": "81.TA.92-609-j24-1.3.H", "mode": "bus", "line_name": "609"}, {"line_id": "92-507-A-j24-1", "route_id": "359.TA.92-507-A-j24-1.14.R", "mode": "bus", "line_name": "507"}, {"line_id": "92-507-A-j24-1", "route_id": "340.TA.92-507-A-j24-1.13.R", "mode": "bus", "line_name": "507"}, {"line_id": "92-507-A-j24-1", "route_id": "440.TA.92-507-A-j24-1.15.R", "mode": "bus", "line_name": "507"}, {"line_id": "92-507-A-j24-1", "route_id": "426.TA.92-507-A-j24-1.15.R", "mode": "bus", "line_name": "507"}, {"line_id": "92-507-A-j24-1", "route_id": "75.TA.92-507-A-j24-1.3.H", "mode": "bus", "line_name": "507"}, {"line_id": "92-507-A-j24-1", "route_id": "346.TA.92-507-A-j24-1.13.R", "mode": "bus", "line_name": "507"}], "predominant_mode": "bus", "assigned_canton": "Schwyz", "modes_list": ["bus"]}, "geometry": {"type": "Point", "coordinates": [8.67470789153231, 47.10555268134977]}}, {"id": "22287", "type": "Feature", "properties": {"name": "Rothenthurm, Biberegg", "lon": 8.669228152513966, "lat": 47.09300448140204, "stop_id": ["8587534.link:1347450"], "lines": [{"line_id": "92-507-A-j24-1", "route_id": "212.TA.92-507-A-j24-1.7.H", "mode": "bus", "line_name": "507"}, {"line_id": "92-507-A-j24-1", "route_id": "86.TA.92-507-A-j24-1.4.H", "mode": "bus", "line_name": "507"}, {"line_id": "92-507-A-j24-1", "route_id": "213.TA.92-507-A-j24-1.7.H", "mode": "bus", "line_name": "507"}, {"line_id": "92-507-A-j24-1", "route_id": "199.TA.92-507-A-j24-1.7.H", "mode": "bus", "line_name": "507"}, {"line_id": "92-507-A-j24-1", "route_id": "135.TA.92-507-A-j24-1.6.H", "mode": "bus", "line_name": "507"}, {"line_id": "92-507-A-j24-1", "route_id": "75.TA.92-507-A-j24-1.3.H", "mode": "bus", "line_name": "507"}], "predominant_mode": "bus", "assigned_canton": "Schwyz", "modes_list": ["bus"]}, "geometry": {"type": "Point", "coordinates": [8.669228161116207, 47.09300449143221]}}, {"id": "22288", "type": "Feature", "properties": {"name": "Rothenthurm, Distel", "lon": 8.686448863392304, "lat": 47.11947941113301, "stop_id": ["8587855.link:580512", "8587855.link:580513"], "lines": [{"line_id": "92-507-A-j24-1", "route_id": "212.TA.92-507-A-j24-1.7.H", "mode": "bus", "line_name": "507"}, {"line_id": "92-507-A-j24-1", "route_id": "86.TA.92-507-A-j24-1.4.H", "mode": "bus", "line_name": "507"}, {"line_id": "92-507-A-j24-1", "route_id": "213.TA.92-507-A-j24-1.7.H", "mode": "bus", "line_name": "507"}, {"line_id": "92-507-A-j24-1", "route_id": "135.TA.92-507-A-j24-1.6.H", "mode": "bus", "line_name": "507"}, {"line_id": "92-507-A-j24-1", "route_id": "199.TA.92-507-A-j24-1.7.H", "mode": "bus", "line_name": "507"}, {"line_id": "92-507-A-j24-1", "route_id": "359.TA.92-507-A-j24-1.14.R", "mode": "bus", "line_name": "507"}, {"line_id": "92-507-A-j24-1", "route_id": "340.TA.92-507-A-j24-1.13.R", "mode": "bus", "line_name": "507"}, {"line_id": "92-507-A-j24-1", "route_id": "440.TA.92-507-A-j24-1.15.R", "mode": "bus", "line_name": "507"}, {"line_id": "92-507-A-j24-1", "route_id": "426.TA.92-507-A-j24-1.15.R", "mode": "bus", "line_name": "507"}, {"line_id": "92-507-A-j24-1", "route_id": "346.TA.92-507-A-j24-1.13.R", "mode": "bus", "line_name": "507"}], "predominant_mode": "bus", "assigned_canton": "Schwyz", "modes_list": ["bus"]}, "geometry": {"type": "Point", "coordinates": [8.686448872003297, 47.1194794211677]}}, {"id": "22289", "type": "Feature", "properties": {"name": "Rothenthurm, Dorf", "lon": 8.675776872881885, "lat": 47.10410966129981, "stop_id": ["8588109.link:1654340", "8588109.link:1654341"], "lines": [{"line_id": "92-507-A-j24-1", "route_id": "212.TA.92-507-A-j24-1.7.H", "mode": "bus", "line_name": "507"}, {"line_id": "92-507-A-j24-1", "route_id": "86.TA.92-507-A-j24-1.4.H", "mode": "bus", "line_name": "507"}, {"line_id": "92-507-A-j24-1", "route_id": "213.TA.92-507-A-j24-1.7.H", "mode": "bus", "line_name": "507"}, {"line_id": "92-507-A-j24-1", "route_id": "199.TA.92-507-A-j24-1.7.H", "mode": "bus", "line_name": "507"}, {"line_id": "92-507-A-j24-1", "route_id": "135.TA.92-507-A-j24-1.6.H", "mode": "bus", "line_name": "507"}, {"line_id": "92-507-A-j24-1", "route_id": "75.TA.92-507-A-j24-1.3.H", "mode": "bus", "line_name": "507"}, {"line_id": "92-507-A-j24-1", "route_id": "359.TA.92-507-A-j24-1.14.R", "mode": "bus", "line_name": "507"}, {"line_id": "92-507-A-j24-1", "route_id": "340.TA.92-507-A-j24-1.13.R", "mode": "bus", "line_name": "507"}, {"line_id": "92-507-A-j24-1", "route_id": "317.TA.92-507-A-j24-1.12.R", "mode": "bus", "line_name": "507"}, {"line_id": "92-507-A-j24-1", "route_id": "440.TA.92-507-A-j24-1.15.R", "mode": "bus", "line_name": "507"}, {"line_id": "92-507-A-j24-1", "route_id": "426.TA.92-507-A-j24-1.15.R", "mode": "bus", "line_name": "507"}, {"line_id": "92-507-A-j24-1", "route_id": "346.TA.92-507-A-j24-1.13.R", "mode": "bus", "line_name": "507"}], "predominant_mode": "bus", "assigned_canton": "Schwyz", "modes_list": ["bus"]}, "geometry": {"type": "Point", "coordinates": [8.675776881487153, 47.10410967133207]}}, {"id": "22290", "type": "Feature", "properties": {"name": "Rothenthurm, Erste Altmatt", "lon": 8.678265203076617, "lat": 47.11000376126102, "stop_id": ["8588236.link:1082039", "8588236.link:1082040"], "lines": [{"line_id": "92-507-A-j24-1", "route_id": "212.TA.92-507-A-j24-1.7.H", "mode": "bus", "line_name": "507"}, {"line_id": "92-507-A-j24-1", "route_id": "86.TA.92-507-A-j24-1.4.H", "mode": "bus", "line_name": "507"}, {"line_id": "92-507-A-j24-1", "route_id": "213.TA.92-507-A-j24-1.7.H", "mode": "bus", "line_name": "507"}, {"line_id": "92-507-A-j24-1", "route_id": "135.TA.92-507-A-j24-1.6.H", "mode": "bus", "line_name": "507"}, {"line_id": "92-507-A-j24-1", "route_id": "199.TA.92-507-A-j24-1.7.H", "mode": "bus", "line_name": "507"}, {"line_id": "92-507-A-j24-1", "route_id": "359.TA.92-507-A-j24-1.14.R", "mode": "bus", "line_name": "507"}, {"line_id": "92-507-A-j24-1", "route_id": "340.TA.92-507-A-j24-1.13.R", "mode": "bus", "line_name": "507"}, {"line_id": "92-507-A-j24-1", "route_id": "440.TA.92-507-A-j24-1.15.R", "mode": "bus", "line_name": "507"}, {"line_id": "92-507-A-j24-1", "route_id": "426.TA.92-507-A-j24-1.15.R", "mode": "bus", "line_name": "507"}, {"line_id": "92-507-A-j24-1", "route_id": "346.TA.92-507-A-j24-1.13.R", "mode": "bus", "line_name": "507"}], "predominant_mode": "bus", "assigned_canton": "Schwyz", "modes_list": ["bus"]}, "geometry": {"type": "Point", "coordinates": [8.678265211682522, 47.11000377129469]}}, {"id": "22291", "type": "Feature", "properties": {"name": "Rothenthurm, Schoosstrasse", "lon": 8.67464499281125, "lat": 47.10197564131749, "stop_id": ["8588110.link:580500", "8588110.link:580501"], "lines": [{"line_id": "92-507-A-j24-1", "route_id": "212.TA.92-507-A-j24-1.7.H", "mode": "bus", "line_name": "507"}, {"line_id": "92-507-A-j24-1", "route_id": "86.TA.92-507-A-j24-1.4.H", "mode": "bus", "line_name": "507"}, {"line_id": "92-507-A-j24-1", "route_id": "213.TA.92-507-A-j24-1.7.H", "mode": "bus", "line_name": "507"}, {"line_id": "92-507-A-j24-1", "route_id": "199.TA.92-507-A-j24-1.7.H", "mode": "bus", "line_name": "507"}, {"line_id": "92-507-A-j24-1", "route_id": "135.TA.92-507-A-j24-1.6.H", "mode": "bus", "line_name": "507"}, {"line_id": "92-507-A-j24-1", "route_id": "75.TA.92-507-A-j24-1.3.H", "mode": "bus", "line_name": "507"}, {"line_id": "92-507-A-j24-1", "route_id": "359.TA.92-507-A-j24-1.14.R", "mode": "bus", "line_name": "507"}, {"line_id": "92-507-A-j24-1", "route_id": "340.TA.92-507-A-j24-1.13.R", "mode": "bus", "line_name": "507"}, {"line_id": "92-507-A-j24-1", "route_id": "317.TA.92-507-A-j24-1.12.R", "mode": "bus", "line_name": "507"}, {"line_id": "92-507-A-j24-1", "route_id": "440.TA.92-507-A-j24-1.15.R", "mode": "bus", "line_name": "507"}, {"line_id": "92-507-A-j24-1", "route_id": "426.TA.92-507-A-j24-1.15.R", "mode": "bus", "line_name": "507"}, {"line_id": "92-507-A-j24-1", "route_id": "346.TA.92-507-A-j24-1.13.R", "mode": "bus", "line_name": "507"}], "predominant_mode": "bus", "assigned_canton": "Schwyz", "modes_list": ["bus"]}, "geometry": {"type": "Point", "coordinates": [8.67464500141606, 47.10197565134931]}}, {"id": "22822", "type": "Feature", "properties": {"name": "Sahli (Luftseilbahn Glattalp)", "lon": 8.846519656761496, "lat": 46.91361366860079, "stop_id": ["8530782.link:pt_8530782"], "lines": [{"line_id": "93-81-Y-j24-1", "route_id": "58.TA.93-81-Y-j24-1.2.R", "mode": "cable car", "line_name": "PB"}, {"line_id": "93-81-Y-j24-1", "route_id": "32.TA.93-81-Y-j24-1.1.H", "mode": "cable car", "line_name": "PB"}], "predominant_mode": "cable car", "assigned_canton": "Schwyz", "modes_list": ["cable car"]}, "geometry": {"type": "Point", "coordinates": [8.846519665589412, 46.91361367851212]}}, {"id": "23266", "type": "Feature", "properties": {"name": "Sattel", "lon": 8.633843512116803, "lat": 47.0815544319572, "stop_id": ["8505350:0:1.link:1917101", "8505350:0:1.link:1917102"], "lines": [{"line_id": "91-31-A-j24-1", "route_id": "18.TA.91-31-A-j24-1.62.H", "mode": "rail", "line_name": "S31"}, {"line_id": "91-31-A-j24-1", "route_id": "22.TA.91-31-A-j24-1.64.H", "mode": "rail", "line_name": "S31"}, {"line_id": "91-VAE-j24-1", "route_id": "414.TA.91-VAE-j24-1.93.H", "mode": "rail", "line_name": "VAE"}, {"line_id": "91-31-A-j24-1", "route_id": "21.TA.91-31-A-j24-1.63.H", "mode": "rail", "line_name": "S31"}, {"line_id": "91-31-A-j24-1", "route_id": "6.TA.91-31-A-j24-1.61.H", "mode": "rail", "line_name": "S31"}, {"line_id": "91-31-A-j24-1", "route_id": "29.TA.91-31-A-j24-1.66.R", "mode": "rail", "line_name": "S31"}, {"line_id": "91-31-A-j24-1", "route_id": "24.TA.91-31-A-j24-1.65.R", "mode": "rail", "line_name": "S31"}, {"line_id": "91-VAE-j24-1", "route_id": "904.TA.91-VAE-j24-1.98.R", "mode": "rail", "line_name": "VAE"}, {"line_id": "91-31-A-j24-1", "route_id": "30.TA.91-31-A-j24-1.67.R", "mode": "rail", "line_name": "S31"}, {"line_id": "91-VAE-j24-1", "route_id": "574.TA.91-VAE-j24-1.95.R", "mode": "rail", "line_name": "VAE"}, {"line_id": "91-31-A-j24-1", "route_id": "33.TA.91-31-A-j24-1.67.R", "mode": "rail", "line_name": "S31"}], "predominant_mode": "rail", "assigned_canton": "Schwyz", "modes_list": ["rail"]}, "geometry": {"type": "Point", "coordinates": [8.633843520687982, 47.08155444199348]}}, {"id": "23267", "type": "Feature", "properties": {"name": "Sattel (Talstat. Hochstuckli)", "lon": 8.634373522013965, "lat": 47.07840401194866, "stop_id": ["8530411.link:pt_8530411"], "lines": [{"line_id": "93-4U-Y-j24-1", "route_id": "242.TA.93-4U-Y-j24-1.1.H", "mode": "cable car", "line_name": "GB"}, {"line_id": "93-4U-Y-j24-1", "route_id": "814.TA.93-4U-Y-j24-1.2.R", "mode": "cable car", "line_name": "GB"}], "predominant_mode": "cable car", "assigned_canton": "Schwyz", "modes_list": ["cable car"]}, "geometry": {"type": "Point", "coordinates": [8.634373530586602, 47.078404021983644]}}, {"id": "23268", "type": "Feature", "properties": {"name": "Sattel Mostelberg (Bergstat.)", "lon": 8.649869461665583, "lat": 47.067464801704475, "stop_id": ["8530412.link:pt_8530412"], "lines": [{"line_id": "93-4U-Y-j24-1", "route_id": "242.TA.93-4U-Y-j24-1.1.H", "mode": "cable car", "line_name": "GB"}, {"line_id": "93-4U-Y-j24-1", "route_id": "814.TA.93-4U-Y-j24-1.2.R", "mode": "cable car", "line_name": "GB"}], "predominant_mode": "cable car", "assigned_canton": "Schwyz", "modes_list": ["cable car"]}, "geometry": {"type": "Point", "coordinates": [8.649869470256608, 47.06746481173096]}}, {"id": "23269", "type": "Feature", "properties": {"name": "Sattel, Bahnhofstrasse", "lon": 8.629360922093317, "lat": 47.08092436202754, "stop_id": ["8595515.link:531061", "8595515.link:531062"], "lines": [{"line_id": "92-609-j24-1", "route_id": "120.TA.92-609-j24-1.5.R", "mode": "bus", "line_name": "609"}, {"line_id": "92-609-j24-1", "route_id": "150.TA.92-609-j24-1.6.R", "mode": "bus", "line_name": "609"}, {"line_id": "92-609-j24-1", "route_id": "17.TA.92-609-j24-1.2.H", "mode": "bus", "line_name": "609"}, {"line_id": "92-609-j24-1", "route_id": "81.TA.92-609-j24-1.3.H", "mode": "bus", "line_name": "609"}, {"line_id": "92-609-j24-1", "route_id": "10.TA.92-609-j24-1.2.H", "mode": "bus", "line_name": "609"}, {"line_id": "92-609-j24-1", "route_id": "45.TA.92-609-j24-1.2.H", "mode": "bus", "line_name": "609"}], "predominant_mode": "bus", "assigned_canton": "Schwyz", "modes_list": ["bus"]}, "geometry": {"type": "Point", "coordinates": [8.629360930660306, 47.080924372064885]}}, {"id": "23270", "type": "Feature", "properties": {"name": "Sattel, Bauernhof", "lon": 8.62858837216959, "lat": 47.083267202039835, "stop_id": ["8577603.link:237971", "8577603.link:237972"], "lines": [{"line_id": "92-609-j24-1", "route_id": "120.TA.92-609-j24-1.5.R", "mode": "bus", "line_name": "609"}, {"line_id": "92-609-j24-1", "route_id": "150.TA.92-609-j24-1.6.R", "mode": "bus", "line_name": "609"}, {"line_id": "92-609-j24-1", "route_id": "17.TA.92-609-j24-1.2.H", "mode": "bus", "line_name": "609"}, {"line_id": "92-609-j24-1", "route_id": "81.TA.92-609-j24-1.3.H", "mode": "bus", "line_name": "609"}, {"line_id": "92-609-j24-1", "route_id": "10.TA.92-609-j24-1.2.H", "mode": "bus", "line_name": "609"}, {"line_id": "92-609-j24-1", "route_id": "45.TA.92-609-j24-1.2.H", "mode": "bus", "line_name": "609"}], "predominant_mode": "bus", "assigned_canton": "Schwyz", "modes_list": ["bus"]}, "geometry": {"type": "Point", "coordinates": [8.628588380735126, 47.08326721207825]}}, {"id": "23271", "type": "Feature", "properties": {"name": "Sattel, Ecce Homo", "lon": 8.616524001694971, "lat": 47.069006702228435, "stop_id": ["8591760.link:825815", "8591760.link:825816"], "lines": [{"line_id": "92-523-j24-1", "route_id": "14.TA.92-523-j24-1.12.H", "mode": "bus", "line_name": "523"}, {"line_id": "92-523-j24-1", "route_id": "6.TA.92-523-j24-1.12.H", "mode": "bus", "line_name": "523"}, {"line_id": "92-523-j24-1", "route_id": "56.TA.92-523-j24-1.16.R", "mode": "bus", "line_name": "523"}, {"line_id": "92-523-j24-1", "route_id": "49.TA.92-523-j24-1.15.R", "mode": "bus", "line_name": "523"}, {"line_id": "92-523-j24-1", "route_id": "40.TA.92-523-j24-1.14.R", "mode": "bus", "line_name": "523"}], "predominant_mode": "bus", "assigned_canton": "Schwyz", "modes_list": ["bus"]}, "geometry": {"type": "Point", "coordinates": [8.616524010252965, 47.06900671226513]}}, {"id": "23272", "type": "Feature", "properties": {"name": "Sattel, Erli", "lon": 8.62795955184707, "lat": 47.073430252049086, "stop_id": ["8577482.link:648033", "8577482.link:648034"], "lines": [{"line_id": "92-507-A-j24-1", "route_id": "212.TA.92-507-A-j24-1.7.H", "mode": "bus", "line_name": "507"}, {"line_id": "92-507-A-j24-1", "route_id": "86.TA.92-507-A-j24-1.4.H", "mode": "bus", "line_name": "507"}, {"line_id": "92-507-A-j24-1", "route_id": "213.TA.92-507-A-j24-1.7.H", "mode": "bus", "line_name": "507"}, {"line_id": "92-507-A-j24-1", "route_id": "31.TA.92-507-A-j24-1.49.H", "mode": "bus", "line_name": "507"}, {"line_id": "92-507-A-j24-1", "route_id": "199.TA.92-507-A-j24-1.7.H", "mode": "bus", "line_name": "507"}, {"line_id": "92-507-A-j24-1", "route_id": "135.TA.92-507-A-j24-1.6.H", "mode": "bus", "line_name": "507"}, {"line_id": "92-507-A-j24-1", "route_id": "75.TA.92-507-A-j24-1.3.H", "mode": "bus", "line_name": "507"}, {"line_id": "92-507-A-j24-1", "route_id": "309.TA.92-507-A-j24-1.55.R", "mode": "bus", "line_name": "507"}, {"line_id": "92-507-A-j24-1", "route_id": "359.TA.92-507-A-j24-1.14.R", "mode": "bus", "line_name": "507"}, {"line_id": "92-507-A-j24-1", "route_id": "340.TA.92-507-A-j24-1.13.R", "mode": "bus", "line_name": "507"}, {"line_id": "92-507-A-j24-1", "route_id": "272.TA.92-507-A-j24-1.52.R", "mode": "bus", "line_name": "507"}, {"line_id": "92-507-A-j24-1", "route_id": "317.TA.92-507-A-j24-1.12.R", "mode": "bus", "line_name": "507"}, {"line_id": "92-507-A-j24-1", "route_id": "440.TA.92-507-A-j24-1.15.R", "mode": "bus", "line_name": "507"}, {"line_id": "92-507-A-j24-1", "route_id": "426.TA.92-507-A-j24-1.15.R", "mode": "bus", "line_name": "507"}, {"line_id": "92-507-A-j24-1", "route_id": "346.TA.92-507-A-j24-1.13.R", "mode": "bus", "line_name": "507"}], "predominant_mode": "bus", "assigned_canton": "Schwyz", "modes_list": ["bus"]}, "geometry": {"type": "Point", "coordinates": [8.627959560414926, 47.0734302620841]}}, {"id": "23273", "type": "Feature", "properties": {"name": "Sattel, Gondelbahn", "lon": 8.634849632027887, "lat": 47.078820001941175, "stop_id": ["8577606.link:237930", "8577606.link:237931", "8577606.link:825712", "8577606.link:825713"], "lines": [{"line_id": "92-609-j24-1", "route_id": "120.TA.92-609-j24-1.5.R", "mode": "bus", "line_name": "609"}, {"line_id": "92-609-j24-1", "route_id": "17.TA.92-609-j24-1.2.H", "mode": "bus", "line_name": "609"}, {"line_id": "92-609-j24-1", "route_id": "10.TA.92-609-j24-1.2.H", "mode": "bus", "line_name": "609"}, {"line_id": "92-609-j24-1", "route_id": "150.TA.92-609-j24-1.6.R", "mode": "bus", "line_name": "609"}, {"line_id": "92-609-j24-1", "route_id": "45.TA.92-609-j24-1.2.H", "mode": "bus", "line_name": "609"}, {"line_id": "92-609-j24-1", "route_id": "81.TA.92-609-j24-1.3.H", "mode": "bus", "line_name": "609"}, {"line_id": "92-523-j24-1", "route_id": "56.TA.92-523-j24-1.16.R", "mode": "bus", "line_name": "523"}, {"line_id": "92-523-j24-1", "route_id": "49.TA.92-523-j24-1.15.R", "mode": "bus", "line_name": "523"}], "predominant_mode": "bus", "assigned_canton": "Schwyz", "modes_list": ["bus"]}, "geometry": {"type": "Point", "coordinates": [8.634849640600862, 47.07882001197615]}}, {"id": "23274", "type": "Feature", "properties": {"name": "Sattel, Hageggli", "lon": 8.63078924231762, "lat": 47.08774461200553, "stop_id": ["8577602.link:1862388", "8577602.link:1862389"], "lines": [{"line_id": "92-609-j24-1", "route_id": "120.TA.92-609-j24-1.5.R", "mode": "bus", "line_name": "609"}, {"line_id": "92-609-j24-1", "route_id": "150.TA.92-609-j24-1.6.R", "mode": "bus", "line_name": "609"}, {"line_id": "92-609-j24-1", "route_id": "17.TA.92-609-j24-1.2.H", "mode": "bus", "line_name": "609"}, {"line_id": "92-609-j24-1", "route_id": "81.TA.92-609-j24-1.3.H", "mode": "bus", "line_name": "609"}, {"line_id": "92-609-j24-1", "route_id": "10.TA.92-609-j24-1.2.H", "mode": "bus", "line_name": "609"}, {"line_id": "92-609-j24-1", "route_id": "45.TA.92-609-j24-1.2.H", "mode": "bus", "line_name": "609"}], "predominant_mode": "bus", "assigned_canton": "Schwyz", "modes_list": ["bus"]}, "geometry": {"type": "Point", "coordinates": [8.630789250883973, 47.08774462204496]}}, {"id": "23275", "type": "Feature", "properties": {"name": "Sattel, Krone", "lon": 8.634220812092593, "lat": 47.08080814195123, "stop_id": ["8577605.link:237928", "8577605.link:237929"], "lines": [{"line_id": "92-507-A-j24-1", "route_id": "212.TA.92-507-A-j24-1.7.H", "mode": "bus", "line_name": "507"}, {"line_id": "92-609-j24-1", "route_id": "81.TA.92-609-j24-1.3.H", "mode": "bus", "line_name": "609"}, {"line_id": "92-507-A-j24-1", "route_id": "86.TA.92-507-A-j24-1.4.H", "mode": "bus", "line_name": "507"}, {"line_id": "92-507-A-j24-1", "route_id": "213.TA.92-507-A-j24-1.7.H", "mode": "bus", "line_name": "507"}, {"line_id": "92-523-j24-1", "route_id": "14.TA.92-523-j24-1.12.H", "mode": "bus", "line_name": "523"}, {"line_id": "92-507-A-j24-1", "route_id": "31.TA.92-507-A-j24-1.49.H", "mode": "bus", "line_name": "507"}, {"line_id": "92-609-j24-1", "route_id": "45.TA.92-609-j24-1.2.H", "mode": "bus", "line_name": "609"}, {"line_id": "92-609-j24-1", "route_id": "17.TA.92-609-j24-1.2.H", "mode": "bus", "line_name": "609"}, {"line_id": "92-507-A-j24-1", "route_id": "199.TA.92-507-A-j24-1.7.H", "mode": "bus", "line_name": "507"}, {"line_id": "92-507-A-j24-1", "route_id": "135.TA.92-507-A-j24-1.6.H", "mode": "bus", "line_name": "507"}, {"line_id": "92-609-j24-1", "route_id": "10.TA.92-609-j24-1.2.H", "mode": "bus", "line_name": "609"}, {"line_id": "92-609-j24-1", "route_id": "120.TA.92-609-j24-1.5.R", "mode": "bus", "line_name": "609"}, {"line_id": "92-507-A-j24-1", "route_id": "75.TA.92-507-A-j24-1.3.H", "mode": "bus", "line_name": "507"}, {"line_id": "92-523-j24-1", "route_id": "6.TA.92-523-j24-1.12.H", "mode": "bus", "line_name": "523"}, {"line_id": "92-507-A-j24-1", "route_id": "309.TA.92-507-A-j24-1.55.R", "mode": "bus", "line_name": "507"}, {"line_id": "92-523-j24-1", "route_id": "49.TA.92-523-j24-1.15.R", "mode": "bus", "line_name": "523"}, {"line_id": "92-507-A-j24-1", "route_id": "359.TA.92-507-A-j24-1.14.R", "mode": "bus", "line_name": "507"}, {"line_id": "92-609-j24-1", "route_id": "150.TA.92-609-j24-1.6.R", "mode": "bus", "line_name": "609"}, {"line_id": "92-507-A-j24-1", "route_id": "340.TA.92-507-A-j24-1.13.R", "mode": "bus", "line_name": "507"}, {"line_id": "92-507-A-j24-1", "route_id": "272.TA.92-507-A-j24-1.52.R", "mode": "bus", "line_name": "507"}, {"line_id": "92-507-A-j24-1", "route_id": "317.TA.92-507-A-j24-1.12.R", "mode": "bus", "line_name": "507"}, {"line_id": "92-523-j24-1", "route_id": "56.TA.92-523-j24-1.16.R", "mode": "bus", "line_name": "523"}, {"line_id": "92-507-A-j24-1", "route_id": "440.TA.92-507-A-j24-1.15.R", "mode": "bus", "line_name": "507"}, {"line_id": "92-507-A-j24-1", "route_id": "426.TA.92-507-A-j24-1.15.R", "mode": "bus", "line_name": "507"}, {"line_id": "92-523-j24-1", "route_id": "40.TA.92-523-j24-1.14.R", "mode": "bus", "line_name": "523"}, {"line_id": "92-507-A-j24-1", "route_id": "346.TA.92-507-A-j24-1.13.R", "mode": "bus", "line_name": "507"}], "predominant_mode": "bus", "assigned_canton": "Schwyz", "modes_list": ["bus"]}, "geometry": {"type": "Point", "coordinates": [8.634220820664362, 47.08080815198709]}}, {"id": "23276", "type": "Feature", "properties": {"name": "Sattel, Lutzistrasse", "lon": 8.624033911926684, "lat": 47.075938602110924, "stop_id": ["8591761.link:825781", "8591761.link:825782"], "lines": [{"line_id": "92-523-j24-1", "route_id": "14.TA.92-523-j24-1.12.H", "mode": "bus", "line_name": "523"}, {"line_id": "92-523-j24-1", "route_id": "6.TA.92-523-j24-1.12.H", "mode": "bus", "line_name": "523"}, {"line_id": "92-523-j24-1", "route_id": "56.TA.92-523-j24-1.16.R", "mode": "bus", "line_name": "523"}, {"line_id": "92-523-j24-1", "route_id": "49.TA.92-523-j24-1.15.R", "mode": "bus", "line_name": "523"}, {"line_id": "92-523-j24-1", "route_id": "40.TA.92-523-j24-1.14.R", "mode": "bus", "line_name": "523"}], "predominant_mode": "bus", "assigned_canton": "Schwyz", "modes_list": ["bus"]}, "geometry": {"type": "Point", "coordinates": [8.624033920489955, 47.075938612147986]}}, {"id": "23277", "type": "Feature", "properties": {"name": "Sattel, Schornen", "lon": 8.633888432421955, "lat": 47.09087002195711, "stop_id": ["8503714.link:1187941", "8503714.link:1187942"], "lines": [{"line_id": "92-609-j24-1", "route_id": "120.TA.92-609-j24-1.5.R", "mode": "bus", "line_name": "609"}, {"line_id": "92-609-j24-1", "route_id": "150.TA.92-609-j24-1.6.R", "mode": "bus", "line_name": "609"}, {"line_id": "92-609-j24-1", "route_id": "17.TA.92-609-j24-1.2.H", "mode": "bus", "line_name": "609"}, {"line_id": "92-609-j24-1", "route_id": "81.TA.92-609-j24-1.3.H", "mode": "bus", "line_name": "609"}, {"line_id": "92-609-j24-1", "route_id": "10.TA.92-609-j24-1.2.H", "mode": "bus", "line_name": "609"}, {"line_id": "92-609-j24-1", "route_id": "45.TA.92-609-j24-1.2.H", "mode": "bus", "line_name": "609"}], "predominant_mode": "bus", "assigned_canton": "Schwyz", "modes_list": ["bus"]}, "geometry": {"type": "Point", "coordinates": [8.6338884409904, 47.09087003199673]}}, {"id": "23278", "type": "Feature", "properties": {"name": "Sattel, Talstation", "lon": 8.633726732009565, "lat": 47.07828166195881, "stop_id": ["8577483.link:316258", "8577483.link:316259"], "lines": [{"line_id": "92-507-A-j24-1", "route_id": "212.TA.92-507-A-j24-1.7.H", "mode": "bus", "line_name": "507"}, {"line_id": "92-507-A-j24-1", "route_id": "86.TA.92-507-A-j24-1.4.H", "mode": "bus", "line_name": "507"}, {"line_id": "92-507-A-j24-1", "route_id": "213.TA.92-507-A-j24-1.7.H", "mode": "bus", "line_name": "507"}, {"line_id": "92-507-A-j24-1", "route_id": "31.TA.92-507-A-j24-1.49.H", "mode": "bus", "line_name": "507"}, {"line_id": "92-507-A-j24-1", "route_id": "199.TA.92-507-A-j24-1.7.H", "mode": "bus", "line_name": "507"}, {"line_id": "92-507-A-j24-1", "route_id": "135.TA.92-507-A-j24-1.6.H", "mode": "bus", "line_name": "507"}, {"line_id": "92-507-A-j24-1", "route_id": "75.TA.92-507-A-j24-1.3.H", "mode": "bus", "line_name": "507"}, {"line_id": "92-507-A-j24-1", "route_id": "309.TA.92-507-A-j24-1.55.R", "mode": "bus", "line_name": "507"}, {"line_id": "92-507-A-j24-1", "route_id": "359.TA.92-507-A-j24-1.14.R", "mode": "bus", "line_name": "507"}, {"line_id": "92-507-A-j24-1", "route_id": "340.TA.92-507-A-j24-1.13.R", "mode": "bus", "line_name": "507"}, {"line_id": "92-507-A-j24-1", "route_id": "272.TA.92-507-A-j24-1.52.R", "mode": "bus", "line_name": "507"}, {"line_id": "92-507-A-j24-1", "route_id": "317.TA.92-507-A-j24-1.12.R", "mode": "bus", "line_name": "507"}, {"line_id": "92-507-A-j24-1", "route_id": "440.TA.92-507-A-j24-1.15.R", "mode": "bus", "line_name": "507"}, {"line_id": "92-507-A-j24-1", "route_id": "426.TA.92-507-A-j24-1.15.R", "mode": "bus", "line_name": "507"}, {"line_id": "92-507-A-j24-1", "route_id": "346.TA.92-507-A-j24-1.13.R", "mode": "bus", "line_name": "507"}], "predominant_mode": "bus", "assigned_canton": "Schwyz", "modes_list": ["bus"]}, "geometry": {"type": "Point", "coordinates": [8.63372674058161, 47.078281671993906]}}, {"id": "23653", "type": "Feature", "properties": {"name": "Schindellegi, Aesch", "lon": 8.706903505455548, "lat": 47.18195200081441, "stop_id": ["8573815.link:1518291", "8573815.link:1518292"], "lines": [{"line_id": "96-242-1-j24-1", "route_id": "13.TA.96-242-1-j24-1.3.H", "mode": "bus", "line_name": "190"}, {"line_id": "96-242-1-j24-1", "route_id": "29.TA.96-242-1-j24-1.4.H", "mode": "bus", "line_name": "190"}, {"line_id": "96-242-1-j24-1", "route_id": "49.TA.96-242-1-j24-1.5.R", "mode": "bus", "line_name": "190"}, {"line_id": "92-N29-j24-1", "route_id": "1.TA.92-N29-j24-1.3.H", "mode": "bus", "line_name": "N29"}, {"line_id": "96-242-1-j24-1", "route_id": "53.TA.96-242-1-j24-1.7.R", "mode": "bus", "line_name": "190"}], "predominant_mode": "bus", "assigned_canton": "Schwyz", "modes_list": ["bus"]}, "geometry": {"type": "Point", "coordinates": [8.706903514067323, 47.181952010865196]}}, {"id": "23654", "type": "Feature", "properties": {"name": "Schindellegi, Chaltenboden", "lon": 8.727951025013265, "lat": 47.168108800483196, "stop_id": ["8594294.link:153168", "8594294.link:1956209"], "lines": [{"line_id": "92-507-A-j24-1", "route_id": "426.TA.92-507-A-j24-1.15.R", "mode": "bus", "line_name": "507"}, {"line_id": "92-507-A-j24-1", "route_id": "440.TA.92-507-A-j24-1.15.R", "mode": "bus", "line_name": "507"}, {"line_id": "92-507-A-j24-1", "route_id": "212.TA.92-507-A-j24-1.7.H", "mode": "bus", "line_name": "507"}, {"line_id": "92-507-A-j24-1", "route_id": "213.TA.92-507-A-j24-1.7.H", "mode": "bus", "line_name": "507"}, {"line_id": "92-507-A-j24-1", "route_id": "199.TA.92-507-A-j24-1.7.H", "mode": "bus", "line_name": "507"}], "predominant_mode": "bus", "assigned_canton": "Schwyz", "modes_list": ["bus"]}, "geometry": {"type": "Point", "coordinates": [8.727951033649624, 47.168108810522995]}}, {"id": "23655", "type": "Feature", "properties": {"name": "Schindellegi, Kirche", "lon": 8.711934065218582, "lat": 47.17464920073511, "stop_id": ["8573818.link:263686", "8573818.link:263687"], "lines": [{"line_id": "92-N29-j24-1", "route_id": "1.TA.92-N29-j24-1.3.H", "mode": "bus", "line_name": "N29"}, {"line_id": "96-242-1-j24-1", "route_id": "13.TA.96-242-1-j24-1.3.H", "mode": "bus", "line_name": "190"}, {"line_id": "96-242-1-j24-1", "route_id": "29.TA.96-242-1-j24-1.4.H", "mode": "bus", "line_name": "190"}], "predominant_mode": "bus", "assigned_canton": "Schwyz", "modes_list": ["bus"]}, "geometry": {"type": "Point", "coordinates": [8.711934073837462, 47.174649210781865]}}, {"id": "23656", "type": "Feature", "properties": {"name": "Schindellegi, Pauli", "lon": 8.7156710555248, "lat": 47.18389965067674, "stop_id": ["8573812.link:1340381", "8573812.link:1340382"], "lines": [{"line_id": "96-242-1-j24-1", "route_id": "13.TA.96-242-1-j24-1.3.H", "mode": "bus", "line_name": "190"}, {"line_id": "96-242-1-j24-1", "route_id": "29.TA.96-242-1-j24-1.4.H", "mode": "bus", "line_name": "190"}, {"line_id": "96-242-1-j24-1", "route_id": "49.TA.96-242-1-j24-1.5.R", "mode": "bus", "line_name": "190"}, {"line_id": "92-N29-j24-1", "route_id": "1.TA.92-N29-j24-1.3.H", "mode": "bus", "line_name": "N29"}, {"line_id": "96-242-1-j24-1", "route_id": "53.TA.96-242-1-j24-1.7.R", "mode": "bus", "line_name": "190"}], "predominant_mode": "bus", "assigned_canton": "Schwyz", "modes_list": ["bus"]}, "geometry": {"type": "Point", "coordinates": [8.71567106414445, 47.18389966072562]}}, {"id": "23657", "type": "Feature", "properties": {"name": "Schindellegi, Schwandweg", "lon": 8.709562515473406, "lat": 47.18244655077266, "stop_id": ["8573814.link:1518295", "8573814.link:1518296"], "lines": [{"line_id": "96-242-1-j24-1", "route_id": "13.TA.96-242-1-j24-1.3.H", "mode": "bus", "line_name": "190"}, {"line_id": "96-242-1-j24-1", "route_id": "29.TA.96-242-1-j24-1.4.H", "mode": "bus", "line_name": "190"}, {"line_id": "96-242-1-j24-1", "route_id": "49.TA.96-242-1-j24-1.5.R", "mode": "bus", "line_name": "190"}, {"line_id": "92-N29-j24-1", "route_id": "1.TA.92-N29-j24-1.3.H", "mode": "bus", "line_name": "N29"}, {"line_id": "96-242-1-j24-1", "route_id": "53.TA.96-242-1-j24-1.7.R", "mode": "bus", "line_name": "190"}], "predominant_mode": "bus", "assigned_canton": "Schwyz", "modes_list": ["bus"]}, "geometry": {"type": "Point", "coordinates": [8.709562524087598, 47.18244656082281]}}, {"id": "23658", "type": "Feature", "properties": {"name": "Schindellegi, Sihlegg", "lon": 8.710182355528772, "lat": 47.184119450762964, "stop_id": ["8573813.link:1340375", "8573813.link:1340376"], "lines": [{"line_id": "96-242-1-j24-1", "route_id": "13.TA.96-242-1-j24-1.3.H", "mode": "bus", "line_name": "190"}, {"line_id": "96-242-1-j24-1", "route_id": "29.TA.96-242-1-j24-1.4.H", "mode": "bus", "line_name": "190"}, {"line_id": "96-242-1-j24-1", "route_id": "49.TA.96-242-1-j24-1.5.R", "mode": "bus", "line_name": "190"}, {"line_id": "92-N29-j24-1", "route_id": "1.TA.92-N29-j24-1.3.H", "mode": "bus", "line_name": "N29"}, {"line_id": "96-242-1-j24-1", "route_id": "53.TA.96-242-1-j24-1.7.R", "mode": "bus", "line_name": "190"}], "predominant_mode": "bus", "assigned_canton": "Schwyz", "modes_list": ["bus"]}, "geometry": {"type": "Point", "coordinates": [8.710182364143055, 47.18411946081349]}}, {"id": "23659", "type": "Feature", "properties": {"name": "Schindellegi, Sunnestrahl", "lon": 8.70608603536998, "lat": 47.17936317082717, "stop_id": ["8573816.link:140934", "8573816.link:140935"], "lines": [{"line_id": "96-242-1-j24-1", "route_id": "13.TA.96-242-1-j24-1.3.H", "mode": "bus", "line_name": "190"}, {"line_id": "96-242-1-j24-1", "route_id": "29.TA.96-242-1-j24-1.4.H", "mode": "bus", "line_name": "190"}, {"line_id": "96-242-1-j24-1", "route_id": "49.TA.96-242-1-j24-1.5.R", "mode": "bus", "line_name": "190"}, {"line_id": "92-N29-j24-1", "route_id": "1.TA.92-N29-j24-1.3.H", "mode": "bus", "line_name": "N29"}, {"line_id": "96-242-1-j24-1", "route_id": "53.TA.96-242-1-j24-1.7.R", "mode": "bus", "line_name": "190"}], "predominant_mode": "bus", "assigned_canton": "Schwyz", "modes_list": ["bus"]}, "geometry": {"type": "Point", "coordinates": [8.706086043981761, 47.179363180877274]}}, {"id": "23660", "type": "Feature", "properties": {"name": "Schindellegi, Z\u00fcndi", "lon": 8.717827015052366, "lat": 47.16948290064229, "stop_id": ["8507302.link:1164216"], "lines": [{"line_id": "92-507-A-j24-1", "route_id": "212.TA.92-507-A-j24-1.7.H", "mode": "bus", "line_name": "507"}, {"line_id": "92-507-A-j24-1", "route_id": "213.TA.92-507-A-j24-1.7.H", "mode": "bus", "line_name": "507"}, {"line_id": "92-507-A-j24-1", "route_id": "199.TA.92-507-A-j24-1.7.H", "mode": "bus", "line_name": "507"}], "predominant_mode": "bus", "assigned_canton": "Schwyz", "modes_list": ["bus"]}, "geometry": {"type": "Point", "coordinates": [8.71782702367852, 47.16948291068553]}}, {"id": "23661", "type": "Feature", "properties": {"name": "Schindellegi-Feusisberg", "lon": 8.709185220274234, "lat": 47.17639256577834, "stop_id": ["8503285:0:2.link:117920", "8503285:0:2.link:117921", "8503285:0:3.link:34658", "8503285:0:3.link:34659"], "lines": [{"line_id": "91-13-A-j24-1", "route_id": "170.TA.91-13-A-j24-1.139.H", "mode": "rail", "line_name": "S13"}, {"line_id": "91-13-A-j24-1", "route_id": "244.TA.91-13-A-j24-1.103.H", "mode": "rail", "line_name": "S13"}, {"line_id": "91-13-A-j24-1", "route_id": "216.TA.91-13-A-j24-1.98.H", "mode": "rail", "line_name": "S13"}, {"line_id": "91-13-A-j24-1", "route_id": "184.TA.91-13-A-j24-1.96.H", "mode": "rail", "line_name": "S13"}, {"line_id": "91-13-A-j24-1", "route_id": "36.TA.91-13-A-j24-1.84.H", "mode": "rail", "line_name": "S13"}, {"line_id": "91-13-A-j24-1", "route_id": "88.TA.91-13-A-j24-1.136.H", "mode": "rail", "line_name": "S13"}, {"line_id": "91-13-A-j24-1", "route_id": "14.TA.91-13-A-j24-1.83.H", "mode": "rail", "line_name": "S13"}, {"line_id": "91-VAE-j24-1", "route_id": "414.TA.91-VAE-j24-1.93.H", "mode": "rail", "line_name": "VAE"}, {"line_id": "91-13-A-j24-1", "route_id": "42.TA.91-13-A-j24-1.135.H", "mode": "rail", "line_name": "S13"}, {"line_id": "91-13-A-j24-1", "route_id": "268.TA.91-13-A-j24-1.107.R", "mode": "rail", "line_name": "S13"}, {"line_id": "91-VAE-j24-1", "route_id": "904.TA.91-VAE-j24-1.98.R", "mode": "rail", "line_name": "VAE"}, {"line_id": "91-13-A-j24-1", "route_id": "262.TA.91-13-A-j24-1.106.R", "mode": "rail", "line_name": "S13"}, {"line_id": "91-40-j24-1", "route_id": "171.TA.91-40-j24-1.20.H", "mode": "rail", "line_name": "S40"}, {"line_id": "91-13-A-j24-1", "route_id": "333.TA.91-13-A-j24-1.111.R", "mode": "rail", "line_name": "S13"}, {"line_id": "91-40-j24-1", "route_id": "147.TA.91-40-j24-1.19.H", "mode": "rail", "line_name": "S40"}, {"line_id": "91-40-j24-1", "route_id": "124.TA.91-40-j24-1.150.H", "mode": "rail", "line_name": "S40"}, {"line_id": "91-40-j24-1", "route_id": "52.TA.91-40-j24-1.13.H", "mode": "rail", "line_name": "S40"}, {"line_id": "91-40-j24-1", "route_id": "216.TA.91-40-j24-1.24.H", "mode": "rail", "line_name": "S40"}, {"line_id": "91-13-A-j24-1", "route_id": "398.TA.91-13-A-j24-1.141.R", "mode": "rail", "line_name": "S13"}, {"line_id": "91-40-j24-1", "route_id": "158.TA.91-40-j24-1.20.H", "mode": "rail", "line_name": "S40"}, {"line_id": "91-13-A-j24-1", "route_id": "356.TA.91-13-A-j24-1.113.R", "mode": "rail", "line_name": "S13"}, {"line_id": "91-40-j24-1", "route_id": "223.TA.91-40-j24-1.28.H", "mode": "rail", "line_name": "S40"}, {"line_id": "91-40-j24-1", "route_id": "203.TA.91-40-j24-1.24.H", "mode": "rail", "line_name": "S40"}, {"line_id": "91-40-j24-1", "route_id": "154.TA.91-40-j24-1.20.H", "mode": "rail", "line_name": "S40"}, {"line_id": "91-40-j24-1", "route_id": "218.TA.91-40-j24-1.24.H", "mode": "rail", "line_name": "S40"}, {"line_id": "91-13-A-j24-1", "route_id": "461.TA.91-13-A-j24-1.120.R", "mode": "rail", "line_name": "S13"}, {"line_id": "91-40-j24-1", "route_id": "83.TA.91-40-j24-1.15.H", "mode": "rail", "line_name": "S40"}, {"line_id": "91-13-A-j24-1", "route_id": "432.TA.91-13-A-j24-1.117.R", "mode": "rail", "line_name": "S13"}, {"line_id": "91-40-j24-1", "route_id": "25.TA.91-40-j24-1.10.H", "mode": "rail", "line_name": "S40"}, {"line_id": "91-13-A-j24-1", "route_id": "275.TA.91-13-A-j24-1.108.R", "mode": "rail", "line_name": "S13"}, {"line_id": "91-13-A-j24-1", "route_id": "415.TA.91-13-A-j24-1.116.R", "mode": "rail", "line_name": "S13"}, {"line_id": "91-13-A-j24-1", "route_id": "378.TA.91-13-A-j24-1.114.R", "mode": "rail", "line_name": "S13"}, {"line_id": "91-13-A-j24-1", "route_id": "416.TA.91-13-A-j24-1.142.R", "mode": "rail", "line_name": "S13"}, {"line_id": "91-13-A-j24-1", "route_id": "392.TA.91-13-A-j24-1.115.R", "mode": "rail", "line_name": "S13"}, {"line_id": "91-13-A-j24-1", "route_id": "440.TA.91-13-A-j24-1.118.R", "mode": "rail", "line_name": "S13"}, {"line_id": "91-40-j24-1", "route_id": "389.TA.91-40-j24-1.51.R", "mode": "rail", "line_name": "S40"}, {"line_id": "91-40-j24-1", "route_id": "333.TA.91-40-j24-1.49.R", "mode": "rail", "line_name": "S40"}, {"line_id": "91-40-j24-1", "route_id": "291.TA.91-40-j24-1.155.R", "mode": "rail", "line_name": "S40"}, {"line_id": "91-13-A-j24-1", "route_id": "135.TA.91-13-A-j24-1.90.H", "mode": "rail", "line_name": "S13"}, {"line_id": "91-13-A-j24-1", "route_id": "180.TA.91-13-A-j24-1.95.H", "mode": "rail", "line_name": "S13"}, {"line_id": "91-40-j24-1", "route_id": "377.TA.91-40-j24-1.50.R", "mode": "rail", "line_name": "S40"}, {"line_id": "91-40-j24-1", "route_id": "369.TA.91-40-j24-1.50.R", "mode": "rail", "line_name": "S40"}, {"line_id": "91-13-A-j24-1", "route_id": "129.TA.91-13-A-j24-1.90.H", "mode": "rail", "line_name": "S13"}, {"line_id": "91-40-j24-1", "route_id": "379.TA.91-40-j24-1.50.R", "mode": "rail", "line_name": "S40"}, {"line_id": "91-13-A-j24-1", "route_id": "161.TA.91-13-A-j24-1.138.H", "mode": "rail", "line_name": "S13"}, {"line_id": "91-13-A-j24-1", "route_id": "232.TA.91-13-A-j24-1.99.H", "mode": "rail", "line_name": "S13"}, {"line_id": "91-13-A-j24-1", "route_id": "108.TA.91-13-A-j24-1.88.H", "mode": "rail", "line_name": "S13"}, {"line_id": "91-40-j24-1", "route_id": "399.TA.91-40-j24-1.51.R", "mode": "rail", "line_name": "S40"}, {"line_id": "91-40-j24-1", "route_id": "468.TA.91-40-j24-1.156.R", "mode": "rail", "line_name": "S40"}, {"line_id": "91-40-j24-1", "route_id": "395.TA.91-40-j24-1.51.R", "mode": "rail", "line_name": "S40"}, {"line_id": "91-40-j24-1", "route_id": "279.TA.91-40-j24-1.80.R", "mode": "rail", "line_name": "S40"}, {"line_id": "91-13-A-j24-1", "route_id": "117.TA.91-13-A-j24-1.88.H", "mode": "rail", "line_name": "S13"}], "predominant_mode": "rail", "assigned_canton": "Schwyz", "modes_list": ["rail"]}, "geometry": {"type": "Point", "coordinates": [8.709185228889918, 47.17639257582649]}}, {"id": "23662", "type": "Feature", "properties": {"name": "Schindellegi-Feusisberg, Bhf.", "lon": 8.70992184527175, "lat": 47.17630402076676, "stop_id": ["8573819.link:1518102", "8573819.link:185316"], "lines": [{"line_id": "96-242-1-j24-1", "route_id": "13.TA.96-242-1-j24-1.3.H", "mode": "bus", "line_name": "190"}, {"line_id": "96-242-1-j24-1", "route_id": "29.TA.96-242-1-j24-1.4.H", "mode": "bus", "line_name": "190"}, {"line_id": "96-242-1-j24-1", "route_id": "49.TA.96-242-1-j24-1.5.R", "mode": "bus", "line_name": "190"}, {"line_id": "92-N29-j24-1", "route_id": "1.TA.92-N29-j24-1.3.H", "mode": "bus", "line_name": "N29"}, {"line_id": "96-242-1-j24-1", "route_id": "53.TA.96-242-1-j24-1.7.R", "mode": "bus", "line_name": "190"}], "predominant_mode": "bus", "assigned_canton": "Schwyz", "modes_list": ["bus"]}, "geometry": {"type": "Point", "coordinates": [8.709921853888176, 47.17630403081464]}}, {"id": "23998", "type": "Feature", "properties": {"name": "Schwyz", "lon": 8.632226545288436, "lat": 47.02570018697848, "stop_id": ["8505006:0:2.link:1687250", "8505006:0:3.link:873049"], "lines": [{"line_id": "91-26-C-j24-1", "route_id": "782.TA.91-26-C-j24-1.776.R", "mode": "rail", "line_name": "IR26"}, {"line_id": "91-46-j24-1", "route_id": "103.TA.91-46-j24-1.247.H", "mode": "rail", "line_name": "IR46"}, {"line_id": "91-2-C-j24-1", "route_id": "36.TA.91-2-C-j24-1.13.H", "mode": "rail", "line_name": "S2"}, {"line_id": "91-46-j24-1", "route_id": "42.TA.91-46-j24-1.34.H", "mode": "rail", "line_name": "IR46"}, {"line_id": "91-3-H-j24-1", "route_id": "329.TA.91-3-H-j24-1.66.H", "mode": "rail", "line_name": "S3"}, {"line_id": "91-26-C-j24-1", "route_id": "752.TA.91-26-C-j24-1.824.R", "mode": "rail", "line_name": "IR26"}, {"line_id": "91-3-H-j24-1", "route_id": "342.TA.91-3-H-j24-1.69.H", "mode": "rail", "line_name": "S3"}, {"line_id": "91-26-C-j24-1", "route_id": "613.TA.91-26-C-j24-1.771.R", "mode": "rail", "line_name": "IR26"}, {"line_id": "91-2-C-j24-1", "route_id": "98.TA.91-2-C-j24-1.88.H", "mode": "rail", "line_name": "S2"}, {"line_id": "91-46-j24-1", "route_id": "87.TA.91-46-j24-1.257.H", "mode": "rail", "line_name": "IR46"}, {"line_id": "91-2-C-j24-1", "route_id": "86.TA.91-2-C-j24-1.35.H", "mode": "rail", "line_name": "S2"}, {"line_id": "91-46-j24-1", "route_id": "38.TA.91-46-j24-1.30.H", "mode": "rail", "line_name": "IR46"}, {"line_id": "91-46-j24-1", "route_id": "119.TA.91-46-j24-1.401.H", "mode": "rail", "line_name": "IR46"}, {"line_id": "91-3-H-j24-1", "route_id": "389.TA.91-3-H-j24-1.534.H", "mode": "rail", "line_name": "S3"}, {"line_id": "91-26-C-j24-1", "route_id": "578.TA.91-26-C-j24-1.768.R", "mode": "rail", "line_name": "IR26"}, {"line_id": "91-3-H-j24-1", "route_id": "229.TA.91-3-H-j24-1.47.H", "mode": "rail", "line_name": "S3"}, {"line_id": "91-26-C-j24-1", "route_id": "725.TA.91-26-C-j24-1.773.R", "mode": "rail", "line_name": "IR26"}, {"line_id": "91-3-H-j24-1", "route_id": "247.TA.91-3-H-j24-1.50.H", "mode": "rail", "line_name": "S3"}, {"line_id": "91-3-H-j24-1", "route_id": "359.TA.91-3-H-j24-1.80.H", "mode": "rail", "line_name": "S3"}, {"line_id": "91-46-j24-1", "route_id": "140.TA.91-46-j24-1.402.H", "mode": "rail", "line_name": "IR46"}, {"line_id": "91-46-j24-1", "route_id": "13.TA.91-46-j24-1.173.H", "mode": "rail", "line_name": "IR46"}, {"line_id": "91-26-C-j24-1", "route_id": "703.TA.91-26-C-j24-1.772.R", "mode": "rail", "line_name": "IR26"}, {"line_id": "91-26-C-j24-1", "route_id": "744.TA.91-26-C-j24-1.774.R", "mode": "rail", "line_name": "IR26"}, {"line_id": "91-3-H-j24-1", "route_id": "349.TA.91-3-H-j24-1.74.H", "mode": "rail", "line_name": "S3"}, {"line_id": "91-3-H-j24-1", "route_id": "360.TA.91-3-H-j24-1.413.H", "mode": "rail", "line_name": "S3"}, {"line_id": "91-46-j24-1", "route_id": "271.TA.91-46-j24-1.415.R", "mode": "rail", "line_name": "IR46"}, {"line_id": "91-46-j24-1", "route_id": "187.TA.91-46-j24-1.409.R", "mode": "rail", "line_name": "IR46"}, {"line_id": "91-3-H-j24-1", "route_id": "489.TA.91-3-H-j24-1.244.R", "mode": "rail", "line_name": "S3"}, {"line_id": "91-46-j24-1", "route_id": "296.TA.91-46-j24-1.419.R", "mode": "rail", "line_name": "IR46"}, {"line_id": "91-26-C-j24-1", "route_id": "291.TA.91-26-C-j24-1.735.H", "mode": "rail", "line_name": "IR26"}, {"line_id": "91-26-C-j24-1", "route_id": "274.TA.91-26-C-j24-1.475.H", "mode": "rail", "line_name": "IR26"}, {"line_id": "91-3-H-j24-1", "route_id": "764.TA.91-3-H-j24-1.207.R", "mode": "rail", "line_name": "S3"}, {"line_id": "91-46-j24-1", "route_id": "274.TA.91-46-j24-1.416.R", "mode": "rail", "line_name": "IR46"}, {"line_id": "91-26-C-j24-1", "route_id": "96.TA.91-26-C-j24-1.717.H", "mode": "rail", "line_name": "IR26"}, {"line_id": "91-26-C-j24-1", "route_id": "63.TA.91-26-C-j24-1.715.H", "mode": "rail", "line_name": "IR26"}, {"line_id": "91-2-C-j24-1", "route_id": "191.TA.91-2-C-j24-1.90.R", "mode": "rail", "line_name": "S2"}, {"line_id": "91-26-C-j24-1", "route_id": "179.TA.91-26-C-j24-1.719.H", "mode": "rail", "line_name": "IR26"}, {"line_id": "91-3-H-j24-1", "route_id": "728.TA.91-3-H-j24-1.246.R", "mode": "rail", "line_name": "S3"}, {"line_id": "91-26-C-j24-1", "route_id": "267.TA.91-26-C-j24-1.732.H", "mode": "rail", "line_name": "IR26"}, {"line_id": "91-3-H-j24-1", "route_id": "698.TA.91-3-H-j24-1.193.R", "mode": "rail", "line_name": "S3"}, {"line_id": "91-3-H-j24-1", "route_id": "719.TA.91-3-H-j24-1.199.R", "mode": "rail", "line_name": "S3"}, {"line_id": "91-46-j24-1", "route_id": "277.TA.91-46-j24-1.131.R", "mode": "rail", "line_name": "IR46"}, {"line_id": "91-2-C-j24-1", "route_id": "180.TA.91-2-C-j24-1.60.R", "mode": "rail", "line_name": "S2"}, {"line_id": "91-3-H-j24-1", "route_id": "707.TA.91-3-H-j24-1.431.R", "mode": "rail", "line_name": "S3"}, {"line_id": "91-2-C-j24-1", "route_id": "139.TA.91-2-C-j24-1.49.R", "mode": "rail", "line_name": "S2"}, {"line_id": "91-3-H-j24-1", "route_id": "767.TA.91-3-H-j24-1.208.R", "mode": "rail", "line_name": "S3"}, {"line_id": "91-3-H-j24-1", "route_id": "761.TA.91-3-H-j24-1.207.R", "mode": "rail", "line_name": "S3"}, {"line_id": "91-26-C-j24-1", "route_id": "384.TA.91-26-C-j24-1.745.H", "mode": "rail", "line_name": "IR26"}, {"line_id": "91-46-j24-1", "route_id": "301.TA.91-46-j24-1.421.R", "mode": "rail", "line_name": "IR46"}, {"line_id": "91-26-C-j24-1", "route_id": "295.TA.91-26-C-j24-1.736.H", "mode": "rail", "line_name": "IR26"}, {"line_id": "91-3-H-j24-1", "route_id": "653.TA.91-3-H-j24-1.188.R", "mode": "rail", "line_name": "S3"}, {"line_id": "91-3-H-j24-1", "route_id": "751.TA.91-3-H-j24-1.204.R", "mode": "rail", "line_name": "S3"}, {"line_id": "91-46-j24-1", "route_id": "165.TA.91-46-j24-1.405.R", "mode": "rail", "line_name": "IR46"}], "predominant_mode": "rail", "assigned_canton": "Schwyz", "modes_list": ["rail"]}, "geometry": {"type": "Point", "coordinates": [8.632226553874633, 47.025700196994705]}}, {"id": "23999", "type": "Feature", "properties": {"name": "Schwyz Stoosbahn (Talstation)", "lon": 8.67343226919235, "lat": 46.99134828132822, "stop_id": ["8505090.link:1463552", "8505090.link:1463553"], "lines": [{"line_id": "93-257-7-j24-1", "route_id": "82.TA.93-257-7-j24-1.2.R", "mode": "funicular", "line_name": "2577"}, {"line_id": "93-257-7-j24-1", "route_id": "64.TA.93-257-7-j24-1.2.R", "mode": "funicular", "line_name": "2577"}, {"line_id": "93-257-7-j24-1", "route_id": "32.TA.93-257-7-j24-1.1.H", "mode": "funicular", "line_name": "2577"}, {"line_id": "93-257-7-j24-1", "route_id": "42.TA.93-257-7-j24-1.1.H", "mode": "funicular", "line_name": "2577"}], "predominant_mode": "funicular", "assigned_canton": "Schwyz", "modes_list": ["funicular"]}, "geometry": {"type": "Point", "coordinates": [8.67343227782899, 46.99134829131967]}}, {"id": "24000", "type": "Feature", "properties": {"name": "Schwyz, Achermann", "lon": 8.662499770110376, "lat": 47.01966815150241, "stop_id": ["8587768.link:653451"], "lines": [{"line_id": "92-503-j24-1", "route_id": "172.TA.92-503-j24-1.10.H", "mode": "bus", "line_name": "503"}, {"line_id": "92-503-j24-1", "route_id": "21.TA.92-503-j24-1.6.H", "mode": "bus", "line_name": "503"}, {"line_id": "92-503-j24-1", "route_id": "225.TA.92-503-j24-1.10.H", "mode": "bus", "line_name": "503"}, {"line_id": "92-505-A-j24-1", "route_id": "21.TA.92-505-A-j24-1.2.H", "mode": "bus", "line_name": "505"}, {"line_id": "92-505-A-j24-1", "route_id": "9.TA.92-505-A-j24-1.1.H", "mode": "bus", "line_name": "505"}, {"line_id": "92-503-j24-1", "route_id": "167.TA.92-503-j24-1.9.H", "mode": "bus", "line_name": "503"}, {"line_id": "92-505-A-j24-1", "route_id": "27.TA.92-505-A-j24-1.2.H", "mode": "bus", "line_name": "505"}, {"line_id": "92-505-A-j24-1", "route_id": "18.TA.92-505-A-j24-1.2.H", "mode": "bus", "line_name": "505"}, {"line_id": "92-505-A-j24-1", "route_id": "8.TA.92-505-A-j24-1.1.H", "mode": "bus", "line_name": "505"}, {"line_id": "92-505-A-j24-1", "route_id": "6.TA.92-505-A-j24-1.18.H", "mode": "bus", "line_name": "505"}, {"line_id": "92-503-j24-1", "route_id": "134.TA.92-503-j24-1.9.H", "mode": "bus", "line_name": "503"}, {"line_id": "92-503-j24-1", "route_id": "67.TA.92-503-j24-1.9.H", "mode": "bus", "line_name": "503"}], "predominant_mode": "bus", "assigned_canton": "Schwyz", "modes_list": ["bus"]}, "geometry": {"type": "Point", "coordinates": [8.662499778727954, 47.019668161507596]}}, {"id": "24001", "type": "Feature", "properties": {"name": "Schwyz, Bachmatt", "lon": 8.659768890156892, "lat": 47.02114407154542, "stop_id": ["8595634.link:674619"], "lines": [{"line_id": "92-532-j24-1", "route_id": "114.TA.92-532-j24-1.7.H", "mode": "bus", "line_name": "532"}], "predominant_mode": "bus", "assigned_canton": "Schwyz", "modes_list": ["bus"]}, "geometry": {"type": "Point", "coordinates": [8.659768898771363, 47.02114408155191]}}, {"id": "24002", "type": "Feature", "properties": {"name": "Schwyz, Bahnhof", "lon": 8.632113362325924, "lat": 47.02684894998036, "stop_id": ["8505094.link:673496", "8505094.link:673497", "8505094:0:A/B.link:673496", "8505094:0:A/B.link:673497", "8505094:0:C.link:409116", "8505094:0:C.link:409117", "8505094:0:C.link:673497", "8505094:0:C.link:673499", "8505094:0:D.link:409139", "8505094:0:D.link:673488"], "lines": [{"line_id": "92-501-j24-1", "route_id": "1027.TA.92-501-j24-1.442.R", "mode": "bus", "line_name": "501"}, {"line_id": "92-501-j24-1", "route_id": "916.TA.92-501-j24-1.440.R", "mode": "bus", "line_name": "501"}, {"line_id": "92-501-j24-1", "route_id": "780.TA.92-501-j24-1.436.R", "mode": "bus", "line_name": "501"}, {"line_id": "92-501-j24-1", "route_id": "863.TA.92-501-j24-1.439.R", "mode": "bus", "line_name": "501"}, {"line_id": "92-501-j24-1", "route_id": "1204.TA.92-501-j24-1.446.R", "mode": "bus", "line_name": "501"}, {"line_id": "92-501-j24-1", "route_id": "678.TA.92-501-j24-1.382.R", "mode": "bus", "line_name": "501"}, {"line_id": "92-501-j24-1", "route_id": "598.TA.92-501-j24-1.433.H", "mode": "bus", "line_name": "501"}, {"line_id": "92-501-j24-1", "route_id": "5.TA.92-501-j24-1.420.H", "mode": "bus", "line_name": "501"}, {"line_id": "92-501-j24-1", "route_id": "157.TA.92-501-j24-1.423.H", "mode": "bus", "line_name": "501"}, {"line_id": "92-501-j24-1", "route_id": "568.TA.92-501-j24-1.433.H", "mode": "bus", "line_name": "501"}, {"line_id": "92-501-j24-1", "route_id": "269.TA.92-501-j24-1.426.H", "mode": "bus", "line_name": "501"}, {"line_id": "92-501-j24-1", "route_id": "283.TA.92-501-j24-1.427.H", "mode": "bus", "line_name": "501"}, {"line_id": "92-501-j24-1", "route_id": "408.TA.92-501-j24-1.429.H", "mode": "bus", "line_name": "501"}, {"line_id": "92-501-j24-1", "route_id": "299.TA.92-501-j24-1.427.H", "mode": "bus", "line_name": "501"}, {"line_id": "92-526-j24-1", "route_id": "16.TA.92-526-j24-1.6.H", "mode": "bus", "line_name": "526"}, {"line_id": "92-501-j24-1", "route_id": "658.TA.92-501-j24-1.33.R", "mode": "bus", "line_name": "501"}, {"line_id": "92-508-A-j24-1", "route_id": "772.TA.92-508-A-j24-1.26.R", "mode": "bus", "line_name": "508"}, {"line_id": "92-508-A-j24-1", "route_id": "497.TA.92-508-A-j24-1.18.R", "mode": "bus", "line_name": "508"}, {"line_id": "92-508-A-j24-1", "route_id": "801.TA.92-508-A-j24-1.26.R", "mode": "bus", "line_name": "508"}, {"line_id": "92-508-A-j24-1", "route_id": "504.TA.92-508-A-j24-1.18.R", "mode": "bus", "line_name": "508"}, {"line_id": "92-508-A-j24-1", "route_id": "599.TA.92-508-A-j24-1.21.R", "mode": "bus", "line_name": "508"}, {"line_id": "92-508-A-j24-1", "route_id": "711.TA.92-508-A-j24-1.24.R", "mode": "bus", "line_name": "508"}, {"line_id": "92-501-j24-1", "route_id": "970.TA.92-501-j24-1.48.R", "mode": "bus", "line_name": "501"}, {"line_id": "92-508-A-j24-1", "route_id": "574.TA.92-508-A-j24-1.21.R", "mode": "bus", "line_name": "508"}, {"line_id": "92-508-A-j24-1", "route_id": "848.TA.92-508-A-j24-1.26.R", "mode": "bus", "line_name": "508"}, {"line_id": "92-508-A-j24-1", "route_id": "728.TA.92-508-A-j24-1.24.R", "mode": "bus", "line_name": "508"}, {"line_id": "92-508-A-j24-1", "route_id": "69.TA.92-508-A-j24-1.6.H", "mode": "bus", "line_name": "508"}, {"line_id": "92-508-A-j24-1", "route_id": "375.TA.92-508-A-j24-1.12.H", "mode": "bus", "line_name": "508"}, {"line_id": "92-508-A-j24-1", "route_id": "55.TA.92-508-A-j24-1.5.H", "mode": "bus", "line_name": "508"}, {"line_id": "92-508-A-j24-1", "route_id": "48.TA.92-508-A-j24-1.3.H", "mode": "bus", "line_name": "508"}, {"line_id": "92-508-A-j24-1", "route_id": "151.TA.92-508-A-j24-1.8.H", "mode": "bus", "line_name": "508"}, {"line_id": "92-508-A-j24-1", "route_id": "134.TA.92-508-A-j24-1.8.H", "mode": "bus", "line_name": "508"}, {"line_id": "92-508-A-j24-1", "route_id": "336.TA.92-508-A-j24-1.12.H", "mode": "bus", "line_name": "508"}, {"line_id": "92-508-A-j24-1", "route_id": "52.TA.92-508-A-j24-1.4.H", "mode": "bus", "line_name": "508"}, {"line_id": "92-508-A-j24-1", "route_id": "324.TA.92-508-A-j24-1.12.H", "mode": "bus", "line_name": "508"}, {"line_id": "92-526-j24-1", "route_id": "26.TA.92-526-j24-1.8.R", "mode": "bus", "line_name": "526"}, {"line_id": "92-503-j24-1", "route_id": "473.TA.92-503-j24-1.67.R", "mode": "bus", "line_name": "503"}, {"line_id": "92-503-j24-1", "route_id": "483.TA.92-503-j24-1.67.R", "mode": "bus", "line_name": "503"}, {"line_id": "92-503-j24-1", "route_id": "265.TA.92-503-j24-1.11.R", "mode": "bus", "line_name": "503"}, {"line_id": "92-503-j24-1", "route_id": "172.TA.92-503-j24-1.10.H", "mode": "bus", "line_name": "503"}, {"line_id": "92-503-j24-1", "route_id": "225.TA.92-503-j24-1.10.H", "mode": "bus", "line_name": "503"}, {"line_id": "92-503-j24-1", "route_id": "2.TA.92-503-j24-1.1.H", "mode": "bus", "line_name": "503"}, {"line_id": "92-503-j24-1", "route_id": "134.TA.92-503-j24-1.9.H", "mode": "bus", "line_name": "503"}, {"line_id": "92-503-j24-1", "route_id": "67.TA.92-503-j24-1.9.H", "mode": "bus", "line_name": "503"}, {"line_id": "92-503-j24-1", "route_id": "167.TA.92-503-j24-1.9.H", "mode": "bus", "line_name": "503"}, {"line_id": "92-503-j24-1", "route_id": "10.TA.92-503-j24-1.2.H", "mode": "bus", "line_name": "503"}, {"line_id": "92-503-j24-1", "route_id": "441.TA.92-503-j24-1.65.R", "mode": "bus", "line_name": "503"}, {"line_id": "92-503-j24-1", "route_id": "379.TA.92-503-j24-1.65.R", "mode": "bus", "line_name": "503"}, {"line_id": "92-508-A-j24-1", "route_id": "487.TA.92-508-A-j24-1.17.R", "mode": "bus", "line_name": "508"}, {"line_id": "92-505-A-j24-1", "route_id": "21.TA.92-505-A-j24-1.2.H", "mode": "bus", "line_name": "505"}, {"line_id": "92-505-A-j24-1", "route_id": "9.TA.92-505-A-j24-1.1.H", "mode": "bus", "line_name": "505"}, {"line_id": "92-505-A-j24-1", "route_id": "27.TA.92-505-A-j24-1.2.H", "mode": "bus", "line_name": "505"}, {"line_id": "92-505-A-j24-1", "route_id": "18.TA.92-505-A-j24-1.2.H", "mode": "bus", "line_name": "505"}, {"line_id": "92-505-A-j24-1", "route_id": "8.TA.92-505-A-j24-1.1.H", "mode": "bus", "line_name": "505"}, {"line_id": "92-505-A-j24-1", "route_id": "33.TA.92-505-A-j24-1.3.R", "mode": "bus", "line_name": "505"}, {"line_id": "92-505-A-j24-1", "route_id": "57.TA.92-505-A-j24-1.4.R", "mode": "bus", "line_name": "505"}, {"line_id": "92-505-A-j24-1", "route_id": "45.TA.92-505-A-j24-1.4.R", "mode": "bus", "line_name": "505"}], "predominant_mode": "bus", "assigned_canton": "Schwyz", "modes_list": ["bus"]}, "geometry": {"type": "Point", "coordinates": [8.632113370911668, 47.026848959997025]}}, {"id": "24003", "type": "Feature", "properties": {"name": "Schwyz, Bierkeller", "lon": 8.654432899497301, "lat": 47.00105334162756, "stop_id": ["8577452.link:741166", "8577452.link:741167"], "lines": [{"line_id": "92-501-j24-1", "route_id": "1027.TA.92-501-j24-1.442.R", "mode": "bus", "line_name": "501"}, {"line_id": "92-501-j24-1", "route_id": "1204.TA.92-501-j24-1.446.R", "mode": "bus", "line_name": "501"}, {"line_id": "92-501-j24-1", "route_id": "916.TA.92-501-j24-1.440.R", "mode": "bus", "line_name": "501"}, {"line_id": "92-501-j24-1", "route_id": "970.TA.92-501-j24-1.48.R", "mode": "bus", "line_name": "501"}, {"line_id": "92-501-j24-1", "route_id": "598.TA.92-501-j24-1.433.H", "mode": "bus", "line_name": "501"}, {"line_id": "92-501-j24-1", "route_id": "568.TA.92-501-j24-1.433.H", "mode": "bus", "line_name": "501"}, {"line_id": "92-501-j24-1", "route_id": "283.TA.92-501-j24-1.427.H", "mode": "bus", "line_name": "501"}, {"line_id": "92-501-j24-1", "route_id": "173.TA.92-501-j24-1.14.H", "mode": "bus", "line_name": "501"}, {"line_id": "92-501-j24-1", "route_id": "408.TA.92-501-j24-1.429.H", "mode": "bus", "line_name": "501"}, {"line_id": "92-501-j24-1", "route_id": "299.TA.92-501-j24-1.427.H", "mode": "bus", "line_name": "501"}], "predominant_mode": "bus", "assigned_canton": "Schwyz", "modes_list": ["bus"]}, "geometry": {"type": "Point", "coordinates": [8.65443290811251, 47.00105335162817]}}, {"id": "24004", "type": "Feature", "properties": {"name": "Schwyz, Burg", "lon": 8.63274757093672, "lat": 47.04551843197186, "stop_id": ["8577476.link:1034132", "8577476.link:1034133"], "lines": [{"line_id": "92-507-A-j24-1", "route_id": "212.TA.92-507-A-j24-1.7.H", "mode": "bus", "line_name": "507"}, {"line_id": "92-507-A-j24-1", "route_id": "86.TA.92-507-A-j24-1.4.H", "mode": "bus", "line_name": "507"}, {"line_id": "92-507-A-j24-1", "route_id": "213.TA.92-507-A-j24-1.7.H", "mode": "bus", "line_name": "507"}, {"line_id": "92-507-A-j24-1", "route_id": "31.TA.92-507-A-j24-1.49.H", "mode": "bus", "line_name": "507"}, {"line_id": "92-507-A-j24-1", "route_id": "199.TA.92-507-A-j24-1.7.H", "mode": "bus", "line_name": "507"}, {"line_id": "92-507-A-j24-1", "route_id": "135.TA.92-507-A-j24-1.6.H", "mode": "bus", "line_name": "507"}, {"line_id": "92-507-A-j24-1", "route_id": "75.TA.92-507-A-j24-1.3.H", "mode": "bus", "line_name": "507"}, {"line_id": "92-507-A-j24-1", "route_id": "309.TA.92-507-A-j24-1.55.R", "mode": "bus", "line_name": "507"}, {"line_id": "92-507-A-j24-1", "route_id": "359.TA.92-507-A-j24-1.14.R", "mode": "bus", "line_name": "507"}, {"line_id": "92-507-A-j24-1", "route_id": "340.TA.92-507-A-j24-1.13.R", "mode": "bus", "line_name": "507"}, {"line_id": "92-507-A-j24-1", "route_id": "272.TA.92-507-A-j24-1.52.R", "mode": "bus", "line_name": "507"}, {"line_id": "92-507-A-j24-1", "route_id": "317.TA.92-507-A-j24-1.12.R", "mode": "bus", "line_name": "507"}, {"line_id": "92-507-A-j24-1", "route_id": "440.TA.92-507-A-j24-1.15.R", "mode": "bus", "line_name": "507"}, {"line_id": "92-507-A-j24-1", "route_id": "426.TA.92-507-A-j24-1.15.R", "mode": "bus", "line_name": "507"}, {"line_id": "92-507-A-j24-1", "route_id": "346.TA.92-507-A-j24-1.13.R", "mode": "bus", "line_name": "507"}], "predominant_mode": "bus", "assigned_canton": "Schwyz", "modes_list": ["bus"]}, "geometry": {"type": "Point", "coordinates": [8.632747579517552, 47.045518441995235]}}, {"id": "24005", "type": "Feature", "properties": {"name": "Schwyz, Dorfbach", "lon": 8.658663970260276, "lat": 47.02432849156304, "stop_id": ["8592408.link:1875518"], "lines": [{"line_id": "92-530-A-j24-1", "route_id": "56.TA.92-530-A-j24-1.1.H", "mode": "bus", "line_name": "530"}], "predominant_mode": "bus", "assigned_canton": "Schwyz", "modes_list": ["bus"]}, "geometry": {"type": "Point", "coordinates": [8.658663978872722, 47.024328501571055]}}, {"id": "24006", "type": "Feature", "properties": {"name": "Schwyz, Drei K\u00f6nige", "lon": 8.653983740173292, "lat": 47.02175647163637, "stop_id": ["8592409.link:1473005", "8592409.link:1473006", "8592409.link:1473008"], "lines": [{"line_id": "92-531-j24-1", "route_id": "73.TA.92-531-j24-1.19.R", "mode": "bus", "line_name": "531"}, {"line_id": "92-530-A-j24-1", "route_id": "56.TA.92-530-A-j24-1.1.H", "mode": "bus", "line_name": "530"}, {"line_id": "92-531-j24-1", "route_id": "79.TA.92-531-j24-1.19.R", "mode": "bus", "line_name": "531"}, {"line_id": "92-531-j24-1", "route_id": "36.TA.92-531-j24-1.3.H", "mode": "bus", "line_name": "531"}, {"line_id": "92-531-j24-1", "route_id": "12.TA.92-531-j24-1.1.H", "mode": "bus", "line_name": "531"}, {"line_id": "92-531-j24-1", "route_id": "38.TA.92-531-j24-1.3.H", "mode": "bus", "line_name": "531"}, {"line_id": "92-530-A-j24-1", "route_id": "56.TA.92-530-A-j24-1.1.H", "mode": "bus", "line_name": "530"}], "predominant_mode": "bus", "assigned_canton": "Schwyz", "modes_list": ["bus"]}, "geometry": {"type": "Point", "coordinates": [8.65398374878193, 47.02175648164482]}}, {"id": "24007", "type": "Feature", "properties": {"name": "Schwyz, Eglismatt", "lon": 8.644919740281455, "lat": 47.025240911779036, "stop_id": ["8588121.link:789254", "8588121.link:789255"], "lines": [{"line_id": "92-502-A-j24-1", "route_id": "2143.TA.92-502-A-j24-1.811.R", "mode": "bus", "line_name": "502"}, {"line_id": "92-502-A-j24-1", "route_id": "1298.TA.92-502-A-j24-1.823.R", "mode": "bus", "line_name": "502"}, {"line_id": "92-502-A-j24-1", "route_id": "1592.TA.92-502-A-j24-1.804.R", "mode": "bus", "line_name": "502"}, {"line_id": "92-502-A-j24-1", "route_id": "1604.TA.92-502-A-j24-1.607.R", "mode": "bus", "line_name": "502"}, {"line_id": "92-502-A-j24-1", "route_id": "931.TA.92-502-A-j24-1.795.H", "mode": "bus", "line_name": "502"}, {"line_id": "92-502-A-j24-1", "route_id": "121.TA.92-502-A-j24-1.814.H", "mode": "bus", "line_name": "502"}, {"line_id": "92-502-A-j24-1", "route_id": "945.TA.92-502-A-j24-1.795.H", "mode": "bus", "line_name": "502"}], "predominant_mode": "bus", "assigned_canton": "Schwyz", "modes_list": ["bus"]}, "geometry": {"type": "Point", "coordinates": [8.644919748880204, 47.02524092179139]}}, {"id": "24008", "type": "Feature", "properties": {"name": "Schwyz, Engiberg", "lon": 8.629738210644947, "lat": 47.036654092018445, "stop_id": ["8588119.link:1914014", "8588119.link:1914015"], "lines": [{"line_id": "92-502-A-j24-1", "route_id": "1298.TA.92-502-A-j24-1.823.R", "mode": "bus", "line_name": "502"}, {"line_id": "92-502-A-j24-1", "route_id": "121.TA.92-502-A-j24-1.814.H", "mode": "bus", "line_name": "502"}], "predominant_mode": "bus", "assigned_canton": "Schwyz", "modes_list": ["bus"]}, "geometry": {"type": "Point", "coordinates": [8.62973821922546, 47.0366541020394]}}, {"id": "24009", "type": "Feature", "properties": {"name": "Schwyz, Gartenlaubenstrasse", "lon": 8.663874190061026, "lat": 47.018130941480706, "stop_id": ["8588112.link:653448", "8588112.link:653449"], "lines": [{"line_id": "92-503-j24-1", "route_id": "441.TA.92-503-j24-1.65.R", "mode": "bus", "line_name": "503"}, {"line_id": "92-505-A-j24-1", "route_id": "57.TA.92-505-A-j24-1.4.R", "mode": "bus", "line_name": "505"}, {"line_id": "92-503-j24-1", "route_id": "273.TA.92-503-j24-1.64.R", "mode": "bus", "line_name": "503"}, {"line_id": "92-505-A-j24-1", "route_id": "45.TA.92-505-A-j24-1.4.R", "mode": "bus", "line_name": "505"}, {"line_id": "92-503-j24-1", "route_id": "483.TA.92-503-j24-1.67.R", "mode": "bus", "line_name": "503"}, {"line_id": "92-503-j24-1", "route_id": "379.TA.92-503-j24-1.65.R", "mode": "bus", "line_name": "503"}, {"line_id": "92-505-A-j24-1", "route_id": "33.TA.92-505-A-j24-1.3.R", "mode": "bus", "line_name": "505"}, {"line_id": "92-503-j24-1", "route_id": "473.TA.92-503-j24-1.67.R", "mode": "bus", "line_name": "503"}, {"line_id": "92-503-j24-1", "route_id": "172.TA.92-503-j24-1.10.H", "mode": "bus", "line_name": "503"}, {"line_id": "92-503-j24-1", "route_id": "21.TA.92-503-j24-1.6.H", "mode": "bus", "line_name": "503"}, {"line_id": "92-503-j24-1", "route_id": "225.TA.92-503-j24-1.10.H", "mode": "bus", "line_name": "503"}, {"line_id": "92-505-A-j24-1", "route_id": "21.TA.92-505-A-j24-1.2.H", "mode": "bus", "line_name": "505"}, {"line_id": "92-505-A-j24-1", "route_id": "9.TA.92-505-A-j24-1.1.H", "mode": "bus", "line_name": "505"}, {"line_id": "92-503-j24-1", "route_id": "167.TA.92-503-j24-1.9.H", "mode": "bus", "line_name": "503"}, {"line_id": "92-505-A-j24-1", "route_id": "27.TA.92-505-A-j24-1.2.H", "mode": "bus", "line_name": "505"}, {"line_id": "92-505-A-j24-1", "route_id": "18.TA.92-505-A-j24-1.2.H", "mode": "bus", "line_name": "505"}, {"line_id": "92-505-A-j24-1", "route_id": "8.TA.92-505-A-j24-1.1.H", "mode": "bus", "line_name": "505"}, {"line_id": "92-505-A-j24-1", "route_id": "6.TA.92-505-A-j24-1.18.H", "mode": "bus", "line_name": "505"}, {"line_id": "92-503-j24-1", "route_id": "134.TA.92-503-j24-1.9.H", "mode": "bus", "line_name": "503"}, {"line_id": "92-503-j24-1", "route_id": "67.TA.92-503-j24-1.9.H", "mode": "bus", "line_name": "503"}], "predominant_mode": "bus", "assigned_canton": "Schwyz", "modes_list": ["bus"]}, "geometry": {"type": "Point", "coordinates": [8.663874198680404, 47.01813095148492]}}, {"id": "24010", "type": "Feature", "properties": {"name": "Schwyz, Grossfeld", "lon": 8.641910390336392, "lat": 47.02697999182646, "stop_id": ["8588120.link:768306", "8588120.link:768307"], "lines": [{"line_id": "92-502-A-j24-1", "route_id": "2143.TA.92-502-A-j24-1.811.R", "mode": "bus", "line_name": "502"}, {"line_id": "92-502-A-j24-1", "route_id": "1298.TA.92-502-A-j24-1.823.R", "mode": "bus", "line_name": "502"}, {"line_id": "92-502-A-j24-1", "route_id": "1592.TA.92-502-A-j24-1.804.R", "mode": "bus", "line_name": "502"}, {"line_id": "92-502-A-j24-1", "route_id": "1604.TA.92-502-A-j24-1.607.R", "mode": "bus", "line_name": "502"}, {"line_id": "92-502-A-j24-1", "route_id": "931.TA.92-502-A-j24-1.795.H", "mode": "bus", "line_name": "502"}, {"line_id": "92-502-A-j24-1", "route_id": "121.TA.92-502-A-j24-1.814.H", "mode": "bus", "line_name": "502"}, {"line_id": "92-502-A-j24-1", "route_id": "945.TA.92-502-A-j24-1.795.H", "mode": "bus", "line_name": "502"}], "predominant_mode": "bus", "assigned_canton": "Schwyz", "modes_list": ["bus"]}, "geometry": {"type": "Point", "coordinates": [8.641910398931683, 47.026980001840315]}}, {"id": "24011", "type": "Feature", "properties": {"name": "Schwyz, Grundkapelle", "lon": 8.657900399891222, "lat": 47.01304743157411, "stop_id": ["8577450.link:840736", "8577450.link:840737"], "lines": [{"line_id": "92-501-j24-1", "route_id": "1027.TA.92-501-j24-1.442.R", "mode": "bus", "line_name": "501"}, {"line_id": "92-501-j24-1", "route_id": "1204.TA.92-501-j24-1.446.R", "mode": "bus", "line_name": "501"}, {"line_id": "92-501-j24-1", "route_id": "916.TA.92-501-j24-1.440.R", "mode": "bus", "line_name": "501"}, {"line_id": "92-501-j24-1", "route_id": "970.TA.92-501-j24-1.48.R", "mode": "bus", "line_name": "501"}, {"line_id": "92-501-j24-1", "route_id": "598.TA.92-501-j24-1.433.H", "mode": "bus", "line_name": "501"}, {"line_id": "92-501-j24-1", "route_id": "568.TA.92-501-j24-1.433.H", "mode": "bus", "line_name": "501"}, {"line_id": "92-501-j24-1", "route_id": "283.TA.92-501-j24-1.427.H", "mode": "bus", "line_name": "501"}, {"line_id": "92-501-j24-1", "route_id": "173.TA.92-501-j24-1.14.H", "mode": "bus", "line_name": "501"}, {"line_id": "92-501-j24-1", "route_id": "408.TA.92-501-j24-1.429.H", "mode": "bus", "line_name": "501"}, {"line_id": "92-501-j24-1", "route_id": "299.TA.92-501-j24-1.427.H", "mode": "bus", "line_name": "501"}], "predominant_mode": "bus", "assigned_canton": "Schwyz", "modes_list": ["bus"]}, "geometry": {"type": "Point", "coordinates": [8.657900408506272, 47.013047441578195]}}, {"id": "24012", "type": "Feature", "properties": {"name": "Schwyz, Grundstrasse", "lon": 8.657900399914224, "lat": 47.01375180157419, "stop_id": ["8592410.link:409076"], "lines": [{"line_id": "92-532-j24-1", "route_id": "114.TA.92-532-j24-1.7.H", "mode": "bus", "line_name": "532"}], "predominant_mode": "bus", "assigned_canton": "Schwyz", "modes_list": ["bus"]}, "geometry": {"type": "Point", "coordinates": [8.657900408529061, 47.013751811578516]}}, {"id": "24013", "type": "Feature", "properties": {"name": "Schwyz, Herrengasse", "lon": 8.651405580180063, "lat": 47.02201368167689, "stop_id": ["8577471.link:558793", "8577471.link:558794"], "lines": [{"line_id": "92-507-A-j24-1", "route_id": "212.TA.92-507-A-j24-1.7.H", "mode": "bus", "line_name": "507"}, {"line_id": "92-507-A-j24-1", "route_id": "86.TA.92-507-A-j24-1.4.H", "mode": "bus", "line_name": "507"}, {"line_id": "92-507-A-j24-1", "route_id": "213.TA.92-507-A-j24-1.7.H", "mode": "bus", "line_name": "507"}, {"line_id": "92-502-A-j24-1", "route_id": "1298.TA.92-502-A-j24-1.823.R", "mode": "bus", "line_name": "502"}, {"line_id": "92-507-A-j24-1", "route_id": "31.TA.92-507-A-j24-1.49.H", "mode": "bus", "line_name": "507"}, {"line_id": "92-502-A-j24-1", "route_id": "2143.TA.92-502-A-j24-1.811.R", "mode": "bus", "line_name": "502"}, {"line_id": "92-507-A-j24-1", "route_id": "199.TA.92-507-A-j24-1.7.H", "mode": "bus", "line_name": "507"}, {"line_id": "92-502-A-j24-1", "route_id": "1592.TA.92-502-A-j24-1.804.R", "mode": "bus", "line_name": "502"}, {"line_id": "92-507-A-j24-1", "route_id": "135.TA.92-507-A-j24-1.6.H", "mode": "bus", "line_name": "507"}, {"line_id": "92-507-A-j24-1", "route_id": "75.TA.92-507-A-j24-1.3.H", "mode": "bus", "line_name": "507"}, {"line_id": "92-507-A-j24-1", "route_id": "309.TA.92-507-A-j24-1.55.R", "mode": "bus", "line_name": "507"}, {"line_id": "92-507-A-j24-1", "route_id": "426.TA.92-507-A-j24-1.15.R", "mode": "bus", "line_name": "507"}, {"line_id": "92-502-A-j24-1", "route_id": "945.TA.92-502-A-j24-1.795.H", "mode": "bus", "line_name": "502"}, {"line_id": "92-507-A-j24-1", "route_id": "359.TA.92-507-A-j24-1.14.R", "mode": "bus", "line_name": "507"}, {"line_id": "92-502-A-j24-1", "route_id": "1604.TA.92-502-A-j24-1.607.R", "mode": "bus", "line_name": "502"}, {"line_id": "92-507-A-j24-1", "route_id": "340.TA.92-507-A-j24-1.13.R", "mode": "bus", "line_name": "507"}, {"line_id": "92-507-A-j24-1", "route_id": "272.TA.92-507-A-j24-1.52.R", "mode": "bus", "line_name": "507"}, {"line_id": "92-507-A-j24-1", "route_id": "317.TA.92-507-A-j24-1.12.R", "mode": "bus", "line_name": "507"}, {"line_id": "92-507-A-j24-1", "route_id": "440.TA.92-507-A-j24-1.15.R", "mode": "bus", "line_name": "507"}, {"line_id": "92-502-A-j24-1", "route_id": "931.TA.92-502-A-j24-1.795.H", "mode": "bus", "line_name": "502"}, {"line_id": "92-502-A-j24-1", "route_id": "121.TA.92-502-A-j24-1.814.H", "mode": "bus", "line_name": "502"}, {"line_id": "92-507-A-j24-1", "route_id": "346.TA.92-507-A-j24-1.13.R", "mode": "bus", "line_name": "507"}], "predominant_mode": "bus", "assigned_canton": "Schwyz", "modes_list": ["bus"]}, "geometry": {"type": "Point", "coordinates": [8.651405588786107, 47.022013691686176]}}, {"id": "24014", "type": "Feature", "properties": {"name": "Schwyz, Hinterdorf", "lon": 8.658412440137237, "lat": 47.020568401566706, "stop_id": ["8592412.link:368700"], "lines": [{"line_id": "92-532-j24-1", "route_id": "114.TA.92-532-j24-1.7.H", "mode": "bus", "line_name": "532"}], "predominant_mode": "bus", "assigned_canton": "Schwyz", "modes_list": ["bus"]}, "geometry": {"type": "Point", "coordinates": [8.658412448750555, 47.02056841157345]}}, {"id": "24015", "type": "Feature", "properties": {"name": "Schwyz, Hirschen", "lon": 8.629621430977384, "lat": 47.04682224202108, "stop_id": ["8577477.link:1034136", "8577477.link:1034137"], "lines": [{"line_id": "92-507-A-j24-1", "route_id": "212.TA.92-507-A-j24-1.7.H", "mode": "bus", "line_name": "507"}, {"line_id": "92-507-A-j24-1", "route_id": "86.TA.92-507-A-j24-1.4.H", "mode": "bus", "line_name": "507"}, {"line_id": "92-507-A-j24-1", "route_id": "213.TA.92-507-A-j24-1.7.H", "mode": "bus", "line_name": "507"}, {"line_id": "92-507-A-j24-1", "route_id": "31.TA.92-507-A-j24-1.49.H", "mode": "bus", "line_name": "507"}, {"line_id": "92-507-A-j24-1", "route_id": "199.TA.92-507-A-j24-1.7.H", "mode": "bus", "line_name": "507"}, {"line_id": "92-507-A-j24-1", "route_id": "135.TA.92-507-A-j24-1.6.H", "mode": "bus", "line_name": "507"}, {"line_id": "92-507-A-j24-1", "route_id": "75.TA.92-507-A-j24-1.3.H", "mode": "bus", "line_name": "507"}, {"line_id": "92-507-A-j24-1", "route_id": "309.TA.92-507-A-j24-1.55.R", "mode": "bus", "line_name": "507"}, {"line_id": "92-507-A-j24-1", "route_id": "359.TA.92-507-A-j24-1.14.R", "mode": "bus", "line_name": "507"}, {"line_id": "92-507-A-j24-1", "route_id": "340.TA.92-507-A-j24-1.13.R", "mode": "bus", "line_name": "507"}, {"line_id": "92-507-A-j24-1", "route_id": "272.TA.92-507-A-j24-1.52.R", "mode": "bus", "line_name": "507"}, {"line_id": "92-507-A-j24-1", "route_id": "317.TA.92-507-A-j24-1.12.R", "mode": "bus", "line_name": "507"}, {"line_id": "92-507-A-j24-1", "route_id": "440.TA.92-507-A-j24-1.15.R", "mode": "bus", "line_name": "507"}, {"line_id": "92-507-A-j24-1", "route_id": "426.TA.92-507-A-j24-1.15.R", "mode": "bus", "line_name": "507"}, {"line_id": "92-507-A-j24-1", "route_id": "346.TA.92-507-A-j24-1.13.R", "mode": "bus", "line_name": "507"}], "predominant_mode": "bus", "assigned_canton": "Schwyz", "modes_list": ["bus"]}, "geometry": {"type": "Point", "coordinates": [8.629621439554775, 47.046822252045835]}}, {"id": "24016", "type": "Feature", "properties": {"name": "Schwyz, Kaltbach", "lon": 8.644272950593473, "lat": 47.034799001790006, "stop_id": ["8577474.link:1704490", "8577474.link:1704491"], "lines": [{"line_id": "92-507-A-j24-1", "route_id": "212.TA.92-507-A-j24-1.7.H", "mode": "bus", "line_name": "507"}, {"line_id": "92-507-A-j24-1", "route_id": "86.TA.92-507-A-j24-1.4.H", "mode": "bus", "line_name": "507"}, {"line_id": "92-507-A-j24-1", "route_id": "213.TA.92-507-A-j24-1.7.H", "mode": "bus", "line_name": "507"}, {"line_id": "92-507-A-j24-1", "route_id": "31.TA.92-507-A-j24-1.49.H", "mode": "bus", "line_name": "507"}, {"line_id": "92-507-A-j24-1", "route_id": "199.TA.92-507-A-j24-1.7.H", "mode": "bus", "line_name": "507"}, {"line_id": "92-507-A-j24-1", "route_id": "135.TA.92-507-A-j24-1.6.H", "mode": "bus", "line_name": "507"}, {"line_id": "92-507-A-j24-1", "route_id": "75.TA.92-507-A-j24-1.3.H", "mode": "bus", "line_name": "507"}, {"line_id": "92-507-A-j24-1", "route_id": "309.TA.92-507-A-j24-1.55.R", "mode": "bus", "line_name": "507"}, {"line_id": "92-507-A-j24-1", "route_id": "359.TA.92-507-A-j24-1.14.R", "mode": "bus", "line_name": "507"}, {"line_id": "92-507-A-j24-1", "route_id": "340.TA.92-507-A-j24-1.13.R", "mode": "bus", "line_name": "507"}, {"line_id": "92-507-A-j24-1", "route_id": "272.TA.92-507-A-j24-1.52.R", "mode": "bus", "line_name": "507"}, {"line_id": "92-507-A-j24-1", "route_id": "317.TA.92-507-A-j24-1.12.R", "mode": "bus", "line_name": "507"}, {"line_id": "92-507-A-j24-1", "route_id": "440.TA.92-507-A-j24-1.15.R", "mode": "bus", "line_name": "507"}, {"line_id": "92-507-A-j24-1", "route_id": "426.TA.92-507-A-j24-1.15.R", "mode": "bus", "line_name": "507"}, {"line_id": "92-507-A-j24-1", "route_id": "346.TA.92-507-A-j24-1.13.R", "mode": "bus", "line_name": "507"}], "predominant_mode": "bus", "assigned_canton": "Schwyz", "modes_list": ["bus"]}, "geometry": {"type": "Point", "coordinates": [8.644272959188754, 47.03479901180608]}}, {"id": "24017", "type": "Feature", "properties": {"name": "Schwyz, Kollegi", "lon": 8.65252847025883, "lat": 47.02440197165946, "stop_id": ["8592413.link:408956", "8592413.link:408957"], "lines": [{"line_id": "92-531-j24-1", "route_id": "36.TA.92-531-j24-1.3.H", "mode": "bus", "line_name": "531"}, {"line_id": "92-531-j24-1", "route_id": "12.TA.92-531-j24-1.1.H", "mode": "bus", "line_name": "531"}, {"line_id": "92-531-j24-1", "route_id": "38.TA.92-531-j24-1.3.H", "mode": "bus", "line_name": "531"}, {"line_id": "92-531-j24-1", "route_id": "73.TA.92-531-j24-1.19.R", "mode": "bus", "line_name": "531"}, {"line_id": "92-531-j24-1", "route_id": "79.TA.92-531-j24-1.19.R", "mode": "bus", "line_name": "531"}], "predominant_mode": "bus", "assigned_canton": "Schwyz", "modes_list": ["bus"]}, "geometry": {"type": "Point", "coordinates": [8.652528478865264, 47.02440198166936]}}, {"id": "24018", "type": "Feature", "properties": {"name": "Schwyz, Laubstrasse", "lon": 8.65873583017987, "lat": 47.021866701561756, "stop_id": ["8577486.link:1761883", "8577486.link:1761884"], "lines": [{"line_id": "92-503-j24-1", "route_id": "441.TA.92-503-j24-1.65.R", "mode": "bus", "line_name": "503"}, {"line_id": "92-505-A-j24-1", "route_id": "57.TA.92-505-A-j24-1.4.R", "mode": "bus", "line_name": "505"}, {"line_id": "92-503-j24-1", "route_id": "273.TA.92-503-j24-1.64.R", "mode": "bus", "line_name": "503"}, {"line_id": "92-505-A-j24-1", "route_id": "45.TA.92-505-A-j24-1.4.R", "mode": "bus", "line_name": "505"}, {"line_id": "92-503-j24-1", "route_id": "483.TA.92-503-j24-1.67.R", "mode": "bus", "line_name": "503"}, {"line_id": "92-503-j24-1", "route_id": "379.TA.92-503-j24-1.65.R", "mode": "bus", "line_name": "503"}, {"line_id": "92-505-A-j24-1", "route_id": "33.TA.92-505-A-j24-1.3.R", "mode": "bus", "line_name": "505"}, {"line_id": "92-503-j24-1", "route_id": "473.TA.92-503-j24-1.67.R", "mode": "bus", "line_name": "503"}, {"line_id": "92-503-j24-1", "route_id": "172.TA.92-503-j24-1.10.H", "mode": "bus", "line_name": "503"}, {"line_id": "92-503-j24-1", "route_id": "21.TA.92-503-j24-1.6.H", "mode": "bus", "line_name": "503"}, {"line_id": "92-503-j24-1", "route_id": "225.TA.92-503-j24-1.10.H", "mode": "bus", "line_name": "503"}, {"line_id": "92-505-A-j24-1", "route_id": "21.TA.92-505-A-j24-1.2.H", "mode": "bus", "line_name": "505"}, {"line_id": "92-505-A-j24-1", "route_id": "9.TA.92-505-A-j24-1.1.H", "mode": "bus", "line_name": "505"}, {"line_id": "92-503-j24-1", "route_id": "167.TA.92-503-j24-1.9.H", "mode": "bus", "line_name": "503"}, {"line_id": "92-505-A-j24-1", "route_id": "27.TA.92-505-A-j24-1.2.H", "mode": "bus", "line_name": "505"}, {"line_id": "92-505-A-j24-1", "route_id": "18.TA.92-505-A-j24-1.2.H", "mode": "bus", "line_name": "505"}, {"line_id": "92-505-A-j24-1", "route_id": "8.TA.92-505-A-j24-1.1.H", "mode": "bus", "line_name": "505"}, {"line_id": "92-505-A-j24-1", "route_id": "6.TA.92-505-A-j24-1.18.H", "mode": "bus", "line_name": "505"}, {"line_id": "92-503-j24-1", "route_id": "134.TA.92-503-j24-1.9.H", "mode": "bus", "line_name": "503"}, {"line_id": "92-503-j24-1", "route_id": "67.TA.92-503-j24-1.9.H", "mode": "bus", "line_name": "503"}], "predominant_mode": "bus", "assigned_canton": "Schwyz", "modes_list": ["bus"]}, "geometry": {"type": "Point", "coordinates": [8.658735838793119, 47.021866711568855]}}, {"id": "24019", "type": "Feature", "properties": {"name": "Schwyz, Loostrasse", "lon": 8.658160910308187, "lat": 47.02580428157107, "stop_id": ["8592415.link:1875512"], "lines": [{"line_id": "92-530-A-j24-1", "route_id": "56.TA.92-530-A-j24-1.1.H", "mode": "bus", "line_name": "530"}], "predominant_mode": "bus", "assigned_canton": "Schwyz", "modes_list": ["bus"]}, "geometry": {"type": "Point", "coordinates": [8.65816091891971, 47.02580429157983]}}, {"id": "24020", "type": "Feature", "properties": {"name": "Schwyz, L\u00e4rchenweg/Kollegi", "lon": 8.652214060260228, "lat": 47.0244509616644, "stop_id": ["8592414.link:934149"], "lines": [{"line_id": "92-530-A-j24-1", "route_id": "56.TA.92-530-A-j24-1.1.H", "mode": "bus", "line_name": "530"}], "predominant_mode": "bus", "assigned_canton": "Schwyz", "modes_list": ["bus"]}, "geometry": {"type": "Point", "coordinates": [8.65221406886634, 47.02445097167437]}}, {"id": "24021", "type": "Feature", "properties": {"name": "Schwyz, L\u00fccken", "lon": 8.65145948006903, "lat": 47.018614771675765, "stop_id": ["8577431.link:626204"], "lines": [{"line_id": "92-503-j24-1", "route_id": "10.TA.92-503-j24-1.2.H", "mode": "bus", "line_name": "503"}, {"line_id": "92-531-j24-1", "route_id": "73.TA.92-531-j24-1.19.R", "mode": "bus", "line_name": "531"}, {"line_id": "92-508-A-j24-1", "route_id": "497.TA.92-508-A-j24-1.18.R", "mode": "bus", "line_name": "508"}, {"line_id": "92-503-j24-1", "route_id": "167.TA.92-503-j24-1.9.H", "mode": "bus", "line_name": "503"}, {"line_id": "92-531-j24-1", "route_id": "63.TA.92-531-j24-1.18.R", "mode": "bus", "line_name": "531"}, {"line_id": "92-503-j24-1", "route_id": "172.TA.92-503-j24-1.10.H", "mode": "bus", "line_name": "503"}, {"line_id": "92-502-A-j24-1", "route_id": "1803.TA.92-502-A-j24-1.827.R", "mode": "bus", "line_name": "502"}, {"line_id": "92-502-A-j24-1", "route_id": "1820.TA.92-502-A-j24-1.828.R", "mode": "bus", "line_name": "502"}, {"line_id": "92-508-A-j24-1", "route_id": "801.TA.92-508-A-j24-1.26.R", "mode": "bus", "line_name": "508"}, {"line_id": "92-508-A-j24-1", "route_id": "574.TA.92-508-A-j24-1.21.R", "mode": "bus", "line_name": "508"}, {"line_id": "92-531-j24-1", "route_id": "57.TA.92-531-j24-1.17.R", "mode": "bus", "line_name": "531"}, {"line_id": "92-508-A-j24-1", "route_id": "652.TA.92-508-A-j24-1.129.R", "mode": "bus", "line_name": "508"}, {"line_id": "92-508-A-j24-1", "route_id": "728.TA.92-508-A-j24-1.24.R", "mode": "bus", "line_name": "508"}, {"line_id": "92-531-j24-1", "route_id": "79.TA.92-531-j24-1.19.R", "mode": "bus", "line_name": "531"}, {"line_id": "92-503-j24-1", "route_id": "225.TA.92-503-j24-1.10.H", "mode": "bus", "line_name": "503"}, {"line_id": "92-502-A-j24-1", "route_id": "2143.TA.92-502-A-j24-1.811.R", "mode": "bus", "line_name": "502"}, {"line_id": "92-502-A-j24-1", "route_id": "1592.TA.92-502-A-j24-1.804.R", "mode": "bus", "line_name": "502"}, {"line_id": "92-508-A-j24-1", "route_id": "487.TA.92-508-A-j24-1.17.R", "mode": "bus", "line_name": "508"}, {"line_id": "92-502-A-j24-1", "route_id": "1810.TA.92-502-A-j24-1.828.R", "mode": "bus", "line_name": "502"}, {"line_id": "92-503-j24-1", "route_id": "134.TA.92-503-j24-1.9.H", "mode": "bus", "line_name": "503"}, {"line_id": "92-502-A-j24-1", "route_id": "1510.TA.92-502-A-j24-1.602.R", "mode": "bus", "line_name": "502"}, {"line_id": "92-508-A-j24-1", "route_id": "848.TA.92-508-A-j24-1.26.R", "mode": "bus", "line_name": "508"}, {"line_id": "92-503-j24-1", "route_id": "67.TA.92-503-j24-1.9.H", "mode": "bus", "line_name": "503"}, {"line_id": "92-502-A-j24-1", "route_id": "1153.TA.92-502-A-j24-1.44.R", "mode": "bus", "line_name": "502"}, {"line_id": "92-503-j24-1", "route_id": "21.TA.92-503-j24-1.6.H", "mode": "bus", "line_name": "503"}, {"line_id": "92-508-A-j24-1", "route_id": "772.TA.92-508-A-j24-1.26.R", "mode": "bus", "line_name": "508"}, {"line_id": "92-508-A-j24-1", "route_id": "504.TA.92-508-A-j24-1.18.R", "mode": "bus", "line_name": "508"}, {"line_id": "92-508-A-j24-1", "route_id": "599.TA.92-508-A-j24-1.21.R", "mode": "bus", "line_name": "508"}, {"line_id": "92-508-A-j24-1", "route_id": "711.TA.92-508-A-j24-1.24.R", "mode": "bus", "line_name": "508"}], "predominant_mode": "bus", "assigned_canton": "Schwyz", "modes_list": ["bus"]}, "geometry": {"type": "Point", "coordinates": [8.651459488676133, 47.01861478168376]}}, {"id": "24022", "type": "Feature", "properties": {"name": "Schwyz, L\u00fctzelmatt", "lon": 8.645063470190294, "lat": 47.02244848177656, "stop_id": ["8577421.link:1883213", "8577421.link:1883214"], "lines": [{"line_id": "92-508-A-j24-1", "route_id": "497.TA.92-508-A-j24-1.18.R", "mode": "bus", "line_name": "508"}, {"line_id": "92-505-A-j24-1", "route_id": "45.TA.92-505-A-j24-1.4.R", "mode": "bus", "line_name": "505"}, {"line_id": "92-505-A-j24-1", "route_id": "33.TA.92-505-A-j24-1.3.R", "mode": "bus", "line_name": "505"}, {"line_id": "92-501-j24-1", "route_id": "1027.TA.92-501-j24-1.442.R", "mode": "bus", "line_name": "501"}, {"line_id": "92-501-j24-1", "route_id": "916.TA.92-501-j24-1.440.R", "mode": "bus", "line_name": "501"}, {"line_id": "92-501-j24-1", "route_id": "780.TA.92-501-j24-1.436.R", "mode": "bus", "line_name": "501"}, {"line_id": "92-508-A-j24-1", "route_id": "801.TA.92-508-A-j24-1.26.R", "mode": "bus", "line_name": "508"}, {"line_id": "92-501-j24-1", "route_id": "970.TA.92-501-j24-1.48.R", "mode": "bus", "line_name": "501"}, {"line_id": "92-508-A-j24-1", "route_id": "574.TA.92-508-A-j24-1.21.R", "mode": "bus", "line_name": "508"}, {"line_id": "92-508-A-j24-1", "route_id": "728.TA.92-508-A-j24-1.24.R", "mode": "bus", "line_name": "508"}, {"line_id": "92-505-A-j24-1", "route_id": "57.TA.92-505-A-j24-1.4.R", "mode": "bus", "line_name": "505"}, {"line_id": "92-501-j24-1", "route_id": "658.TA.92-501-j24-1.33.R", "mode": "bus", "line_name": "501"}, {"line_id": "92-508-A-j24-1", "route_id": "487.TA.92-508-A-j24-1.17.R", "mode": "bus", "line_name": "508"}, {"line_id": "92-508-A-j24-1", "route_id": "848.TA.92-508-A-j24-1.26.R", "mode": "bus", "line_name": "508"}, {"line_id": "92-508-A-j24-1", "route_id": "772.TA.92-508-A-j24-1.26.R", "mode": "bus", "line_name": "508"}, {"line_id": "92-501-j24-1", "route_id": "863.TA.92-501-j24-1.439.R", "mode": "bus", "line_name": "501"}, {"line_id": "92-508-A-j24-1", "route_id": "504.TA.92-508-A-j24-1.18.R", "mode": "bus", "line_name": "508"}, {"line_id": "92-508-A-j24-1", "route_id": "599.TA.92-508-A-j24-1.21.R", "mode": "bus", "line_name": "508"}, {"line_id": "92-501-j24-1", "route_id": "1204.TA.92-501-j24-1.446.R", "mode": "bus", "line_name": "501"}, {"line_id": "92-508-A-j24-1", "route_id": "711.TA.92-508-A-j24-1.24.R", "mode": "bus", "line_name": "508"}, {"line_id": "92-508-A-j24-1", "route_id": "375.TA.92-508-A-j24-1.12.H", "mode": "bus", "line_name": "508"}, {"line_id": "92-501-j24-1", "route_id": "598.TA.92-501-j24-1.433.H", "mode": "bus", "line_name": "501"}, {"line_id": "92-501-j24-1", "route_id": "283.TA.92-501-j24-1.427.H", "mode": "bus", "line_name": "501"}, {"line_id": "92-508-A-j24-1", "route_id": "324.TA.92-508-A-j24-1.12.H", "mode": "bus", "line_name": "508"}, {"line_id": "92-501-j24-1", "route_id": "408.TA.92-501-j24-1.429.H", "mode": "bus", "line_name": "501"}, {"line_id": "92-501-j24-1", "route_id": "299.TA.92-501-j24-1.427.H", "mode": "bus", "line_name": "501"}, {"line_id": "92-505-A-j24-1", "route_id": "21.TA.92-505-A-j24-1.2.H", "mode": "bus", "line_name": "505"}, {"line_id": "92-505-A-j24-1", "route_id": "9.TA.92-505-A-j24-1.1.H", "mode": "bus", "line_name": "505"}, {"line_id": "92-501-j24-1", "route_id": "157.TA.92-501-j24-1.423.H", "mode": "bus", "line_name": "501"}, {"line_id": "92-508-A-j24-1", "route_id": "55.TA.92-508-A-j24-1.5.H", "mode": "bus", "line_name": "508"}, {"line_id": "92-508-A-j24-1", "route_id": "134.TA.92-508-A-j24-1.8.H", "mode": "bus", "line_name": "508"}, {"line_id": "92-505-A-j24-1", "route_id": "27.TA.92-505-A-j24-1.2.H", "mode": "bus", "line_name": "505"}, {"line_id": "92-508-A-j24-1", "route_id": "69.TA.92-508-A-j24-1.6.H", "mode": "bus", "line_name": "508"}, {"line_id": "92-501-j24-1", "route_id": "5.TA.92-501-j24-1.420.H", "mode": "bus", "line_name": "501"}, {"line_id": "92-501-j24-1", "route_id": "568.TA.92-501-j24-1.433.H", "mode": "bus", "line_name": "501"}, {"line_id": "92-501-j24-1", "route_id": "269.TA.92-501-j24-1.426.H", "mode": "bus", "line_name": "501"}, {"line_id": "92-508-A-j24-1", "route_id": "48.TA.92-508-A-j24-1.3.H", "mode": "bus", "line_name": "508"}, {"line_id": "92-508-A-j24-1", "route_id": "151.TA.92-508-A-j24-1.8.H", "mode": "bus", "line_name": "508"}, {"line_id": "92-508-A-j24-1", "route_id": "336.TA.92-508-A-j24-1.12.H", "mode": "bus", "line_name": "508"}, {"line_id": "92-508-A-j24-1", "route_id": "52.TA.92-508-A-j24-1.4.H", "mode": "bus", "line_name": "508"}, {"line_id": "92-505-A-j24-1", "route_id": "18.TA.92-505-A-j24-1.2.H", "mode": "bus", "line_name": "505"}, {"line_id": "92-505-A-j24-1", "route_id": "8.TA.92-505-A-j24-1.1.H", "mode": "bus", "line_name": "505"}], "predominant_mode": "bus", "assigned_canton": "Schwyz", "modes_list": ["bus"]}, "geometry": {"type": "Point", "coordinates": [8.645063478790007, 47.02244849178786]}}, {"id": "24023", "type": "Feature", "properties": {"name": "Schwyz, Mangelegg", "lon": 8.654271200400412, "lat": 47.02870064163243, "stop_id": ["8587740.link:136772"], "lines": [{"line_id": "92-530-A-j24-1", "route_id": "56.TA.92-530-A-j24-1.1.H", "mode": "bus", "line_name": "530"}], "predominant_mode": "bus", "assigned_canton": "Schwyz", "modes_list": ["bus"]}, "geometry": {"type": "Point", "coordinates": [8.654271209007272, 47.02870065164331]}}, {"id": "24024", "type": "Feature", "properties": {"name": "Schwyz, Mettli", "lon": 8.64051800071862, "lat": 47.03869889184925, "stop_id": ["8577475.link:1104164", "8577475.link:1104165"], "lines": [{"line_id": "92-507-A-j24-1", "route_id": "212.TA.92-507-A-j24-1.7.H", "mode": "bus", "line_name": "507"}, {"line_id": "92-507-A-j24-1", "route_id": "86.TA.92-507-A-j24-1.4.H", "mode": "bus", "line_name": "507"}, {"line_id": "92-507-A-j24-1", "route_id": "213.TA.92-507-A-j24-1.7.H", "mode": "bus", "line_name": "507"}, {"line_id": "92-507-A-j24-1", "route_id": "31.TA.92-507-A-j24-1.49.H", "mode": "bus", "line_name": "507"}, {"line_id": "92-507-A-j24-1", "route_id": "199.TA.92-507-A-j24-1.7.H", "mode": "bus", "line_name": "507"}, {"line_id": "92-507-A-j24-1", "route_id": "135.TA.92-507-A-j24-1.6.H", "mode": "bus", "line_name": "507"}, {"line_id": "92-507-A-j24-1", "route_id": "75.TA.92-507-A-j24-1.3.H", "mode": "bus", "line_name": "507"}, {"line_id": "92-507-A-j24-1", "route_id": "309.TA.92-507-A-j24-1.55.R", "mode": "bus", "line_name": "507"}, {"line_id": "92-507-A-j24-1", "route_id": "359.TA.92-507-A-j24-1.14.R", "mode": "bus", "line_name": "507"}, {"line_id": "92-507-A-j24-1", "route_id": "340.TA.92-507-A-j24-1.13.R", "mode": "bus", "line_name": "507"}, {"line_id": "92-507-A-j24-1", "route_id": "272.TA.92-507-A-j24-1.52.R", "mode": "bus", "line_name": "507"}, {"line_id": "92-507-A-j24-1", "route_id": "317.TA.92-507-A-j24-1.12.R", "mode": "bus", "line_name": "507"}, {"line_id": "92-507-A-j24-1", "route_id": "440.TA.92-507-A-j24-1.15.R", "mode": "bus", "line_name": "507"}, {"line_id": "92-507-A-j24-1", "route_id": "426.TA.92-507-A-j24-1.15.R", "mode": "bus", "line_name": "507"}, {"line_id": "92-507-A-j24-1", "route_id": "346.TA.92-507-A-j24-1.13.R", "mode": "bus", "line_name": "507"}], "predominant_mode": "bus", "assigned_canton": "Schwyz", "modes_list": ["bus"]}, "geometry": {"type": "Point", "coordinates": [8.640518009309076, 47.038698901867846]}}, {"id": "24025", "type": "Feature", "properties": {"name": "Schwyz, Nietenbach", "lon": 8.639646630208903, "lat": 47.02312211186169, "stop_id": ["8577422.link:996538", "8577422.link:996539"], "lines": [{"line_id": "92-508-A-j24-1", "route_id": "497.TA.92-508-A-j24-1.18.R", "mode": "bus", "line_name": "508"}, {"line_id": "92-505-A-j24-1", "route_id": "45.TA.92-505-A-j24-1.4.R", "mode": "bus", "line_name": "505"}, {"line_id": "92-505-A-j24-1", "route_id": "33.TA.92-505-A-j24-1.3.R", "mode": "bus", "line_name": "505"}, {"line_id": "92-501-j24-1", "route_id": "1027.TA.92-501-j24-1.442.R", "mode": "bus", "line_name": "501"}, {"line_id": "92-501-j24-1", "route_id": "916.TA.92-501-j24-1.440.R", "mode": "bus", "line_name": "501"}, {"line_id": "92-501-j24-1", "route_id": "780.TA.92-501-j24-1.436.R", "mode": "bus", "line_name": "501"}, {"line_id": "92-508-A-j24-1", "route_id": "801.TA.92-508-A-j24-1.26.R", "mode": "bus", "line_name": "508"}, {"line_id": "92-501-j24-1", "route_id": "970.TA.92-501-j24-1.48.R", "mode": "bus", "line_name": "501"}, {"line_id": "92-508-A-j24-1", "route_id": "574.TA.92-508-A-j24-1.21.R", "mode": "bus", "line_name": "508"}, {"line_id": "92-508-A-j24-1", "route_id": "728.TA.92-508-A-j24-1.24.R", "mode": "bus", "line_name": "508"}, {"line_id": "92-505-A-j24-1", "route_id": "57.TA.92-505-A-j24-1.4.R", "mode": "bus", "line_name": "505"}, {"line_id": "92-501-j24-1", "route_id": "658.TA.92-501-j24-1.33.R", "mode": "bus", "line_name": "501"}, {"line_id": "92-508-A-j24-1", "route_id": "487.TA.92-508-A-j24-1.17.R", "mode": "bus", "line_name": "508"}, {"line_id": "92-508-A-j24-1", "route_id": "848.TA.92-508-A-j24-1.26.R", "mode": "bus", "line_name": "508"}, {"line_id": "92-508-A-j24-1", "route_id": "772.TA.92-508-A-j24-1.26.R", "mode": "bus", "line_name": "508"}, {"line_id": "92-501-j24-1", "route_id": "863.TA.92-501-j24-1.439.R", "mode": "bus", "line_name": "501"}, {"line_id": "92-508-A-j24-1", "route_id": "504.TA.92-508-A-j24-1.18.R", "mode": "bus", "line_name": "508"}, {"line_id": "92-508-A-j24-1", "route_id": "599.TA.92-508-A-j24-1.21.R", "mode": "bus", "line_name": "508"}, {"line_id": "92-501-j24-1", "route_id": "1204.TA.92-501-j24-1.446.R", "mode": "bus", "line_name": "501"}, {"line_id": "92-508-A-j24-1", "route_id": "711.TA.92-508-A-j24-1.24.R", "mode": "bus", "line_name": "508"}, {"line_id": "92-508-A-j24-1", "route_id": "375.TA.92-508-A-j24-1.12.H", "mode": "bus", "line_name": "508"}, {"line_id": "92-501-j24-1", "route_id": "598.TA.92-501-j24-1.433.H", "mode": "bus", "line_name": "501"}, {"line_id": "92-501-j24-1", "route_id": "283.TA.92-501-j24-1.427.H", "mode": "bus", "line_name": "501"}, {"line_id": "92-508-A-j24-1", "route_id": "324.TA.92-508-A-j24-1.12.H", "mode": "bus", "line_name": "508"}, {"line_id": "92-501-j24-1", "route_id": "408.TA.92-501-j24-1.429.H", "mode": "bus", "line_name": "501"}, {"line_id": "92-501-j24-1", "route_id": "299.TA.92-501-j24-1.427.H", "mode": "bus", "line_name": "501"}, {"line_id": "92-505-A-j24-1", "route_id": "21.TA.92-505-A-j24-1.2.H", "mode": "bus", "line_name": "505"}, {"line_id": "92-505-A-j24-1", "route_id": "9.TA.92-505-A-j24-1.1.H", "mode": "bus", "line_name": "505"}, {"line_id": "92-501-j24-1", "route_id": "157.TA.92-501-j24-1.423.H", "mode": "bus", "line_name": "501"}, {"line_id": "92-508-A-j24-1", "route_id": "55.TA.92-508-A-j24-1.5.H", "mode": "bus", "line_name": "508"}, {"line_id": "92-508-A-j24-1", "route_id": "134.TA.92-508-A-j24-1.8.H", "mode": "bus", "line_name": "508"}, {"line_id": "92-505-A-j24-1", "route_id": "27.TA.92-505-A-j24-1.2.H", "mode": "bus", "line_name": "505"}, {"line_id": "92-508-A-j24-1", "route_id": "69.TA.92-508-A-j24-1.6.H", "mode": "bus", "line_name": "508"}, {"line_id": "92-501-j24-1", "route_id": "5.TA.92-501-j24-1.420.H", "mode": "bus", "line_name": "501"}, {"line_id": "92-501-j24-1", "route_id": "568.TA.92-501-j24-1.433.H", "mode": "bus", "line_name": "501"}, {"line_id": "92-501-j24-1", "route_id": "269.TA.92-501-j24-1.426.H", "mode": "bus", "line_name": "501"}, {"line_id": "92-508-A-j24-1", "route_id": "48.TA.92-508-A-j24-1.3.H", "mode": "bus", "line_name": "508"}, {"line_id": "92-508-A-j24-1", "route_id": "151.TA.92-508-A-j24-1.8.H", "mode": "bus", "line_name": "508"}, {"line_id": "92-508-A-j24-1", "route_id": "336.TA.92-508-A-j24-1.12.H", "mode": "bus", "line_name": "508"}, {"line_id": "92-508-A-j24-1", "route_id": "52.TA.92-508-A-j24-1.4.H", "mode": "bus", "line_name": "508"}, {"line_id": "92-505-A-j24-1", "route_id": "18.TA.92-505-A-j24-1.2.H", "mode": "bus", "line_name": "505"}, {"line_id": "92-505-A-j24-1", "route_id": "8.TA.92-505-A-j24-1.1.H", "mode": "bus", "line_name": "505"}], "predominant_mode": "bus", "assigned_canton": "Schwyz", "modes_list": ["bus"]}, "geometry": {"type": "Point", "coordinates": [8.639646638803123, 47.02312212187476]}}, {"id": "24026", "type": "Feature", "properties": {"name": "Schwyz, Nietenbachstrasse", "lon": 8.64510839031422, "lat": 47.026239051776166, "stop_id": ["8577472.link:768284", "8577472.link:768285"], "lines": [{"line_id": "92-507-A-j24-1", "route_id": "212.TA.92-507-A-j24-1.7.H", "mode": "bus", "line_name": "507"}, {"line_id": "92-507-A-j24-1", "route_id": "86.TA.92-507-A-j24-1.4.H", "mode": "bus", "line_name": "507"}, {"line_id": "92-507-A-j24-1", "route_id": "213.TA.92-507-A-j24-1.7.H", "mode": "bus", "line_name": "507"}, {"line_id": "92-507-A-j24-1", "route_id": "31.TA.92-507-A-j24-1.49.H", "mode": "bus", "line_name": "507"}, {"line_id": "92-507-A-j24-1", "route_id": "199.TA.92-507-A-j24-1.7.H", "mode": "bus", "line_name": "507"}, {"line_id": "92-507-A-j24-1", "route_id": "135.TA.92-507-A-j24-1.6.H", "mode": "bus", "line_name": "507"}, {"line_id": "92-507-A-j24-1", "route_id": "75.TA.92-507-A-j24-1.3.H", "mode": "bus", "line_name": "507"}, {"line_id": "92-507-A-j24-1", "route_id": "309.TA.92-507-A-j24-1.55.R", "mode": "bus", "line_name": "507"}, {"line_id": "92-507-A-j24-1", "route_id": "359.TA.92-507-A-j24-1.14.R", "mode": "bus", "line_name": "507"}, {"line_id": "92-507-A-j24-1", "route_id": "340.TA.92-507-A-j24-1.13.R", "mode": "bus", "line_name": "507"}, {"line_id": "92-507-A-j24-1", "route_id": "272.TA.92-507-A-j24-1.52.R", "mode": "bus", "line_name": "507"}, {"line_id": "92-507-A-j24-1", "route_id": "317.TA.92-507-A-j24-1.12.R", "mode": "bus", "line_name": "507"}, {"line_id": "92-507-A-j24-1", "route_id": "440.TA.92-507-A-j24-1.15.R", "mode": "bus", "line_name": "507"}, {"line_id": "92-507-A-j24-1", "route_id": "426.TA.92-507-A-j24-1.15.R", "mode": "bus", "line_name": "507"}, {"line_id": "92-507-A-j24-1", "route_id": "346.TA.92-507-A-j24-1.13.R", "mode": "bus", "line_name": "507"}], "predominant_mode": "bus", "assigned_canton": "Schwyz", "modes_list": ["bus"]}, "geometry": {"type": "Point", "coordinates": [8.645108398912855, 47.02623906178886]}}, {"id": "24027", "type": "Feature", "properties": {"name": "Schwyz, Obermatt", "lon": 8.650740820364776, "lat": 47.02767805168779, "stop_id": ["8592416.link:934141"], "lines": [{"line_id": "92-530-A-j24-1", "route_id": "56.TA.92-530-A-j24-1.1.H", "mode": "bus", "line_name": "530"}], "predominant_mode": "bus", "assigned_canton": "Schwyz", "modes_list": ["bus"]}, "geometry": {"type": "Point", "coordinates": [8.650740828968488, 47.02767806169938]}}, {"id": "24028", "type": "Feature", "properties": {"name": "Schwyz, Obstm\u00fchle/Friedhof", "lon": 8.657855480087079, "lat": 47.01904347157533, "stop_id": ["8577448.link:134270", "8577448.link:134271"], "lines": [{"line_id": "92-501-j24-1", "route_id": "1027.TA.92-501-j24-1.442.R", "mode": "bus", "line_name": "501"}, {"line_id": "92-501-j24-1", "route_id": "916.TA.92-501-j24-1.440.R", "mode": "bus", "line_name": "501"}, {"line_id": "92-501-j24-1", "route_id": "1204.TA.92-501-j24-1.446.R", "mode": "bus", "line_name": "501"}, {"line_id": "92-501-j24-1", "route_id": "970.TA.92-501-j24-1.48.R", "mode": "bus", "line_name": "501"}, {"line_id": "92-532-j24-1", "route_id": "114.TA.92-532-j24-1.7.H", "mode": "bus", "line_name": "532"}, {"line_id": "92-501-j24-1", "route_id": "598.TA.92-501-j24-1.433.H", "mode": "bus", "line_name": "501"}, {"line_id": "92-501-j24-1", "route_id": "568.TA.92-501-j24-1.433.H", "mode": "bus", "line_name": "501"}, {"line_id": "92-501-j24-1", "route_id": "283.TA.92-501-j24-1.427.H", "mode": "bus", "line_name": "501"}, {"line_id": "92-501-j24-1", "route_id": "173.TA.92-501-j24-1.14.H", "mode": "bus", "line_name": "501"}, {"line_id": "92-501-j24-1", "route_id": "408.TA.92-501-j24-1.429.H", "mode": "bus", "line_name": "501"}, {"line_id": "92-501-j24-1", "route_id": "299.TA.92-501-j24-1.427.H", "mode": "bus", "line_name": "501"}], "predominant_mode": "bus", "assigned_canton": "Schwyz", "modes_list": ["bus"]}, "geometry": {"type": "Point", "coordinates": [8.657855488700303, 47.019043481581654]}}, {"id": "24029", "type": "Feature", "properties": {"name": "Schwyz, Rest. Mythen", "lon": 8.659265840229219, "lat": 47.0233670615535, "stop_id": ["8592417.link:1426059"], "lines": [{"line_id": "92-530-A-j24-1", "route_id": "56.TA.92-530-A-j24-1.1.H", "mode": "bus", "line_name": "530"}], "predominant_mode": "bus", "assigned_canton": "Schwyz", "modes_list": ["bus"]}, "geometry": {"type": "Point", "coordinates": [8.65926584884254, 47.02336707156103]}}, {"id": "24030", "type": "Feature", "properties": {"name": "Schwyz, Riedbr\u00fccke", "lon": 8.652258980428963, "lat": 47.02961299166411, "stop_id": ["8594997.link:135993"], "lines": [{"line_id": "92-530-A-j24-1", "route_id": "56.TA.92-530-A-j24-1.1.H", "mode": "bus", "line_name": "530"}], "predominant_mode": "bus", "assigned_canton": "Schwyz", "modes_list": ["bus"]}, "geometry": {"type": "Point", "coordinates": [8.652258989033593, 47.02961300167598]}}, {"id": "24031", "type": "Feature", "properties": {"name": "Schwyz, Salesheim", "lon": 8.651836770408304, "lat": 47.02898843167068, "stop_id": ["8592418.link:613819"], "lines": [{"line_id": "92-530-A-j24-1", "route_id": "56.TA.92-530-A-j24-1.1.H", "mode": "bus", "line_name": "530"}], "predominant_mode": "bus", "assigned_canton": "Schwyz", "modes_list": ["bus"]}, "geometry": {"type": "Point", "coordinates": [8.651836779012699, 47.028988441682436]}}, {"id": "24032", "type": "Feature", "properties": {"name": "Schwyz, Sch\u00fctzenhaus", "lon": 8.658169889741513, "lat": 47.008459611569464, "stop_id": ["8577451.link:840730", "8577451.link:840731"], "lines": [{"line_id": "92-501-j24-1", "route_id": "1027.TA.92-501-j24-1.442.R", "mode": "bus", "line_name": "501"}, {"line_id": "92-501-j24-1", "route_id": "1204.TA.92-501-j24-1.446.R", "mode": "bus", "line_name": "501"}, {"line_id": "92-501-j24-1", "route_id": "916.TA.92-501-j24-1.440.R", "mode": "bus", "line_name": "501"}, {"line_id": "92-501-j24-1", "route_id": "970.TA.92-501-j24-1.48.R", "mode": "bus", "line_name": "501"}, {"line_id": "92-501-j24-1", "route_id": "598.TA.92-501-j24-1.433.H", "mode": "bus", "line_name": "501"}, {"line_id": "92-501-j24-1", "route_id": "568.TA.92-501-j24-1.433.H", "mode": "bus", "line_name": "501"}, {"line_id": "92-501-j24-1", "route_id": "283.TA.92-501-j24-1.427.H", "mode": "bus", "line_name": "501"}, {"line_id": "92-501-j24-1", "route_id": "173.TA.92-501-j24-1.14.H", "mode": "bus", "line_name": "501"}, {"line_id": "92-501-j24-1", "route_id": "408.TA.92-501-j24-1.429.H", "mode": "bus", "line_name": "501"}, {"line_id": "92-501-j24-1", "route_id": "299.TA.92-501-j24-1.427.H", "mode": "bus", "line_name": "501"}], "predominant_mode": "bus", "assigned_canton": "Schwyz", "modes_list": ["bus"]}, "geometry": {"type": "Point", "coordinates": [8.658169898358182, 47.00845962157178]}}, {"id": "24033", "type": "Feature", "properties": {"name": "Schwyz, Sonnenpl\u00e4tzli", "lon": 8.65669665013115, "lat": 47.02041530159362, "stop_id": ["8588238.link:1557973", "8588238.link:1665552"], "lines": [{"line_id": "92-501-j24-1", "route_id": "1027.TA.92-501-j24-1.442.R", "mode": "bus", "line_name": "501"}, {"line_id": "92-501-j24-1", "route_id": "1204.TA.92-501-j24-1.446.R", "mode": "bus", "line_name": "501"}, {"line_id": "92-501-j24-1", "route_id": "916.TA.92-501-j24-1.440.R", "mode": "bus", "line_name": "501"}, {"line_id": "92-501-j24-1", "route_id": "970.TA.92-501-j24-1.48.R", "mode": "bus", "line_name": "501"}, {"line_id": "92-501-j24-1", "route_id": "598.TA.92-501-j24-1.433.H", "mode": "bus", "line_name": "501"}, {"line_id": "92-501-j24-1", "route_id": "568.TA.92-501-j24-1.433.H", "mode": "bus", "line_name": "501"}, {"line_id": "92-501-j24-1", "route_id": "283.TA.92-501-j24-1.427.H", "mode": "bus", "line_name": "501"}, {"line_id": "92-501-j24-1", "route_id": "173.TA.92-501-j24-1.14.H", "mode": "bus", "line_name": "501"}, {"line_id": "92-501-j24-1", "route_id": "408.TA.92-501-j24-1.429.H", "mode": "bus", "line_name": "501"}, {"line_id": "92-501-j24-1", "route_id": "299.TA.92-501-j24-1.427.H", "mode": "bus", "line_name": "501"}], "predominant_mode": "bus", "assigned_canton": "Schwyz", "modes_list": ["bus"]}, "geometry": {"type": "Point", "coordinates": [8.656696658742838, 47.02041531160078]}}, {"id": "24034", "type": "Feature", "properties": {"name": "Schwyz, Spital", "lon": 8.657846499995022, "lat": 47.01622621157525, "stop_id": ["8577449.link:409080", "8577449.link:409081"], "lines": [{"line_id": "92-501-j24-1", "route_id": "1027.TA.92-501-j24-1.442.R", "mode": "bus", "line_name": "501"}, {"line_id": "92-501-j24-1", "route_id": "1204.TA.92-501-j24-1.446.R", "mode": "bus", "line_name": "501"}, {"line_id": "92-501-j24-1", "route_id": "916.TA.92-501-j24-1.440.R", "mode": "bus", "line_name": "501"}, {"line_id": "92-501-j24-1", "route_id": "970.TA.92-501-j24-1.48.R", "mode": "bus", "line_name": "501"}, {"line_id": "92-501-j24-1", "route_id": "598.TA.92-501-j24-1.433.H", "mode": "bus", "line_name": "501"}, {"line_id": "92-501-j24-1", "route_id": "568.TA.92-501-j24-1.433.H", "mode": "bus", "line_name": "501"}, {"line_id": "92-501-j24-1", "route_id": "283.TA.92-501-j24-1.427.H", "mode": "bus", "line_name": "501"}, {"line_id": "92-501-j24-1", "route_id": "173.TA.92-501-j24-1.14.H", "mode": "bus", "line_name": "501"}, {"line_id": "92-501-j24-1", "route_id": "408.TA.92-501-j24-1.429.H", "mode": "bus", "line_name": "501"}, {"line_id": "92-501-j24-1", "route_id": "299.TA.92-501-j24-1.427.H", "mode": "bus", "line_name": "501"}], "predominant_mode": "bus", "assigned_canton": "Schwyz", "modes_list": ["bus"]}, "geometry": {"type": "Point", "coordinates": [8.657846508609072, 47.01622622158054]}}, {"id": "24035", "type": "Feature", "properties": {"name": "Schwyz, Spital Haupteingang", "lon": 8.659571259988516, "lat": 47.01599348154812, "stop_id": ["8594730.link:408988"], "lines": [{"line_id": "92-532-j24-1", "route_id": "114.TA.92-532-j24-1.7.H", "mode": "bus", "line_name": "532"}], "predominant_mode": "bus", "assigned_canton": "Schwyz", "modes_list": ["bus"]}, "geometry": {"type": "Point", "coordinates": [8.65957126860432, 47.0159934915528]}}, {"id": "24036", "type": "Feature", "properties": {"name": "Schwyz, St. Martinstrasse", "lon": 8.652878820202607, "lat": 47.022675061653786, "stop_id": ["8592419.link:408961"], "lines": [{"line_id": "92-531-j24-1", "route_id": "73.TA.92-531-j24-1.19.R", "mode": "bus", "line_name": "531"}, {"line_id": "92-530-A-j24-1", "route_id": "56.TA.92-530-A-j24-1.1.H", "mode": "bus", "line_name": "530"}, {"line_id": "92-531-j24-1", "route_id": "79.TA.92-531-j24-1.19.R", "mode": "bus", "line_name": "531"}], "predominant_mode": "bus", "assigned_canton": "Schwyz", "modes_list": ["bus"]}, "geometry": {"type": "Point", "coordinates": [8.652878828809897, 47.0226750716629]}}, {"id": "24037", "type": "Feature", "properties": {"name": "Schwyz, Steisteg", "lon": 8.651737950103831, "lat": 47.01967427167147, "stop_id": ["8577432.link:626191"], "lines": [{"line_id": "92-508-A-j24-1", "route_id": "375.TA.92-508-A-j24-1.12.H", "mode": "bus", "line_name": "508"}, {"line_id": "92-502-A-j24-1", "route_id": "1604.TA.92-502-A-j24-1.607.R", "mode": "bus", "line_name": "502"}, {"line_id": "92-508-A-j24-1", "route_id": "231.TA.92-508-A-j24-1.11.H", "mode": "bus", "line_name": "508"}, {"line_id": "92-508-A-j24-1", "route_id": "324.TA.92-508-A-j24-1.12.H", "mode": "bus", "line_name": "508"}, {"line_id": "92-502-A-j24-1", "route_id": "931.TA.92-502-A-j24-1.795.H", "mode": "bus", "line_name": "502"}, {"line_id": "92-532-j24-1", "route_id": "114.TA.92-532-j24-1.7.H", "mode": "bus", "line_name": "532"}, {"line_id": "92-502-A-j24-1", "route_id": "527.TA.92-502-A-j24-1.818.H", "mode": "bus", "line_name": "502"}, {"line_id": "92-531-j24-1", "route_id": "27.TA.92-531-j24-1.2.H", "mode": "bus", "line_name": "531"}, {"line_id": "92-502-A-j24-1", "route_id": "945.TA.92-502-A-j24-1.795.H", "mode": "bus", "line_name": "502"}, {"line_id": "92-508-A-j24-1", "route_id": "239.TA.92-508-A-j24-1.11.H", "mode": "bus", "line_name": "508"}, {"line_id": "92-531-j24-1", "route_id": "16.TA.92-531-j24-1.2.H", "mode": "bus", "line_name": "531"}, {"line_id": "92-503-j24-1", "route_id": "379.TA.92-503-j24-1.65.R", "mode": "bus", "line_name": "503"}, {"line_id": "92-503-j24-1", "route_id": "473.TA.92-503-j24-1.67.R", "mode": "bus", "line_name": "503"}, {"line_id": "92-531-j24-1", "route_id": "25.TA.92-531-j24-1.2.H", "mode": "bus", "line_name": "531"}, {"line_id": "92-531-j24-1", "route_id": "22.TA.92-531-j24-1.2.H", "mode": "bus", "line_name": "531"}, {"line_id": "92-502-A-j24-1", "route_id": "4.TA.92-502-A-j24-1.1.H", "mode": "bus", "line_name": "502"}, {"line_id": "92-502-A-j24-1", "route_id": "325.TA.92-502-A-j24-1.16.H", "mode": "bus", "line_name": "502"}, {"line_id": "92-508-A-j24-1", "route_id": "55.TA.92-508-A-j24-1.5.H", "mode": "bus", "line_name": "508"}, {"line_id": "92-502-A-j24-1", "route_id": "515.TA.92-502-A-j24-1.818.H", "mode": "bus", "line_name": "502"}, {"line_id": "92-508-A-j24-1", "route_id": "134.TA.92-508-A-j24-1.8.H", "mode": "bus", "line_name": "508"}, {"line_id": "92-503-j24-1", "route_id": "483.TA.92-503-j24-1.67.R", "mode": "bus", "line_name": "503"}, {"line_id": "92-531-j24-1", "route_id": "38.TA.92-531-j24-1.3.H", "mode": "bus", "line_name": "531"}, {"line_id": "92-532-j24-1", "route_id": "2.TA.92-532-j24-1.1.H", "mode": "bus", "line_name": "532"}, {"line_id": "92-531-j24-1", "route_id": "36.TA.92-531-j24-1.3.H", "mode": "bus", "line_name": "531"}, {"line_id": "92-508-A-j24-1", "route_id": "3.TA.92-508-A-j24-1.1.H", "mode": "bus", "line_name": "508"}, {"line_id": "92-503-j24-1", "route_id": "441.TA.92-503-j24-1.65.R", "mode": "bus", "line_name": "503"}, {"line_id": "92-502-A-j24-1", "route_id": "493.TA.92-502-A-j24-1.818.H", "mode": "bus", "line_name": "502"}, {"line_id": "92-508-A-j24-1", "route_id": "69.TA.92-508-A-j24-1.6.H", "mode": "bus", "line_name": "508"}, {"line_id": "92-508-A-j24-1", "route_id": "151.TA.92-508-A-j24-1.8.H", "mode": "bus", "line_name": "508"}, {"line_id": "92-508-A-j24-1", "route_id": "336.TA.92-508-A-j24-1.12.H", "mode": "bus", "line_name": "508"}, {"line_id": "92-508-A-j24-1", "route_id": "52.TA.92-508-A-j24-1.4.H", "mode": "bus", "line_name": "508"}], "predominant_mode": "bus", "assigned_canton": "Schwyz", "modes_list": ["bus"]}, "geometry": {"type": "Point", "coordinates": [8.651737958710891, 47.019674281679784]}}, {"id": "24038", "type": "Feature", "properties": {"name": "Schwyz, Stoosbahn", "lon": 8.67308192920292, "lat": 46.991679161333735, "stop_id": ["8577453.link:75945", "8577453.link:75946"], "lines": [{"line_id": "92-501-j24-1", "route_id": "1027.TA.92-501-j24-1.442.R", "mode": "bus", "line_name": "501"}, {"line_id": "92-501-j24-1", "route_id": "1204.TA.92-501-j24-1.446.R", "mode": "bus", "line_name": "501"}, {"line_id": "92-501-j24-1", "route_id": "916.TA.92-501-j24-1.440.R", "mode": "bus", "line_name": "501"}, {"line_id": "92-501-j24-1", "route_id": "970.TA.92-501-j24-1.48.R", "mode": "bus", "line_name": "501"}, {"line_id": "92-501-j24-1", "route_id": "598.TA.92-501-j24-1.433.H", "mode": "bus", "line_name": "501"}, {"line_id": "92-501-j24-1", "route_id": "568.TA.92-501-j24-1.433.H", "mode": "bus", "line_name": "501"}, {"line_id": "92-501-j24-1", "route_id": "283.TA.92-501-j24-1.427.H", "mode": "bus", "line_name": "501"}, {"line_id": "92-501-j24-1", "route_id": "173.TA.92-501-j24-1.14.H", "mode": "bus", "line_name": "501"}, {"line_id": "92-501-j24-1", "route_id": "408.TA.92-501-j24-1.429.H", "mode": "bus", "line_name": "501"}, {"line_id": "92-501-j24-1", "route_id": "299.TA.92-501-j24-1.427.H", "mode": "bus", "line_name": "501"}], "predominant_mode": "bus", "assigned_canton": "Schwyz", "modes_list": ["bus"]}, "geometry": {"type": "Point", "coordinates": [8.67308193783912, 46.99167917132541]}}, {"id": "24039", "type": "Feature", "properties": {"name": "Schwyz, Verkehrsamt", "lon": 8.644219060494581, "lat": 47.03177440179056, "stop_id": ["8577473.link:1091047", "8577473.link:1091048"], "lines": [{"line_id": "92-507-A-j24-1", "route_id": "212.TA.92-507-A-j24-1.7.H", "mode": "bus", "line_name": "507"}, {"line_id": "92-507-A-j24-1", "route_id": "86.TA.92-507-A-j24-1.4.H", "mode": "bus", "line_name": "507"}, {"line_id": "92-507-A-j24-1", "route_id": "213.TA.92-507-A-j24-1.7.H", "mode": "bus", "line_name": "507"}, {"line_id": "92-507-A-j24-1", "route_id": "31.TA.92-507-A-j24-1.49.H", "mode": "bus", "line_name": "507"}, {"line_id": "92-507-A-j24-1", "route_id": "199.TA.92-507-A-j24-1.7.H", "mode": "bus", "line_name": "507"}, {"line_id": "92-507-A-j24-1", "route_id": "135.TA.92-507-A-j24-1.6.H", "mode": "bus", "line_name": "507"}, {"line_id": "92-507-A-j24-1", "route_id": "75.TA.92-507-A-j24-1.3.H", "mode": "bus", "line_name": "507"}, {"line_id": "92-507-A-j24-1", "route_id": "309.TA.92-507-A-j24-1.55.R", "mode": "bus", "line_name": "507"}, {"line_id": "92-507-A-j24-1", "route_id": "359.TA.92-507-A-j24-1.14.R", "mode": "bus", "line_name": "507"}, {"line_id": "92-507-A-j24-1", "route_id": "340.TA.92-507-A-j24-1.13.R", "mode": "bus", "line_name": "507"}, {"line_id": "92-507-A-j24-1", "route_id": "272.TA.92-507-A-j24-1.52.R", "mode": "bus", "line_name": "507"}, {"line_id": "92-507-A-j24-1", "route_id": "317.TA.92-507-A-j24-1.12.R", "mode": "bus", "line_name": "507"}, {"line_id": "92-507-A-j24-1", "route_id": "440.TA.92-507-A-j24-1.15.R", "mode": "bus", "line_name": "507"}, {"line_id": "92-507-A-j24-1", "route_id": "426.TA.92-507-A-j24-1.15.R", "mode": "bus", "line_name": "507"}, {"line_id": "92-507-A-j24-1", "route_id": "346.TA.92-507-A-j24-1.13.R", "mode": "bus", "line_name": "507"}], "predominant_mode": "bus", "assigned_canton": "Schwyz", "modes_list": ["bus"]}, "geometry": {"type": "Point", "coordinates": [8.644219069090708, 47.031774411805536]}}, {"id": "24040", "type": "Feature", "properties": {"name": "Schwyz, Weidhuobli", "lon": 8.657181750358808, "lat": 47.02737188158659, "stop_id": ["8592420.link:408983"], "lines": [{"line_id": "92-530-A-j24-1", "route_id": "56.TA.92-530-A-j24-1.1.H", "mode": "bus", "line_name": "530"}], "predominant_mode": "bus", "assigned_canton": "Schwyz", "modes_list": ["bus"]}, "geometry": {"type": "Point", "coordinates": [8.657181758968909, 47.02737189159619]}}, {"id": "24041", "type": "Feature", "properties": {"name": "Schwyz, Zentrum", "lon": 8.651437917151084, "lat": 47.02112569767631, "stop_id": ["8505095:0:A.link:1615969", "8505095:0:A.link:715908", "8505095:0:A.link:715909", "8505095:0:B.link:715908", "8505095:0:C.link:558803", "8505095:0:C.link:715908", "8505095:0:C.link:715909", "8505095:0:D.link:1615969", "8505095:0:D.link:64123", "8505095:0:D.link:64124"], "lines": [{"line_id": "92-508-A-j24-1", "route_id": "497.TA.92-508-A-j24-1.18.R", "mode": "bus", "line_name": "508"}, {"line_id": "92-501-j24-1", "route_id": "1027.TA.92-501-j24-1.442.R", "mode": "bus", "line_name": "501"}, {"line_id": "92-501-j24-1", "route_id": "916.TA.92-501-j24-1.440.R", "mode": "bus", "line_name": "501"}, {"line_id": "92-502-A-j24-1", "route_id": "1820.TA.92-502-A-j24-1.828.R", "mode": "bus", "line_name": "502"}, {"line_id": "92-508-A-j24-1", "route_id": "801.TA.92-508-A-j24-1.26.R", "mode": "bus", "line_name": "508"}, {"line_id": "92-501-j24-1", "route_id": "970.TA.92-501-j24-1.48.R", "mode": "bus", "line_name": "501"}, {"line_id": "92-508-A-j24-1", "route_id": "574.TA.92-508-A-j24-1.21.R", "mode": "bus", "line_name": "508"}, {"line_id": "92-508-A-j24-1", "route_id": "728.TA.92-508-A-j24-1.24.R", "mode": "bus", "line_name": "508"}, {"line_id": "92-502-A-j24-1", "route_id": "2143.TA.92-502-A-j24-1.811.R", "mode": "bus", "line_name": "502"}, {"line_id": "92-502-A-j24-1", "route_id": "1592.TA.92-502-A-j24-1.804.R", "mode": "bus", "line_name": "502"}, {"line_id": "92-508-A-j24-1", "route_id": "487.TA.92-508-A-j24-1.17.R", "mode": "bus", "line_name": "508"}, {"line_id": "92-502-A-j24-1", "route_id": "1810.TA.92-502-A-j24-1.828.R", "mode": "bus", "line_name": "502"}, {"line_id": "92-502-A-j24-1", "route_id": "1510.TA.92-502-A-j24-1.602.R", "mode": "bus", "line_name": "502"}, {"line_id": "92-508-A-j24-1", "route_id": "848.TA.92-508-A-j24-1.26.R", "mode": "bus", "line_name": "508"}, {"line_id": "92-502-A-j24-1", "route_id": "1153.TA.92-502-A-j24-1.44.R", "mode": "bus", "line_name": "502"}, {"line_id": "92-508-A-j24-1", "route_id": "772.TA.92-508-A-j24-1.26.R", "mode": "bus", "line_name": "508"}, {"line_id": "92-508-A-j24-1", "route_id": "504.TA.92-508-A-j24-1.18.R", "mode": "bus", "line_name": "508"}, {"line_id": "92-508-A-j24-1", "route_id": "599.TA.92-508-A-j24-1.21.R", "mode": "bus", "line_name": "508"}, {"line_id": "92-501-j24-1", "route_id": "1204.TA.92-501-j24-1.446.R", "mode": "bus", "line_name": "501"}, {"line_id": "92-508-A-j24-1", "route_id": "711.TA.92-508-A-j24-1.24.R", "mode": "bus", "line_name": "508"}, {"line_id": "92-501-j24-1", "route_id": "780.TA.92-501-j24-1.436.R", "mode": "bus", "line_name": "501"}, {"line_id": "92-501-j24-1", "route_id": "863.TA.92-501-j24-1.439.R", "mode": "bus", "line_name": "501"}, {"line_id": "92-501-j24-1", "route_id": "658.TA.92-501-j24-1.33.R", "mode": "bus", "line_name": "501"}, {"line_id": "92-501-j24-1", "route_id": "5.TA.92-501-j24-1.420.H", "mode": "bus", "line_name": "501"}, {"line_id": "92-508-A-j24-1", "route_id": "652.TA.92-508-A-j24-1.129.R", "mode": "bus", "line_name": "508"}, {"line_id": "92-502-A-j24-1", "route_id": "1803.TA.92-502-A-j24-1.827.R", "mode": "bus", "line_name": "502"}, {"line_id": "92-503-j24-1", "route_id": "10.TA.92-503-j24-1.2.H", "mode": "bus", "line_name": "503"}, {"line_id": "92-530-A-j24-1", "route_id": "56.TA.92-530-A-j24-1.1.H", "mode": "bus", "line_name": "530"}, {"line_id": "92-503-j24-1", "route_id": "172.TA.92-503-j24-1.10.H", "mode": "bus", "line_name": "503"}, {"line_id": "92-503-j24-1", "route_id": "21.TA.92-503-j24-1.6.H", "mode": "bus", "line_name": "503"}, {"line_id": "92-503-j24-1", "route_id": "225.TA.92-503-j24-1.10.H", "mode": "bus", "line_name": "503"}, {"line_id": "92-505-A-j24-1", "route_id": "57.TA.92-505-A-j24-1.4.R", "mode": "bus", "line_name": "505"}, {"line_id": "92-531-j24-1", "route_id": "79.TA.92-531-j24-1.19.R", "mode": "bus", "line_name": "531"}, {"line_id": "92-502-A-j24-1", "route_id": "1298.TA.92-502-A-j24-1.823.R", "mode": "bus", "line_name": "502"}, {"line_id": "92-531-j24-1", "route_id": "57.TA.92-531-j24-1.17.R", "mode": "bus", "line_name": "531"}, {"line_id": "92-531-j24-1", "route_id": "73.TA.92-531-j24-1.19.R", "mode": "bus", "line_name": "531"}, {"line_id": "92-503-j24-1", "route_id": "167.TA.92-503-j24-1.9.H", "mode": "bus", "line_name": "503"}, {"line_id": "92-505-A-j24-1", "route_id": "45.TA.92-505-A-j24-1.4.R", "mode": "bus", "line_name": "505"}, {"line_id": "92-505-A-j24-1", "route_id": "33.TA.92-505-A-j24-1.3.R", "mode": "bus", "line_name": "505"}, {"line_id": "92-531-j24-1", "route_id": "12.TA.92-531-j24-1.1.H", "mode": "bus", "line_name": "531"}, {"line_id": "92-531-j24-1", "route_id": "38.TA.92-531-j24-1.3.H", "mode": "bus", "line_name": "531"}, {"line_id": "92-531-j24-1", "route_id": "36.TA.92-531-j24-1.3.H", "mode": "bus", "line_name": "531"}, {"line_id": "92-532-j24-1", "route_id": "114.TA.92-532-j24-1.7.H", "mode": "bus", "line_name": "532"}, {"line_id": "92-503-j24-1", "route_id": "134.TA.92-503-j24-1.9.H", "mode": "bus", "line_name": "503"}, {"line_id": "92-503-j24-1", "route_id": "67.TA.92-503-j24-1.9.H", "mode": "bus", "line_name": "503"}, {"line_id": "92-531-j24-1", "route_id": "63.TA.92-531-j24-1.18.R", "mode": "bus", "line_name": "531"}, {"line_id": "92-507-A-j24-1", "route_id": "309.TA.92-507-A-j24-1.55.R", "mode": "bus", "line_name": "507"}, {"line_id": "92-531-j24-1", "route_id": "27.TA.92-531-j24-1.2.H", "mode": "bus", "line_name": "531"}, {"line_id": "92-531-j24-1", "route_id": "16.TA.92-531-j24-1.2.H", "mode": "bus", "line_name": "531"}, {"line_id": "92-531-j24-1", "route_id": "22.TA.92-531-j24-1.2.H", "mode": "bus", "line_name": "531"}, {"line_id": "92-531-j24-1", "route_id": "25.TA.92-531-j24-1.2.H", "mode": "bus", "line_name": "531"}, {"line_id": "92-502-A-j24-1", "route_id": "121.TA.92-502-A-j24-1.814.H", "mode": "bus", "line_name": "502"}, {"line_id": "92-507-A-j24-1", "route_id": "212.TA.92-507-A-j24-1.7.H", "mode": "bus", "line_name": "507"}, {"line_id": "92-507-A-j24-1", "route_id": "86.TA.92-507-A-j24-1.4.H", "mode": "bus", "line_name": "507"}, {"line_id": "92-507-A-j24-1", "route_id": "213.TA.92-507-A-j24-1.7.H", "mode": "bus", "line_name": "507"}, {"line_id": "92-507-A-j24-1", "route_id": "31.TA.92-507-A-j24-1.49.H", "mode": "bus", "line_name": "507"}, {"line_id": "92-507-A-j24-1", "route_id": "199.TA.92-507-A-j24-1.7.H", "mode": "bus", "line_name": "507"}, {"line_id": "92-507-A-j24-1", "route_id": "135.TA.92-507-A-j24-1.6.H", "mode": "bus", "line_name": "507"}, {"line_id": "92-507-A-j24-1", "route_id": "75.TA.92-507-A-j24-1.3.H", "mode": "bus", "line_name": "507"}, {"line_id": "92-503-j24-1", "route_id": "441.TA.92-503-j24-1.65.R", "mode": "bus", "line_name": "503"}, {"line_id": "92-503-j24-1", "route_id": "273.TA.92-503-j24-1.64.R", "mode": "bus", "line_name": "503"}, {"line_id": "92-503-j24-1", "route_id": "483.TA.92-503-j24-1.67.R", "mode": "bus", "line_name": "503"}, {"line_id": "92-503-j24-1", "route_id": "379.TA.92-503-j24-1.65.R", "mode": "bus", "line_name": "503"}, {"line_id": "92-503-j24-1", "route_id": "473.TA.92-503-j24-1.67.R", "mode": "bus", "line_name": "503"}, {"line_id": "92-530-A-j24-1", "route_id": "56.TA.92-530-A-j24-1.1.H", "mode": "bus", "line_name": "530"}, {"line_id": "92-508-A-j24-1", "route_id": "375.TA.92-508-A-j24-1.12.H", "mode": "bus", "line_name": "508"}, {"line_id": "92-501-j24-1", "route_id": "598.TA.92-501-j24-1.433.H", "mode": "bus", "line_name": "501"}, {"line_id": "92-502-A-j24-1", "route_id": "1604.TA.92-502-A-j24-1.607.R", "mode": "bus", "line_name": "502"}, {"line_id": "92-507-A-j24-1", "route_id": "340.TA.92-507-A-j24-1.13.R", "mode": "bus", "line_name": "507"}, {"line_id": "92-507-A-j24-1", "route_id": "272.TA.92-507-A-j24-1.52.R", "mode": "bus", "line_name": "507"}, {"line_id": "92-501-j24-1", "route_id": "283.TA.92-501-j24-1.427.H", "mode": "bus", "line_name": "501"}, {"line_id": "92-508-A-j24-1", "route_id": "231.TA.92-508-A-j24-1.11.H", "mode": "bus", "line_name": "508"}, {"line_id": "92-508-A-j24-1", "route_id": "324.TA.92-508-A-j24-1.12.H", "mode": "bus", "line_name": "508"}, {"line_id": "92-501-j24-1", "route_id": "173.TA.92-501-j24-1.14.H", "mode": "bus", "line_name": "501"}, {"line_id": "92-501-j24-1", "route_id": "408.TA.92-501-j24-1.429.H", "mode": "bus", "line_name": "501"}, {"line_id": "92-501-j24-1", "route_id": "299.TA.92-501-j24-1.427.H", "mode": "bus", "line_name": "501"}, {"line_id": "92-502-A-j24-1", "route_id": "931.TA.92-502-A-j24-1.795.H", "mode": "bus", "line_name": "502"}, {"line_id": "92-532-j24-1", "route_id": "114.TA.92-532-j24-1.7.H", "mode": "bus", "line_name": "532"}, {"line_id": "92-502-A-j24-1", "route_id": "527.TA.92-502-A-j24-1.818.H", "mode": "bus", "line_name": "502"}, {"line_id": "92-505-A-j24-1", "route_id": "21.TA.92-505-A-j24-1.2.H", "mode": "bus", "line_name": "505"}, {"line_id": "92-502-A-j24-1", "route_id": "945.TA.92-502-A-j24-1.795.H", "mode": "bus", "line_name": "502"}, {"line_id": "92-508-A-j24-1", "route_id": "239.TA.92-508-A-j24-1.11.H", "mode": "bus", "line_name": "508"}, {"line_id": "92-505-A-j24-1", "route_id": "9.TA.92-505-A-j24-1.1.H", "mode": "bus", "line_name": "505"}, {"line_id": "92-507-A-j24-1", "route_id": "317.TA.92-507-A-j24-1.12.R", "mode": "bus", "line_name": "507"}, {"line_id": "92-505-A-j24-1", "route_id": "6.TA.92-505-A-j24-1.18.H", "mode": "bus", "line_name": "505"}, {"line_id": "92-507-A-j24-1", "route_id": "440.TA.92-507-A-j24-1.15.R", "mode": "bus", "line_name": "507"}, {"line_id": "92-502-A-j24-1", "route_id": "4.TA.92-502-A-j24-1.1.H", "mode": "bus", "line_name": "502"}, {"line_id": "92-501-j24-1", "route_id": "157.TA.92-501-j24-1.423.H", "mode": "bus", "line_name": "501"}, {"line_id": "92-502-A-j24-1", "route_id": "325.TA.92-502-A-j24-1.16.H", "mode": "bus", "line_name": "502"}, {"line_id": "92-508-A-j24-1", "route_id": "55.TA.92-508-A-j24-1.5.H", "mode": "bus", "line_name": "508"}, {"line_id": "92-502-A-j24-1", "route_id": "515.TA.92-502-A-j24-1.818.H", "mode": "bus", "line_name": "502"}, {"line_id": "92-508-A-j24-1", "route_id": "134.TA.92-508-A-j24-1.8.H", "mode": "bus", "line_name": "508"}, {"line_id": "92-505-A-j24-1", "route_id": "27.TA.92-505-A-j24-1.2.H", "mode": "bus", "line_name": "505"}, {"line_id": "92-532-j24-1", "route_id": "2.TA.92-532-j24-1.1.H", "mode": "bus", "line_name": "532"}, {"line_id": "92-508-A-j24-1", "route_id": "3.TA.92-508-A-j24-1.1.H", "mode": "bus", "line_name": "508"}, {"line_id": "92-507-A-j24-1", "route_id": "346.TA.92-507-A-j24-1.13.R", "mode": "bus", "line_name": "507"}, {"line_id": "92-502-A-j24-1", "route_id": "493.TA.92-502-A-j24-1.818.H", "mode": "bus", "line_name": "502"}, {"line_id": "92-508-A-j24-1", "route_id": "69.TA.92-508-A-j24-1.6.H", "mode": "bus", "line_name": "508"}, {"line_id": "92-507-A-j24-1", "route_id": "359.TA.92-507-A-j24-1.14.R", "mode": "bus", "line_name": "507"}, {"line_id": "92-501-j24-1", "route_id": "568.TA.92-501-j24-1.433.H", "mode": "bus", "line_name": "501"}, {"line_id": "92-501-j24-1", "route_id": "269.TA.92-501-j24-1.426.H", "mode": "bus", "line_name": "501"}, {"line_id": "92-508-A-j24-1", "route_id": "48.TA.92-508-A-j24-1.3.H", "mode": "bus", "line_name": "508"}, {"line_id": "92-508-A-j24-1", "route_id": "151.TA.92-508-A-j24-1.8.H", "mode": "bus", "line_name": "508"}, {"line_id": "92-508-A-j24-1", "route_id": "336.TA.92-508-A-j24-1.12.H", "mode": "bus", "line_name": "508"}, {"line_id": "92-508-A-j24-1", "route_id": "52.TA.92-508-A-j24-1.4.H", "mode": "bus", "line_name": "508"}, {"line_id": "92-505-A-j24-1", "route_id": "18.TA.92-505-A-j24-1.2.H", "mode": "bus", "line_name": "505"}, {"line_id": "92-505-A-j24-1", "route_id": "8.TA.92-505-A-j24-1.1.H", "mode": "bus", "line_name": "505"}, {"line_id": "92-507-A-j24-1", "route_id": "426.TA.92-507-A-j24-1.15.R", "mode": "bus", "line_name": "507"}], "predominant_mode": "bus", "assigned_canton": "Schwyz", "modes_list": ["bus"]}, "geometry": {"type": "Point", "coordinates": [8.65143792575742, 47.02112570768523]}}, {"id": "24138", "type": "Feature", "properties": {"name": "Sch\u00fcbelbach, Dorf", "lon": 8.92828431531447, "lat": 47.17389199733494, "stop_id": ["8503641.link:1535587", "8503641.link:1535588"], "lines": [{"line_id": "96-241-1-j24-1", "route_id": "106.TA.96-241-1-j24-1.40.H", "mode": "bus", "line_name": "522"}, {"line_id": "96-242-5-j24-1", "route_id": "91.TA.96-242-5-j24-1.9.H", "mode": "bus", "line_name": "525"}, {"line_id": "96-242-5-j24-1", "route_id": "103.TA.96-242-5-j24-1.9.H", "mode": "bus", "line_name": "525"}, {"line_id": "96-242-5-j24-1", "route_id": "28.TA.96-242-5-j24-1.7.H", "mode": "bus", "line_name": "525"}, {"line_id": "96-242-5-j24-1", "route_id": "58.TA.96-242-5-j24-1.8.H", "mode": "bus", "line_name": "525"}, {"line_id": "96-241-1-j24-1", "route_id": "66.TA.96-241-1-j24-1.16.H", "mode": "bus", "line_name": "522"}, {"line_id": "96-241-1-j24-1", "route_id": "46.TA.96-241-1-j24-1.16.H", "mode": "bus", "line_name": "522"}, {"line_id": "96-242-5-j24-1", "route_id": "166.TA.96-242-5-j24-1.10.R", "mode": "bus", "line_name": "525"}, {"line_id": "96-242-5-j24-1", "route_id": "198.TA.96-242-5-j24-1.11.R", "mode": "bus", "line_name": "525"}, {"line_id": "96-242-5-j24-1", "route_id": "258.TA.96-242-5-j24-1.12.R", "mode": "bus", "line_name": "525"}, {"line_id": "96-241-1-j24-1", "route_id": "171.TA.96-241-1-j24-1.21.R", "mode": "bus", "line_name": "522"}, {"line_id": "96-241-1-j24-1", "route_id": "238.TA.96-241-1-j24-1.23.R", "mode": "bus", "line_name": "522"}], "predominant_mode": "bus", "assigned_canton": "Schwyz", "modes_list": ["bus"]}, "geometry": {"type": "Point", "coordinates": [8.928284324140858, 47.173892007317185]}}, {"id": "24139", "type": "Feature", "properties": {"name": "Sch\u00fcbelbach, Gramatt", "lon": 8.934258115334211, "lat": 47.17439883724108, "stop_id": ["8573839.link:1535521", "8573839.link:1535522"], "lines": [{"line_id": "96-241-1-j24-1", "route_id": "106.TA.96-241-1-j24-1.40.H", "mode": "bus", "line_name": "522"}, {"line_id": "96-242-5-j24-1", "route_id": "91.TA.96-242-5-j24-1.9.H", "mode": "bus", "line_name": "525"}, {"line_id": "96-242-5-j24-1", "route_id": "103.TA.96-242-5-j24-1.9.H", "mode": "bus", "line_name": "525"}, {"line_id": "96-242-5-j24-1", "route_id": "28.TA.96-242-5-j24-1.7.H", "mode": "bus", "line_name": "525"}, {"line_id": "96-242-5-j24-1", "route_id": "58.TA.96-242-5-j24-1.8.H", "mode": "bus", "line_name": "525"}, {"line_id": "96-241-1-j24-1", "route_id": "66.TA.96-241-1-j24-1.16.H", "mode": "bus", "line_name": "522"}, {"line_id": "96-241-1-j24-1", "route_id": "46.TA.96-241-1-j24-1.16.H", "mode": "bus", "line_name": "522"}, {"line_id": "96-242-5-j24-1", "route_id": "166.TA.96-242-5-j24-1.10.R", "mode": "bus", "line_name": "525"}, {"line_id": "96-242-5-j24-1", "route_id": "198.TA.96-242-5-j24-1.11.R", "mode": "bus", "line_name": "525"}, {"line_id": "96-242-5-j24-1", "route_id": "258.TA.96-242-5-j24-1.12.R", "mode": "bus", "line_name": "525"}, {"line_id": "96-241-1-j24-1", "route_id": "171.TA.96-241-1-j24-1.21.R", "mode": "bus", "line_name": "522"}, {"line_id": "96-241-1-j24-1", "route_id": "238.TA.96-241-1-j24-1.23.R", "mode": "bus", "line_name": "522"}], "predominant_mode": "bus", "assigned_canton": "Schwyz", "modes_list": ["bus"]}, "geometry": {"type": "Point", "coordinates": [8.9342581241661, 47.17439884722173]}}, {"id": "24140", "type": "Feature", "properties": {"name": "Sch\u00fcbelbach, Gutenbrunnen", "lon": 8.939486315367002, "lat": 47.1753147971589, "stop_id": ["8503642.link:1041826", "8503642.link:1041827"], "lines": [{"line_id": "96-241-1-j24-1", "route_id": "106.TA.96-241-1-j24-1.40.H", "mode": "bus", "line_name": "522"}, {"line_id": "96-242-5-j24-1", "route_id": "91.TA.96-242-5-j24-1.9.H", "mode": "bus", "line_name": "525"}, {"line_id": "96-242-5-j24-1", "route_id": "103.TA.96-242-5-j24-1.9.H", "mode": "bus", "line_name": "525"}, {"line_id": "96-242-5-j24-1", "route_id": "28.TA.96-242-5-j24-1.7.H", "mode": "bus", "line_name": "525"}, {"line_id": "96-242-5-j24-1", "route_id": "58.TA.96-242-5-j24-1.8.H", "mode": "bus", "line_name": "525"}, {"line_id": "96-241-1-j24-1", "route_id": "66.TA.96-241-1-j24-1.16.H", "mode": "bus", "line_name": "522"}, {"line_id": "96-241-1-j24-1", "route_id": "46.TA.96-241-1-j24-1.16.H", "mode": "bus", "line_name": "522"}, {"line_id": "96-242-5-j24-1", "route_id": "166.TA.96-242-5-j24-1.10.R", "mode": "bus", "line_name": "525"}, {"line_id": "96-242-5-j24-1", "route_id": "198.TA.96-242-5-j24-1.11.R", "mode": "bus", "line_name": "525"}, {"line_id": "96-242-5-j24-1", "route_id": "258.TA.96-242-5-j24-1.12.R", "mode": "bus", "line_name": "525"}, {"line_id": "96-241-1-j24-1", "route_id": "171.TA.96-241-1-j24-1.21.R", "mode": "bus", "line_name": "522"}, {"line_id": "96-241-1-j24-1", "route_id": "238.TA.96-241-1-j24-1.23.R", "mode": "bus", "line_name": "522"}], "predominant_mode": "bus", "assigned_canton": "Schwyz", "modes_list": ["bus"]}, "geometry": {"type": "Point", "coordinates": [8.939486324203568, 47.17531480713827]}}, {"id": "24141", "type": "Feature", "properties": {"name": "Sch\u00fcbelbach, Oberh\u00f6fli", "lon": 8.919247265375944, "lat": 47.17590710747709, "stop_id": ["8573837.link:509260", "8573837.link:509261"], "lines": [{"line_id": "96-241-1-j24-1", "route_id": "106.TA.96-241-1-j24-1.40.H", "mode": "bus", "line_name": "522"}, {"line_id": "96-242-5-j24-1", "route_id": "91.TA.96-242-5-j24-1.9.H", "mode": "bus", "line_name": "525"}, {"line_id": "96-242-5-j24-1", "route_id": "103.TA.96-242-5-j24-1.9.H", "mode": "bus", "line_name": "525"}, {"line_id": "96-242-5-j24-1", "route_id": "28.TA.96-242-5-j24-1.7.H", "mode": "bus", "line_name": "525"}, {"line_id": "96-242-5-j24-1", "route_id": "58.TA.96-242-5-j24-1.8.H", "mode": "bus", "line_name": "525"}, {"line_id": "96-241-1-j24-1", "route_id": "66.TA.96-241-1-j24-1.16.H", "mode": "bus", "line_name": "522"}, {"line_id": "96-241-1-j24-1", "route_id": "46.TA.96-241-1-j24-1.16.H", "mode": "bus", "line_name": "522"}, {"line_id": "96-242-5-j24-1", "route_id": "166.TA.96-242-5-j24-1.10.R", "mode": "bus", "line_name": "525"}, {"line_id": "96-242-5-j24-1", "route_id": "198.TA.96-242-5-j24-1.11.R", "mode": "bus", "line_name": "525"}, {"line_id": "96-242-5-j24-1", "route_id": "258.TA.96-242-5-j24-1.12.R", "mode": "bus", "line_name": "525"}, {"line_id": "96-241-1-j24-1", "route_id": "171.TA.96-241-1-j24-1.21.R", "mode": "bus", "line_name": "522"}, {"line_id": "96-241-1-j24-1", "route_id": "238.TA.96-241-1-j24-1.23.R", "mode": "bus", "line_name": "522"}], "predominant_mode": "bus", "assigned_canton": "Schwyz", "modes_list": ["bus"]}, "geometry": {"type": "Point", "coordinates": [8.919247274193111, 47.17590711746278]}}, {"id": "24142", "type": "Feature", "properties": {"name": "Sch\u00fcbelbach, West", "lon": 8.924349695369797, "lat": 47.17563843739686, "stop_id": ["8573838.link:1826810", "8573838.link:1826811"], "lines": [{"line_id": "96-241-1-j24-1", "route_id": "106.TA.96-241-1-j24-1.40.H", "mode": "bus", "line_name": "522"}, {"line_id": "96-242-5-j24-1", "route_id": "91.TA.96-242-5-j24-1.9.H", "mode": "bus", "line_name": "525"}, {"line_id": "96-242-5-j24-1", "route_id": "103.TA.96-242-5-j24-1.9.H", "mode": "bus", "line_name": "525"}, {"line_id": "96-242-5-j24-1", "route_id": "28.TA.96-242-5-j24-1.7.H", "mode": "bus", "line_name": "525"}, {"line_id": "96-242-5-j24-1", "route_id": "58.TA.96-242-5-j24-1.8.H", "mode": "bus", "line_name": "525"}, {"line_id": "96-241-1-j24-1", "route_id": "66.TA.96-241-1-j24-1.16.H", "mode": "bus", "line_name": "522"}, {"line_id": "96-241-1-j24-1", "route_id": "46.TA.96-241-1-j24-1.16.H", "mode": "bus", "line_name": "522"}, {"line_id": "96-242-5-j24-1", "route_id": "166.TA.96-242-5-j24-1.10.R", "mode": "bus", "line_name": "525"}, {"line_id": "96-242-5-j24-1", "route_id": "198.TA.96-242-5-j24-1.11.R", "mode": "bus", "line_name": "525"}, {"line_id": "96-242-5-j24-1", "route_id": "258.TA.96-242-5-j24-1.12.R", "mode": "bus", "line_name": "525"}, {"line_id": "96-241-1-j24-1", "route_id": "171.TA.96-241-1-j24-1.21.R", "mode": "bus", "line_name": "522"}, {"line_id": "96-241-1-j24-1", "route_id": "238.TA.96-241-1-j24-1.23.R", "mode": "bus", "line_name": "522"}], "predominant_mode": "bus", "assigned_canton": "Schwyz", "modes_list": ["bus"]}, "geometry": {"type": "Point", "coordinates": [8.924349704191895, 47.175638447380926]}}, {"id": "24143", "type": "Feature", "properties": {"name": "Sch\u00fcbelbach-Buttikon", "lon": 8.936490430399441, "lat": 47.17634981220604, "stop_id": ["8503222:0:1.link:130350", "8503222:0:2.link:130340"], "lines": [{"line_id": "91-4H-Y-j24-1", "route_id": "287.TA.91-4H-Y-j24-1.729.H", "mode": "rail", "line_name": "S"}, {"line_id": "91-2-B-j24-1", "route_id": "902.TA.91-2-B-j24-1.511.R", "mode": "rail", "line_name": "S2"}, {"line_id": "91-27-B-j24-1", "route_id": "1.TA.91-27-B-j24-1.2.H", "mode": "rail", "line_name": "S27"}, {"line_id": "91-27-B-j24-1", "route_id": "13.TA.91-27-B-j24-1.4.H", "mode": "rail", "line_name": "S27"}, {"line_id": "91-8-C-j24-1", "route_id": "459.TA.91-8-C-j24-1.76.H", "mode": "rail", "line_name": "S8"}, {"line_id": "91-2-B-j24-1", "route_id": "889.TA.91-2-B-j24-1.510.R", "mode": "rail", "line_name": "S2"}, {"line_id": "91-2-B-j24-1", "route_id": "908.TA.91-2-B-j24-1.513.R", "mode": "rail", "line_name": "S2"}, {"line_id": "91-2-B-j24-1", "route_id": "892.TA.91-2-B-j24-1.662.R", "mode": "rail", "line_name": "S2"}, {"line_id": "91-27-B-j24-1", "route_id": "7.TA.91-27-B-j24-1.3.H", "mode": "rail", "line_name": "S27"}, {"line_id": "91-2-B-j24-1", "route_id": "379.TA.91-2-B-j24-1.35.H", "mode": "rail", "line_name": "S2"}, {"line_id": "91-2-B-j24-1", "route_id": "345.TA.91-2-B-j24-1.24.H", "mode": "rail", "line_name": "S2"}, {"line_id": "91-2-B-j24-1", "route_id": "462.TA.91-2-B-j24-1.66.H", "mode": "rail", "line_name": "S2"}, {"line_id": "91-27-B-j24-1", "route_id": "22.TA.91-27-B-j24-1.6.R", "mode": "rail", "line_name": "S27"}, {"line_id": "91-8-C-j24-1", "route_id": "1013.TA.91-8-C-j24-1.206.R", "mode": "rail", "line_name": "S8"}, {"line_id": "91-27-B-j24-1", "route_id": "26.TA.91-27-B-j24-1.6.R", "mode": "rail", "line_name": "S27"}, {"line_id": "91-2-B-j24-1", "route_id": "466.TA.91-2-B-j24-1.67.H", "mode": "rail", "line_name": "S2"}, {"line_id": "91-27-B-j24-1", "route_id": "27.TA.91-27-B-j24-1.7.R", "mode": "rail", "line_name": "S27"}, {"line_id": "91-8-C-j24-1", "route_id": "1033.TA.91-8-C-j24-1.228.R", "mode": "rail", "line_name": "S8"}, {"line_id": "91-27-B-j24-1", "route_id": "17.TA.91-27-B-j24-1.5.R", "mode": "rail", "line_name": "S27"}, {"line_id": "91-2-B-j24-1", "route_id": "332.TA.91-2-B-j24-1.21.H", "mode": "rail", "line_name": "S2"}], "predominant_mode": "rail", "assigned_canton": "Schwyz", "modes_list": ["rail"]}, "geometry": {"type": "Point", "coordinates": [8.936490439232838, 47.176349822186694]}}, {"id": "24211", "type": "Feature", "properties": {"name": "Seebodenalp", "lon": 8.465939401607923, "lat": 47.06941053459362, "stop_id": ["8505088.link:pt_8505088"], "lines": [{"line_id": "93-82-Y-j24-1", "route_id": "37.TA.93-82-Y-j24-1.1.H", "mode": "cable car", "line_name": "PB"}, {"line_id": "93-82-Y-j24-1", "route_id": "53.TA.93-82-Y-j24-1.2.R", "mode": "cable car", "line_name": "PB"}], "predominant_mode": "cable car", "assigned_canton": "Schwyz", "modes_list": ["cable car"]}, "geometry": {"type": "Point", "coordinates": [8.465939410017649, 47.06941054467347]}}, {"id": "24255", "type": "Feature", "properties": {"name": "Seewen SZ, Bienenheimstrasse", "lon": 8.635469460503252, "lat": 47.03220912192806, "stop_id": ["8587531.link:8897", "8587531.link:8898"], "lines": [{"line_id": "92-502-A-j24-1", "route_id": "1298.TA.92-502-A-j24-1.823.R", "mode": "bus", "line_name": "502"}, {"line_id": "92-502-A-j24-1", "route_id": "1604.TA.92-502-A-j24-1.607.R", "mode": "bus", "line_name": "502"}, {"line_id": "92-502-A-j24-1", "route_id": "931.TA.92-502-A-j24-1.795.H", "mode": "bus", "line_name": "502"}, {"line_id": "92-502-A-j24-1", "route_id": "121.TA.92-502-A-j24-1.814.H", "mode": "bus", "line_name": "502"}, {"line_id": "92-502-A-j24-1", "route_id": "945.TA.92-502-A-j24-1.795.H", "mode": "bus", "line_name": "502"}], "predominant_mode": "bus", "assigned_canton": "Schwyz", "modes_list": ["bus"]}, "geometry": {"type": "Point", "coordinates": [8.635469469090694, 47.03220913194575]}}, {"id": "24256", "type": "Feature", "properties": {"name": "Seewen SZ, R\u00f6sslimatt", "lon": 8.636870840209347, "lat": 47.02318947190533, "stop_id": ["8592421.link:1048009", "8592421.link:1048010"], "lines": [{"line_id": "92-503-j24-1", "route_id": "172.TA.92-503-j24-1.10.H", "mode": "bus", "line_name": "503"}, {"line_id": "92-503-j24-1", "route_id": "225.TA.92-503-j24-1.10.H", "mode": "bus", "line_name": "503"}, {"line_id": "92-503-j24-1", "route_id": "10.TA.92-503-j24-1.2.H", "mode": "bus", "line_name": "503"}, {"line_id": "92-503-j24-1", "route_id": "167.TA.92-503-j24-1.9.H", "mode": "bus", "line_name": "503"}, {"line_id": "92-503-j24-1", "route_id": "134.TA.92-503-j24-1.9.H", "mode": "bus", "line_name": "503"}, {"line_id": "92-503-j24-1", "route_id": "67.TA.92-503-j24-1.9.H", "mode": "bus", "line_name": "503"}, {"line_id": "92-503-j24-1", "route_id": "441.TA.92-503-j24-1.65.R", "mode": "bus", "line_name": "503"}, {"line_id": "92-503-j24-1", "route_id": "483.TA.92-503-j24-1.67.R", "mode": "bus", "line_name": "503"}, {"line_id": "92-503-j24-1", "route_id": "473.TA.92-503-j24-1.67.R", "mode": "bus", "line_name": "503"}, {"line_id": "92-503-j24-1", "route_id": "379.TA.92-503-j24-1.65.R", "mode": "bus", "line_name": "503"}], "predominant_mode": "bus", "assigned_canton": "Schwyz", "modes_list": ["bus"]}, "geometry": {"type": "Point", "coordinates": [8.636870848800829, 47.02318948191925]}}, {"id": "24257", "type": "Feature", "properties": {"name": "Seewen SZ, Seemattli", "lon": 8.625049010401582, "lat": 47.02930071209153, "stop_id": ["8577424.link:967579"], "lines": [{"line_id": "92-501-j24-1", "route_id": "1027.TA.92-501-j24-1.442.R", "mode": "bus", "line_name": "501"}, {"line_id": "92-501-j24-1", "route_id": "598.TA.92-501-j24-1.433.H", "mode": "bus", "line_name": "501"}, {"line_id": "92-501-j24-1", "route_id": "157.TA.92-501-j24-1.423.H", "mode": "bus", "line_name": "501"}, {"line_id": "92-501-j24-1", "route_id": "568.TA.92-501-j24-1.433.H", "mode": "bus", "line_name": "501"}, {"line_id": "92-501-j24-1", "route_id": "269.TA.92-501-j24-1.426.H", "mode": "bus", "line_name": "501"}, {"line_id": "92-501-j24-1", "route_id": "780.TA.92-501-j24-1.436.R", "mode": "bus", "line_name": "501"}, {"line_id": "92-501-j24-1", "route_id": "863.TA.92-501-j24-1.439.R", "mode": "bus", "line_name": "501"}, {"line_id": "92-501-j24-1", "route_id": "1204.TA.92-501-j24-1.446.R", "mode": "bus", "line_name": "501"}, {"line_id": "92-501-j24-1", "route_id": "408.TA.92-501-j24-1.429.H", "mode": "bus", "line_name": "501"}, {"line_id": "92-501-j24-1", "route_id": "678.TA.92-501-j24-1.382.R", "mode": "bus", "line_name": "501"}], "predominant_mode": "bus", "assigned_canton": "Schwyz", "modes_list": ["bus"]}, "geometry": {"type": "Point", "coordinates": [8.625049018979686, 47.029300722111124]}}, {"id": "24258", "type": "Feature", "properties": {"name": "Seewen SZ, Seewen Markt", "lon": 8.627725990506727, "lat": 47.03246627204972, "stop_id": ["8588733.link:1362267", "8588733.link:967590"], "lines": [{"line_id": "92-503-j24-1", "route_id": "172.TA.92-503-j24-1.10.H", "mode": "bus", "line_name": "503"}, {"line_id": "92-503-j24-1", "route_id": "225.TA.92-503-j24-1.10.H", "mode": "bus", "line_name": "503"}, {"line_id": "92-508-A-j24-1", "route_id": "69.TA.92-508-A-j24-1.6.H", "mode": "bus", "line_name": "508"}, {"line_id": "92-508-A-j24-1", "route_id": "375.TA.92-508-A-j24-1.12.H", "mode": "bus", "line_name": "508"}, {"line_id": "92-503-j24-1", "route_id": "2.TA.92-503-j24-1.1.H", "mode": "bus", "line_name": "503"}, {"line_id": "92-508-A-j24-1", "route_id": "48.TA.92-508-A-j24-1.3.H", "mode": "bus", "line_name": "508"}, {"line_id": "92-508-A-j24-1", "route_id": "151.TA.92-508-A-j24-1.8.H", "mode": "bus", "line_name": "508"}, {"line_id": "92-508-A-j24-1", "route_id": "134.TA.92-508-A-j24-1.8.H", "mode": "bus", "line_name": "508"}, {"line_id": "92-508-A-j24-1", "route_id": "336.TA.92-508-A-j24-1.12.H", "mode": "bus", "line_name": "508"}, {"line_id": "92-508-A-j24-1", "route_id": "324.TA.92-508-A-j24-1.12.H", "mode": "bus", "line_name": "508"}, {"line_id": "92-508-A-j24-1", "route_id": "772.TA.92-508-A-j24-1.26.R", "mode": "bus", "line_name": "508"}, {"line_id": "92-508-A-j24-1", "route_id": "801.TA.92-508-A-j24-1.26.R", "mode": "bus", "line_name": "508"}, {"line_id": "92-508-A-j24-1", "route_id": "599.TA.92-508-A-j24-1.21.R", "mode": "bus", "line_name": "508"}, {"line_id": "92-503-j24-1", "route_id": "483.TA.92-503-j24-1.67.R", "mode": "bus", "line_name": "503"}, {"line_id": "92-503-j24-1", "route_id": "265.TA.92-503-j24-1.11.R", "mode": "bus", "line_name": "503"}, {"line_id": "92-503-j24-1", "route_id": "473.TA.92-503-j24-1.67.R", "mode": "bus", "line_name": "503"}, {"line_id": "92-508-A-j24-1", "route_id": "574.TA.92-508-A-j24-1.21.R", "mode": "bus", "line_name": "508"}, {"line_id": "92-508-A-j24-1", "route_id": "848.TA.92-508-A-j24-1.26.R", "mode": "bus", "line_name": "508"}], "predominant_mode": "bus", "assigned_canton": "Schwyz", "modes_list": ["bus"]}, "geometry": {"type": "Point", "coordinates": [8.627725999086516, 47.032466282069706]}}, {"id": "24259", "type": "Feature", "properties": {"name": "Seewen SZ, Seewenfeld", "lon": 8.638074580411434, "lat": 47.02934969188689, "stop_id": ["8510052.link:1914032", "8510052.link:1914033"], "lines": [{"line_id": "92-502-A-j24-1", "route_id": "2143.TA.92-502-A-j24-1.811.R", "mode": "bus", "line_name": "502"}, {"line_id": "92-502-A-j24-1", "route_id": "1298.TA.92-502-A-j24-1.823.R", "mode": "bus", "line_name": "502"}, {"line_id": "92-502-A-j24-1", "route_id": "1592.TA.92-502-A-j24-1.804.R", "mode": "bus", "line_name": "502"}, {"line_id": "92-502-A-j24-1", "route_id": "1604.TA.92-502-A-j24-1.607.R", "mode": "bus", "line_name": "502"}, {"line_id": "92-502-A-j24-1", "route_id": "931.TA.92-502-A-j24-1.795.H", "mode": "bus", "line_name": "502"}, {"line_id": "92-502-A-j24-1", "route_id": "121.TA.92-502-A-j24-1.814.H", "mode": "bus", "line_name": "502"}, {"line_id": "92-502-A-j24-1", "route_id": "945.TA.92-502-A-j24-1.795.H", "mode": "bus", "line_name": "502"}], "predominant_mode": "bus", "assigned_canton": "Schwyz", "modes_list": ["bus"]}, "geometry": {"type": "Point", "coordinates": [8.63807458900227, 47.02934970190274]}}, {"id": "24260", "type": "Feature", "properties": {"name": "Seewen SZ, Stelzli", "lon": 8.637194230258169, "lat": 47.02467754190037, "stop_id": ["8577423.link:1678824", "8577423.link:1678825"], "lines": [{"line_id": "92-508-A-j24-1", "route_id": "497.TA.92-508-A-j24-1.18.R", "mode": "bus", "line_name": "508"}, {"line_id": "92-505-A-j24-1", "route_id": "45.TA.92-505-A-j24-1.4.R", "mode": "bus", "line_name": "505"}, {"line_id": "92-505-A-j24-1", "route_id": "33.TA.92-505-A-j24-1.3.R", "mode": "bus", "line_name": "505"}, {"line_id": "92-501-j24-1", "route_id": "1027.TA.92-501-j24-1.442.R", "mode": "bus", "line_name": "501"}, {"line_id": "92-501-j24-1", "route_id": "916.TA.92-501-j24-1.440.R", "mode": "bus", "line_name": "501"}, {"line_id": "92-501-j24-1", "route_id": "780.TA.92-501-j24-1.436.R", "mode": "bus", "line_name": "501"}, {"line_id": "92-508-A-j24-1", "route_id": "801.TA.92-508-A-j24-1.26.R", "mode": "bus", "line_name": "508"}, {"line_id": "92-501-j24-1", "route_id": "970.TA.92-501-j24-1.48.R", "mode": "bus", "line_name": "501"}, {"line_id": "92-508-A-j24-1", "route_id": "574.TA.92-508-A-j24-1.21.R", "mode": "bus", "line_name": "508"}, {"line_id": "92-508-A-j24-1", "route_id": "728.TA.92-508-A-j24-1.24.R", "mode": "bus", "line_name": "508"}, {"line_id": "92-505-A-j24-1", "route_id": "57.TA.92-505-A-j24-1.4.R", "mode": "bus", "line_name": "505"}, {"line_id": "92-501-j24-1", "route_id": "658.TA.92-501-j24-1.33.R", "mode": "bus", "line_name": "501"}, {"line_id": "92-508-A-j24-1", "route_id": "487.TA.92-508-A-j24-1.17.R", "mode": "bus", "line_name": "508"}, {"line_id": "92-508-A-j24-1", "route_id": "848.TA.92-508-A-j24-1.26.R", "mode": "bus", "line_name": "508"}, {"line_id": "92-508-A-j24-1", "route_id": "772.TA.92-508-A-j24-1.26.R", "mode": "bus", "line_name": "508"}, {"line_id": "92-501-j24-1", "route_id": "863.TA.92-501-j24-1.439.R", "mode": "bus", "line_name": "501"}, {"line_id": "92-508-A-j24-1", "route_id": "504.TA.92-508-A-j24-1.18.R", "mode": "bus", "line_name": "508"}, {"line_id": "92-508-A-j24-1", "route_id": "599.TA.92-508-A-j24-1.21.R", "mode": "bus", "line_name": "508"}, {"line_id": "92-501-j24-1", "route_id": "1204.TA.92-501-j24-1.446.R", "mode": "bus", "line_name": "501"}, {"line_id": "92-508-A-j24-1", "route_id": "711.TA.92-508-A-j24-1.24.R", "mode": "bus", "line_name": "508"}, {"line_id": "92-508-A-j24-1", "route_id": "375.TA.92-508-A-j24-1.12.H", "mode": "bus", "line_name": "508"}, {"line_id": "92-501-j24-1", "route_id": "598.TA.92-501-j24-1.433.H", "mode": "bus", "line_name": "501"}, {"line_id": "92-501-j24-1", "route_id": "283.TA.92-501-j24-1.427.H", "mode": "bus", "line_name": "501"}, {"line_id": "92-508-A-j24-1", "route_id": "324.TA.92-508-A-j24-1.12.H", "mode": "bus", "line_name": "508"}, {"line_id": "92-501-j24-1", "route_id": "408.TA.92-501-j24-1.429.H", "mode": "bus", "line_name": "501"}, {"line_id": "92-501-j24-1", "route_id": "299.TA.92-501-j24-1.427.H", "mode": "bus", "line_name": "501"}, {"line_id": "92-505-A-j24-1", "route_id": "21.TA.92-505-A-j24-1.2.H", "mode": "bus", "line_name": "505"}, {"line_id": "92-505-A-j24-1", "route_id": "9.TA.92-505-A-j24-1.1.H", "mode": "bus", "line_name": "505"}, {"line_id": "92-501-j24-1", "route_id": "157.TA.92-501-j24-1.423.H", "mode": "bus", "line_name": "501"}, {"line_id": "92-508-A-j24-1", "route_id": "55.TA.92-508-A-j24-1.5.H", "mode": "bus", "line_name": "508"}, {"line_id": "92-508-A-j24-1", "route_id": "134.TA.92-508-A-j24-1.8.H", "mode": "bus", "line_name": "508"}, {"line_id": "92-505-A-j24-1", "route_id": "27.TA.92-505-A-j24-1.2.H", "mode": "bus", "line_name": "505"}, {"line_id": "92-508-A-j24-1", "route_id": "69.TA.92-508-A-j24-1.6.H", "mode": "bus", "line_name": "508"}, {"line_id": "92-501-j24-1", "route_id": "5.TA.92-501-j24-1.420.H", "mode": "bus", "line_name": "501"}, {"line_id": "92-501-j24-1", "route_id": "568.TA.92-501-j24-1.433.H", "mode": "bus", "line_name": "501"}, {"line_id": "92-501-j24-1", "route_id": "269.TA.92-501-j24-1.426.H", "mode": "bus", "line_name": "501"}, {"line_id": "92-508-A-j24-1", "route_id": "48.TA.92-508-A-j24-1.3.H", "mode": "bus", "line_name": "508"}, {"line_id": "92-508-A-j24-1", "route_id": "151.TA.92-508-A-j24-1.8.H", "mode": "bus", "line_name": "508"}, {"line_id": "92-508-A-j24-1", "route_id": "336.TA.92-508-A-j24-1.12.H", "mode": "bus", "line_name": "508"}, {"line_id": "92-508-A-j24-1", "route_id": "52.TA.92-508-A-j24-1.4.H", "mode": "bus", "line_name": "508"}, {"line_id": "92-505-A-j24-1", "route_id": "18.TA.92-505-A-j24-1.2.H", "mode": "bus", "line_name": "505"}, {"line_id": "92-505-A-j24-1", "route_id": "8.TA.92-505-A-j24-1.1.H", "mode": "bus", "line_name": "505"}], "predominant_mode": "bus", "assigned_canton": "Schwyz", "modes_list": ["bus"]}, "geometry": {"type": "Point", "coordinates": [8.637194238849531, 47.02467755191475]}}, {"id": "24447", "type": "Feature", "properties": {"name": "Siebnen, Aabr\u00fccke", "lon": 8.896636675320773, "lat": 47.17458813783242, "stop_id": ["8573795.link:1416296", "8573795.link:563562", "8573795.link:652063"], "lines": [{"line_id": "96-241-1-j24-1", "route_id": "195.TA.96-241-1-j24-1.22.R", "mode": "bus", "line_name": "522"}, {"line_id": "96-240-3-j24-1", "route_id": "400.TA.96-240-3-j24-1.25.R", "mode": "bus", "line_name": "521"}, {"line_id": "96-240-3-j24-1", "route_id": "491.TA.96-240-3-j24-1.27.R", "mode": "bus", "line_name": "521"}, {"line_id": "96-240-3-j24-1", "route_id": "481.TA.96-240-3-j24-1.26.R", "mode": "bus", "line_name": "521"}, {"line_id": "96-240-2-j24-1", "route_id": "20.TA.96-240-2-j24-1.5.H", "mode": "bus", "line_name": "523"}, {"line_id": "96-240-2-j24-1", "route_id": "36.TA.96-240-2-j24-1.5.H", "mode": "bus", "line_name": "523"}, {"line_id": "96-241-1-j24-1", "route_id": "238.TA.96-241-1-j24-1.23.R", "mode": "bus", "line_name": "522"}, {"line_id": "96-240-2-j24-1", "route_id": "59.TA.96-240-2-j24-1.6.R", "mode": "bus", "line_name": "523"}, {"line_id": "96-241-1-j24-1", "route_id": "106.TA.96-241-1-j24-1.40.H", "mode": "bus", "line_name": "522"}, {"line_id": "96-240-3-j24-1", "route_id": "133.TA.96-240-3-j24-1.20.H", "mode": "bus", "line_name": "521"}, {"line_id": "96-241-1-j24-1", "route_id": "71.TA.96-241-1-j24-1.38.H", "mode": "bus", "line_name": "522"}, {"line_id": "96-240-3-j24-1", "route_id": "168.TA.96-240-3-j24-1.21.H", "mode": "bus", "line_name": "521"}, {"line_id": "96-240-3-j24-1", "route_id": "236.TA.96-240-3-j24-1.22.H", "mode": "bus", "line_name": "521"}], "predominant_mode": "bus", "assigned_canton": "Schwyz", "modes_list": ["bus"]}, "geometry": {"type": "Point", "coordinates": [8.896636684116844, 47.17458814782443]}}, {"id": "24448", "type": "Feature", "properties": {"name": "Siebnen, Bettnau", "lon": 8.911270225375182, "lat": 47.17601091760244, "stop_id": ["8573836.link:563596", "8573836.link:563597"], "lines": [{"line_id": "96-241-1-j24-1", "route_id": "106.TA.96-241-1-j24-1.40.H", "mode": "bus", "line_name": "522"}, {"line_id": "96-242-5-j24-1", "route_id": "91.TA.96-242-5-j24-1.9.H", "mode": "bus", "line_name": "525"}, {"line_id": "96-242-5-j24-1", "route_id": "103.TA.96-242-5-j24-1.9.H", "mode": "bus", "line_name": "525"}, {"line_id": "96-242-5-j24-1", "route_id": "28.TA.96-242-5-j24-1.7.H", "mode": "bus", "line_name": "525"}, {"line_id": "96-242-5-j24-1", "route_id": "58.TA.96-242-5-j24-1.8.H", "mode": "bus", "line_name": "525"}, {"line_id": "96-241-1-j24-1", "route_id": "66.TA.96-241-1-j24-1.16.H", "mode": "bus", "line_name": "522"}, {"line_id": "96-241-1-j24-1", "route_id": "46.TA.96-241-1-j24-1.16.H", "mode": "bus", "line_name": "522"}, {"line_id": "96-242-5-j24-1", "route_id": "166.TA.96-242-5-j24-1.10.R", "mode": "bus", "line_name": "525"}, {"line_id": "96-242-5-j24-1", "route_id": "198.TA.96-242-5-j24-1.11.R", "mode": "bus", "line_name": "525"}, {"line_id": "96-242-5-j24-1", "route_id": "258.TA.96-242-5-j24-1.12.R", "mode": "bus", "line_name": "525"}, {"line_id": "96-241-1-j24-1", "route_id": "171.TA.96-241-1-j24-1.21.R", "mode": "bus", "line_name": "522"}, {"line_id": "96-241-1-j24-1", "route_id": "238.TA.96-241-1-j24-1.23.R", "mode": "bus", "line_name": "522"}], "predominant_mode": "bus", "assigned_canton": "Schwyz", "modes_list": ["bus"]}, "geometry": {"type": "Point", "coordinates": [8.91127023418473, 47.17601092759053]}}, {"id": "24449", "type": "Feature", "properties": {"name": "Siebnen, Bitzi", "lon": 8.901406725456065, "lat": 47.178630447757584, "stop_id": ["8510049.link:1888830", "8510049.link:1888831"], "lines": [{"line_id": "96-241-1-j24-1", "route_id": "195.TA.96-241-1-j24-1.22.R", "mode": "bus", "line_name": "522"}, {"line_id": "96-240-3-j24-1", "route_id": "400.TA.96-240-3-j24-1.25.R", "mode": "bus", "line_name": "521"}, {"line_id": "96-240-3-j24-1", "route_id": "491.TA.96-240-3-j24-1.27.R", "mode": "bus", "line_name": "521"}, {"line_id": "96-240-3-j24-1", "route_id": "481.TA.96-240-3-j24-1.26.R", "mode": "bus", "line_name": "521"}, {"line_id": "96-241-1-j24-1", "route_id": "238.TA.96-241-1-j24-1.23.R", "mode": "bus", "line_name": "522"}, {"line_id": "96-241-1-j24-1", "route_id": "106.TA.96-241-1-j24-1.40.H", "mode": "bus", "line_name": "522"}, {"line_id": "96-240-3-j24-1", "route_id": "37.TA.96-240-3-j24-1.18.H", "mode": "bus", "line_name": "521"}, {"line_id": "96-241-1-j24-1", "route_id": "71.TA.96-241-1-j24-1.38.H", "mode": "bus", "line_name": "522"}, {"line_id": "96-240-3-j24-1", "route_id": "168.TA.96-240-3-j24-1.21.H", "mode": "bus", "line_name": "521"}, {"line_id": "96-240-3-j24-1", "route_id": "236.TA.96-240-3-j24-1.22.H", "mode": "bus", "line_name": "521"}], "predominant_mode": "bus", "assigned_canton": "Schwyz", "modes_list": ["bus"]}, "geometry": {"type": "Point", "coordinates": [8.901406734255408, 47.17863045774954]}}, {"id": "24450", "type": "Feature", "properties": {"name": "Siebnen, M\u00fchle", "lon": 8.899259755221443, "lat": 47.17152260779108, "stop_id": ["8503749.link:607451", "8503749.link:607452"], "lines": [{"line_id": "96-240-2-j24-1", "route_id": "59.TA.96-240-2-j24-1.6.R", "mode": "bus", "line_name": "523"}, {"line_id": "96-240-2-j24-1", "route_id": "20.TA.96-240-2-j24-1.5.H", "mode": "bus", "line_name": "523"}, {"line_id": "96-240-2-j24-1", "route_id": "36.TA.96-240-2-j24-1.5.H", "mode": "bus", "line_name": "523"}], "predominant_mode": "bus", "assigned_canton": "Schwyz", "modes_list": ["bus"]}, "geometry": {"type": "Point", "coordinates": [8.899259764020975, 47.17152261778124]}}, {"id": "24451", "type": "Feature", "properties": {"name": "Siebnen, Neud\u00f6rfli", "lon": 8.904757445366746, "lat": 47.17585825770482, "stop_id": ["8573835.link:51605", "8573835.link:51606"], "lines": [{"line_id": "96-241-1-j24-1", "route_id": "106.TA.96-241-1-j24-1.40.H", "mode": "bus", "line_name": "522"}, {"line_id": "96-242-5-j24-1", "route_id": "91.TA.96-242-5-j24-1.9.H", "mode": "bus", "line_name": "525"}, {"line_id": "96-242-5-j24-1", "route_id": "103.TA.96-242-5-j24-1.9.H", "mode": "bus", "line_name": "525"}, {"line_id": "96-242-5-j24-1", "route_id": "28.TA.96-242-5-j24-1.7.H", "mode": "bus", "line_name": "525"}, {"line_id": "96-242-5-j24-1", "route_id": "58.TA.96-242-5-j24-1.8.H", "mode": "bus", "line_name": "525"}, {"line_id": "96-241-1-j24-1", "route_id": "66.TA.96-241-1-j24-1.16.H", "mode": "bus", "line_name": "522"}, {"line_id": "96-241-1-j24-1", "route_id": "46.TA.96-241-1-j24-1.16.H", "mode": "bus", "line_name": "522"}, {"line_id": "96-242-5-j24-1", "route_id": "166.TA.96-242-5-j24-1.10.R", "mode": "bus", "line_name": "525"}, {"line_id": "96-242-5-j24-1", "route_id": "198.TA.96-242-5-j24-1.11.R", "mode": "bus", "line_name": "525"}, {"line_id": "96-242-5-j24-1", "route_id": "258.TA.96-242-5-j24-1.12.R", "mode": "bus", "line_name": "525"}, {"line_id": "96-241-1-j24-1", "route_id": "171.TA.96-241-1-j24-1.21.R", "mode": "bus", "line_name": "522"}, {"line_id": "96-241-1-j24-1", "route_id": "238.TA.96-241-1-j24-1.23.R", "mode": "bus", "line_name": "522"}], "predominant_mode": "bus", "assigned_canton": "Schwyz", "modes_list": ["bus"]}, "geometry": {"type": "Point", "coordinates": [8.904757454170154, 47.17585826769485]}}, {"id": "24452", "type": "Feature", "properties": {"name": "Siebnen, Schorrenstrasse", "lon": 8.895010725348344, "lat": 47.17545524785803, "stop_id": ["8573834.link:819520", "8573834.link:819521"], "lines": [{"line_id": "96-241-1-j24-1", "route_id": "195.TA.96-241-1-j24-1.22.R", "mode": "bus", "line_name": "522"}, {"line_id": "96-240-3-j24-1", "route_id": "400.TA.96-240-3-j24-1.25.R", "mode": "bus", "line_name": "521"}, {"line_id": "96-240-3-j24-1", "route_id": "491.TA.96-240-3-j24-1.27.R", "mode": "bus", "line_name": "521"}, {"line_id": "96-240-3-j24-1", "route_id": "481.TA.96-240-3-j24-1.26.R", "mode": "bus", "line_name": "521"}, {"line_id": "96-241-1-j24-1", "route_id": "238.TA.96-241-1-j24-1.23.R", "mode": "bus", "line_name": "522"}, {"line_id": "96-241-1-j24-1", "route_id": "106.TA.96-241-1-j24-1.40.H", "mode": "bus", "line_name": "522"}, {"line_id": "96-240-3-j24-1", "route_id": "133.TA.96-240-3-j24-1.20.H", "mode": "bus", "line_name": "521"}, {"line_id": "96-241-1-j24-1", "route_id": "71.TA.96-241-1-j24-1.38.H", "mode": "bus", "line_name": "522"}, {"line_id": "96-240-3-j24-1", "route_id": "168.TA.96-240-3-j24-1.21.H", "mode": "bus", "line_name": "521"}, {"line_id": "96-240-3-j24-1", "route_id": "236.TA.96-240-3-j24-1.22.H", "mode": "bus", "line_name": "521"}], "predominant_mode": "bus", "assigned_canton": "Schwyz", "modes_list": ["bus"]}, "geometry": {"type": "Point", "coordinates": [8.895010734142595, 47.175455257850814]}}, {"id": "24453", "type": "Feature", "properties": {"name": "Siebnen, Schulhaus", "lon": 8.900571295353728, "lat": 47.17552851777062, "stop_id": ["8503640.link:46871", "8503640.link:46872"], "lines": [{"line_id": "96-241-1-j24-1", "route_id": "106.TA.96-241-1-j24-1.40.H", "mode": "bus", "line_name": "522"}, {"line_id": "96-242-5-j24-1", "route_id": "91.TA.96-242-5-j24-1.9.H", "mode": "bus", "line_name": "525"}, {"line_id": "96-240-3-j24-1", "route_id": "133.TA.96-240-3-j24-1.20.H", "mode": "bus", "line_name": "521"}, {"line_id": "96-242-5-j24-1", "route_id": "103.TA.96-242-5-j24-1.9.H", "mode": "bus", "line_name": "525"}, {"line_id": "96-240-3-j24-1", "route_id": "37.TA.96-240-3-j24-1.18.H", "mode": "bus", "line_name": "521"}, {"line_id": "96-242-5-j24-1", "route_id": "28.TA.96-242-5-j24-1.7.H", "mode": "bus", "line_name": "525"}, {"line_id": "96-241-1-j24-1", "route_id": "46.TA.96-241-1-j24-1.16.H", "mode": "bus", "line_name": "522"}, {"line_id": "96-242-5-j24-1", "route_id": "58.TA.96-242-5-j24-1.8.H", "mode": "bus", "line_name": "525"}, {"line_id": "96-241-1-j24-1", "route_id": "66.TA.96-241-1-j24-1.16.H", "mode": "bus", "line_name": "522"}, {"line_id": "96-241-1-j24-1", "route_id": "71.TA.96-241-1-j24-1.38.H", "mode": "bus", "line_name": "522"}, {"line_id": "96-240-3-j24-1", "route_id": "168.TA.96-240-3-j24-1.21.H", "mode": "bus", "line_name": "521"}, {"line_id": "96-240-3-j24-1", "route_id": "236.TA.96-240-3-j24-1.22.H", "mode": "bus", "line_name": "521"}, {"line_id": "96-242-5-j24-1", "route_id": "166.TA.96-242-5-j24-1.10.R", "mode": "bus", "line_name": "525"}, {"line_id": "96-241-1-j24-1", "route_id": "195.TA.96-241-1-j24-1.22.R", "mode": "bus", "line_name": "522"}, {"line_id": "96-240-3-j24-1", "route_id": "400.TA.96-240-3-j24-1.25.R", "mode": "bus", "line_name": "521"}, {"line_id": "96-240-3-j24-1", "route_id": "491.TA.96-240-3-j24-1.27.R", "mode": "bus", "line_name": "521"}, {"line_id": "96-240-3-j24-1", "route_id": "481.TA.96-240-3-j24-1.26.R", "mode": "bus", "line_name": "521"}, {"line_id": "96-242-5-j24-1", "route_id": "258.TA.96-242-5-j24-1.12.R", "mode": "bus", "line_name": "525"}, {"line_id": "96-242-5-j24-1", "route_id": "198.TA.96-242-5-j24-1.11.R", "mode": "bus", "line_name": "525"}, {"line_id": "96-241-1-j24-1", "route_id": "171.TA.96-241-1-j24-1.21.R", "mode": "bus", "line_name": "522"}, {"line_id": "96-241-1-j24-1", "route_id": "238.TA.96-241-1-j24-1.23.R", "mode": "bus", "line_name": "522"}], "predominant_mode": "bus", "assigned_canton": "Schwyz", "modes_list": ["bus"]}, "geometry": {"type": "Point", "coordinates": [8.900571304153258, 47.17552852776174]}}, {"id": "24454", "type": "Feature", "properties": {"name": "Siebnen, Stegweg", "lon": 8.88999812540467, "lat": 47.17725047793686, "stop_id": ["8503639.link:45580", "8503639.link:45581"], "lines": [{"line_id": "96-241-1-j24-1", "route_id": "195.TA.96-241-1-j24-1.22.R", "mode": "bus", "line_name": "522"}, {"line_id": "96-240-3-j24-1", "route_id": "400.TA.96-240-3-j24-1.25.R", "mode": "bus", "line_name": "521"}, {"line_id": "96-240-3-j24-1", "route_id": "491.TA.96-240-3-j24-1.27.R", "mode": "bus", "line_name": "521"}, {"line_id": "96-240-3-j24-1", "route_id": "481.TA.96-240-3-j24-1.26.R", "mode": "bus", "line_name": "521"}, {"line_id": "96-241-1-j24-1", "route_id": "238.TA.96-241-1-j24-1.23.R", "mode": "bus", "line_name": "522"}, {"line_id": "96-241-1-j24-1", "route_id": "106.TA.96-241-1-j24-1.40.H", "mode": "bus", "line_name": "522"}, {"line_id": "96-240-3-j24-1", "route_id": "133.TA.96-240-3-j24-1.20.H", "mode": "bus", "line_name": "521"}, {"line_id": "96-241-1-j24-1", "route_id": "71.TA.96-241-1-j24-1.38.H", "mode": "bus", "line_name": "522"}, {"line_id": "96-240-3-j24-1", "route_id": "168.TA.96-240-3-j24-1.21.H", "mode": "bus", "line_name": "521"}, {"line_id": "96-240-3-j24-1", "route_id": "236.TA.96-240-3-j24-1.22.H", "mode": "bus", "line_name": "521"}], "predominant_mode": "bus", "assigned_canton": "Schwyz", "modes_list": ["bus"]}, "geometry": {"type": "Point", "coordinates": [8.889998134193585, 47.17725048793179]}}, {"id": "24455", "type": "Feature", "properties": {"name": "Siebnen, Zentralhof", "lon": 8.898199745347258, "lat": 47.17536975780789, "stop_id": ["8503394.link:1783968", "8503394.link:1783969", "8503394.link:285056"], "lines": [{"line_id": "96-241-1-j24-1", "route_id": "106.TA.96-241-1-j24-1.40.H", "mode": "bus", "line_name": "522"}, {"line_id": "96-242-5-j24-1", "route_id": "91.TA.96-242-5-j24-1.9.H", "mode": "bus", "line_name": "525"}, {"line_id": "96-242-5-j24-1", "route_id": "103.TA.96-242-5-j24-1.9.H", "mode": "bus", "line_name": "525"}, {"line_id": "96-240-2-j24-1", "route_id": "59.TA.96-240-2-j24-1.6.R", "mode": "bus", "line_name": "523"}, {"line_id": "96-242-5-j24-1", "route_id": "28.TA.96-242-5-j24-1.7.H", "mode": "bus", "line_name": "525"}, {"line_id": "96-242-5-j24-1", "route_id": "58.TA.96-242-5-j24-1.8.H", "mode": "bus", "line_name": "525"}, {"line_id": "96-241-1-j24-1", "route_id": "66.TA.96-241-1-j24-1.16.H", "mode": "bus", "line_name": "522"}, {"line_id": "96-241-1-j24-1", "route_id": "46.TA.96-241-1-j24-1.16.H", "mode": "bus", "line_name": "522"}, {"line_id": "96-242-5-j24-1", "route_id": "166.TA.96-242-5-j24-1.10.R", "mode": "bus", "line_name": "525"}, {"line_id": "96-242-5-j24-1", "route_id": "198.TA.96-242-5-j24-1.11.R", "mode": "bus", "line_name": "525"}, {"line_id": "96-242-5-j24-1", "route_id": "258.TA.96-242-5-j24-1.12.R", "mode": "bus", "line_name": "525"}, {"line_id": "96-241-1-j24-1", "route_id": "171.TA.96-241-1-j24-1.21.R", "mode": "bus", "line_name": "522"}, {"line_id": "96-241-1-j24-1", "route_id": "238.TA.96-241-1-j24-1.23.R", "mode": "bus", "line_name": "522"}, {"line_id": "96-240-2-j24-1", "route_id": "20.TA.96-240-2-j24-1.5.H", "mode": "bus", "line_name": "523"}, {"line_id": "96-240-2-j24-1", "route_id": "36.TA.96-240-2-j24-1.5.H", "mode": "bus", "line_name": "523"}], "predominant_mode": "bus", "assigned_canton": "Schwyz", "modes_list": ["bus"]}, "geometry": {"type": "Point", "coordinates": [8.898199754144573, 47.1753697677997]}}, {"id": "24456", "type": "Feature", "properties": {"name": "Siebnen-Wangen", "lon": 8.898948338926557, "lat": 47.182845444463055, "stop_id": ["8503221:0:3.link:1793426", "8503221:0:4.link:990543", "8503221:0:4.link:990544"], "lines": [{"line_id": "91-2-B-j24-1", "route_id": "818.TA.91-2-B-j24-1.505.R", "mode": "rail", "line_name": "S2"}, {"line_id": "91-35-A-j24-1", "route_id": "1687.TA.91-35-A-j24-1.1126.R", "mode": "rail", "line_name": "IR35"}, {"line_id": "91-2-B-j24-1", "route_id": "889.TA.91-2-B-j24-1.510.R", "mode": "rail", "line_name": "S2"}, {"line_id": "91-35-B-j24-1", "route_id": "20.TA.91-35-B-j24-1.8.H", "mode": "rail", "line_name": "IR35"}, {"line_id": "91-25-j24-1", "route_id": "488.TA.91-25-j24-1.45.R", "mode": "rail", "line_name": "S25"}, {"line_id": "91-35-A-j24-1", "route_id": "1863.TA.91-35-A-j24-1.1133.R", "mode": "rail", "line_name": "IR35"}, {"line_id": "91-35-A-j24-1", "route_id": "1780.TA.91-35-A-j24-1.1131.R", "mode": "rail", "line_name": "IR35"}, {"line_id": "91-35-B-j24-1", "route_id": "38.TA.91-35-B-j24-1.16.H", "mode": "rail", "line_name": "IR35"}, {"line_id": "91-35-A-j24-1", "route_id": "1792.TA.91-35-A-j24-1.1132.R", "mode": "rail", "line_name": "IR35"}, {"line_id": "91-35-A-j24-1", "route_id": "1495.TA.91-35-A-j24-1.196.R", "mode": "rail", "line_name": "IR35"}, {"line_id": "91-2-B-j24-1", "route_id": "749.TA.91-2-B-j24-1.501.R", "mode": "rail", "line_name": "S2"}, {"line_id": "91-27-B-j24-1", "route_id": "7.TA.91-27-B-j24-1.3.H", "mode": "rail", "line_name": "S27"}, {"line_id": "91-2-B-j24-1", "route_id": "797.TA.91-2-B-j24-1.199.R", "mode": "rail", "line_name": "S2"}, {"line_id": "91-2-B-j24-1", "route_id": "902.TA.91-2-B-j24-1.511.R", "mode": "rail", "line_name": "S2"}, {"line_id": "91-35-B-j24-1", "route_id": "72.TA.91-35-B-j24-1.231.H", "mode": "rail", "line_name": "IR35"}, {"line_id": "91-25-j24-1", "route_id": "450.TA.91-25-j24-1.41.R", "mode": "rail", "line_name": "S25"}, {"line_id": "91-35-A-j24-1", "route_id": "1497.TA.91-35-A-j24-1.196.R", "mode": "rail", "line_name": "IR35"}, {"line_id": "91-35-A-j24-1", "route_id": "1746.TA.91-35-A-j24-1.1129.R", "mode": "rail", "line_name": "IR35"}, {"line_id": "91-2-B-j24-1", "route_id": "892.TA.91-2-B-j24-1.662.R", "mode": "rail", "line_name": "S2"}, {"line_id": "91-8-C-j24-1", "route_id": "459.TA.91-8-C-j24-1.76.H", "mode": "rail", "line_name": "S8"}, {"line_id": "91-25-j24-1", "route_id": "519.TA.91-25-j24-1.47.R", "mode": "rail", "line_name": "S25"}, {"line_id": "91-27-B-j24-1", "route_id": "13.TA.91-27-B-j24-1.4.H", "mode": "rail", "line_name": "S27"}, {"line_id": "91-2-B-j24-1", "route_id": "908.TA.91-2-B-j24-1.513.R", "mode": "rail", "line_name": "S2"}, {"line_id": "91-25-j24-1", "route_id": "509.TA.91-25-j24-1.46.R", "mode": "rail", "line_name": "S25"}, {"line_id": "91-2-B-j24-1", "route_id": "379.TA.91-2-B-j24-1.35.H", "mode": "rail", "line_name": "S2"}, {"line_id": "91-35-A-j24-1", "route_id": "960.TA.91-35-A-j24-1.1217.H", "mode": "rail", "line_name": "IR35"}, {"line_id": "91-25-j24-1", "route_id": "247.TA.91-25-j24-1.29.H", "mode": "rail", "line_name": "S25"}, {"line_id": "91-27-B-j24-1", "route_id": "22.TA.91-27-B-j24-1.6.R", "mode": "rail", "line_name": "S27"}, {"line_id": "91-35-A-j24-1", "route_id": "1023.TA.91-35-A-j24-1.1184.H", "mode": "rail", "line_name": "IR35"}, {"line_id": "91-35-A-j24-1", "route_id": "491.TA.91-35-A-j24-1.32.H", "mode": "rail", "line_name": "IR35"}, {"line_id": "91-8-C-j24-1", "route_id": "1013.TA.91-8-C-j24-1.206.R", "mode": "rail", "line_name": "S8"}, {"line_id": "91-35-A-j24-1", "route_id": "807.TA.91-35-A-j24-1.1214.H", "mode": "rail", "line_name": "IR35"}, {"line_id": "91-2-B-j24-1", "route_id": "466.TA.91-2-B-j24-1.67.H", "mode": "rail", "line_name": "S2"}, {"line_id": "91-27-B-j24-1", "route_id": "17.TA.91-27-B-j24-1.5.R", "mode": "rail", "line_name": "S27"}, {"line_id": "91-2-B-j24-1", "route_id": "462.TA.91-2-B-j24-1.66.H", "mode": "rail", "line_name": "S2"}, {"line_id": "91-35-B-j24-1", "route_id": "256.TA.91-35-B-j24-1.271.R", "mode": "rail", "line_name": "IR35"}, {"line_id": "91-35-A-j24-1", "route_id": "729.TA.91-35-A-j24-1.1175.H", "mode": "rail", "line_name": "IR35"}, {"line_id": "91-35-A-j24-1", "route_id": "772.TA.91-35-A-j24-1.1213.H", "mode": "rail", "line_name": "IR35"}, {"line_id": "91-25-j24-1", "route_id": "184.TA.91-25-j24-1.23.H", "mode": "rail", "line_name": "S25"}, {"line_id": "91-35-A-j24-1", "route_id": "596.TA.91-35-A-j24-1.1079.H", "mode": "rail", "line_name": "IR35"}, {"line_id": "91-27-B-j24-1", "route_id": "26.TA.91-27-B-j24-1.6.R", "mode": "rail", "line_name": "S27"}, {"line_id": "91-25-j24-1", "route_id": "83.TA.91-25-j24-1.17.H", "mode": "rail", "line_name": "S25"}, {"line_id": "91-2-B-j24-1", "route_id": "345.TA.91-2-B-j24-1.24.H", "mode": "rail", "line_name": "S2"}, {"line_id": "91-2-B-j24-1", "route_id": "285.TA.91-2-B-j24-1.4.H", "mode": "rail", "line_name": "S2"}, {"line_id": "91-35-B-j24-1", "route_id": "272.TA.91-35-B-j24-1.281.R", "mode": "rail", "line_name": "IR35"}, {"line_id": "91-25-j24-1", "route_id": "228.TA.91-25-j24-1.28.H", "mode": "rail", "line_name": "S25"}, {"line_id": "91-2-B-j24-1", "route_id": "260.TA.91-2-B-j24-1.1.H", "mode": "rail", "line_name": "S2"}, {"line_id": "91-27-B-j24-1", "route_id": "27.TA.91-27-B-j24-1.7.R", "mode": "rail", "line_name": "S27"}, {"line_id": "91-2-B-j24-1", "route_id": "283.TA.91-2-B-j24-1.3.H", "mode": "rail", "line_name": "S2"}, {"line_id": "91-2-B-j24-1", "route_id": "332.TA.91-2-B-j24-1.21.H", "mode": "rail", "line_name": "S2"}, {"line_id": "91-25-j24-1", "route_id": "43.TA.91-25-j24-1.7.H", "mode": "rail", "line_name": "S25"}, {"line_id": "91-25-j24-1", "route_id": "214.TA.91-25-j24-1.27.H", "mode": "rail", "line_name": "S25"}, {"line_id": "91-35-B-j24-1", "route_id": "266.TA.91-35-B-j24-1.274.R", "mode": "rail", "line_name": "IR35"}, {"line_id": "91-8-C-j24-1", "route_id": "1033.TA.91-8-C-j24-1.228.R", "mode": "rail", "line_name": "S8"}, {"line_id": "91-35-A-j24-1", "route_id": "560.TA.91-35-A-j24-1.697.H", "mode": "rail", "line_name": "IR35"}, {"line_id": "91-2-B-j24-1", "route_id": "238.TA.91-2-B-j24-1.242.H", "mode": "rail", "line_name": "S2"}, {"line_id": "91-4H-Y-j24-1", "route_id": "287.TA.91-4H-Y-j24-1.729.H", "mode": "rail", "line_name": "S"}, {"line_id": "91-27-B-j24-1", "route_id": "1.TA.91-27-B-j24-1.2.H", "mode": "rail", "line_name": "S27"}, {"line_id": "91-35-A-j24-1", "route_id": "1629.TA.91-35-A-j24-1.1311.R", "mode": "rail", "line_name": "IR35"}], "predominant_mode": "rail", "assigned_canton": "Schwyz", "modes_list": ["rail"]}, "geometry": {"type": "Point", "coordinates": [8.898948347722241, 47.18284545445723]}}, {"id": "24457", "type": "Feature", "properties": {"name": "Siebnen-Wangen, Bahnhof", "lon": 8.900526375584365, "lat": 47.18255034777158, "stop_id": ["8573794:0:A.link:1873395", "8573794:0:A.link:1873396", "8573794:0:B.link:1873395", "8573794:0:B.link:1873396"], "lines": [{"line_id": "96-242-5-j24-1", "route_id": "166.TA.96-242-5-j24-1.10.R", "mode": "bus", "line_name": "525"}, {"line_id": "96-241-1-j24-1", "route_id": "195.TA.96-241-1-j24-1.22.R", "mode": "bus", "line_name": "522"}, {"line_id": "96-242-5-j24-1", "route_id": "2.TA.96-242-5-j24-1.13.H", "mode": "bus", "line_name": "525"}, {"line_id": "96-240-3-j24-1", "route_id": "369.TA.96-240-3-j24-1.24.R", "mode": "bus", "line_name": "521"}, {"line_id": "96-240-3-j24-1", "route_id": "400.TA.96-240-3-j24-1.25.R", "mode": "bus", "line_name": "521"}, {"line_id": "96-240-3-j24-1", "route_id": "491.TA.96-240-3-j24-1.27.R", "mode": "bus", "line_name": "521"}, {"line_id": "96-240-3-j24-1", "route_id": "481.TA.96-240-3-j24-1.26.R", "mode": "bus", "line_name": "521"}, {"line_id": "96-241-1-j24-1", "route_id": "171.TA.96-241-1-j24-1.21.R", "mode": "bus", "line_name": "522"}, {"line_id": "96-241-1-j24-1", "route_id": "238.TA.96-241-1-j24-1.23.R", "mode": "bus", "line_name": "522"}, {"line_id": "96-241-1-j24-1", "route_id": "106.TA.96-241-1-j24-1.40.H", "mode": "bus", "line_name": "522"}, {"line_id": "96-242-5-j24-1", "route_id": "91.TA.96-242-5-j24-1.9.H", "mode": "bus", "line_name": "525"}, {"line_id": "96-242-5-j24-1", "route_id": "103.TA.96-242-5-j24-1.9.H", "mode": "bus", "line_name": "525"}, {"line_id": "96-242-5-j24-1", "route_id": "258.TA.96-242-5-j24-1.12.R", "mode": "bus", "line_name": "525"}, {"line_id": "96-242-5-j24-1", "route_id": "198.TA.96-242-5-j24-1.11.R", "mode": "bus", "line_name": "525"}, {"line_id": "96-242-5-j24-1", "route_id": "138.TA.96-242-5-j24-1.15.R", "mode": "bus", "line_name": "525"}, {"line_id": "96-242-5-j24-1", "route_id": "58.TA.96-242-5-j24-1.8.H", "mode": "bus", "line_name": "525"}, {"line_id": "96-241-1-j24-1", "route_id": "71.TA.96-241-1-j24-1.38.H", "mode": "bus", "line_name": "522"}, {"line_id": "96-241-1-j24-1", "route_id": "66.TA.96-241-1-j24-1.16.H", "mode": "bus", "line_name": "522"}, {"line_id": "96-241-1-j24-1", "route_id": "46.TA.96-241-1-j24-1.16.H", "mode": "bus", "line_name": "522"}, {"line_id": "96-240-2-j24-1", "route_id": "20.TA.96-240-2-j24-1.5.H", "mode": "bus", "line_name": "523"}, {"line_id": "96-240-2-j24-1", "route_id": "36.TA.96-240-2-j24-1.5.H", "mode": "bus", "line_name": "523"}, {"line_id": "96-240-3-j24-1", "route_id": "37.TA.96-240-3-j24-1.18.H", "mode": "bus", "line_name": "521"}, {"line_id": "96-240-2-j24-1", "route_id": "59.TA.96-240-2-j24-1.6.R", "mode": "bus", "line_name": "523"}, {"line_id": "96-242-5-j24-1", "route_id": "28.TA.96-242-5-j24-1.7.H", "mode": "bus", "line_name": "525"}, {"line_id": "96-240-3-j24-1", "route_id": "111.TA.96-240-3-j24-1.19.H", "mode": "bus", "line_name": "521"}, {"line_id": "96-240-3-j24-1", "route_id": "168.TA.96-240-3-j24-1.21.H", "mode": "bus", "line_name": "521"}, {"line_id": "96-240-3-j24-1", "route_id": "236.TA.96-240-3-j24-1.22.H", "mode": "bus", "line_name": "521"}], "predominant_mode": "bus", "assigned_canton": "Schwyz", "modes_list": ["bus"]}, "geometry": {"type": "Point", "coordinates": [8.900526384381639, 47.18255035776517]}}, {"id": "24807", "type": "Feature", "properties": {"name": "Sisikon, Binzenegg", "lon": 8.62820208790818, "lat": 46.95285380203496, "stop_id": ["8573133.link:736504", "8573133.link:736505"], "lines": [{"line_id": "92-541-A-j24-1", "route_id": "50.TA.92-541-A-j24-1.2.R", "mode": "bus", "line_name": "541"}, {"line_id": "92-541-A-j24-1", "route_id": "19.TA.92-541-A-j24-1.1.H", "mode": "bus", "line_name": "541"}, {"line_id": "92-541-A-j24-1", "route_id": "36.TA.92-541-A-j24-1.3.H", "mode": "bus", "line_name": "541"}], "predominant_mode": "bus", "assigned_canton": "Schwyz", "modes_list": ["bus"]}, "geometry": {"type": "Point", "coordinates": [8.628202096511833, 46.95285381202484]}}, {"id": "25903", "type": "Feature", "properties": {"name": "Steinen", "lon": 8.606584136008316, "lat": 47.04821784238305, "stop_id": ["8505005:0:1.link:58591", "8505005:0:2.link:1225750"], "lines": [{"line_id": "91-2-C-j24-1", "route_id": "98.TA.91-2-C-j24-1.88.H", "mode": "rail", "line_name": "S2"}, {"line_id": "91-3-H-j24-1", "route_id": "359.TA.91-3-H-j24-1.80.H", "mode": "rail", "line_name": "S3"}, {"line_id": "91-3-H-j24-1", "route_id": "349.TA.91-3-H-j24-1.74.H", "mode": "rail", "line_name": "S3"}, {"line_id": "91-3-H-j24-1", "route_id": "229.TA.91-3-H-j24-1.47.H", "mode": "rail", "line_name": "S3"}, {"line_id": "91-2-C-j24-1", "route_id": "36.TA.91-2-C-j24-1.13.H", "mode": "rail", "line_name": "S2"}, {"line_id": "91-3-H-j24-1", "route_id": "329.TA.91-3-H-j24-1.66.H", "mode": "rail", "line_name": "S3"}, {"line_id": "91-3-H-j24-1", "route_id": "247.TA.91-3-H-j24-1.50.H", "mode": "rail", "line_name": "S3"}, {"line_id": "91-3-H-j24-1", "route_id": "342.TA.91-3-H-j24-1.69.H", "mode": "rail", "line_name": "S3"}, {"line_id": "91-2-C-j24-1", "route_id": "86.TA.91-2-C-j24-1.35.H", "mode": "rail", "line_name": "S2"}, {"line_id": "91-3-H-j24-1", "route_id": "389.TA.91-3-H-j24-1.534.H", "mode": "rail", "line_name": "S3"}, {"line_id": "91-3-H-j24-1", "route_id": "360.TA.91-3-H-j24-1.413.H", "mode": "rail", "line_name": "S3"}, {"line_id": "91-3-H-j24-1", "route_id": "698.TA.91-3-H-j24-1.193.R", "mode": "rail", "line_name": "S3"}, {"line_id": "91-2-C-j24-1", "route_id": "180.TA.91-2-C-j24-1.60.R", "mode": "rail", "line_name": "S2"}, {"line_id": "91-3-H-j24-1", "route_id": "707.TA.91-3-H-j24-1.431.R", "mode": "rail", "line_name": "S3"}, {"line_id": "91-3-H-j24-1", "route_id": "764.TA.91-3-H-j24-1.207.R", "mode": "rail", "line_name": "S3"}, {"line_id": "91-3-H-j24-1", "route_id": "489.TA.91-3-H-j24-1.244.R", "mode": "rail", "line_name": "S3"}, {"line_id": "91-3-H-j24-1", "route_id": "653.TA.91-3-H-j24-1.188.R", "mode": "rail", "line_name": "S3"}, {"line_id": "91-46-j24-1", "route_id": "165.TA.91-46-j24-1.405.R", "mode": "rail", "line_name": "IR46"}, {"line_id": "91-3-H-j24-1", "route_id": "719.TA.91-3-H-j24-1.199.R", "mode": "rail", "line_name": "S3"}, {"line_id": "91-3-H-j24-1", "route_id": "767.TA.91-3-H-j24-1.208.R", "mode": "rail", "line_name": "S3"}, {"line_id": "91-26-C-j24-1", "route_id": "63.TA.91-26-C-j24-1.715.H", "mode": "rail", "line_name": "IR26"}, {"line_id": "91-2-C-j24-1", "route_id": "139.TA.91-2-C-j24-1.49.R", "mode": "rail", "line_name": "S2"}, {"line_id": "91-3-H-j24-1", "route_id": "761.TA.91-3-H-j24-1.207.R", "mode": "rail", "line_name": "S3"}, {"line_id": "91-3-H-j24-1", "route_id": "751.TA.91-3-H-j24-1.204.R", "mode": "rail", "line_name": "S3"}, {"line_id": "91-2-C-j24-1", "route_id": "191.TA.91-2-C-j24-1.90.R", "mode": "rail", "line_name": "S2"}, {"line_id": "91-3-H-j24-1", "route_id": "728.TA.91-3-H-j24-1.246.R", "mode": "rail", "line_name": "S3"}], "predominant_mode": "rail", "assigned_canton": "Schwyz", "modes_list": ["rail"]}, "geometry": {"type": "Point", "coordinates": [8.606584144562742, 47.048217852414986]}}, {"id": "25916", "type": "Feature", "properties": {"name": "Steinen, Adelboden", "lon": 8.621419811456555, "lat": 47.06162719215096, "stop_id": ["8577480.link:965981", "8577480.link:965982"], "lines": [{"line_id": "92-507-A-j24-1", "route_id": "212.TA.92-507-A-j24-1.7.H", "mode": "bus", "line_name": "507"}, {"line_id": "92-507-A-j24-1", "route_id": "86.TA.92-507-A-j24-1.4.H", "mode": "bus", "line_name": "507"}, {"line_id": "92-507-A-j24-1", "route_id": "213.TA.92-507-A-j24-1.7.H", "mode": "bus", "line_name": "507"}, {"line_id": "92-507-A-j24-1", "route_id": "31.TA.92-507-A-j24-1.49.H", "mode": "bus", "line_name": "507"}, {"line_id": "92-507-A-j24-1", "route_id": "199.TA.92-507-A-j24-1.7.H", "mode": "bus", "line_name": "507"}, {"line_id": "92-507-A-j24-1", "route_id": "135.TA.92-507-A-j24-1.6.H", "mode": "bus", "line_name": "507"}, {"line_id": "92-507-A-j24-1", "route_id": "75.TA.92-507-A-j24-1.3.H", "mode": "bus", "line_name": "507"}, {"line_id": "92-507-A-j24-1", "route_id": "309.TA.92-507-A-j24-1.55.R", "mode": "bus", "line_name": "507"}, {"line_id": "92-507-A-j24-1", "route_id": "359.TA.92-507-A-j24-1.14.R", "mode": "bus", "line_name": "507"}, {"line_id": "92-507-A-j24-1", "route_id": "340.TA.92-507-A-j24-1.13.R", "mode": "bus", "line_name": "507"}, {"line_id": "92-507-A-j24-1", "route_id": "272.TA.92-507-A-j24-1.52.R", "mode": "bus", "line_name": "507"}, {"line_id": "92-507-A-j24-1", "route_id": "317.TA.92-507-A-j24-1.12.R", "mode": "bus", "line_name": "507"}, {"line_id": "92-507-A-j24-1", "route_id": "440.TA.92-507-A-j24-1.15.R", "mode": "bus", "line_name": "507"}, {"line_id": "92-507-A-j24-1", "route_id": "426.TA.92-507-A-j24-1.15.R", "mode": "bus", "line_name": "507"}, {"line_id": "92-507-A-j24-1", "route_id": "346.TA.92-507-A-j24-1.13.R", "mode": "bus", "line_name": "507"}], "predominant_mode": "bus", "assigned_canton": "Schwyz", "modes_list": ["bus"]}, "geometry": {"type": "Point", "coordinates": [8.62141982002153, 47.06162720218354]}}, {"id": "25917", "type": "Feature", "properties": {"name": "Steinen, Bahnhof", "lon": 8.607459991003672, "lat": 47.04805870236928, "stop_id": ["8587532.link:1423913", "8587532.link:1960158"], "lines": [{"line_id": "92-502-A-j24-1", "route_id": "1161.TA.92-502-A-j24-1.798.R", "mode": "bus", "line_name": "502"}, {"line_id": "92-502-A-j24-1", "route_id": "13.TA.92-502-A-j24-1.786.H", "mode": "bus", "line_name": "502"}], "predominant_mode": "bus", "assigned_canton": "Schwyz", "modes_list": ["bus"]}, "geometry": {"type": "Point", "coordinates": [8.607459999559005, 47.04805871240089]}}, {"id": "25918", "type": "Feature", "properties": {"name": "Steinen, Dorfbr\u00fccke", "lon": 8.61378413105018, "lat": 47.04935633227002, "stop_id": ["8587959.link:85080", "8587959.link:85081"], "lines": [{"line_id": "92-502-A-j24-1", "route_id": "1298.TA.92-502-A-j24-1.823.R", "mode": "bus", "line_name": "502"}, {"line_id": "92-41-E-j24-1", "route_id": "3.TA.92-41-E-j24-1.5.H", "mode": "bus", "line_name": "41"}, {"line_id": "92-41-E-j24-1", "route_id": "10.TA.92-41-E-j24-1.6.R", "mode": "bus", "line_name": "41"}, {"line_id": "92-502-A-j24-1", "route_id": "121.TA.92-502-A-j24-1.814.H", "mode": "bus", "line_name": "502"}], "predominant_mode": "bus", "assigned_canton": "Schwyz", "modes_list": ["bus"]}, "geometry": {"type": "Point", "coordinates": [8.613784139611324, 47.04935634230028]}}, {"id": "25919", "type": "Feature", "properties": {"name": "Steinen, Hausmatt", "lon": 8.615679581027157, "lat": 47.04861570224023, "stop_id": ["8588117.link:1914048", "8588117.link:1914049"], "lines": [{"line_id": "92-502-A-j24-1", "route_id": "1298.TA.92-502-A-j24-1.823.R", "mode": "bus", "line_name": "502"}, {"line_id": "92-502-A-j24-1", "route_id": "121.TA.92-502-A-j24-1.814.H", "mode": "bus", "line_name": "502"}], "predominant_mode": "bus", "assigned_canton": "Schwyz", "modes_list": ["bus"]}, "geometry": {"type": "Point", "coordinates": [8.615679589590373, 47.04861571226971]}}, {"id": "25920", "type": "Feature", "properties": {"name": "Steinen, Oelberg", "lon": 8.623485940859766, "lat": 47.0433453321172, "stop_id": ["8588118.link:790230", "8588118.link:790231"], "lines": [{"line_id": "92-502-A-j24-1", "route_id": "1298.TA.92-502-A-j24-1.823.R", "mode": "bus", "line_name": "502"}, {"line_id": "92-502-A-j24-1", "route_id": "121.TA.92-502-A-j24-1.814.H", "mode": "bus", "line_name": "502"}], "predominant_mode": "bus", "assigned_canton": "Schwyz", "modes_list": ["bus"]}, "geometry": {"type": "Point", "coordinates": [8.623485949432187, 47.04334534214246]}}, {"id": "25921", "type": "Feature", "properties": {"name": "Steinen, Rigiblick", "lon": 8.62343204159562, "lat": 47.065837192119666, "stop_id": ["8577481.link:965991", "8577481.link:965992"], "lines": [{"line_id": "92-507-A-j24-1", "route_id": "212.TA.92-507-A-j24-1.7.H", "mode": "bus", "line_name": "507"}, {"line_id": "92-507-A-j24-1", "route_id": "86.TA.92-507-A-j24-1.4.H", "mode": "bus", "line_name": "507"}, {"line_id": "92-507-A-j24-1", "route_id": "213.TA.92-507-A-j24-1.7.H", "mode": "bus", "line_name": "507"}, {"line_id": "92-507-A-j24-1", "route_id": "31.TA.92-507-A-j24-1.49.H", "mode": "bus", "line_name": "507"}, {"line_id": "92-507-A-j24-1", "route_id": "199.TA.92-507-A-j24-1.7.H", "mode": "bus", "line_name": "507"}, {"line_id": "92-507-A-j24-1", "route_id": "135.TA.92-507-A-j24-1.6.H", "mode": "bus", "line_name": "507"}, {"line_id": "92-507-A-j24-1", "route_id": "75.TA.92-507-A-j24-1.3.H", "mode": "bus", "line_name": "507"}, {"line_id": "92-507-A-j24-1", "route_id": "309.TA.92-507-A-j24-1.55.R", "mode": "bus", "line_name": "507"}, {"line_id": "92-507-A-j24-1", "route_id": "359.TA.92-507-A-j24-1.14.R", "mode": "bus", "line_name": "507"}, {"line_id": "92-507-A-j24-1", "route_id": "340.TA.92-507-A-j24-1.13.R", "mode": "bus", "line_name": "507"}, {"line_id": "92-507-A-j24-1", "route_id": "272.TA.92-507-A-j24-1.52.R", "mode": "bus", "line_name": "507"}, {"line_id": "92-507-A-j24-1", "route_id": "317.TA.92-507-A-j24-1.12.R", "mode": "bus", "line_name": "507"}, {"line_id": "92-507-A-j24-1", "route_id": "440.TA.92-507-A-j24-1.15.R", "mode": "bus", "line_name": "507"}, {"line_id": "92-507-A-j24-1", "route_id": "426.TA.92-507-A-j24-1.15.R", "mode": "bus", "line_name": "507"}, {"line_id": "92-507-A-j24-1", "route_id": "346.TA.92-507-A-j24-1.13.R", "mode": "bus", "line_name": "507"}], "predominant_mode": "bus", "assigned_canton": "Schwyz", "modes_list": ["bus"]}, "geometry": {"type": "Point", "coordinates": [8.623432050161309, 47.06583720215322]}}, {"id": "25922", "type": "Feature", "properties": {"name": "Steinen, Spiegelberg", "lon": 8.62153659130521, "lat": 47.05700070214884, "stop_id": ["8577479.link:965973", "8577479.link:965974"], "lines": [{"line_id": "92-507-A-j24-1", "route_id": "212.TA.92-507-A-j24-1.7.H", "mode": "bus", "line_name": "507"}, {"line_id": "92-507-A-j24-1", "route_id": "86.TA.92-507-A-j24-1.4.H", "mode": "bus", "line_name": "507"}, {"line_id": "92-507-A-j24-1", "route_id": "213.TA.92-507-A-j24-1.7.H", "mode": "bus", "line_name": "507"}, {"line_id": "92-507-A-j24-1", "route_id": "31.TA.92-507-A-j24-1.49.H", "mode": "bus", "line_name": "507"}, {"line_id": "92-507-A-j24-1", "route_id": "199.TA.92-507-A-j24-1.7.H", "mode": "bus", "line_name": "507"}, {"line_id": "92-507-A-j24-1", "route_id": "135.TA.92-507-A-j24-1.6.H", "mode": "bus", "line_name": "507"}, {"line_id": "92-507-A-j24-1", "route_id": "75.TA.92-507-A-j24-1.3.H", "mode": "bus", "line_name": "507"}, {"line_id": "92-507-A-j24-1", "route_id": "309.TA.92-507-A-j24-1.55.R", "mode": "bus", "line_name": "507"}, {"line_id": "92-507-A-j24-1", "route_id": "359.TA.92-507-A-j24-1.14.R", "mode": "bus", "line_name": "507"}, {"line_id": "92-507-A-j24-1", "route_id": "340.TA.92-507-A-j24-1.13.R", "mode": "bus", "line_name": "507"}, {"line_id": "92-507-A-j24-1", "route_id": "272.TA.92-507-A-j24-1.52.R", "mode": "bus", "line_name": "507"}, {"line_id": "92-507-A-j24-1", "route_id": "317.TA.92-507-A-j24-1.12.R", "mode": "bus", "line_name": "507"}, {"line_id": "92-507-A-j24-1", "route_id": "440.TA.92-507-A-j24-1.15.R", "mode": "bus", "line_name": "507"}, {"line_id": "92-507-A-j24-1", "route_id": "426.TA.92-507-A-j24-1.15.R", "mode": "bus", "line_name": "507"}, {"line_id": "92-507-A-j24-1", "route_id": "346.TA.92-507-A-j24-1.13.R", "mode": "bus", "line_name": "507"}], "predominant_mode": "bus", "assigned_canton": "Schwyz", "modes_list": ["bus"]}, "geometry": {"type": "Point", "coordinates": [8.621536599871675, 47.0570007121797]}}, {"id": "25923", "type": "Feature", "properties": {"name": "Steinen, Spiegelberg Schlag", "lon": 8.62599224119212, "lat": 47.053457132078584, "stop_id": ["8577478.link:1104142", "8577478.link:1104143"], "lines": [{"line_id": "92-507-A-j24-1", "route_id": "212.TA.92-507-A-j24-1.7.H", "mode": "bus", "line_name": "507"}, {"line_id": "92-507-A-j24-1", "route_id": "86.TA.92-507-A-j24-1.4.H", "mode": "bus", "line_name": "507"}, {"line_id": "92-507-A-j24-1", "route_id": "213.TA.92-507-A-j24-1.7.H", "mode": "bus", "line_name": "507"}, {"line_id": "92-507-A-j24-1", "route_id": "31.TA.92-507-A-j24-1.49.H", "mode": "bus", "line_name": "507"}, {"line_id": "92-507-A-j24-1", "route_id": "199.TA.92-507-A-j24-1.7.H", "mode": "bus", "line_name": "507"}, {"line_id": "92-507-A-j24-1", "route_id": "135.TA.92-507-A-j24-1.6.H", "mode": "bus", "line_name": "507"}, {"line_id": "92-507-A-j24-1", "route_id": "75.TA.92-507-A-j24-1.3.H", "mode": "bus", "line_name": "507"}, {"line_id": "92-507-A-j24-1", "route_id": "309.TA.92-507-A-j24-1.55.R", "mode": "bus", "line_name": "507"}, {"line_id": "92-507-A-j24-1", "route_id": "359.TA.92-507-A-j24-1.14.R", "mode": "bus", "line_name": "507"}, {"line_id": "92-507-A-j24-1", "route_id": "340.TA.92-507-A-j24-1.13.R", "mode": "bus", "line_name": "507"}, {"line_id": "92-507-A-j24-1", "route_id": "272.TA.92-507-A-j24-1.52.R", "mode": "bus", "line_name": "507"}, {"line_id": "92-507-A-j24-1", "route_id": "317.TA.92-507-A-j24-1.12.R", "mode": "bus", "line_name": "507"}, {"line_id": "92-507-A-j24-1", "route_id": "440.TA.92-507-A-j24-1.15.R", "mode": "bus", "line_name": "507"}, {"line_id": "92-507-A-j24-1", "route_id": "426.TA.92-507-A-j24-1.15.R", "mode": "bus", "line_name": "507"}, {"line_id": "92-507-A-j24-1", "route_id": "346.TA.92-507-A-j24-1.13.R", "mode": "bus", "line_name": "507"}], "predominant_mode": "bus", "assigned_canton": "Schwyz", "modes_list": ["bus"]}, "geometry": {"type": "Point", "coordinates": [8.625992249763987, 47.05345714210683]}}, {"id": "25924", "type": "Feature", "properties": {"name": "Steinen, Wyler", "lon": 8.621815070954412, "lat": 47.04627134214364, "stop_id": ["8588116.link:1416341", "8588116.link:1416342"], "lines": [{"line_id": "92-502-A-j24-1", "route_id": "1298.TA.92-502-A-j24-1.823.R", "mode": "bus", "line_name": "502"}, {"line_id": "92-502-A-j24-1", "route_id": "121.TA.92-502-A-j24-1.814.H", "mode": "bus", "line_name": "502"}], "predominant_mode": "bus", "assigned_canton": "Schwyz", "modes_list": ["bus"]}, "geometry": {"type": "Point", "coordinates": [8.621815079524326, 47.04627135217046]}}, {"id": "25928", "type": "Feature", "properties": {"name": "Steinerberg", "lon": 8.585208724454901, "lat": 47.052102472719106, "stop_id": ["8503280:0:1.link:1570742", "8503280:0:1.link:1570743", "8503280:0:2.link:1570754"], "lines": [{"line_id": "91-31-A-j24-1", "route_id": "22.TA.91-31-A-j24-1.64.H", "mode": "rail", "line_name": "S31"}, {"line_id": "91-VAE-j24-1", "route_id": "414.TA.91-VAE-j24-1.93.H", "mode": "rail", "line_name": "VAE"}, {"line_id": "91-31-A-j24-1", "route_id": "21.TA.91-31-A-j24-1.63.H", "mode": "rail", "line_name": "S31"}, {"line_id": "91-31-A-j24-1", "route_id": "29.TA.91-31-A-j24-1.66.R", "mode": "rail", "line_name": "S31"}, {"line_id": "91-31-A-j24-1", "route_id": "24.TA.91-31-A-j24-1.65.R", "mode": "rail", "line_name": "S31"}, {"line_id": "91-VAE-j24-1", "route_id": "904.TA.91-VAE-j24-1.98.R", "mode": "rail", "line_name": "VAE"}, {"line_id": "91-31-A-j24-1", "route_id": "30.TA.91-31-A-j24-1.67.R", "mode": "rail", "line_name": "S31"}, {"line_id": "91-VAE-j24-1", "route_id": "574.TA.91-VAE-j24-1.95.R", "mode": "rail", "line_name": "VAE"}, {"line_id": "91-31-A-j24-1", "route_id": "33.TA.91-31-A-j24-1.67.R", "mode": "rail", "line_name": "S31"}, {"line_id": "91-31-A-j24-1", "route_id": "18.TA.91-31-A-j24-1.62.H", "mode": "rail", "line_name": "S31"}, {"line_id": "91-31-A-j24-1", "route_id": "6.TA.91-31-A-j24-1.61.H", "mode": "rail", "line_name": "S31"}], "predominant_mode": "rail", "assigned_canton": "Schwyz", "modes_list": ["rail"]}, "geometry": {"type": "Point", "coordinates": [8.585208732987223, 47.052102482758606]}}, {"id": "25929", "type": "Feature", "properties": {"name": "Steinerberg, Chornacher", "lon": 8.591811341286126, "lat": 47.05700070261577, "stop_id": ["8591763.link:591008", "8591763.link:591009"], "lines": [{"line_id": "92-523-j24-1", "route_id": "14.TA.92-523-j24-1.12.H", "mode": "bus", "line_name": "523"}, {"line_id": "92-523-j24-1", "route_id": "6.TA.92-523-j24-1.12.H", "mode": "bus", "line_name": "523"}, {"line_id": "92-523-j24-1", "route_id": "56.TA.92-523-j24-1.16.R", "mode": "bus", "line_name": "523"}, {"line_id": "92-523-j24-1", "route_id": "49.TA.92-523-j24-1.15.R", "mode": "bus", "line_name": "523"}, {"line_id": "92-523-j24-1", "route_id": "40.TA.92-523-j24-1.14.R", "mode": "bus", "line_name": "523"}], "predominant_mode": "bus", "assigned_canton": "Schwyz", "modes_list": ["bus"]}, "geometry": {"type": "Point", "coordinates": [8.591811349823478, 47.05700071265518]}}, {"id": "25930", "type": "Feature", "properties": {"name": "Steinerberg, Diezigen", "lon": 8.581211221166297, "lat": 47.053548932782036, "stop_id": ["8591764.link:1440500", "8591764.link:1440501"], "lines": [{"line_id": "92-523-j24-1", "route_id": "14.TA.92-523-j24-1.12.H", "mode": "bus", "line_name": "523"}, {"line_id": "92-523-j24-1", "route_id": "6.TA.92-523-j24-1.12.H", "mode": "bus", "line_name": "523"}, {"line_id": "92-523-j24-1", "route_id": "56.TA.92-523-j24-1.16.R", "mode": "bus", "line_name": "523"}, {"line_id": "92-523-j24-1", "route_id": "49.TA.92-523-j24-1.15.R", "mode": "bus", "line_name": "523"}, {"line_id": "92-523-j24-1", "route_id": "40.TA.92-523-j24-1.14.R", "mode": "bus", "line_name": "523"}], "predominant_mode": "bus", "assigned_canton": "Schwyz", "modes_list": ["bus"]}, "geometry": {"type": "Point", "coordinates": [8.581211229694272, 47.05354894282319]}}, {"id": "25931", "type": "Feature", "properties": {"name": "Steinerberg, Husmatt", "lon": 8.586619081233115, "lat": 47.05548293269721, "stop_id": ["8591762.link:591000", "8591762.link:591001"], "lines": [{"line_id": "92-523-j24-1", "route_id": "14.TA.92-523-j24-1.12.H", "mode": "bus", "line_name": "523"}, {"line_id": "92-523-j24-1", "route_id": "6.TA.92-523-j24-1.12.H", "mode": "bus", "line_name": "523"}, {"line_id": "92-523-j24-1", "route_id": "56.TA.92-523-j24-1.16.R", "mode": "bus", "line_name": "523"}, {"line_id": "92-523-j24-1", "route_id": "49.TA.92-523-j24-1.15.R", "mode": "bus", "line_name": "523"}, {"line_id": "92-523-j24-1", "route_id": "40.TA.92-523-j24-1.14.R", "mode": "bus", "line_name": "523"}], "predominant_mode": "bus", "assigned_canton": "Schwyz", "modes_list": ["bus"]}, "geometry": {"type": "Point", "coordinates": [8.586619089765824, 47.055482942737555]}}, {"id": "25932", "type": "Feature", "properties": {"name": "Steinerberg, St. Anna", "lon": 8.584058881152316, "lat": 47.053065422737234, "stop_id": ["8591765.link:590990", "8591765.link:590991"], "lines": [{"line_id": "92-523-j24-1", "route_id": "14.TA.92-523-j24-1.12.H", "mode": "bus", "line_name": "523"}, {"line_id": "92-523-j24-1", "route_id": "6.TA.92-523-j24-1.12.H", "mode": "bus", "line_name": "523"}, {"line_id": "92-523-j24-1", "route_id": "56.TA.92-523-j24-1.16.R", "mode": "bus", "line_name": "523"}, {"line_id": "92-523-j24-1", "route_id": "49.TA.92-523-j24-1.15.R", "mode": "bus", "line_name": "523"}, {"line_id": "92-523-j24-1", "route_id": "40.TA.92-523-j24-1.14.R", "mode": "bus", "line_name": "523"}], "predominant_mode": "bus", "assigned_canton": "Schwyz", "modes_list": ["bus"]}, "geometry": {"type": "Point", "coordinates": [8.584058889683229, 47.053065432777444]}}, {"id": "26047", "type": "Feature", "properties": {"name": "Stoos (Klingenstockbahn)", "lon": 8.67147393858823, "lat": 46.972870711357196, "stop_id": ["8530840.link:pt_8530840"], "lines": [{"line_id": "93-257-9-j24-1", "route_id": "1646.TA.93-257-9-j24-1.2.R", "mode": "cable car", "line_name": "2579"}, {"line_id": "93-257-9-j24-1", "route_id": "442.TA.93-257-9-j24-1.1.H", "mode": "cable car", "line_name": "2579"}], "predominant_mode": "cable car", "assigned_canton": "Schwyz", "modes_list": ["cable car"]}, "geometry": {"type": "Point", "coordinates": [8.67147394722841, 46.97287072134222]}}, {"id": "26048", "type": "Feature", "properties": {"name": "Stoos Bergstat. (Luftseilb)", "lon": 8.66416165888739, "lat": 46.982180771473, "stop_id": ["8530393.link:pt_8530393"], "lines": [{"line_id": "93-258-0-j24-1", "route_id": "52.TA.93-258-0-j24-1.2.R", "mode": "cable car", "line_name": "2580"}, {"line_id": "93-258-0-j24-1", "route_id": "29.TA.93-258-0-j24-1.1.H", "mode": "cable car", "line_name": "2580"}], "predominant_mode": "cable car", "assigned_canton": "Schwyz", "modes_list": ["cable car"]}, "geometry": {"type": "Point", "coordinates": [8.664161667517675, 46.982180781463626]}}, {"id": "26049", "type": "Feature", "properties": {"name": "Stoos SZ", "lon": 8.667674068753202, "lat": 46.97800095141741, "stop_id": ["8505091.link:1463550", "8505091.link:1463551"], "lines": [{"line_id": "93-257-7-j24-1", "route_id": "82.TA.93-257-7-j24-1.2.R", "mode": "funicular", "line_name": "2577"}, {"line_id": "93-257-7-j24-1", "route_id": "64.TA.93-257-7-j24-1.2.R", "mode": "funicular", "line_name": "2577"}, {"line_id": "93-257-7-j24-1", "route_id": "32.TA.93-257-7-j24-1.1.H", "mode": "funicular", "line_name": "2577"}, {"line_id": "93-257-7-j24-1", "route_id": "42.TA.93-257-7-j24-1.1.H", "mode": "funicular", "line_name": "2577"}], "predominant_mode": "funicular", "assigned_canton": "Schwyz", "modes_list": ["funicular"]}, "geometry": {"type": "Point", "coordinates": [8.667674077388156, 46.978000961405485]}}, {"id": "26050", "type": "Feature", "properties": {"name": "Stoos(Sesselbahn Fronalpstock)", "lon": 8.662616548835429, "lat": 46.98061797149713, "stop_id": ["8530391.link:pt_8530391"], "lines": [{"line_id": "93-257-8-j24-1", "route_id": "1293.TA.93-257-8-j24-1.2.R", "mode": "cable car", "line_name": "2578"}, {"line_id": "93-257-8-j24-1", "route_id": "374.TA.93-257-8-j24-1.1.H", "mode": "cable car", "line_name": "2578"}], "predominant_mode": "cable car", "assigned_canton": "Schwyz", "modes_list": ["cable car"]}, "geometry": {"type": "Point", "coordinates": [8.662616557464665, 46.98061798148769]}}, {"id": "26091", "type": "Feature", "properties": {"name": "Studen SZ, Adelmatt", "lon": 8.841992151909286, "lat": 47.071441838686, "stop_id": ["8573784.link:184634", "8573784.link:184635"], "lines": [{"line_id": "96-244-5-j24-1", "route_id": "41.TA.96-244-5-j24-1.7.H", "mode": "bus", "line_name": "553"}, {"line_id": "96-244-5-j24-1", "route_id": "74.TA.96-244-5-j24-1.18.R", "mode": "bus", "line_name": "553"}], "predominant_mode": "bus", "assigned_canton": "Schwyz", "modes_list": ["bus"]}, "geometry": {"type": "Point", "coordinates": [8.841992160685106, 47.071441848657685]}}, {"id": "26092", "type": "Feature", "properties": {"name": "Studen SZ, D\u00f6rfli", "lon": 8.836494462003552, "lat": 47.07441524877258, "stop_id": ["8503742.link:456059", "8503742.link:456060"], "lines": [{"line_id": "96-244-5-j24-1", "route_id": "41.TA.96-244-5-j24-1.7.H", "mode": "bus", "line_name": "553"}, {"line_id": "96-244-5-j24-1", "route_id": "22.TA.96-244-5-j24-1.6.H", "mode": "bus", "line_name": "553"}, {"line_id": "96-244-5-j24-1", "route_id": "74.TA.96-244-5-j24-1.18.R", "mode": "bus", "line_name": "553"}, {"line_id": "96-244-5-j24-1", "route_id": "59.TA.96-244-5-j24-1.17.R", "mode": "bus", "line_name": "553"}], "predominant_mode": "bus", "assigned_canton": "Schwyz", "modes_list": ["bus"]}, "geometry": {"type": "Point", "coordinates": [8.836494470773179, 47.07441525874696]}}, {"id": "26093", "type": "Feature", "properties": {"name": "Studen SZ, Ochsenboden", "lon": 8.84952003166221, "lat": 47.0637628185672, "stop_id": ["8503743.link:1889225", "8503743.link:437767"], "lines": [{"line_id": "96-244-5-j24-1", "route_id": "41.TA.96-244-5-j24-1.7.H", "mode": "bus", "line_name": "553"}, {"line_id": "96-244-5-j24-1", "route_id": "74.TA.96-244-5-j24-1.18.R", "mode": "bus", "line_name": "553"}], "predominant_mode": "bus", "assigned_canton": "Schwyz", "modes_list": ["bus"]}, "geometry": {"type": "Point", "coordinates": [8.849520040447613, 47.063762828533875]}}, {"id": "26979", "type": "Feature", "properties": {"name": "Trachslau, Kirche", "lon": 8.727924072799448, "lat": 47.100630370480296, "stop_id": ["8503723.link:1442778", "8503723.link:1442779"], "lines": [{"line_id": "96-243-8-j24-1", "route_id": "1.TA.96-243-8-j24-1.1.H", "mode": "bus", "line_name": "572"}, {"line_id": "96-244-1-j24-1", "route_id": "14.TA.96-244-1-j24-1.3.H", "mode": "bus", "line_name": "554"}, {"line_id": "96-244-1-j24-1", "route_id": "22.TA.96-244-1-j24-1.4.H", "mode": "bus", "line_name": "554"}, {"line_id": "96-243-8-j24-1", "route_id": "5.TA.96-243-8-j24-1.2.R", "mode": "bus", "line_name": "572"}, {"line_id": "96-244-1-j24-1", "route_id": "29.TA.96-244-1-j24-1.5.R", "mode": "bus", "line_name": "554"}, {"line_id": "96-244-1-j24-1", "route_id": "45.TA.96-244-1-j24-1.6.R", "mode": "bus", "line_name": "554"}], "predominant_mode": "bus", "assigned_canton": "Schwyz", "modes_list": ["bus"]}, "geometry": {"type": "Point", "coordinates": [8.727924081456358, 47.10063038049613]}}, {"id": "26980", "type": "Feature", "properties": {"name": "Trachslau, alte Post", "lon": 8.732873793049052, "lat": 47.10815734040295, "stop_id": ["8503722.link:1648101", "8503722.link:1648102"], "lines": [{"line_id": "96-244-1-j24-1", "route_id": "14.TA.96-244-1-j24-1.3.H", "mode": "bus", "line_name": "554"}, {"line_id": "96-244-1-j24-1", "route_id": "22.TA.96-244-1-j24-1.4.H", "mode": "bus", "line_name": "554"}, {"line_id": "96-244-1-j24-1", "route_id": "29.TA.96-244-1-j24-1.5.R", "mode": "bus", "line_name": "554"}, {"line_id": "96-244-1-j24-1", "route_id": "45.TA.96-244-1-j24-1.6.R", "mode": "bus", "line_name": "554"}], "predominant_mode": "bus", "assigned_canton": "Schwyz", "modes_list": ["bus"]}, "geometry": {"type": "Point", "coordinates": [8.732873801708463, 47.10815735042004]}}, {"id": "26981", "type": "Feature", "properties": {"name": "Trachslau, alte S\u00e4ge", "lon": 8.726163382586794, "lat": 47.0941725905076, "stop_id": ["8573759.link:1442511", "8573759.link:1442512"], "lines": [{"line_id": "96-244-1-j24-1", "route_id": "14.TA.96-244-1-j24-1.3.H", "mode": "bus", "line_name": "554"}, {"line_id": "96-244-1-j24-1", "route_id": "22.TA.96-244-1-j24-1.4.H", "mode": "bus", "line_name": "554"}, {"line_id": "96-244-1-j24-1", "route_id": "29.TA.96-244-1-j24-1.5.R", "mode": "bus", "line_name": "554"}, {"line_id": "96-244-1-j24-1", "route_id": "45.TA.96-244-1-j24-1.6.R", "mode": "bus", "line_name": "554"}], "predominant_mode": "bus", "assigned_canton": "Schwyz", "modes_list": ["bus"]}, "geometry": {"type": "Point", "coordinates": [8.726163391243958, 47.09417260052156]}}, {"id": "26982", "type": "Feature", "properties": {"name": "Trachslau, altes Schulhaus", "lon": 8.730214782928222, "lat": 47.10451933044457, "stop_id": ["8573758.link:1648086", "8573758.link:1648087"], "lines": [{"line_id": "96-244-1-j24-1", "route_id": "14.TA.96-244-1-j24-1.3.H", "mode": "bus", "line_name": "554"}, {"line_id": "96-244-1-j24-1", "route_id": "22.TA.96-244-1-j24-1.4.H", "mode": "bus", "line_name": "554"}, {"line_id": "96-244-1-j24-1", "route_id": "29.TA.96-244-1-j24-1.5.R", "mode": "bus", "line_name": "554"}, {"line_id": "96-244-1-j24-1", "route_id": "45.TA.96-244-1-j24-1.6.R", "mode": "bus", "line_name": "554"}], "predominant_mode": "bus", "assigned_canton": "Schwyz", "modes_list": ["bus"]}, "geometry": {"type": "Point", "coordinates": [8.730214791586171, 47.104519340461124]}}, {"id": "27234", "type": "Feature", "properties": {"name": "Tuggen, Egg", "lon": 8.933853875907698, "lat": 47.19186046724798, "stop_id": ["8573821.link:1501550", "8573821.link:1501551"], "lines": [{"line_id": "96-240-3-j24-1", "route_id": "491.TA.96-240-3-j24-1.27.R", "mode": "bus", "line_name": "521"}, {"line_id": "96-240-3-j24-1", "route_id": "481.TA.96-240-3-j24-1.26.R", "mode": "bus", "line_name": "521"}, {"line_id": "96-240-3-j24-1", "route_id": "369.TA.96-240-3-j24-1.24.R", "mode": "bus", "line_name": "521"}, {"line_id": "96-240-3-j24-1", "route_id": "111.TA.96-240-3-j24-1.19.H", "mode": "bus", "line_name": "521"}, {"line_id": "96-240-3-j24-1", "route_id": "236.TA.96-240-3-j24-1.22.H", "mode": "bus", "line_name": "521"}], "predominant_mode": "bus", "assigned_canton": "Schwyz", "modes_list": ["bus"]}, "geometry": {"type": "Point", "coordinates": [8.933853884733688, 47.19186047723477]}}, {"id": "27235", "type": "Feature", "properties": {"name": "Tuggen, Gallusplatz", "lon": 8.941282946279077, "lat": 47.20304265713153, "stop_id": ["8506489.link:1560392", "8506489.link:1560393"], "lines": [{"line_id": "96-240-3-j24-1", "route_id": "491.TA.96-240-3-j24-1.27.R", "mode": "bus", "line_name": "521"}, {"line_id": "96-240-3-j24-1", "route_id": "481.TA.96-240-3-j24-1.26.R", "mode": "bus", "line_name": "521"}, {"line_id": "96-240-3-j24-1", "route_id": "369.TA.96-240-3-j24-1.24.R", "mode": "bus", "line_name": "521"}, {"line_id": "96-240-3-j24-1", "route_id": "111.TA.96-240-3-j24-1.19.H", "mode": "bus", "line_name": "521"}, {"line_id": "96-240-3-j24-1", "route_id": "236.TA.96-240-3-j24-1.22.H", "mode": "bus", "line_name": "521"}], "predominant_mode": "bus", "assigned_canton": "Schwyz", "modes_list": ["bus"]}, "geometry": {"type": "Point", "coordinates": [8.941282955108568, 47.203042667119924]}}, {"id": "27236", "type": "Feature", "properties": {"name": "Tuggen, Grynau", "lon": 8.970082936729732, "lat": 47.21630320667912, "stop_id": ["8506738.link:1787975", "8506738.link:1787976"], "lines": [{"line_id": "96-240-3-j24-1", "route_id": "491.TA.96-240-3-j24-1.27.R", "mode": "bus", "line_name": "521"}, {"line_id": "96-240-3-j24-1", "route_id": "481.TA.96-240-3-j24-1.26.R", "mode": "bus", "line_name": "521"}, {"line_id": "96-240-3-j24-1", "route_id": "369.TA.96-240-3-j24-1.24.R", "mode": "bus", "line_name": "521"}, {"line_id": "96-240-3-j24-1", "route_id": "111.TA.96-240-3-j24-1.19.H", "mode": "bus", "line_name": "521"}, {"line_id": "96-240-3-j24-1", "route_id": "236.TA.96-240-3-j24-1.22.H", "mode": "bus", "line_name": "521"}], "predominant_mode": "bus", "assigned_canton": "Schwyz", "modes_list": ["bus"]}, "geometry": {"type": "Point", "coordinates": [8.970082945582245, 47.21630321666334]}}, {"id": "27237", "type": "Feature", "properties": {"name": "Tuggen, Holeneich", "lon": 8.917549455893427, "lat": 47.191683437504295, "stop_id": ["8506484.link:1872999", "8506484.link:1873000"], "lines": [{"line_id": "96-240-3-j24-1", "route_id": "491.TA.96-240-3-j24-1.27.R", "mode": "bus", "line_name": "521"}, {"line_id": "96-240-3-j24-1", "route_id": "481.TA.96-240-3-j24-1.26.R", "mode": "bus", "line_name": "521"}, {"line_id": "96-240-3-j24-1", "route_id": "369.TA.96-240-3-j24-1.24.R", "mode": "bus", "line_name": "521"}, {"line_id": "96-240-3-j24-1", "route_id": "111.TA.96-240-3-j24-1.19.H", "mode": "bus", "line_name": "521"}, {"line_id": "96-240-3-j24-1", "route_id": "236.TA.96-240-3-j24-1.22.H", "mode": "bus", "line_name": "521"}], "predominant_mode": "bus", "assigned_canton": "Schwyz", "modes_list": ["bus"]}, "geometry": {"type": "Point", "coordinates": [8.917549464704, 47.191683447495954]}}, {"id": "27238", "type": "Feature", "properties": {"name": "Tuggen, Kapellhof", "lon": 8.955224796415601, "lat": 47.2069790669125, "stop_id": ["8574436.link:1041836", "8574436.link:1041837"], "lines": [{"line_id": "96-240-3-j24-1", "route_id": "491.TA.96-240-3-j24-1.27.R", "mode": "bus", "line_name": "521"}, {"line_id": "96-240-3-j24-1", "route_id": "481.TA.96-240-3-j24-1.26.R", "mode": "bus", "line_name": "521"}, {"line_id": "96-242-6-j24-1", "route_id": "4.TA.96-242-6-j24-1.2.R", "mode": "bus", "line_name": "520"}, {"line_id": "96-240-3-j24-1", "route_id": "369.TA.96-240-3-j24-1.24.R", "mode": "bus", "line_name": "521"}, {"line_id": "96-242-6-j24-1", "route_id": "2.TA.96-242-6-j24-1.1.H", "mode": "bus", "line_name": "520"}, {"line_id": "96-240-3-j24-1", "route_id": "111.TA.96-240-3-j24-1.19.H", "mode": "bus", "line_name": "521"}, {"line_id": "96-240-3-j24-1", "route_id": "236.TA.96-240-3-j24-1.22.H", "mode": "bus", "line_name": "521"}], "predominant_mode": "bus", "assigned_canton": "Schwyz", "modes_list": ["bus"]}, "geometry": {"type": "Point", "coordinates": [8.955224805257041, 47.20697907689805]}}, {"id": "27239", "type": "Feature", "properties": {"name": "Tuggen, Kesmalon", "lon": 8.94207345614725, "lat": 47.19902051711902, "stop_id": ["8579769.link:1783900", "8579769.link:1783901"], "lines": [{"line_id": "96-242-6-j24-1", "route_id": "2.TA.96-242-6-j24-1.1.H", "mode": "bus", "line_name": "520"}, {"line_id": "96-242-6-j24-1", "route_id": "4.TA.96-242-6-j24-1.2.R", "mode": "bus", "line_name": "520"}], "predominant_mode": "bus", "assigned_canton": "Schwyz", "modes_list": ["bus"]}, "geometry": {"type": "Point", "coordinates": [8.942073464978764, 47.199020527105816]}}, {"id": "27240", "type": "Feature", "properties": {"name": "Tuggen, Linthhof", "lon": 8.945226546292728, "lat": 47.20339664706955, "stop_id": ["8503748.link:1252583", "8503748.link:1252584"], "lines": [{"line_id": "96-240-3-j24-1", "route_id": "491.TA.96-240-3-j24-1.27.R", "mode": "bus", "line_name": "521"}, {"line_id": "96-240-3-j24-1", "route_id": "481.TA.96-240-3-j24-1.26.R", "mode": "bus", "line_name": "521"}, {"line_id": "96-242-6-j24-1", "route_id": "4.TA.96-242-6-j24-1.2.R", "mode": "bus", "line_name": "520"}, {"line_id": "96-240-3-j24-1", "route_id": "369.TA.96-240-3-j24-1.24.R", "mode": "bus", "line_name": "521"}, {"line_id": "96-242-6-j24-1", "route_id": "2.TA.96-242-6-j24-1.1.H", "mode": "bus", "line_name": "520"}, {"line_id": "96-240-3-j24-1", "route_id": "111.TA.96-240-3-j24-1.19.H", "mode": "bus", "line_name": "521"}, {"line_id": "96-240-3-j24-1", "route_id": "236.TA.96-240-3-j24-1.22.H", "mode": "bus", "line_name": "521"}], "predominant_mode": "bus", "assigned_canton": "Schwyz", "modes_list": ["bus"]}, "geometry": {"type": "Point", "coordinates": [8.94522655512584, 47.20339665705689]}}, {"id": "27241", "type": "Feature", "properties": {"name": "Tuggen, M\u00fchlenen", "lon": 8.943384995686703, "lat": 47.18498639709795, "stop_id": ["8579801.link:1536706", "8579801.link:1536707"], "lines": [{"line_id": "96-242-6-j24-1", "route_id": "2.TA.96-242-6-j24-1.1.H", "mode": "bus", "line_name": "520"}, {"line_id": "96-242-6-j24-1", "route_id": "4.TA.96-242-6-j24-1.2.R", "mode": "bus", "line_name": "520"}], "predominant_mode": "bus", "assigned_canton": "Schwyz", "modes_list": ["bus"]}, "geometry": {"type": "Point", "coordinates": [8.94338500452391, 47.184986407079506]}}, {"id": "27242", "type": "Feature", "properties": {"name": "Tuggen, Obstlager", "lon": 8.938704776137886, "lat": 47.198788577171925, "stop_id": ["8573822.link:1501532", "8573822.link:1501533"], "lines": [{"line_id": "96-240-3-j24-1", "route_id": "491.TA.96-240-3-j24-1.27.R", "mode": "bus", "line_name": "521"}, {"line_id": "96-240-3-j24-1", "route_id": "481.TA.96-240-3-j24-1.26.R", "mode": "bus", "line_name": "521"}, {"line_id": "96-240-3-j24-1", "route_id": "369.TA.96-240-3-j24-1.24.R", "mode": "bus", "line_name": "521"}, {"line_id": "96-240-3-j24-1", "route_id": "111.TA.96-240-3-j24-1.19.H", "mode": "bus", "line_name": "521"}, {"line_id": "96-240-3-j24-1", "route_id": "236.TA.96-240-3-j24-1.22.H", "mode": "bus", "line_name": "521"}], "predominant_mode": "bus", "assigned_canton": "Schwyz", "modes_list": ["bus"]}, "geometry": {"type": "Point", "coordinates": [8.938704784966287, 47.198788587159626]}}, {"id": "27243", "type": "Feature", "properties": {"name": "Tuggen, R\u00fcschenzopf", "lon": 8.948990486314926, "lat": 47.204013057010386, "stop_id": ["8574435.link:51635", "8574435.link:51636"], "lines": [{"line_id": "96-240-3-j24-1", "route_id": "491.TA.96-240-3-j24-1.27.R", "mode": "bus", "line_name": "521"}, {"line_id": "96-240-3-j24-1", "route_id": "481.TA.96-240-3-j24-1.26.R", "mode": "bus", "line_name": "521"}, {"line_id": "96-242-6-j24-1", "route_id": "4.TA.96-242-6-j24-1.2.R", "mode": "bus", "line_name": "520"}, {"line_id": "96-240-3-j24-1", "route_id": "369.TA.96-240-3-j24-1.24.R", "mode": "bus", "line_name": "521"}, {"line_id": "96-242-6-j24-1", "route_id": "2.TA.96-242-6-j24-1.1.H", "mode": "bus", "line_name": "520"}, {"line_id": "96-240-3-j24-1", "route_id": "111.TA.96-240-3-j24-1.19.H", "mode": "bus", "line_name": "521"}, {"line_id": "96-240-3-j24-1", "route_id": "236.TA.96-240-3-j24-1.22.H", "mode": "bus", "line_name": "521"}], "predominant_mode": "bus", "assigned_canton": "Schwyz", "modes_list": ["bus"]}, "geometry": {"type": "Point", "coordinates": [8.94899049515141, 47.204013066996815]}}, {"id": "27244", "type": "Feature", "properties": {"name": "Tuggen, R\u00fcteli", "lon": 8.94426534585126, "lat": 47.18998025708427, "stop_id": ["8579749.link:1536726", "8579749.link:1536727"], "lines": [{"line_id": "96-242-6-j24-1", "route_id": "2.TA.96-242-6-j24-1.1.H", "mode": "bus", "line_name": "520"}, {"line_id": "96-242-6-j24-1", "route_id": "4.TA.96-242-6-j24-1.2.R", "mode": "bus", "line_name": "520"}], "predominant_mode": "bus", "assigned_canton": "Schwyz", "modes_list": ["bus"]}, "geometry": {"type": "Point", "coordinates": [8.944265354687717, 47.189980267067305]}}, {"id": "27245", "type": "Feature", "properties": {"name": "Tuggen, Schl\u00fcsselweg", "lon": 8.941381756225354, "lat": 47.20140698712992, "stop_id": ["8579770.link:1783896", "8579770.link:1783897"], "lines": [{"line_id": "96-242-6-j24-1", "route_id": "2.TA.96-242-6-j24-1.1.H", "mode": "bus", "line_name": "520"}, {"line_id": "96-242-6-j24-1", "route_id": "4.TA.96-242-6-j24-1.2.R", "mode": "bus", "line_name": "520"}], "predominant_mode": "bus", "assigned_canton": "Schwyz", "modes_list": ["bus"]}, "geometry": {"type": "Point", "coordinates": [8.941381765055459, 47.20140699711775]}}, {"id": "27565", "type": "Feature", "properties": {"name": "Unteriberg, Boden", "lon": 8.802286610837376, "lat": 47.039353949307674, "stop_id": ["8573787.link:30803", "8573787.link:30804"], "lines": [{"line_id": "96-244-4-j24-1", "route_id": "24.TA.96-244-4-j24-1.5.R", "mode": "bus", "line_name": "556"}, {"line_id": "96-244-4-j24-1", "route_id": "4.TA.96-244-4-j24-1.3.H", "mode": "bus", "line_name": "556"}, {"line_id": "96-244-4-j24-1", "route_id": "15.TA.96-244-4-j24-1.3.H", "mode": "bus", "line_name": "556"}, {"line_id": "96-244-4-j24-1", "route_id": "1.TA.96-244-4-j24-1.1.H", "mode": "bus", "line_name": "556"}], "predominant_mode": "bus", "assigned_canton": "Schwyz", "modes_list": ["bus"]}, "geometry": {"type": "Point", "coordinates": [8.802286619584748, 47.03935395927935]}}, {"id": "27566", "type": "Feature", "properties": {"name": "Unteriberg, Guggelstrasse", "lon": 8.79982523144225, "lat": 47.05789420934773, "stop_id": ["8503759.link:1168179", "8503759.link:293912", "8503759.link:293913", "8503759.link:293914", "8503759.link:455385", "8503759.link:455386"], "lines": [{"line_id": "92-555-B-j24-1", "route_id": "2.TA.92-555-B-j24-1.1.H", "mode": "bus", "line_name": "555"}, {"line_id": "96-244-3-j24-1", "route_id": "63.TA.96-244-3-j24-1.12.R", "mode": "bus", "line_name": "555"}, {"line_id": "96-244-3-j24-1", "route_id": "61.TA.96-244-3-j24-1.8.R", "mode": "bus", "line_name": "555"}, {"line_id": "96-244-3-j24-1", "route_id": "62.TA.96-244-3-j24-1.12.R", "mode": "bus", "line_name": "555"}, {"line_id": "96-244-3-j24-1", "route_id": "77.TA.96-244-3-j24-1.13.R", "mode": "bus", "line_name": "555"}, {"line_id": "96-244-3-j24-1", "route_id": "22.TA.96-244-3-j24-1.3.H", "mode": "bus", "line_name": "555"}, {"line_id": "96-244-3-j24-1", "route_id": "2.TA.96-244-3-j24-1.3.H", "mode": "bus", "line_name": "555"}, {"line_id": "96-244-3-j24-1", "route_id": "26.TA.96-244-3-j24-1.4.H", "mode": "bus", "line_name": "555"}, {"line_id": "96-244-3-j24-1", "route_id": "1.TA.96-244-3-j24-1.2.H", "mode": "bus", "line_name": "555"}, {"line_id": "96-244-3-j24-1", "route_id": "7.TA.96-244-3-j24-1.3.H", "mode": "bus", "line_name": "555"}, {"line_id": "96-244-3-j24-1", "route_id": "59.TA.96-244-3-j24-1.11.R", "mode": "bus", "line_name": "555"}, {"line_id": "96-244-4-j24-1", "route_id": "4.TA.96-244-4-j24-1.3.H", "mode": "bus", "line_name": "556"}, {"line_id": "96-244-4-j24-1", "route_id": "2.TA.96-244-4-j24-1.2.H", "mode": "bus", "line_name": "556"}, {"line_id": "96-244-4-j24-1", "route_id": "15.TA.96-244-4-j24-1.3.H", "mode": "bus", "line_name": "556"}, {"line_id": "92-555-B-j24-1", "route_id": "3.TA.92-555-B-j24-1.2.R", "mode": "bus", "line_name": "555"}, {"line_id": "96-244-4-j24-1", "route_id": "1.TA.96-244-4-j24-1.1.H", "mode": "bus", "line_name": "556"}, {"line_id": "96-244-3-j24-1", "route_id": "58.TA.96-244-3-j24-1.6.R", "mode": "bus", "line_name": "555"}, {"line_id": "96-244-4-j24-1", "route_id": "24.TA.96-244-4-j24-1.5.R", "mode": "bus", "line_name": "556"}], "predominant_mode": "bus", "assigned_canton": "Schwyz", "modes_list": ["bus"]}, "geometry": {"type": "Point", "coordinates": [8.799825240181619, 47.05789421932695]}}, {"id": "27567", "type": "Feature", "properties": {"name": "Unteriberg, Herti", "lon": 8.801954241407639, "lat": 47.05679873931421, "stop_id": ["8573785.link:1971861", "8573785.link:1971862"], "lines": [{"line_id": "96-244-4-j24-1", "route_id": "24.TA.96-244-4-j24-1.5.R", "mode": "bus", "line_name": "556"}, {"line_id": "96-244-4-j24-1", "route_id": "4.TA.96-244-4-j24-1.3.H", "mode": "bus", "line_name": "556"}, {"line_id": "96-244-4-j24-1", "route_id": "15.TA.96-244-4-j24-1.3.H", "mode": "bus", "line_name": "556"}, {"line_id": "96-244-4-j24-1", "route_id": "1.TA.96-244-4-j24-1.1.H", "mode": "bus", "line_name": "556"}], "predominant_mode": "bus", "assigned_canton": "Schwyz", "modes_list": ["bus"]}, "geometry": {"type": "Point", "coordinates": [8.801954250149391, 47.05679874929243]}}, {"id": "27568", "type": "Feature", "properties": {"name": "Unteriberg, Jessenenbr\u00fccke", "lon": 8.789162231332638, "lat": 47.05473014951502, "stop_id": ["8503746.link:1340426", "8503746.link:1340427"], "lines": [{"line_id": "96-244-3-j24-1", "route_id": "63.TA.96-244-3-j24-1.12.R", "mode": "bus", "line_name": "555"}, {"line_id": "96-244-3-j24-1", "route_id": "77.TA.96-244-3-j24-1.13.R", "mode": "bus", "line_name": "555"}, {"line_id": "92-555-B-j24-1", "route_id": "3.TA.92-555-B-j24-1.2.R", "mode": "bus", "line_name": "555"}, {"line_id": "96-244-3-j24-1", "route_id": "61.TA.96-244-3-j24-1.8.R", "mode": "bus", "line_name": "555"}, {"line_id": "96-244-3-j24-1", "route_id": "62.TA.96-244-3-j24-1.12.R", "mode": "bus", "line_name": "555"}, {"line_id": "96-244-3-j24-1", "route_id": "58.TA.96-244-3-j24-1.6.R", "mode": "bus", "line_name": "555"}, {"line_id": "92-555-B-j24-1", "route_id": "2.TA.92-555-B-j24-1.1.H", "mode": "bus", "line_name": "555"}, {"line_id": "96-244-3-j24-1", "route_id": "22.TA.96-244-3-j24-1.3.H", "mode": "bus", "line_name": "555"}, {"line_id": "96-244-3-j24-1", "route_id": "2.TA.96-244-3-j24-1.3.H", "mode": "bus", "line_name": "555"}, {"line_id": "96-244-3-j24-1", "route_id": "26.TA.96-244-3-j24-1.4.H", "mode": "bus", "line_name": "555"}, {"line_id": "96-244-3-j24-1", "route_id": "1.TA.96-244-3-j24-1.2.H", "mode": "bus", "line_name": "555"}, {"line_id": "96-244-3-j24-1", "route_id": "7.TA.96-244-3-j24-1.3.H", "mode": "bus", "line_name": "555"}], "predominant_mode": "bus", "assigned_canton": "Schwyz", "modes_list": ["bus"]}, "geometry": {"type": "Point", "coordinates": [8.789162240062677, 47.05473015949626]}}, {"id": "27569", "type": "Feature", "properties": {"name": "Unteriberg, Nidlau", "lon": 8.803535271588718, "lat": 47.062306439289735, "stop_id": ["8573778.link:1563654", "8573778.link:1563655"], "lines": [{"line_id": "96-244-3-j24-1", "route_id": "63.TA.96-244-3-j24-1.12.R", "mode": "bus", "line_name": "555"}, {"line_id": "96-244-4-j24-1", "route_id": "24.TA.96-244-4-j24-1.5.R", "mode": "bus", "line_name": "556"}, {"line_id": "96-244-3-j24-1", "route_id": "77.TA.96-244-3-j24-1.13.R", "mode": "bus", "line_name": "555"}, {"line_id": "96-244-3-j24-1", "route_id": "59.TA.96-244-3-j24-1.11.R", "mode": "bus", "line_name": "555"}, {"line_id": "96-244-3-j24-1", "route_id": "61.TA.96-244-3-j24-1.8.R", "mode": "bus", "line_name": "555"}, {"line_id": "96-244-3-j24-1", "route_id": "62.TA.96-244-3-j24-1.12.R", "mode": "bus", "line_name": "555"}, {"line_id": "96-244-4-j24-1", "route_id": "4.TA.96-244-4-j24-1.3.H", "mode": "bus", "line_name": "556"}, {"line_id": "96-244-4-j24-1", "route_id": "2.TA.96-244-4-j24-1.2.H", "mode": "bus", "line_name": "556"}, {"line_id": "96-244-4-j24-1", "route_id": "15.TA.96-244-4-j24-1.3.H", "mode": "bus", "line_name": "556"}, {"line_id": "96-244-3-j24-1", "route_id": "22.TA.96-244-3-j24-1.3.H", "mode": "bus", "line_name": "555"}, {"line_id": "96-244-3-j24-1", "route_id": "2.TA.96-244-3-j24-1.3.H", "mode": "bus", "line_name": "555"}, {"line_id": "96-244-3-j24-1", "route_id": "26.TA.96-244-3-j24-1.4.H", "mode": "bus", "line_name": "555"}, {"line_id": "96-244-3-j24-1", "route_id": "1.TA.96-244-3-j24-1.2.H", "mode": "bus", "line_name": "555"}, {"line_id": "96-244-3-j24-1", "route_id": "7.TA.96-244-3-j24-1.3.H", "mode": "bus", "line_name": "555"}], "predominant_mode": "bus", "assigned_canton": "Schwyz", "modes_list": ["bus"]}, "geometry": {"type": "Point", "coordinates": [8.803535280330324, 47.06230644926946]}}, {"id": "27570", "type": "Feature", "properties": {"name": "Unteriberg, Twingi", "lon": 8.805071390693675, "lat": 47.03490919926358, "stop_id": ["8573788.link:30789", "8573788.link:30790"], "lines": [{"line_id": "96-244-4-j24-1", "route_id": "24.TA.96-244-4-j24-1.5.R", "mode": "bus", "line_name": "556"}, {"line_id": "96-244-4-j24-1", "route_id": "4.TA.96-244-4-j24-1.3.H", "mode": "bus", "line_name": "556"}, {"line_id": "96-244-4-j24-1", "route_id": "15.TA.96-244-4-j24-1.3.H", "mode": "bus", "line_name": "556"}, {"line_id": "96-244-4-j24-1", "route_id": "1.TA.96-244-4-j24-1.1.H", "mode": "bus", "line_name": "556"}], "predominant_mode": "bus", "assigned_canton": "Schwyz", "modes_list": ["bus"]}, "geometry": {"type": "Point", "coordinates": [8.805071399445081, 47.034909209232815]}}, {"id": "27571", "type": "Feature", "properties": {"name": "Unteriberg, Waag", "lon": 8.800714561114473, "lat": 47.04785669933299, "stop_id": ["8503745.link:1639205", "8503745.link:1639206"], "lines": [{"line_id": "96-244-4-j24-1", "route_id": "24.TA.96-244-4-j24-1.5.R", "mode": "bus", "line_name": "556"}, {"line_id": "96-244-4-j24-1", "route_id": "4.TA.96-244-4-j24-1.3.H", "mode": "bus", "line_name": "556"}, {"line_id": "96-244-4-j24-1", "route_id": "15.TA.96-244-4-j24-1.3.H", "mode": "bus", "line_name": "556"}, {"line_id": "96-244-4-j24-1", "route_id": "1.TA.96-244-4-j24-1.1.H", "mode": "bus", "line_name": "556"}], "predominant_mode": "bus", "assigned_canton": "Schwyz", "modes_list": ["bus"]}, "geometry": {"type": "Point", "coordinates": [8.800714569857748, 47.047856709308256]}}, {"id": "27572", "type": "Feature", "properties": {"name": "Unteriberg, hint.Schmalzgruben", "lon": 8.804837831671344, "lat": 47.06480918926939, "stop_id": ["8573777.link:184622", "8573777.link:184623"], "lines": [{"line_id": "96-244-3-j24-1", "route_id": "63.TA.96-244-3-j24-1.12.R", "mode": "bus", "line_name": "555"}, {"line_id": "96-244-4-j24-1", "route_id": "24.TA.96-244-4-j24-1.5.R", "mode": "bus", "line_name": "556"}, {"line_id": "96-244-3-j24-1", "route_id": "77.TA.96-244-3-j24-1.13.R", "mode": "bus", "line_name": "555"}, {"line_id": "96-244-3-j24-1", "route_id": "59.TA.96-244-3-j24-1.11.R", "mode": "bus", "line_name": "555"}, {"line_id": "96-244-3-j24-1", "route_id": "61.TA.96-244-3-j24-1.8.R", "mode": "bus", "line_name": "555"}, {"line_id": "96-244-3-j24-1", "route_id": "62.TA.96-244-3-j24-1.12.R", "mode": "bus", "line_name": "555"}, {"line_id": "96-244-4-j24-1", "route_id": "4.TA.96-244-4-j24-1.3.H", "mode": "bus", "line_name": "556"}, {"line_id": "96-244-4-j24-1", "route_id": "2.TA.96-244-4-j24-1.2.H", "mode": "bus", "line_name": "556"}, {"line_id": "96-244-4-j24-1", "route_id": "15.TA.96-244-4-j24-1.3.H", "mode": "bus", "line_name": "556"}, {"line_id": "96-244-3-j24-1", "route_id": "22.TA.96-244-3-j24-1.3.H", "mode": "bus", "line_name": "555"}, {"line_id": "96-244-3-j24-1", "route_id": "2.TA.96-244-3-j24-1.3.H", "mode": "bus", "line_name": "555"}, {"line_id": "96-244-3-j24-1", "route_id": "26.TA.96-244-3-j24-1.4.H", "mode": "bus", "line_name": "555"}, {"line_id": "96-244-3-j24-1", "route_id": "1.TA.96-244-3-j24-1.2.H", "mode": "bus", "line_name": "555"}, {"line_id": "96-244-3-j24-1", "route_id": "7.TA.96-244-3-j24-1.3.H", "mode": "bus", "line_name": "555"}], "predominant_mode": "bus", "assigned_canton": "Schwyz", "modes_list": ["bus"]}, "geometry": {"type": "Point", "coordinates": [8.804837840413441, 47.0648091992497]}}, {"id": "27573", "type": "Feature", "properties": {"name": "Unteriberg, vord.Schmalzgruben", "lon": 8.807541761840877, "lat": 47.0699428392273, "stop_id": ["8573776.link:825371", "8573776.link:825372"], "lines": [{"line_id": "96-244-3-j24-1", "route_id": "63.TA.96-244-3-j24-1.12.R", "mode": "bus", "line_name": "555"}, {"line_id": "96-244-4-j24-1", "route_id": "24.TA.96-244-4-j24-1.5.R", "mode": "bus", "line_name": "556"}, {"line_id": "96-244-3-j24-1", "route_id": "77.TA.96-244-3-j24-1.13.R", "mode": "bus", "line_name": "555"}, {"line_id": "96-244-3-j24-1", "route_id": "59.TA.96-244-3-j24-1.11.R", "mode": "bus", "line_name": "555"}, {"line_id": "96-244-3-j24-1", "route_id": "61.TA.96-244-3-j24-1.8.R", "mode": "bus", "line_name": "555"}, {"line_id": "96-244-3-j24-1", "route_id": "62.TA.96-244-3-j24-1.12.R", "mode": "bus", "line_name": "555"}, {"line_id": "96-244-4-j24-1", "route_id": "4.TA.96-244-4-j24-1.3.H", "mode": "bus", "line_name": "556"}, {"line_id": "96-244-4-j24-1", "route_id": "2.TA.96-244-4-j24-1.2.H", "mode": "bus", "line_name": "556"}, {"line_id": "96-244-4-j24-1", "route_id": "15.TA.96-244-4-j24-1.3.H", "mode": "bus", "line_name": "556"}, {"line_id": "96-244-3-j24-1", "route_id": "22.TA.96-244-3-j24-1.3.H", "mode": "bus", "line_name": "555"}, {"line_id": "96-244-3-j24-1", "route_id": "2.TA.96-244-3-j24-1.3.H", "mode": "bus", "line_name": "555"}, {"line_id": "96-244-3-j24-1", "route_id": "26.TA.96-244-3-j24-1.4.H", "mode": "bus", "line_name": "555"}, {"line_id": "96-244-3-j24-1", "route_id": "1.TA.96-244-3-j24-1.2.H", "mode": "bus", "line_name": "555"}, {"line_id": "96-244-3-j24-1", "route_id": "7.TA.96-244-3-j24-1.3.H", "mode": "bus", "line_name": "555"}], "predominant_mode": "bus", "assigned_canton": "Schwyz", "modes_list": ["bus"]}, "geometry": {"type": "Point", "coordinates": [8.807541770584013, 47.06994284920861]}}, {"id": "28775", "type": "Feature", "properties": {"name": "Vorderthal, B\u00e4chweidstrasse", "lon": 8.901128243537679, "lat": 47.12017625775943, "stop_id": ["8573798.link:607459", "8573798.link:607460"], "lines": [{"line_id": "96-240-2-j24-1", "route_id": "59.TA.96-240-2-j24-1.6.R", "mode": "bus", "line_name": "523"}, {"line_id": "96-240-2-j24-1", "route_id": "20.TA.96-240-2-j24-1.5.H", "mode": "bus", "line_name": "523"}, {"line_id": "96-240-2-j24-1", "route_id": "36.TA.96-240-2-j24-1.5.H", "mode": "bus", "line_name": "523"}], "predominant_mode": "bus", "assigned_canton": "Schwyz", "modes_list": ["bus"]}, "geometry": {"type": "Point", "coordinates": [8.901128252355042, 47.12017626773099]}}, {"id": "28776", "type": "Feature", "properties": {"name": "Vorderthal, Einschnitt", "lon": 8.888102674010483, "lat": 47.1348080579649, "stop_id": ["8503625.link:263843", "8503625.link:263844"], "lines": [{"line_id": "96-240-2-j24-1", "route_id": "59.TA.96-240-2-j24-1.6.R", "mode": "bus", "line_name": "523"}, {"line_id": "96-240-2-j24-1", "route_id": "20.TA.96-240-2-j24-1.5.H", "mode": "bus", "line_name": "523"}, {"line_id": "96-240-2-j24-1", "route_id": "36.TA.96-240-2-j24-1.5.H", "mode": "bus", "line_name": "523"}], "predominant_mode": "bus", "assigned_canton": "Schwyz", "modes_list": ["bus"]}, "geometry": {"type": "Point", "coordinates": [8.88810268281087, 47.13480806794553]}}, {"id": "28777", "type": "Feature", "properties": {"name": "Vorderthal, Fl\u00fchb\u00f6deli", "lon": 8.89644802437637, "lat": 47.145825087834226, "stop_id": ["8503626.link:733771", "8503626.link:733772"], "lines": [{"line_id": "96-240-2-j24-1", "route_id": "59.TA.96-240-2-j24-1.6.R", "mode": "bus", "line_name": "523"}, {"line_id": "96-240-2-j24-1", "route_id": "20.TA.96-240-2-j24-1.5.H", "mode": "bus", "line_name": "523"}, {"line_id": "96-240-2-j24-1", "route_id": "36.TA.96-240-2-j24-1.5.H", "mode": "bus", "line_name": "523"}], "predominant_mode": "bus", "assigned_canton": "Schwyz", "modes_list": ["bus"]}, "geometry": {"type": "Point", "coordinates": [8.896448033181276, 47.14582509781622]}}, {"id": "28778", "type": "Feature", "properties": {"name": "Vorderthal, Gfell", "lon": 8.896762434660822, "lat": 47.15448801782968, "stop_id": ["8573796.link:573503", "8573796.link:573504"], "lines": [{"line_id": "96-240-2-j24-1", "route_id": "59.TA.96-240-2-j24-1.6.R", "mode": "bus", "line_name": "523"}, {"line_id": "96-240-2-j24-1", "route_id": "20.TA.96-240-2-j24-1.5.H", "mode": "bus", "line_name": "523"}, {"line_id": "96-240-2-j24-1", "route_id": "36.TA.96-240-2-j24-1.5.H", "mode": "bus", "line_name": "523"}], "predominant_mode": "bus", "assigned_canton": "Schwyz", "modes_list": ["bus"]}, "geometry": {"type": "Point", "coordinates": [8.896762443463318, 47.154488027814686]}}, {"id": "28779", "type": "Feature", "properties": {"name": "Vorderthal, Post", "lon": 8.898334483632578, "lat": 47.123116387803506, "stop_id": ["8503760.link:1197076", "8503760.link:1197077"], "lines": [{"line_id": "96-240-2-j24-1", "route_id": "59.TA.96-240-2-j24-1.6.R", "mode": "bus", "line_name": "523"}, {"line_id": "96-240-2-j24-1", "route_id": "20.TA.96-240-2-j24-1.5.H", "mode": "bus", "line_name": "523"}, {"line_id": "96-240-2-j24-1", "route_id": "36.TA.96-240-2-j24-1.5.H", "mode": "bus", "line_name": "523"}], "predominant_mode": "bus", "assigned_canton": "Schwyz", "modes_list": ["bus"]}, "geometry": {"type": "Point", "coordinates": [8.898334492446361, 47.12311639777693]}}, {"id": "28780", "type": "Feature", "properties": {"name": "Vorderthal, Rempen", "lon": 8.897957194144427, "lat": 47.138731187810215, "stop_id": ["8503628.link:607349", "8503628.link:607350"], "lines": [{"line_id": "96-240-2-j24-1", "route_id": "59.TA.96-240-2-j24-1.6.R", "mode": "bus", "line_name": "523"}, {"line_id": "96-240-2-j24-1", "route_id": "20.TA.96-240-2-j24-1.5.H", "mode": "bus", "line_name": "523"}, {"line_id": "96-240-2-j24-1", "route_id": "36.TA.96-240-2-j24-1.5.H", "mode": "bus", "line_name": "523"}], "predominant_mode": "bus", "assigned_canton": "Schwyz", "modes_list": ["bus"]}, "geometry": {"type": "Point", "coordinates": [8.897957202952986, 47.13873119778929]}}, {"id": "28781", "type": "Feature", "properties": {"name": "Vorderthal, Schweig", "lon": 8.904011843429398, "lat": 47.11682639771397, "stop_id": ["8503623.link:1813041", "8503623.link:1813042"], "lines": [{"line_id": "96-240-2-j24-1", "route_id": "59.TA.96-240-2-j24-1.6.R", "mode": "bus", "line_name": "523"}, {"line_id": "96-240-2-j24-1", "route_id": "20.TA.96-240-2-j24-1.5.H", "mode": "bus", "line_name": "523"}, {"line_id": "96-240-2-j24-1", "route_id": "36.TA.96-240-2-j24-1.5.H", "mode": "bus", "line_name": "523"}], "predominant_mode": "bus", "assigned_canton": "Schwyz", "modes_list": ["bus"]}, "geometry": {"type": "Point", "coordinates": [8.904011852250557, 47.11682640768348]}}, {"id": "28782", "type": "Feature", "properties": {"name": "Vorderthal, Schweizerhof", "lon": 8.892306793780246, "lat": 47.127718797898474, "stop_id": ["8573797.link:1058888", "8573797.link:1058889"], "lines": [{"line_id": "96-240-2-j24-1", "route_id": "59.TA.96-240-2-j24-1.6.R", "mode": "bus", "line_name": "523"}, {"line_id": "96-240-2-j24-1", "route_id": "20.TA.96-240-2-j24-1.5.H", "mode": "bus", "line_name": "523"}, {"line_id": "96-240-2-j24-1", "route_id": "36.TA.96-240-2-j24-1.5.H", "mode": "bus", "line_name": "523"}], "predominant_mode": "bus", "assigned_canton": "Schwyz", "modes_list": ["bus"]}, "geometry": {"type": "Point", "coordinates": [8.892306802586848, 47.12771880787537]}}, {"id": "28783", "type": "Feature", "properties": {"name": "Vorderthal, Sonne", "lon": 8.888713533854682, "lat": 47.130047357955085, "stop_id": ["8503624.link:1058894", "8503624.link:1058895"], "lines": [{"line_id": "96-240-2-j24-1", "route_id": "59.TA.96-240-2-j24-1.6.R", "mode": "bus", "line_name": "523"}, {"line_id": "96-240-2-j24-1", "route_id": "20.TA.96-240-2-j24-1.5.H", "mode": "bus", "line_name": "523"}, {"line_id": "96-240-2-j24-1", "route_id": "36.TA.96-240-2-j24-1.5.H", "mode": "bus", "line_name": "523"}], "predominant_mode": "bus", "assigned_canton": "Schwyz", "modes_list": ["bus"]}, "geometry": {"type": "Point", "coordinates": [8.888713542657129, 47.13004736793381]}}, {"id": "29297", "type": "Feature", "properties": {"name": "Wangen SZ, Brunnenhof", "lon": 8.890132865870571, "lat": 47.1914270479352, "stop_id": ["8574432.link:1161938", "8574432.link:1161939"], "lines": [{"line_id": "96-242-5-j24-1", "route_id": "58.TA.96-242-5-j24-1.8.H", "mode": "bus", "line_name": "525"}, {"line_id": "96-242-5-j24-1", "route_id": "91.TA.96-242-5-j24-1.9.H", "mode": "bus", "line_name": "525"}, {"line_id": "96-242-5-j24-1", "route_id": "2.TA.96-242-5-j24-1.13.H", "mode": "bus", "line_name": "525"}, {"line_id": "96-242-5-j24-1", "route_id": "103.TA.96-242-5-j24-1.9.H", "mode": "bus", "line_name": "525"}, {"line_id": "96-242-5-j24-1", "route_id": "138.TA.96-242-5-j24-1.15.R", "mode": "bus", "line_name": "525"}, {"line_id": "96-242-5-j24-1", "route_id": "198.TA.96-242-5-j24-1.11.R", "mode": "bus", "line_name": "525"}, {"line_id": "96-242-5-j24-1", "route_id": "258.TA.96-242-5-j24-1.12.R", "mode": "bus", "line_name": "525"}], "predominant_mode": "bus", "assigned_canton": "Schwyz", "modes_list": ["bus"]}, "geometry": {"type": "Point", "coordinates": [8.89013287465516, 47.19142705793499]}}, {"id": "29298", "type": "Feature", "properties": {"name": "Wangen SZ, G\u00e4tzibach", "lon": 8.874852525901936, "lat": 47.192629628175425, "stop_id": ["8574431.link:46883", "8574431.link:46884"], "lines": [{"line_id": "96-242-5-j24-1", "route_id": "58.TA.96-242-5-j24-1.8.H", "mode": "bus", "line_name": "525"}, {"line_id": "96-242-5-j24-1", "route_id": "91.TA.96-242-5-j24-1.9.H", "mode": "bus", "line_name": "525"}, {"line_id": "96-242-5-j24-1", "route_id": "103.TA.96-242-5-j24-1.9.H", "mode": "bus", "line_name": "525"}, {"line_id": "96-242-5-j24-1", "route_id": "138.TA.96-242-5-j24-1.15.R", "mode": "bus", "line_name": "525"}, {"line_id": "96-242-5-j24-1", "route_id": "198.TA.96-242-5-j24-1.11.R", "mode": "bus", "line_name": "525"}, {"line_id": "96-242-5-j24-1", "route_id": "258.TA.96-242-5-j24-1.12.R", "mode": "bus", "line_name": "525"}], "predominant_mode": "bus", "assigned_canton": "Schwyz", "modes_list": ["bus"]}, "geometry": {"type": "Point", "coordinates": [8.874852534671597, 47.1926296381802]}}, {"id": "29299", "type": "Feature", "properties": {"name": "Wangen SZ, Lochgasse", "lon": 8.902008595867626, "lat": 47.19114623774854, "stop_id": ["8574434.link:1784108", "8574434.link:1784109"], "lines": [{"line_id": "96-240-3-j24-1", "route_id": "491.TA.96-240-3-j24-1.27.R", "mode": "bus", "line_name": "521"}, {"line_id": "96-240-3-j24-1", "route_id": "481.TA.96-240-3-j24-1.26.R", "mode": "bus", "line_name": "521"}, {"line_id": "96-240-3-j24-1", "route_id": "369.TA.96-240-3-j24-1.24.R", "mode": "bus", "line_name": "521"}, {"line_id": "96-240-3-j24-1", "route_id": "111.TA.96-240-3-j24-1.19.H", "mode": "bus", "line_name": "521"}, {"line_id": "96-240-3-j24-1", "route_id": "236.TA.96-240-3-j24-1.22.H", "mode": "bus", "line_name": "521"}], "predominant_mode": "bus", "assigned_canton": "Schwyz", "modes_list": ["bus"]}, "geometry": {"type": "Point", "coordinates": [8.902008604663603, 47.19114624774464]}}, {"id": "29300", "type": "Feature", "properties": {"name": "Wangen SZ, L\u00f6wenfeld", "lon": 8.882658885883036, "lat": 47.19192761805271, "stop_id": ["8503715:0:A.link:1082810", "8503715:0:A.link:1745461", "8503715:0:B.link:1082811", "8503715:0:B.link:1745462", "8503715:0:C.link:1082810", "8503715:0:D.link:1082811"], "lines": [{"line_id": "96-242-5-j24-1", "route_id": "91.TA.96-242-5-j24-1.9.H", "mode": "bus", "line_name": "525"}, {"line_id": "96-242-5-j24-1", "route_id": "2.TA.96-242-5-j24-1.13.H", "mode": "bus", "line_name": "525"}, {"line_id": "96-242-5-j24-1", "route_id": "103.TA.96-242-5-j24-1.9.H", "mode": "bus", "line_name": "525"}, {"line_id": "96-242-5-j24-1", "route_id": "58.TA.96-242-5-j24-1.8.H", "mode": "bus", "line_name": "525"}, {"line_id": "96-242-5-j24-1", "route_id": "138.TA.96-242-5-j24-1.15.R", "mode": "bus", "line_name": "525"}, {"line_id": "96-242-5-j24-1", "route_id": "258.TA.96-242-5-j24-1.12.R", "mode": "bus", "line_name": "525"}, {"line_id": "96-242-5-j24-1", "route_id": "198.TA.96-242-5-j24-1.11.R", "mode": "bus", "line_name": "525"}, {"line_id": "96-242-5-j24-1", "route_id": "138.TA.96-242-5-j24-1.15.R", "mode": "bus", "line_name": "525"}, {"line_id": "96-242-5-j24-1", "route_id": "258.TA.96-242-5-j24-1.12.R", "mode": "bus", "line_name": "525"}, {"line_id": "96-242-5-j24-1", "route_id": "91.TA.96-242-5-j24-1.9.H", "mode": "bus", "line_name": "525"}, {"line_id": "96-242-5-j24-1", "route_id": "103.TA.96-242-5-j24-1.9.H", "mode": "bus", "line_name": "525"}], "predominant_mode": "bus", "assigned_canton": "Schwyz", "modes_list": ["bus"]}, "geometry": {"type": "Point", "coordinates": [8.882658894660352, 47.1919276280549]}}, {"id": "29301", "type": "Feature", "properties": {"name": "Wangen SZ, Zentrum", "lon": 8.89546886586896, "lat": 47.191292747851335, "stop_id": ["8574433.link:1766782", "8574433.link:200671"], "lines": [{"line_id": "96-240-3-j24-1", "route_id": "111.TA.96-240-3-j24-1.19.H", "mode": "bus", "line_name": "521"}, {"line_id": "96-240-3-j24-1", "route_id": "236.TA.96-240-3-j24-1.22.H", "mode": "bus", "line_name": "521"}, {"line_id": "96-242-5-j24-1", "route_id": "138.TA.96-242-5-j24-1.15.R", "mode": "bus", "line_name": "525"}, {"line_id": "96-242-5-j24-1", "route_id": "198.TA.96-242-5-j24-1.11.R", "mode": "bus", "line_name": "525"}, {"line_id": "96-242-5-j24-1", "route_id": "258.TA.96-242-5-j24-1.12.R", "mode": "bus", "line_name": "525"}], "predominant_mode": "bus", "assigned_canton": "Schwyz", "modes_list": ["bus"]}, "geometry": {"type": "Point", "coordinates": [8.89546887465867, 47.19129275784945]}}, {"id": "29302", "type": "Feature", "properties": {"name": "Wangen SZ, alte Post", "lon": 8.89696904580897, "lat": 47.189443047827694, "stop_id": ["8581892.link:872298", "8581892.link:872299"], "lines": [{"line_id": "96-242-5-j24-1", "route_id": "91.TA.96-242-5-j24-1.9.H", "mode": "bus", "line_name": "525"}, {"line_id": "96-240-3-j24-1", "route_id": "369.TA.96-240-3-j24-1.24.R", "mode": "bus", "line_name": "521"}, {"line_id": "96-242-5-j24-1", "route_id": "103.TA.96-242-5-j24-1.9.H", "mode": "bus", "line_name": "525"}, {"line_id": "96-240-3-j24-1", "route_id": "491.TA.96-240-3-j24-1.27.R", "mode": "bus", "line_name": "521"}, {"line_id": "96-240-3-j24-1", "route_id": "481.TA.96-240-3-j24-1.26.R", "mode": "bus", "line_name": "521"}, {"line_id": "96-242-5-j24-1", "route_id": "58.TA.96-242-5-j24-1.8.H", "mode": "bus", "line_name": "525"}, {"line_id": "96-242-5-j24-1", "route_id": "2.TA.96-242-5-j24-1.13.H", "mode": "bus", "line_name": "525"}, {"line_id": "96-242-5-j24-1", "route_id": "198.TA.96-242-5-j24-1.11.R", "mode": "bus", "line_name": "525"}, {"line_id": "96-242-5-j24-1", "route_id": "258.TA.96-242-5-j24-1.12.R", "mode": "bus", "line_name": "525"}, {"line_id": "96-242-5-j24-1", "route_id": "138.TA.96-242-5-j24-1.15.R", "mode": "bus", "line_name": "525"}, {"line_id": "96-240-3-j24-1", "route_id": "111.TA.96-240-3-j24-1.19.H", "mode": "bus", "line_name": "521"}, {"line_id": "96-240-3-j24-1", "route_id": "236.TA.96-240-3-j24-1.22.H", "mode": "bus", "line_name": "521"}], "predominant_mode": "bus", "assigned_canton": "Schwyz", "modes_list": ["bus"]}, "geometry": {"type": "Point", "coordinates": [8.896969054600694, 47.18944305782475]}}, {"id": "29964", "type": "Feature", "properties": {"name": "Wilen bei Wollerau", "lon": 8.734338055985797, "lat": 47.1975861403839, "stop_id": ["8503295.link:253487", "8503295.link:253488"], "lines": [{"line_id": "91-40-j24-1", "route_id": "389.TA.91-40-j24-1.51.R", "mode": "rail", "line_name": "S40"}, {"line_id": "91-40-j24-1", "route_id": "333.TA.91-40-j24-1.49.R", "mode": "rail", "line_name": "S40"}, {"line_id": "91-40-j24-1", "route_id": "291.TA.91-40-j24-1.155.R", "mode": "rail", "line_name": "S40"}, {"line_id": "91-40-j24-1", "route_id": "377.TA.91-40-j24-1.50.R", "mode": "rail", "line_name": "S40"}, {"line_id": "91-40-j24-1", "route_id": "369.TA.91-40-j24-1.50.R", "mode": "rail", "line_name": "S40"}, {"line_id": "91-40-j24-1", "route_id": "399.TA.91-40-j24-1.51.R", "mode": "rail", "line_name": "S40"}, {"line_id": "91-40-j24-1", "route_id": "468.TA.91-40-j24-1.156.R", "mode": "rail", "line_name": "S40"}, {"line_id": "91-40-j24-1", "route_id": "395.TA.91-40-j24-1.51.R", "mode": "rail", "line_name": "S40"}, {"line_id": "91-VAE-j24-1", "route_id": "414.TA.91-VAE-j24-1.93.H", "mode": "rail", "line_name": "VAE"}, {"line_id": "91-40-j24-1", "route_id": "279.TA.91-40-j24-1.80.R", "mode": "rail", "line_name": "S40"}, {"line_id": "91-40-j24-1", "route_id": "379.TA.91-40-j24-1.50.R", "mode": "rail", "line_name": "S40"}, {"line_id": "91-40-j24-1", "route_id": "203.TA.91-40-j24-1.24.H", "mode": "rail", "line_name": "S40"}, {"line_id": "91-40-j24-1", "route_id": "154.TA.91-40-j24-1.20.H", "mode": "rail", "line_name": "S40"}, {"line_id": "91-40-j24-1", "route_id": "52.TA.91-40-j24-1.13.H", "mode": "rail", "line_name": "S40"}, {"line_id": "91-40-j24-1", "route_id": "218.TA.91-40-j24-1.24.H", "mode": "rail", "line_name": "S40"}, {"line_id": "91-40-j24-1", "route_id": "216.TA.91-40-j24-1.24.H", "mode": "rail", "line_name": "S40"}, {"line_id": "91-VAE-j24-1", "route_id": "904.TA.91-VAE-j24-1.98.R", "mode": "rail", "line_name": "VAE"}, {"line_id": "91-40-j24-1", "route_id": "83.TA.91-40-j24-1.15.H", "mode": "rail", "line_name": "S40"}, {"line_id": "91-40-j24-1", "route_id": "158.TA.91-40-j24-1.20.H", "mode": "rail", "line_name": "S40"}, {"line_id": "91-40-j24-1", "route_id": "171.TA.91-40-j24-1.20.H", "mode": "rail", "line_name": "S40"}, {"line_id": "91-40-j24-1", "route_id": "34.TA.91-40-j24-1.147.H", "mode": "rail", "line_name": "S40"}, {"line_id": "91-40-j24-1", "route_id": "147.TA.91-40-j24-1.19.H", "mode": "rail", "line_name": "S40"}, {"line_id": "91-40-j24-1", "route_id": "223.TA.91-40-j24-1.28.H", "mode": "rail", "line_name": "S40"}, {"line_id": "91-40-j24-1", "route_id": "124.TA.91-40-j24-1.150.H", "mode": "rail", "line_name": "S40"}], "predominant_mode": "rail", "assigned_canton": "Schwyz", "modes_list": ["rail"]}, "geometry": {"type": "Point", "coordinates": [8.734338064619243, 47.197586150432016]}}, {"id": "29965", "type": "Feature", "properties": {"name": "Wilen bei Wollerau, Bahnhof", "lon": 8.73431110598259, "lat": 47.19748848038427, "stop_id": ["8581277.link:134512", "8581277.link:134513"], "lines": [{"line_id": "96-242-3-j24-1", "route_id": "23.TA.96-242-3-j24-1.1.H", "mode": "bus", "line_name": "180"}, {"line_id": "96-242-3-j24-1", "route_id": "36.TA.96-242-3-j24-1.2.H", "mode": "bus", "line_name": "180"}, {"line_id": "96-242-3-j24-1", "route_id": "62.TA.96-242-3-j24-1.3.H", "mode": "bus", "line_name": "180"}, {"line_id": "96-242-3-j24-1", "route_id": "115.TA.96-242-3-j24-1.10.R", "mode": "bus", "line_name": "180"}, {"line_id": "96-242-3-j24-1", "route_id": "102.TA.96-242-3-j24-1.6.R", "mode": "bus", "line_name": "180"}, {"line_id": "96-242-3-j24-1", "route_id": "157.TA.96-242-3-j24-1.9.R", "mode": "bus", "line_name": "180"}, {"line_id": "96-242-3-j24-1", "route_id": "112.TA.96-242-3-j24-1.7.R", "mode": "bus", "line_name": "180"}, {"line_id": "96-242-3-j24-1", "route_id": "78.TA.96-242-3-j24-1.4.R", "mode": "bus", "line_name": "180"}, {"line_id": "96-242-3-j24-1", "route_id": "154.TA.96-242-3-j24-1.8.R", "mode": "bus", "line_name": "180"}], "predominant_mode": "bus", "assigned_canton": "Schwyz", "modes_list": ["bus"]}, "geometry": {"type": "Point", "coordinates": [8.734311114616045, 47.19748849043237]}}, {"id": "29966", "type": "Feature", "properties": {"name": "Wilen bei Wollerau, Eulen", "lon": 8.742297126024209, "lat": 47.19861157025882, "stop_id": ["8581275.link:630244", "8581275.link:630245"], "lines": [{"line_id": "96-242-3-j24-1", "route_id": "23.TA.96-242-3-j24-1.1.H", "mode": "bus", "line_name": "180"}, {"line_id": "96-242-3-j24-1", "route_id": "36.TA.96-242-3-j24-1.2.H", "mode": "bus", "line_name": "180"}, {"line_id": "96-242-3-j24-1", "route_id": "62.TA.96-242-3-j24-1.3.H", "mode": "bus", "line_name": "180"}, {"line_id": "96-242-3-j24-1", "route_id": "115.TA.96-242-3-j24-1.10.R", "mode": "bus", "line_name": "180"}, {"line_id": "96-242-3-j24-1", "route_id": "102.TA.96-242-3-j24-1.6.R", "mode": "bus", "line_name": "180"}, {"line_id": "96-242-3-j24-1", "route_id": "157.TA.96-242-3-j24-1.9.R", "mode": "bus", "line_name": "180"}, {"line_id": "96-242-3-j24-1", "route_id": "112.TA.96-242-3-j24-1.7.R", "mode": "bus", "line_name": "180"}, {"line_id": "96-242-3-j24-1", "route_id": "78.TA.96-242-3-j24-1.4.R", "mode": "bus", "line_name": "180"}, {"line_id": "96-242-3-j24-1", "route_id": "154.TA.96-242-3-j24-1.8.R", "mode": "bus", "line_name": "180"}], "predominant_mode": "bus", "assigned_canton": "Schwyz", "modes_list": ["bus"]}, "geometry": {"type": "Point", "coordinates": [8.742297134665009, 47.19861158030494]}}, {"id": "29967", "type": "Feature", "properties": {"name": "Wilen bei Wollerau, Obereulen", "lon": 8.738533185982861, "lat": 47.197421340317945, "stop_id": ["8581276.link:630250", "8581276.link:630251"], "lines": [{"line_id": "96-242-3-j24-1", "route_id": "23.TA.96-242-3-j24-1.1.H", "mode": "bus", "line_name": "180"}, {"line_id": "96-242-3-j24-1", "route_id": "36.TA.96-242-3-j24-1.2.H", "mode": "bus", "line_name": "180"}, {"line_id": "96-242-3-j24-1", "route_id": "62.TA.96-242-3-j24-1.3.H", "mode": "bus", "line_name": "180"}, {"line_id": "96-242-3-j24-1", "route_id": "115.TA.96-242-3-j24-1.10.R", "mode": "bus", "line_name": "180"}, {"line_id": "96-242-3-j24-1", "route_id": "102.TA.96-242-3-j24-1.6.R", "mode": "bus", "line_name": "180"}, {"line_id": "96-242-3-j24-1", "route_id": "157.TA.96-242-3-j24-1.9.R", "mode": "bus", "line_name": "180"}, {"line_id": "96-242-3-j24-1", "route_id": "112.TA.96-242-3-j24-1.7.R", "mode": "bus", "line_name": "180"}, {"line_id": "96-242-3-j24-1", "route_id": "78.TA.96-242-3-j24-1.4.R", "mode": "bus", "line_name": "180"}, {"line_id": "96-242-3-j24-1", "route_id": "154.TA.96-242-3-j24-1.8.R", "mode": "bus", "line_name": "180"}], "predominant_mode": "bus", "assigned_canton": "Schwyz", "modes_list": ["bus"]}, "geometry": {"type": "Point", "coordinates": [8.738533194620404, 47.19742135036476]}}, {"id": "29968", "type": "Feature", "properties": {"name": "Wilen bei Wollerau, Schlyffi", "lon": 8.731220895974532, "lat": 47.197299270432836, "stop_id": ["8581278.link:1610336", "8581278.link:1610341"], "lines": [{"line_id": "96-242-3-j24-1", "route_id": "115.TA.96-242-3-j24-1.10.R", "mode": "bus", "line_name": "180"}, {"line_id": "96-242-3-j24-1", "route_id": "102.TA.96-242-3-j24-1.6.R", "mode": "bus", "line_name": "180"}, {"line_id": "96-242-3-j24-1", "route_id": "157.TA.96-242-3-j24-1.9.R", "mode": "bus", "line_name": "180"}, {"line_id": "96-242-3-j24-1", "route_id": "112.TA.96-242-3-j24-1.7.R", "mode": "bus", "line_name": "180"}, {"line_id": "96-242-3-j24-1", "route_id": "78.TA.96-242-3-j24-1.4.R", "mode": "bus", "line_name": "180"}, {"line_id": "92-N29-j24-1", "route_id": "1.TA.92-N29-j24-1.3.H", "mode": "bus", "line_name": "N29"}, {"line_id": "96-242-3-j24-1", "route_id": "154.TA.96-242-3-j24-1.8.R", "mode": "bus", "line_name": "180"}, {"line_id": "96-242-3-j24-1", "route_id": "23.TA.96-242-3-j24-1.1.H", "mode": "bus", "line_name": "180"}, {"line_id": "96-242-3-j24-1", "route_id": "36.TA.96-242-3-j24-1.2.H", "mode": "bus", "line_name": "180"}, {"line_id": "96-242-3-j24-1", "route_id": "62.TA.96-242-3-j24-1.3.H", "mode": "bus", "line_name": "180"}], "predominant_mode": "bus", "assigned_canton": "Schwyz", "modes_list": ["bus"]}, "geometry": {"type": "Point", "coordinates": [8.731220904605062, 47.19729928048175]}}, {"id": "30000", "type": "Feature", "properties": {"name": "Willerzell, Birchb\u00fchl", "lon": 8.792117684216443, "lat": 47.142702909473805, "stop_id": ["8573793.link:1444606", "8573793.link:1444607"], "lines": [{"line_id": "96-243-9-j24-1", "route_id": "4.TA.96-243-9-j24-1.3.H", "mode": "bus", "line_name": "570"}, {"line_id": "96-243-9-j24-1", "route_id": "9.TA.96-243-9-j24-1.7.R", "mode": "bus", "line_name": "570"}, {"line_id": "96-244-6-j24-1", "route_id": "29.TA.96-244-6-j24-1.3.H", "mode": "bus", "line_name": "552"}, {"line_id": "96-243-9-j24-1", "route_id": "7.TA.96-243-9-j24-1.5.R", "mode": "bus", "line_name": "570"}], "predominant_mode": "bus", "assigned_canton": "Schwyz", "modes_list": ["bus"]}, "geometry": {"type": "Point", "coordinates": [8.79211769292243, 47.142702919485735]}}, {"id": "30001", "type": "Feature", "properties": {"name": "Willerzell, Bodenmattli", "lon": 8.791345133892234, "lat": 47.13283415948546, "stop_id": ["8581746.link:1739987", "8581746.link:1739988", "8581746.link:1739995", "8581746.link:1739996"], "lines": [{"line_id": "96-243-9-j24-1", "route_id": "4.TA.96-243-9-j24-1.3.H", "mode": "bus", "line_name": "570"}, {"line_id": "96-243-9-j24-1", "route_id": "2.TA.96-243-9-j24-1.2.H", "mode": "bus", "line_name": "570"}, {"line_id": "96-243-9-j24-1", "route_id": "9.TA.96-243-9-j24-1.7.R", "mode": "bus", "line_name": "570"}, {"line_id": "96-244-6-j24-1", "route_id": "29.TA.96-244-6-j24-1.3.H", "mode": "bus", "line_name": "552"}, {"line_id": "96-243-9-j24-1", "route_id": "8.TA.96-243-9-j24-1.6.R", "mode": "bus", "line_name": "570"}, {"line_id": "96-244-6-j24-1", "route_id": "29.TA.96-244-6-j24-1.3.H", "mode": "bus", "line_name": "552"}, {"line_id": "96-244-5-j24-1", "route_id": "41.TA.96-244-5-j24-1.7.H", "mode": "bus", "line_name": "553"}, {"line_id": "96-244-5-j24-1", "route_id": "22.TA.96-244-5-j24-1.6.H", "mode": "bus", "line_name": "553"}, {"line_id": "96-244-5-j24-1", "route_id": "1.TA.96-244-5-j24-1.2.H", "mode": "bus", "line_name": "553"}, {"line_id": "96-244-5-j24-1", "route_id": "42.TA.96-244-5-j24-1.16.R", "mode": "bus", "line_name": "553"}, {"line_id": "96-244-5-j24-1", "route_id": "74.TA.96-244-5-j24-1.18.R", "mode": "bus", "line_name": "553"}, {"line_id": "96-244-5-j24-1", "route_id": "59.TA.96-244-5-j24-1.17.R", "mode": "bus", "line_name": "553"}], "predominant_mode": "bus", "assigned_canton": "Schwyz", "modes_list": ["bus"]}, "geometry": {"type": "Point", "coordinates": [8.791345142600523, 47.132834169494146]}}, {"id": "30002", "type": "Feature", "properties": {"name": "Willerzell, Dimmerbach", "lon": 8.794704833736793, "lat": 47.12803661943239, "stop_id": ["8583528.link:1612051"], "lines": [{"line_id": "96-244-6-j24-1", "route_id": "29.TA.96-244-6-j24-1.3.H", "mode": "bus", "line_name": "552"}], "predominant_mode": "bus", "assigned_canton": "Schwyz", "modes_list": ["bus"]}, "geometry": {"type": "Point", "coordinates": [8.794704842449786, 47.12803662943839]}}, {"id": "30003", "type": "Feature", "properties": {"name": "Willerzell, Erlen", "lon": 8.797274013409561, "lat": 47.118012319391546, "stop_id": ["8573782.link:826259", "8573782.link:826260"], "lines": [{"line_id": "96-244-5-j24-1", "route_id": "41.TA.96-244-5-j24-1.7.H", "mode": "bus", "line_name": "553"}, {"line_id": "96-243-9-j24-1", "route_id": "4.TA.96-243-9-j24-1.3.H", "mode": "bus", "line_name": "570"}, {"line_id": "96-243-9-j24-1", "route_id": "2.TA.96-243-9-j24-1.2.H", "mode": "bus", "line_name": "570"}, {"line_id": "96-243-9-j24-1", "route_id": "1.TA.96-243-9-j24-1.1.H", "mode": "bus", "line_name": "570"}, {"line_id": "96-244-5-j24-1", "route_id": "22.TA.96-244-5-j24-1.6.H", "mode": "bus", "line_name": "553"}, {"line_id": "96-243-9-j24-1", "route_id": "9.TA.96-243-9-j24-1.7.R", "mode": "bus", "line_name": "570"}, {"line_id": "96-243-9-j24-1", "route_id": "7.TA.96-243-9-j24-1.5.R", "mode": "bus", "line_name": "570"}, {"line_id": "96-244-5-j24-1", "route_id": "74.TA.96-244-5-j24-1.18.R", "mode": "bus", "line_name": "553"}, {"line_id": "96-243-9-j24-1", "route_id": "8.TA.96-243-9-j24-1.6.R", "mode": "bus", "line_name": "570"}, {"line_id": "96-244-5-j24-1", "route_id": "59.TA.96-244-5-j24-1.17.R", "mode": "bus", "line_name": "553"}, {"line_id": "96-243-9-j24-1", "route_id": "6.TA.96-243-9-j24-1.4.R", "mode": "bus", "line_name": "570"}], "predominant_mode": "bus", "assigned_canton": "Schwyz", "modes_list": ["bus"]}, "geometry": {"type": "Point", "coordinates": [8.797274022128105, 47.1180123293932]}}, {"id": "30004", "type": "Feature", "properties": {"name": "Willerzell, Gasse", "lon": 8.796160103797753, "lat": 47.129870129409625, "stop_id": ["8583529.link:674289"], "lines": [{"line_id": "96-244-6-j24-1", "route_id": "29.TA.96-244-6-j24-1.3.H", "mode": "bus", "line_name": "552"}], "predominant_mode": "bus", "assigned_canton": "Schwyz", "modes_list": ["bus"]}, "geometry": {"type": "Point", "coordinates": [8.796160112511581, 47.12987013941582]}}, {"id": "30005", "type": "Feature", "properties": {"name": "Willerzell, Gr\u00fcene Aff", "lon": 8.791875144104832, "lat": 47.13930557947744, "stop_id": ["8503734.link:1007572", "8503734.link:1007573"], "lines": [{"line_id": "96-243-9-j24-1", "route_id": "4.TA.96-243-9-j24-1.3.H", "mode": "bus", "line_name": "570"}, {"line_id": "96-243-9-j24-1", "route_id": "2.TA.96-243-9-j24-1.2.H", "mode": "bus", "line_name": "570"}, {"line_id": "96-243-9-j24-1", "route_id": "9.TA.96-243-9-j24-1.7.R", "mode": "bus", "line_name": "570"}, {"line_id": "96-244-6-j24-1", "route_id": "29.TA.96-244-6-j24-1.3.H", "mode": "bus", "line_name": "552"}, {"line_id": "96-243-9-j24-1", "route_id": "8.TA.96-243-9-j24-1.6.R", "mode": "bus", "line_name": "570"}], "predominant_mode": "bus", "assigned_canton": "Schwyz", "modes_list": ["bus"]}, "geometry": {"type": "Point", "coordinates": [8.791875152811636, 47.13930558948822]}}, {"id": "30006", "type": "Feature", "properties": {"name": "Willerzell, Kirche", "lon": 8.793537023796464, "lat": 47.12987623945085, "stop_id": ["8503737.link:1517401", "8503737.link:1517402", "8503737.link:1612053"], "lines": [{"line_id": "96-244-5-j24-1", "route_id": "41.TA.96-244-5-j24-1.7.H", "mode": "bus", "line_name": "553"}, {"line_id": "96-243-9-j24-1", "route_id": "4.TA.96-243-9-j24-1.3.H", "mode": "bus", "line_name": "570"}, {"line_id": "96-244-6-j24-1", "route_id": "29.TA.96-244-6-j24-1.3.H", "mode": "bus", "line_name": "552"}, {"line_id": "96-244-5-j24-1", "route_id": "1.TA.96-244-5-j24-1.2.H", "mode": "bus", "line_name": "553"}, {"line_id": "96-243-9-j24-1", "route_id": "2.TA.96-243-9-j24-1.2.H", "mode": "bus", "line_name": "570"}, {"line_id": "96-244-5-j24-1", "route_id": "22.TA.96-244-5-j24-1.6.H", "mode": "bus", "line_name": "553"}, {"line_id": "96-243-9-j24-1", "route_id": "9.TA.96-243-9-j24-1.7.R", "mode": "bus", "line_name": "570"}, {"line_id": "96-243-9-j24-1", "route_id": "7.TA.96-243-9-j24-1.5.R", "mode": "bus", "line_name": "570"}, {"line_id": "96-244-5-j24-1", "route_id": "74.TA.96-244-5-j24-1.18.R", "mode": "bus", "line_name": "553"}, {"line_id": "96-243-9-j24-1", "route_id": "8.TA.96-243-9-j24-1.6.R", "mode": "bus", "line_name": "570"}, {"line_id": "96-244-6-j24-1", "route_id": "29.TA.96-244-6-j24-1.3.H", "mode": "bus", "line_name": "552"}, {"line_id": "96-244-5-j24-1", "route_id": "59.TA.96-244-5-j24-1.17.R", "mode": "bus", "line_name": "553"}, {"line_id": "96-244-5-j24-1", "route_id": "42.TA.96-244-5-j24-1.16.R", "mode": "bus", "line_name": "553"}, {"line_id": "96-243-9-j24-1", "route_id": "6.TA.96-243-9-j24-1.4.R", "mode": "bus", "line_name": "570"}, {"line_id": "96-243-9-j24-1", "route_id": "1.TA.96-243-9-j24-1.1.H", "mode": "bus", "line_name": "570"}], "predominant_mode": "bus", "assigned_canton": "Schwyz", "modes_list": ["bus"]}, "geometry": {"type": "Point", "coordinates": [8.793537032507766, 47.12987624945783]}}, {"id": "30007", "type": "Feature", "properties": {"name": "Willerzell, Langen", "lon": 8.797291983562067, "lat": 47.1226640793915, "stop_id": ["8573781.link:826251", "8573781.link:826252"], "lines": [{"line_id": "96-244-5-j24-1", "route_id": "41.TA.96-244-5-j24-1.7.H", "mode": "bus", "line_name": "553"}, {"line_id": "96-243-9-j24-1", "route_id": "4.TA.96-243-9-j24-1.3.H", "mode": "bus", "line_name": "570"}, {"line_id": "96-243-9-j24-1", "route_id": "2.TA.96-243-9-j24-1.2.H", "mode": "bus", "line_name": "570"}, {"line_id": "96-243-9-j24-1", "route_id": "1.TA.96-243-9-j24-1.1.H", "mode": "bus", "line_name": "570"}, {"line_id": "96-244-5-j24-1", "route_id": "22.TA.96-244-5-j24-1.6.H", "mode": "bus", "line_name": "553"}, {"line_id": "96-243-9-j24-1", "route_id": "9.TA.96-243-9-j24-1.7.R", "mode": "bus", "line_name": "570"}, {"line_id": "96-243-9-j24-1", "route_id": "7.TA.96-243-9-j24-1.5.R", "mode": "bus", "line_name": "570"}, {"line_id": "96-244-5-j24-1", "route_id": "74.TA.96-244-5-j24-1.18.R", "mode": "bus", "line_name": "553"}, {"line_id": "96-243-9-j24-1", "route_id": "8.TA.96-243-9-j24-1.6.R", "mode": "bus", "line_name": "570"}, {"line_id": "96-244-5-j24-1", "route_id": "59.TA.96-244-5-j24-1.17.R", "mode": "bus", "line_name": "553"}, {"line_id": "96-243-9-j24-1", "route_id": "6.TA.96-243-9-j24-1.4.R", "mode": "bus", "line_name": "570"}], "predominant_mode": "bus", "assigned_canton": "Schwyz", "modes_list": ["bus"]}, "geometry": {"type": "Point", "coordinates": [8.797291992279202, 47.122664089394796]}}, {"id": "30008", "type": "Feature", "properties": {"name": "Willerzell, M\u00f6sli", "lon": 8.789611384344932, "lat": 47.14666211951331, "stop_id": ["8583224.link:1444598", "8583224.link:1444599"], "lines": [{"line_id": "96-243-9-j24-1", "route_id": "4.TA.96-243-9-j24-1.3.H", "mode": "bus", "line_name": "570"}, {"line_id": "96-243-9-j24-1", "route_id": "9.TA.96-243-9-j24-1.7.R", "mode": "bus", "line_name": "570"}, {"line_id": "96-244-6-j24-1", "route_id": "29.TA.96-244-6-j24-1.3.H", "mode": "bus", "line_name": "552"}], "predominant_mode": "bus", "assigned_canton": "Schwyz", "modes_list": ["bus"]}, "geometry": {"type": "Point", "coordinates": [8.789611393047293, 47.1466621295274]}}, {"id": "30009", "type": "Feature", "properties": {"name": "Willerzell, Sch\u00f6nb\u00e4chli", "lon": 8.7989628530919, "lat": 47.10829184936445, "stop_id": ["8573783.link:826229", "8573783.link:826230"], "lines": [{"line_id": "96-244-5-j24-1", "route_id": "41.TA.96-244-5-j24-1.7.H", "mode": "bus", "line_name": "553"}, {"line_id": "96-243-9-j24-1", "route_id": "4.TA.96-243-9-j24-1.3.H", "mode": "bus", "line_name": "570"}, {"line_id": "96-243-9-j24-1", "route_id": "2.TA.96-243-9-j24-1.2.H", "mode": "bus", "line_name": "570"}, {"line_id": "96-243-9-j24-1", "route_id": "1.TA.96-243-9-j24-1.1.H", "mode": "bus", "line_name": "570"}, {"line_id": "96-244-5-j24-1", "route_id": "22.TA.96-244-5-j24-1.6.H", "mode": "bus", "line_name": "553"}, {"line_id": "96-243-9-j24-1", "route_id": "9.TA.96-243-9-j24-1.7.R", "mode": "bus", "line_name": "570"}, {"line_id": "96-243-9-j24-1", "route_id": "7.TA.96-243-9-j24-1.5.R", "mode": "bus", "line_name": "570"}, {"line_id": "96-244-5-j24-1", "route_id": "74.TA.96-244-5-j24-1.18.R", "mode": "bus", "line_name": "553"}, {"line_id": "96-243-9-j24-1", "route_id": "8.TA.96-243-9-j24-1.6.R", "mode": "bus", "line_name": "570"}, {"line_id": "96-244-5-j24-1", "route_id": "59.TA.96-244-5-j24-1.17.R", "mode": "bus", "line_name": "553"}, {"line_id": "96-243-9-j24-1", "route_id": "6.TA.96-243-9-j24-1.4.R", "mode": "bus", "line_name": "570"}], "predominant_mode": "bus", "assigned_canton": "Schwyz", "modes_list": ["bus"]}, "geometry": {"type": "Point", "coordinates": [8.79896286181505, 47.10829185936213]}}, {"id": "30010", "type": "Feature", "properties": {"name": "Willerzell, St\u00f6feli", "lon": 8.796923673240434, "lat": 47.112858859396766, "stop_id": ["8580525.link:826350", "8580525.link:826351"], "lines": [{"line_id": "96-244-5-j24-1", "route_id": "41.TA.96-244-5-j24-1.7.H", "mode": "bus", "line_name": "553"}, {"line_id": "96-243-9-j24-1", "route_id": "4.TA.96-243-9-j24-1.3.H", "mode": "bus", "line_name": "570"}, {"line_id": "96-243-9-j24-1", "route_id": "2.TA.96-243-9-j24-1.2.H", "mode": "bus", "line_name": "570"}, {"line_id": "96-243-9-j24-1", "route_id": "1.TA.96-243-9-j24-1.1.H", "mode": "bus", "line_name": "570"}, {"line_id": "96-244-5-j24-1", "route_id": "22.TA.96-244-5-j24-1.6.H", "mode": "bus", "line_name": "553"}, {"line_id": "96-243-9-j24-1", "route_id": "9.TA.96-243-9-j24-1.7.R", "mode": "bus", "line_name": "570"}, {"line_id": "96-243-9-j24-1", "route_id": "7.TA.96-243-9-j24-1.5.R", "mode": "bus", "line_name": "570"}, {"line_id": "96-244-5-j24-1", "route_id": "74.TA.96-244-5-j24-1.18.R", "mode": "bus", "line_name": "553"}, {"line_id": "96-243-9-j24-1", "route_id": "8.TA.96-243-9-j24-1.6.R", "mode": "bus", "line_name": "570"}, {"line_id": "96-244-5-j24-1", "route_id": "59.TA.96-244-5-j24-1.17.R", "mode": "bus", "line_name": "553"}, {"line_id": "96-243-9-j24-1", "route_id": "6.TA.96-243-9-j24-1.4.R", "mode": "bus", "line_name": "570"}], "predominant_mode": "bus", "assigned_canton": "Schwyz", "modes_list": ["bus"]}, "geometry": {"type": "Point", "coordinates": [8.79692368196022, 47.11285886939665]}}, {"id": "30011", "type": "Feature", "properties": {"name": "Willerzell, Tschuppmoos", "lon": 8.794920433708858, "lat": 47.12718095942899, "stop_id": ["8573780.link:1612173", "8573780.link:1612174"], "lines": [{"line_id": "96-244-5-j24-1", "route_id": "41.TA.96-244-5-j24-1.7.H", "mode": "bus", "line_name": "553"}, {"line_id": "96-243-9-j24-1", "route_id": "4.TA.96-243-9-j24-1.3.H", "mode": "bus", "line_name": "570"}, {"line_id": "96-243-9-j24-1", "route_id": "2.TA.96-243-9-j24-1.2.H", "mode": "bus", "line_name": "570"}, {"line_id": "96-243-9-j24-1", "route_id": "1.TA.96-243-9-j24-1.1.H", "mode": "bus", "line_name": "570"}, {"line_id": "96-244-5-j24-1", "route_id": "22.TA.96-244-5-j24-1.6.H", "mode": "bus", "line_name": "553"}, {"line_id": "96-243-9-j24-1", "route_id": "9.TA.96-243-9-j24-1.7.R", "mode": "bus", "line_name": "570"}, {"line_id": "96-243-9-j24-1", "route_id": "7.TA.96-243-9-j24-1.5.R", "mode": "bus", "line_name": "570"}, {"line_id": "96-244-5-j24-1", "route_id": "74.TA.96-244-5-j24-1.18.R", "mode": "bus", "line_name": "553"}, {"line_id": "96-243-9-j24-1", "route_id": "8.TA.96-243-9-j24-1.6.R", "mode": "bus", "line_name": "570"}, {"line_id": "96-244-5-j24-1", "route_id": "59.TA.96-244-5-j24-1.17.R", "mode": "bus", "line_name": "553"}, {"line_id": "96-243-9-j24-1", "route_id": "6.TA.96-243-9-j24-1.4.R", "mode": "bus", "line_name": "570"}], "predominant_mode": "bus", "assigned_canton": "Schwyz", "modes_list": ["bus"]}, "geometry": {"type": "Point", "coordinates": [8.79492044242232, 47.12718096943463]}}, {"id": "30414", "type": "Feature", "properties": {"name": "Wollerau", "lon": 8.725013535912861, "lat": 47.195535230530325, "stop_id": ["8503288:0:2.link:253465", "8503288:0:2.link:253466"], "lines": [{"line_id": "91-40-j24-1", "route_id": "203.TA.91-40-j24-1.24.H", "mode": "rail", "line_name": "S40"}, {"line_id": "91-40-j24-1", "route_id": "154.TA.91-40-j24-1.20.H", "mode": "rail", "line_name": "S40"}, {"line_id": "91-40-j24-1", "route_id": "52.TA.91-40-j24-1.13.H", "mode": "rail", "line_name": "S40"}, {"line_id": "91-40-j24-1", "route_id": "218.TA.91-40-j24-1.24.H", "mode": "rail", "line_name": "S40"}, {"line_id": "91-40-j24-1", "route_id": "216.TA.91-40-j24-1.24.H", "mode": "rail", "line_name": "S40"}, {"line_id": "91-VAE-j24-1", "route_id": "904.TA.91-VAE-j24-1.98.R", "mode": "rail", "line_name": "VAE"}, {"line_id": "91-40-j24-1", "route_id": "83.TA.91-40-j24-1.15.H", "mode": "rail", "line_name": "S40"}, {"line_id": "91-40-j24-1", "route_id": "158.TA.91-40-j24-1.20.H", "mode": "rail", "line_name": "S40"}, {"line_id": "91-40-j24-1", "route_id": "171.TA.91-40-j24-1.20.H", "mode": "rail", "line_name": "S40"}, {"line_id": "91-40-j24-1", "route_id": "25.TA.91-40-j24-1.10.H", "mode": "rail", "line_name": "S40"}, {"line_id": "91-40-j24-1", "route_id": "34.TA.91-40-j24-1.147.H", "mode": "rail", "line_name": "S40"}, {"line_id": "91-40-j24-1", "route_id": "147.TA.91-40-j24-1.19.H", "mode": "rail", "line_name": "S40"}, {"line_id": "91-40-j24-1", "route_id": "223.TA.91-40-j24-1.28.H", "mode": "rail", "line_name": "S40"}, {"line_id": "91-40-j24-1", "route_id": "124.TA.91-40-j24-1.150.H", "mode": "rail", "line_name": "S40"}, {"line_id": "91-40-j24-1", "route_id": "389.TA.91-40-j24-1.51.R", "mode": "rail", "line_name": "S40"}, {"line_id": "91-40-j24-1", "route_id": "333.TA.91-40-j24-1.49.R", "mode": "rail", "line_name": "S40"}, {"line_id": "91-40-j24-1", "route_id": "291.TA.91-40-j24-1.155.R", "mode": "rail", "line_name": "S40"}, {"line_id": "91-40-j24-1", "route_id": "377.TA.91-40-j24-1.50.R", "mode": "rail", "line_name": "S40"}, {"line_id": "91-40-j24-1", "route_id": "369.TA.91-40-j24-1.50.R", "mode": "rail", "line_name": "S40"}, {"line_id": "91-40-j24-1", "route_id": "399.TA.91-40-j24-1.51.R", "mode": "rail", "line_name": "S40"}, {"line_id": "91-40-j24-1", "route_id": "468.TA.91-40-j24-1.156.R", "mode": "rail", "line_name": "S40"}, {"line_id": "91-40-j24-1", "route_id": "395.TA.91-40-j24-1.51.R", "mode": "rail", "line_name": "S40"}, {"line_id": "91-VAE-j24-1", "route_id": "414.TA.91-VAE-j24-1.93.H", "mode": "rail", "line_name": "VAE"}, {"line_id": "91-40-j24-1", "route_id": "279.TA.91-40-j24-1.80.R", "mode": "rail", "line_name": "S40"}, {"line_id": "91-40-j24-1", "route_id": "379.TA.91-40-j24-1.50.R", "mode": "rail", "line_name": "S40"}], "predominant_mode": "rail", "assigned_canton": "Schwyz", "modes_list": ["rail"]}, "geometry": {"type": "Point", "coordinates": [8.725013544537957, 47.195535240580504]}}, {"id": "30415", "type": "Feature", "properties": {"name": "Wollerau, Bahnhof", "lon": 8.724636245907028, "lat": 47.19536431053623, "stop_id": ["8581279.link:134502", "8581279.link:134503"], "lines": [{"line_id": "96-242-3-j24-1", "route_id": "23.TA.96-242-3-j24-1.1.H", "mode": "bus", "line_name": "180"}, {"line_id": "96-242-3-j24-1", "route_id": "36.TA.96-242-3-j24-1.2.H", "mode": "bus", "line_name": "180"}, {"line_id": "96-242-3-j24-1", "route_id": "62.TA.96-242-3-j24-1.3.H", "mode": "bus", "line_name": "180"}, {"line_id": "96-242-3-j24-1", "route_id": "115.TA.96-242-3-j24-1.10.R", "mode": "bus", "line_name": "180"}, {"line_id": "96-242-3-j24-1", "route_id": "102.TA.96-242-3-j24-1.6.R", "mode": "bus", "line_name": "180"}, {"line_id": "96-242-3-j24-1", "route_id": "157.TA.96-242-3-j24-1.9.R", "mode": "bus", "line_name": "180"}, {"line_id": "96-242-3-j24-1", "route_id": "112.TA.96-242-3-j24-1.7.R", "mode": "bus", "line_name": "180"}, {"line_id": "96-242-3-j24-1", "route_id": "78.TA.96-242-3-j24-1.4.R", "mode": "bus", "line_name": "180"}, {"line_id": "92-N29-j24-1", "route_id": "1.TA.92-N29-j24-1.3.H", "mode": "bus", "line_name": "N29"}, {"line_id": "96-242-3-j24-1", "route_id": "154.TA.96-242-3-j24-1.8.R", "mode": "bus", "line_name": "180"}], "predominant_mode": "bus", "assigned_canton": "Schwyz", "modes_list": ["bus"]}, "geometry": {"type": "Point", "coordinates": [8.724636254531807, 47.19536432058648]}}, {"id": "30416", "type": "Feature", "properties": {"name": "Wollerau, Ch\u00fcngentobel", "lon": 8.714700876061903, "lat": 47.200253440692514, "stop_id": ["8588339.link:164859", "8588339.link:164860"], "lines": [{"line_id": "92-176-j24-1", "route_id": "37.TA.92-176-j24-1.2.H", "mode": "bus", "line_name": "176"}, {"line_id": "92-176-j24-1", "route_id": "3.TA.92-176-j24-1.1.H", "mode": "bus", "line_name": "176"}, {"line_id": "92-176-j24-1", "route_id": "67.TA.92-176-j24-1.3.R", "mode": "bus", "line_name": "176"}], "predominant_mode": "bus", "assigned_canton": "Schwyz", "modes_list": ["bus"]}, "geometry": {"type": "Point", "coordinates": [8.71470088467559, 47.20025345074736]}}, {"id": "30417", "type": "Feature", "properties": {"name": "Wollerau, Dorfplatz", "lon": 8.71949788593145, "lat": 47.19620056061701, "stop_id": ["8577515:0:A.link:1088136", "8577515:0:A.link:1088137", "8577515:0:A.link:1178438"], "lines": [{"line_id": "92-175-j24-1", "route_id": "102.TA.92-175-j24-1.14.H", "mode": "bus", "line_name": "175"}, {"line_id": "92-175-j24-1", "route_id": "121.TA.92-175-j24-1.14.H", "mode": "bus", "line_name": "175"}, {"line_id": "92-175-j24-1", "route_id": "107.TA.92-175-j24-1.14.H", "mode": "bus", "line_name": "175"}, {"line_id": "92-175-j24-1", "route_id": "15.TA.92-175-j24-1.1.H", "mode": "bus", "line_name": "175"}, {"line_id": "92-175-j24-1", "route_id": "137.TA.92-175-j24-1.14.H", "mode": "bus", "line_name": "175"}, {"line_id": "92-175-j24-1", "route_id": "274.TA.92-175-j24-1.3.R", "mode": "bus", "line_name": "175"}, {"line_id": "92-175-j24-1", "route_id": "363.TA.92-175-j24-1.17.R", "mode": "bus", "line_name": "175"}, {"line_id": "92-175-j24-1", "route_id": "359.TA.92-175-j24-1.17.R", "mode": "bus", "line_name": "175"}, {"line_id": "92-175-j24-1", "route_id": "388.TA.92-175-j24-1.17.R", "mode": "bus", "line_name": "175"}], "predominant_mode": "bus", "assigned_canton": "Schwyz", "modes_list": ["bus"]}, "geometry": {"type": "Point", "coordinates": [8.719497894551012, 47.196200570669056]}}, {"id": "30418", "type": "Feature", "properties": {"name": "Wollerau, Erlenmatte", "lon": 8.705987215814428, "lat": 47.192886010829206, "stop_id": ["8587696.link:259536", "8587696.link:259537"], "lines": [{"line_id": "92-175-j24-1", "route_id": "15.TA.92-175-j24-1.1.H", "mode": "bus", "line_name": "175"}, {"line_id": "92-175-j24-1", "route_id": "274.TA.92-175-j24-1.3.R", "mode": "bus", "line_name": "175"}], "predominant_mode": "bus", "assigned_canton": "Schwyz", "modes_list": ["bus"]}, "geometry": {"type": "Point", "coordinates": [8.70598722442196, 47.192886020884046]}}, {"id": "30419", "type": "Feature", "properties": {"name": "Wollerau, Erlenmoos", "lon": 8.704864325720424, "lat": 47.19004741084673, "stop_id": ["8581281.link:1518277", "8581281.link:1518278"], "lines": [{"line_id": "92-175-j24-1", "route_id": "359.TA.92-175-j24-1.17.R", "mode": "bus", "line_name": "175"}, {"line_id": "96-242-3-j24-1", "route_id": "157.TA.96-242-3-j24-1.9.R", "mode": "bus", "line_name": "180"}, {"line_id": "92-175-j24-1", "route_id": "363.TA.92-175-j24-1.17.R", "mode": "bus", "line_name": "175"}, {"line_id": "92-175-j24-1", "route_id": "388.TA.92-175-j24-1.17.R", "mode": "bus", "line_name": "175"}, {"line_id": "92-N29-j24-1", "route_id": "1.TA.92-N29-j24-1.3.H", "mode": "bus", "line_name": "N29"}, {"line_id": "96-242-3-j24-1", "route_id": "154.TA.96-242-3-j24-1.8.R", "mode": "bus", "line_name": "180"}, {"line_id": "92-175-j24-1", "route_id": "102.TA.92-175-j24-1.14.H", "mode": "bus", "line_name": "175"}, {"line_id": "92-176-j24-1", "route_id": "37.TA.92-176-j24-1.2.H", "mode": "bus", "line_name": "176"}, {"line_id": "92-N29-j24-1", "route_id": "27.TA.92-N29-j24-1.4.R", "mode": "bus", "line_name": "N29"}, {"line_id": "92-175-j24-1", "route_id": "121.TA.92-175-j24-1.14.H", "mode": "bus", "line_name": "175"}, {"line_id": "92-175-j24-1", "route_id": "107.TA.92-175-j24-1.14.H", "mode": "bus", "line_name": "175"}, {"line_id": "96-242-3-j24-1", "route_id": "62.TA.96-242-3-j24-1.3.H", "mode": "bus", "line_name": "180"}, {"line_id": "92-175-j24-1", "route_id": "137.TA.92-175-j24-1.14.H", "mode": "bus", "line_name": "175"}], "predominant_mode": "bus", "assigned_canton": "Schwyz", "modes_list": ["bus"]}, "geometry": {"type": "Point", "coordinates": [8.704864334327747, 47.190047420900896]}}, {"id": "30420", "type": "Feature", "properties": {"name": "Wollerau, Felsenrain", "lon": 8.71535664576725, "lat": 47.19128054068192, "stop_id": ["8577517.link:972671", "8577517.link:972672"], "lines": [{"line_id": "92-175-j24-1", "route_id": "363.TA.92-175-j24-1.17.R", "mode": "bus", "line_name": "175"}, {"line_id": "92-175-j24-1", "route_id": "359.TA.92-175-j24-1.17.R", "mode": "bus", "line_name": "175"}, {"line_id": "92-175-j24-1", "route_id": "388.TA.92-175-j24-1.17.R", "mode": "bus", "line_name": "175"}, {"line_id": "92-175-j24-1", "route_id": "102.TA.92-175-j24-1.14.H", "mode": "bus", "line_name": "175"}, {"line_id": "92-176-j24-1", "route_id": "37.TA.92-176-j24-1.2.H", "mode": "bus", "line_name": "176"}, {"line_id": "92-175-j24-1", "route_id": "121.TA.92-175-j24-1.14.H", "mode": "bus", "line_name": "175"}, {"line_id": "92-175-j24-1", "route_id": "107.TA.92-175-j24-1.14.H", "mode": "bus", "line_name": "175"}, {"line_id": "92-175-j24-1", "route_id": "137.TA.92-175-j24-1.14.H", "mode": "bus", "line_name": "175"}], "predominant_mode": "bus", "assigned_canton": "Schwyz", "modes_list": ["bus"]}, "geometry": {"type": "Point", "coordinates": [8.71535665438433, 47.19128055073345]}}, {"id": "30421", "type": "Feature", "properties": {"name": "Wollerau, F\u00fcrti", "lon": 8.711323215731126, "lat": 47.19025497074529, "stop_id": ["8577518.link:1518284", "8577518.link:1518285", "8577518.link:1518286"], "lines": [{"line_id": "92-N29-j24-1", "route_id": "27.TA.92-N29-j24-1.4.R", "mode": "bus", "line_name": "N29"}, {"line_id": "92-175-j24-1", "route_id": "359.TA.92-175-j24-1.17.R", "mode": "bus", "line_name": "175"}, {"line_id": "96-242-3-j24-1", "route_id": "157.TA.96-242-3-j24-1.9.R", "mode": "bus", "line_name": "180"}, {"line_id": "92-175-j24-1", "route_id": "363.TA.92-175-j24-1.17.R", "mode": "bus", "line_name": "175"}, {"line_id": "92-175-j24-1", "route_id": "388.TA.92-175-j24-1.17.R", "mode": "bus", "line_name": "175"}, {"line_id": "92-N29-j24-1", "route_id": "1.TA.92-N29-j24-1.3.H", "mode": "bus", "line_name": "N29"}, {"line_id": "96-242-3-j24-1", "route_id": "154.TA.96-242-3-j24-1.8.R", "mode": "bus", "line_name": "180"}, {"line_id": "92-175-j24-1", "route_id": "102.TA.92-175-j24-1.14.H", "mode": "bus", "line_name": "175"}, {"line_id": "92-176-j24-1", "route_id": "37.TA.92-176-j24-1.2.H", "mode": "bus", "line_name": "176"}, {"line_id": "92-175-j24-1", "route_id": "121.TA.92-175-j24-1.14.H", "mode": "bus", "line_name": "175"}, {"line_id": "92-175-j24-1", "route_id": "107.TA.92-175-j24-1.14.H", "mode": "bus", "line_name": "175"}, {"line_id": "96-242-3-j24-1", "route_id": "62.TA.96-242-3-j24-1.3.H", "mode": "bus", "line_name": "180"}, {"line_id": "92-175-j24-1", "route_id": "137.TA.92-175-j24-1.14.H", "mode": "bus", "line_name": "175"}], "predominant_mode": "bus", "assigned_canton": "Schwyz", "modes_list": ["bus"]}, "geometry": {"type": "Point", "coordinates": [8.711323224344623, 47.190254980797626]}}, {"id": "30422", "type": "Feature", "properties": {"name": "Wollerau, Hafen", "lon": 8.711790336108933, "lat": 47.20173657073827, "stop_id": ["8577521.link:164855", "8577521.link:164856"], "lines": [{"line_id": "92-176-j24-1", "route_id": "37.TA.92-176-j24-1.2.H", "mode": "bus", "line_name": "176"}, {"line_id": "92-176-j24-1", "route_id": "3.TA.92-176-j24-1.1.H", "mode": "bus", "line_name": "176"}, {"line_id": "92-176-j24-1", "route_id": "67.TA.92-176-j24-1.3.R", "mode": "bus", "line_name": "176"}], "predominant_mode": "bus", "assigned_canton": "Schwyz", "modes_list": ["bus"]}, "geometry": {"type": "Point", "coordinates": [8.711790344719358, 47.201736580794474]}}, {"id": "30424", "type": "Feature", "properties": {"name": "Wollerau, Junkerweg", "lon": 8.70364261576585, "lat": 47.19145147086598, "stop_id": ["8588836.link:259530", "8588836.link:259531"], "lines": [{"line_id": "92-175-j24-1", "route_id": "15.TA.92-175-j24-1.1.H", "mode": "bus", "line_name": "175"}, {"line_id": "92-175-j24-1", "route_id": "274.TA.92-175-j24-1.3.R", "mode": "bus", "line_name": "175"}], "predominant_mode": "bus", "assigned_canton": "Schwyz", "modes_list": ["bus"]}, "geometry": {"type": "Point", "coordinates": [8.703642624371557, 47.19145148092101]}}, {"id": "30425", "type": "Feature", "properties": {"name": "Wollerau, Oberblatt", "lon": 8.712248475897441, "lat": 47.19529717073089, "stop_id": ["8510469.link:165702", "8510469.link:165703"], "lines": [{"line_id": "92-175-j24-1", "route_id": "15.TA.92-175-j24-1.1.H", "mode": "bus", "line_name": "175"}, {"line_id": "92-175-j24-1", "route_id": "274.TA.92-175-j24-1.3.R", "mode": "bus", "line_name": "175"}], "predominant_mode": "bus", "assigned_canton": "Schwyz", "modes_list": ["bus"]}, "geometry": {"type": "Point", "coordinates": [8.712248484510287, 47.195297180784706]}}, {"id": "30426", "type": "Feature", "properties": {"name": "Wollerau, Oberm\u00fchle", "lon": 8.720719595761814, "lat": 47.19101805059762, "stop_id": ["8577524.link:1518365", "8577524.link:1518366"], "lines": [{"line_id": "92-176-j24-1", "route_id": "37.TA.92-176-j24-1.2.H", "mode": "bus", "line_name": "176"}, {"line_id": "92-176-j24-1", "route_id": "3.TA.92-176-j24-1.1.H", "mode": "bus", "line_name": "176"}, {"line_id": "92-176-j24-1", "route_id": "67.TA.92-176-j24-1.3.R", "mode": "bus", "line_name": "176"}], "predominant_mode": "bus", "assigned_canton": "Schwyz", "modes_list": ["bus"]}, "geometry": {"type": "Point", "coordinates": [8.720719604384152, 47.191018060647494]}}, {"id": "30427", "type": "Feature", "properties": {"name": "Wollerau, Osw\u00e4ldli", "lon": 8.700381735742013, "lat": 47.19078607091719, "stop_id": ["8577519.link:149777", "8577519.link:149778", "8577519.link:1889118"], "lines": [{"line_id": "92-175-j24-1", "route_id": "359.TA.92-175-j24-1.17.R", "mode": "bus", "line_name": "175"}, {"line_id": "96-242-3-j24-1", "route_id": "157.TA.96-242-3-j24-1.9.R", "mode": "bus", "line_name": "180"}, {"line_id": "92-175-j24-1", "route_id": "363.TA.92-175-j24-1.17.R", "mode": "bus", "line_name": "175"}, {"line_id": "92-175-j24-1", "route_id": "388.TA.92-175-j24-1.17.R", "mode": "bus", "line_name": "175"}, {"line_id": "92-N29-j24-1", "route_id": "1.TA.92-N29-j24-1.3.H", "mode": "bus", "line_name": "N29"}, {"line_id": "92-175-j24-1", "route_id": "274.TA.92-175-j24-1.3.R", "mode": "bus", "line_name": "175"}, {"line_id": "96-242-3-j24-1", "route_id": "154.TA.96-242-3-j24-1.8.R", "mode": "bus", "line_name": "180"}, {"line_id": "92-175-j24-1", "route_id": "102.TA.92-175-j24-1.14.H", "mode": "bus", "line_name": "175"}, {"line_id": "92-176-j24-1", "route_id": "37.TA.92-176-j24-1.2.H", "mode": "bus", "line_name": "176"}, {"line_id": "92-N29-j24-1", "route_id": "27.TA.92-N29-j24-1.4.R", "mode": "bus", "line_name": "N29"}, {"line_id": "92-175-j24-1", "route_id": "121.TA.92-175-j24-1.14.H", "mode": "bus", "line_name": "175"}, {"line_id": "92-175-j24-1", "route_id": "107.TA.92-175-j24-1.14.H", "mode": "bus", "line_name": "175"}, {"line_id": "96-242-3-j24-1", "route_id": "62.TA.96-242-3-j24-1.3.H", "mode": "bus", "line_name": "180"}, {"line_id": "92-175-j24-1", "route_id": "137.TA.92-175-j24-1.14.H", "mode": "bus", "line_name": "175"}, {"line_id": "92-175-j24-1", "route_id": "15.TA.92-175-j24-1.1.H", "mode": "bus", "line_name": "175"}], "predominant_mode": "bus", "assigned_canton": "Schwyz", "modes_list": ["bus"]}, "geometry": {"type": "Point", "coordinates": [8.700381744344774, 47.19078608097292]}}, {"id": "30428", "type": "Feature", "properties": {"name": "Wollerau, Roos", "lon": 8.720908235725588, "lat": 47.18991311059465, "stop_id": ["8577525.link:1518368", "8577525.link:1831057"], "lines": [{"line_id": "92-176-j24-1", "route_id": "67.TA.92-176-j24-1.3.R", "mode": "bus", "line_name": "176"}, {"line_id": "92-176-j24-1", "route_id": "37.TA.92-176-j24-1.2.H", "mode": "bus", "line_name": "176"}, {"line_id": "92-176-j24-1", "route_id": "3.TA.92-176-j24-1.1.H", "mode": "bus", "line_name": "176"}], "predominant_mode": "bus", "assigned_canton": "Schwyz", "modes_list": ["bus"]}, "geometry": {"type": "Point", "coordinates": [8.720908244348447, 47.189913120644064]}}, {"id": "30429", "type": "Feature", "properties": {"name": "Wollerau, Schollenmatt", "lon": 8.714772745944318, "lat": 47.19667667069125, "stop_id": ["8577514.link:1553643", "8577514.link:1553644"], "lines": [{"line_id": "92-175-j24-1", "route_id": "102.TA.92-175-j24-1.14.H", "mode": "bus", "line_name": "175"}, {"line_id": "92-175-j24-1", "route_id": "107.TA.92-175-j24-1.14.H", "mode": "bus", "line_name": "175"}, {"line_id": "92-175-j24-1", "route_id": "121.TA.92-175-j24-1.14.H", "mode": "bus", "line_name": "175"}, {"line_id": "92-175-j24-1", "route_id": "137.TA.92-175-j24-1.14.H", "mode": "bus", "line_name": "175"}, {"line_id": "92-175-j24-1", "route_id": "363.TA.92-175-j24-1.17.R", "mode": "bus", "line_name": "175"}, {"line_id": "92-175-j24-1", "route_id": "359.TA.92-175-j24-1.17.R", "mode": "bus", "line_name": "175"}, {"line_id": "92-175-j24-1", "route_id": "388.TA.92-175-j24-1.17.R", "mode": "bus", "line_name": "175"}], "predominant_mode": "bus", "assigned_canton": "Schwyz", "modes_list": ["bus"]}, "geometry": {"type": "Point", "coordinates": [8.71477275455918, 47.19667668074483]}}, {"id": "30430", "type": "Feature", "properties": {"name": "Wollerau, Schwalbenboden", "lon": 8.710317096060896, "lat": 47.20030227076139, "stop_id": ["8577512.link:1666403", "8577512.link:1666404"], "lines": [{"line_id": "92-175-j24-1", "route_id": "102.TA.92-175-j24-1.14.H", "mode": "bus", "line_name": "175"}, {"line_id": "92-175-j24-1", "route_id": "107.TA.92-175-j24-1.14.H", "mode": "bus", "line_name": "175"}, {"line_id": "92-175-j24-1", "route_id": "121.TA.92-175-j24-1.14.H", "mode": "bus", "line_name": "175"}, {"line_id": "92-175-j24-1", "route_id": "137.TA.92-175-j24-1.14.H", "mode": "bus", "line_name": "175"}, {"line_id": "92-175-j24-1", "route_id": "363.TA.92-175-j24-1.17.R", "mode": "bus", "line_name": "175"}, {"line_id": "92-175-j24-1", "route_id": "359.TA.92-175-j24-1.17.R", "mode": "bus", "line_name": "175"}, {"line_id": "92-175-j24-1", "route_id": "388.TA.92-175-j24-1.17.R", "mode": "bus", "line_name": "175"}], "predominant_mode": "bus", "assigned_canton": "Schwyz", "modes_list": ["bus"]}, "geometry": {"type": "Point", "coordinates": [8.710317104670331, 47.20030228081753]}}, {"id": "30431", "type": "Feature", "properties": {"name": "Wollerau, Sonnenberg", "lon": 8.718482785805824, "lat": 47.19239766063279, "stop_id": ["8581280.link:213826", "8581280.link:213827"], "lines": [{"line_id": "92-175-j24-1", "route_id": "102.TA.92-175-j24-1.14.H", "mode": "bus", "line_name": "175"}, {"line_id": "92-176-j24-1", "route_id": "37.TA.92-176-j24-1.2.H", "mode": "bus", "line_name": "176"}, {"line_id": "92-175-j24-1", "route_id": "121.TA.92-175-j24-1.14.H", "mode": "bus", "line_name": "175"}, {"line_id": "92-175-j24-1", "route_id": "107.TA.92-175-j24-1.14.H", "mode": "bus", "line_name": "175"}, {"line_id": "92-N29-j24-1", "route_id": "1.TA.92-N29-j24-1.3.H", "mode": "bus", "line_name": "N29"}, {"line_id": "96-242-3-j24-1", "route_id": "62.TA.96-242-3-j24-1.3.H", "mode": "bus", "line_name": "180"}, {"line_id": "92-175-j24-1", "route_id": "137.TA.92-175-j24-1.14.H", "mode": "bus", "line_name": "175"}, {"line_id": "92-175-j24-1", "route_id": "359.TA.92-175-j24-1.17.R", "mode": "bus", "line_name": "175"}, {"line_id": "96-242-3-j24-1", "route_id": "157.TA.96-242-3-j24-1.9.R", "mode": "bus", "line_name": "180"}, {"line_id": "92-175-j24-1", "route_id": "363.TA.92-175-j24-1.17.R", "mode": "bus", "line_name": "175"}, {"line_id": "92-175-j24-1", "route_id": "388.TA.92-175-j24-1.17.R", "mode": "bus", "line_name": "175"}, {"line_id": "92-N29-j24-1", "route_id": "1.TA.92-N29-j24-1.3.H", "mode": "bus", "line_name": "N29"}, {"line_id": "96-242-3-j24-1", "route_id": "154.TA.96-242-3-j24-1.8.R", "mode": "bus", "line_name": "180"}], "predominant_mode": "bus", "assigned_canton": "Schwyz", "modes_list": ["bus"]}, "geometry": {"type": "Point", "coordinates": [8.718482794425578, 47.192397670683796]}}, {"id": "30432", "type": "Feature", "properties": {"name": "Wollerau, Studenb\u00fchl", "lon": 8.713065946015956, "lat": 47.19888624071814, "stop_id": ["8577513.link:1666405", "8577513.link:1666406"], "lines": [{"line_id": "92-175-j24-1", "route_id": "102.TA.92-175-j24-1.14.H", "mode": "bus", "line_name": "175"}, {"line_id": "92-175-j24-1", "route_id": "107.TA.92-175-j24-1.14.H", "mode": "bus", "line_name": "175"}, {"line_id": "92-175-j24-1", "route_id": "121.TA.92-175-j24-1.14.H", "mode": "bus", "line_name": "175"}, {"line_id": "92-175-j24-1", "route_id": "137.TA.92-175-j24-1.14.H", "mode": "bus", "line_name": "175"}, {"line_id": "92-175-j24-1", "route_id": "363.TA.92-175-j24-1.17.R", "mode": "bus", "line_name": "175"}, {"line_id": "92-175-j24-1", "route_id": "359.TA.92-175-j24-1.17.R", "mode": "bus", "line_name": "175"}, {"line_id": "92-175-j24-1", "route_id": "388.TA.92-175-j24-1.17.R", "mode": "bus", "line_name": "175"}], "predominant_mode": "bus", "assigned_canton": "Schwyz", "modes_list": ["bus"]}, "geometry": {"type": "Point", "coordinates": [8.713065954628481, 47.19888625077298]}}, {"id": "30433", "type": "Feature", "properties": {"name": "Wollerau, Verenahof", "lon": 8.720486025867453, "lat": 47.194235050601414, "stop_id": ["8588336.link:1664281", "8588336.link:1664282"], "lines": [{"line_id": "92-176-j24-1", "route_id": "37.TA.92-176-j24-1.2.H", "mode": "bus", "line_name": "176"}, {"line_id": "92-176-j24-1", "route_id": "3.TA.92-176-j24-1.1.H", "mode": "bus", "line_name": "176"}, {"line_id": "92-176-j24-1", "route_id": "67.TA.92-176-j24-1.3.R", "mode": "bus", "line_name": "176"}], "predominant_mode": "bus", "assigned_canton": "Schwyz", "modes_list": ["bus"]}, "geometry": {"type": "Point", "coordinates": [8.720486034488573, 47.19423506065247]}}, {"id": "30434", "type": "Feature", "properties": {"name": "Wollerau, Weingarten/Bellevue", "lon": 8.72398945597149, "lat": 47.19733589054647, "stop_id": ["8577523.link:1889116", "8577523.link:1889117"], "lines": [{"line_id": "92-176-j24-1", "route_id": "37.TA.92-176-j24-1.2.H", "mode": "bus", "line_name": "176"}, {"line_id": "92-176-j24-1", "route_id": "3.TA.92-176-j24-1.1.H", "mode": "bus", "line_name": "176"}, {"line_id": "92-176-j24-1", "route_id": "67.TA.92-176-j24-1.3.R", "mode": "bus", "line_name": "176"}], "predominant_mode": "bus", "assigned_canton": "Schwyz", "modes_list": ["bus"]}, "geometry": {"type": "Point", "coordinates": [8.723989464595041, 47.19733590059753]}}, {"id": "30435", "type": "Feature", "properties": {"name": "Wollerau, Wyssenfluh", "lon": 8.719848226018176, "lat": 47.1988313106116, "stop_id": ["8577522.link:1889106", "8577522.link:1889107"], "lines": [{"line_id": "92-176-j24-1", "route_id": "37.TA.92-176-j24-1.2.H", "mode": "bus", "line_name": "176"}, {"line_id": "92-176-j24-1", "route_id": "3.TA.92-176-j24-1.1.H", "mode": "bus", "line_name": "176"}, {"line_id": "92-176-j24-1", "route_id": "67.TA.92-176-j24-1.3.R", "mode": "bus", "line_name": "176"}], "predominant_mode": "bus", "assigned_canton": "Schwyz", "modes_list": ["bus"]}, "geometry": {"type": "Point", "coordinates": [8.719848234637267, 47.198831320664404]}}, {"id": "30436", "type": "Feature", "properties": {"name": "Wollerau, W\u00e4chlen", "lon": 8.721429255939045, "lat": 47.19639589058667, "stop_id": ["8581264.link:1700776", "8581264.link:620535", "8581264.link:620536"], "lines": [{"line_id": "96-242-3-j24-1", "route_id": "112.TA.96-242-3-j24-1.7.R", "mode": "bus", "line_name": "180"}, {"line_id": "96-242-3-j24-1", "route_id": "102.TA.96-242-3-j24-1.6.R", "mode": "bus", "line_name": "180"}, {"line_id": "96-242-3-j24-1", "route_id": "115.TA.96-242-3-j24-1.10.R", "mode": "bus", "line_name": "180"}, {"line_id": "92-176-j24-1", "route_id": "37.TA.92-176-j24-1.2.H", "mode": "bus", "line_name": "176"}, {"line_id": "92-176-j24-1", "route_id": "3.TA.92-176-j24-1.1.H", "mode": "bus", "line_name": "176"}, {"line_id": "96-242-3-j24-1", "route_id": "36.TA.96-242-3-j24-1.2.H", "mode": "bus", "line_name": "180"}, {"line_id": "92-N29-j24-1", "route_id": "1.TA.92-N29-j24-1.3.H", "mode": "bus", "line_name": "N29"}, {"line_id": "96-242-3-j24-1", "route_id": "62.TA.96-242-3-j24-1.3.H", "mode": "bus", "line_name": "180"}, {"line_id": "96-242-3-j24-1", "route_id": "157.TA.96-242-3-j24-1.9.R", "mode": "bus", "line_name": "180"}, {"line_id": "92-176-j24-1", "route_id": "67.TA.92-176-j24-1.3.R", "mode": "bus", "line_name": "176"}, {"line_id": "92-N29-j24-1", "route_id": "1.TA.92-N29-j24-1.3.H", "mode": "bus", "line_name": "N29"}, {"line_id": "96-242-3-j24-1", "route_id": "154.TA.96-242-3-j24-1.8.R", "mode": "bus", "line_name": "180"}], "predominant_mode": "bus", "assigned_canton": "Schwyz", "modes_list": ["bus"]}, "geometry": {"type": "Point", "coordinates": [8.721429264560408, 47.19639590063816]}}]}