{
  "type": "FeatureCollection",
  "features": [
    {
      "type": "Feature",
      "geometry": {
        "type": "LineString",
        "coordinates": [
          [
            6.154017093204414,
            46.202789658169735
          ],
          [
            6.1539333932040226,
            46.20280835817125
          ]
        ]
      },
      "properties": {
        "angle": 167.40597550371,
        "per_id_keys": "1002428|1002429",
        "per_id_capacities": "1200|1200",
        "per_id_lengths": "13.9|13.9",
        "per_id_freespeeds": "50.0|50.0",
        "per_id_daily_avgs": "654|209",
        "per_id_permlanes": "2|2",
        "per_id_arrows": "\u2190|\u2192",
        "per_id_directions": "forward|reverse",
        "searchable_text": "1002428|1002429|1200|1200|13.9|13.9|50.0|50.0|654|209",
        "daily_avg_volume": 863.0,
        "capacity": 2400.0,
        "freespeed": 50.0,
        "modes": "bus,car,car_passenger,pt,taxi,truck",
        "isTarget": false,
        "link_1451949_inflow": 304,
        "link_1451949_outflow": 0
      }
    },
    {
      "type": "Feature",
      "geometry": {
        "type": "LineString",
        "coordinates": [
          [
            6.1538233932033855,
            46.20283015817325
          ],
          [
            6.1539333932040226,
            46.20280835817125
          ]
        ]
      },
      "properties": {
        "angle": -11.209731034083791,
        "per_id_keys": "1582217|1582218",
        "per_id_capacities": "1200|1200",
        "per_id_lengths": "13.9|13.9",
        "per_id_freespeeds": "50.0|50.0",
        "per_id_daily_avgs": "633|209",
        "per_id_permlanes": "2|2",
        "per_id_arrows": "\u2190|\u2192",
        "per_id_directions": "reverse|forward",
        "searchable_text": "1582217|1582218|1200|1200|13.9|13.9|50.0|50.0|633|209",
        "daily_avg_volume": 842.0,
        "capacity": 2400.0,
        "freespeed": 50.0,
        "modes": "bus,car,car_passenger,pt,taxi,truck",
        "isTarget": false,
        "link_1451949_inflow": 304,
        "link_1451949_outflow": 0
      }
    },
    {
      "type": "Feature",
      "geometry": {
        "type": "LineString",
        "coordinates": [
          [
            6.154017093204414,
            46.202789658169735
          ],
          [
            6.154700993208011,
            46.20264435815748
          ]
        ]
      },
      "properties": {
        "angle": -11.994595656688631,
        "per_id_keys": "1286163|1286163_spec|1286164",
        "per_id_capacities": "900|300|1200",
        "per_id_lengths": "55.2|55.2|55.2",
        "per_id_freespeeds": "50.0|50.0|50.0",
        "per_id_daily_avgs": "14|637|301",
        "per_id_permlanes": "1|0|2",
        "per_id_arrows": "\u2190|\u2190|\u2192",
        "per_id_directions": "reverse|reverse|forward",
        "searchable_text": "1286163|1286163_spec|1286164|900|300|1200|55.2|55.2|55.2|50.0|50.0|50.0|14|637|301",
        "daily_avg_volume": 952.0,
        "capacity": 2400.0,
        "freespeed": 50.0,
        "modes": "bus,car,car_passenger,pt,taxi,truck",
        "isTarget": false,
        "link_1451949_inflow": 61,
        "link_1451949_outflow": 0
      }
    },
    {
      "type": "Feature",
      "geometry": {
        "type": "LineString",
        "coordinates": [
          [
            6.155043393209808,
            46.202572158151355
          ],
          [
            6.154700993208011,
            46.20264435815748
          ]
        ]
      },
      "properties": {
        "angle": 168.09278889265173,
        "per_id_keys": "1288883|1288883_spec|1288884",
        "per_id_capacities": "900|300|1200",
        "per_id_lengths": "27.6|27.6|27.6",
        "per_id_freespeeds": "50.0|50.0|50.0",
        "per_id_daily_avgs": "14|637|301",
        "per_id_permlanes": "1|0|2",
        "per_id_arrows": "\u2190|\u2190|\u2192",
        "per_id_directions": "forward|forward|reverse",
        "searchable_text": "1288883|1288883_spec|1288884|900|300|1200|27.6|27.6|27.6|50.0|50.0|50.0|14|637|301",
        "daily_avg_volume": 952.0,
        "capacity": 2400.0,
        "freespeed": 50.0,
        "modes": "bus,car,car_passenger,pt,taxi,truck",
        "isTarget": false,
        "link_1451949_inflow": 61,
        "link_1451949_outflow": 0
      }
    },
    {
      "type": "Feature",
      "geometry": {
        "type": "LineString",
        "coordinates": [
          [
            6.154017093204414,
            46.202789658169735
          ],
          [
            6.154079193210775,
            46.20296035817022
          ]
        ]
      },
      "properties": {
        "angle": 70.00880701428808,
        "per_id_keys": "1288798",
        "per_id_capacities": "1800",
        "per_id_lengths": "19.6",
        "per_id_freespeeds": "50.0",
        "per_id_daily_avgs": "180",
        "per_id_permlanes": "3",
        "per_id_arrows": "\u2192",
        "per_id_directions": "forward",
        "searchable_text": "1288798|1800|19.6|50.0|180",
        "daily_avg_volume": 180.0,
        "capacity": 1800.0,
        "freespeed": 50.0,
        "modes": "bus,car,car_passenger,pt,taxi,truck",
        "isTarget": false,
        "link_1451949_inflow": 72,
        "link_1451949_outflow": 0
      }
    },
    {
      "type": "Feature",
      "geometry": {
        "type": "LineString",
        "coordinates": [
          [
            6.153956793196298,
            46.20256385816876
          ],
          [
            6.154017093204414,
            46.202789658169735
          ]
        ]
      },
      "properties": {
        "angle": 75.04805163273575,
        "per_id_keys": "1288871",
        "per_id_capacities": "1200",
        "per_id_lengths": "25.6",
        "per_id_freespeeds": "50.0",
        "per_id_daily_avgs": "160",
        "per_id_permlanes": "2",
        "per_id_arrows": "\u2192",
        "per_id_directions": "forward",
        "searchable_text": "1288871|1200|25.6|50.0|160",
        "daily_avg_volume": 160.0,
        "capacity": 1200.0,
        "freespeed": 50.0,
        "modes": "bus,car,car_passenger,pt,taxi,truck",
        "isTarget": false,
        "link_1451949_inflow": 10,
        "link_1451949_outflow": 0
      }
    },
    {
      "type": "Feature",
      "geometry": {
        "type": "LineString",
        "coordinates": [
          [
            6.153908993210512,
            46.203015658173484
          ],
          [
            6.1538233932033855,
            46.20283015817325
          ]
        ]
      },
      "properties": {
        "angle": -114.77122482987424,
        "per_id_keys": "1288797",
        "per_id_capacities": "1800",
        "per_id_lengths": "21.7",
        "per_id_freespeeds": "50.0",
        "per_id_daily_avgs": "452",
        "per_id_permlanes": "3",
        "per_id_arrows": "\u2190",
        "per_id_directions": "forward",
        "searchable_text": "1288797|1800|21.7|50.0|452",
        "daily_avg_volume": 452.0,
        "capacity": 1800.0,
        "freespeed": 50.0,
        "modes": "bus,car,car_passenger,taxi,truck",
        "isTarget": false,
        "link_1451949_inflow": 0,
        "link_1451949_outflow": 0
      }
    },
    {
      "type": "Feature",
      "geometry": {
        "type": "LineString",
        "coordinates": [
          [
            6.1526507931970436,
            46.203072658194166
          ],
          [
            6.1538233932033855,
            46.20283015817325
          ]
        ]
      },
      "properties": {
        "angle": -11.684361213342454,
        "per_id_keys": "178466|178466_spec|178467|178467_spec",
        "per_id_capacities": "900|300|900|300",
        "per_id_lengths": "94.4|94.4|94.4|94.4",
        "per_id_freespeeds": "50.0|50.0|50.0|50.0",
        "per_id_daily_avgs": "24|926|4|205",
        "per_id_permlanes": "1|0|1|0",
        "per_id_arrows": "\u2190|\u2190|\u2192|\u2192",
        "per_id_directions": "reverse|reverse|forward|forward",
        "searchable_text": "178466|178466_spec|178467|178467_spec|900|300|900|300|94.4|94.4|94.4|94.4|50.0|50.0|50.0|50.0|24|926|4|205",
        "daily_avg_volume": 1159.0,
        "capacity": 2400.0,
        "freespeed": 50.0,
        "modes": "bus,car,car_passenger,pt,taxi,truck",
        "isTarget": false,
        "link_1451949_inflow": 304,
        "link_1451949_outflow": 0
      }
    },
    {
      "type": "Feature",
      "geometry": {
        "type": "LineString",
        "coordinates": [
          [
            6.154476793248708,
            46.20397005817269
          ],
          [
            6.154270493242989,
            46.20387235817517
          ]
        ]
      },
      "properties": {
        "angle": -154.6586008771463,
        "per_id_keys": "1002918|1002919",
        "per_id_capacities": "3000|3000",
        "per_id_lengths": "19.3|19.3",
        "per_id_freespeeds": "50.0|50.0",
        "per_id_daily_avgs": "132|119",
        "per_id_permlanes": "2|2",
        "per_id_arrows": "\u2190|\u2192",
        "per_id_directions": "forward|reverse",
        "searchable_text": "1002918|1002919|3000|3000|19.3|19.3|50.0|50.0|132|119",
        "daily_avg_volume": 251.0,
        "capacity": 6000.0,
        "freespeed": 50.0,
        "modes": "car,car_passenger,taxi,truck",
        "isTarget": false,
        "link_1451949_inflow": 59,
        "link_1451949_outflow": 0
      }
    },
    {
      "type": "Feature",
      "geometry": {
        "type": "LineString",
        "coordinates": [
          [
            6.153922693233335,
            46.203706958179296
          ],
          [
            6.154270493242989,
            46.20387235817517
          ]
        ]
      },
      "properties": {
        "angle": 25.433921424825005,
        "per_id_keys": "1400701|1400702",
        "per_id_capacities": "3000|3000",
        "per_id_lengths": "32.5|32.5",
        "per_id_freespeeds": "50.0|50.0",
        "per_id_daily_avgs": "102|119",
        "per_id_permlanes": "2|2",
        "per_id_arrows": "\u2190|\u2192",
        "per_id_directions": "reverse|forward",
        "searchable_text": "1400701|1400702|3000|3000|32.5|32.5|50.0|50.0|102|119",
        "daily_avg_volume": 221.0,
        "capacity": 6000.0,
        "freespeed": 50.0,
        "modes": "car,car_passenger,taxi,truck",
        "isTarget": false,
        "link_1451949_inflow": 59,
        "link_1451949_outflow": 0
      }
    },
    {
      "type": "Feature",
      "geometry": {
        "type": "LineString",
        "coordinates": [
          [
            6.154476793248708,
            46.20397005817269
          ],
          [
            6.154533493250262,
            46.20399695817204
          ]
        ]
      },
      "properties": {
        "angle": 25.380915297986782,
        "per_id_keys": "1584195|1584196",
        "per_id_capacities": "3000|3000",
        "per_id_lengths": "13.9|13.9",
        "per_id_freespeeds": "50.0|50.0",
        "per_id_daily_avgs": "132|119",
        "per_id_permlanes": "2|2",
        "per_id_arrows": "\u2190|\u2192",
        "per_id_directions": "reverse|forward",
        "searchable_text": "1584195|1584196|3000|3000|13.9|13.9|50.0|50.0|132|119",
        "daily_avg_volume": 251.0,
        "capacity": 6000.0,
        "freespeed": 50.0,
        "modes": "car,car_passenger,taxi,truck",
        "isTarget": false,
        "link_1451949_inflow": 59,
        "link_1451949_outflow": 0
      }
    },
    {
      "type": "Feature",
      "geometry": {
        "type": "LineString",
        "coordinates": [
          [
            6.1541735932191255,
            46.20318025817068
          ],
          [
            6.154533493250262,
            46.20399695817204
          ]
        ]
      },
      "properties": {
        "angle": 66.21806735368256,
        "per_id_keys": "1286177",
        "per_id_capacities": "1200",
        "per_id_lengths": "94.9",
        "per_id_freespeeds": "50.0",
        "per_id_daily_avgs": "170",
        "per_id_permlanes": "2",
        "per_id_arrows": "\u2192",
        "per_id_directions": "forward",
        "searchable_text": "1286177|1200|94.9|50.0|170",
        "daily_avg_volume": 170.0,
        "capacity": 1200.0,
        "freespeed": 50.0,
        "modes": "bus,car,car_passenger,pt,taxi,truck",
        "isTarget": false,
        "link_1451949_inflow": 16,
        "link_1451949_outflow": 0
      }
    },
    {
      "type": "Feature",
      "geometry": {
        "type": "LineString",
        "coordinates": [
          [
            6.1547827932572545,
            46.204116558169034
          ],
          [
            6.154533493250262,
            46.20399695817204
          ]
        ]
      },
      "properties": {
        "angle": -154.3709511328415,
        "per_id_keys": "654472|654473",
        "per_id_capacities": "3000|3000",
        "per_id_lengths": "23.4|23.4",
        "per_id_freespeeds": "50.0|50.0",
        "per_id_daily_avgs": "289|132",
        "per_id_permlanes": "2|2",
        "per_id_arrows": "\u2192|\u2190",
        "per_id_directions": "reverse|forward",
        "searchable_text": "654472|654473|3000|3000|23.4|23.4|50.0|50.0|289|132",
        "daily_avg_volume": 421.0,
        "capacity": 6000.0,
        "freespeed": 50.0,
        "modes": "bus,car,car_passenger,pt,taxi,truck",
        "isTarget": false,
        "link_1451949_inflow": 42,
        "link_1451949_outflow": 0
      }
    },
    {
      "type": "Feature",
      "geometry": {
        "type": "LineString",
        "coordinates": [
          [
            6.154270493242989,
            46.20387235817517
          ],
          [
            6.154002993218326,
            46.20321965817373
          ]
        ]
      },
      "properties": {
        "angle": -112.28558945619028,
        "per_id_keys": "1199608",
        "per_id_capacities": "1200",
        "per_id_lengths": "75.4",
        "per_id_freespeeds": "50.0",
        "per_id_daily_avgs": "30",
        "per_id_permlanes": "2",
        "per_id_arrows": "\u2190",
        "per_id_directions": "forward",
        "searchable_text": "1199608|1200|75.4|50.0|30",
        "daily_avg_volume": 30.0,
        "capacity": 1200.0,
        "freespeed": 50.0,
        "modes": "car,car_passenger,taxi,truck",
        "isTarget": false,
        "link_1451949_inflow": 0,
        "link_1451949_outflow": 0
      }
    },
    {
      "type": "Feature",
      "geometry": {
        "type": "LineString",
        "coordinates": [
          [
            6.1541735932191255,
            46.20318025817068
          ],
          [
            6.154002993218326,
            46.20321965817373
          ]
        ]
      },
      "properties": {
        "angle": 166.99557137448312,
        "per_id_keys": "1286190|1286191",
        "per_id_capacities": "3000|3000",
        "per_id_lengths": "13.9|13.9",
        "per_id_freespeeds": "50.0|50.0",
        "per_id_daily_avgs": "152|150",
        "per_id_permlanes": "2|2",
        "per_id_arrows": "\u2192|\u2190",
        "per_id_directions": "reverse|forward",
        "searchable_text": "1286190|1286191|3000|3000|13.9|13.9|50.0|50.0|152|150",
        "daily_avg_volume": 302.0,
        "capacity": 6000.0,
        "freespeed": 50.0,
        "modes": "car,car_passenger,taxi,truck",
        "isTarget": false,
        "link_1451949_inflow": 192,
        "link_1451949_outflow": 0
      }
    },
    {
      "type": "Feature",
      "geometry": {
        "type": "LineString",
        "coordinates": [
          [
            6.153668393216691,
            46.20329365817977
          ],
          [
            6.154002993218326,
            46.20321965817373
          ]
        ]
      },
      "properties": {
        "angle": -12.470776594322478,
        "per_id_keys": "494467|494468",
        "per_id_capacities": "3000|3000",
        "per_id_lengths": "27.1|27.1",
        "per_id_freespeeds": "50.0|50.0",
        "per_id_daily_avgs": "576|152",
        "per_id_permlanes": "2|2",
        "per_id_arrows": "\u2192|\u2190",
        "per_id_directions": "forward|reverse",
        "searchable_text": "494467|494468|3000|3000|27.1|27.1|50.0|50.0|576|152",
        "daily_avg_volume": 728.0,
        "capacity": 6000.0,
        "freespeed": 50.0,
        "modes": "bus,car,car_passenger,pt,taxi,truck",
        "isTarget": false,
        "link_1451949_inflow": 192,
        "link_1451949_outflow": 0
      }
    },
    {
      "type": "Feature",
      "geometry": {
        "type": "LineString",
        "coordinates": [
          [
            6.153738893228201,
            46.2036189581815
          ],
          [
            6.153922693233335,
            46.203706958179296
          ]
        ]
      },
      "properties": {
        "angle": 25.584225972571286,
        "per_id_keys": "1584193|1584194",
        "per_id_capacities": "3000|3000",
        "per_id_lengths": "17.2|17.2",
        "per_id_freespeeds": "50.0|50.0",
        "per_id_daily_avgs": "102|119",
        "per_id_permlanes": "2|2",
        "per_id_arrows": "\u2190|\u2192",
        "per_id_directions": "reverse|forward",
        "searchable_text": "1584193|1584194|3000|3000|17.2|17.2|50.0|50.0|102|119",
        "daily_avg_volume": 221.0,
        "capacity": 6000.0,
        "freespeed": 50.0,
        "modes": "car,car_passenger,taxi,truck",
        "isTarget": false,
        "link_1451949_inflow": 59,
        "link_1451949_outflow": 0
      }
    },
    {
      "type": "Feature",
      "geometry": {
        "type": "LineString",
        "coordinates": [
          [
            6.146360193292174,
            46.20831935834116
          ],
          [
            6.146108693281588,
            46.20809055834317
          ]
        ]
      },
      "properties": {
        "angle": -137.70590837033376,
        "per_id_keys": "1063117",
        "per_id_capacities": "1800",
        "per_id_lengths": "32.0",
        "per_id_freespeeds": "50.0",
        "per_id_daily_avgs": "25",
        "per_id_permlanes": "3",
        "per_id_arrows": "\u2190",
        "per_id_directions": "forward",
        "searchable_text": "1063117|1800|32.0|50.0|25",
        "daily_avg_volume": 25.0,
        "capacity": 1800.0,
        "freespeed": 50.0,
        "modes": "car,car_passenger,taxi,truck",
        "isTarget": false,
        "link_1451949_outflow": 0,
        "link_1451949_inflow": 0
      }
    },
    {
      "type": "Feature",
      "geometry": {
        "type": "LineString",
        "coordinates": [
          [
            6.1435830932437385,
            46.207875758381896
          ],
          [
            6.1438191932541315,
            46.20810465838008
          ]
        ]
      },
      "properties": {
        "angle": 44.11290894421908,
        "per_id_keys": "1063120|1063121",
        "per_id_capacities": "600|600",
        "per_id_lengths": "31.3|31.3",
        "per_id_freespeeds": "15.0|15.0",
        "per_id_daily_avgs": "17|0",
        "per_id_permlanes": "1|1",
        "per_id_arrows": "\u2192|\u2190",
        "per_id_directions": "forward|reverse",
        "searchable_text": "1063120|1063121|600|600|31.3|31.3|15.0|15.0|17|0",
        "daily_avg_volume": 17.0,
        "capacity": 1200.0,
        "freespeed": 15.000000000000002,
        "modes": "car,car_passenger,taxi,truck",
        "isTarget": false,
        "link_1451949_outflow": 8,
        "link_1451949_inflow": 0
      }
    },
    {
      "type": "Feature",
      "geometry": {
        "type": "LineString",
        "coordinates": [
          [
            6.143921493258541,
            46.20820185837931
          ],
          [
            6.1438191932541315,
            46.20810465838008
          ]
        ]
      },
      "properties": {
        "angle": -136.46438665447752,
        "per_id_keys": "612398|612399",
        "per_id_capacities": "600|600",
        "per_id_lengths": "13.4|13.4",
        "per_id_freespeeds": "15.0|15.0",
        "per_id_daily_avgs": "17|0",
        "per_id_permlanes": "1|1",
        "per_id_arrows": "\u2192|\u2190",
        "per_id_directions": "reverse|forward",
        "searchable_text": "612398|612399|600|600|13.4|13.4|15.0|15.0|17|0",
        "daily_avg_volume": 17.0,
        "capacity": 1200.0,
        "freespeed": 15.000000000000002,
        "modes": "car,car_passenger,taxi,truck",
        "isTarget": false,
        "link_1451949_outflow": 8,
        "link_1451949_inflow": 0
      }
    },
    {
      "type": "Feature",
      "geometry": {
        "type": "LineString",
        "coordinates": [
          [
            6.1435830932437385,
            46.207875758381896
          ],
          [
            6.143217393227745,
            46.2075240583847
          ]
        ]
      },
      "properties": {
        "angle": -136.11798183901988,
        "per_id_keys": "1198899|1198900",
        "per_id_capacities": "600|600",
        "per_id_lengths": "48.2|48.2",
        "per_id_freespeeds": "15.0|15.0",
        "per_id_daily_avgs": "16|0",
        "per_id_permlanes": "1|1",
        "per_id_arrows": "\u2192|\u2190",
        "per_id_directions": "reverse|forward",
        "searchable_text": "1198899|1198900|600|600|48.2|48.2|15.0|15.0|16|0",
        "daily_avg_volume": 16.0,
        "capacity": 1200.0,
        "freespeed": 15.000000000000002,
        "modes": "car,car_passenger,taxi,truck",
        "isTarget": false,
        "link_1451949_outflow": 8,
        "link_1451949_inflow": 0
      }
    },
    {
      "type": "Feature",
      "geometry": {
        "type": "LineString",
        "coordinates": [
          [
            6.14345759322449,
            46.20733505837919
          ],
          [
            6.143217393227745,
            46.2075240583847
          ]
        ]
      },
      "properties": {
        "angle": 141.8027626819283,
        "per_id_keys": "1480703|1480704",
        "per_id_capacities": "300|300",
        "per_id_lengths": "28.0|28.0",
        "per_id_freespeeds": "20.0|20.0",
        "per_id_daily_avgs": "0|16",
        "per_id_permlanes": "1|1",
        "per_id_arrows": "\u2192|\u2190",
        "per_id_directions": "reverse|forward",
        "searchable_text": "1480703|1480704|300|300|28.0|28.0|20.0|20.0|0|16",
        "daily_avg_volume": 16.0,
        "capacity": 600.0,
        "freespeed": 20.0,
        "modes": "car,car_passenger,taxi,truck",
        "isTarget": false,
        "link_1451949_outflow": 3,
        "link_1451949_inflow": 0
      }
    },
    {
      "type": "Feature",
      "geometry": {
        "type": "LineString",
        "coordinates": [
          [
            6.142521093236758,
            46.20805825840057
          ],
          [
            6.143217393227745,
            46.2075240583847
          ]
        ]
      },
      "properties": {
        "angle": -37.49535094887643,
        "per_id_keys": "1529522",
        "per_id_capacities": "300",
        "per_id_lengths": "80.1",
        "per_id_freespeeds": "10.0",
        "per_id_daily_avgs": "0",
        "per_id_permlanes": "1",
        "per_id_arrows": "\u2192",
        "per_id_directions": "forward",
        "searchable_text": "1529522|300|80.1|10.0|0",
        "daily_avg_volume": 0.0,
        "capacity": 300.0,
        "freespeed": 10.0,
        "modes": "car,car_passenger,taxi,truck",
        "isTarget": false,
        "link_1451949_outflow": 0,
        "link_1451949_inflow": 0
      }
    },
    {
      "type": "Feature",
      "geometry": {
        "type": "LineString",
        "coordinates": [
          [
            6.1440047932626145,
            46.208294258378764
          ],
          [
            6.143921493258541,
            46.20820185837931
          ]
        ]
      },
      "properties": {
        "angle": -132.0351402529587,
        "per_id_keys": "387253|387254",
        "per_id_capacities": "600|600",
        "per_id_lengths": "12.1|12.1",
        "per_id_freespeeds": "15.0|15.0",
        "per_id_daily_avgs": "18|16",
        "per_id_permlanes": "1|1",
        "per_id_arrows": "\u2192|\u2190",
        "per_id_directions": "reverse|forward",
        "searchable_text": "387253|387254|600|600|12.1|12.1|15.0|15.0|18|16",
        "daily_avg_volume": 34.0,
        "capacity": 1200.0,
        "freespeed": 15.000000000000002,
        "modes": "car,car_passenger,taxi,truck",
        "isTarget": false,
        "link_1451949_outflow": 16,
        "link_1451949_inflow": 0
      }
    },
    {
      "type": "Feature",
      "geometry": {
        "type": "LineString",
        "coordinates": [
          [
            6.144072393259786,
            46.20818365837673
          ],
          [
            6.143921493258541,
            46.20820185837931
          ]
        ]
      },
      "properties": {
        "angle": 173.12279222307964,
        "per_id_keys": "612384|612384_spec|612385",
        "per_id_capacities": "2250|750|3000",
        "per_id_lengths": "11.8|11.8|11.8",
        "per_id_freespeeds": "30.0|30.0|30.0",
        "per_id_daily_avgs": "177|408|428",
        "per_id_permlanes": "1|0|2",
        "per_id_arrows": "\u2192|\u2192|\u2190",
        "per_id_directions": "reverse|reverse|forward",
        "searchable_text": "612384|612384_spec|612385|2250|750|3000|11.8|11.8|11.8|30.0|30.0|30.0|177|408|428",
        "daily_avg_volume": 1013.0,
        "capacity": 6000.0,
        "freespeed": 30.000000000000004,
        "modes": "bus,car,car_passenger,pt,taxi,truck",
        "isTarget": false,
        "link_1451949_outflow": 523,
        "link_1451949_inflow": 0
      }
    },
    {
      "type": "Feature",
      "geometry": {
        "type": "LineString",
        "coordinates": [
          [
            6.143743293257008,
            46.208220958382356
          ],
          [
            6.143921493258541,
            46.20820185837931
          ]
        ]
      },
      "properties": {
        "angle": -6.117775015235473,
        "per_id_keys": "612392|612392_spec|612393",
        "per_id_capacities": "2250|750|3000",
        "per_id_lengths": "13.9|13.9|13.9",
        "per_id_freespeeds": "30.0|30.0|30.0",
        "per_id_daily_avgs": "174|408|440",
        "per_id_permlanes": "1|0|2",
        "per_id_arrows": "\u2192|\u2192|\u2190",
        "per_id_directions": "forward|forward|reverse",
        "searchable_text": "612392|612392_spec|612393|2250|750|3000|13.9|13.9|13.9|30.0|30.0|30.0|174|408|440",
        "daily_avg_volume": 1022.0,
        "capacity": 6000.0,
        "freespeed": 30.000000000000004,
        "modes": "bus,car,car_passenger,pt,taxi,truck",
        "isTarget": false,
        "link_1451949_outflow": 498,
        "link_1451949_inflow": 0
      }
    },
    {
      "type": "Feature",
      "geometry": {
        "type": "LineString",
        "coordinates": [
          [
            6.145893293256094,
            46.207392258340576
          ],
          [
            6.145472093260134,
            46.20767255834975
          ]
        ]
      },
      "properties": {
        "angle": 146.35704441896488,
        "per_id_keys": "1068303",
        "per_id_capacities": "300",
        "per_id_lengths": "45.0",
        "per_id_freespeeds": "20.0",
        "per_id_daily_avgs": "0",
        "per_id_permlanes": "1",
        "per_id_arrows": "\u2190",
        "per_id_directions": "forward",
        "searchable_text": "1068303|300|45.0|20.0|0",
        "daily_avg_volume": 0.0,
        "capacity": 300.0,
        "freespeed": 20.0,
        "modes": "car,car_passenger,taxi,truck",
        "isTarget": false,
        "link_1451949_outflow": 0,
        "link_1451949_inflow": 0
      }
    },
    {
      "type": "Feature",
      "geometry": {
        "type": "LineString",
        "coordinates": [
          [
            6.145558293263301,
            46.20773745834896
          ],
          [
            6.145472093260134,
            46.20767255834975
          ]
        ]
      },
      "properties": {
        "angle": -143.02390219254653,
        "per_id_keys": "1077701",
        "per_id_capacities": "600",
        "per_id_lengths": "9.8",
        "per_id_freespeeds": "15.0",
        "per_id_daily_avgs": "16",
        "per_id_permlanes": "1",
        "per_id_arrows": "\u2190",
        "per_id_directions": "forward",
        "searchable_text": "1077701|600|9.8|15.0|16",
        "daily_avg_volume": 16.0,
        "capacity": 600.0,
        "freespeed": 15.000000000000002,
        "modes": "car,car_passenger,taxi,truck",
        "isTarget": false,
        "link_1451949_outflow": 3,
        "link_1451949_inflow": 0
      }
    },
    {
      "type": "Feature",
      "geometry": {
        "type": "LineString",
        "coordinates": [
          [
            6.145893293256094,
            46.207392258340576
          ],
          [
            6.146309593271067,
            46.20769495833648
          ]
        ]
      },
      "properties": {
        "angle": 36.02164319495983,
        "per_id_keys": "1901501",
        "per_id_capacities": "600",
        "per_id_lengths": "46.5",
        "per_id_freespeeds": "20.0",
        "per_id_daily_avgs": "5",
        "per_id_permlanes": "1",
        "per_id_arrows": "\u2192",
        "per_id_directions": "forward",
        "searchable_text": "1901501|600|46.5|20.0|5",
        "daily_avg_volume": 5.0,
        "capacity": 600.0,
        "freespeed": 20.0,
        "modes": "car,car_passenger,taxi,truck",
        "isTarget": false,
        "link_1451949_outflow": 0,
        "link_1451949_inflow": 0
      }
    },
    {
      "type": "Feature",
      "geometry": {
        "type": "LineString",
        "coordinates": [
          [
            6.146646093269263,
            46.207514058329515
          ],
          [
            6.146309593271067,
            46.20769495833648
          ]
        ]
      },
      "properties": {
        "angle": 151.7378412442061,
        "per_id_keys": "544363|544363_spec|544364",
        "per_id_capacities": "2250|750|3000",
        "per_id_lengths": "32.8|32.8|32.8",
        "per_id_freespeeds": "50.0|50.0|50.0",
        "per_id_daily_avgs": "160|407|517",
        "per_id_permlanes": "1|0|2",
        "per_id_arrows": "\u2192|\u2192|\u2190",
        "per_id_directions": "reverse|reverse|forward",
        "searchable_text": "544363|544363_spec|544364|2250|750|3000|32.8|32.8|32.8|50.0|50.0|50.0|160|407|517",
        "daily_avg_volume": 1084.0,
        "capacity": 6000.0,
        "freespeed": 50.0,
        "modes": "bus,car,car_passenger,pt,taxi,truck",
        "isTarget": false,
        "link_1451949_outflow": 593,
        "link_1451949_inflow": 0
      }
    },
    {
      "type": "Feature",
      "geometry": {
        "type": "LineString",
        "coordinates": [
          [
            6.14608049327234,
            46.20781895834126
          ],
          [
            6.146309593271067,
            46.20769495833648
          ]
        ]
      },
      "properties": {
        "angle": -28.42439622469063,
        "per_id_keys": "1771864|1771864_spec|1771865|1771865_spec",
        "per_id_capacities": "3750|750|2250|750",
        "per_id_lengths": "22.4|22.4|22.4|22.4",
        "per_id_freespeeds": "50.0|50.0|50.0|50.0",
        "per_id_daily_avgs": "176|407|119|400",
        "per_id_permlanes": "2|0|1|0",
        "per_id_arrows": "\u2192|\u2192|\u2190|\u2190",
        "per_id_directions": "forward|forward|reverse|reverse",
        "searchable_text": "1771864|1771864_spec|1771865|1771865_spec|3750|750|2250|750|22.4|22.4|22.4|22.4|50.0|50.0|50.0|50.0|176|407|119|400",
        "daily_avg_volume": 1102.0,
        "capacity": 7500.0,
        "freespeed": 50.0,
        "modes": "bus,car,car_passenger,pt,taxi,truck",
        "isTarget": false,
        "link_1451949_outflow": 582,
        "link_1451949_inflow": 0
      }
    },
    {
      "type": "Feature",
      "geometry": {
        "type": "LineString",
        "coordinates": [
          [
            6.145893293256094,
            46.207392258340576
          ],
          [
            6.145827893253565,
            46.20734005834114
          ]
        ]
      },
      "properties": {
        "angle": -141.40435410761805,
        "per_id_keys": "317992|317993",
        "per_id_capacities": "300|300",
        "per_id_lengths": "7.7|7.7",
        "per_id_freespeeds": "20.0|20.0",
        "per_id_daily_avgs": "5|0",
        "per_id_permlanes": "1|1",
        "per_id_arrows": "\u2192|\u2190",
        "per_id_directions": "reverse|forward",
        "searchable_text": "317992|317993|300|300|7.7|7.7|20.0|20.0|5|0",
        "daily_avg_volume": 5.0,
        "capacity": 600.0,
        "freespeed": 20.0,
        "modes": "car,car_passenger,taxi,truck",
        "isTarget": false,
        "link_1451949_outflow": 0,
        "link_1451949_inflow": 0
      }
    },
    {
      "type": "Feature",
      "geometry": {
        "type": "LineString",
        "coordinates": [
          [
            6.146311393248821,
            46.20701515833049
          ],
          [
            6.145827893253565,
            46.20734005834114
          ]
        ]
      },
      "properties": {
        "angle": 146.09987776859086,
        "per_id_keys": "652364",
        "per_id_capacities": "300",
        "per_id_lengths": "51.9",
        "per_id_freespeeds": "10.0",
        "per_id_daily_avgs": "5",
        "per_id_permlanes": "1",
        "per_id_arrows": "\u2190",
        "per_id_directions": "forward",
        "searchable_text": "652364|300|51.9|10.0|5",
        "daily_avg_volume": 5.0,
        "capacity": 300.0,
        "freespeed": 10.0,
        "modes": "car,car_passenger,taxi,truck",
        "isTarget": false,
        "link_1451949_outflow": 2,
        "link_1451949_inflow": 0
      }
    },
    {
      "type": "Feature",
      "geometry": {
        "type": "LineString",
        "coordinates": [
          [
            6.14589329327326,
            46.2079162583451
          ],
          [
            6.145558293263301,
            46.20773745834896
          ]
        ]
      },
      "properties": {
        "angle": -151.90976301412275,
        "per_id_keys": "1077700",
        "per_id_capacities": "600",
        "per_id_lengths": "33.3",
        "per_id_freespeeds": "15.0",
        "per_id_daily_avgs": "6",
        "per_id_permlanes": "1",
        "per_id_arrows": "\u2190",
        "per_id_directions": "forward",
        "searchable_text": "1077700|600|33.3|15.0|6",
        "daily_avg_volume": 6.0,
        "capacity": 600.0,
        "freespeed": 15.000000000000002,
        "modes": "car,car_passenger,taxi,truck",
        "isTarget": false,
        "link_1451949_outflow": 3,
        "link_1451949_inflow": 0
      }
    },
    {
      "type": "Feature",
      "geometry": {
        "type": "LineString",
        "coordinates": [
          [
            6.145593593273494,
            46.20803535835098
          ],
          [
            6.145558293263301,
            46.20773745834896
          ]
        ]
      },
      "properties": {
        "angle": -96.75781855775712,
        "per_id_keys": "983250",
        "per_id_capacities": "600",
        "per_id_lengths": "34.0",
        "per_id_freespeeds": "15.0",
        "per_id_daily_avgs": "10",
        "per_id_permlanes": "1",
        "per_id_arrows": "\u2190",
        "per_id_directions": "forward",
        "searchable_text": "983250|600|34.0|15.0|10",
        "daily_avg_volume": 10.0,
        "capacity": 600.0,
        "freespeed": 15.000000000000002,
        "modes": "car,car_passenger,taxi,truck",
        "isTarget": false,
        "link_1451949_outflow": 0,
        "link_1451949_inflow": 0
      }
    },
    {
      "type": "Feature",
      "geometry": {
        "type": "LineString",
        "coordinates": [
          [
            6.14589329327326,
            46.2079162583451
          ],
          [
            6.145760293273517,
            46.207973358347786
          ]
        ]
      },
      "properties": {
        "angle": 156.76502360126403,
        "per_id_keys": "538922|538922_spec|538923|538923_spec",
        "per_id_capacities": "2250|750|2250|750",
        "per_id_lengths": "22.2|22.2|22.2|22.2",
        "per_id_freespeeds": "80.0|80.0|80.0|80.0",
        "per_id_daily_avgs": "165|407|128|400",
        "per_id_permlanes": "1|0|1|0",
        "per_id_arrows": "\u2192|\u2192|\u2190|\u2190",
        "per_id_directions": "reverse|reverse|forward|forward",
        "searchable_text": "538922|538922_spec|538923|538923_spec|2250|750|2250|750|22.2|22.2|22.2|22.2|80.0|80.0|80.0|80.0|165|407|128|400",
        "daily_avg_volume": 1100.0,
        "capacity": 6000.0,
        "freespeed": 80.0,
        "modes": "bus,car,car_passenger,pt,taxi,truck",
        "isTarget": false,
        "link_1451949_outflow": 578,
        "link_1451949_inflow": 0
      }
    },
    {
      "type": "Feature",
      "geometry": {
        "type": "LineString",
        "coordinates": [
          [
            6.145593593273494,
            46.20803535835098
          ],
          [
            6.145760293273517,
            46.207973358347786
          ]
        ]
      },
      "properties": {
        "angle": -20.4014580500339,
        "per_id_keys": "605190|605190_spec|605191|605191_spec",
        "per_id_capacities": "2250|750|2250|750",
        "per_id_lengths": "22.2|22.2|22.2|22.2",
        "per_id_freespeeds": "80.0|80.0|80.0|80.0",
        "per_id_daily_avgs": "167|407|130|400",
        "per_id_permlanes": "1|0|1|0",
        "per_id_arrows": "\u2192|\u2192|\u2190|\u2190",
        "per_id_directions": "forward|forward|reverse|reverse",
        "searchable_text": "605190|605190_spec|605191|605191_spec|2250|750|2250|750|22.2|22.2|22.2|22.2|80.0|80.0|80.0|80.0|167|407|130|400",
        "daily_avg_volume": 1104.0,
        "capacity": 6000.0,
        "freespeed": 80.0,
        "modes": "bus,car,car_passenger,pt,taxi,truck",
        "isTarget": false,
        "link_1451949_outflow": 578,
        "link_1451949_inflow": 0
      }
    },
    {
      "type": "Feature",
      "geometry": {
        "type": "LineString",
        "coordinates": [
          [
            6.14589329327326,
            46.2079162583451
          ],
          [
            6.14608049327234,
            46.20781895834126
          ]
        ]
      },
      "properties": {
        "angle": -27.46383108384893,
        "per_id_keys": "538924|538924_spec|538925|538925_spec",
        "per_id_capacities": "3750|750|2250|750",
        "per_id_lengths": "18.1|18.1|18.1|18.1",
        "per_id_freespeeds": "50.0|50.0|50.0|50.0",
        "per_id_daily_avgs": "176|407|119|400",
        "per_id_permlanes": "2|0|1|0",
        "per_id_arrows": "\u2192|\u2192|\u2190|\u2190",
        "per_id_directions": "forward|forward|reverse|reverse",
        "searchable_text": "538924|538924_spec|538925|538925_spec|3750|750|2250|750|18.1|18.1|18.1|18.1|50.0|50.0|50.0|50.0|176|407|119|400",
        "daily_avg_volume": 1102.0,
        "capacity": 7500.0,
        "freespeed": 50.0,
        "modes": "bus,car,car_passenger,pt,taxi,truck",
        "isTarget": false,
        "link_1451949_outflow": 582,
        "link_1451949_inflow": 0
      }
    },
    {
      "type": "Feature",
      "geometry": {
        "type": "LineString",
        "coordinates": [
          [
            6.147704693263416,
            46.20694095830748
          ],
          [
            6.14752219326029,
            46.20691385831018
          ]
        ]
      },
      "properties": {
        "angle": -171.55369026047205,
        "per_id_keys": "1078314",
        "per_id_capacities": "300",
        "per_id_lengths": "14.4",
        "per_id_freespeeds": "10.0",
        "per_id_daily_avgs": "4",
        "per_id_permlanes": "1",
        "per_id_arrows": "\u2190",
        "per_id_directions": "forward",
        "searchable_text": "1078314|300|14.4|10.0|4",
        "daily_avg_volume": 4.0,
        "capacity": 300.0,
        "freespeed": 10.0,
        "modes": "car,car_passenger,taxi,truck",
        "isTarget": false,
        "link_1451949_outflow": 2,
        "link_1451949_inflow": 0
      }
    },
    {
      "type": "Feature",
      "geometry": {
        "type": "LineString",
        "coordinates": [
          [
            6.147704693263416,
            46.20694095830748
          ],
          [
            6.147473993264773,
            46.2070686583123
          ]
        ]
      },
      "properties": {
        "angle": 151.03403565487588,
        "per_id_keys": "1381582|1381582_spec|1381583",
        "per_id_capacities": "3750|750|3000",
        "per_id_lengths": "22.8|22.8|22.8",
        "per_id_freespeeds": "50.0|50.0|50.0",
        "per_id_daily_avgs": "160|407|517",
        "per_id_permlanes": "2|0|2",
        "per_id_arrows": "\u2192|\u2192|\u2190",
        "per_id_directions": "reverse|reverse|forward",
        "searchable_text": "1381582|1381582_spec|1381583|3750|750|3000|22.8|22.8|22.8|50.0|50.0|50.0|160|407|517",
        "daily_avg_volume": 1084.0,
        "capacity": 7500.0,
        "freespeed": 50.0,
        "modes": "bus,car,car_passenger,pt,taxi,truck",
        "isTarget": false,
        "link_1451949_outflow": 593,
        "link_1451949_inflow": 0
      }
    },
    {
      "type": "Feature",
      "geometry": {
        "type": "LineString",
        "coordinates": [
          [
            6.147325893265619,
            46.20714965831538
          ],
          [
            6.147473993264773,
            46.2070686583123
          ]
        ]
      },
      "properties": {
        "angle": -28.675474105973393,
        "per_id_keys": "1730172|1730172_spec|1730173",
        "per_id_capacities": "3750|750|3000",
        "per_id_lengths": "14.6|14.6|14.6",
        "per_id_freespeeds": "50.0|50.0|50.0",
        "per_id_daily_avgs": "160|407|517",
        "per_id_permlanes": "2|0|2",
        "per_id_arrows": "\u2192|\u2192|\u2190",
        "per_id_directions": "forward|forward|reverse",
        "searchable_text": "1730172|1730172_spec|1730173|3750|750|3000|14.6|14.6|14.6|50.0|50.0|50.0|160|407|517",
        "daily_avg_volume": 1084.0,
        "capacity": 7500.0,
        "freespeed": 50.0,
        "modes": "bus,car,car_passenger,pt,taxi,truck",
        "isTarget": false,
        "link_1451949_outflow": 593,
        "link_1451949_inflow": 0
      }
    },
    {
      "type": "Feature",
      "geometry": {
        "type": "LineString",
        "coordinates": [
          [
            6.147704693263416,
            46.20694095830748
          ],
          [
            6.147725193263056,
            46.20692255830702
          ]
        ]
      },
      "properties": {
        "angle": -41.90991237411388,
        "per_id_keys": "445642|445643",
        "per_id_capacities": "3000|3000",
        "per_id_lengths": "22.2|22.2",
        "per_id_freespeeds": "80.0|80.0",
        "per_id_daily_avgs": "517|717",
        "per_id_permlanes": "2|2",
        "per_id_arrows": "\u2190|\u2192",
        "per_id_directions": "reverse|forward",
        "searchable_text": "445642|445643|3000|3000|22.2|22.2|80.0|80.0|517|717",
        "daily_avg_volume": 1234.0,
        "capacity": 6000.0,
        "freespeed": 80.0,
        "modes": "bus,car,car_passenger,pt,taxi,truck",
        "isTarget": false,
        "link_1451949_outflow": 596,
        "link_1451949_inflow": 0
      }
    },
    {
      "type": "Feature",
      "geometry": {
        "type": "LineString",
        "coordinates": [
          [
            6.1479513932583405,
            46.20669425830134
          ],
          [
            6.147725193263056,
            46.20692255830702
          ]
        ]
      },
      "properties": {
        "angle": 134.73526759928814,
        "per_id_keys": "922279|922280",
        "per_id_capacities": "3000|3000",
        "per_id_lengths": "30.8|30.8",
        "per_id_freespeeds": "50.0|50.0",
        "per_id_daily_avgs": "517|717",
        "per_id_permlanes": "2|2",
        "per_id_arrows": "\u2190|\u2192",
        "per_id_directions": "forward|reverse",
        "searchable_text": "922279|922280|3000|3000|30.8|30.8|50.0|50.0|517|717",
        "daily_avg_volume": 1234.0,
        "capacity": 6000.0,
        "freespeed": 50.0,
        "modes": "bus,car,car_passenger,pt,taxi,truck",
        "isTarget": false,
        "link_1451949_outflow": 596,
        "link_1451949_inflow": 0
      }
    },
    {
      "type": "Feature",
      "geometry": {
        "type": "LineString",
        "coordinates": [
          [
            6.158401293324174,
            46.204811758116996
          ],
          [
            6.15887779331519,
            46.2043603581054
          ]
        ]
      },
      "properties": {
        "angle": -43.45050946331514,
        "per_id_keys": "1643985|1643986",
        "per_id_capacities": "600|600",
        "per_id_lengths": "62.2|62.2",
        "per_id_freespeeds": "30.0|30.0",
        "per_id_daily_avgs": "2|1",
        "per_id_permlanes": "1|1",
        "per_id_arrows": "\u2190|\u2192",
        "per_id_directions": "reverse|forward",
        "searchable_text": "1643985|1643986|600|600|62.2|62.2|30.0|30.0|2|1",
        "daily_avg_volume": 3.0,
        "capacity": 1200.0,
        "freespeed": 30.000000000000004,
        "modes": "car,car_passenger,taxi,truck",
        "isTarget": false,
        "link_1451949_inflow": 0,
        "link_1451949_outflow": 0
      }
    },
    {
      "type": "Feature",
      "geometry": {
        "type": "LineString",
        "coordinates": [
          [
            6.159608793300223,
            46.20363135808724
          ],
          [
            6.15887779331519,
            46.2043603581054
          ]
        ]
      },
      "properties": {
        "angle": 135.07848602015113,
        "per_id_keys": "1089141|1089142",
        "per_id_capacities": "600|600",
        "per_id_lengths": "98.7|98.7",
        "per_id_freespeeds": "30.0|30.0",
        "per_id_daily_avgs": "1|1",
        "per_id_permlanes": "1|1",
        "per_id_arrows": "\u2192|\u2190",
        "per_id_directions": "reverse|forward",
        "searchable_text": "1089141|1089142|600|600|98.7|98.7|30.0|30.0|1|1",
        "daily_avg_volume": 2.0,
        "capacity": 1200.0,
        "freespeed": 30.000000000000004,
        "modes": "car,car_passenger,taxi,truck",
        "isTarget": false,
        "link_1451949_inflow": 0,
        "link_1451949_outflow": 0
      }
    },
    {
      "type": "Feature",
      "geometry": {
        "type": "LineString",
        "coordinates": [
          [
            6.159310793328399,
            46.20460215810057
          ],
          [
            6.15887779331519,
            46.2043603581054
          ]
        ]
      },
      "properties": {
        "angle": -150.81971916446943,
        "per_id_keys": "1098538|1098538_spec|1098539",
        "per_id_capacities": "900|300|900",
        "per_id_lengths": "42.9|42.9|42.9",
        "per_id_freespeeds": "50.0|50.0|50.0",
        "per_id_daily_avgs": "31|364|239",
        "per_id_permlanes": "1|0|1",
        "per_id_arrows": "\u2190|\u2190|\u2192",
        "per_id_directions": "forward|forward|reverse",
        "searchable_text": "1098538|1098538_spec|1098539|900|300|900|42.9|42.9|42.9|50.0|50.0|50.0|31|364|239",
        "daily_avg_volume": 634.0,
        "capacity": 2100.0,
        "freespeed": 50.0,
        "modes": "bus,car,car_passenger,pt,taxi,truck",
        "isTarget": false,
        "link_1451949_inflow": 60,
        "link_1451949_outflow": 0
      }
    },
    {
      "type": "Feature",
      "geometry": {
        "type": "LineString",
        "coordinates": [
          [
            6.158256993296206,
            46.20401255811231
          ],
          [
            6.15887779331519,
            46.2043603581054
          ]
        ]
      },
      "properties": {
        "angle": 29.259503500189442,
        "per_id_keys": "1098540|1098540_spec|1098541",
        "per_id_capacities": "900|300|900",
        "per_id_lengths": "61.6|61.6|61.6",
        "per_id_freespeeds": "50.0|50.0|50.0",
        "per_id_daily_avgs": "32|364|241",
        "per_id_permlanes": "1|0|1",
        "per_id_arrows": "\u2190|\u2190|\u2192",
        "per_id_directions": "reverse|reverse|forward",
        "searchable_text": "1098540|1098540_spec|1098541|900|300|900|61.6|61.6|61.6|50.0|50.0|50.0|32|364|241",
        "daily_avg_volume": 637.0,
        "capacity": 2100.0,
        "freespeed": 50.0,
        "modes": "bus,car,car_passenger,pt,taxi,truck",
        "isTarget": false,
        "link_1451949_inflow": 61,
        "link_1451949_outflow": 0
      }
    },
    {
      "type": "Feature",
      "geometry": {
        "type": "LineString",
        "coordinates": [
          [
            6.161639793337262,
            46.2040059580579
          ],
          [
            6.160650893307422,
            46.20346285806904
          ]
        ]
      },
      "properties": {
        "angle": -151.22458334601689,
        "per_id_keys": "57094|57095",
        "per_id_capacities": "600|600",
        "per_id_lengths": "97.3|97.3",
        "per_id_freespeeds": "30.0|30.0",
        "per_id_daily_avgs": "7|6",
        "per_id_permlanes": "1|1",
        "per_id_arrows": "\u2192|\u2190",
        "per_id_directions": "reverse|forward",
        "searchable_text": "57094|57095|600|600|97.3|97.3|30.0|30.0|7|6",
        "daily_avg_volume": 13.0,
        "capacity": 1200.0,
        "freespeed": 30.000000000000004,
        "modes": "car,car_passenger,taxi,truck",
        "isTarget": false,
        "link_1451949_inflow": 0,
        "link_1451949_outflow": 0
      }
    },
    {
      "type": "Feature",
      "geometry": {
        "type": "LineString",
        "coordinates": [
          [
            6.160096393291146,
            46.20317285807541
          ],
          [
            6.160650893307422,
            46.20346285806904
          ]
        ]
      },
      "properties": {
        "angle": 27.609281997027484,
        "per_id_keys": "57092|57093",
        "per_id_capacities": "600|600",
        "per_id_lengths": "53.6|53.6",
        "per_id_freespeeds": "30.0|30.0",
        "per_id_daily_avgs": "8|4",
        "per_id_permlanes": "1|1",
        "per_id_arrows": "\u2192|\u2190",
        "per_id_directions": "forward|reverse",
        "searchable_text": "57092|57093|600|600|53.6|53.6|30.0|30.0|8|4",
        "daily_avg_volume": 12.0,
        "capacity": 1200.0,
        "freespeed": 30.000000000000004,
        "modes": "car,car_passenger,taxi,truck",
        "isTarget": false,
        "link_1451949_inflow": 0,
        "link_1451949_outflow": 0
      }
    },
    {
      "type": "Feature",
      "geometry": {
        "type": "LineString",
        "coordinates": [
          [
            6.159130993237945,
            46.20190815807985
          ],
          [
            6.158982993241218,
            46.202063358083564
          ]
        ]
      },
      "properties": {
        "angle": 133.6396685507797,
        "per_id_keys": "1089134",
        "per_id_capacities": "600",
        "per_id_lengths": "20.7",
        "per_id_freespeeds": "30.0",
        "per_id_daily_avgs": "6",
        "per_id_permlanes": "1",
        "per_id_arrows": "\u2190",
        "per_id_directions": "forward",
        "searchable_text": "1089134|600|20.7|30.0|6",
        "daily_avg_volume": 6.0,
        "capacity": 600.0,
        "freespeed": 30.000000000000004,
        "modes": "car,car_passenger,taxi,truck",
        "isTarget": false,
        "link_1451949_inflow": 0,
        "link_1451949_outflow": 0
      }
    },
    {
      "type": "Feature",
      "geometry": {
        "type": "LineString",
        "coordinates": [
          [
            6.160405293280898,
            46.202745058066725
          ],
          [
            6.158982993241218,
            46.202063358083564
          ]
        ]
      },
      "properties": {
        "angle": -154.3918758477333,
        "per_id_keys": "56932|56933",
        "per_id_capacities": "600|600",
        "per_id_lengths": "133.4|133.4",
        "per_id_freespeeds": "30.0|30.0",
        "per_id_daily_avgs": "1|0",
        "per_id_permlanes": "1|1",
        "per_id_arrows": "\u2192|\u2190",
        "per_id_directions": "reverse|forward",
        "searchable_text": "56932|56933|600|600|133.4|133.4|30.0|30.0|1|0",
        "daily_avg_volume": 1.0,
        "capacity": 1200.0,
        "freespeed": 30.000000000000004,
        "modes": "car,car_passenger,taxi,truck",
        "isTarget": false,
        "link_1451949_inflow": 0,
        "link_1451949_outflow": 0
      }
    },
    {
      "type": "Feature",
      "geometry": {
        "type": "LineString",
        "coordinates": [
          [
            6.158982993241218,
            46.202063358083564
          ],
          [
            6.158663393248276,
            46.20239865809166
          ]
        ]
      },
      "properties": {
        "angle": 133.6267027969085,
        "per_id_keys": "1089135",
        "per_id_capacities": "600",
        "per_id_lengths": "44.7",
        "per_id_freespeeds": "30.0",
        "per_id_daily_avgs": "5",
        "per_id_permlanes": "1",
        "per_id_arrows": "\u2190",
        "per_id_directions": "forward",
        "searchable_text": "1089135|600|44.7|30.0|5",
        "daily_avg_volume": 5.0,
        "capacity": 600.0,
        "freespeed": 30.000000000000004,
        "modes": "car,car_passenger,taxi,truck",
        "isTarget": false,
        "link_1451949_inflow": 0,
        "link_1451949_outflow": 0
      }
    },
    {
      "type": "Feature",
      "geometry": {
        "type": "LineString",
        "coordinates": [
          [
            6.159439093271713,
            46.20282435808296
          ],
          [
            6.158663393248276,
            46.20239865809166
          ]
        ]
      },
      "properties": {
        "angle": -151.24225727501354,
        "per_id_keys": "57088|57089",
        "per_id_capacities": "600|600",
        "per_id_lengths": "76.3|76.3",
        "per_id_freespeeds": "30.0|30.0",
        "per_id_daily_avgs": "7|4",
        "per_id_permlanes": "1|1",
        "per_id_arrows": "\u2192|\u2190",
        "per_id_directions": "reverse|forward",
        "searchable_text": "57088|57089|600|600|76.3|76.3|30.0|30.0|7|4",
        "daily_avg_volume": 11.0,
        "capacity": 1200.0,
        "freespeed": 30.000000000000004,
        "modes": "car,car_passenger,taxi,truck",
        "isTarget": false,
        "link_1451949_inflow": 0,
        "link_1451949_outflow": 0
      }
    },
    {
      "type": "Feature",
      "geometry": {
        "type": "LineString",
        "coordinates": [
          [
            6.15843849325259,
            46.202613358097175
          ],
          [
            6.158663393248276,
            46.20239865809166
          ]
        ]
      },
      "properties": {
        "angle": -43.6708108690482,
        "per_id_keys": "523855|523856",
        "per_id_capacities": "600|600",
        "per_id_lengths": "29.5|29.5",
        "per_id_freespeeds": "30.0|30.0",
        "per_id_daily_avgs": "5|1",
        "per_id_permlanes": "1|1",
        "per_id_arrows": "\u2192|\u2190",
        "per_id_directions": "forward|reverse",
        "searchable_text": "523855|523856|600|600|29.5|29.5|30.0|30.0|5|1",
        "daily_avg_volume": 6.0,
        "capacity": 1200.0,
        "freespeed": 30.000000000000004,
        "modes": "car,car_passenger,taxi,truck",
        "isTarget": false,
        "link_1451949_inflow": 0,
        "link_1451949_outflow": 0
      }
    },
    {
      "type": "Feature",
      "geometry": {
        "type": "LineString",
        "coordinates": [
          [
            6.160482193282981,
            46.20277985806578
          ],
          [
            6.160405293280898,
            46.202745058066725
          ]
        ]
      },
      "properties": {
        "angle": -155.65154862619275,
        "per_id_keys": "56934|56935",
        "per_id_capacities": "600|600",
        "per_id_lengths": "8.3|8.3",
        "per_id_freespeeds": "30.0|30.0",
        "per_id_daily_avgs": "1|0",
        "per_id_permlanes": "1|1",
        "per_id_arrows": "\u2192|\u2190",
        "per_id_directions": "reverse|forward",
        "searchable_text": "56934|56935|600|600|8.3|8.3|30.0|30.0|1|0",
        "daily_avg_volume": 1.0,
        "capacity": 1200.0,
        "freespeed": 30.000000000000004,
        "modes": "car,car_passenger,taxi,truck",
        "isTarget": false,
        "link_1451949_inflow": 0,
        "link_1451949_outflow": 0
      }
    },
    {
      "type": "Feature",
      "geometry": {
        "type": "LineString",
        "coordinates": [
          [
            6.155690993268612,
            46.204125758154554
          ],
          [
            6.15716829325455,
            46.20314645812221
          ]
        ]
      },
      "properties": {
        "angle": -33.54034056158237,
        "per_id_keys": "1089136",
        "per_id_capacities": "600",
        "per_id_lengths": "157.6",
        "per_id_freespeeds": "30.0",
        "per_id_daily_avgs": "1",
        "per_id_permlanes": "1",
        "per_id_arrows": "\u2192",
        "per_id_directions": "forward",
        "searchable_text": "1089136|600|157.6|30.0|1",
        "daily_avg_volume": 1.0,
        "capacity": 600.0,
        "freespeed": 30.000000000000004,
        "modes": "car,car_passenger,taxi,truck",
        "isTarget": false,
        "link_1451949_inflow": 0,
        "link_1451949_outflow": 0
      }
    },
    {
      "type": "Feature",
      "geometry": {
        "type": "LineString",
        "coordinates": [
          [
            6.155690993268612,
            46.204125758154554
          ],
          [
            6.155158393254569,
            46.20389515816109
          ]
        ]
      },
      "properties": {
        "angle": -156.5888209297145,
        "per_id_keys": "1427843|1427844",
        "per_id_capacities": "600|600",
        "per_id_lengths": "48.5|48.5",
        "per_id_freespeeds": "30.0|30.0",
        "per_id_daily_avgs": "2|2",
        "per_id_permlanes": "1|1",
        "per_id_arrows": "\u2192|\u2190",
        "per_id_directions": "reverse|forward",
        "searchable_text": "1427843|1427844|600|600|48.5|48.5|30.0|30.0|2|2",
        "daily_avg_volume": 4.0,
        "capacity": 1200.0,
        "freespeed": 30.000000000000004,
        "modes": "car,car_passenger,taxi,truck",
        "isTarget": false,
        "link_1451949_inflow": 0,
        "link_1451949_outflow": 0
      }
    },
    {
      "type": "Feature",
      "geometry": {
        "type": "LineString",
        "coordinates": [
          [
            6.155102093257481,
            46.20400545816297
          ],
          [
            6.155158393254569,
            46.20389515816109
          ]
        ]
      },
      "properties": {
        "angle": -62.95904842362664,
        "per_id_keys": "45288|45289",
        "per_id_capacities": "1500|2000",
        "per_id_lengths": "13.9|13.9",
        "per_id_freespeeds": "50.0|50.0",
        "per_id_daily_avgs": "3|6",
        "per_id_permlanes": "1|2",
        "per_id_arrows": "\u2192|\u2190",
        "per_id_directions": "forward|reverse",
        "searchable_text": "45288|45289|1500|2000|13.9|13.9|50.0|50.0|3|6",
        "daily_avg_volume": 9.0,
        "capacity": 3500.0,
        "freespeed": 50.0,
        "modes": "car,car_passenger,taxi,truck",
        "isTarget": false,
        "link_1451949_inflow": 0,
        "link_1451949_outflow": 0
      }
    },
    {
      "type": "Feature",
      "geometry": {
        "type": "LineString",
        "coordinates": [
          [
            6.155275293245847,
            46.20358535815647
          ],
          [
            6.155158393254569,
            46.20389515816109
          ]
        ]
      },
      "properties": {
        "angle": 110.67350669569315,
        "per_id_keys": "1937745|1937746",
        "per_id_capacities": "1500|2000",
        "per_id_lengths": "35.6|35.6",
        "per_id_freespeeds": "50.0|50.0",
        "per_id_daily_avgs": "2|5",
        "per_id_permlanes": "1|2",
        "per_id_arrows": "\u2192|\u2190",
        "per_id_directions": "reverse|forward",
        "searchable_text": "1937745|1937746|1500|2000|35.6|35.6|50.0|50.0|2|5",
        "daily_avg_volume": 7.0,
        "capacity": 3500.0,
        "freespeed": 50.0,
        "modes": "car,car_passenger,taxi,truck",
        "isTarget": false,
        "link_1451949_inflow": 0,
        "link_1451949_outflow": 0
      }
    },
    {
      "type": "Feature",
      "geometry": {
        "type": "LineString",
        "coordinates": [
          [
            6.15716829325455,
            46.20314645812221
          ],
          [
            6.1572212932539845,
            46.20310905812106
          ]
        ]
      },
      "properties": {
        "angle": -35.20910456822384,
        "per_id_keys": "1089137",
        "per_id_capacities": "600",
        "per_id_lengths": "8.3",
        "per_id_freespeeds": "30.0",
        "per_id_daily_avgs": "1",
        "per_id_permlanes": "1",
        "per_id_arrows": "\u2192",
        "per_id_directions": "forward",
        "searchable_text": "1089137|600|8.3|30.0|1",
        "daily_avg_volume": 1.0,
        "capacity": 600.0,
        "freespeed": 30.000000000000004,
        "modes": "car,car_passenger,taxi,truck",
        "isTarget": false,
        "link_1451949_inflow": 0,
        "link_1451949_outflow": 0
      }
    },
    {
      "type": "Feature",
      "geometry": {
        "type": "LineString",
        "coordinates": [
          [
            6.157453793265656,
            46.20337855811967
          ],
          [
            6.1572212932539845,
            46.20310905812106
          ]
        ]
      },
      "properties": {
        "angle": -130.78462811443953,
        "per_id_keys": "1098532|1098532_spec|1098533",
        "per_id_capacities": "900|300|600",
        "per_id_lengths": "34.9|34.9|34.9",
        "per_id_freespeeds": "50.0|50.0|50.0",
        "per_id_daily_avgs": "42|364|240",
        "per_id_permlanes": "1|0|1",
        "per_id_arrows": "\u2190|\u2190|\u2192",
        "per_id_directions": "forward|forward|reverse",
        "searchable_text": "1098532|1098532_spec|1098533|900|300|600|34.9|34.9|34.9|50.0|50.0|50.0|42|364|240",
        "daily_avg_volume": 646.0,
        "capacity": 1800.0,
        "freespeed": 50.0,
        "modes": "bus,car,car_passenger,pt,taxi,truck",
        "isTarget": false,
        "link_1451949_inflow": 63,
        "link_1451949_outflow": 0
      }
    },
    {
      "type": "Feature",
      "geometry": {
        "type": "LineString",
        "coordinates": [
          [
            6.156711393232031,
            46.20262905812506
          ],
          [
            6.1572212932539845,
            46.20310905812106
          ]
        ]
      },
      "properties": {
        "angle": 43.269901450830915,
        "per_id_keys": "1098534|1098534_spec|1098535",
        "per_id_capacities": "900|300|600",
        "per_id_lengths": "66.6|66.6|66.6",
        "per_id_freespeeds": "50.0|50.0|50.0",
        "per_id_daily_avgs": "43|364|240",
        "per_id_permlanes": "1|0|1",
        "per_id_arrows": "\u2190|\u2190|\u2192",
        "per_id_directions": "reverse|reverse|forward",
        "searchable_text": "1098534|1098534_spec|1098535|900|300|600|66.6|66.6|66.6|50.0|50.0|50.0|43|364|240",
        "daily_avg_volume": 647.0,
        "capacity": 1800.0,
        "freespeed": 50.0,
        "modes": "bus,car,car_passenger,pt,taxi,truck",
        "isTarget": false,
        "link_1451949_inflow": 63,
        "link_1451949_outflow": 0
      }
    },
    {
      "type": "Feature",
      "geometry": {
        "type": "LineString",
        "coordinates": [
          [
            6.16082259327658,
            46.20245755805749
          ],
          [
            6.161395993292628,
            46.202734158050674
          ]
        ]
      },
      "properties": {
        "angle": 25.751998810542037,
        "per_id_keys": "1089140",
        "per_id_capacities": "600",
        "per_id_lengths": "53.9",
        "per_id_freespeeds": "30.0",
        "per_id_daily_avgs": "2",
        "per_id_permlanes": "1",
        "per_id_arrows": "\u2192",
        "per_id_directions": "forward",
        "searchable_text": "1089140|600|53.9|30.0|2",
        "daily_avg_volume": 2.0,
        "capacity": 600.0,
        "freespeed": 30.000000000000004,
        "modes": "car,car_passenger,taxi,truck",
        "isTarget": false,
        "link_1451949_inflow": 0,
        "link_1451949_outflow": 0
      }
    },
    {
      "type": "Feature",
      "geometry": {
        "type": "LineString",
        "coordinates": [
          [
            6.160650893307422,
            46.20346285806904
          ],
          [
            6.161395993292628,
            46.202734158050674
          ]
        ]
      },
      "properties": {
        "angle": -44.36245752424134,
        "per_id_keys": "1089922",
        "per_id_capacities": "600",
        "per_id_lengths": "99.3",
        "per_id_freespeeds": "30.0",
        "per_id_daily_avgs": "1",
        "per_id_permlanes": "1",
        "per_id_arrows": "\u2192",
        "per_id_directions": "forward",
        "searchable_text": "1089922|600|99.3|30.0|1",
        "daily_avg_volume": 1.0,
        "capacity": 600.0,
        "freespeed": 30.000000000000004,
        "modes": "car,car_passenger,taxi,truck",
        "isTarget": false,
        "link_1451949_inflow": 0,
        "link_1451949_outflow": 0
      }
    },
    {
      "type": "Feature",
      "geometry": {
        "type": "LineString",
        "coordinates": [
          [
            6.16082259327658,
            46.20245755805749
          ],
          [
            6.160877193275413,
            46.20240215805611
          ]
        ]
      },
      "properties": {
        "angle": -45.416690557514066,
        "per_id_keys": "48868|48869",
        "per_id_capacities": "600|600",
        "per_id_lengths": "8.3|8.3",
        "per_id_freespeeds": "30.0|30.0",
        "per_id_daily_avgs": "3|3",
        "per_id_permlanes": "1|1",
        "per_id_arrows": "\u2190|\u2192",
        "per_id_directions": "reverse|forward",
        "searchable_text": "48868|48869|600|600|8.3|8.3|30.0|30.0|3|3",
        "daily_avg_volume": 6.0,
        "capacity": 1200.0,
        "freespeed": 30.000000000000004,
        "modes": "car,car_passenger,taxi,truck",
        "isTarget": false,
        "link_1451949_inflow": 0,
        "link_1451949_outflow": 0
      }
    },
    {
      "type": "Feature",
      "geometry": {
        "type": "LineString",
        "coordinates": [
          [
            6.161717993258677,
            46.201577658035404
          ],
          [
            6.160877193275413,
            46.20240215805611
          ]
        ]
      },
      "properties": {
        "angle": 135.56079339196788,
        "per_id_keys": "48866|48867",
        "per_id_capacities": "600|600",
        "per_id_lengths": "112.3|112.3",
        "per_id_freespeeds": "30.0|30.0",
        "per_id_daily_avgs": "3|3",
        "per_id_permlanes": "1|1",
        "per_id_arrows": "\u2190|\u2192",
        "per_id_directions": "forward|reverse",
        "searchable_text": "48866|48867|600|600|112.3|112.3|30.0|30.0|3|3",
        "daily_avg_volume": 6.0,
        "capacity": 1200.0,
        "freespeed": 30.000000000000004,
        "modes": "car,car_passenger,taxi,truck",
        "isTarget": false,
        "link_1451949_inflow": 0,
        "link_1451949_outflow": 0
      }
    },
    {
      "type": "Feature",
      "geometry": {
        "type": "LineString",
        "coordinates": [
          [
            6.16082259327658,
            46.20245755805749
          ],
          [
            6.160482193282981,
            46.20277985806578
          ]
        ]
      },
      "properties": {
        "angle": 136.56450129617636,
        "per_id_keys": "48870|48871",
        "per_id_capacities": "600|600",
        "per_id_lengths": "44.4|44.4",
        "per_id_freespeeds": "30.0|30.0",
        "per_id_daily_avgs": "3|3",
        "per_id_permlanes": "1|1",
        "per_id_arrows": "\u2190|\u2192",
        "per_id_directions": "forward|reverse",
        "searchable_text": "48870|48871|600|600|44.4|44.4|30.0|30.0|3|3",
        "daily_avg_volume": 6.0,
        "capacity": 1200.0,
        "freespeed": 30.000000000000004,
        "modes": "car,car_passenger,taxi,truck",
        "isTarget": false,
        "link_1451949_inflow": 0,
        "link_1451949_outflow": 0
      }
    },
    {
      "type": "Feature",
      "geometry": {
        "type": "LineString",
        "coordinates": [
          [
            6.160096393291146,
            46.20317285807541
          ],
          [
            6.160482193282981,
            46.20277985806578
          ]
        ]
      },
      "properties": {
        "angle": -45.52968525793137,
        "per_id_keys": "48872|48873",
        "per_id_capacities": "600|600",
        "per_id_lengths": "52.9|52.9",
        "per_id_freespeeds": "30.0|30.0",
        "per_id_daily_avgs": "3|2",
        "per_id_permlanes": "1|1",
        "per_id_arrows": "\u2190|\u2192",
        "per_id_directions": "reverse|forward",
        "searchable_text": "48872|48873|600|600|52.9|52.9|30.0|30.0|3|2",
        "daily_avg_volume": 5.0,
        "capacity": 1200.0,
        "freespeed": 30.000000000000004,
        "modes": "car,car_passenger,taxi,truck",
        "isTarget": false,
        "link_1451949_inflow": 0,
        "link_1451949_outflow": 0
      }
    },
    {
      "type": "Feature",
      "geometry": {
        "type": "LineString",
        "coordinates": [
          [
            6.160096393291146,
            46.20317285807541
          ],
          [
            6.159608793300223,
            46.20363135808724
          ]
        ]
      },
      "properties": {
        "angle": 136.76173818594265,
        "per_id_keys": "1089143|1089144",
        "per_id_capacities": "600|600",
        "per_id_lengths": "63.4|63.4",
        "per_id_freespeeds": "30.0|30.0",
        "per_id_daily_avgs": "1|1",
        "per_id_permlanes": "1|1",
        "per_id_arrows": "\u2192|\u2190",
        "per_id_directions": "reverse|forward",
        "searchable_text": "1089143|1089144|600|600|63.4|63.4|30.0|30.0|1|1",
        "daily_avg_volume": 2.0,
        "capacity": 1200.0,
        "freespeed": 30.000000000000004,
        "modes": "car,car_passenger,taxi,truck",
        "isTarget": false,
        "link_1451949_inflow": 0,
        "link_1451949_outflow": 0
      }
    },
    {
      "type": "Feature",
      "geometry": {
        "type": "LineString",
        "coordinates": [
          [
            6.157557893271236,
            46.20351025811918
          ],
          [
            6.158256993296206,
            46.20401255811231
          ]
        ]
      },
      "properties": {
        "angle": 35.697063099921486,
        "per_id_keys": "411128|411129",
        "per_id_capacities": "600|600",
        "per_id_lengths": "78.7|78.7",
        "per_id_freespeeds": "50.0|50.0",
        "per_id_daily_avgs": "398|244",
        "per_id_permlanes": "1|1",
        "per_id_arrows": "\u2190|\u2192",
        "per_id_directions": "reverse|forward",
        "searchable_text": "411128|411129|600|600|78.7|78.7|50.0|50.0|398|244",
        "daily_avg_volume": 642.0,
        "capacity": 1200.0,
        "freespeed": 50.0,
        "modes": "bus,car,car_passenger,pt,taxi,truck",
        "isTarget": false,
        "link_1451949_inflow": 61,
        "link_1451949_outflow": 0
      }
    },
    {
      "type": "Feature",
      "geometry": {
        "type": "LineString",
        "coordinates": [
          [
            6.157370993295466,
            46.20431995812923
          ],
          [
            6.158401293324174,
            46.204811758116996
          ]
        ]
      },
      "properties": {
        "angle": 25.516854426495918,
        "per_id_keys": "56931",
        "per_id_capacities": "600",
        "per_id_lengths": "98.6",
        "per_id_freespeeds": "30.0",
        "per_id_daily_avgs": "2",
        "per_id_permlanes": "1",
        "per_id_arrows": "\u2192",
        "per_id_directions": "forward",
        "searchable_text": "56931|600|98.6|30.0|2",
        "daily_avg_volume": 2.0,
        "capacity": 600.0,
        "freespeed": 30.000000000000004,
        "modes": "car,car_passenger,taxi,truck",
        "isTarget": false,
        "link_1451949_inflow": 0,
        "link_1451949_outflow": 0
      }
    },
    {
      "type": "Feature",
      "geometry": {
        "type": "LineString",
        "coordinates": [
          [
            6.159439093271713,
            46.20282435808296
          ],
          [
            6.160096393291146,
            46.20317285807541
          ]
        ]
      },
      "properties": {
        "angle": 27.932502636706154,
        "per_id_keys": "57090|57091",
        "per_id_capacities": "600|600",
        "per_id_lengths": "63.8|63.8",
        "per_id_freespeeds": "30.0|30.0",
        "per_id_daily_avgs": "6|3",
        "per_id_permlanes": "1|1",
        "per_id_arrows": "\u2192|\u2190",
        "per_id_directions": "forward|reverse",
        "searchable_text": "57090|57091|600|600|63.8|63.8|30.0|30.0|6|3",
        "daily_avg_volume": 9.0,
        "capacity": 1200.0,
        "freespeed": 30.000000000000004,
        "modes": "car,car_passenger,taxi,truck",
        "isTarget": false,
        "link_1451949_inflow": 0,
        "link_1451949_outflow": 0
      }
    },
    {
      "type": "Feature",
      "geometry": {
        "type": "LineString",
        "coordinates": [
          [
            6.159608793300223,
            46.20363135808724
          ],
          [
            6.158960493281713,
            46.203307758094866
          ]
        ]
      },
      "properties": {
        "angle": -153.4738497491607,
        "per_id_keys": "56936",
        "per_id_capacities": "600",
        "per_id_lengths": "61.6",
        "per_id_freespeeds": "30.0",
        "per_id_daily_avgs": "0",
        "per_id_permlanes": "1",
        "per_id_arrows": "\u2190",
        "per_id_directions": "forward",
        "searchable_text": "56936|600|61.6|30.0|0",
        "daily_avg_volume": 0.0,
        "capacity": 600.0,
        "freespeed": 30.000000000000004,
        "modes": "car,car_passenger,taxi,truck",
        "isTarget": false,
        "link_1451949_inflow": 0,
        "link_1451949_outflow": 0
      }
    },
    {
      "type": "Feature",
      "geometry": {
        "type": "LineString",
        "coordinates": [
          [
            6.159439093271713,
            46.20282435808296
          ],
          [
            6.158960493281713,
            46.203307758094866
          ]
        ]
      },
      "properties": {
        "angle": 134.7141177608191,
        "per_id_keys": "1484556",
        "per_id_capacities": "600",
        "per_id_lengths": "65.2",
        "per_id_freespeeds": "30.0",
        "per_id_daily_avgs": "0",
        "per_id_permlanes": "1",
        "per_id_arrows": "\u2190",
        "per_id_directions": "forward",
        "searchable_text": "1484556|600|65.2|30.0|0",
        "daily_avg_volume": 0.0,
        "capacity": 600.0,
        "freespeed": 30.000000000000004,
        "modes": "car,car_passenger,taxi,truck",
        "isTarget": false,
        "link_1451949_inflow": 0,
        "link_1451949_outflow": 0
      }
    },
    {
      "type": "Feature",
      "geometry": {
        "type": "LineString",
        "coordinates": [
          [
            6.158273293218787,
            46.20164315809134
          ],
          [
            6.158712993222395,
            46.2015899580838
          ]
        ]
      },
      "properties": {
        "angle": -6.898774880963442,
        "per_id_keys": "1089167|1089167_spec|1089168",
        "per_id_capacities": "1500|300|1200",
        "per_id_lengths": "34.5|34.5|34.5",
        "per_id_freespeeds": "50.0|50.0|50.0",
        "per_id_daily_avgs": "47|197|208",
        "per_id_permlanes": "2|0|2",
        "per_id_arrows": "\u2192|\u2192|\u2190",
        "per_id_directions": "forward|forward|reverse",
        "searchable_text": "1089167|1089167_spec|1089168|1500|300|1200|34.5|34.5|34.5|50.0|50.0|50.0|47|197|208",
        "daily_avg_volume": 452.0,
        "capacity": 3000.0,
        "freespeed": 50.0,
        "modes": "bus,car,car_passenger,pt,taxi,truck",
        "isTarget": false,
        "link_1451949_inflow": 4,
        "link_1451949_outflow": 0
      }
    },
    {
      "type": "Feature",
      "geometry": {
        "type": "LineString",
        "coordinates": [
          [
            6.158557593197702,
            46.2008936580802
          ],
          [
            6.158712993222395,
            46.2015899580838
          ]
        ]
      },
      "properties": {
        "angle": 77.41892518357511,
        "per_id_keys": "1710053|1710054",
        "per_id_capacities": "300|300",
        "per_id_lengths": "78.4|78.4",
        "per_id_freespeeds": "10.0|10.0",
        "per_id_daily_avgs": "1|1",
        "per_id_permlanes": "1|1",
        "per_id_arrows": "\u2190|\u2192",
        "per_id_directions": "reverse|forward",
        "searchable_text": "1710053|1710054|300|300|78.4|78.4|10.0|10.0|1|1",
        "daily_avg_volume": 2.0,
        "capacity": 600.0,
        "freespeed": 10.0,
        "modes": "car,car_passenger,taxi,truck",
        "isTarget": false,
        "link_1451949_inflow": 0,
        "link_1451949_outflow": 0
      }
    },
    {
      "type": "Feature",
      "geometry": {
        "type": "LineString",
        "coordinates": [
          [
            6.159131893229413,
            46.2016480580776
          ],
          [
            6.158712993222395,
            46.2015899580838
          ]
        ]
      },
      "properties": {
        "angle": -172.1036481508649,
        "per_id_keys": "214763|214764",
        "per_id_capacities": "600|600",
        "per_id_lengths": "33.6|33.6",
        "per_id_freespeeds": "50.0|50.0",
        "per_id_daily_avgs": "3|208",
        "per_id_permlanes": "1|1",
        "per_id_arrows": "\u2192|\u2190",
        "per_id_directions": "reverse|forward",
        "searchable_text": "214763|214764|600|600|33.6|33.6|50.0|50.0|3|208",
        "daily_avg_volume": 211.0,
        "capacity": 1200.0,
        "freespeed": 50.0,
        "modes": "bus,car,car_passenger,pt,taxi,truck",
        "isTarget": false,
        "link_1451949_inflow": 3,
        "link_1451949_outflow": 0
      }
    },
    {
      "type": "Feature",
      "geometry": {
        "type": "LineString",
        "coordinates": [
          [
            6.158273293218787,
            46.20164315809134
          ],
          [
            6.15800419321641,
            46.201670858095895
          ]
        ]
      },
      "properties": {
        "angle": 174.12291631517314,
        "per_id_keys": "1681236|1681237",
        "per_id_capacities": "1200|900",
        "per_id_lengths": "21.0|21.0",
        "per_id_freespeeds": "50.0|50.0",
        "per_id_daily_avgs": "244|208",
        "per_id_permlanes": "2|1",
        "per_id_arrows": "\u2192|\u2190",
        "per_id_directions": "reverse|forward",
        "searchable_text": "1681236|1681237|1200|900|21.0|21.0|50.0|50.0|244|208",
        "daily_avg_volume": 452.0,
        "capacity": 2100.0,
        "freespeed": 50.0,
        "modes": "bus,car,car_passenger,pt,taxi,truck",
        "isTarget": false,
        "link_1451949_inflow": 5,
        "link_1451949_outflow": 0
      }
    },
    {
      "type": "Feature",
      "geometry": {
        "type": "LineString",
        "coordinates": [
          [
            6.157808093214674,
            46.2016910580992
          ],
          [
            6.15800419321641,
            46.201670858095895
          ]
        ]
      },
      "properties": {
        "angle": -5.881219975176932,
        "per_id_keys": "787980|787981|787981_spec",
        "per_id_capacities": "900|900|300",
        "per_id_lengths": "15.3|15.3|15.3",
        "per_id_freespeeds": "50.0|50.0|50.0",
        "per_id_daily_avgs": "244|11|197",
        "per_id_permlanes": "1|1|0",
        "per_id_arrows": "\u2192|\u2190|\u2190",
        "per_id_directions": "forward|reverse|reverse",
        "searchable_text": "787980|787981|787981_spec|900|900|300|15.3|15.3|15.3|50.0|50.0|50.0|244|11|197",
        "daily_avg_volume": 452.0,
        "capacity": 2100.0,
        "freespeed": 50.0,
        "modes": "bus,car,car_passenger,pt,taxi,truck",
        "isTarget": false,
        "link_1451949_inflow": 5,
        "link_1451949_outflow": 0
      }
    },
    {
      "type": "Feature",
      "geometry": {
        "type": "LineString",
        "coordinates": [
          [
            6.158273293218787,
            46.20164315809134
          ],
          [
            6.1581253931969275,
            46.201030758088336
          ]
        ]
      },
      "properties": {
        "angle": -103.5774477455048,
        "per_id_keys": "1973240|1973241",
        "per_id_capacities": "300|300",
        "per_id_lengths": "69.0|69.0",
        "per_id_freespeeds": "20.0|20.0",
        "per_id_daily_avgs": "0|0",
        "per_id_permlanes": "1|1",
        "per_id_arrows": "\u2190|\u2192",
        "per_id_directions": "forward|reverse",
        "searchable_text": "1973240|1973241|300|300|69.0|69.0|20.0|20.0|0|0",
        "daily_avg_volume": 0.0,
        "capacity": 600.0,
        "freespeed": 20.0,
        "modes": "car,car_passenger,taxi,truck",
        "isTarget": false,
        "link_1451949_inflow": 0,
        "link_1451949_outflow": 0
      }
    },
    {
      "type": "Feature",
      "geometry": {
        "type": "LineString",
        "coordinates": [
          [
            6.158712993222395,
            46.2015899580838
          ],
          [
            6.159596893228979,
            46.201461558068495
          ]
        ]
      },
      "properties": {
        "angle": -8.265275222444457,
        "per_id_keys": "214762|214762_spec",
        "per_id_capacities": "600|600",
        "per_id_lengths": "69.8|69.8",
        "per_id_freespeeds": "50.0|50.0",
        "per_id_daily_avgs": "43|197",
        "per_id_permlanes": "1|1",
        "per_id_arrows": "\u2192|\u2192",
        "per_id_directions": "forward|forward",
        "searchable_text": "214762|214762_spec|600|600|69.8|69.8|50.0|50.0|43|197",
        "daily_avg_volume": 240.0,
        "capacity": 1200.0,
        "freespeed": 50.0,
        "modes": "bus,car,car_passenger,pt,taxi,truck",
        "isTarget": false,
        "link_1451949_inflow": 0,
        "link_1451949_outflow": 0
      }
    },
    {
      "type": "Feature",
      "geometry": {
        "type": "LineString",
        "coordinates": [
          [
            6.15970559322888,
            46.20141825806634
          ],
          [
            6.159596893228979,
            46.201461558068495
          ]
        ]
      },
      "properties": {
        "angle": 158.28042758331293,
        "per_id_keys": "214755|214756",
        "per_id_capacities": "3000|3000",
        "per_id_lengths": "13.9|13.9",
        "per_id_freespeeds": "50.0|50.0",
        "per_id_daily_avgs": "341|328",
        "per_id_permlanes": "2|2",
        "per_id_arrows": "\u2192|\u2190",
        "per_id_directions": "reverse|forward",
        "searchable_text": "214755|214756|3000|3000|13.9|13.9|50.0|50.0|341|328",
        "daily_avg_volume": 669.0,
        "capacity": 6000.0,
        "freespeed": 50.0,
        "modes": "bus,car,car_passenger,pt,taxi,truck",
        "isTarget": false,
        "link_1451949_inflow": 21,
        "link_1451949_outflow": 0
      }
    },
    {
      "type": "Feature",
      "geometry": {
        "type": "LineString",
        "coordinates": [
          [
            6.159472693229086,
            46.201511158070886
          ],
          [
            6.159596893228979,
            46.201461558068495
          ]
        ]
      },
      "properties": {
        "angle": -21.76958830890559,
        "per_id_keys": "493504|493505",
        "per_id_capacities": "3000|3000",
        "per_id_lengths": "13.9|13.9",
        "per_id_freespeeds": "50.0|50.0",
        "per_id_daily_avgs": "99|321",
        "per_id_permlanes": "2|2",
        "per_id_arrows": "\u2192|\u2190",
        "per_id_directions": "forward|reverse",
        "searchable_text": "493504|493505|3000|3000|13.9|13.9|50.0|50.0|99|321",
        "daily_avg_volume": 420.0,
        "capacity": 6000.0,
        "freespeed": 50.0,
        "modes": "bus,car,car_passenger,pt,taxi,truck",
        "isTarget": false,
        "link_1451949_inflow": 21,
        "link_1451949_outflow": 0
      }
    },
    {
      "type": "Feature",
      "geometry": {
        "type": "LineString",
        "coordinates": [
          [
            6.158649393229987,
            46.201845158087075
          ],
          [
            6.159131893229413,
            46.2016480580776
          ]
        ]
      },
      "properties": {
        "angle": -22.219888613652014,
        "per_id_keys": "493506|493507",
        "per_id_capacities": "3000|1500",
        "per_id_lengths": "43.2|43.2",
        "per_id_freespeeds": "50.0|50.0",
        "per_id_daily_avgs": "99|113",
        "per_id_permlanes": "2|1",
        "per_id_arrows": "\u2192|\u2190",
        "per_id_directions": "forward|reverse",
        "searchable_text": "493506|493507|3000|1500|43.2|43.2|50.0|50.0|99|113",
        "daily_avg_volume": 212.0,
        "capacity": 4500.0,
        "freespeed": 50.0,
        "modes": "car,car_passenger,taxi,truck",
        "isTarget": false,
        "link_1451949_inflow": 21,
        "link_1451949_outflow": 0
      }
    },
    {
      "type": "Feature",
      "geometry": {
        "type": "LineString",
        "coordinates": [
          [
            6.159472693229086,
            46.201511158070886
          ],
          [
            6.159131893229413,
            46.2016480580776
          ]
        ]
      },
      "properties": {
        "angle": 158.1145781757566,
        "per_id_keys": "214753|214754",
        "per_id_capacities": "3000|3000",
        "per_id_lengths": "30.4|30.4",
        "per_id_freespeeds": "50.0|50.0",
        "per_id_daily_avgs": "99|321",
        "per_id_permlanes": "2|2",
        "per_id_arrows": "\u2192|\u2190",
        "per_id_directions": "reverse|forward",
        "searchable_text": "214753|214754|3000|3000|30.4|30.4|50.0|50.0|99|321",
        "daily_avg_volume": 420.0,
        "capacity": 6000.0,
        "freespeed": 50.0,
        "modes": "bus,car,car_passenger,pt,taxi,truck",
        "isTarget": false,
        "link_1451949_inflow": 21,
        "link_1451949_outflow": 0
      }
    },
    {
      "type": "Feature",
      "geometry": {
        "type": "LineString",
        "coordinates": [
          [
            6.159014493189515,
            46.20047365806921
          ],
          [
            6.160810493200326,
            46.20013465803738
          ]
        ]
      },
      "properties": {
        "angle": -10.68898187709566,
        "per_id_keys": "1089919",
        "per_id_capacities": "600",
        "per_id_lengths": "143.7",
        "per_id_freespeeds": "15.0",
        "per_id_daily_avgs": "5",
        "per_id_permlanes": "1",
        "per_id_arrows": "\u2192",
        "per_id_directions": "forward",
        "searchable_text": "1089919|600|143.7|15.0|5",
        "daily_avg_volume": 5.0,
        "capacity": 600.0,
        "freespeed": 15.000000000000002,
        "modes": "car,car_passenger,taxi,truck",
        "isTarget": false,
        "link_1451949_inflow": 0,
        "link_1451949_outflow": 0
      }
    },
    {
      "type": "Feature",
      "geometry": {
        "type": "LineString",
        "coordinates": [
          [
            6.159014493189515,
            46.20047365806921
          ],
          [
            6.159105193191458,
            46.20049945806798
          ]
        ]
      },
      "properties": {
        "angle": 15.878626321139398,
        "per_id_keys": "214848",
        "per_id_capacities": "1500",
        "per_id_lengths": "13.9",
        "per_id_freespeeds": "50.0",
        "per_id_daily_avgs": "6",
        "per_id_permlanes": "1",
        "per_id_arrows": "\u2192",
        "per_id_directions": "forward",
        "searchable_text": "214848|1500|13.9|50.0|6",
        "daily_avg_volume": 6.0,
        "capacity": 1500.0,
        "freespeed": 50.0,
        "modes": "bus,car,car_passenger,taxi,truck",
        "isTarget": false,
        "link_1451949_inflow": 0,
        "link_1451949_outflow": 0
      }
    },
    {
      "type": "Feature",
      "geometry": {
        "type": "LineString",
        "coordinates": [
          [
            6.160650893307422,
            46.20346285806904
          ],
          [
            6.15936729332749,
            46.20455415809922
          ]
        ]
      },
      "properties": {
        "angle": 139.62924342755525,
        "per_id_keys": "319129",
        "per_id_capacities": "600",
        "per_id_lengths": "156.6",
        "per_id_freespeeds": "30.0",
        "per_id_daily_avgs": "2",
        "per_id_permlanes": "1",
        "per_id_arrows": "\u2190",
        "per_id_directions": "forward",
        "searchable_text": "319129|600|156.6|30.0|2",
        "daily_avg_volume": 2.0,
        "capacity": 600.0,
        "freespeed": 30.000000000000004,
        "modes": "car,car_passenger,taxi,truck",
        "isTarget": false,
        "link_1451949_inflow": 0,
        "link_1451949_outflow": 0
      }
    },
    {
      "type": "Feature",
      "geometry": {
        "type": "LineString",
        "coordinates": [
          [
            6.161395993292628,
            46.202734158050674
          ],
          [
            6.1617047932865665,
            46.20243455804314
          ]
        ]
      },
      "properties": {
        "angle": -44.13366170455701,
        "per_id_keys": "1089923",
        "per_id_capacities": "600",
        "per_id_lengths": "41.0",
        "per_id_freespeeds": "30.0",
        "per_id_daily_avgs": "1",
        "per_id_permlanes": "1",
        "per_id_arrows": "\u2192",
        "per_id_directions": "forward",
        "searchable_text": "1089923|600|41.0|30.0|1",
        "daily_avg_volume": 1.0,
        "capacity": 600.0,
        "freespeed": 30.000000000000004,
        "modes": "car,car_passenger,taxi,truck",
        "isTarget": false,
        "link_1451949_inflow": 0,
        "link_1451949_outflow": 0
      }
    },
    {
      "type": "Feature",
      "geometry": {
        "type": "LineString",
        "coordinates": [
          [
            6.1627479933156915,
            46.20293505803076
          ],
          [
            6.1617047932865665,
            46.20243455804314
          ]
        ]
      },
      "properties": {
        "angle": -154.36953094693823,
        "per_id_keys": "56939|56940",
        "per_id_capacities": "600|600",
        "per_id_lengths": "97.9|97.9",
        "per_id_freespeeds": "30.0|30.0",
        "per_id_daily_avgs": "0|1",
        "per_id_permlanes": "1|1",
        "per_id_arrows": "\u2192|\u2190",
        "per_id_directions": "reverse|forward",
        "searchable_text": "56939|56940|600|600|97.9|97.9|30.0|30.0|0|1",
        "daily_avg_volume": 1.0,
        "capacity": 1200.0,
        "freespeed": 30.000000000000004,
        "modes": "car,car_passenger,taxi,truck",
        "isTarget": false,
        "link_1451949_inflow": 0,
        "link_1451949_outflow": 0
      }
    },
    {
      "type": "Feature",
      "geometry": {
        "type": "LineString",
        "coordinates": [
          [
            6.161395993292628,
            46.202734158050674
          ],
          [
            6.162436393321725,
            46.203235258038376
          ]
        ]
      },
      "properties": {
        "angle": 25.717403269575442,
        "per_id_keys": "957217",
        "per_id_capacities": "600",
        "per_id_lengths": "97.7",
        "per_id_freespeeds": "30.0",
        "per_id_daily_avgs": "2",
        "per_id_permlanes": "1",
        "per_id_arrows": "\u2192",
        "per_id_directions": "forward",
        "searchable_text": "957217|600|97.7|30.0|2",
        "daily_avg_volume": 2.0,
        "capacity": 600.0,
        "freespeed": 30.000000000000004,
        "modes": "car,car_passenger,taxi,truck",
        "isTarget": false,
        "link_1451949_inflow": 0,
        "link_1451949_outflow": 0
      }
    },
    {
      "type": "Feature",
      "geometry": {
        "type": "LineString",
        "coordinates": [
          [
            6.157565393181017,
            46.20075375809492
          ],
          [
            6.1589297931888805,
            46.20048615807065
          ]
        ]
      },
      "properties": {
        "angle": -11.096578395771537,
        "per_id_keys": "1089964",
        "per_id_capacities": "600",
        "per_id_lengths": "109.7",
        "per_id_freespeeds": "15.0",
        "per_id_daily_avgs": "0",
        "per_id_permlanes": "1",
        "per_id_arrows": "\u2192",
        "per_id_directions": "forward",
        "searchable_text": "1089964|600|109.7|15.0|0",
        "daily_avg_volume": 0.0,
        "capacity": 600.0,
        "freespeed": 15.000000000000002,
        "modes": "bus,car,car_passenger,taxi,truck",
        "isTarget": false,
        "link_1451949_inflow": 0,
        "link_1451949_outflow": 0
      }
    },
    {
      "type": "Feature",
      "geometry": {
        "type": "LineString",
        "coordinates": [
          [
            6.1590029931908505,
            46.20051865806979
          ],
          [
            6.1589297931888805,
            46.20048615807065
          ]
        ]
      },
      "properties": {
        "angle": -156.05930315216722,
        "per_id_keys": "484208",
        "per_id_capacities": "4500",
        "per_id_lengths": "13.9",
        "per_id_freespeeds": "50.0",
        "per_id_daily_avgs": "67",
        "per_id_permlanes": "3",
        "per_id_arrows": "\u2190",
        "per_id_directions": "forward",
        "searchable_text": "484208|4500|13.9|50.0|67",
        "daily_avg_volume": 67.0,
        "capacity": 4500.0,
        "freespeed": 50.0,
        "modes": "car,car_passenger,taxi,truck",
        "isTarget": false,
        "link_1451949_inflow": 0,
        "link_1451949_outflow": 0
      }
    },
    {
      "type": "Feature",
      "geometry": {
        "type": "LineString",
        "coordinates": [
          [
            6.1589297931888805,
            46.20048615807065
          ],
          [
            6.159014493189515,
            46.20047365806921
          ]
        ]
      },
      "properties": {
        "angle": -8.395096706505008,
        "per_id_keys": "1089965",
        "per_id_capacities": "600",
        "per_id_lengths": "6.7",
        "per_id_freespeeds": "15.0",
        "per_id_daily_avgs": "3",
        "per_id_permlanes": "1",
        "per_id_arrows": "\u2192",
        "per_id_directions": "forward",
        "searchable_text": "1089965|600|6.7|15.0|3",
        "daily_avg_volume": 3.0,
        "capacity": 600.0,
        "freespeed": 15.000000000000002,
        "modes": "bus,car,car_passenger,taxi,truck",
        "isTarget": false,
        "link_1451949_inflow": 0,
        "link_1451949_outflow": 0
      }
    },
    {
      "type": "Feature",
      "geometry": {
        "type": "LineString",
        "coordinates": [
          [
            6.158782493184429,
            46.20040415807234
          ],
          [
            6.159014493189515,
            46.20047365806921
          ]
        ]
      },
      "properties": {
        "angle": 16.67658319228832,
        "per_id_keys": "214757",
        "per_id_capacities": "1500",
        "per_id_lengths": "19.5",
        "per_id_freespeeds": "50.0",
        "per_id_daily_avgs": "8",
        "per_id_permlanes": "1",
        "per_id_arrows": "\u2192",
        "per_id_directions": "forward",
        "searchable_text": "214757|1500|19.5|50.0|8",
        "daily_avg_volume": 8.0,
        "capacity": 1500.0,
        "freespeed": 50.0,
        "modes": "car,car_passenger,taxi,truck",
        "isTarget": false,
        "link_1451949_inflow": 0,
        "link_1451949_outflow": 0
      }
    },
    {
      "type": "Feature",
      "geometry": {
        "type": "LineString",
        "coordinates": [
          [
            6.1589297931888805,
            46.20048615807065
          ],
          [
            6.158782493184429,
            46.20040415807234
          ]
        ]
      },
      "properties": {
        "angle": -150.89588187076578,
        "per_id_keys": "1222707",
        "per_id_capacities": "3000",
        "per_id_lengths": "14.6",
        "per_id_freespeeds": "50.0",
        "per_id_daily_avgs": "64",
        "per_id_permlanes": "2",
        "per_id_arrows": "\u2190",
        "per_id_directions": "forward",
        "searchable_text": "1222707|3000|14.6|50.0|64",
        "daily_avg_volume": 64.0,
        "capacity": 3000.0,
        "freespeed": 50.0,
        "modes": "car,car_passenger,taxi,truck",
        "isTarget": false,
        "link_1451949_inflow": 0,
        "link_1451949_outflow": 0
      }
    },
    {
      "type": "Feature",
      "geometry": {
        "type": "LineString",
        "coordinates": [
          [
            6.158422793173859,
            46.20021585807645
          ],
          [
            6.158782493184429,
            46.20040415807234
          ]
        ]
      },
      "properties": {
        "angle": 27.631687418662942,
        "per_id_keys": "484202|484203",
        "per_id_capacities": "1500|1500",
        "per_id_lengths": "34.8|34.8",
        "per_id_freespeeds": "50.0|50.0",
        "per_id_daily_avgs": "8|64",
        "per_id_permlanes": "1|1",
        "per_id_arrows": "\u2192|\u2190",
        "per_id_directions": "forward|reverse",
        "searchable_text": "484202|484203|1500|1500|34.8|34.8|50.0|50.0|8|64",
        "daily_avg_volume": 72.0,
        "capacity": 3000.0,
        "freespeed": 50.0,
        "modes": "car,car_passenger,taxi,truck",
        "isTarget": false,
        "link_1451949_inflow": 0,
        "link_1451949_outflow": 0
      }
    },
    {
      "type": "Feature",
      "geometry": {
        "type": "LineString",
        "coordinates": [
          [
            6.159105193191458,
            46.20049945806798
          ],
          [
            6.159129693191996,
            46.200506458067615
          ]
        ]
      },
      "properties": {
        "angle": 15.945394777252623,
        "per_id_keys": "214849",
        "per_id_capacities": "1500",
        "per_id_lengths": "13.9",
        "per_id_freespeeds": "50.0",
        "per_id_daily_avgs": "6",
        "per_id_permlanes": "1",
        "per_id_arrows": "\u2192",
        "per_id_directions": "forward",
        "searchable_text": "214849|1500|13.9|50.0|6",
        "daily_avg_volume": 6.0,
        "capacity": 1500.0,
        "freespeed": 50.0,
        "modes": "bus,car,car_passenger,taxi,truck",
        "isTarget": false,
        "link_1451949_inflow": 0,
        "link_1451949_outflow": 0
      }
    },
    {
      "type": "Feature",
      "geometry": {
        "type": "LineString",
        "coordinates": [
          [
            6.159021293191354,
            46.2005268580695
          ],
          [
            6.1590029931908505,
            46.20051865806979
          ]
        ]
      },
      "properties": {
        "angle": -155.86344977200653,
        "per_id_keys": "484207",
        "per_id_capacities": "4500",
        "per_id_lengths": "13.9",
        "per_id_freespeeds": "50.0",
        "per_id_daily_avgs": "67",
        "per_id_permlanes": "3",
        "per_id_arrows": "\u2190",
        "per_id_directions": "forward",
        "searchable_text": "484207|4500|13.9|50.0|67",
        "daily_avg_volume": 67.0,
        "capacity": 4500.0,
        "freespeed": 50.0,
        "modes": "car,car_passenger,taxi,truck",
        "isTarget": false,
        "link_1451949_inflow": 0,
        "link_1451949_outflow": 0
      }
    },
    {
      "type": "Feature",
      "geometry": {
        "type": "LineString",
        "coordinates": [
          [
            6.159039593191839,
            46.20053495806937
          ],
          [
            6.159021293191354,
            46.2005268580695
          ]
        ]
      },
      "properties": {
        "angle": -156.12472005524893,
        "per_id_keys": "484206",
        "per_id_capacities": "4500",
        "per_id_lengths": "13.9",
        "per_id_freespeeds": "50.0",
        "per_id_daily_avgs": "170",
        "per_id_permlanes": "3",
        "per_id_arrows": "\u2190",
        "per_id_directions": "forward",
        "searchable_text": "484206|4500|13.9|50.0|170",
        "daily_avg_volume": 170.0,
        "capacity": 4500.0,
        "freespeed": 50.0,
        "modes": "bus,car,car_passenger,taxi,truck",
        "isTarget": false,
        "link_1451949_inflow": 0,
        "link_1451949_outflow": 0
      }
    },
    {
      "type": "Feature",
      "geometry": {
        "type": "LineString",
        "coordinates": [
          [
            6.159129693191996,
            46.200506458067615
          ],
          [
            6.15915409319253,
            46.200513458067306
          ]
        ]
      },
      "properties": {
        "angle": 16.007403293422545,
        "per_id_keys": "214850",
        "per_id_capacities": "1500",
        "per_id_lengths": "13.9",
        "per_id_freespeeds": "50.0",
        "per_id_daily_avgs": "6",
        "per_id_permlanes": "1",
        "per_id_arrows": "\u2192",
        "per_id_directions": "forward",
        "searchable_text": "214850|1500|13.9|50.0|6",
        "daily_avg_volume": 6.0,
        "capacity": 1500.0,
        "freespeed": 50.0,
        "modes": "bus,car,car_passenger,taxi,truck",
        "isTarget": false,
        "link_1451949_inflow": 0,
        "link_1451949_outflow": 0
      }
    },
    {
      "type": "Feature",
      "geometry": {
        "type": "LineString",
        "coordinates": [
          [
            6.156510593174516,
            46.200948058113624
          ],
          [
            6.157048793177956,
            46.20085315810407
          ]
        ]
      },
      "properties": {
        "angle": -10.000085482493164,
        "per_id_keys": "1090003",
        "per_id_capacities": "600",
        "per_id_lengths": "42.9",
        "per_id_freespeeds": "15.0",
        "per_id_daily_avgs": "0",
        "per_id_permlanes": "1",
        "per_id_arrows": "\u2192",
        "per_id_directions": "forward",
        "searchable_text": "1090003|600|42.9|15.0|0",
        "daily_avg_volume": 0.0,
        "capacity": 600.0,
        "freespeed": 15.000000000000002,
        "modes": "bus,car,car_passenger,taxi,truck",
        "isTarget": false,
        "link_1451949_inflow": 0,
        "link_1451949_outflow": 0
      }
    },
    {
      "type": "Feature",
      "geometry": {
        "type": "LineString",
        "coordinates": [
          [
            6.156947993160956,
            46.20037155810154
          ],
          [
            6.157048793177956,
            46.20085315810407
          ]
        ]
      },
      "properties": {
        "angle": 78.17850978214982,
        "per_id_keys": "207841|207842",
        "per_id_capacities": "300|300",
        "per_id_lengths": "54.5|54.5",
        "per_id_freespeeds": "10.0|10.0",
        "per_id_daily_avgs": "0|0",
        "per_id_permlanes": "1|1",
        "per_id_arrows": "\u2192|\u2190",
        "per_id_directions": "forward|reverse",
        "searchable_text": "207841|207842|300|300|54.5|54.5|10.0|10.0|0|0",
        "daily_avg_volume": 0.0,
        "capacity": 600.0,
        "freespeed": 10.0,
        "modes": "car,car_passenger,taxi,truck",
        "isTarget": false,
        "link_1451949_inflow": 0,
        "link_1451949_outflow": 0
      }
    },
    {
      "type": "Feature",
      "geometry": {
        "type": "LineString",
        "coordinates": [
          [
            6.156510593174516,
            46.200948058113624
          ],
          [
            6.156389193157286,
            46.200467158111316
          ]
        ]
      },
      "properties": {
        "angle": -104.16792733228914,
        "per_id_keys": "207933",
        "per_id_capacities": "300",
        "per_id_lengths": "54.3",
        "per_id_freespeeds": "10.0",
        "per_id_daily_avgs": "0",
        "per_id_permlanes": "1",
        "per_id_arrows": "\u2190",
        "per_id_directions": "forward",
        "searchable_text": "207933|300|54.3|10.0|0",
        "daily_avg_volume": 0.0,
        "capacity": 300.0,
        "freespeed": 10.0,
        "modes": "car,car_passenger,taxi,truck",
        "isTarget": false,
        "link_1451949_inflow": 0,
        "link_1451949_outflow": 0
      }
    },
    {
      "type": "Feature",
      "geometry": {
        "type": "LineString",
        "coordinates": [
          [
            6.155866293150392,
            46.20045155811962
          ],
          [
            6.156389193157286,
            46.200467158111316
          ]
        ]
      },
      "properties": {
        "angle": 1.708832734150145,
        "per_id_keys": "1479719|1479720",
        "per_id_capacities": "300|300",
        "per_id_lengths": "40.4|40.4",
        "per_id_freespeeds": "10.0|10.0",
        "per_id_daily_avgs": "0|0",
        "per_id_permlanes": "1|1",
        "per_id_arrows": "\u2190|\u2192",
        "per_id_directions": "reverse|forward",
        "searchable_text": "1479719|1479720|300|300|40.4|40.4|10.0|10.0|0|0",
        "daily_avg_volume": 0.0,
        "capacity": 600.0,
        "freespeed": 10.0,
        "modes": "car,car_passenger,taxi,truck",
        "isTarget": false,
        "link_1451949_inflow": 0,
        "link_1451949_outflow": 0
      }
    },
    {
      "type": "Feature",
      "geometry": {
        "type": "LineString",
        "coordinates": [
          [
            6.156947993160956,
            46.20037155810154
          ],
          [
            6.156389193157286,
            46.200467158111316
          ]
        ]
      },
      "properties": {
        "angle": 170.2917737571204,
        "per_id_keys": "207927|207928",
        "per_id_capacities": "300|300",
        "per_id_lengths": "45.8|45.8",
        "per_id_freespeeds": "10.0|10.0",
        "per_id_daily_avgs": "0|0",
        "per_id_permlanes": "1|1",
        "per_id_arrows": "\u2190|\u2192",
        "per_id_directions": "forward|reverse",
        "searchable_text": "207927|207928|300|300|45.8|45.8|10.0|10.0|0|0",
        "daily_avg_volume": 0.0,
        "capacity": 600.0,
        "freespeed": 10.0,
        "modes": "car,car_passenger,taxi,truck",
        "isTarget": false,
        "link_1451949_inflow": 0,
        "link_1451949_outflow": 0
      }
    },
    {
      "type": "Feature",
      "geometry": {
        "type": "LineString",
        "coordinates": [
          [
            6.156510593174516,
            46.200948058113624
          ],
          [
            6.156525293176007,
            46.20098835811371
          ]
        ]
      },
      "properties": {
        "angle": 69.95983552153528,
        "per_id_keys": "56964",
        "per_id_capacities": "600",
        "per_id_lengths": "4.6",
        "per_id_freespeeds": "15.0",
        "per_id_daily_avgs": "0",
        "per_id_permlanes": "1",
        "per_id_arrows": "\u2192",
        "per_id_directions": "forward",
        "searchable_text": "56964|600|4.6|15.0|0",
        "daily_avg_volume": 0.0,
        "capacity": 600.0,
        "freespeed": 15.000000000000002,
        "modes": "bus,car,car_passenger,taxi,truck",
        "isTarget": false,
        "link_1451949_inflow": 0,
        "link_1451949_outflow": 0
      }
    },
    {
      "type": "Feature",
      "geometry": {
        "type": "LineString",
        "coordinates": [
          [
            6.157048793177956,
            46.20085315810407
          ],
          [
            6.157565393181017,
            46.20075375809492
          ]
        ]
      },
      "properties": {
        "angle": -10.891286918630607,
        "per_id_keys": "1090004",
        "per_id_capacities": "600",
        "per_id_lengths": "41.4",
        "per_id_freespeeds": "15.0",
        "per_id_daily_avgs": "0",
        "per_id_permlanes": "1",
        "per_id_arrows": "\u2192",
        "per_id_directions": "forward",
        "searchable_text": "1090004|600|41.4|15.0|0",
        "daily_avg_volume": 0.0,
        "capacity": 600.0,
        "freespeed": 15.000000000000002,
        "modes": "bus,car,car_passenger,taxi,truck",
        "isTarget": false,
        "link_1451949_inflow": 0,
        "link_1451949_outflow": 0
      }
    },
    {
      "type": "Feature",
      "geometry": {
        "type": "LineString",
        "coordinates": [
          [
            6.157426393167054,
            46.200379858093925
          ],
          [
            6.157565393181017,
            46.20075375809492
          ]
        ]
      },
      "properties": {
        "angle": 69.60702071650519,
        "per_id_keys": "207941",
        "per_id_capacities": "600",
        "per_id_lengths": "42.9",
        "per_id_freespeeds": "15.0",
        "per_id_daily_avgs": "0",
        "per_id_permlanes": "1",
        "per_id_arrows": "\u2192",
        "per_id_directions": "forward",
        "searchable_text": "207941|600|42.9|15.0|0",
        "daily_avg_volume": 0.0,
        "capacity": 600.0,
        "freespeed": 15.000000000000002,
        "modes": "car,car_passenger,taxi,truck",
        "isTarget": false,
        "link_1451949_inflow": 0,
        "link_1451949_outflow": 0
      }
    },
    {
      "type": "Feature",
      "geometry": {
        "type": "LineString",
        "coordinates": [
          [
            6.157426393167054,
            46.200379858093925
          ],
          [
            6.156947993160956,
            46.20037155810154
          ]
        ]
      },
      "properties": {
        "angle": -179.0060476135762,
        "per_id_keys": "207925|207926",
        "per_id_capacities": "300|300",
        "per_id_lengths": "36.9|36.9",
        "per_id_freespeeds": "10.0|10.0",
        "per_id_daily_avgs": "0|0",
        "per_id_permlanes": "1|1",
        "per_id_arrows": "\u2190|\u2192",
        "per_id_directions": "forward|reverse",
        "searchable_text": "207925|207926|300|300|36.9|36.9|10.0|10.0|0|0",
        "daily_avg_volume": 0.0,
        "capacity": 600.0,
        "freespeed": 10.0,
        "modes": "car,car_passenger,taxi,truck",
        "isTarget": false,
        "link_1451949_inflow": 0,
        "link_1451949_outflow": 0
      }
    },
    {
      "type": "Feature",
      "geometry": {
        "type": "LineString",
        "coordinates": [
          [
            6.157453793265656,
            46.20337855811967
          ],
          [
            6.157496193267785,
            46.203428058119414
          ]
        ]
      },
      "properties": {
        "angle": 49.41777377656197,
        "per_id_keys": "411132|411133",
        "per_id_capacities": "600|600",
        "per_id_lengths": "13.9|13.9",
        "per_id_freespeeds": "50.0|50.0",
        "per_id_daily_avgs": "406|240",
        "per_id_permlanes": "1|1",
        "per_id_arrows": "\u2190|\u2192",
        "per_id_directions": "reverse|forward",
        "searchable_text": "411132|411133|600|600|13.9|13.9|50.0|50.0|406|240",
        "daily_avg_volume": 646.0,
        "capacity": 1200.0,
        "freespeed": 50.0,
        "modes": "bus,car,car_passenger,pt,taxi,truck",
        "isTarget": false,
        "link_1451949_inflow": 63,
        "link_1451949_outflow": 0
      }
    },
    {
      "type": "Feature",
      "geometry": {
        "type": "LineString",
        "coordinates": [
          [
            6.157557893271236,
            46.20351025811918
          ],
          [
            6.157496193267785,
            46.203428058119414
          ]
        ]
      },
      "properties": {
        "angle": -126.89219767729239,
        "per_id_keys": "411130|411131",
        "per_id_capacities": "600|600",
        "per_id_lengths": "13.9|13.9",
        "per_id_freespeeds": "50.0|50.0",
        "per_id_daily_avgs": "404|246",
        "per_id_permlanes": "1|1",
        "per_id_arrows": "\u2190|\u2192",
        "per_id_directions": "forward|reverse",
        "searchable_text": "411130|411131|600|600|13.9|13.9|50.0|50.0|404|246",
        "daily_avg_volume": 650.0,
        "capacity": 1200.0,
        "freespeed": 50.0,
        "modes": "bus,car,car_passenger,pt,taxi,truck",
        "isTarget": false,
        "link_1451949_inflow": 63,
        "link_1451949_outflow": 0
      }
    },
    {
      "type": "Feature",
      "geometry": {
        "type": "LineString",
        "coordinates": [
          [
            6.157390893268007,
            46.20347355812155
          ],
          [
            6.157496193267785,
            46.203428058119414
          ]
        ]
      },
      "properties": {
        "angle": -23.369114187478775,
        "per_id_keys": "612408",
        "per_id_capacities": "300",
        "per_id_lengths": "9.6",
        "per_id_freespeeds": "30.0",
        "per_id_daily_avgs": "8",
        "per_id_permlanes": "1",
        "per_id_arrows": "\u2192",
        "per_id_directions": "forward",
        "searchable_text": "612408|300|9.6|30.0|8",
        "daily_avg_volume": 8.0,
        "capacity": 300.0,
        "freespeed": 30.000000000000004,
        "modes": "car,car_passenger,taxi,truck",
        "isTarget": false,
        "link_1451949_inflow": 0,
        "link_1451949_outflow": 0
      }
    },
    {
      "type": "Feature",
      "geometry": {
        "type": "LineString",
        "coordinates": [
          [
            6.157375493231635,
            46.20236955811212
          ],
          [
            6.156711393232031,
            46.20262905812506
          ]
        ]
      },
      "properties": {
        "angle": 158.65670724295526,
        "per_id_keys": "1286211|1286212",
        "per_id_capacities": "2250|3000",
        "per_id_lengths": "58.8|58.8",
        "per_id_freespeeds": "50.0|50.0",
        "per_id_daily_avgs": "116|107",
        "per_id_permlanes": "1|2",
        "per_id_arrows": "\u2190|\u2192",
        "per_id_directions": "forward|reverse",
        "searchable_text": "1286211|1286212|2250|3000|58.8|58.8|50.0|50.0|116|107",
        "daily_avg_volume": 223.0,
        "capacity": 5250.0,
        "freespeed": 50.0,
        "modes": "car,car_passenger,taxi,truck",
        "isTarget": false,
        "link_1451949_inflow": 22,
        "link_1451949_outflow": 0
      }
    },
    {
      "type": "Feature",
      "geometry": {
        "type": "LineString",
        "coordinates": [
          [
            6.1564973932186575,
            46.202300858125625
          ],
          [
            6.156711393232031,
            46.20262905812506
          ]
        ]
      },
      "properties": {
        "angle": 56.89398193589851,
        "per_id_keys": "1582219",
        "per_id_capacities": "1800",
        "per_id_lengths": "40.1",
        "per_id_freespeeds": "50.0",
        "per_id_daily_avgs": "244",
        "per_id_permlanes": "3",
        "per_id_arrows": "\u2192",
        "per_id_directions": "forward",
        "searchable_text": "1582219|1800|40.1|50.0|244",
        "daily_avg_volume": 244.0,
        "capacity": 1800.0,
        "freespeed": 50.0,
        "modes": "bus,car,car_passenger,pt,taxi,truck",
        "isTarget": false,
        "link_1451949_inflow": 24,
        "link_1451949_outflow": 0
      }
    },
    {
      "type": "Feature",
      "geometry": {
        "type": "LineString",
        "coordinates": [
          [
            6.156297793230253,
            46.20272905813257
          ],
          [
            6.156711393232031,
            46.20262905812506
          ]
        ]
      },
      "properties": {
        "angle": -13.59209996101099,
        "per_id_keys": "26710|26711",
        "per_id_capacities": "3000|3000",
        "per_id_lengths": "33.9|33.9",
        "per_id_freespeeds": "50.0|50.0",
        "per_id_daily_avgs": "101|141",
        "per_id_permlanes": "2|2",
        "per_id_arrows": "\u2192|\u2190",
        "per_id_directions": "forward|reverse",
        "searchable_text": "26710|26711|3000|3000|33.9|33.9|50.0|50.0|101|141",
        "daily_avg_volume": 242.0,
        "capacity": 6000.0,
        "freespeed": 50.0,
        "modes": "car,car_passenger,taxi,truck",
        "isTarget": false,
        "link_1451949_inflow": 110,
        "link_1451949_outflow": 0
      }
    },
    {
      "type": "Feature",
      "geometry": {
        "type": "LineString",
        "coordinates": [
          [
            6.157497393231484,
            46.202319158109695
          ],
          [
            6.157375493231635,
            46.20236955811212
          ]
        ]
      },
      "properties": {
        "angle": 157.53717247855985,
        "per_id_keys": "493508|493509",
        "per_id_capacities": "1500|3000",
        "per_id_lengths": "13.9|13.9",
        "per_id_freespeeds": "50.0|50.0",
        "per_id_daily_avgs": "121|106",
        "per_id_permlanes": "1|2",
        "per_id_arrows": "\u2190|\u2192",
        "per_id_directions": "forward|reverse",
        "searchable_text": "493508|493509|1500|3000|13.9|13.9|50.0|50.0|121|106",
        "daily_avg_volume": 227.0,
        "capacity": 4500.0,
        "freespeed": 50.0,
        "modes": "car,car_passenger,taxi,truck",
        "isTarget": false,
        "link_1451949_inflow": 22,
        "link_1451949_outflow": 0
      }
    },
    {
      "type": "Feature",
      "geometry": {
        "type": "LineString",
        "coordinates": [
          [
            6.156173393229573,
            46.2027544581348
          ],
          [
            6.156297793230253,
            46.20272905813257
          ]
        ]
      },
      "properties": {
        "angle": -11.5400356934777,
        "per_id_keys": "492838|492839",
        "per_id_capacities": "3000|3000",
        "per_id_lengths": "13.9|13.9",
        "per_id_freespeeds": "50.0|50.0",
        "per_id_daily_avgs": "101|141",
        "per_id_permlanes": "2|2",
        "per_id_arrows": "\u2192|\u2190",
        "per_id_directions": "forward|reverse",
        "searchable_text": "492838|492839|3000|3000|13.9|13.9|50.0|50.0|101|141",
        "daily_avg_volume": 242.0,
        "capacity": 6000.0,
        "freespeed": 50.0,
        "modes": "car,car_passenger,taxi,truck",
        "isTarget": false,
        "link_1451949_inflow": 110,
        "link_1451949_outflow": 0
      }
    },
    {
      "type": "Feature",
      "geometry": {
        "type": "LineString",
        "coordinates": [
          [
            6.156711393232031,
            46.20262905812506
          ],
          [
            6.156364193220996,
            46.20242155812882
          ]
        ]
      },
      "properties": {
        "angle": -149.13584721105354,
        "per_id_keys": "276201|276201_spec",
        "per_id_capacities": "600|600",
        "per_id_lengths": "35.7|35.7",
        "per_id_freespeeds": "50.0|50.0",
        "per_id_daily_avgs": "16|364",
        "per_id_permlanes": "1|1",
        "per_id_arrows": "\u2190|\u2190",
        "per_id_directions": "forward|forward",
        "searchable_text": "276201|276201_spec|600|600|35.7|35.7|50.0|50.0|16|364",
        "daily_avg_volume": 380.0,
        "capacity": 1200.0,
        "freespeed": 50.0,
        "modes": "bus,car,car_passenger,pt,taxi,truck",
        "isTarget": false,
        "link_1451949_inflow": 29,
        "link_1451949_outflow": 0
      }
    },
    {
      "type": "Feature",
      "geometry": {
        "type": "LineString",
        "coordinates": [
          [
            6.158256993296206,
            46.20401255811231
          ],
          [
            6.15859589328754,
            46.20362115810346
          ]
        ]
      },
      "properties": {
        "angle": -49.11182209735764,
        "per_id_keys": "319113",
        "per_id_capacities": "600",
        "per_id_lengths": "51.5",
        "per_id_freespeeds": "30.0",
        "per_id_daily_avgs": "0",
        "per_id_permlanes": "1",
        "per_id_arrows": "\u2192",
        "per_id_directions": "forward",
        "searchable_text": "319113|600|51.5|30.0|0",
        "daily_avg_volume": 0.0,
        "capacity": 600.0,
        "freespeed": 30.000000000000004,
        "modes": "car,car_passenger,taxi,truck",
        "isTarget": false,
        "link_1451949_inflow": 0,
        "link_1451949_outflow": 0
      }
    },
    {
      "type": "Feature",
      "geometry": {
        "type": "LineString",
        "coordinates": [
          [
            6.1578409932653075,
            46.20322405811209
          ],
          [
            6.157557893271236,
            46.20351025811918
          ]
        ]
      },
      "properties": {
        "angle": 134.6880100008925,
        "per_id_keys": "56925|56926",
        "per_id_capacities": "600|600",
        "per_id_lengths": "38.6|38.6",
        "per_id_freespeeds": "30.0|30.0",
        "per_id_daily_avgs": "4|7",
        "per_id_permlanes": "1|1",
        "per_id_arrows": "\u2192|\u2190",
        "per_id_directions": "reverse|forward",
        "searchable_text": "56925|56926|600|600|38.6|38.6|30.0|30.0|4|7",
        "daily_avg_volume": 11.0,
        "capacity": 1200.0,
        "freespeed": 30.000000000000004,
        "modes": "car,car_passenger,taxi,truck",
        "isTarget": false,
        "link_1451949_inflow": 1,
        "link_1451949_outflow": 0
      }
    },
    {
      "type": "Feature",
      "geometry": {
        "type": "LineString",
        "coordinates": [
          [
            6.15685569310704,
            46.19875985808894
          ],
          [
            6.156918593116951,
            46.19903895809029
          ]
        ]
      },
      "properties": {
        "angle": 77.29958814514441,
        "per_id_keys": "1099315",
        "per_id_capacities": "1500",
        "per_id_lengths": "31.5",
        "per_id_freespeeds": "60.0",
        "per_id_daily_avgs": "7",
        "per_id_permlanes": "1",
        "per_id_arrows": "\u2192",
        "per_id_directions": "forward",
        "searchable_text": "1099315|1500|31.5|60.0|7",
        "daily_avg_volume": 7.0,
        "capacity": 1500.0,
        "freespeed": 60.00000000000001,
        "modes": "car,car_passenger,taxi,truck",
        "isTarget": false,
        "link_1451949_inflow": 0,
        "link_1451949_outflow": 0
      }
    },
    {
      "type": "Feature",
      "geometry": {
        "type": "LineString",
        "coordinates": [
          [
            6.157333393136041,
            46.199467258087424
          ],
          [
            6.156918593116951,
            46.19903895809029
          ]
        ]
      },
      "properties": {
        "angle": -134.0826406661229,
        "per_id_keys": "1479721|1479722",
        "per_id_capacities": "3000|4500",
        "per_id_lengths": "57.4|57.4",
        "per_id_freespeeds": "50.0|50.0",
        "per_id_daily_avgs": "7|63",
        "per_id_permlanes": "2|3",
        "per_id_arrows": "\u2192|\u2190",
        "per_id_directions": "reverse|forward",
        "searchable_text": "1479721|1479722|3000|4500|57.4|57.4|50.0|50.0|7|63",
        "daily_avg_volume": 70.0,
        "capacity": 7500.0,
        "freespeed": 50.0,
        "modes": "car,car_passenger,taxi,truck",
        "isTarget": false,
        "link_1451949_inflow": 0,
        "link_1451949_outflow": 0
      }
    },
    {
      "type": "Feature",
      "geometry": {
        "type": "LineString",
        "coordinates": [
          [
            6.155403893098306,
            46.1990336581146
          ],
          [
            6.155899093099651,
            46.198890658105434
          ]
        ]
      },
      "properties": {
        "angle": -16.1072488924623,
        "per_id_keys": "1099318|1099319",
        "per_id_capacities": "3000|3000",
        "per_id_lengths": "41.4|41.4",
        "per_id_freespeeds": "50.0|50.0",
        "per_id_daily_avgs": "138|84",
        "per_id_permlanes": "2|2",
        "per_id_arrows": "\u2192|\u2190",
        "per_id_directions": "forward|reverse",
        "searchable_text": "1099318|1099319|3000|3000|41.4|41.4|50.0|50.0|138|84",
        "daily_avg_volume": 222.0,
        "capacity": 6000.0,
        "freespeed": 50.0,
        "modes": "bus,car,car_passenger,pt,taxi,truck",
        "isTarget": false,
        "link_1451949_inflow": 2,
        "link_1451949_outflow": 0
      }
    },
    {
      "type": "Feature",
      "geometry": {
        "type": "LineString",
        "coordinates": [
          [
            6.156012493099956,
            46.19885785810333
          ],
          [
            6.155899093099651,
            46.198890658105434
          ]
        ]
      },
      "properties": {
        "angle": 163.86792918372169,
        "per_id_keys": "836432|836433",
        "per_id_capacities": "3000|3000",
        "per_id_lengths": "13.9|13.9",
        "per_id_freespeeds": "50.0|50.0",
        "per_id_daily_avgs": "138|84",
        "per_id_permlanes": "2|2",
        "per_id_arrows": "\u2192|\u2190",
        "per_id_directions": "reverse|forward",
        "searchable_text": "836432|836433|3000|3000|13.9|13.9|50.0|50.0|138|84",
        "daily_avg_volume": 222.0,
        "capacity": 6000.0,
        "freespeed": 50.0,
        "modes": "bus,car,car_passenger,pt,taxi,truck",
        "isTarget": false,
        "link_1451949_inflow": 2,
        "link_1451949_outflow": 0
      }
    },
    {
      "type": "Feature",
      "geometry": {
        "type": "LineString",
        "coordinates": [
          [
            6.155403893098306,
            46.1990336581146
          ],
          [
            6.1551649930976575,
            46.19910365811904
          ]
        ]
      },
      "properties": {
        "angle": 163.6689065582243,
        "per_id_keys": "1826750|1826751",
        "per_id_capacities": "3000|3000",
        "per_id_lengths": "20.0|20.0",
        "per_id_freespeeds": "50.0|50.0",
        "per_id_daily_avgs": "138|84",
        "per_id_permlanes": "2|2",
        "per_id_arrows": "\u2192|\u2190",
        "per_id_directions": "reverse|forward",
        "searchable_text": "1826750|1826751|3000|3000|20.0|20.0|50.0|50.0|138|84",
        "daily_avg_volume": 222.0,
        "capacity": 6000.0,
        "freespeed": 50.0,
        "modes": "bus,car,car_passenger,pt,taxi,truck",
        "isTarget": false,
        "link_1451949_inflow": 2,
        "link_1451949_outflow": 0
      }
    },
    {
      "type": "Feature",
      "geometry": {
        "type": "LineString",
        "coordinates": [
          [
            6.154923293097057,
            46.19917505812359
          ],
          [
            6.1551649930976575,
            46.19910365811904
          ]
        ]
      },
      "properties": {
        "angle": -16.45753821730782,
        "per_id_keys": "1582148|1582149",
        "per_id_capacities": "3000|3000",
        "per_id_lengths": "20.3|20.3",
        "per_id_freespeeds": "50.0|50.0",
        "per_id_daily_avgs": "138|84",
        "per_id_permlanes": "2|2",
        "per_id_arrows": "\u2192|\u2190",
        "per_id_directions": "forward|reverse",
        "searchable_text": "1582148|1582149|3000|3000|20.3|20.3|50.0|50.0|138|84",
        "daily_avg_volume": 222.0,
        "capacity": 6000.0,
        "freespeed": 50.0,
        "modes": "bus,car,car_passenger,pt,taxi,truck",
        "isTarget": false,
        "link_1451949_inflow": 2,
        "link_1451949_outflow": 0
      }
    },
    {
      "type": "Feature",
      "geometry": {
        "type": "LineString",
        "coordinates": [
          [
            6.156249593100632,
            46.1987894580989
          ],
          [
            6.156012493099956,
            46.19885785810333
          ]
        ]
      },
      "properties": {
        "angle": 163.9078956620217,
        "per_id_keys": "270502|270503",
        "per_id_capacities": "3000|2250",
        "per_id_lengths": "19.8|19.8",
        "per_id_freespeeds": "50.0|50.0",
        "per_id_daily_avgs": "137|84",
        "per_id_permlanes": "2|1",
        "per_id_arrows": "\u2192|\u2190",
        "per_id_directions": "reverse|forward",
        "searchable_text": "270502|270503|3000|2250|19.8|19.8|50.0|50.0|137|84",
        "daily_avg_volume": 221.0,
        "capacity": 5250.0,
        "freespeed": 50.0,
        "modes": "bus,car,car_passenger,pt,taxi,truck",
        "isTarget": false,
        "link_1451949_inflow": 2,
        "link_1451949_outflow": 0
      }
    },
    {
      "type": "Feature",
      "geometry": {
        "type": "LineString",
        "coordinates": [
          [
            6.156249593100632,
            46.1987894580989
          ],
          [
            6.156500993101773,
            46.19873095809433
          ]
        ]
      },
      "properties": {
        "angle": -13.09943608897145,
        "per_id_keys": "1099324|1099325",
        "per_id_capacities": "3000|2250",
        "per_id_lengths": "20.5|20.5",
        "per_id_freespeeds": "50.0|50.0",
        "per_id_daily_avgs": "137|84",
        "per_id_permlanes": "2|1",
        "per_id_arrows": "\u2192|\u2190",
        "per_id_directions": "forward|reverse",
        "searchable_text": "1099324|1099325|3000|2250|20.5|20.5|50.0|50.0|137|84",
        "daily_avg_volume": 221.0,
        "capacity": 5250.0,
        "freespeed": 50.0,
        "modes": "bus,car,car_passenger,pt,taxi,truck",
        "isTarget": false,
        "link_1451949_inflow": 2,
        "link_1451949_outflow": 0
      }
    },
    {
      "type": "Feature",
      "geometry": {
        "type": "LineString",
        "coordinates": [
          [
            6.156698593102174,
            46.19866985809065
          ],
          [
            6.156500993101773,
            46.19873095809433
          ]
        ]
      },
      "properties": {
        "angle": 162.8178397632952,
        "per_id_keys": "484196|484197",
        "per_id_capacities": "3000|3000",
        "per_id_lengths": "16.7|16.7",
        "per_id_freespeeds": "50.0|50.0",
        "per_id_daily_avgs": "199|137",
        "per_id_permlanes": "2|2",
        "per_id_arrows": "\u2190|\u2192",
        "per_id_directions": "forward|reverse",
        "searchable_text": "484196|484197|3000|3000|16.7|16.7|50.0|50.0|199|137",
        "daily_avg_volume": 336.0,
        "capacity": 6000.0,
        "freespeed": 50.0,
        "modes": "bus,car,car_passenger,pt,taxi,truck",
        "isTarget": false,
        "link_1451949_inflow": 2,
        "link_1451949_outflow": 0
      }
    },
    {
      "type": "Feature",
      "geometry": {
        "type": "LineString",
        "coordinates": [
          [
            6.156598693104868,
            46.19878915809331
          ],
          [
            6.156500993101773,
            46.19873095809433
          ]
        ]
      },
      "properties": {
        "angle": -149.21769657640596,
        "per_id_keys": "484247",
        "per_id_capacities": "4500",
        "per_id_lengths": "13.9",
        "per_id_freespeeds": "50.0",
        "per_id_daily_avgs": "62",
        "per_id_permlanes": "3",
        "per_id_arrows": "\u2190",
        "per_id_directions": "forward",
        "searchable_text": "484247|4500|13.9|50.0|62",
        "daily_avg_volume": 62.0,
        "capacity": 4500.0,
        "freespeed": 50.0,
        "modes": "car,car_passenger,taxi,truck",
        "isTarget": false,
        "link_1451949_inflow": 0,
        "link_1451949_outflow": 0
      }
    },
    {
      "type": "Feature",
      "geometry": {
        "type": "LineString",
        "coordinates": [
          [
            6.156500993101773,
            46.19873095809433
          ],
          [
            6.156521093095621,
            46.198536258092304
          ]
        ]
      },
      "properties": {
        "angle": -84.10590905695952,
        "per_id_keys": "1545457",
        "per_id_capacities": "600",
        "per_id_lengths": "21.9",
        "per_id_freespeeds": "15.0",
        "per_id_daily_avgs": "1",
        "per_id_permlanes": "1",
        "per_id_arrows": "\u2192",
        "per_id_directions": "forward",
        "searchable_text": "1545457|600|21.9|15.0|1",
        "daily_avg_volume": 1.0,
        "capacity": 600.0,
        "freespeed": 15.000000000000002,
        "modes": "car,car_passenger,taxi,truck",
        "isTarget": false,
        "link_1451949_inflow": 0,
        "link_1451949_outflow": 0
      }
    },
    {
      "type": "Feature",
      "geometry": {
        "type": "LineString",
        "coordinates": [
          [
            6.156746193102346,
            46.198657058089765
          ],
          [
            6.156698593102174,
            46.19866985809065
          ]
        ]
      },
      "properties": {
        "angle": 164.94877906181767,
        "per_id_keys": "1756150|1756151",
        "per_id_capacities": "3000|3000",
        "per_id_lengths": "13.9|13.9",
        "per_id_freespeeds": "50.0|50.0",
        "per_id_daily_avgs": "332|137",
        "per_id_permlanes": "2|2",
        "per_id_arrows": "\u2190|\u2192",
        "per_id_directions": "forward|reverse",
        "searchable_text": "1756150|1756151|3000|3000|13.9|13.9|50.0|50.0|332|137",
        "daily_avg_volume": 469.0,
        "capacity": 6000.0,
        "freespeed": 50.0,
        "modes": "bus,car,car_passenger,pt,taxi,truck",
        "isTarget": false,
        "link_1451949_inflow": 2,
        "link_1451949_outflow": 0
      }
    },
    {
      "type": "Feature",
      "geometry": {
        "type": "LineString",
        "coordinates": [
          [
            6.156500993101773,
            46.19873095809433
          ],
          [
            6.156288893096199,
            46.19863955809693
          ]
        ]
      },
      "properties": {
        "angle": -156.68739904807862,
        "per_id_keys": "815499",
        "per_id_capacities": "3000",
        "per_id_lengths": "19.3",
        "per_id_freespeeds": "50.0",
        "per_id_daily_avgs": "176",
        "per_id_permlanes": "2",
        "per_id_arrows": "\u2190",
        "per_id_directions": "forward",
        "searchable_text": "815499|3000|19.3|50.0|176",
        "daily_avg_volume": 176.0,
        "capacity": 3000.0,
        "freespeed": 50.0,
        "modes": "bus,car,car_passenger,pt,taxi,truck",
        "isTarget": false,
        "link_1451949_inflow": 0,
        "link_1451949_outflow": 0
      }
    },
    {
      "type": "Feature",
      "geometry": {
        "type": "LineString",
        "coordinates": [
          [
            6.15523289321093,
            46.20253535814798
          ],
          [
            6.15526699321394,
            46.20261445814815
          ]
        ]
      },
      "properties": {
        "angle": 66.67913029854496,
        "per_id_keys": "1114371",
        "per_id_capacities": "4500",
        "per_id_lengths": "13.9",
        "per_id_freespeeds": "50.0",
        "per_id_daily_avgs": "18",
        "per_id_permlanes": "3",
        "per_id_arrows": "\u2192",
        "per_id_directions": "forward",
        "searchable_text": "1114371|4500|13.9|50.0|18",
        "daily_avg_volume": 18.0,
        "capacity": 4500.0,
        "freespeed": 50.0,
        "modes": "car,car_passenger,taxi,truck",
        "isTarget": false,
        "link_1451949_inflow": 8,
        "link_1451949_outflow": 0
      }
    },
    {
      "type": "Feature",
      "geometry": {
        "type": "LineString",
        "coordinates": [
          [
            6.15523289321093,
            46.20253535814798
          ],
          [
            6.155043393209808,
            46.202572158151355
          ]
        ]
      },
      "properties": {
        "angle": 169.01021646756556,
        "per_id_keys": "1400413|1400413_spec|1400414|1400414_spec",
        "per_id_capacities": "900|300|900|300",
        "per_id_lengths": "15.2|15.2|15.2|15.2",
        "per_id_freespeeds": "25.0|25.0|25.0|25.0",
        "per_id_daily_avgs": "13|637|1|300",
        "per_id_permlanes": "1|0|1|0",
        "per_id_arrows": "\u2190|\u2190|\u2192|\u2192",
        "per_id_directions": "forward|forward|reverse|reverse",
        "searchable_text": "1400413|1400413_spec|1400414|1400414_spec|900|300|900|300|15.2|15.2|15.2|15.2|25.0|25.0|25.0|25.0|13|637|1|300",
        "daily_avg_volume": 951.0,
        "capacity": 2400.0,
        "freespeed": 25.0,
        "modes": "bus,car,car_passenger,pt,taxi,truck",
        "isTarget": false,
        "link_1451949_inflow": 61,
        "link_1451949_outflow": 0
      }
    },
    {
      "type": "Feature",
      "geometry": {
        "type": "LineString",
        "coordinates": [
          [
            6.155126293217125,
            46.20276435815171
          ],
          [
            6.155043393209808,
            46.202572158151355
          ]
        ]
      },
      "properties": {
        "angle": -113.33157895469176,
        "per_id_keys": "1946067",
        "per_id_capacities": "4500",
        "per_id_lengths": "22.3",
        "per_id_freespeeds": "50.0",
        "per_id_daily_avgs": "67",
        "per_id_permlanes": "3",
        "per_id_arrows": "\u2190",
        "per_id_directions": "forward",
        "searchable_text": "1946067|4500|22.3|50.0|67",
        "daily_avg_volume": 67.0,
        "capacity": 4500.0,
        "freespeed": 50.0,
        "modes": "car,car_passenger,taxi,truck",
        "isTarget": false,
        "link_1451949_inflow": 0,
        "link_1451949_outflow": 0
      }
    },
    {
      "type": "Feature",
      "geometry": {
        "type": "LineString",
        "coordinates": [
          [
            6.15523289321093,
            46.20253535814798
          ],
          [
            6.155986493215185,
            46.20238475813455
          ]
        ]
      },
      "properties": {
        "angle": -11.301160498744805,
        "per_id_keys": "1916344|1916344_spec|1916345|1916345_spec",
        "per_id_capacities": "900|300|900|300",
        "per_id_lengths": "60.5|60.5|60.5|60.5",
        "per_id_freespeeds": "25.0|25.0|25.0|25.0",
        "per_id_daily_avgs": "9|431|1|300",
        "per_id_permlanes": "1|0|1|0",
        "per_id_arrows": "\u2190|\u2190|\u2192|\u2192",
        "per_id_directions": "reverse|reverse|forward|forward",
        "searchable_text": "1916344|1916344_spec|1916345|1916345_spec|900|300|900|300|60.5|60.5|60.5|60.5|25.0|25.0|25.0|25.0|9|431|1|300",
        "daily_avg_volume": 741.0,
        "capacity": 2400.0,
        "freespeed": 25.0,
        "modes": "bus,car,car_passenger,pt,taxi,truck",
        "isTarget": false,
        "link_1451949_inflow": 46,
        "link_1451949_outflow": 0
      }
    },
    {
      "type": "Feature",
      "geometry": {
        "type": "LineString",
        "coordinates": [
          [
            6.156137793216198,
            46.20235925813193
          ],
          [
            6.155986493215185,
            46.20238475813455
          ]
        ]
      },
      "properties": {
        "angle": 170.43331310785894,
        "per_id_keys": "1624757",
        "per_id_capacities": "1200",
        "per_id_lengths": "12.0",
        "per_id_freespeeds": "25.0",
        "per_id_daily_avgs": "440",
        "per_id_permlanes": "2",
        "per_id_arrows": "\u2190",
        "per_id_directions": "forward",
        "searchable_text": "1624757|1200|12.0|25.0|440",
        "daily_avg_volume": 440.0,
        "capacity": 1200.0,
        "freespeed": 25.0,
        "modes": "bus,car,car_passenger,pt,taxi,truck",
        "isTarget": false,
        "link_1451949_inflow": 46,
        "link_1451949_outflow": 0
      }
    },
    {
      "type": "Feature",
      "geometry": {
        "type": "LineString",
        "coordinates": [
          [
            6.153780493165687,
            46.20169555816399
          ],
          [
            6.153651293168842,
            46.2018401581673
          ]
        ]
      },
      "properties": {
        "angle": 131.78076450823522,
        "per_id_keys": "1114372",
        "per_id_capacities": "600",
        "per_id_lengths": "19.1",
        "per_id_freespeeds": "50.0",
        "per_id_daily_avgs": "168",
        "per_id_permlanes": "1",
        "per_id_arrows": "\u2190",
        "per_id_directions": "forward",
        "searchable_text": "1114372|600|19.1|50.0|168",
        "daily_avg_volume": 168.0,
        "capacity": 600.0,
        "freespeed": 50.0,
        "modes": "bus,car,car_passenger,pt,taxi,truck",
        "isTarget": false,
        "link_1451949_inflow": 10,
        "link_1451949_outflow": 0
      }
    },
    {
      "type": "Feature",
      "geometry": {
        "type": "LineString",
        "coordinates": [
          [
            6.153699593157579,
            46.20147825816336
          ],
          [
            6.1537505931604946,
            46.20154845816316
          ]
        ]
      },
      "properties": {
        "angle": 54.0017534861071,
        "per_id_keys": "1114373",
        "per_id_capacities": "600",
        "per_id_lengths": "13.9",
        "per_id_freespeeds": "50.0",
        "per_id_daily_avgs": "26",
        "per_id_permlanes": "1",
        "per_id_arrows": "\u2192",
        "per_id_directions": "forward",
        "searchable_text": "1114373|600|13.9|50.0|26",
        "daily_avg_volume": 26.0,
        "capacity": 600.0,
        "freespeed": 50.0,
        "modes": "bus,car,car_passenger,pt,taxi,truck",
        "isTarget": false,
        "link_1451949_inflow": 1,
        "link_1451949_outflow": 0
      }
    },
    {
      "type": "Feature",
      "geometry": {
        "type": "LineString",
        "coordinates": [
          [
            6.153699593157579,
            46.20147825816336
          ],
          [
            6.1539022931594625,
            46.20146015815998
          ]
        ]
      },
      "properties": {
        "angle": -5.102666915999753,
        "per_id_keys": "1288790",
        "per_id_capacities": "600",
        "per_id_lengths": "15.8",
        "per_id_freespeeds": "50.0",
        "per_id_daily_avgs": "243",
        "per_id_permlanes": "1",
        "per_id_arrows": "\u2192",
        "per_id_directions": "forward",
        "searchable_text": "1288790|600|15.8|50.0|243",
        "daily_avg_volume": 243.0,
        "capacity": 600.0,
        "freespeed": 50.0,
        "modes": "bus,car,car_passenger,pt,taxi,truck",
        "isTarget": false,
        "link_1451949_inflow": 0,
        "link_1451949_outflow": 0
      }
    },
    {
      "type": "Feature",
      "geometry": {
        "type": "LineString",
        "coordinates": [
          [
            6.1537505931604946,
            46.20154845816316
          ],
          [
            6.153756993160926,
            46.20155875816315
          ]
        ]
      },
      "properties": {
        "angle": 58.14486586569996,
        "per_id_keys": "1114374",
        "per_id_capacities": "600",
        "per_id_lengths": "13.9",
        "per_id_freespeeds": "50.0",
        "per_id_daily_avgs": "26",
        "per_id_permlanes": "1",
        "per_id_arrows": "\u2192",
        "per_id_directions": "forward",
        "searchable_text": "1114374|600|13.9|50.0|26",
        "daily_avg_volume": 26.0,
        "capacity": 600.0,
        "freespeed": 50.0,
        "modes": "bus,car,car_passenger,pt,taxi,truck",
        "isTarget": false,
        "link_1451949_inflow": 1,
        "link_1451949_outflow": 0
      }
    },
    {
      "type": "Feature",
      "geometry": {
        "type": "LineString",
        "coordinates": [
          [
            6.154545793165104,
            46.20139295814904
          ],
          [
            6.154541893164697,
            46.201381758149004
          ]
        ]
      },
      "properties": {
        "angle": -109.19884907988735,
        "per_id_keys": "1225090",
        "per_id_capacities": "4500",
        "per_id_lengths": "13.9",
        "per_id_freespeeds": "50.0",
        "per_id_daily_avgs": "65",
        "per_id_permlanes": "3",
        "per_id_arrows": "\u2190",
        "per_id_directions": "forward",
        "searchable_text": "1225090|4500|13.9|50.0|65",
        "daily_avg_volume": 65.0,
        "capacity": 4500.0,
        "freespeed": 50.0,
        "modes": "car,car_passenger,taxi,truck",
        "isTarget": false,
        "link_1451949_inflow": 0,
        "link_1451949_outflow": 0
      }
    },
    {
      "type": "Feature",
      "geometry": {
        "type": "LineString",
        "coordinates": [
          [
            6.153756993160926,
            46.20155875816315
          ],
          [
            6.153761493161382,
            46.201570358163195
          ]
        ]
      },
      "properties": {
        "angle": 68.79717947118833,
        "per_id_keys": "1114375",
        "per_id_capacities": "600",
        "per_id_lengths": "13.9",
        "per_id_freespeeds": "50.0",
        "per_id_daily_avgs": "26",
        "per_id_permlanes": "1",
        "per_id_arrows": "\u2192",
        "per_id_directions": "forward",
        "searchable_text": "1114375|600|13.9|50.0|26",
        "daily_avg_volume": 26.0,
        "capacity": 600.0,
        "freespeed": 50.0,
        "modes": "bus,car,car_passenger,pt,taxi,truck",
        "isTarget": false,
        "link_1451949_inflow": 1,
        "link_1451949_outflow": 0
      }
    },
    {
      "type": "Feature",
      "geometry": {
        "type": "LineString",
        "coordinates": [
          [
            6.154549993165496,
            46.20140345814908
          ],
          [
            6.154545793165104,
            46.20139295814904
          ]
        ]
      },
      "properties": {
        "angle": -111.80141125952407,
        "per_id_keys": "1225089",
        "per_id_capacities": "4500",
        "per_id_lengths": "13.9",
        "per_id_freespeeds": "50.0",
        "per_id_daily_avgs": "65",
        "per_id_permlanes": "3",
        "per_id_arrows": "\u2190",
        "per_id_directions": "forward",
        "searchable_text": "1225089|4500|13.9|50.0|65",
        "daily_avg_volume": 65.0,
        "capacity": 4500.0,
        "freespeed": 50.0,
        "modes": "bus,car,car_passenger,pt,taxi,truck",
        "isTarget": false,
        "link_1451949_inflow": 0,
        "link_1451949_outflow": 0
      }
    },
    {
      "type": "Feature",
      "geometry": {
        "type": "LineString",
        "coordinates": [
          [
            6.15307259315762,
            46.201713158175494
          ],
          [
            6.153067193157193,
            46.20170225817552
          ]
        ]
      },
      "properties": {
        "angle": -116.35440773797855,
        "per_id_keys": "705419",
        "per_id_capacities": "600",
        "per_id_lengths": "13.9",
        "per_id_freespeeds": "50.0",
        "per_id_daily_avgs": "45",
        "per_id_permlanes": "1",
        "per_id_arrows": "\u2190",
        "per_id_directions": "forward",
        "searchable_text": "705419|600|13.9|50.0|45",
        "daily_avg_volume": 45.0,
        "capacity": 600.0,
        "freespeed": 50.0,
        "modes": "bus,car,car_passenger,pt,taxi,truck",
        "isTarget": false,
        "link_1451949_inflow": 0,
        "link_1451949_outflow": 0
      }
    },
    {
      "type": "Feature",
      "geometry": {
        "type": "LineString",
        "coordinates": [
          [
            6.153761493161382,
            46.201570358163195
          ],
          [
            6.153764093161582,
            46.2015765581632
          ]
        ]
      },
      "properties": {
        "angle": 67.24902208979,
        "per_id_keys": "1114376",
        "per_id_capacities": "600",
        "per_id_lengths": "13.9",
        "per_id_freespeeds": "50.0",
        "per_id_daily_avgs": "26",
        "per_id_permlanes": "1",
        "per_id_arrows": "\u2192",
        "per_id_directions": "forward",
        "searchable_text": "1114376|600|13.9|50.0|26",
        "daily_avg_volume": 26.0,
        "capacity": 600.0,
        "freespeed": 50.0,
        "modes": "bus,car,car_passenger,pt,taxi,truck",
        "isTarget": false,
        "link_1451949_inflow": 1,
        "link_1451949_outflow": 0
      }
    },
    {
      "type": "Feature",
      "geometry": {
        "type": "LineString",
        "coordinates": [
          [
            6.1530798931581625,
            46.201726658175524
          ],
          [
            6.15307259315762,
            46.201713158175494
          ]
        ]
      },
      "properties": {
        "angle": -118.40189733635387,
        "per_id_keys": "705418",
        "per_id_capacities": "600",
        "per_id_lengths": "13.9",
        "per_id_freespeeds": "50.0",
        "per_id_daily_avgs": "45",
        "per_id_permlanes": "1",
        "per_id_arrows": "\u2190",
        "per_id_directions": "forward",
        "searchable_text": "705418|600|13.9|50.0|45",
        "daily_avg_volume": 45.0,
        "capacity": 600.0,
        "freespeed": 50.0,
        "modes": "bus,car,car_passenger,pt,taxi,truck",
        "isTarget": false,
        "link_1451949_inflow": 0,
        "link_1451949_outflow": 0
      }
    },
    {
      "type": "Feature",
      "geometry": {
        "type": "LineString",
        "coordinates": [
          [
            6.153764093161582,
            46.2015765581632
          ],
          [
            6.153780493165687,
            46.20169555816399
          ]
        ]
      },
      "properties": {
        "angle": 82.15320198911346,
        "per_id_keys": "1114377",
        "per_id_capacities": "600",
        "per_id_lengths": "13.9",
        "per_id_freespeeds": "50.0",
        "per_id_daily_avgs": "26",
        "per_id_permlanes": "1",
        "per_id_arrows": "\u2192",
        "per_id_directions": "forward",
        "searchable_text": "1114377|600|13.9|50.0|26",
        "daily_avg_volume": 26.0,
        "capacity": 600.0,
        "freespeed": 50.0,
        "modes": "bus,car,car_passenger,pt,taxi,truck",
        "isTarget": false,
        "link_1451949_inflow": 1,
        "link_1451949_outflow": 0
      }
    },
    {
      "type": "Feature",
      "geometry": {
        "type": "LineString",
        "coordinates": [
          [
            6.154568793167243,
            46.201449158149146
          ],
          [
            6.153780493165687,
            46.20169555816399
          ]
        ]
      },
      "properties": {
        "angle": 162.64224982315798,
        "per_id_keys": "1418569",
        "per_id_capacities": "600",
        "per_id_lengths": "68.3",
        "per_id_freespeeds": "50.0",
        "per_id_daily_avgs": "142",
        "per_id_permlanes": "1",
        "per_id_arrows": "\u2190",
        "per_id_directions": "forward",
        "searchable_text": "1418569|600|68.3|50.0|142",
        "daily_avg_volume": 142.0,
        "capacity": 600.0,
        "freespeed": 50.0,
        "modes": "bus,car,car_passenger,pt,taxi,truck",
        "isTarget": false,
        "link_1451949_inflow": 8,
        "link_1451949_outflow": 0
      }
    },
    {
      "type": "Feature",
      "geometry": {
        "type": "LineString",
        "coordinates": [
          [
            6.153365093150345,
            46.20138185816791
          ],
          [
            6.153648293155664,
            46.201439058163835
          ]
        ]
      },
      "properties": {
        "angle": 11.41882910314626,
        "per_id_keys": "1114378",
        "per_id_capacities": "1200",
        "per_id_lengths": "23.6",
        "per_id_freespeeds": "50.0",
        "per_id_daily_avgs": "28",
        "per_id_permlanes": "2",
        "per_id_arrows": "\u2192",
        "per_id_directions": "forward",
        "searchable_text": "1114378|1200|23.6|50.0|28",
        "daily_avg_volume": 28.0,
        "capacity": 1200.0,
        "freespeed": 50.0,
        "modes": "bus,car,car_passenger,pt,taxi,truck",
        "isTarget": false,
        "link_1451949_inflow": 0,
        "link_1451949_outflow": 0
      }
    },
    {
      "type": "Feature",
      "geometry": {
        "type": "LineString",
        "coordinates": [
          [
            6.153365093150345,
            46.20138185816791
          ],
          [
            6.153234893139517,
            46.20109945816754
          ]
        ]
      },
      "properties": {
        "angle": -114.75197902473461,
        "per_id_keys": "1505097|1505098",
        "per_id_capacities": "900|1200",
        "per_id_lengths": "33.0|33.0",
        "per_id_freespeeds": "50.0|50.0",
        "per_id_daily_avgs": "204|27",
        "per_id_permlanes": "1|2",
        "per_id_arrows": "\u2190|\u2192",
        "per_id_directions": "forward|reverse",
        "searchable_text": "1505097|1505098|900|1200|33.0|33.0|50.0|50.0|204|27",
        "daily_avg_volume": 231.0,
        "capacity": 2100.0,
        "freespeed": 50.0,
        "modes": "bus,car,car_passenger,pt,taxi,truck",
        "isTarget": false,
        "link_1451949_inflow": 0,
        "link_1451949_outflow": 0
      }
    },
    {
      "type": "Feature",
      "geometry": {
        "type": "LineString",
        "coordinates": [
          [
            6.153089593132847,
            46.20095025816859
          ],
          [
            6.153234893139517,
            46.20109945816754
          ]
        ]
      },
      "properties": {
        "angle": 45.758709788049295,
        "per_id_keys": "1651307|1651308",
        "per_id_capacities": "900|1200",
        "per_id_lengths": "20.2|20.2",
        "per_id_freespeeds": "50.0|50.0",
        "per_id_daily_avgs": "203|26",
        "per_id_permlanes": "1|2",
        "per_id_arrows": "\u2190|\u2192",
        "per_id_directions": "reverse|forward",
        "searchable_text": "1651307|1651308|900|1200|20.2|20.2|50.0|50.0|203|26",
        "daily_avg_volume": 229.0,
        "capacity": 2100.0,
        "freespeed": 50.0,
        "modes": "bus,car,car_passenger,pt,taxi,truck",
        "isTarget": false,
        "link_1451949_inflow": 0,
        "link_1451949_outflow": 0
      }
    },
    {
      "type": "Feature",
      "geometry": {
        "type": "LineString",
        "coordinates": [
          [
            6.153648293155664,
            46.201439058163835
          ],
          [
            6.153699593157579,
            46.20147825816336
          ]
        ]
      },
      "properties": {
        "angle": 37.38462146842621,
        "per_id_keys": "1114379",
        "per_id_capacities": "1200",
        "per_id_lengths": "13.9",
        "per_id_freespeeds": "50.0",
        "per_id_daily_avgs": "47",
        "per_id_permlanes": "2",
        "per_id_arrows": "\u2192",
        "per_id_directions": "forward",
        "searchable_text": "1114379|1200|13.9|50.0|47",
        "daily_avg_volume": 47.0,
        "capacity": 1200.0,
        "freespeed": 50.0,
        "modes": "bus,car,car_passenger,pt,taxi,truck",
        "isTarget": false,
        "link_1451949_inflow": 1,
        "link_1451949_outflow": 0
      }
    },
    {
      "type": "Feature",
      "geometry": {
        "type": "LineString",
        "coordinates": [
          [
            6.146277892338067,
            46.20935075669144
          ],
          [
            6.14570269231432,
            46.20883705669626
          ]
        ]
      },
      "properties": {
        "angle": -138.23257640694695,
        "per_id_keys": "1123948",
        "per_id_capacities": "600",
        "per_id_lengths": "72.3",
        "per_id_freespeeds": "15.0",
        "per_id_daily_avgs": "1",
        "per_id_permlanes": "1",
        "per_id_arrows": "\u2190",
        "per_id_directions": "forward",
        "searchable_text": "1123948|600|72.3|15.0|1",
        "daily_avg_volume": 1.0,
        "capacity": 600.0,
        "freespeed": 15.000000000000002,
        "modes": "car,car_passenger,taxi,truck",
        "isTarget": false,
        "link_1451949_outflow": 0,
        "link_1451949_inflow": 0
      }
    },
    {
      "type": "Feature",
      "geometry": {
        "type": "LineString",
        "coordinates": [
          [
            6.1460452923124995,
            46.20865495668921
          ],
          [
            6.14570269231432,
            46.20883705669626
          ]
        ]
      },
      "properties": {
        "angle": 152.0082983364265,
        "per_id_keys": "1123980",
        "per_id_capacities": "600",
        "per_id_lengths": "33.3",
        "per_id_freespeeds": "15.0",
        "per_id_daily_avgs": "105",
        "per_id_permlanes": "1",
        "per_id_arrows": "\u2190",
        "per_id_directions": "forward",
        "searchable_text": "1123980|600|33.3|15.0|105",
        "daily_avg_volume": 105.0,
        "capacity": 600.0,
        "freespeed": 15.000000000000002,
        "modes": "bus,car,car_passenger,taxi,truck",
        "isTarget": false,
        "link_1451949_outflow": 53,
        "link_1451949_inflow": 0
      }
    },
    {
      "type": "Feature",
      "geometry": {
        "type": "LineString",
        "coordinates": [
          [
            6.146277892338067,
            46.20935075669144
          ],
          [
            6.146001592339618,
            46.20949955669717
          ]
        ]
      },
      "properties": {
        "angle": 151.69553351419114,
        "per_id_keys": "1257318|1257318_spec",
        "per_id_capacities": "1000|1000",
        "per_id_lengths": "27.0|27.0",
        "per_id_freespeeds": "50.0|50.0",
        "per_id_daily_avgs": "68|205",
        "per_id_permlanes": "1|1",
        "per_id_arrows": "\u2190|\u2190",
        "per_id_directions": "forward|forward",
        "searchable_text": "1257318|1257318_spec|1000|1000|27.0|27.0|50.0|50.0|68|205",
        "daily_avg_volume": 273.0,
        "capacity": 2000.0,
        "freespeed": 50.0,
        "modes": "bus,car,car_passenger,pt,taxi,truck",
        "isTarget": false,
        "link_1451949_outflow": 8,
        "link_1451949_inflow": 0
      }
    },
    {
      "type": "Feature",
      "geometry": {
        "type": "LineString",
        "coordinates": [
          [
            6.145417692315973,
            46.20899185670218
          ],
          [
            6.146001592339618,
            46.20949955669717
          ]
        ]
      },
      "properties": {
        "angle": 41.00689895405792,
        "per_id_keys": "1124024",
        "per_id_capacities": "600",
        "per_id_lengths": "72.2",
        "per_id_freespeeds": "15.0",
        "per_id_daily_avgs": "4",
        "per_id_permlanes": "1",
        "per_id_arrows": "\u2192",
        "per_id_directions": "forward",
        "searchable_text": "1124024|600|72.2|15.0|4",
        "daily_avg_volume": 4.0,
        "capacity": 600.0,
        "freespeed": 15.000000000000002,
        "modes": "car,car_passenger,taxi,truck",
        "isTarget": false,
        "link_1451949_outflow": 2,
        "link_1451949_inflow": 0
      }
    },
    {
      "type": "Feature",
      "geometry": {
        "type": "LineString",
        "coordinates": [
          [
            6.1460452923124995,
            46.20865495668921
          ],
          [
            6.146624292335874,
            46.20915705668419
          ]
        ]
      },
      "properties": {
        "angle": 40.93133064234996,
        "per_id_keys": "1541465|1541466",
        "per_id_capacities": "600|600",
        "per_id_lengths": "71.5|71.5",
        "per_id_freespeeds": "50.0|50.0",
        "per_id_daily_avgs": "0|1",
        "per_id_permlanes": "1|1",
        "per_id_arrows": "\u2192|\u2190",
        "per_id_directions": "forward|reverse",
        "searchable_text": "1541465|1541466|600|600|71.5|71.5|50.0|50.0|0|1",
        "daily_avg_volume": 1.0,
        "capacity": 1200.0,
        "freespeed": 50.0,
        "modes": "car,car_passenger,taxi,truck",
        "isTarget": false,
        "link_1451949_outflow": 0,
        "link_1451949_inflow": 0
      }
    },
    {
      "type": "Feature",
      "geometry": {
        "type": "LineString",
        "coordinates": [
          [
            6.146821592334902,
            46.209055356680196
          ],
          [
            6.146624292335874,
            46.20915705668419
          ]
        ]
      },
      "properties": {
        "angle": 152.73076351362621,
        "per_id_keys": "1280631|1280631_spec",
        "per_id_capacities": "2000|1000",
        "per_id_lengths": "19.0|19.0",
        "per_id_freespeeds": "50.0|50.0",
        "per_id_daily_avgs": "72|205",
        "per_id_permlanes": "2|1",
        "per_id_arrows": "\u2190|\u2190",
        "per_id_directions": "forward|forward",
        "searchable_text": "1280631|1280631_spec|2000|1000|19.0|19.0|50.0|50.0|72|205",
        "daily_avg_volume": 277.0,
        "capacity": 3000.0,
        "freespeed": 50.0,
        "modes": "bus,car,car_passenger,pt,taxi,truck",
        "isTarget": false,
        "link_1451949_outflow": 9,
        "link_1451949_inflow": 0
      }
    },
    {
      "type": "Feature",
      "geometry": {
        "type": "LineString",
        "coordinates": [
          [
            6.147015992352294,
            46.209514756680996
          ],
          [
            6.146624292335874,
            46.20915705668419
          ]
        ]
      },
      "properties": {
        "angle": -137.59770831397196,
        "per_id_keys": "1541520|1541521",
        "per_id_capacities": "600|600",
        "per_id_lengths": "50.0|50.0",
        "per_id_freespeeds": "30.0|30.0",
        "per_id_daily_avgs": "0|2",
        "per_id_permlanes": "1|1",
        "per_id_arrows": "\u2190|\u2192",
        "per_id_directions": "forward|reverse",
        "searchable_text": "1541520|1541521|600|600|50.0|50.0|30.0|30.0|0|2",
        "daily_avg_volume": 2.0,
        "capacity": 1200.0,
        "freespeed": 30.000000000000004,
        "modes": "car,car_passenger,taxi,truck",
        "isTarget": false,
        "link_1451949_outflow": 0,
        "link_1451949_inflow": 0
      }
    },
    {
      "type": "Feature",
      "geometry": {
        "type": "LineString",
        "coordinates": [
          [
            6.14570269231432,
            46.20883705669626
          ],
          [
            6.145417692315973,
            46.20899185670218
          ]
        ]
      },
      "properties": {
        "angle": 151.49105243657007,
        "per_id_keys": "1123981",
        "per_id_capacities": "600",
        "per_id_lengths": "27.9",
        "per_id_freespeeds": "15.0",
        "per_id_daily_avgs": "106",
        "per_id_permlanes": "1",
        "per_id_arrows": "\u2190",
        "per_id_directions": "forward",
        "searchable_text": "1123981|600|27.9|15.0|106",
        "daily_avg_volume": 106.0,
        "capacity": 600.0,
        "freespeed": 15.000000000000002,
        "modes": "bus,car,car_passenger,taxi,truck",
        "isTarget": false,
        "link_1451949_outflow": 53,
        "link_1451949_inflow": 0
      }
    },
    {
      "type": "Feature",
      "geometry": {
        "type": "LineString",
        "coordinates": [
          [
            6.145417692315973,
            46.20899185670218
          ],
          [
            6.14507699231777,
            46.20917135670918
          ]
        ]
      },
      "properties": {
        "angle": 152.21720485255852,
        "per_id_keys": "1123982",
        "per_id_capacities": "600",
        "per_id_lengths": "33.0",
        "per_id_freespeeds": "15.0",
        "per_id_daily_avgs": "102",
        "per_id_permlanes": "1",
        "per_id_arrows": "\u2190",
        "per_id_directions": "forward",
        "searchable_text": "1123982|600|33.0|15.0|102",
        "daily_avg_volume": 102.0,
        "capacity": 600.0,
        "freespeed": 15.000000000000002,
        "modes": "bus,car,car_passenger,taxi,truck",
        "isTarget": false,
        "link_1451949_outflow": 51,
        "link_1451949_inflow": 0
      }
    },
    {
      "type": "Feature",
      "geometry": {
        "type": "LineString",
        "coordinates": [
          [
            6.145602692342075,
            46.209720656705436
          ],
          [
            6.14507699231777,
            46.20917135670918
          ]
        ]
      },
      "properties": {
        "angle": -133.7423613051583,
        "per_id_keys": "485865|485866",
        "per_id_capacities": "600|600",
        "per_id_lengths": "73.6|73.6",
        "per_id_freespeeds": "15.0|15.0",
        "per_id_daily_avgs": "102|0",
        "per_id_permlanes": "1|1",
        "per_id_arrows": "\u2192|\u2190",
        "per_id_directions": "reverse|forward",
        "searchable_text": "485865|485866|600|600|73.6|73.6|15.0|15.0|102|0",
        "daily_avg_volume": 102.0,
        "capacity": 1200.0,
        "freespeed": 15.000000000000002,
        "modes": "bus,car,car_passenger,taxi,truck",
        "isTarget": false,
        "link_1451949_outflow": 51,
        "link_1451949_inflow": 0
      }
    },
    {
      "type": "Feature",
      "geometry": {
        "type": "LineString",
        "coordinates": [
          [
            6.144476792294418,
            46.20867805671459
          ],
          [
            6.14507699231777,
            46.20917135670918
          ]
        ]
      },
      "properties": {
        "angle": 39.41653433289214,
        "per_id_keys": "485863|485864",
        "per_id_capacities": "600|600",
        "per_id_lengths": "72.0|72.0",
        "per_id_freespeeds": "15.0|15.0",
        "per_id_daily_avgs": "0|0",
        "per_id_permlanes": "1|1",
        "per_id_arrows": "\u2192|\u2190",
        "per_id_directions": "forward|reverse",
        "searchable_text": "485863|485864|600|600|72.0|72.0|15.0|15.0|0|0",
        "daily_avg_volume": 0.0,
        "capacity": 1200.0,
        "freespeed": 15.000000000000002,
        "modes": "car,car_passenger,taxi,truck",
        "isTarget": false,
        "link_1451949_outflow": 0,
        "link_1451949_inflow": 0
      }
    },
    {
      "type": "Feature",
      "geometry": {
        "type": "LineString",
        "coordinates": [
          [
            6.1617914932268265,
            46.20057875802553
          ],
          [
            6.161783393237461,
            46.20090635802847
          ]
        ]
      },
      "properties": {
        "angle": 91.41636343804424,
        "per_id_keys": "1128355",
        "per_id_capacities": "1200",
        "per_id_lengths": "36.4",
        "per_id_freespeeds": "40.0",
        "per_id_daily_avgs": "24",
        "per_id_permlanes": "2",
        "per_id_arrows": "\u2190",
        "per_id_directions": "forward",
        "searchable_text": "1128355|1200|36.4|40.0|24",
        "daily_avg_volume": 24.0,
        "capacity": 1200.0,
        "freespeed": 40.0,
        "modes": "car,car_passenger,taxi,truck",
        "isTarget": false,
        "link_1451949_inflow": 0,
        "link_1451949_outflow": 0
      }
    },
    {
      "type": "Feature",
      "geometry": {
        "type": "LineString",
        "coordinates": [
          [
            6.1617914932268265,
            46.20057875802553
          ],
          [
            6.160933193227723,
            46.20092515804233
          ]
        ]
      },
      "properties": {
        "angle": 158.0215632264086,
        "per_id_keys": "1846274|1846275",
        "per_id_capacities": "1000|2000",
        "per_id_lengths": "76.6|76.6",
        "per_id_freespeeds": "50.0|50.0",
        "per_id_daily_avgs": "69|91",
        "per_id_permlanes": "1|2",
        "per_id_arrows": "\u2192|\u2190",
        "per_id_directions": "reverse|forward",
        "searchable_text": "1846274|1846275|1000|2000|76.6|76.6|50.0|50.0|69|91",
        "daily_avg_volume": 160.0,
        "capacity": 3000.0,
        "freespeed": 50.0,
        "modes": "car,car_passenger,taxi,truck",
        "isTarget": false,
        "link_1451949_inflow": 9,
        "link_1451949_outflow": 0
      }
    },
    {
      "type": "Feature",
      "geometry": {
        "type": "LineString",
        "coordinates": [
          [
            6.160462293228183,
            46.20111525805154
          ],
          [
            6.160933193227723,
            46.20092515804233
          ]
        ]
      },
      "properties": {
        "angle": -21.983686989279253,
        "per_id_keys": "493494|493495",
        "per_id_capacities": "1000|2000",
        "per_id_lengths": "42.0|42.0",
        "per_id_freespeeds": "50.0|50.0",
        "per_id_daily_avgs": "69|91",
        "per_id_permlanes": "1|2",
        "per_id_arrows": "\u2192|\u2190",
        "per_id_directions": "forward|reverse",
        "searchable_text": "493494|493495|1000|2000|42.0|42.0|50.0|50.0|69|91",
        "daily_avg_volume": 160.0,
        "capacity": 3000.0,
        "freespeed": 50.0,
        "modes": "car,car_passenger,taxi,truck",
        "isTarget": false,
        "link_1451949_inflow": 9,
        "link_1451949_outflow": 0
      }
    },
    {
      "type": "Feature",
      "geometry": {
        "type": "LineString",
        "coordinates": [
          [
            6.1450690923341815,
            46.20967495671366
          ],
          [
            6.144346592338432,
            46.21006925672859
          ]
        ]
      },
      "properties": {
        "angle": 151.3767615767129,
        "per_id_keys": "1142691|1142692",
        "per_id_capacities": "600|600",
        "per_id_lengths": "71.0|71.0",
        "per_id_freespeeds": "15.0|15.0",
        "per_id_daily_avgs": "2|0",
        "per_id_permlanes": "1|1",
        "per_id_arrows": "\u2192|\u2190",
        "per_id_directions": "reverse|forward",
        "searchable_text": "1142691|1142692|600|600|71.0|71.0|15.0|15.0|2|0",
        "daily_avg_volume": 2.0,
        "capacity": 1200.0,
        "freespeed": 15.000000000000002,
        "modes": "car,car_passenger,taxi,truck",
        "isTarget": false,
        "link_1451949_outflow": 0,
        "link_1451949_inflow": 0
      }
    },
    {
      "type": "Feature",
      "geometry": {
        "type": "LineString",
        "coordinates": [
          [
            6.14441239230675,
            46.20907785671904
          ],
          [
            6.1450690923341815,
            46.20967495671366
          ]
        ]
      },
      "properties": {
        "angle": 42.278464124058864,
        "per_id_keys": "476719",
        "per_id_capacities": "600",
        "per_id_lengths": "84.1",
        "per_id_freespeeds": "20.0",
        "per_id_daily_avgs": "2",
        "per_id_permlanes": "1",
        "per_id_arrows": "\u2192",
        "per_id_directions": "forward",
        "searchable_text": "476719|600|84.1|20.0|2",
        "daily_avg_volume": 2.0,
        "capacity": 600.0,
        "freespeed": 20.0,
        "modes": "car,car_passenger,taxi,truck",
        "isTarget": false,
        "link_1451949_outflow": 0,
        "link_1451949_inflow": 0
      }
    },
    {
      "type": "Feature",
      "geometry": {
        "type": "LineString",
        "coordinates": [
          [
            6.156702893108715,
            46.1988680580923
          ],
          [
            6.156598693104868,
            46.19878915809331
          ]
        ]
      },
      "properties": {
        "angle": -142.86707980627665,
        "per_id_keys": "1142629",
        "per_id_capacities": "4500",
        "per_id_lengths": "13.9",
        "per_id_freespeeds": "50.0",
        "per_id_daily_avgs": "63",
        "per_id_permlanes": "3",
        "per_id_arrows": "\u2190",
        "per_id_directions": "forward",
        "searchable_text": "1142629|4500|13.9|50.0|63",
        "daily_avg_volume": 63.0,
        "capacity": 4500.0,
        "freespeed": 50.0,
        "modes": "car,car_passenger,taxi,truck",
        "isTarget": false,
        "link_1451949_inflow": 0,
        "link_1451949_outflow": 0
      }
    },
    {
      "type": "Feature",
      "geometry": {
        "type": "LineString",
        "coordinates": [
          [
            6.156698593102174,
            46.19866985809065
          ],
          [
            6.156598693104868,
            46.19878915809331
          ]
        ]
      },
      "properties": {
        "angle": 129.9422910436414,
        "per_id_keys": "722176",
        "per_id_capacities": "600",
        "per_id_lengths": "15.4",
        "per_id_freespeeds": "50.0",
        "per_id_daily_avgs": "132",
        "per_id_permlanes": "1",
        "per_id_arrows": "\u2190",
        "per_id_directions": "forward",
        "searchable_text": "722176|600|15.4|50.0|132",
        "daily_avg_volume": 132.0,
        "capacity": 600.0,
        "freespeed": 50.0,
        "modes": "bus,car,car_passenger,pt,taxi,truck",
        "isTarget": false,
        "link_1451949_inflow": 0,
        "link_1451949_outflow": 0
      }
    },
    {
      "type": "Feature",
      "geometry": {
        "type": "LineString",
        "coordinates": [
          [
            6.156820393206852,
            46.20181945811621
          ],
          [
            6.157305593210517,
            46.201750558107825
          ]
        ]
      },
      "properties": {
        "angle": -8.082154249650797,
        "per_id_keys": "1142630|1142631|1142631_spec",
        "per_id_capacities": "900|900|300",
        "per_id_lengths": "38.2|38.2|38.2",
        "per_id_freespeeds": "50.0|50.0|50.0",
        "per_id_daily_avgs": "246|18|197",
        "per_id_permlanes": "1|1|0",
        "per_id_arrows": "\u2192|\u2190|\u2190",
        "per_id_directions": "forward|reverse|reverse",
        "searchable_text": "1142630|1142631|1142631_spec|900|900|300|38.2|38.2|38.2|50.0|50.0|50.0|246|18|197",
        "daily_avg_volume": 461.0,
        "capacity": 2100.0,
        "freespeed": 50.0,
        "modes": "bus,car,car_passenger,pt,taxi,truck",
        "isTarget": false,
        "link_1451949_inflow": 7,
        "link_1451949_outflow": 0
      }
    },
    {
      "type": "Feature",
      "geometry": {
        "type": "LineString",
        "coordinates": [
          [
            6.157808093214674,
            46.2016910580992
          ],
          [
            6.157305593210517,
            46.201750558107825
          ]
        ]
      },
      "properties": {
        "angle": 173.24716481808937,
        "per_id_keys": "1142632|1142633|1142633_spec",
        "per_id_capacities": "900|900|300",
        "per_id_lengths": "39.3|39.3|39.3",
        "per_id_freespeeds": "50.0|50.0|50.0",
        "per_id_daily_avgs": "247|14|197",
        "per_id_permlanes": "1|1|0",
        "per_id_arrows": "\u2192|\u2190|\u2190",
        "per_id_directions": "reverse|forward|forward",
        "searchable_text": "1142632|1142633|1142633_spec|900|900|300|39.3|39.3|39.3|50.0|50.0|50.0|247|14|197",
        "daily_avg_volume": 458.0,
        "capacity": 2100.0,
        "freespeed": 50.0,
        "modes": "bus,car,car_passenger,pt,taxi,truck",
        "isTarget": false,
        "link_1451949_inflow": 6,
        "link_1451949_outflow": 0
      }
    },
    {
      "type": "Feature",
      "geometry": {
        "type": "LineString",
        "coordinates": [
          [
            6.157852893230994,
            46.20217225810272
          ],
          [
            6.157305593210517,
            46.201750558107825
          ]
        ]
      },
      "properties": {
        "angle": -142.38539839318088,
        "per_id_keys": "1286165",
        "per_id_capacities": "1200",
        "per_id_lengths": "63.4",
        "per_id_freespeeds": "15.0",
        "per_id_daily_avgs": "5",
        "per_id_permlanes": "2",
        "per_id_arrows": "\u2190",
        "per_id_directions": "forward",
        "searchable_text": "1286165|1200|63.4|15.0|5",
        "daily_avg_volume": 5.0,
        "capacity": 1200.0,
        "freespeed": 15.000000000000002,
        "modes": "car,car_passenger,taxi,truck",
        "isTarget": false,
        "link_1451949_inflow": 0,
        "link_1451949_outflow": 0
      }
    },
    {
      "type": "Feature",
      "geometry": {
        "type": "LineString",
        "coordinates": [
          [
            6.156820393206852,
            46.20181945811621
          ],
          [
            6.156360193210128,
            46.20209125812599
          ]
        ]
      },
      "properties": {
        "angle": 149.43335733363216,
        "per_id_keys": "1447500|1447500_spec",
        "per_id_capacities": "600|600",
        "per_id_lengths": "46.7|46.7",
        "per_id_freespeeds": "50.0|50.0",
        "per_id_daily_avgs": "8|197",
        "per_id_permlanes": "1|1",
        "per_id_arrows": "\u2190|\u2190",
        "per_id_directions": "forward|forward",
        "searchable_text": "1447500|1447500_spec|600|600|46.7|46.7|50.0|50.0|8|197",
        "daily_avg_volume": 205.0,
        "capacity": 1200.0,
        "freespeed": 50.0,
        "modes": "bus,car,car_passenger,pt,taxi,truck",
        "isTarget": false,
        "link_1451949_inflow": 7,
        "link_1451949_outflow": 0
      }
    },
    {
      "type": "Feature",
      "geometry": {
        "type": "LineString",
        "coordinates": [
          [
            6.15631649320818,
            46.20204775812632
          ],
          [
            6.156360193210128,
            46.20209125812599
          ]
        ]
      },
      "properties": {
        "angle": 44.868586397855594,
        "per_id_keys": "1755298",
        "per_id_capacities": "1800",
        "per_id_lengths": "13.9",
        "per_id_freespeeds": "50.0",
        "per_id_daily_avgs": "243",
        "per_id_permlanes": "3",
        "per_id_arrows": "\u2192",
        "per_id_directions": "forward",
        "searchable_text": "1755298|1800|13.9|50.0|243",
        "daily_avg_volume": 243.0,
        "capacity": 1800.0,
        "freespeed": 50.0,
        "modes": "bus,car,car_passenger,pt,taxi,truck",
        "isTarget": false,
        "link_1451949_inflow": 8,
        "link_1451949_outflow": 0
      }
    },
    {
      "type": "Feature",
      "geometry": {
        "type": "LineString",
        "coordinates": [
          [
            6.156820393206852,
            46.20181945811621
          ],
          [
            6.15658619320541,
            46.20186305812037
          ]
        ]
      },
      "properties": {
        "angle": 169.45421661022854,
        "per_id_keys": "787978|787979",
        "per_id_capacities": "600|600",
        "per_id_lengths": "18.7|18.7",
        "per_id_freespeeds": "50.0|50.0",
        "per_id_daily_avgs": "246|10",
        "per_id_permlanes": "1|1",
        "per_id_arrows": "\u2192|\u2190",
        "per_id_directions": "reverse|forward",
        "searchable_text": "787978|787979|600|600|18.7|18.7|50.0|50.0|246|10",
        "daily_avg_volume": 256.0,
        "capacity": 1200.0,
        "freespeed": 50.0,
        "modes": "bus,car,car_passenger,pt,taxi,truck",
        "isTarget": false,
        "link_1451949_inflow": 0,
        "link_1451949_outflow": 0
      }
    },
    {
      "type": "Feature",
      "geometry": {
        "type": "LineString",
        "coordinates": [
          [
            6.156435493204255,
            46.20188455812296
          ],
          [
            6.15658619320541,
            46.20186305812037
          ]
        ]
      },
      "properties": {
        "angle": -8.119457444635795,
        "per_id_keys": "787983|787984",
        "per_id_capacities": "900|1200",
        "per_id_lengths": "13.9|13.9",
        "per_id_freespeeds": "50.0|50.0",
        "per_id_daily_avgs": "246|10",
        "per_id_permlanes": "1|2",
        "per_id_arrows": "\u2192|\u2190",
        "per_id_directions": "forward|reverse",
        "searchable_text": "787983|787984|900|1200|13.9|13.9|50.0|50.0|246|10",
        "daily_avg_volume": 256.0,
        "capacity": 2100.0,
        "freespeed": 50.0,
        "modes": "bus,car,car_passenger,pt,taxi,truck",
        "isTarget": false,
        "link_1451949_inflow": 0,
        "link_1451949_outflow": 0
      }
    },
    {
      "type": "Feature",
      "geometry": {
        "type": "LineString",
        "coordinates": [
          [
            6.157634293189819,
            46.20099695809593
          ],
          [
            6.157808093214674,
            46.2016910580992
          ]
        ]
      },
      "properties": {
        "angle": 75.9423915864154,
        "per_id_keys": "1973217|1973218",
        "per_id_capacities": "300|300",
        "per_id_lengths": "78.3|78.3",
        "per_id_freespeeds": "20.0|20.0",
        "per_id_daily_avgs": "0|0",
        "per_id_permlanes": "1|1",
        "per_id_arrows": "\u2190|\u2192",
        "per_id_directions": "reverse|forward",
        "searchable_text": "1973217|1973218|300|300|78.3|78.3|20.0|20.0|0|0",
        "daily_avg_volume": 0.0,
        "capacity": 600.0,
        "freespeed": 20.0,
        "modes": "car,car_passenger,taxi,truck",
        "isTarget": false,
        "link_1451949_inflow": 0,
        "link_1451949_outflow": 0
      }
    },
    {
      "type": "Feature",
      "geometry": {
        "type": "LineString",
        "coordinates": [
          [
            6.154721193165643,
            46.2013438581458
          ],
          [
            6.1547261931660655,
            46.201354958145785
          ]
        ]
      },
      "properties": {
        "angle": 65.75079375229772,
        "per_id_keys": "822959",
        "per_id_capacities": "4500",
        "per_id_lengths": "13.9",
        "per_id_freespeeds": "50.0",
        "per_id_daily_avgs": "256",
        "per_id_permlanes": "3",
        "per_id_arrows": "\u2192",
        "per_id_directions": "forward",
        "searchable_text": "822959|4500|13.9|50.0|256",
        "daily_avg_volume": 256.0,
        "capacity": 4500.0,
        "freespeed": 50.0,
        "modes": "bus,car,car_passenger,pt,taxi,truck",
        "isTarget": false,
        "link_1451949_inflow": 5,
        "link_1451949_outflow": 0
      }
    },
    {
      "type": "Feature",
      "geometry": {
        "type": "LineString",
        "coordinates": [
          [
            6.143686292311021,
            46.20947495673414
          ],
          [
            6.14441239230675,
            46.20907785671904
          ]
        ]
      },
      "properties": {
        "angle": -28.674001733395826,
        "per_id_keys": "1142682",
        "per_id_capacities": "600",
        "per_id_lengths": "71.3",
        "per_id_freespeeds": "20.0",
        "per_id_daily_avgs": "2",
        "per_id_permlanes": "1",
        "per_id_arrows": "\u2192",
        "per_id_directions": "forward",
        "searchable_text": "1142682|600|71.3|20.0|2",
        "daily_avg_volume": 2.0,
        "capacity": 600.0,
        "freespeed": 20.0,
        "modes": "car,car_passenger,taxi,truck",
        "isTarget": false,
        "link_1451949_outflow": 0,
        "link_1451949_inflow": 0
      }
    },
    {
      "type": "Feature",
      "geometry": {
        "type": "LineString",
        "coordinates": [
          [
            6.1450690923341815,
            46.20967495671366
          ],
          [
            6.14531349234363,
            46.209873756711445
          ]
        ]
      },
      "properties": {
        "angle": 39.12561593976218,
        "per_id_keys": "476720",
        "per_id_capacities": "600",
        "per_id_lengths": "29.2",
        "per_id_freespeeds": "20.0",
        "per_id_daily_avgs": "4",
        "per_id_permlanes": "1",
        "per_id_arrows": "\u2192",
        "per_id_directions": "forward",
        "searchable_text": "476720|600|29.2|20.0|4",
        "daily_avg_volume": 4.0,
        "capacity": 600.0,
        "freespeed": 20.0,
        "modes": "car,car_passenger,taxi,truck",
        "isTarget": false,
        "link_1451949_outflow": 0,
        "link_1451949_inflow": 0
      }
    },
    {
      "type": "Feature",
      "geometry": {
        "type": "LineString",
        "coordinates": [
          [
            6.145602692342075,
            46.209720656705436
          ],
          [
            6.14531349234363,
            46.209873756711445
          ]
        ]
      },
      "properties": {
        "angle": 152.1036381920539,
        "per_id_keys": "1280623|1280623_spec",
        "per_id_capacities": "1000|1000",
        "per_id_lengths": "28.1|28.1",
        "per_id_freespeeds": "50.0|50.0",
        "per_id_daily_avgs": "71|307",
        "per_id_permlanes": "1|1",
        "per_id_arrows": "\u2190|\u2190",
        "per_id_directions": "forward|forward",
        "searchable_text": "1280623|1280623_spec|1000|1000|28.1|28.1|50.0|50.0|71|307",
        "daily_avg_volume": 378.0,
        "capacity": 2000.0,
        "freespeed": 50.0,
        "modes": "bus,car,car_passenger,pt,taxi,truck",
        "isTarget": false,
        "link_1451949_outflow": 50,
        "link_1451949_inflow": 0
      }
    },
    {
      "type": "Feature",
      "geometry": {
        "type": "LineString",
        "coordinates": [
          [
            6.154937793073251,
            46.198443158116945
          ],
          [
            6.1544074930545545,
            46.19806895812218
          ]
        ]
      },
      "properties": {
        "angle": -144.79174164836016,
        "per_id_keys": "1170606|1170607",
        "per_id_capacities": "600|600",
        "per_id_lengths": "58.4|58.4",
        "per_id_freespeeds": "30.0|30.0",
        "per_id_daily_avgs": "1|0",
        "per_id_permlanes": "1|1",
        "per_id_arrows": "\u2190|\u2192",
        "per_id_directions": "forward|reverse",
        "searchable_text": "1170606|1170607|600|600|58.4|58.4|30.0|30.0|1|0",
        "daily_avg_volume": 1.0,
        "capacity": 1200.0,
        "freespeed": 30.000000000000004,
        "modes": "car,car_passenger,taxi,truck",
        "isTarget": false,
        "link_1451949_inflow": 0,
        "link_1451949_outflow": 0
      }
    },
    {
      "type": "Feature",
      "geometry": {
        "type": "LineString",
        "coordinates": [
          [
            6.154937793073251,
            46.198443158116945
          ],
          [
            6.154174893080366,
            46.19894455813361
          ]
        ]
      },
      "properties": {
        "angle": 146.68592135083162,
        "per_id_keys": "317980",
        "per_id_capacities": "600",
        "per_id_lengths": "81.1",
        "per_id_freespeeds": "30.0",
        "per_id_daily_avgs": "0",
        "per_id_permlanes": "1",
        "per_id_arrows": "\u2190",
        "per_id_directions": "forward",
        "searchable_text": "317980|600|81.1|30.0|0",
        "daily_avg_volume": 0.0,
        "capacity": 600.0,
        "freespeed": 30.000000000000004,
        "modes": "car,car_passenger,taxi,truck",
        "isTarget": false,
        "link_1451949_inflow": 0,
        "link_1451949_outflow": 0
      }
    },
    {
      "type": "Feature",
      "geometry": {
        "type": "LineString",
        "coordinates": [
          [
            6.153655593062067,
            46.19857925813875
          ],
          [
            6.154174893080366,
            46.19894455813361
          ]
        ]
      },
      "properties": {
        "angle": 35.12435169447756,
        "per_id_keys": "653263",
        "per_id_capacities": "600",
        "per_id_lengths": "57.1",
        "per_id_freespeeds": "30.0",
        "per_id_daily_avgs": "0",
        "per_id_permlanes": "1",
        "per_id_arrows": "\u2192",
        "per_id_directions": "forward",
        "searchable_text": "653263|600|57.1|30.0|0",
        "daily_avg_volume": 0.0,
        "capacity": 600.0,
        "freespeed": 30.000000000000004,
        "modes": "car,car_passenger,taxi,truck",
        "isTarget": false,
        "link_1451949_inflow": 0,
        "link_1451949_outflow": 0
      }
    },
    {
      "type": "Feature",
      "geometry": {
        "type": "LineString",
        "coordinates": [
          [
            6.1553097930694545,
            46.198188258108736
          ],
          [
            6.154937793073251,
            46.198443158116945
          ]
        ]
      },
      "properties": {
        "angle": 145.58046981198686,
        "per_id_keys": "1171110",
        "per_id_capacities": "600",
        "per_id_lengths": "40.3",
        "per_id_freespeeds": "30.0",
        "per_id_daily_avgs": "1",
        "per_id_permlanes": "1",
        "per_id_arrows": "\u2190",
        "per_id_directions": "forward",
        "searchable_text": "1171110|600|40.3|30.0|1",
        "daily_avg_volume": 1.0,
        "capacity": 600.0,
        "freespeed": 30.000000000000004,
        "modes": "car,car_passenger,taxi,truck",
        "isTarget": false,
        "link_1451949_inflow": 0,
        "link_1451949_outflow": 0
      }
    },
    {
      "type": "Feature",
      "geometry": {
        "type": "LineString",
        "coordinates": [
          [
            6.153873693083209,
            46.19914255814015
          ],
          [
            6.1533742930651325,
            46.198776858144996
          ]
        ]
      },
      "properties": {
        "angle": -143.78547648244495,
        "per_id_keys": "1170641",
        "per_id_capacities": "600",
        "per_id_lengths": "56.0",
        "per_id_freespeeds": "30.0",
        "per_id_daily_avgs": "0",
        "per_id_permlanes": "1",
        "per_id_arrows": "\u2190",
        "per_id_directions": "forward",
        "searchable_text": "1170641|600|56.0|30.0|0",
        "daily_avg_volume": 0.0,
        "capacity": 600.0,
        "freespeed": 30.000000000000004,
        "modes": "car,car_passenger,taxi,truck",
        "isTarget": false,
        "link_1451949_inflow": 0,
        "link_1451949_outflow": 0
      }
    },
    {
      "type": "Feature",
      "geometry": {
        "type": "LineString",
        "coordinates": [
          [
            6.153873693083209,
            46.19914255814015
          ],
          [
            6.153535293086584,
            46.19937175814758
          ]
        ]
      },
      "properties": {
        "angle": 145.89001865707635,
        "per_id_keys": "653044|653045",
        "per_id_capacities": "600|600",
        "per_id_lengths": "36.5|36.5",
        "per_id_freespeeds": "30.0|30.0",
        "per_id_daily_avgs": "0|0",
        "per_id_permlanes": "1|1",
        "per_id_arrows": "\u2190|\u2192",
        "per_id_directions": "forward|reverse",
        "searchable_text": "653044|653045|600|600|36.5|36.5|30.0|30.0|0|0",
        "daily_avg_volume": 0.0,
        "capacity": 1200.0,
        "freespeed": 30.000000000000004,
        "modes": "car,car_passenger,taxi,truck",
        "isTarget": false,
        "link_1451949_inflow": 0,
        "link_1451949_outflow": 0
      }
    },
    {
      "type": "Feature",
      "geometry": {
        "type": "LineString",
        "coordinates": [
          [
            6.154923293097057,
            46.19917505812359
          ],
          [
            6.155047693094688,
            46.19905655812056
          ]
        ]
      },
      "properties": {
        "angle": -43.608570067335016,
        "per_id_keys": "1171105",
        "per_id_capacities": "1500",
        "per_id_lengths": "16.3",
        "per_id_freespeeds": "50.0",
        "per_id_daily_avgs": "205",
        "per_id_permlanes": "1",
        "per_id_arrows": "\u2192",
        "per_id_directions": "forward",
        "searchable_text": "1171105|1500|16.3|50.0|205",
        "daily_avg_volume": 205.0,
        "capacity": 1500.0,
        "freespeed": 50.0,
        "modes": "bus,car,car_passenger,pt,taxi,truck",
        "isTarget": false,
        "link_1451949_inflow": 0,
        "link_1451949_outflow": 0
      }
    },
    {
      "type": "Feature",
      "geometry": {
        "type": "LineString",
        "coordinates": [
          [
            6.154923293097057,
            46.19917505812359
          ],
          [
            6.154676093098719,
            46.199317658128805
          ]
        ]
      },
      "properties": {
        "angle": 150.02103499303644,
        "per_id_keys": "1582146|1582147",
        "per_id_capacities": "3000|3000",
        "per_id_lengths": "24.9|24.9",
        "per_id_freespeeds": "50.0|50.0",
        "per_id_daily_avgs": "343|84",
        "per_id_permlanes": "2|2",
        "per_id_arrows": "\u2192|\u2190",
        "per_id_directions": "reverse|forward",
        "searchable_text": "1582146|1582147|3000|3000|24.9|24.9|50.0|50.0|343|84",
        "daily_avg_volume": 427.0,
        "capacity": 6000.0,
        "freespeed": 50.0,
        "modes": "bus,car,car_passenger,pt,taxi,truck",
        "isTarget": false,
        "link_1451949_inflow": 2,
        "link_1451949_outflow": 0
      }
    },
    {
      "type": "Feature",
      "geometry": {
        "type": "LineString",
        "coordinates": [
          [
            6.154744493106892,
            46.19954165812963
          ],
          [
            6.154676093098719,
            46.199317658128805
          ]
        ]
      },
      "properties": {
        "angle": -106.98042710893293,
        "per_id_keys": "1826749",
        "per_id_capacities": "1200",
        "per_id_lengths": "25.5",
        "per_id_freespeeds": "25.0",
        "per_id_daily_avgs": "207",
        "per_id_permlanes": "2",
        "per_id_arrows": "\u2190",
        "per_id_directions": "forward",
        "searchable_text": "1826749|1200|25.5|25.0|207",
        "daily_avg_volume": 207.0,
        "capacity": 1200.0,
        "freespeed": 25.0,
        "modes": "bus,car,car_passenger,pt,taxi,truck",
        "isTarget": false,
        "link_1451949_inflow": 0,
        "link_1451949_outflow": 0
      }
    },
    {
      "type": "Feature",
      "geometry": {
        "type": "LineString",
        "coordinates": [
          [
            6.154493993100412,
            46.199436958132786
          ],
          [
            6.154676093098719,
            46.199317658128805
          ]
        ]
      },
      "properties": {
        "angle": -33.23019393684164,
        "per_id_keys": "276549|276549_spec|276550",
        "per_id_capacities": "2250|750|3000",
        "per_id_lengths": "19.3|19.3|19.3",
        "per_id_freespeeds": "50.0|50.0|50.0",
        "per_id_daily_avgs": "5|79|136",
        "per_id_permlanes": "1|0|2",
        "per_id_arrows": "\u2190|\u2190|\u2192",
        "per_id_directions": "reverse|reverse|forward",
        "searchable_text": "276549|276549_spec|276550|2250|750|3000|19.3|19.3|19.3|50.0|50.0|50.0|5|79|136",
        "daily_avg_volume": 220.0,
        "capacity": 6000.0,
        "freespeed": 50.0,
        "modes": "bus,car,car_passenger,pt,taxi,truck",
        "isTarget": false,
        "link_1451949_inflow": 2,
        "link_1451949_outflow": 0
      }
    },
    {
      "type": "Feature",
      "geometry": {
        "type": "LineString",
        "coordinates": [
          [
            6.1553097930694545,
            46.198188258108736
          ],
          [
            6.154966093057143,
            46.19794005811211
          ]
        ]
      },
      "properties": {
        "angle": -144.16539176360843,
        "per_id_keys": "523320|523320_spec",
        "per_id_capacities": "3000|1500",
        "per_id_lengths": "38.3|38.3",
        "per_id_freespeeds": "50.0|50.0",
        "per_id_daily_avgs": "96|284",
        "per_id_permlanes": "2|1",
        "per_id_arrows": "\u2190|\u2190",
        "per_id_directions": "forward|forward",
        "searchable_text": "523320|523320_spec|3000|1500|38.3|38.3|50.0|50.0|96|284",
        "daily_avg_volume": 380.0,
        "capacity": 4500.0,
        "freespeed": 50.0,
        "modes": "bus,car,car_passenger,pt,taxi,truck",
        "isTarget": false,
        "link_1451949_inflow": 0,
        "link_1451949_outflow": 0
      }
    },
    {
      "type": "Feature",
      "geometry": {
        "type": "LineString",
        "coordinates": [
          [
            6.155071493057977,
            46.19792605811028
          ],
          [
            6.154966093057143,
            46.19794005811211
          ]
        ]
      },
      "properties": {
        "angle": 172.4338433594092,
        "per_id_keys": "1712820",
        "per_id_capacities": "600",
        "per_id_lengths": "8.4",
        "per_id_freespeeds": "15.0",
        "per_id_daily_avgs": "1",
        "per_id_permlanes": "1",
        "per_id_arrows": "\u2190",
        "per_id_directions": "forward",
        "searchable_text": "1712820|600|8.4|15.0|1",
        "daily_avg_volume": 1.0,
        "capacity": 600.0,
        "freespeed": 15.000000000000002,
        "modes": "car,car_passenger,taxi,truck",
        "isTarget": false,
        "link_1451949_inflow": 0,
        "link_1451949_outflow": 0
      }
    },
    {
      "type": "Feature",
      "geometry": {
        "type": "LineString",
        "coordinates": [
          [
            6.156746193102346,
            46.198657058089765
          ],
          [
            6.157010293103619,
            46.19859785808495
          ]
        ]
      },
      "properties": {
        "angle": -12.634431329916497,
        "per_id_keys": "738452|738453",
        "per_id_capacities": "3000|3000",
        "per_id_lengths": "21.4|21.4",
        "per_id_freespeeds": "50.0|50.0",
        "per_id_daily_avgs": "331|136",
        "per_id_permlanes": "2|2",
        "per_id_arrows": "\u2190|\u2192",
        "per_id_directions": "reverse|forward",
        "searchable_text": "738452|738453|3000|3000|21.4|21.4|50.0|50.0|331|136",
        "daily_avg_volume": 467.0,
        "capacity": 6000.0,
        "freespeed": 50.0,
        "modes": "bus,car,car_passenger,pt,taxi,truck",
        "isTarget": false,
        "link_1451949_inflow": 2,
        "link_1451949_outflow": 0
      }
    },
    {
      "type": "Feature",
      "geometry": {
        "type": "LineString",
        "coordinates": [
          [
            6.146309593271067,
            46.20769495833648
          ],
          [
            6.146930393296649,
            46.208243658331355
          ]
        ]
      },
      "properties": {
        "angle": 41.47216279440922,
        "per_id_keys": "1198897",
        "per_id_capacities": "600",
        "per_id_lengths": "77.6",
        "per_id_freespeeds": "50.0",
        "per_id_daily_avgs": "19",
        "per_id_permlanes": "1",
        "per_id_arrows": "\u2192",
        "per_id_directions": "forward",
        "searchable_text": "1198897|600|77.6|50.0|19",
        "daily_avg_volume": 19.0,
        "capacity": 600.0,
        "freespeed": 50.0,
        "modes": "car,car_passenger,taxi,truck",
        "isTarget": false,
        "link_1451949_outflow": 10,
        "link_1451949_inflow": 0
      }
    },
    {
      "type": "Feature",
      "geometry": {
        "type": "LineString",
        "coordinates": [
          [
            6.147007093267457,
            46.20732445832204
          ],
          [
            6.146646093269263,
            46.207514058329515
          ]
        ]
      },
      "properties": {
        "angle": 152.29119539462627,
        "per_id_keys": "1218125|1218125_spec|1218126",
        "per_id_capacities": "2250|750|3000",
        "per_id_lengths": "34.9|34.9|34.9",
        "per_id_freespeeds": "50.0|50.0|50.0",
        "per_id_daily_avgs": "160|407|517",
        "per_id_permlanes": "1|0|2",
        "per_id_arrows": "\u2192|\u2192|\u2190",
        "per_id_directions": "reverse|reverse|forward",
        "searchable_text": "1218125|1218125_spec|1218126|2250|750|3000|34.9|34.9|34.9|50.0|50.0|50.0|160|407|517",
        "daily_avg_volume": 1084.0,
        "capacity": 6000.0,
        "freespeed": 50.0,
        "modes": "bus,car,car_passenger,pt,taxi,truck",
        "isTarget": false,
        "link_1451949_outflow": 593,
        "link_1451949_inflow": 0
      }
    },
    {
      "type": "Feature",
      "geometry": {
        "type": "LineString",
        "coordinates": [
          [
            6.1470690923335125,
            46.20892185667506
          ],
          [
            6.146579993301302,
            46.20851625833934
          ]
        ]
      },
      "properties": {
        "angle": -140.33188010148578,
        "per_id_keys": "1198898",
        "per_id_capacities": "600",
        "per_id_lengths": "58.9",
        "per_id_freespeeds": "50.0",
        "per_id_daily_avgs": "25",
        "per_id_permlanes": "1",
        "per_id_arrows": "\u2190",
        "per_id_directions": "forward",
        "searchable_text": "1198898|600|58.9|50.0|25",
        "daily_avg_volume": 25.0,
        "capacity": 600.0,
        "freespeed": 50.0,
        "modes": "car,car_passenger,taxi,truck",
        "isTarget": false,
        "link_1451949_outflow": 0,
        "link_1451949_inflow": 0
      }
    },
    {
      "type": "Feature",
      "geometry": {
        "type": "LineString",
        "coordinates": [
          [
            6.1470690923335125,
            46.20892185667506
          ],
          [
            6.146821592334902,
            46.209055356680196
          ]
        ]
      },
      "properties": {
        "angle": 151.65784450149386,
        "per_id_keys": "532807|532807_spec",
        "per_id_capacities": "2000|1000",
        "per_id_lengths": "24.2|24.2",
        "per_id_freespeeds": "50.0|50.0",
        "per_id_daily_avgs": "72|205",
        "per_id_permlanes": "2|1",
        "per_id_arrows": "\u2190|\u2190",
        "per_id_directions": "forward|forward",
        "searchable_text": "532807|532807_spec|2000|1000|24.2|24.2|50.0|50.0|72|205",
        "daily_avg_volume": 277.0,
        "capacity": 3000.0,
        "freespeed": 50.0,
        "modes": "bus,car,car_passenger,pt,taxi,truck",
        "isTarget": false,
        "link_1451949_outflow": 9,
        "link_1451949_inflow": 0
      }
    },
    {
      "type": "Feature",
      "geometry": {
        "type": "LineString",
        "coordinates": [
          [
            6.14420219321389,
            46.20673445836196
          ],
          [
            6.14345759322449,
            46.20733505837919
          ]
        ]
      },
      "properties": {
        "angle": 141.11008824872377,
        "per_id_keys": "1480708",
        "per_id_capacities": "300",
        "per_id_lengths": "88.1",
        "per_id_freespeeds": "20.0",
        "per_id_daily_avgs": "16",
        "per_id_permlanes": "1",
        "per_id_arrows": "\u2190",
        "per_id_directions": "forward",
        "searchable_text": "1480708|300|88.1|20.0|16",
        "daily_avg_volume": 16.0,
        "capacity": 300.0,
        "freespeed": 20.0,
        "modes": "car,car_passenger,taxi,truck",
        "isTarget": false,
        "link_1451949_outflow": 3,
        "link_1451949_inflow": 0
      }
    },
    {
      "type": "Feature",
      "geometry": {
        "type": "LineString",
        "coordinates": [
          [
            6.14658139324124,
            46.20668285832328
          ],
          [
            6.146311393248821,
            46.20701515833049
          ]
        ]
      },
      "properties": {
        "angle": 129.09450660214335,
        "per_id_keys": "1198902",
        "per_id_capacities": "300",
        "per_id_lengths": "43.2",
        "per_id_freespeeds": "10.0",
        "per_id_daily_avgs": "4",
        "per_id_permlanes": "1",
        "per_id_arrows": "\u2190",
        "per_id_directions": "forward",
        "searchable_text": "1198902|300|43.2|10.0|4",
        "daily_avg_volume": 4.0,
        "capacity": 300.0,
        "freespeed": 10.0,
        "modes": "car,car_passenger,taxi,truck",
        "isTarget": false,
        "link_1451949_outflow": 2,
        "link_1451949_inflow": 0
      }
    },
    {
      "type": "Feature",
      "geometry": {
        "type": "LineString",
        "coordinates": [
          [
            6.154958893262146,
            46.20420065816697
          ],
          [
            6.155102093257481,
            46.20400545816297
          ]
        ]
      },
      "properties": {
        "angle": -53.7359850346504,
        "per_id_keys": "1199599|1199600",
        "per_id_capacities": "1500|2000",
        "per_id_lengths": "24.5|24.5",
        "per_id_freespeeds": "50.0|50.0",
        "per_id_daily_avgs": "3|6",
        "per_id_permlanes": "1|2",
        "per_id_arrows": "\u2192|\u2190",
        "per_id_directions": "forward|reverse",
        "searchable_text": "1199599|1199600|1500|2000|24.5|24.5|50.0|50.0|3|6",
        "daily_avg_volume": 9.0,
        "capacity": 3500.0,
        "freespeed": 50.0,
        "modes": "car,car_passenger,taxi,truck",
        "isTarget": false,
        "link_1451949_inflow": 0,
        "link_1451949_outflow": 0
      }
    },
    {
      "type": "Feature",
      "geometry": {
        "type": "LineString",
        "coordinates": [
          [
            6.154958893262146,
            46.20420065816697
          ],
          [
            6.155275293271069,
            46.204355458163214
          ]
        ]
      },
      "properties": {
        "angle": 26.07038058962447,
        "per_id_keys": "1874446|1874447",
        "per_id_capacities": "3000|3000",
        "per_id_lengths": "29.9|29.9",
        "per_id_freespeeds": "50.0|50.0",
        "per_id_daily_avgs": "293|133",
        "per_id_permlanes": "2|2",
        "per_id_arrows": "\u2192|\u2190",
        "per_id_directions": "forward|reverse",
        "searchable_text": "1874446|1874447|3000|3000|29.9|29.9|50.0|50.0|293|133",
        "daily_avg_volume": 426.0,
        "capacity": 6000.0,
        "freespeed": 50.0,
        "modes": "bus,car,car_passenger,pt,taxi,truck",
        "isTarget": false,
        "link_1451949_inflow": 41,
        "link_1451949_outflow": 0
      }
    },
    {
      "type": "Feature",
      "geometry": {
        "type": "LineString",
        "coordinates": [
          [
            6.1554135932749565,
            46.2044231581616
          ],
          [
            6.155275293271069,
            46.204355458163214
          ]
        ]
      },
      "properties": {
        "angle": -153.9175344623872,
        "per_id_keys": "1584185|1584186",
        "per_id_capacities": "3000|3000",
        "per_id_lengths": "13.9|13.9",
        "per_id_freespeeds": "50.0|50.0",
        "per_id_daily_avgs": "293|133",
        "per_id_permlanes": "2|2",
        "per_id_arrows": "\u2192|\u2190",
        "per_id_directions": "reverse|forward",
        "searchable_text": "1584185|1584186|3000|3000|13.9|13.9|50.0|50.0|293|133",
        "daily_avg_volume": 426.0,
        "capacity": 6000.0,
        "freespeed": 50.0,
        "modes": "bus,car,car_passenger,pt,taxi,truck",
        "isTarget": false,
        "link_1451949_inflow": 41,
        "link_1451949_outflow": 0
      }
    },
    {
      "type": "Feature",
      "geometry": {
        "type": "LineString",
        "coordinates": [
          [
            6.154958893262146,
            46.20420065816697
          ],
          [
            6.1547827932572545,
            46.204116558169034
          ]
        ]
      },
      "properties": {
        "angle": -154.47228026921272,
        "per_id_keys": "215228|215229",
        "per_id_capacities": "3000|3000",
        "per_id_lengths": "16.5|16.5",
        "per_id_freespeeds": "50.0|50.0",
        "per_id_daily_avgs": "289|132",
        "per_id_permlanes": "2|2",
        "per_id_arrows": "\u2192|\u2190",
        "per_id_directions": "reverse|forward",
        "searchable_text": "215228|215229|3000|3000|16.5|16.5|50.0|50.0|289|132",
        "daily_avg_volume": 421.0,
        "capacity": 6000.0,
        "freespeed": 50.0,
        "modes": "bus,car,car_passenger,pt,taxi,truck",
        "isTarget": false,
        "link_1451949_inflow": 42,
        "link_1451949_outflow": 0
      }
    },
    {
      "type": "Feature",
      "geometry": {
        "type": "LineString",
        "coordinates": [
          [
            6.155843993056613,
            46.19759725809497
          ],
          [
            6.155071493057977,
            46.19792605811028
          ]
        ]
      },
      "properties": {
        "angle": 156.94388819827668,
        "per_id_keys": "1199607",
        "per_id_capacities": "600",
        "per_id_lengths": "69.9",
        "per_id_freespeeds": "15.0",
        "per_id_daily_avgs": "1",
        "per_id_permlanes": "1",
        "per_id_arrows": "\u2190",
        "per_id_directions": "forward",
        "searchable_text": "1199607|600|69.9|15.0|1",
        "daily_avg_volume": 1.0,
        "capacity": 600.0,
        "freespeed": 15.000000000000002,
        "modes": "car,car_passenger,taxi,truck",
        "isTarget": false,
        "link_1451949_inflow": 0,
        "link_1451949_outflow": 0
      }
    },
    {
      "type": "Feature",
      "geometry": {
        "type": "LineString",
        "coordinates": [
          [
            6.153275093134446,
            46.200930258165435
          ],
          [
            6.153378293135694,
            46.200929358163755
          ]
        ]
      },
      "properties": {
        "angle": -0.49966075563217716,
        "per_id_keys": "1199611",
        "per_id_capacities": "600",
        "per_id_lengths": "8.5",
        "per_id_freespeeds": "15.0",
        "per_id_daily_avgs": "1",
        "per_id_permlanes": "1",
        "per_id_arrows": "\u2192",
        "per_id_directions": "forward",
        "searchable_text": "1199611|600|8.5|15.0|1",
        "daily_avg_volume": 1.0,
        "capacity": 600.0,
        "freespeed": 15.000000000000002,
        "modes": "car,car_passenger,taxi,truck",
        "isTarget": false,
        "link_1451949_inflow": 0,
        "link_1451949_outflow": 0
      }
    },
    {
      "type": "Feature",
      "geometry": {
        "type": "LineString",
        "coordinates": [
          [
            6.151441393190689,
            46.20333005821589
          ],
          [
            6.151291593180499,
            46.203074758216054
          ]
        ]
      },
      "properties": {
        "angle": -120.40273633168664,
        "per_id_keys": "1199794|1199795",
        "per_id_capacities": "600|600",
        "per_id_lengths": "30.7|30.7",
        "per_id_freespeeds": "15.0|15.0",
        "per_id_daily_avgs": "2|2",
        "per_id_permlanes": "1|1",
        "per_id_arrows": "\u2190|\u2192",
        "per_id_directions": "forward|reverse",
        "searchable_text": "1199794|1199795|600|600|30.7|30.7|15.0|15.0|2|2",
        "daily_avg_volume": 4.0,
        "capacity": 1200.0,
        "freespeed": 15.000000000000002,
        "modes": "car,car_passenger,taxi,truck",
        "isTarget": false,
        "link_1451949_inflow": 1,
        "link_1451949_outflow": 0
      }
    },
    {
      "type": "Feature",
      "geometry": {
        "type": "LineString",
        "coordinates": [
          [
            6.150767793151211,
            46.20237585821835
          ],
          [
            6.151291593180499,
            46.203074758216054
          ]
        ]
      },
      "properties": {
        "angle": 53.149780979478074,
        "per_id_keys": "1199796|1199797",
        "per_id_capacities": "600|600",
        "per_id_lengths": "87.6|87.6",
        "per_id_freespeeds": "15.0|15.0",
        "per_id_daily_avgs": "0|0",
        "per_id_permlanes": "1|1",
        "per_id_arrows": "\u2190|\u2192",
        "per_id_directions": "reverse|forward",
        "searchable_text": "1199796|1199797|600|600|87.6|87.6|15.0|15.0|0|0",
        "daily_avg_volume": 0.0,
        "capacity": 1200.0,
        "freespeed": 15.000000000000002,
        "modes": "car,car_passenger,taxi,truck",
        "isTarget": false,
        "link_1451949_inflow": 1,
        "link_1451949_outflow": 0
      }
    },
    {
      "type": "Feature",
      "geometry": {
        "type": "LineString",
        "coordinates": [
          [
            6.15094949317988,
            46.20318275822249
          ],
          [
            6.151291593180499,
            46.203074758216054
          ]
        ]
      },
      "properties": {
        "angle": -17.52075987400412,
        "per_id_keys": "1199810",
        "per_id_capacities": "600",
        "per_id_lengths": "29.0",
        "per_id_freespeeds": "15.0",
        "per_id_daily_avgs": "194",
        "per_id_permlanes": "1",
        "per_id_arrows": "\u2192",
        "per_id_directions": "forward",
        "searchable_text": "1199810|600|29.0|15.0|194",
        "daily_avg_volume": 194.0,
        "capacity": 600.0,
        "freespeed": 15.000000000000002,
        "modes": "bus,car,car_passenger,taxi,truck",
        "isTarget": false,
        "link_1451949_inflow": 0,
        "link_1451949_outflow": 0
      }
    },
    {
      "type": "Feature",
      "geometry": {
        "type": "LineString",
        "coordinates": [
          [
            6.151441393190689,
            46.20333005821589
          ],
          [
            6.151468793190831,
            46.20332425821534
          ]
        ]
      },
      "properties": {
        "angle": -11.95187617267579,
        "per_id_keys": "472413|472413_spec|472414",
        "per_id_capacities": "900|300|900",
        "per_id_lengths": "13.9|13.9|13.9",
        "per_id_freespeeds": "50.0|50.0|50.0",
        "per_id_daily_avgs": "38|1124|205",
        "per_id_permlanes": "1|0|1",
        "per_id_arrows": "\u2190|\u2190|\u2192",
        "per_id_directions": "reverse|reverse|forward",
        "searchable_text": "472413|472413_spec|472414|900|300|900|13.9|13.9|13.9|50.0|50.0|50.0|38|1124|205",
        "daily_avg_volume": 1367.0,
        "capacity": 2100.0,
        "freespeed": 50.0,
        "modes": "bus,car,car_passenger,pt,taxi,truck",
        "isTarget": false,
        "link_1451949_inflow": 364,
        "link_1451949_outflow": 0
      }
    },
    {
      "type": "Feature",
      "geometry": {
        "type": "LineString",
        "coordinates": [
          [
            6.1517111931921065,
            46.20327275821107
          ],
          [
            6.151468793190831,
            46.20332425821534
          ]
        ]
      },
      "properties": {
        "angle": 168.0053613705837,
        "per_id_keys": "472417|472417_spec|472418",
        "per_id_capacities": "900|300|900",
        "per_id_lengths": "19.6|19.6|19.6",
        "per_id_freespeeds": "50.0|50.0|50.0",
        "per_id_daily_avgs": "38|1125|206",
        "per_id_permlanes": "1|0|1",
        "per_id_arrows": "\u2190|\u2190|\u2192",
        "per_id_directions": "forward|forward|reverse",
        "searchable_text": "472417|472417_spec|472418|900|300|900|19.6|19.6|19.6|50.0|50.0|50.0|38|1125|206",
        "daily_avg_volume": 1369.0,
        "capacity": 2100.0,
        "freespeed": 50.0,
        "modes": "bus,car,car_passenger,pt,taxi,truck",
        "isTarget": false,
        "link_1451949_inflow": 364,
        "link_1451949_outflow": 0
      }
    },
    {
      "type": "Feature",
      "geometry": {
        "type": "LineString",
        "coordinates": [
          [
            6.151441393190689,
            46.20333005821589
          ],
          [
            6.151310193190008,
            46.203357658218245
          ]
        ]
      },
      "properties": {
        "angle": 168.12014493526638,
        "per_id_keys": "472415|472415_spec|472416",
        "per_id_capacities": "900|300|900",
        "per_id_lengths": "13.9|13.9|13.9",
        "per_id_freespeeds": "50.0|50.0|50.0",
        "per_id_daily_avgs": "38|1124|205",
        "per_id_permlanes": "1|0|1",
        "per_id_arrows": "\u2190|\u2190|\u2192",
        "per_id_directions": "forward|forward|reverse",
        "searchable_text": "472415|472415_spec|472416|900|300|900|13.9|13.9|13.9|50.0|50.0|50.0|38|1124|205",
        "daily_avg_volume": 1367.0,
        "capacity": 2100.0,
        "freespeed": 50.0,
        "modes": "bus,car,car_passenger,pt,taxi,truck",
        "isTarget": false,
        "link_1451949_inflow": 366,
        "link_1451949_outflow": 0
      }
    },
    {
      "type": "Feature",
      "geometry": {
        "type": "LineString",
        "coordinates": [
          [
            6.1512881931898855,
            46.203362158218646
          ],
          [
            6.151310193190008,
            46.203357658218245
          ]
        ]
      },
      "properties": {
        "angle": -11.56013173358047,
        "per_id_keys": "1288793|1288793_spec|1288794",
        "per_id_capacities": "900|300|600",
        "per_id_lengths": "13.9|13.9|13.9",
        "per_id_freespeeds": "50.0|50.0|50.0",
        "per_id_daily_avgs": "38|1124|205",
        "per_id_permlanes": "1|0|1",
        "per_id_arrows": "\u2190|\u2190|\u2192",
        "per_id_directions": "reverse|reverse|forward",
        "searchable_text": "1288793|1288793_spec|1288794|900|300|600|13.9|13.9|13.9|50.0|50.0|50.0|38|1124|205",
        "daily_avg_volume": 1367.0,
        "capacity": 1800.0,
        "freespeed": 50.0,
        "modes": "bus,car,car_passenger,pt,taxi,truck",
        "isTarget": false,
        "link_1451949_inflow": 366,
        "link_1451949_outflow": 0
      }
    },
    {
      "type": "Feature",
      "geometry": {
        "type": "LineString",
        "coordinates": [
          [
            6.151291593180499,
            46.203074758216054
          ],
          [
            6.15183099318162,
            46.2029073582059
          ]
        ]
      },
      "properties": {
        "angle": -17.241460349235375,
        "per_id_keys": "1199811",
        "per_id_capacities": "600",
        "per_id_lengths": "45.6",
        "per_id_freespeeds": "15.0",
        "per_id_daily_avgs": "194",
        "per_id_permlanes": "1",
        "per_id_arrows": "\u2192",
        "per_id_directions": "forward",
        "searchable_text": "1199811|600|45.6|15.0|194",
        "daily_avg_volume": 194.0,
        "capacity": 600.0,
        "freespeed": 15.000000000000002,
        "modes": "bus,car,car_passenger,taxi,truck",
        "isTarget": false,
        "link_1451949_inflow": 0,
        "link_1451949_outflow": 0
      }
    },
    {
      "type": "Feature",
      "geometry": {
        "type": "LineString",
        "coordinates": [
          [
            6.151967493193466,
            46.20321825820644
          ],
          [
            6.15183099318162,
            46.2029073582059
          ]
        ]
      },
      "properties": {
        "angle": -113.70377829208357,
        "per_id_keys": "1199804|1199805",
        "per_id_capacities": "600|600",
        "per_id_lengths": "36.1|36.1",
        "per_id_freespeeds": "15.0|15.0",
        "per_id_daily_avgs": "5|2",
        "per_id_permlanes": "1|1",
        "per_id_arrows": "\u2190|\u2192",
        "per_id_directions": "forward|reverse",
        "searchable_text": "1199804|1199805|600|600|36.1|36.1|15.0|15.0|5|2",
        "daily_avg_volume": 7.0,
        "capacity": 1200.0,
        "freespeed": 15.000000000000002,
        "modes": "bus,car,car_passenger,taxi,truck",
        "isTarget": false,
        "link_1451949_inflow": 1,
        "link_1451949_outflow": 0
      }
    },
    {
      "type": "Feature",
      "geometry": {
        "type": "LineString",
        "coordinates": [
          [
            6.151635493170457,
            46.20264015820669
          ],
          [
            6.15183099318162,
            46.2029073582059
          ]
        ]
      },
      "properties": {
        "angle": 53.80849423805135,
        "per_id_keys": "1199806|1199807",
        "per_id_capacities": "600|600",
        "per_id_lengths": "33.3|33.3",
        "per_id_freespeeds": "15.0|15.0",
        "per_id_daily_avgs": "2|2",
        "per_id_permlanes": "1|1",
        "per_id_arrows": "\u2190|\u2192",
        "per_id_directions": "reverse|forward",
        "searchable_text": "1199806|1199807|600|600|33.3|33.3|15.0|15.0|2|2",
        "daily_avg_volume": 4.0,
        "capacity": 1200.0,
        "freespeed": 15.000000000000002,
        "modes": "car,car_passenger,taxi,truck",
        "isTarget": false,
        "link_1451949_inflow": 1,
        "link_1451949_outflow": 0
      }
    },
    {
      "type": "Feature",
      "geometry": {
        "type": "LineString",
        "coordinates": [
          [
            6.151096093188829,
            46.20340155822203
          ],
          [
            6.15094949317988,
            46.20318275822249
          ]
        ]
      },
      "properties": {
        "angle": -123.82280981503123,
        "per_id_keys": "1199800|1199801",
        "per_id_capacities": "600|600",
        "per_id_lengths": "26.8|26.8",
        "per_id_freespeeds": "15.0|15.0",
        "per_id_daily_avgs": "194|0",
        "per_id_permlanes": "1|1",
        "per_id_arrows": "\u2190|\u2192",
        "per_id_directions": "forward|reverse",
        "searchable_text": "1199800|1199801|600|600|26.8|26.8|15.0|15.0|194|0",
        "daily_avg_volume": 194.0,
        "capacity": 1200.0,
        "freespeed": 15.000000000000002,
        "modes": "bus,car,car_passenger,taxi,truck",
        "isTarget": false,
        "link_1451949_inflow": 51,
        "link_1451949_outflow": 0
      }
    },
    {
      "type": "Feature",
      "geometry": {
        "type": "LineString",
        "coordinates": [
          [
            6.150479593150601,
            46.20246385822373
          ],
          [
            6.15094949317988,
            46.20318275822249
          ]
        ]
      },
      "properties": {
        "angle": 56.82986207457084,
        "per_id_keys": "1199802|1199803",
        "per_id_capacities": "600|600",
        "per_id_lengths": "87.8|87.8",
        "per_id_freespeeds": "15.0|15.0",
        "per_id_daily_avgs": "0|0",
        "per_id_permlanes": "1|1",
        "per_id_arrows": "\u2190|\u2192",
        "per_id_directions": "reverse|forward",
        "searchable_text": "1199802|1199803|600|600|87.8|87.8|15.0|15.0|0|0",
        "daily_avg_volume": 0.0,
        "capacity": 1200.0,
        "freespeed": 15.000000000000002,
        "modes": "car,car_passenger,taxi,truck",
        "isTarget": false,
        "link_1451949_inflow": 51,
        "link_1451949_outflow": 0
      }
    },
    {
      "type": "Feature",
      "geometry": {
        "type": "LineString",
        "coordinates": [
          [
            6.151096093188829,
            46.20340155822203
          ],
          [
            6.1512881931898855,
            46.203362158218646
          ]
        ]
      },
      "properties": {
        "angle": -11.590708531455167,
        "per_id_keys": "1288795|1288795_spec|1288796",
        "per_id_capacities": "900|300|600",
        "per_id_lengths": "15.5|15.5|15.5",
        "per_id_freespeeds": "50.0|50.0|50.0",
        "per_id_daily_avgs": "38|1124|205",
        "per_id_permlanes": "1|0|1",
        "per_id_arrows": "\u2190|\u2190|\u2192",
        "per_id_directions": "reverse|reverse|forward",
        "searchable_text": "1288795|1288795_spec|1288796|900|300|600|15.5|15.5|15.5|50.0|50.0|50.0|38|1124|205",
        "daily_avg_volume": 1367.0,
        "capacity": 1800.0,
        "freespeed": 50.0,
        "modes": "bus,car,car_passenger,pt,taxi,truck",
        "isTarget": false,
        "link_1451949_inflow": 366,
        "link_1451949_outflow": 0
      }
    },
    {
      "type": "Feature",
      "geometry": {
        "type": "LineString",
        "coordinates": [
          [
            6.151096093188829,
            46.20340155822203
          ],
          [
            6.15038519318485,
            46.20354485823473
          ]
        ]
      },
      "properties": {
        "angle": 168.603297141947,
        "per_id_keys": "1680152|1680152_spec|1680153",
        "per_id_capacities": "1200|600|600",
        "per_id_lengths": "57.1|57.1|57.1",
        "per_id_freespeeds": "50.0|50.0|50.0",
        "per_id_daily_avgs": "38|725|0",
        "per_id_permlanes": "2|1|1",
        "per_id_arrows": "\u2190|\u2190|\u2192",
        "per_id_directions": "forward|forward|reverse",
        "searchable_text": "1680152|1680152_spec|1680153|1200|600|600|57.1|57.1|57.1|50.0|50.0|50.0|38|725|0",
        "daily_avg_volume": 763.0,
        "capacity": 2400.0,
        "freespeed": 50.0,
        "modes": "bus,car,car_passenger,pt,taxi,truck",
        "isTarget": false,
        "link_1451949_inflow": 418,
        "link_1451949_outflow": 0
      }
    },
    {
      "type": "Feature",
      "geometry": {
        "type": "LineString",
        "coordinates": [
          [
            6.151967493193466,
            46.20321825820644
          ],
          [
            6.152523093196374,
            46.20310025819649
          ]
        ]
      },
      "properties": {
        "angle": -11.990486614001144,
        "per_id_keys": "1447447|1447447_spec|1447448",
        "per_id_capacities": "900|300|900",
        "per_id_lengths": "44.8|44.8|44.8",
        "per_id_freespeeds": "50.0|50.0|50.0",
        "per_id_daily_avgs": "40|1125|205",
        "per_id_permlanes": "1|0|1",
        "per_id_arrows": "\u2190|\u2190|\u2192",
        "per_id_directions": "reverse|reverse|forward",
        "searchable_text": "1447447|1447447_spec|1447448|900|300|900|44.8|44.8|44.8|50.0|50.0|50.0|40|1125|205",
        "daily_avg_volume": 1370.0,
        "capacity": 2100.0,
        "freespeed": 50.0,
        "modes": "bus,car,car_passenger,pt,taxi,truck",
        "isTarget": false,
        "link_1451949_inflow": 362,
        "link_1451949_outflow": 0
      }
    },
    {
      "type": "Feature",
      "geometry": {
        "type": "LineString",
        "coordinates": [
          [
            6.1526507931970436,
            46.203072658194166
          ],
          [
            6.152523093196374,
            46.20310025819649
          ]
        ]
      },
      "properties": {
        "angle": 167.80416432497606,
        "per_id_keys": "1822796|1822797",
        "per_id_capacities": "1200|1200",
        "per_id_lengths": "13.9|13.9",
        "per_id_freespeeds": "50.0|50.0",
        "per_id_daily_avgs": "1165|205",
        "per_id_permlanes": "2|2",
        "per_id_arrows": "\u2190|\u2192",
        "per_id_directions": "forward|reverse",
        "searchable_text": "1822796|1822797|1200|1200|13.9|13.9|50.0|50.0|1165|205",
        "daily_avg_volume": 1370.0,
        "capacity": 2400.0,
        "freespeed": 50.0,
        "modes": "bus,car,car_passenger,pt,taxi,truck",
        "isTarget": false,
        "link_1451949_inflow": 362,
        "link_1451949_outflow": 0
      }
    },
    {
      "type": "Feature",
      "geometry": {
        "type": "LineString",
        "coordinates": [
          [
            6.151967493193466,
            46.20321825820644
          ],
          [
            6.1517111931921065,
            46.20327275821107
          ]
        ]
      },
      "properties": {
        "angle": 167.99534643261882,
        "per_id_keys": "1447449|1447449_spec|1447450",
        "per_id_capacities": "900|300|900",
        "per_id_lengths": "20.7|20.7|20.7",
        "per_id_freespeeds": "50.0|50.0|50.0",
        "per_id_daily_avgs": "38|1125|206",
        "per_id_permlanes": "1|0|1",
        "per_id_arrows": "\u2190|\u2190|\u2192",
        "per_id_directions": "forward|forward|reverse",
        "searchable_text": "1447449|1447449_spec|1447450|900|300|900|20.7|20.7|20.7|50.0|50.0|50.0|38|1125|206",
        "daily_avg_volume": 1369.0,
        "capacity": 2100.0,
        "freespeed": 50.0,
        "modes": "bus,car,car_passenger,pt,taxi,truck",
        "isTarget": false,
        "link_1451949_inflow": 364,
        "link_1451949_outflow": 0
      }
    },
    {
      "type": "Feature",
      "geometry": {
        "type": "LineString",
        "coordinates": [
          [
            6.151319593152607,
            46.202212858208064
          ],
          [
            6.151635493170457,
            46.20264015820669
          ]
        ]
      },
      "properties": {
        "angle": 53.524732125359336,
        "per_id_keys": "1199808|1199809",
        "per_id_capacities": "600|600",
        "per_id_lengths": "53.4|53.4",
        "per_id_freespeeds": "15.0|15.0",
        "per_id_daily_avgs": "1|1",
        "per_id_permlanes": "1|1",
        "per_id_arrows": "\u2190|\u2192",
        "per_id_directions": "reverse|forward",
        "searchable_text": "1199808|1199809|600|600|53.4|53.4|15.0|15.0|1|1",
        "daily_avg_volume": 2.0,
        "capacity": 1200.0,
        "freespeed": 15.000000000000002,
        "modes": "car,car_passenger,taxi,truck",
        "isTarget": false,
        "link_1451949_inflow": 0,
        "link_1451949_outflow": 0
      }
    },
    {
      "type": "Feature",
      "geometry": {
        "type": "LineString",
        "coordinates": [
          [
            6.1522657931739015,
            46.20251015819542
          ],
          [
            6.151635493170457,
            46.20264015820669
          ]
        ]
      },
      "properties": {
        "angle": 168.34610399784398,
        "per_id_keys": "1287611",
        "per_id_capacities": "600",
        "per_id_lengths": "50.8",
        "per_id_freespeeds": "15.0",
        "per_id_daily_avgs": "1",
        "per_id_permlanes": "1",
        "per_id_arrows": "\u2190",
        "per_id_directions": "forward",
        "searchable_text": "1287611|600|50.8|15.0|1",
        "daily_avg_volume": 1.0,
        "capacity": 600.0,
        "freespeed": 15.000000000000002,
        "modes": "car,car_passenger,taxi,truck",
        "isTarget": false,
        "link_1451949_inflow": 0,
        "link_1451949_outflow": 0
      }
    },
    {
      "type": "Feature",
      "geometry": {
        "type": "LineString",
        "coordinates": [
          [
            6.15183099318162,
            46.2029073582059
          ],
          [
            6.152380393184458,
            46.20278985819607
          ]
        ]
      },
      "properties": {
        "angle": -12.071965330618765,
        "per_id_keys": "1199812",
        "per_id_capacities": "600",
        "per_id_lengths": "44.4",
        "per_id_freespeeds": "15.0",
        "per_id_daily_avgs": "197",
        "per_id_permlanes": "1",
        "per_id_arrows": "\u2192",
        "per_id_directions": "forward",
        "searchable_text": "1199812|600|44.4|15.0|197",
        "daily_avg_volume": 197.0,
        "capacity": 600.0,
        "freespeed": 15.000000000000002,
        "modes": "bus,car,car_passenger,taxi,truck",
        "isTarget": false,
        "link_1451949_inflow": 0,
        "link_1451949_outflow": 0
      }
    },
    {
      "type": "Feature",
      "geometry": {
        "type": "LineString",
        "coordinates": [
          [
            6.152523093196374,
            46.20310025819649
          ],
          [
            6.152380393184458,
            46.20278985819607
          ]
        ]
      },
      "properties": {
        "angle": -114.68963332273229,
        "per_id_keys": "1199813",
        "per_id_capacities": "600",
        "per_id_lengths": "36.2",
        "per_id_freespeeds": "25.0",
        "per_id_daily_avgs": "0",
        "per_id_permlanes": "1",
        "per_id_arrows": "\u2190",
        "per_id_directions": "forward",
        "searchable_text": "1199813|600|36.2|25.0|0",
        "daily_avg_volume": 0.0,
        "capacity": 600.0,
        "freespeed": 25.0,
        "modes": "car,car_passenger,taxi,truck",
        "isTarget": false,
        "link_1451949_inflow": 0,
        "link_1451949_outflow": 0
      }
    },
    {
      "type": "Feature",
      "geometry": {
        "type": "LineString",
        "coordinates": [
          [
            6.152521493186532,
            46.20280025819388
          ],
          [
            6.1526507931970436,
            46.203072658194166
          ]
        ]
      },
      "properties": {
        "angle": 64.60772753246954,
        "per_id_keys": "178465",
        "per_id_capacities": "1200",
        "per_id_lengths": "31.9",
        "per_id_freespeeds": "25.0",
        "per_id_daily_avgs": "219",
        "per_id_permlanes": "2",
        "per_id_arrows": "\u2192",
        "per_id_directions": "forward",
        "searchable_text": "178465|1200|31.9|25.0|219",
        "daily_avg_volume": 219.0,
        "capacity": 1200.0,
        "freespeed": 25.0,
        "modes": "bus,car,car_passenger,pt,taxi,truck",
        "isTarget": false,
        "link_1451949_inflow": 57,
        "link_1451949_outflow": 0
      }
    },
    {
      "type": "Feature",
      "geometry": {
        "type": "LineString",
        "coordinates": [
          [
            6.152380393184458,
            46.20278985819607
          ],
          [
            6.1522657931739015,
            46.20251015819542
          ]
        ]
      },
      "properties": {
        "angle": -112.28012633065134,
        "per_id_keys": "1199814",
        "per_id_capacities": "600",
        "per_id_lengths": "32.3",
        "per_id_freespeeds": "25.0",
        "per_id_daily_avgs": "197",
        "per_id_permlanes": "1",
        "per_id_arrows": "\u2190",
        "per_id_directions": "forward",
        "searchable_text": "1199814|600|32.3|25.0|197",
        "daily_avg_volume": 197.0,
        "capacity": 600.0,
        "freespeed": 25.0,
        "modes": "bus,car,car_passenger,pt,taxi,truck",
        "isTarget": false,
        "link_1451949_inflow": 0,
        "link_1451949_outflow": 0
      }
    },
    {
      "type": "Feature",
      "geometry": {
        "type": "LineString",
        "coordinates": [
          [
            6.1522657931739015,
            46.20251015819542
          ],
          [
            6.1520230931523825,
            46.201943858194404
          ]
        ]
      },
      "properties": {
        "angle": -113.19859231569045,
        "per_id_keys": "1199815",
        "per_id_capacities": "600",
        "per_id_lengths": "65.7",
        "per_id_freespeeds": "25.0",
        "per_id_daily_avgs": "196",
        "per_id_permlanes": "1",
        "per_id_arrows": "\u2190",
        "per_id_directions": "forward",
        "searchable_text": "1199815|600|65.7|25.0|196",
        "daily_avg_volume": 196.0,
        "capacity": 600.0,
        "freespeed": 25.0,
        "modes": "bus,car,car_passenger,pt,taxi,truck",
        "isTarget": false,
        "link_1451949_inflow": 0,
        "link_1451949_outflow": 0
      }
    },
    {
      "type": "Feature",
      "geometry": {
        "type": "LineString",
        "coordinates": [
          [
            6.1520230931523825,
            46.201943858194404
          ],
          [
            6.152015793151821,
            46.2019289581944
          ]
        ]
      },
      "properties": {
        "angle": -116.1017548200967,
        "per_id_keys": "1199816",
        "per_id_capacities": "600",
        "per_id_lengths": "6.9",
        "per_id_freespeeds": "25.0",
        "per_id_daily_avgs": "195",
        "per_id_permlanes": "1",
        "per_id_arrows": "\u2190",
        "per_id_directions": "forward",
        "searchable_text": "1199816|600|6.9|25.0|195",
        "daily_avg_volume": 195.0,
        "capacity": 600.0,
        "freespeed": 25.0,
        "modes": "bus,car,car_passenger,pt,taxi,truck",
        "isTarget": false,
        "link_1451949_inflow": 0,
        "link_1451949_outflow": 0
      }
    },
    {
      "type": "Feature",
      "geometry": {
        "type": "LineString",
        "coordinates": [
          [
            6.151838693129335,
            46.20130895819177
          ],
          [
            6.152109993149838,
            46.201833958192054
          ]
        ]
      },
      "properties": {
        "angle": 62.67180010388426,
        "per_id_keys": "1199817",
        "per_id_capacities": "600",
        "per_id_lengths": "62.2",
        "per_id_freespeeds": "25.0",
        "per_id_daily_avgs": "210",
        "per_id_permlanes": "1",
        "per_id_arrows": "\u2192",
        "per_id_directions": "forward",
        "searchable_text": "1199817|600|62.2|25.0|210",
        "daily_avg_volume": 210.0,
        "capacity": 600.0,
        "freespeed": 25.0,
        "modes": "bus,car,car_passenger,pt,taxi,truck",
        "isTarget": false,
        "link_1451949_inflow": 53,
        "link_1451949_outflow": 0
      }
    },
    {
      "type": "Feature",
      "geometry": {
        "type": "LineString",
        "coordinates": [
          [
            6.152038793151355,
            46.201907158193826
          ],
          [
            6.152109993149838,
            46.201833958192054
          ]
        ]
      },
      "properties": {
        "angle": -45.793520918069305,
        "per_id_keys": "178031",
        "per_id_capacities": "600",
        "per_id_lengths": "9.8",
        "per_id_freespeeds": "15.0",
        "per_id_daily_avgs": "382",
        "per_id_permlanes": "1",
        "per_id_arrows": "\u2192",
        "per_id_directions": "forward",
        "searchable_text": "178031|600|9.8|15.0|382",
        "daily_avg_volume": 382.0,
        "capacity": 600.0,
        "freespeed": 15.000000000000002,
        "modes": "bus,car,car_passenger,pt,taxi,truck",
        "isTarget": false,
        "link_1451949_inflow": 0,
        "link_1451949_outflow": 0
      }
    },
    {
      "type": "Feature",
      "geometry": {
        "type": "LineString",
        "coordinates": [
          [
            6.151838693129335,
            46.20130895819177
          ],
          [
            6.150775393130135,
            46.20172995821258
          ]
        ]
      },
      "properties": {
        "angle": 158.39954491823676,
        "per_id_keys": "1282268|1282269",
        "per_id_capacities": "300|300",
        "per_id_lengths": "95.0|95.0",
        "per_id_freespeeds": "20.0|20.0",
        "per_id_daily_avgs": "19|23",
        "per_id_permlanes": "1|1",
        "per_id_arrows": "\u2190|\u2192",
        "per_id_directions": "forward|reverse",
        "searchable_text": "1282268|1282269|300|300|95.0|95.0|20.0|20.0|19|23",
        "daily_avg_volume": 42.0,
        "capacity": 600.0,
        "freespeed": 20.0,
        "modes": "car,car_passenger,taxi,truck",
        "isTarget": false,
        "link_1451949_inflow": 0,
        "link_1451949_outflow": 0
      }
    },
    {
      "type": "Feature",
      "geometry": {
        "type": "LineString",
        "coordinates": [
          [
            6.149983593127351,
            46.20193925822712
          ],
          [
            6.150775393130135,
            46.20172995821258
          ]
        ]
      },
      "properties": {
        "angle": -14.806589921108621,
        "per_id_keys": "1282270|1282271",
        "per_id_capacities": "300|300",
        "per_id_lengths": "65.4|65.4",
        "per_id_freespeeds": "20.0|20.0",
        "per_id_daily_avgs": "15|19",
        "per_id_permlanes": "1|1",
        "per_id_arrows": "\u2190|\u2192",
        "per_id_directions": "reverse|forward",
        "searchable_text": "1282270|1282271|300|300|65.4|65.4|20.0|20.0|15|19",
        "daily_avg_volume": 34.0,
        "capacity": 600.0,
        "freespeed": 20.0,
        "modes": "car,car_passenger,taxi,truck",
        "isTarget": false,
        "link_1451949_inflow": 0,
        "link_1451949_outflow": 0
      }
    },
    {
      "type": "Feature",
      "geometry": {
        "type": "LineString",
        "coordinates": [
          [
            6.15039169311805,
            46.20150335821674
          ],
          [
            6.150775393130135,
            46.20172995821258
          ]
        ]
      },
      "properties": {
        "angle": 30.564633996478406,
        "per_id_keys": "229100|229101",
        "per_id_capacities": "300|300",
        "per_id_lengths": "38.9|38.9",
        "per_id_freespeeds": "20.0|20.0",
        "per_id_daily_avgs": "4|4",
        "per_id_permlanes": "1|1",
        "per_id_arrows": "\u2192|\u2190",
        "per_id_directions": "forward|reverse",
        "searchable_text": "229100|229101|300|300|38.9|38.9|20.0|20.0|4|4",
        "daily_avg_volume": 8.0,
        "capacity": 600.0,
        "freespeed": 20.0,
        "modes": "car,car_passenger,taxi,truck",
        "isTarget": false,
        "link_1451949_inflow": 0,
        "link_1451949_outflow": 0
      }
    },
    {
      "type": "Feature",
      "geometry": {
        "type": "LineString",
        "coordinates": [
          [
            6.151838693129335,
            46.20130895819177
          ],
          [
            6.151882093127368,
            46.201232758190436
          ]
        ]
      },
      "properties": {
        "angle": -60.33616090284957,
        "per_id_keys": "354912|354913",
        "per_id_capacities": "600|600",
        "per_id_lengths": "9.1|9.1",
        "per_id_freespeeds": "25.0|25.0",
        "per_id_daily_avgs": "212|86",
        "per_id_permlanes": "1|1",
        "per_id_arrows": "\u2190|\u2192",
        "per_id_directions": "reverse|forward",
        "searchable_text": "354912|354913|600|600|9.1|9.1|25.0|25.0|212|86",
        "daily_avg_volume": 298.0,
        "capacity": 1200.0,
        "freespeed": 25.0,
        "modes": "bus,car,car_passenger,pt,taxi,truck",
        "isTarget": false,
        "link_1451949_inflow": 53,
        "link_1451949_outflow": 0
      }
    },
    {
      "type": "Feature",
      "geometry": {
        "type": "LineString",
        "coordinates": [
          [
            6.151994293125791,
            46.20114325818787
          ],
          [
            6.151882093127368,
            46.201232758190436
          ]
        ]
      },
      "properties": {
        "angle": 141.4212400233817,
        "per_id_keys": "1288881|1288882",
        "per_id_capacities": "600|600",
        "per_id_lengths": "13.9|13.9",
        "per_id_freespeeds": "50.0|50.0",
        "per_id_daily_avgs": "86|212",
        "per_id_permlanes": "1|1",
        "per_id_arrows": "\u2192|\u2190",
        "per_id_directions": "reverse|forward",
        "searchable_text": "1288881|1288882|600|600|13.9|13.9|50.0|50.0|86|212",
        "daily_avg_volume": 298.0,
        "capacity": 1200.0,
        "freespeed": 50.0,
        "modes": "bus,car,car_passenger,pt,taxi,truck",
        "isTarget": false,
        "link_1451949_inflow": 53,
        "link_1451949_outflow": 0
      }
    },
    {
      "type": "Feature",
      "geometry": {
        "type": "LineString",
        "coordinates": [
          [
            6.153697993193013,
            46.202559958172856
          ],
          [
            6.152521493186532,
            46.20280025819388
          ]
        ]
      },
      "properties": {
        "angle": 168.45612355141967,
        "per_id_keys": "1199818",
        "per_id_capacities": "600",
        "per_id_lengths": "94.7",
        "per_id_freespeeds": "15.0",
        "per_id_daily_avgs": "0",
        "per_id_permlanes": "1",
        "per_id_arrows": "\u2190",
        "per_id_directions": "forward",
        "searchable_text": "1199818|600|94.7|15.0|0",
        "daily_avg_volume": 0.0,
        "capacity": 600.0,
        "freespeed": 15.000000000000002,
        "modes": "car,car_passenger,taxi,truck",
        "isTarget": false,
        "link_1451949_inflow": 0,
        "link_1451949_outflow": 0
      }
    },
    {
      "type": "Feature",
      "geometry": {
        "type": "LineString",
        "coordinates": [
          [
            6.1521959931574886,
            46.20203505819244
          ],
          [
            6.152521493186532,
            46.20280025819388
          ]
        ]
      },
      "properties": {
        "angle": 66.95611649776049,
        "per_id_keys": "784979",
        "per_id_capacities": "600",
        "per_id_lengths": "88.7",
        "per_id_freespeeds": "25.0",
        "per_id_daily_avgs": "219",
        "per_id_permlanes": "1",
        "per_id_arrows": "\u2192",
        "per_id_directions": "forward",
        "searchable_text": "784979|600|88.7|25.0|219",
        "daily_avg_volume": 219.0,
        "capacity": 600.0,
        "freespeed": 25.0,
        "modes": "bus,car,car_passenger,pt,taxi,truck",
        "isTarget": false,
        "link_1451949_inflow": 56,
        "link_1451949_outflow": 0
      }
    },
    {
      "type": "Feature",
      "geometry": {
        "type": "LineString",
        "coordinates": [
          [
            6.153697993193013,
            46.202559958172856
          ],
          [
            6.15338509316736,
            46.201894458172085
          ]
        ]
      },
      "properties": {
        "angle": -115.1816352353922,
        "per_id_keys": "1400696",
        "per_id_capacities": "1200",
        "per_id_lengths": "77.9",
        "per_id_freespeeds": "50.0",
        "per_id_daily_avgs": "42",
        "per_id_permlanes": "2",
        "per_id_arrows": "\u2190",
        "per_id_directions": "forward",
        "searchable_text": "1400696|1200|77.9|50.0|42",
        "daily_avg_volume": 42.0,
        "capacity": 1200.0,
        "freespeed": 50.0,
        "modes": "bus,car,car_passenger,taxi,truck",
        "isTarget": false,
        "link_1451949_inflow": 0,
        "link_1451949_outflow": 0
      }
    },
    {
      "type": "Feature",
      "geometry": {
        "type": "LineString",
        "coordinates": [
          [
            6.153541793168898,
            46.20188235816946
          ],
          [
            6.15338509316736,
            46.201894458172085
          ]
        ]
      },
      "properties": {
        "angle": 175.5845176927287,
        "per_id_keys": "1975673",
        "per_id_capacities": "600",
        "per_id_lengths": "13.9",
        "per_id_freespeeds": "50.0",
        "per_id_daily_avgs": "25",
        "per_id_permlanes": "1",
        "per_id_arrows": "\u2190",
        "per_id_directions": "forward",
        "searchable_text": "1975673|600|13.9|50.0|25",
        "daily_avg_volume": 25.0,
        "capacity": 600.0,
        "freespeed": 50.0,
        "modes": "bus,car,car_passenger,pt,taxi,truck",
        "isTarget": false,
        "link_1451949_inflow": 2,
        "link_1451949_outflow": 0
      }
    },
    {
      "type": "Feature",
      "geometry": {
        "type": "LineString",
        "coordinates": [
          [
            6.14996759318255,
            46.20363015824216
          ],
          [
            6.149142393178493,
            46.20381355825705
          ]
        ]
      },
      "properties": {
        "angle": 167.469721036328,
        "per_id_keys": "1206981|1206981_spec",
        "per_id_capacities": "600|600",
        "per_id_lengths": "66.9|66.9",
        "per_id_freespeeds": "50.0|50.0",
        "per_id_daily_avgs": "21|325",
        "per_id_permlanes": "1|1",
        "per_id_arrows": "\u2190|\u2190",
        "per_id_directions": "forward|forward",
        "searchable_text": "1206981|1206981_spec|600|600|66.9|66.9|50.0|50.0|21|325",
        "daily_avg_volume": 346.0,
        "capacity": 1200.0,
        "freespeed": 50.0,
        "modes": "bus,car,car_passenger,pt,taxi,truck",
        "isTarget": false,
        "link_1451949_inflow": 0,
        "link_1451949_outflow": 0
      }
    },
    {
      "type": "Feature",
      "geometry": {
        "type": "LineString",
        "coordinates": [
          [
            6.149142393178493,
            46.20381355825705
          ],
          [
            6.148275993174213,
            46.20400615827265
          ]
        ]
      },
      "properties": {
        "angle": 167.46699018172393,
        "per_id_keys": "1206982|1206982_spec",
        "per_id_capacities": "600|600",
        "per_id_lengths": "70.2|70.2",
        "per_id_freespeeds": "50.0|50.0",
        "per_id_daily_avgs": "13|325",
        "per_id_permlanes": "1|1",
        "per_id_arrows": "\u2190|\u2190",
        "per_id_directions": "forward|forward",
        "searchable_text": "1206982|1206982_spec|600|600|70.2|70.2|50.0|50.0|13|325",
        "daily_avg_volume": 338.0,
        "capacity": 1200.0,
        "freespeed": 50.0,
        "modes": "bus,car,car_passenger,pt,taxi,truck",
        "isTarget": false,
        "link_1451949_inflow": 0,
        "link_1451949_outflow": 0
      }
    },
    {
      "type": "Feature",
      "geometry": {
        "type": "LineString",
        "coordinates": [
          [
            6.1485970931880765,
            46.20430915827012
          ],
          [
            6.148275993174213,
            46.20400615827265
          ]
        ]
      },
      "properties": {
        "angle": -136.66121441964054,
        "per_id_keys": "1822802",
        "per_id_capacities": "600",
        "per_id_lengths": "42.5",
        "per_id_freespeeds": "50.0",
        "per_id_daily_avgs": "9",
        "per_id_permlanes": "1",
        "per_id_arrows": "\u2190",
        "per_id_directions": "forward",
        "searchable_text": "1822802|600|42.5|50.0|9",
        "daily_avg_volume": 9.0,
        "capacity": 600.0,
        "freespeed": 50.0,
        "modes": "bus,car,car_passenger,taxi,truck",
        "isTarget": false,
        "link_1451949_inflow": 0,
        "link_1451949_outflow": 0
      }
    },
    {
      "type": "Feature",
      "geometry": {
        "type": "LineString",
        "coordinates": [
          [
            6.149142393178493,
            46.20381355825705
          ],
          [
            6.149171093180572,
            46.20386675825705
          ]
        ]
      },
      "properties": {
        "angle": 61.65430464109203,
        "per_id_keys": "1671398",
        "per_id_capacities": "600",
        "per_id_lengths": "6.3",
        "per_id_freespeeds": "15.0",
        "per_id_daily_avgs": "8",
        "per_id_permlanes": "1",
        "per_id_arrows": "\u2192",
        "per_id_directions": "forward",
        "searchable_text": "1671398|600|6.3|15.0|8",
        "daily_avg_volume": 8.0,
        "capacity": 600.0,
        "freespeed": 15.000000000000002,
        "modes": "car,car_passenger,taxi,truck",
        "isTarget": false,
        "link_1451949_inflow": 0,
        "link_1451949_outflow": 0
      }
    },
    {
      "type": "Feature",
      "geometry": {
        "type": "LineString",
        "coordinates": [
          [
            6.148275993174213,
            46.20400615827265
          ],
          [
            6.146817093167041,
            46.20433035829894
          ]
        ]
      },
      "properties": {
        "angle": 167.47119136653504,
        "per_id_keys": "1206983|1206983_spec",
        "per_id_capacities": "600|600",
        "per_id_lengths": "118.2|118.2",
        "per_id_freespeeds": "50.0|50.0",
        "per_id_daily_avgs": "21|333",
        "per_id_permlanes": "1|1",
        "per_id_arrows": "\u2190|\u2190",
        "per_id_directions": "forward|forward",
        "searchable_text": "1206983|1206983_spec|600|600|118.2|118.2|50.0|50.0|21|333",
        "daily_avg_volume": 354.0,
        "capacity": 1200.0,
        "freespeed": 50.0,
        "modes": "bus,car,car_passenger,pt,taxi,truck",
        "isTarget": false,
        "link_1451949_inflow": 0,
        "link_1451949_outflow": 0
      }
    },
    {
      "type": "Feature",
      "geometry": {
        "type": "LineString",
        "coordinates": [
          [
            6.146930393296649,
            46.208243658331355
          ],
          [
            6.147450792331394,
            46.20871725666717
          ]
        ]
      },
      "properties": {
        "angle": 42.30431511616001,
        "per_id_keys": "1218124",
        "per_id_capacities": "600",
        "per_id_lengths": "66.2",
        "per_id_freespeeds": "50.0",
        "per_id_daily_avgs": "19",
        "per_id_permlanes": "1",
        "per_id_arrows": "\u2192",
        "per_id_directions": "forward",
        "searchable_text": "1218124|600|66.2|50.0|19",
        "daily_avg_volume": 19.0,
        "capacity": 600.0,
        "freespeed": 50.0,
        "modes": "car,car_passenger,taxi,truck",
        "isTarget": false,
        "link_1451949_outflow": 10,
        "link_1451949_inflow": 0
      }
    },
    {
      "type": "Feature",
      "geometry": {
        "type": "LineString",
        "coordinates": [
          [
            6.147676093317466,
            46.208601658322486
          ],
          [
            6.147450792331394,
            46.20871725666717
          ]
        ]
      },
      "properties": {
        "angle": 152.83836365980756,
        "per_id_keys": "1259966",
        "per_id_capacities": "2000",
        "per_id_lengths": "21.6",
        "per_id_freespeeds": "50.0",
        "per_id_daily_avgs": "67",
        "per_id_permlanes": "2",
        "per_id_arrows": "\u2190",
        "per_id_directions": "forward",
        "searchable_text": "1259966|2000|21.6|50.0|67",
        "daily_avg_volume": 67.0,
        "capacity": 2000.0,
        "freespeed": 50.0,
        "modes": "car,car_passenger,taxi,truck",
        "isTarget": false,
        "link_1451949_outflow": 15,
        "link_1451949_inflow": 0
      }
    },
    {
      "type": "Feature",
      "geometry": {
        "type": "LineString",
        "coordinates": [
          [
            6.1472347932661355,
            46.207199358317304
          ],
          [
            6.147007093267457,
            46.20732445832204
          ]
        ]
      },
      "properties": {
        "angle": 151.2152922136767,
        "per_id_keys": "1451951|1451951_spec|1451952",
        "per_id_capacities": "2250|750|3000",
        "per_id_lengths": "22.4|22.4|22.4",
        "per_id_freespeeds": "50.0|50.0|50.0",
        "per_id_daily_avgs": "160|407|517",
        "per_id_permlanes": "1|0|2",
        "per_id_arrows": "\u2192|\u2192|\u2190",
        "per_id_directions": "reverse|reverse|forward",
        "searchable_text": "1451951|1451951_spec|1451952|2250|750|3000|22.4|22.4|22.4|50.0|50.0|50.0|160|407|517",
        "daily_avg_volume": 1084.0,
        "capacity": 6000.0,
        "freespeed": 50.0,
        "modes": "bus,car,car_passenger,pt,taxi,truck",
        "isTarget": false,
        "link_1451949_outflow": 593,
        "link_1451949_inflow": 0
      }
    },
    {
      "type": "Feature",
      "geometry": {
        "type": "LineString",
        "coordinates": [
          [
            6.147325893265619,
            46.20714965831538
          ],
          [
            6.1472347932661355,
            46.207199358317304
          ]
        ]
      },
      "properties": {
        "angle": 151.38513291431775,
        "per_id_keys": "544359|544359_spec|544360",
        "per_id_capacities": "3750|750|3000",
        "per_id_lengths": "13.9|13.9|13.9",
        "per_id_freespeeds": "50.0|50.0|50.0",
        "per_id_daily_avgs": "160|407|517",
        "per_id_permlanes": "2|0|2",
        "per_id_arrows": "\u2192|\u2192|\u2190",
        "per_id_directions": "reverse|reverse|forward",
        "searchable_text": "544359|544359_spec|544360|3750|750|3000|13.9|13.9|13.9|50.0|50.0|50.0|160|407|517",
        "daily_avg_volume": 1084.0,
        "capacity": 7500.0,
        "freespeed": 50.0,
        "modes": "bus,car,car_passenger,pt,taxi,truck",
        "isTarget": false,
        "link_1451949_outflow": 593,
        "link_1451949_inflow": 0
      }
    },
    {
      "type": "Feature",
      "geometry": {
        "type": "LineString",
        "coordinates": [
          [
            6.149764193220264,
            46.20485695825617
          ],
          [
            6.14963119322101,
            46.204929658258905
          ]
        ]
      },
      "properties": {
        "angle": 151.33825306707146,
        "per_id_keys": "1218648",
        "per_id_capacities": "4500",
        "per_id_lengths": "13.9",
        "per_id_freespeeds": "50.0",
        "per_id_daily_avgs": "680",
        "per_id_permlanes": "3",
        "per_id_arrows": "\u2190",
        "per_id_directions": "forward",
        "searchable_text": "1218648|4500|13.9|50.0|680",
        "daily_avg_volume": 680.0,
        "capacity": 4500.0,
        "freespeed": 50.0,
        "modes": "bus,car,car_passenger,pt,taxi,truck",
        "isTarget": false,
        "link_1451949_inflow": 677,
        "link_1451949_outflow": 0
      }
    },
    {
      "type": "Feature",
      "geometry": {
        "type": "LineString",
        "coordinates": [
          [
            6.149563493222557,
            46.20500135826066
          ],
          [
            6.14963119322101,
            46.204929658258905
          ]
        ]
      },
      "properties": {
        "angle": -46.64361862983574,
        "per_id_keys": "544361|544361_spec|544362",
        "per_id_capacities": "3750|750|4500",
        "per_id_lengths": "13.9|13.9|13.9",
        "per_id_freespeeds": "50.0|50.0|50.0",
        "per_id_daily_avgs": "277|400|710",
        "per_id_permlanes": "2|0|3",
        "per_id_arrows": "\u2190|\u2190|\u2192",
        "per_id_directions": "reverse|reverse|forward",
        "searchable_text": "544361|544361_spec|544362|3750|750|4500|13.9|13.9|13.9|50.0|50.0|50.0|277|400|710",
        "daily_avg_volume": 1387.0,
        "capacity": 9000.0,
        "freespeed": 50.0,
        "modes": "bus,car,car_passenger,pt,taxi,truck",
        "isTarget": false,
        "link_1451949_inflow": 677,
        "link_1451949_outflow": 0
      }
    },
    {
      "type": "Feature",
      "geometry": {
        "type": "LineString",
        "coordinates": [
          [
            6.147246392332392,
            46.20882305667137
          ],
          [
            6.1470690923335125,
            46.20892185667506
          ]
        ]
      },
      "properties": {
        "angle": 150.87136578066358,
        "per_id_keys": "1220566",
        "per_id_capacities": "2000",
        "per_id_lengths": "17.5",
        "per_id_freespeeds": "50.0",
        "per_id_daily_avgs": "78",
        "per_id_permlanes": "2",
        "per_id_arrows": "\u2190",
        "per_id_directions": "forward",
        "searchable_text": "1220566|2000|17.5|50.0|78",
        "daily_avg_volume": 78.0,
        "capacity": 2000.0,
        "freespeed": 50.0,
        "modes": "car,car_passenger,taxi,truck",
        "isTarget": false,
        "link_1451949_outflow": 9,
        "link_1451949_inflow": 0
      }
    },
    {
      "type": "Feature",
      "geometry": {
        "type": "LineString",
        "coordinates": [
          [
            6.1472956923408,
            46.2090611566726
          ],
          [
            6.1470690923335125,
            46.20892185667506
          ]
        ]
      },
      "properties": {
        "angle": -148.41931100127167,
        "per_id_keys": "828737|828737_spec",
        "per_id_capacities": "1200|600",
        "per_id_lengths": "23.4|23.4",
        "per_id_freespeeds": "30.0|30.0",
        "per_id_daily_avgs": "19|205",
        "per_id_permlanes": "2|1",
        "per_id_arrows": "\u2190|\u2190",
        "per_id_directions": "forward|forward",
        "searchable_text": "828737|828737_spec|1200|600|23.4|23.4|30.0|30.0|19|205",
        "daily_avg_volume": 224.0,
        "capacity": 1800.0,
        "freespeed": 30.000000000000004,
        "modes": "bus,car,car_passenger,pt,taxi,truck",
        "isTarget": false,
        "link_1451949_outflow": 0,
        "link_1451949_inflow": 0
      }
    },
    {
      "type": "Feature",
      "geometry": {
        "type": "LineString",
        "coordinates": [
          [
            6.157688593150378,
            46.19977275808434
          ],
          [
            6.157914293157844,
            46.19991655808201
          ]
        ]
      },
      "properties": {
        "angle": 32.502389809811724,
        "per_id_keys": "1222705|1222706",
        "per_id_capacities": "1500|1500",
        "per_id_lengths": "23.7|23.7",
        "per_id_freespeeds": "50.0|50.0",
        "per_id_daily_avgs": "8|64",
        "per_id_permlanes": "1|1",
        "per_id_arrows": "\u2192|\u2190",
        "per_id_directions": "forward|reverse",
        "searchable_text": "1222705|1222706|1500|1500|23.7|23.7|50.0|50.0|8|64",
        "daily_avg_volume": 72.0,
        "capacity": 3000.0,
        "freespeed": 50.0,
        "modes": "car,car_passenger,taxi,truck",
        "isTarget": false,
        "link_1451949_inflow": 0,
        "link_1451949_outflow": 0
      }
    },
    {
      "type": "Feature",
      "geometry": {
        "type": "LineString",
        "coordinates": [
          [
            6.158055993162597,
            46.20000875808053
          ],
          [
            6.157914293157844,
            46.19991655808201
          ]
        ]
      },
      "properties": {
        "angle": -146.94913826322747,
        "per_id_keys": "484200|484201",
        "per_id_capacities": "2250|3000",
        "per_id_lengths": "15.0|15.0",
        "per_id_freespeeds": "50.0|50.0",
        "per_id_daily_avgs": "7|63",
        "per_id_permlanes": "1|2",
        "per_id_arrows": "\u2192|\u2190",
        "per_id_directions": "reverse|forward",
        "searchable_text": "484200|484201|2250|3000|15.0|15.0|50.0|50.0|7|63",
        "daily_avg_volume": 70.0,
        "capacity": 5250.0,
        "freespeed": 50.0,
        "modes": "car,car_passenger,taxi,truck",
        "isTarget": false,
        "link_1451949_inflow": 0,
        "link_1451949_outflow": 0
      }
    },
    {
      "type": "Feature",
      "geometry": {
        "type": "LineString",
        "coordinates": [
          [
            6.157688593150378,
            46.19977275808434
          ],
          [
            6.157557893145382,
            46.19966935808558
          ]
        ]
      },
      "properties": {
        "angle": -141.65160936514272,
        "per_id_keys": "484198|484199",
        "per_id_capacities": "2250|3000",
        "per_id_lengths": "15.3|15.3",
        "per_id_freespeeds": "50.0|50.0",
        "per_id_daily_avgs": "7|64",
        "per_id_permlanes": "1|2",
        "per_id_arrows": "\u2192|\u2190",
        "per_id_directions": "reverse|forward",
        "searchable_text": "484198|484199|2250|3000|15.3|15.3|50.0|50.0|7|64",
        "daily_avg_volume": 71.0,
        "capacity": 5250.0,
        "freespeed": 50.0,
        "modes": "car,car_passenger,taxi,truck",
        "isTarget": false,
        "link_1451949_inflow": 0,
        "link_1451949_outflow": 0
      }
    },
    {
      "type": "Feature",
      "geometry": {
        "type": "LineString",
        "coordinates": [
          [
            6.157333393136041,
            46.199467258087424
          ],
          [
            6.157557893145382,
            46.19966935808558
          ]
        ]
      },
      "properties": {
        "angle": 41.99426040926319,
        "per_id_keys": "1222708|1222709",
        "per_id_capacities": "2250|3000",
        "per_id_lengths": "28.4|28.4",
        "per_id_freespeeds": "50.0|50.0",
        "per_id_daily_avgs": "7|64",
        "per_id_permlanes": "1|2",
        "per_id_arrows": "\u2192|\u2190",
        "per_id_directions": "forward|reverse",
        "searchable_text": "1222708|1222709|2250|3000|28.4|28.4|50.0|50.0|7|64",
        "daily_avg_volume": 71.0,
        "capacity": 5250.0,
        "freespeed": 50.0,
        "modes": "car,car_passenger,taxi,truck",
        "isTarget": false,
        "link_1451949_inflow": 0,
        "link_1451949_outflow": 0
      }
    },
    {
      "type": "Feature",
      "geometry": {
        "type": "LineString",
        "coordinates": [
          [
            6.158422793173859,
            46.20021585807645
          ],
          [
            6.158055993162597,
            46.20000875808053
          ]
        ]
      },
      "properties": {
        "angle": -150.55036942914717,
        "per_id_keys": "908014|908015",
        "per_id_capacities": "2250|3000",
        "per_id_lengths": "36.5|36.5",
        "per_id_freespeeds": "50.0|50.0",
        "per_id_daily_avgs": "7|63",
        "per_id_permlanes": "1|2",
        "per_id_arrows": "\u2192|\u2190",
        "per_id_directions": "reverse|forward",
        "searchable_text": "908014|908015|2250|3000|36.5|36.5|50.0|50.0|7|63",
        "daily_avg_volume": 70.0,
        "capacity": 5250.0,
        "freespeed": 50.0,
        "modes": "car,car_passenger,taxi,truck",
        "isTarget": false,
        "link_1451949_inflow": 0,
        "link_1451949_outflow": 0
      }
    },
    {
      "type": "Feature",
      "geometry": {
        "type": "LineString",
        "coordinates": [
          [
            6.157333393136041,
            46.199467258087424
          ],
          [
            6.156164393137608,
            46.19995095811044
          ]
        ]
      },
      "properties": {
        "angle": 157.5215747281447,
        "per_id_keys": "207942|207943",
        "per_id_capacities": "600|600",
        "per_id_lengths": "123.8|123.8",
        "per_id_freespeeds": "15.0|15.0",
        "per_id_daily_avgs": "1|0",
        "per_id_permlanes": "1|1",
        "per_id_arrows": "\u2190|\u2192",
        "per_id_directions": "forward|reverse",
        "searchable_text": "207942|207943|600|600|123.8|123.8|15.0|15.0|1|0",
        "daily_avg_volume": 1.0,
        "capacity": 1200.0,
        "freespeed": 15.000000000000002,
        "modes": "car,car_passenger,taxi,truck",
        "isTarget": false,
        "link_1451949_inflow": 0,
        "link_1451949_outflow": 0
      }
    },
    {
      "type": "Feature",
      "geometry": {
        "type": "LineString",
        "coordinates": [
          [
            6.15607509313644,
            46.199948158111816
          ],
          [
            6.156164393137608,
            46.19995095811044
          ]
        ]
      },
      "properties": {
        "angle": 1.795918910300247,
        "per_id_keys": "207944|207945",
        "per_id_capacities": "600|600",
        "per_id_lengths": "6.9|6.9",
        "per_id_freespeeds": "15.0|15.0",
        "per_id_daily_avgs": "1|0",
        "per_id_permlanes": "1|1",
        "per_id_arrows": "\u2190|\u2192",
        "per_id_directions": "reverse|forward",
        "searchable_text": "207944|207945|600|600|6.9|6.9|15.0|15.0|1|0",
        "daily_avg_volume": 1.0,
        "capacity": 1200.0,
        "freespeed": 15.000000000000002,
        "modes": "car,car_passenger,taxi,truck",
        "isTarget": false,
        "link_1451949_inflow": 0,
        "link_1451949_outflow": 0
      }
    },
    {
      "type": "Feature",
      "geometry": {
        "type": "LineString",
        "coordinates": [
          [
            6.157557893145382,
            46.19966935808558
          ],
          [
            6.157426393167054,
            46.200379858093925
          ]
        ]
      },
      "properties": {
        "angle": 100.4856997090644,
        "per_id_keys": "207940",
        "per_id_capacities": "600",
        "per_id_lengths": "86.2",
        "per_id_freespeeds": "15.0",
        "per_id_daily_avgs": "0",
        "per_id_permlanes": "1",
        "per_id_arrows": "\u2190",
        "per_id_directions": "forward",
        "searchable_text": "207940|600|86.2|15.0|0",
        "daily_avg_volume": 0.0,
        "capacity": 600.0,
        "freespeed": 15.000000000000002,
        "modes": "car,car_passenger,taxi,truck",
        "isTarget": false,
        "link_1451949_inflow": 0,
        "link_1451949_outflow": 0
      }
    },
    {
      "type": "Feature",
      "geometry": {
        "type": "LineString",
        "coordinates": [
          [
            6.154568793167243,
            46.201449158149146
          ],
          [
            6.154549993165496,
            46.20140345814908
          ]
        ]
      },
      "properties": {
        "angle": -112.36121699240877,
        "per_id_keys": "1225088",
        "per_id_capacities": "4500",
        "per_id_lengths": "13.9",
        "per_id_freespeeds": "50.0",
        "per_id_daily_avgs": "65",
        "per_id_permlanes": "3",
        "per_id_arrows": "\u2190",
        "per_id_directions": "forward",
        "searchable_text": "1225088|4500|13.9|50.0|65",
        "daily_avg_volume": 65.0,
        "capacity": 4500.0,
        "freespeed": 50.0,
        "modes": "bus,car,car_passenger,pt,taxi,truck",
        "isTarget": false,
        "link_1451949_inflow": 0,
        "link_1451949_outflow": 0
      }
    },
    {
      "type": "Feature",
      "geometry": {
        "type": "LineString",
        "coordinates": [
          [
            6.154541893164697,
            46.201381758149004
          ],
          [
            6.154526993163148,
            46.20134005814889
          ]
        ]
      },
      "properties": {
        "angle": -109.66252949114603,
        "per_id_keys": "1225091",
        "per_id_capacities": "4500",
        "per_id_lengths": "13.9",
        "per_id_freespeeds": "50.0",
        "per_id_daily_avgs": "65",
        "per_id_permlanes": "3",
        "per_id_arrows": "\u2190",
        "per_id_directions": "forward",
        "searchable_text": "1225091|4500|13.9|50.0|65",
        "daily_avg_volume": 65.0,
        "capacity": 4500.0,
        "freespeed": 50.0,
        "modes": "car,car_passenger,taxi,truck",
        "isTarget": false,
        "link_1451949_inflow": 0,
        "link_1451949_outflow": 0
      }
    },
    {
      "type": "Feature",
      "geometry": {
        "type": "LineString",
        "coordinates": [
          [
            6.154217193161432,
            46.2014025581544
          ],
          [
            6.154526993163148,
            46.20134005814889
          ]
        ]
      },
      "properties": {
        "angle": -11.405929954266025,
        "per_id_keys": "1288789",
        "per_id_capacities": "1200",
        "per_id_lengths": "24.9",
        "per_id_freespeeds": "50.0",
        "per_id_daily_avgs": "243",
        "per_id_permlanes": "2",
        "per_id_arrows": "\u2192",
        "per_id_directions": "forward",
        "searchable_text": "1288789|1200|24.9|50.0|243",
        "daily_avg_volume": 243.0,
        "capacity": 1200.0,
        "freespeed": 50.0,
        "modes": "bus,car,car_passenger,pt,taxi,truck",
        "isTarget": false,
        "link_1451949_inflow": 0,
        "link_1451949_outflow": 0
      }
    },
    {
      "type": "Feature",
      "geometry": {
        "type": "LineString",
        "coordinates": [
          [
            6.154704293164039,
            46.20130105814567
          ],
          [
            6.154721193165643,
            46.2013438581458
          ]
        ]
      },
      "properties": {
        "angle": 68.45292666429454,
        "per_id_keys": "822958",
        "per_id_capacities": "4500",
        "per_id_lengths": "13.9",
        "per_id_freespeeds": "50.0",
        "per_id_daily_avgs": "256",
        "per_id_permlanes": "3",
        "per_id_arrows": "\u2192",
        "per_id_directions": "forward",
        "searchable_text": "822958|4500|13.9|50.0|256",
        "daily_avg_volume": 256.0,
        "capacity": 4500.0,
        "freespeed": 50.0,
        "modes": "bus,car,car_passenger,pt,taxi,truck",
        "isTarget": false,
        "link_1451949_inflow": 5,
        "link_1451949_outflow": 0
      }
    },
    {
      "type": "Feature",
      "geometry": {
        "type": "LineString",
        "coordinates": [
          [
            6.150538293200134,
            46.203954158235845
          ],
          [
            6.150569593204763,
            46.20408395823648
          ]
        ]
      },
      "properties": {
        "angle": 76.44250934579664,
        "per_id_keys": "1245880",
        "per_id_capacities": "1200",
        "per_id_lengths": "14.6",
        "per_id_freespeeds": "50.0",
        "per_id_daily_avgs": "420",
        "per_id_permlanes": "2",
        "per_id_arrows": "\u2192",
        "per_id_directions": "forward",
        "searchable_text": "1245880|1200|14.6|50.0|420",
        "daily_avg_volume": 420.0,
        "capacity": 1200.0,
        "freespeed": 50.0,
        "modes": "bus,car,car_passenger,pt,taxi,truck",
        "isTarget": false,
        "link_1451949_inflow": 418,
        "link_1451949_outflow": 0
      }
    },
    {
      "type": "Feature",
      "geometry": {
        "type": "LineString",
        "coordinates": [
          [
            6.150538293200134,
            46.203954158235845
          ],
          [
            6.150618593199619,
            46.20390845823415
          ]
        ]
      },
      "properties": {
        "angle": -29.644889833963084,
        "per_id_keys": "698381",
        "per_id_capacities": "4500",
        "per_id_lengths": "13.9",
        "per_id_freespeeds": "50.0",
        "per_id_daily_avgs": "688",
        "per_id_permlanes": "3",
        "per_id_arrows": "\u2192",
        "per_id_directions": "forward",
        "searchable_text": "698381|4500|13.9|50.0|688",
        "daily_avg_volume": 688.0,
        "capacity": 4500.0,
        "freespeed": 50.0,
        "modes": "bus,car,car_passenger,pt,taxi,truck",
        "isTarget": false,
        "link_1451949_inflow": 0,
        "link_1451949_outflow": 0
      }
    },
    {
      "type": "Feature",
      "geometry": {
        "type": "LineString",
        "coordinates": [
          [
            6.150533593199013,
            46.20392205823563
          ],
          [
            6.150618593199619,
            46.20390845823415
          ]
        ]
      },
      "properties": {
        "angle": -9.090277825492668,
        "per_id_keys": "698398",
        "per_id_capacities": "600",
        "per_id_lengths": "13.9",
        "per_id_freespeeds": "50.0",
        "per_id_daily_avgs": "7",
        "per_id_permlanes": "1",
        "per_id_arrows": "\u2192",
        "per_id_directions": "forward",
        "searchable_text": "698398|600|13.9|50.0|7",
        "daily_avg_volume": 7.0,
        "capacity": 600.0,
        "freespeed": 50.0,
        "modes": "car,car_passenger,taxi,truck",
        "isTarget": false,
        "link_1451949_inflow": 0,
        "link_1451949_outflow": 0
      }
    },
    {
      "type": "Feature",
      "geometry": {
        "type": "LineString",
        "coordinates": [
          [
            6.146082992350825,
            46.20981205669854
          ],
          [
            6.146429392371537,
            46.21031695669729
          ]
        ]
      },
      "properties": {
        "angle": 55.5468973637188,
        "per_id_keys": "125393",
        "per_id_capacities": "600",
        "per_id_lengths": "62.2",
        "per_id_freespeeds": "30.0",
        "per_id_daily_avgs": "3",
        "per_id_permlanes": "1",
        "per_id_arrows": "\u2192",
        "per_id_directions": "forward",
        "searchable_text": "125393|600|62.2|30.0|3",
        "daily_avg_volume": 3.0,
        "capacity": 600.0,
        "freespeed": 30.000000000000004,
        "modes": "car,car_passenger,taxi,truck",
        "isTarget": false,
        "link_1451949_outflow": 0,
        "link_1451949_inflow": 0
      }
    },
    {
      "type": "Feature",
      "geometry": {
        "type": "LineString",
        "coordinates": [
          [
            6.146082992350825,
            46.20981205669854
          ],
          [
            6.147015992352294,
            46.209514756680996
          ]
        ]
      },
      "properties": {
        "angle": -17.674455557008304,
        "per_id_keys": "1541507|1541508",
        "per_id_capacities": "600|600",
        "per_id_lengths": "79.2|79.2",
        "per_id_freespeeds": "30.0|30.0",
        "per_id_daily_avgs": "0|1",
        "per_id_permlanes": "1|1",
        "per_id_arrows": "\u2192|\u2190",
        "per_id_directions": "forward|reverse",
        "searchable_text": "1541507|1541508|600|600|79.2|79.2|30.0|30.0|0|1",
        "daily_avg_volume": 1.0,
        "capacity": 1200.0,
        "freespeed": 30.000000000000004,
        "modes": "car,car_passenger,taxi,truck",
        "isTarget": false,
        "link_1451949_outflow": 0,
        "link_1451949_inflow": 0
      }
    },
    {
      "type": "Feature",
      "geometry": {
        "type": "LineString",
        "coordinates": [
          [
            6.147689692353005,
            46.209289256668235
          ],
          [
            6.147015992352294,
            46.209514756680996
          ]
        ]
      },
      "properties": {
        "angle": 161.4936409344242,
        "per_id_keys": "532808|532809",
        "per_id_capacities": "600|600",
        "per_id_lengths": "57.9|57.9",
        "per_id_freespeeds": "30.0|30.0",
        "per_id_daily_avgs": "5|4",
        "per_id_permlanes": "1|1",
        "per_id_arrows": "\u2192|\u2190",
        "per_id_directions": "reverse|forward",
        "searchable_text": "532808|532809|600|600|57.9|57.9|30.0|30.0|5|4",
        "daily_avg_volume": 9.0,
        "capacity": 1200.0,
        "freespeed": 30.000000000000004,
        "modes": "car,car_passenger,taxi,truck",
        "isTarget": false,
        "link_1451949_outflow": 0,
        "link_1451949_inflow": 0
      }
    },
    {
      "type": "Feature",
      "geometry": {
        "type": "LineString",
        "coordinates": [
          [
            6.148087092374667,
            46.2098052566663
          ],
          [
            6.1470645923726615,
            46.2101191566854
          ]
        ]
      },
      "properties": {
        "angle": 162.93389690686115,
        "per_id_keys": "941221|941222",
        "per_id_capacities": "600|600",
        "per_id_lengths": "86.3|86.3",
        "per_id_freespeeds": "30.0|30.0",
        "per_id_daily_avgs": "0|8",
        "per_id_permlanes": "1|1",
        "per_id_arrows": "\u2190|\u2192",
        "per_id_directions": "forward|reverse",
        "searchable_text": "941221|941222|600|600|86.3|86.3|30.0|30.0|0|8",
        "daily_avg_volume": 8.0,
        "capacity": 1200.0,
        "freespeed": 30.000000000000004,
        "modes": "car,car_passenger,taxi,truck",
        "isTarget": false,
        "link_1451949_outflow": 0,
        "link_1451949_inflow": 0
      }
    },
    {
      "type": "Feature",
      "geometry": {
        "type": "LineString",
        "coordinates": [
          [
            6.145602692342075,
            46.209720656705436
          ],
          [
            6.146085392370973,
            46.21042575670378
          ]
        ]
      },
      "properties": {
        "angle": 55.60509084035563,
        "per_id_keys": "1541119|1541120",
        "per_id_capacities": "600|600",
        "per_id_lengths": "86.8|86.8",
        "per_id_freespeeds": "30.0|30.0",
        "per_id_daily_avgs": "2|3",
        "per_id_permlanes": "1|1",
        "per_id_arrows": "\u2192|\u2190",
        "per_id_directions": "forward|reverse",
        "searchable_text": "1541119|1541120|600|600|86.8|86.8|30.0|30.0|2|3",
        "daily_avg_volume": 5.0,
        "capacity": 1200.0,
        "freespeed": 30.000000000000004,
        "modes": "car,car_passenger,taxi,truck",
        "isTarget": false,
        "link_1451949_outflow": 1,
        "link_1451949_inflow": 0
      }
    },
    {
      "type": "Feature",
      "geometry": {
        "type": "LineString",
        "coordinates": [
          [
            6.146001592339618,
            46.20949955669717
          ],
          [
            6.145906792340312,
            46.209554856699135
          ]
        ]
      },
      "properties": {
        "angle": 149.74356176669295,
        "per_id_keys": "1257319|1257319_spec",
        "per_id_capacities": "1000|1000",
        "per_id_lengths": "13.9|13.9",
        "per_id_freespeeds": "50.0|50.0",
        "per_id_daily_avgs": "72|205",
        "per_id_permlanes": "1|1",
        "per_id_arrows": "\u2190|\u2190",
        "per_id_directions": "forward|forward",
        "searchable_text": "1257319|1257319_spec|1000|1000|13.9|13.9|50.0|50.0|72|205",
        "daily_avg_volume": 277.0,
        "capacity": 2000.0,
        "freespeed": 50.0,
        "modes": "bus,car,car_passenger,pt,taxi,truck",
        "isTarget": false,
        "link_1451949_outflow": 2,
        "link_1451949_inflow": 0
      }
    },
    {
      "type": "Feature",
      "geometry": {
        "type": "LineString",
        "coordinates": [
          [
            6.145906792340312,
            46.209554856699135
          ],
          [
            6.145602692342075,
            46.209720656705436
          ]
        ]
      },
      "properties": {
        "angle": 151.40010095664823,
        "per_id_keys": "1257320|1257320_spec",
        "per_id_capacities": "1000|1000",
        "per_id_lengths": "29.9|29.9",
        "per_id_freespeeds": "50.0|50.0",
        "per_id_daily_avgs": "70|205",
        "per_id_permlanes": "1|1",
        "per_id_arrows": "\u2190|\u2190",
        "per_id_directions": "forward|forward",
        "searchable_text": "1257320|1257320_spec|1000|1000|29.9|29.9|50.0|50.0|70|205",
        "daily_avg_volume": 275.0,
        "capacity": 2000.0,
        "freespeed": 50.0,
        "modes": "bus,car,car_passenger,pt,taxi,truck",
        "isTarget": false,
        "link_1451949_outflow": 1,
        "link_1451949_inflow": 0
      }
    },
    {
      "type": "Feature",
      "geometry": {
        "type": "LineString",
        "coordinates": [
          [
            6.145906792340312,
            46.209554856699135
          ],
          [
            6.146082992350825,
            46.20981205669854
          ]
        ]
      },
      "properties": {
        "angle": 55.58612584597503,
        "per_id_keys": "1541490",
        "per_id_capacities": "600",
        "per_id_lengths": "31.7",
        "per_id_freespeeds": "30.0",
        "per_id_daily_avgs": "2",
        "per_id_permlanes": "1",
        "per_id_arrows": "\u2192",
        "per_id_directions": "forward",
        "searchable_text": "1541490|600|31.7|30.0|2",
        "daily_avg_volume": 2.0,
        "capacity": 600.0,
        "freespeed": 30.000000000000004,
        "modes": "car,car_passenger,taxi,truck",
        "isTarget": false,
        "link_1451949_outflow": 0,
        "link_1451949_inflow": 0
      }
    },
    {
      "type": "Feature",
      "geometry": {
        "type": "LineString",
        "coordinates": [
          [
            6.147991393316067,
            46.208440858315996
          ],
          [
            6.147811993316887,
            46.20853315831968
          ]
        ]
      },
      "properties": {
        "angle": 152.7745069567847,
        "per_id_keys": "1259967",
        "per_id_capacities": "2000",
        "per_id_lengths": "17.2",
        "per_id_freespeeds": "50.0",
        "per_id_daily_avgs": "77",
        "per_id_permlanes": "2",
        "per_id_arrows": "\u2190",
        "per_id_directions": "forward",
        "searchable_text": "1259967|2000|17.2|50.0|77",
        "daily_avg_volume": 77.0,
        "capacity": 2000.0,
        "freespeed": 50.0,
        "modes": "car,car_passenger,taxi,truck",
        "isTarget": false,
        "link_1451949_outflow": 18,
        "link_1451949_inflow": 0
      }
    },
    {
      "type": "Feature",
      "geometry": {
        "type": "LineString",
        "coordinates": [
          [
            6.147450792331394,
            46.20871725666717
          ],
          [
            6.147323592331987,
            46.20878175666977
          ]
        ]
      },
      "properties": {
        "angle": 153.11155076877188,
        "per_id_keys": "1259974",
        "per_id_capacities": "2000",
        "per_id_lengths": "13.9",
        "per_id_freespeeds": "50.0",
        "per_id_daily_avgs": "78",
        "per_id_permlanes": "2",
        "per_id_arrows": "\u2190",
        "per_id_directions": "forward",
        "searchable_text": "1259974|2000|13.9|50.0|78",
        "daily_avg_volume": 78.0,
        "capacity": 2000.0,
        "freespeed": 50.0,
        "modes": "car,car_passenger,taxi,truck",
        "isTarget": false,
        "link_1451949_outflow": 9,
        "link_1451949_inflow": 0
      }
    },
    {
      "type": "Feature",
      "geometry": {
        "type": "LineString",
        "coordinates": [
          [
            6.147450792331394,
            46.20871725666717
          ],
          [
            6.147800792339656,
            46.2088409566626
          ]
        ]
      },
      "properties": {
        "angle": 19.464862306910096,
        "per_id_keys": "828736",
        "per_id_capacities": "1200",
        "per_id_lengths": "32.1",
        "per_id_freespeeds": "15.0",
        "per_id_daily_avgs": "8",
        "per_id_permlanes": "2",
        "per_id_arrows": "\u2192",
        "per_id_directions": "forward",
        "searchable_text": "828736|1200|32.1|15.0|8",
        "daily_avg_volume": 8.0,
        "capacity": 1200.0,
        "freespeed": 15.000000000000002,
        "modes": "car,car_passenger,taxi,truck",
        "isTarget": false,
        "link_1451949_outflow": 15,
        "link_1451949_inflow": 0
      }
    },
    {
      "type": "Feature",
      "geometry": {
        "type": "LineString",
        "coordinates": [
          [
            6.147811993316887,
            46.20853315831968
          ],
          [
            6.147800792339656,
            46.2088409566626
          ]
        ]
      },
      "properties": {
        "angle": 92.08411015827862,
        "per_id_keys": "1603436",
        "per_id_capacities": "600",
        "per_id_lengths": "41.3",
        "per_id_freespeeds": "50.0",
        "per_id_daily_avgs": "10",
        "per_id_permlanes": "1",
        "per_id_arrows": "\u2190",
        "per_id_directions": "forward",
        "searchable_text": "1603436|600|41.3|50.0|10",
        "daily_avg_volume": 10.0,
        "capacity": 600.0,
        "freespeed": 50.0,
        "modes": "car,car_passenger,taxi,truck",
        "isTarget": false,
        "link_1451949_outflow": 2,
        "link_1451949_inflow": 0
      }
    },
    {
      "type": "Feature",
      "geometry": {
        "type": "LineString",
        "coordinates": [
          [
            6.147886993267451,
            46.20699635830505
          ],
          [
            6.147885793270065,
            46.20707695830576
          ]
        ]
      },
      "properties": {
        "angle": 90.85297401496193,
        "per_id_keys": "1260176",
        "per_id_capacities": "3000",
        "per_id_lengths": "13.9",
        "per_id_freespeeds": "50.0",
        "per_id_daily_avgs": "167",
        "per_id_permlanes": "2",
        "per_id_arrows": "\u2190",
        "per_id_directions": "forward",
        "searchable_text": "1260176|3000|13.9|50.0|167",
        "daily_avg_volume": 167.0,
        "capacity": 3000.0,
        "freespeed": 50.0,
        "modes": "car,car_passenger,taxi,truck",
        "isTarget": false,
        "link_1451949_outflow": 80,
        "link_1451949_inflow": 0
      }
    },
    {
      "type": "Feature",
      "geometry": {
        "type": "LineString",
        "coordinates": [
          [
            6.147922293271632,
            46.207110758305475
          ],
          [
            6.147885793270065,
            46.20707695830576
          ]
        ]
      },
      "properties": {
        "angle": -137.19946956895615,
        "per_id_keys": "1381580|1381581",
        "per_id_capacities": "4500|3000",
        "per_id_lengths": "13.9|13.9",
        "per_id_freespeeds": "50.0|50.0",
        "per_id_daily_avgs": "167|154",
        "per_id_permlanes": "3|2",
        "per_id_arrows": "\u2192|\u2190",
        "per_id_directions": "reverse|forward",
        "searchable_text": "1381580|1381581|4500|3000|13.9|13.9|50.0|50.0|167|154",
        "daily_avg_volume": 321.0,
        "capacity": 7500.0,
        "freespeed": 50.0,
        "modes": "car,car_passenger,taxi,truck",
        "isTarget": false,
        "link_1451949_outflow": 80,
        "link_1451949_inflow": 0
      }
    },
    {
      "type": "Feature",
      "geometry": {
        "type": "LineString",
        "coordinates": [
          [
            6.150298992383057,
            46.209250556626
          ],
          [
            6.150720892400325,
            46.20962375662242
          ]
        ]
      },
      "properties": {
        "angle": 41.49500177811284,
        "per_id_keys": "1263711|1263712",
        "per_id_capacities": "3000|3000",
        "per_id_lengths": "52.7|52.7",
        "per_id_freespeeds": "50.0|50.0",
        "per_id_daily_avgs": "100|161",
        "per_id_permlanes": "2|2",
        "per_id_arrows": "\u2192|\u2190",
        "per_id_directions": "forward|reverse",
        "searchable_text": "1263711|1263712|3000|3000|52.7|52.7|50.0|50.0|100|161",
        "daily_avg_volume": 261.0,
        "capacity": 6000.0,
        "freespeed": 50.0,
        "modes": "car,car_passenger,taxi,truck",
        "isTarget": false,
        "link_1451949_outflow": 60,
        "link_1451949_inflow": 0
      }
    },
    {
      "type": "Feature",
      "geometry": {
        "type": "LineString",
        "coordinates": [
          [
            6.151550192435138,
            46.21038225661561
          ],
          [
            6.150720892400325,
            46.20962375662242
          ]
        ]
      },
      "properties": {
        "angle": -137.55312898602176,
        "per_id_keys": "1263721|1263722",
        "per_id_capacities": "3000|3000",
        "per_id_lengths": "105.9|105.9",
        "per_id_freespeeds": "50.0|50.0",
        "per_id_daily_avgs": "100|160",
        "per_id_permlanes": "2|2",
        "per_id_arrows": "\u2192|\u2190",
        "per_id_directions": "reverse|forward",
        "searchable_text": "1263721|1263722|3000|3000|105.9|105.9|50.0|50.0|100|160",
        "daily_avg_volume": 260.0,
        "capacity": 6000.0,
        "freespeed": 50.0,
        "modes": "car,car_passenger,taxi,truck",
        "isTarget": false,
        "link_1451949_outflow": 60,
        "link_1451949_inflow": 0
      }
    },
    {
      "type": "Feature",
      "geometry": {
        "type": "LineString",
        "coordinates": [
          [
            6.1500990924036785,
            46.20995345663528
          ],
          [
            6.150720892400325,
            46.20962375662242
          ]
        ]
      },
      "properties": {
        "angle": -27.934092655334574,
        "per_id_keys": "1730176",
        "per_id_capacities": "600",
        "per_id_lengths": "60.4",
        "per_id_freespeeds": "30.0",
        "per_id_daily_avgs": "1",
        "per_id_permlanes": "1",
        "per_id_arrows": "\u2192",
        "per_id_directions": "forward",
        "searchable_text": "1730176|600|60.4|30.0|1",
        "daily_avg_volume": 1.0,
        "capacity": 600.0,
        "freespeed": 30.000000000000004,
        "modes": "car,car_passenger,taxi,truck",
        "isTarget": false,
        "link_1451949_outflow": 0,
        "link_1451949_inflow": 0
      }
    },
    {
      "type": "Feature",
      "geometry": {
        "type": "LineString",
        "coordinates": [
          [
            6.150298992383057,
            46.209250556626
          ],
          [
            6.150186792383537,
            46.20930675662829
          ]
        ]
      },
      "properties": {
        "angle": 153.39410975256732,
        "per_id_keys": "1730174|1730175",
        "per_id_capacities": "600|600",
        "per_id_lengths": "10.7|10.7",
        "per_id_freespeeds": "15.0|15.0",
        "per_id_daily_avgs": "0|0",
        "per_id_permlanes": "1|1",
        "per_id_arrows": "\u2190|\u2192",
        "per_id_directions": "forward|reverse",
        "searchable_text": "1730174|1730175|600|600|10.7|10.7|15.0|15.0|0|0",
        "daily_avg_volume": 0.0,
        "capacity": 1200.0,
        "freespeed": 15.000000000000002,
        "modes": "car,car_passenger,taxi,truck",
        "isTarget": false,
        "link_1451949_outflow": 0,
        "link_1451949_inflow": 0
      }
    },
    {
      "type": "Feature",
      "geometry": {
        "type": "LineString",
        "coordinates": [
          [
            6.149176492388865,
            46.20983935664907
          ],
          [
            6.150186792383537,
            46.20930675662829
          ]
        ]
      },
      "properties": {
        "angle": -27.796860795725216,
        "per_id_keys": "943355|943356",
        "per_id_capacities": "600|600",
        "per_id_lengths": "97.9|97.9",
        "per_id_freespeeds": "30.0|30.0",
        "per_id_daily_avgs": "0|0",
        "per_id_permlanes": "1|1",
        "per_id_arrows": "\u2190|\u2192",
        "per_id_directions": "reverse|forward",
        "searchable_text": "943355|943356|600|600|97.9|97.9|30.0|30.0|0|0",
        "daily_avg_volume": 0.0,
        "capacity": 1200.0,
        "freespeed": 30.000000000000004,
        "modes": "car,car_passenger,taxi,truck",
        "isTarget": false,
        "link_1451949_outflow": 0,
        "link_1451949_inflow": 0
      }
    },
    {
      "type": "Feature",
      "geometry": {
        "type": "LineString",
        "coordinates": [
          [
            6.150298992383057,
            46.209250556626
          ],
          [
            6.15007459237359,
            46.209043756627814
          ]
        ]
      },
      "properties": {
        "angle": -137.3373073137079,
        "per_id_keys": "532803|532804",
        "per_id_capacities": "3000|3000",
        "per_id_lengths": "28.8|28.8",
        "per_id_freespeeds": "50.0|50.0",
        "per_id_daily_avgs": "100|161",
        "per_id_permlanes": "2|2",
        "per_id_arrows": "\u2192|\u2190",
        "per_id_directions": "reverse|forward",
        "searchable_text": "532803|532804|3000|3000|28.8|28.8|50.0|50.0|100|161",
        "daily_avg_volume": 261.0,
        "capacity": 6000.0,
        "freespeed": 50.0,
        "modes": "car,car_passenger,taxi,truck",
        "isTarget": false,
        "link_1451949_outflow": 61,
        "link_1451949_inflow": 0
      }
    },
    {
      "type": "Feature",
      "geometry": {
        "type": "LineString",
        "coordinates": [
          [
            6.149892392365935,
            46.20887675662934
          ],
          [
            6.15007459237359,
            46.209043756627814
          ]
        ]
      },
      "properties": {
        "angle": 42.507597491164645,
        "per_id_keys": "937713|937714",
        "per_id_capacities": "3000|3000",
        "per_id_lengths": "23.3|23.3",
        "per_id_freespeeds": "50.0|50.0",
        "per_id_daily_avgs": "99|160",
        "per_id_permlanes": "2|2",
        "per_id_arrows": "\u2192|\u2190",
        "per_id_directions": "forward|reverse",
        "searchable_text": "937713|937714|3000|3000|23.3|23.3|50.0|50.0|99|160",
        "daily_avg_volume": 259.0,
        "capacity": 6000.0,
        "freespeed": 50.0,
        "modes": "car,car_passenger,taxi,truck",
        "isTarget": false,
        "link_1451949_outflow": 61,
        "link_1451949_inflow": 0
      }
    },
    {
      "type": "Feature",
      "geometry": {
        "type": "LineString",
        "coordinates": [
          [
            6.147811993316887,
            46.20853315831968
          ],
          [
            6.147676093317466,
            46.208601658322486
          ]
        ]
      },
      "properties": {
        "angle": 153.24974314510087,
        "per_id_keys": "1280602",
        "per_id_capacities": "2000",
        "per_id_lengths": "13.9",
        "per_id_freespeeds": "50.0",
        "per_id_daily_avgs": "67",
        "per_id_permlanes": "2",
        "per_id_arrows": "\u2190",
        "per_id_directions": "forward",
        "searchable_text": "1280602|2000|13.9|50.0|67",
        "daily_avg_volume": 67.0,
        "capacity": 2000.0,
        "freespeed": 50.0,
        "modes": "car,car_passenger,taxi,truck",
        "isTarget": false,
        "link_1451949_outflow": 15,
        "link_1451949_inflow": 0
      }
    },
    {
      "type": "Feature",
      "geometry": {
        "type": "LineString",
        "coordinates": [
          [
            6.146624292335874,
            46.20915705668419
          ],
          [
            6.146277892338067,
            46.20935075669144
          ]
        ]
      },
      "properties": {
        "angle": 150.78694529447262,
        "per_id_keys": "1280624|1280624_spec",
        "per_id_capacities": "2000|1000",
        "per_id_lengths": "34.3|34.3",
        "per_id_freespeeds": "50.0|50.0",
        "per_id_daily_avgs": "69|205",
        "per_id_permlanes": "2|1",
        "per_id_arrows": "\u2190|\u2190",
        "per_id_directions": "forward|forward",
        "searchable_text": "1280624|1280624_spec|2000|1000|34.3|34.3|50.0|50.0|69|205",
        "daily_avg_volume": 274.0,
        "capacity": 3000.0,
        "freespeed": 50.0,
        "modes": "bus,car,car_passenger,pt,taxi,truck",
        "isTarget": false,
        "link_1451949_outflow": 8,
        "link_1451949_inflow": 0
      }
    },
    {
      "type": "Feature",
      "geometry": {
        "type": "LineString",
        "coordinates": [
          [
            6.1454596932751535,
            46.208135858354
          ],
          [
            6.1460452923124995,
            46.20865495668921
          ]
        ]
      },
      "properties": {
        "angle": 41.55505919830997,
        "per_id_keys": "1541519",
        "per_id_capacities": "600",
        "per_id_lengths": "73.3",
        "per_id_freespeeds": "15.0",
        "per_id_daily_avgs": "104",
        "per_id_permlanes": "1",
        "per_id_arrows": "\u2192",
        "per_id_directions": "forward",
        "searchable_text": "1541519|600|73.3|15.0|104",
        "daily_avg_volume": 104.0,
        "capacity": 600.0,
        "freespeed": 15.000000000000002,
        "modes": "bus,car,car_passenger,taxi,truck",
        "isTarget": false,
        "link_1451949_outflow": 54,
        "link_1451949_inflow": 0
      }
    },
    {
      "type": "Feature",
      "geometry": {
        "type": "LineString",
        "coordinates": [
          [
            6.145073092344935,
            46.210001856716396
          ],
          [
            6.144766992346596,
            46.21016515672272
          ]
        ]
      },
      "properties": {
        "angle": 151.92071178933102,
        "per_id_keys": "1280625|1280625_spec",
        "per_id_capacities": "2000|1000",
        "per_id_lengths": "29.8|29.8",
        "per_id_freespeeds": "50.0|50.0",
        "per_id_daily_avgs": "82|307",
        "per_id_permlanes": "2|1",
        "per_id_arrows": "\u2190|\u2190",
        "per_id_directions": "forward|forward",
        "searchable_text": "1280625|1280625_spec|2000|1000|29.8|29.8|50.0|50.0|82|307",
        "daily_avg_volume": 389.0,
        "capacity": 3000.0,
        "freespeed": 50.0,
        "modes": "bus,car,car_passenger,pt,taxi,truck",
        "isTarget": false,
        "link_1451949_outflow": 50,
        "link_1451949_inflow": 0
      }
    },
    {
      "type": "Feature",
      "geometry": {
        "type": "LineString",
        "coordinates": [
          [
            6.14531349234363,
            46.209873756711445
          ],
          [
            6.145073092344935,
            46.210001856716396
          ]
        ]
      },
      "properties": {
        "angle": 151.94854570808116,
        "per_id_keys": "1280627|1280627_spec",
        "per_id_capacities": "2000|1000",
        "per_id_lengths": "23.4|23.4",
        "per_id_freespeeds": "50.0|50.0",
        "per_id_daily_avgs": "75|307",
        "per_id_permlanes": "2|1",
        "per_id_arrows": "\u2190|\u2190",
        "per_id_directions": "forward|forward",
        "searchable_text": "1280627|1280627_spec|2000|1000|23.4|23.4|50.0|50.0|75|307",
        "daily_avg_volume": 382.0,
        "capacity": 3000.0,
        "freespeed": 50.0,
        "modes": "bus,car,car_passenger,pt,taxi,truck",
        "isTarget": false,
        "link_1451949_outflow": 50,
        "link_1451949_inflow": 0
      }
    },
    {
      "type": "Feature",
      "geometry": {
        "type": "LineString",
        "coordinates": [
          [
            6.145154592349155,
            46.21010115671595
          ],
          [
            6.145073092344935,
            46.210001856716396
          ]
        ]
      },
      "properties": {
        "angle": -129.37727571084957,
        "per_id_keys": "1649202",
        "per_id_capacities": "600",
        "per_id_lengths": "12.7",
        "per_id_freespeeds": "30.0",
        "per_id_daily_avgs": "7",
        "per_id_permlanes": "1",
        "per_id_arrows": "\u2190",
        "per_id_directions": "forward",
        "searchable_text": "1649202|600|12.7|30.0|7",
        "daily_avg_volume": 7.0,
        "capacity": 600.0,
        "freespeed": 30.000000000000004,
        "modes": "car,car_passenger,taxi,truck",
        "isTarget": false,
        "link_1451949_outflow": 0,
        "link_1451949_inflow": 0
      }
    },
    {
      "type": "Feature",
      "geometry": {
        "type": "LineString",
        "coordinates": [
          [
            6.147323592331987,
            46.20878175666977
          ],
          [
            6.147246392332392,
            46.20882305667137
          ]
        ]
      },
      "properties": {
        "angle": 151.85437178442672,
        "per_id_keys": "1280632",
        "per_id_capacities": "2000",
        "per_id_lengths": "13.9",
        "per_id_freespeeds": "50.0",
        "per_id_daily_avgs": "78",
        "per_id_permlanes": "2",
        "per_id_arrows": "\u2190",
        "per_id_directions": "forward",
        "searchable_text": "1280632|2000|13.9|50.0|78",
        "daily_avg_volume": 78.0,
        "capacity": 2000.0,
        "freespeed": 50.0,
        "modes": "car,car_passenger,taxi,truck",
        "isTarget": false,
        "link_1451949_outflow": 9,
        "link_1451949_inflow": 0
      }
    },
    {
      "type": "Feature",
      "geometry": {
        "type": "LineString",
        "coordinates": [
          [
            6.152008493151249,
            46.20191405819434
          ],
          [
            6.151838693129335,
            46.20130895819177
          ]
        ]
      },
      "properties": {
        "angle": -105.67490628658997,
        "per_id_keys": "1882712",
        "per_id_capacities": "600",
        "per_id_lengths": "69.6",
        "per_id_freespeeds": "25.0",
        "per_id_daily_avgs": "80",
        "per_id_permlanes": "1",
        "per_id_arrows": "\u2190",
        "per_id_directions": "forward",
        "searchable_text": "1882712|600|69.6|25.0|80",
        "daily_avg_volume": 80.0,
        "capacity": 600.0,
        "freespeed": 25.0,
        "modes": "bus,car,car_passenger,pt,taxi,truck",
        "isTarget": false,
        "link_1451949_inflow": 0,
        "link_1451949_outflow": 0
      }
    },
    {
      "type": "Feature",
      "geometry": {
        "type": "LineString",
        "coordinates": [
          [
            6.150727193115872,
            46.201311758209684
          ],
          [
            6.15039169311805,
            46.20150335821674
          ]
        ]
      },
      "properties": {
        "angle": 150.26983291313937,
        "per_id_keys": "1283478|1283479",
        "per_id_capacities": "300|300",
        "per_id_lengths": "33.6|33.6",
        "per_id_freespeeds": "20.0|20.0",
        "per_id_daily_avgs": "1|1",
        "per_id_permlanes": "1|1",
        "per_id_arrows": "\u2192|\u2190",
        "per_id_directions": "reverse|forward",
        "searchable_text": "1283478|1283479|300|300|33.6|33.6|20.0|20.0|1|1",
        "daily_avg_volume": 2.0,
        "capacity": 600.0,
        "freespeed": 20.0,
        "modes": "car,car_passenger,taxi,truck",
        "isTarget": false,
        "link_1451949_inflow": 0,
        "link_1451949_outflow": 0
      }
    },
    {
      "type": "Feature",
      "geometry": {
        "type": "LineString",
        "coordinates": [
          [
            6.157852893230994,
            46.20217225810272
          ],
          [
            6.157497393231484,
            46.202319158109695
          ]
        ]
      },
      "properties": {
        "angle": 157.5485663272364,
        "per_id_keys": "1505114|1505115",
        "per_id_capacities": "1500|3000",
        "per_id_lengths": "31.9|31.9",
        "per_id_freespeeds": "50.0|50.0",
        "per_id_daily_avgs": "115|100",
        "per_id_permlanes": "1|2",
        "per_id_arrows": "\u2190|\u2192",
        "per_id_directions": "forward|reverse",
        "searchable_text": "1505114|1505115|1500|3000|31.9|31.9|50.0|50.0|115|100",
        "daily_avg_volume": 215.0,
        "capacity": 4500.0,
        "freespeed": 50.0,
        "modes": "car,car_passenger,taxi,truck",
        "isTarget": false,
        "link_1451949_inflow": 22,
        "link_1451949_outflow": 0
      }
    },
    {
      "type": "Feature",
      "geometry": {
        "type": "LineString",
        "coordinates": [
          [
            6.157852893230994,
            46.20217225810272
          ],
          [
            6.158649393229987,
            46.201845158087075
          ]
        ]
      },
      "properties": {
        "angle": -22.32656897944113,
        "per_id_keys": "1768665|1768666",
        "per_id_capacities": "3000|1500",
        "per_id_lengths": "71.4|71.4",
        "per_id_freespeeds": "50.0|50.0",
        "per_id_daily_avgs": "99|113",
        "per_id_permlanes": "2|1",
        "per_id_arrows": "\u2192|\u2190",
        "per_id_directions": "forward|reverse",
        "searchable_text": "1768665|1768666|3000|1500|71.4|71.4|50.0|50.0|99|113",
        "daily_avg_volume": 212.0,
        "capacity": 4500.0,
        "freespeed": 50.0,
        "modes": "car,car_passenger,taxi,truck",
        "isTarget": false,
        "link_1451949_inflow": 21,
        "link_1451949_outflow": 0
      }
    },
    {
      "type": "Feature",
      "geometry": {
        "type": "LineString",
        "coordinates": [
          [
            6.154002993218326,
            46.20321965817373
          ],
          [
            6.153908993210512,
            46.203015658173484
          ]
        ]
      },
      "properties": {
        "angle": -114.73951065365473,
        "per_id_keys": "1286166",
        "per_id_capacities": "1800",
        "per_id_lengths": "23.8",
        "per_id_freespeeds": "50.0",
        "per_id_daily_avgs": "452",
        "per_id_permlanes": "3",
        "per_id_arrows": "\u2190",
        "per_id_directions": "forward",
        "searchable_text": "1286166|1800|23.8|50.0|452",
        "daily_avg_volume": 452.0,
        "capacity": 1800.0,
        "freespeed": 50.0,
        "modes": "bus,car,car_passenger,taxi,truck",
        "isTarget": false,
        "link_1451949_inflow": 0,
        "link_1451949_outflow": 0
      }
    },
    {
      "type": "Feature",
      "geometry": {
        "type": "LineString",
        "coordinates": [
          [
            6.154513993220762,
            46.20310355816451
          ],
          [
            6.1541735932191255,
            46.20318025817068
          ]
        ]
      },
      "properties": {
        "angle": 167.3019938713456,
        "per_id_keys": "494465|494466",
        "per_id_capacities": "4500|3000",
        "per_id_lengths": "27.6|27.6",
        "per_id_freespeeds": "50.0|50.0",
        "per_id_daily_avgs": "154|142",
        "per_id_permlanes": "3|2",
        "per_id_arrows": "\u2192|\u2190",
        "per_id_directions": "reverse|forward",
        "searchable_text": "494465|494466|4500|3000|27.6|27.6|50.0|50.0|154|142",
        "daily_avg_volume": 296.0,
        "capacity": 7500.0,
        "freespeed": 50.0,
        "modes": "car,car_passenger,taxi,truck",
        "isTarget": false,
        "link_1451949_inflow": 119,
        "link_1451949_outflow": 0
      }
    },
    {
      "type": "Feature",
      "geometry": {
        "type": "LineString",
        "coordinates": [
          [
            6.154079193210775,
            46.20296035817022
          ],
          [
            6.1541735932191255,
            46.20318025817068
          ]
        ]
      },
      "properties": {
        "angle": 66.76682588191983,
        "per_id_keys": "654456",
        "per_id_capacities": "1800",
        "per_id_lengths": "25.5",
        "per_id_freespeeds": "50.0",
        "per_id_daily_avgs": "180",
        "per_id_permlanes": "3",
        "per_id_arrows": "\u2192",
        "per_id_directions": "forward",
        "searchable_text": "654456|1800|25.5|50.0|180",
        "daily_avg_volume": 180.0,
        "capacity": 1800.0,
        "freespeed": 50.0,
        "modes": "bus,car,car_passenger,pt,taxi,truck",
        "isTarget": false,
        "link_1451949_inflow": 72,
        "link_1451949_outflow": 0
      }
    },
    {
      "type": "Feature",
      "geometry": {
        "type": "LineString",
        "coordinates": [
          [
            6.1530518932135605,
            46.20342865819083
          ],
          [
            6.153668393216691,
            46.20329365817977
          ]
        ]
      },
      "properties": {
        "angle": -12.351560070388604,
        "per_id_keys": "1771774|1771775",
        "per_id_capacities": "3000|3000",
        "per_id_lengths": "49.9|49.9",
        "per_id_freespeeds": "50.0|50.0",
        "per_id_daily_avgs": "573|149",
        "per_id_permlanes": "2|2",
        "per_id_arrows": "\u2192|\u2190",
        "per_id_directions": "forward|reverse",
        "searchable_text": "1771774|1771775|3000|3000|49.9|49.9|50.0|50.0|573|149",
        "daily_avg_volume": 722.0,
        "capacity": 6000.0,
        "freespeed": 50.0,
        "modes": "bus,car,car_passenger,pt,taxi,truck",
        "isTarget": false,
        "link_1451949_inflow": 192,
        "link_1451949_outflow": 0
      }
    },
    {
      "type": "Feature",
      "geometry": {
        "type": "LineString",
        "coordinates": [
          [
            6.155225093224395,
            46.2029490581517
          ],
          [
            6.155387593225304,
            46.202917058148856
          ]
        ]
      },
      "properties": {
        "angle": -11.140319370801114,
        "per_id_keys": "1286173|1286174",
        "per_id_capacities": "3000|3000",
        "per_id_lengths": "13.9|13.9",
        "per_id_freespeeds": "50.0|50.0",
        "per_id_daily_avgs": "99|149",
        "per_id_permlanes": "2|2",
        "per_id_arrows": "\u2192|\u2190",
        "per_id_directions": "forward|reverse",
        "searchable_text": "1286173|1286174|3000|3000|13.9|13.9|50.0|50.0|99|149",
        "daily_avg_volume": 248.0,
        "capacity": 6000.0,
        "freespeed": 50.0,
        "modes": "car,car_passenger,taxi,truck",
        "isTarget": false,
        "link_1451949_inflow": 119,
        "link_1451949_outflow": 0
      }
    },
    {
      "type": "Feature",
      "geometry": {
        "type": "LineString",
        "coordinates": [
          [
            6.155310893217704,
            46.20271385814829
          ],
          [
            6.155387593225304,
            46.202917058148856
          ]
        ]
      },
      "properties": {
        "angle": 69.32045090247186,
        "per_id_keys": "1286210",
        "per_id_capacities": "4500",
        "per_id_lengths": "23.4",
        "per_id_freespeeds": "50.0",
        "per_id_daily_avgs": "18",
        "per_id_permlanes": "3",
        "per_id_arrows": "\u2192",
        "per_id_directions": "forward",
        "searchable_text": "1286210|4500|23.4|50.0|18",
        "daily_avg_volume": 18.0,
        "capacity": 4500.0,
        "freespeed": 50.0,
        "modes": "car,car_passenger,taxi,truck",
        "isTarget": false,
        "link_1451949_inflow": 8,
        "link_1451949_outflow": 0
      }
    },
    {
      "type": "Feature",
      "geometry": {
        "type": "LineString",
        "coordinates": [
          [
            6.155802193227598,
            46.20283195814144
          ],
          [
            6.155387593225304,
            46.202917058148856
          ]
        ]
      },
      "properties": {
        "angle": 168.40068303298997,
        "per_id_keys": "739238|739239",
        "per_id_capacities": "3000|3000",
        "per_id_lengths": "33.4|33.4",
        "per_id_freespeeds": "50.0|50.0",
        "per_id_daily_avgs": "100|140",
        "per_id_permlanes": "2|2",
        "per_id_arrows": "\u2192|\u2190",
        "per_id_directions": "reverse|forward",
        "searchable_text": "739238|739239|3000|3000|33.4|33.4|50.0|50.0|100|140",
        "daily_avg_volume": 240.0,
        "capacity": 6000.0,
        "freespeed": 50.0,
        "modes": "car,car_passenger,taxi,truck",
        "isTarget": false,
        "link_1451949_inflow": 110,
        "link_1451949_outflow": 0
      }
    },
    {
      "type": "Feature",
      "geometry": {
        "type": "LineString",
        "coordinates": [
          [
            6.155225093224395,
            46.2029490581517
          ],
          [
            6.155126293217125,
            46.20276435815171
          ]
        ]
      },
      "properties": {
        "angle": -118.14328576459893,
        "per_id_keys": "45290",
        "per_id_capacities": "4500",
        "per_id_lengths": "21.9",
        "per_id_freespeeds": "50.0",
        "per_id_daily_avgs": "67",
        "per_id_permlanes": "3",
        "per_id_arrows": "\u2190",
        "per_id_directions": "forward",
        "searchable_text": "45290|4500|21.9|50.0|67",
        "daily_avg_volume": 67.0,
        "capacity": 4500.0,
        "freespeed": 50.0,
        "modes": "car,car_passenger,taxi,truck",
        "isTarget": false,
        "link_1451949_inflow": 0,
        "link_1451949_outflow": 0
      }
    },
    {
      "type": "Feature",
      "geometry": {
        "type": "LineString",
        "coordinates": [
          [
            6.155225093224395,
            46.2029490581517
          ],
          [
            6.1548980932226645,
            46.203018958157614
          ]
        ]
      },
      "properties": {
        "angle": 167.93396348061654,
        "per_id_keys": "492842|492843",
        "per_id_capacities": "4500|3000",
        "per_id_lengths": "26.4|26.4",
        "per_id_freespeeds": "50.0|50.0",
        "per_id_daily_avgs": "162|150",
        "per_id_permlanes": "3|2",
        "per_id_arrows": "\u2192|\u2190",
        "per_id_directions": "reverse|forward",
        "searchable_text": "492842|492843|4500|3000|26.4|26.4|50.0|50.0|162|150",
        "daily_avg_volume": 312.0,
        "capacity": 7500.0,
        "freespeed": 50.0,
        "modes": "car,car_passenger,taxi,truck",
        "isTarget": false,
        "link_1451949_inflow": 119,
        "link_1451949_outflow": 0
      }
    },
    {
      "type": "Feature",
      "geometry": {
        "type": "LineString",
        "coordinates": [
          [
            6.154513993220762,
            46.20310355816451
          ],
          [
            6.1548980932226645,
            46.203018958157614
          ]
        ]
      },
      "properties": {
        "angle": -12.421362381097822,
        "per_id_keys": "1286175|1286176",
        "per_id_capacities": "4500|3000",
        "per_id_lengths": "31.1|31.1",
        "per_id_freespeeds": "50.0|50.0",
        "per_id_daily_avgs": "155|143",
        "per_id_permlanes": "3|2",
        "per_id_arrows": "\u2192|\u2190",
        "per_id_directions": "forward|reverse",
        "searchable_text": "1286175|1286176|4500|3000|31.1|31.1|50.0|50.0|155|143",
        "daily_avg_volume": 298.0,
        "capacity": 7500.0,
        "freespeed": 50.0,
        "modes": "car,car_passenger,taxi,truck",
        "isTarget": false,
        "link_1451949_inflow": 119,
        "link_1451949_outflow": 0
      }
    },
    {
      "type": "Feature",
      "geometry": {
        "type": "LineString",
        "coordinates": [
          [
            6.155415993235516,
            46.203217458151016
          ],
          [
            6.155225093224395,
            46.2029490581517
          ]
        ]
      },
      "properties": {
        "angle": -125.4224126100122,
        "per_id_keys": "783077",
        "per_id_capacities": "1000",
        "per_id_lengths": "33.5",
        "per_id_freespeeds": "50.0",
        "per_id_daily_avgs": "5",
        "per_id_permlanes": "1",
        "per_id_arrows": "\u2190",
        "per_id_directions": "forward",
        "searchable_text": "783077|1000|33.5|50.0|5",
        "daily_avg_volume": 5.0,
        "capacity": 1000.0,
        "freespeed": 50.0,
        "modes": "car,car_passenger,taxi,truck",
        "isTarget": false,
        "link_1451949_inflow": 0,
        "link_1451949_outflow": 0
      }
    },
    {
      "type": "Feature",
      "geometry": {
        "type": "LineString",
        "coordinates": [
          [
            6.156036693228882,
            46.20278415813723
          ],
          [
            6.155802193227598,
            46.20283195814144
          ]
        ]
      },
      "properties": {
        "angle": 168.47878262095966,
        "per_id_keys": "492840|492841",
        "per_id_capacities": "3000|3000",
        "per_id_lengths": "18.9|18.9",
        "per_id_freespeeds": "50.0|50.0",
        "per_id_daily_avgs": "101|141",
        "per_id_permlanes": "2|2",
        "per_id_arrows": "\u2192|\u2190",
        "per_id_directions": "reverse|forward",
        "searchable_text": "492840|492841|3000|3000|18.9|18.9|50.0|50.0|101|141",
        "daily_avg_volume": 242.0,
        "capacity": 6000.0,
        "freespeed": 50.0,
        "modes": "car,car_passenger,taxi,truck",
        "isTarget": false,
        "link_1451949_inflow": 110,
        "link_1451949_outflow": 0
      }
    },
    {
      "type": "Feature",
      "geometry": {
        "type": "LineString",
        "coordinates": [
          [
            6.155387593225304,
            46.202917058148856
          ],
          [
            6.155415993235516,
            46.203217458151016
          ]
        ]
      },
      "properties": {
        "angle": 84.59927227797178,
        "per_id_keys": "783072",
        "per_id_capacities": "1000",
        "per_id_lengths": "34.5",
        "per_id_freespeeds": "50.0",
        "per_id_daily_avgs": "8",
        "per_id_permlanes": "1",
        "per_id_arrows": "\u2192",
        "per_id_directions": "forward",
        "searchable_text": "783072|1000|34.5|50.0|8",
        "daily_avg_volume": 8.0,
        "capacity": 1000.0,
        "freespeed": 50.0,
        "modes": "car,car_passenger,taxi,truck",
        "isTarget": false,
        "link_1451949_inflow": 0,
        "link_1451949_outflow": 0
      }
    },
    {
      "type": "Feature",
      "geometry": {
        "type": "LineString",
        "coordinates": [
          [
            6.155275293245847,
            46.20358535815647
          ],
          [
            6.155415993235516,
            46.203217458151016
          ]
        ]
      },
      "properties": {
        "angle": -69.07110416314654,
        "per_id_keys": "1477830|1477831",
        "per_id_capacities": "2000|1000",
        "per_id_lengths": "42.6|42.6",
        "per_id_freespeeds": "50.0|50.0",
        "per_id_daily_avgs": "4|7",
        "per_id_permlanes": "2|1",
        "per_id_arrows": "\u2192|\u2190",
        "per_id_directions": "forward|reverse",
        "searchable_text": "1477830|1477831|2000|1000|42.6|42.6|50.0|50.0|4|7",
        "daily_avg_volume": 11.0,
        "capacity": 3000.0,
        "freespeed": 50.0,
        "modes": "car,car_passenger,taxi,truck",
        "isTarget": false,
        "link_1451949_inflow": 0,
        "link_1451949_outflow": 0
      }
    },
    {
      "type": "Feature",
      "geometry": {
        "type": "LineString",
        "coordinates": [
          [
            6.156667393310173,
            46.205030058146754
          ],
          [
            6.157265993326879,
            46.205317158139636
          ]
        ]
      },
      "properties": {
        "angle": 25.623265245215055,
        "per_id_keys": "1400699|1400700",
        "per_id_capacities": "3000|3000",
        "per_id_lengths": "56.2|56.2",
        "per_id_freespeeds": "50.0|50.0",
        "per_id_daily_avgs": "283|134",
        "per_id_permlanes": "2|2",
        "per_id_arrows": "\u2192|\u2190",
        "per_id_directions": "forward|reverse",
        "searchable_text": "1400699|1400700|3000|3000|56.2|56.2|50.0|50.0|283|134",
        "daily_avg_volume": 417.0,
        "capacity": 6000.0,
        "freespeed": 50.0,
        "modes": "bus,car,car_passenger,pt,taxi,truck",
        "isTarget": false,
        "link_1451949_inflow": 41,
        "link_1451949_outflow": 0
      }
    },
    {
      "type": "Feature",
      "geometry": {
        "type": "LineString",
        "coordinates": [
          [
            6.154526993163148,
            46.20134005814889
          ],
          [
            6.154704293164039,
            46.20130105814567
          ]
        ]
      },
      "properties": {
        "angle": -12.405570015280285,
        "per_id_keys": "1286196",
        "per_id_capacities": "1800",
        "per_id_lengths": "14.4",
        "per_id_freespeeds": "50.0",
        "per_id_daily_avgs": "247",
        "per_id_permlanes": "3",
        "per_id_arrows": "\u2192",
        "per_id_directions": "forward",
        "searchable_text": "1286196|1800|14.4|50.0|247",
        "daily_avg_volume": 247.0,
        "capacity": 1800.0,
        "freespeed": 50.0,
        "modes": "bus,car,car_passenger,pt,taxi,truck",
        "isTarget": false,
        "link_1451949_inflow": 0,
        "link_1451949_outflow": 0
      }
    },
    {
      "type": "Feature",
      "geometry": {
        "type": "LineString",
        "coordinates": [
          [
            6.154615693155969,
            46.20108815814523
          ],
          [
            6.154704293164039,
            46.20130105814567
          ]
        ]
      },
      "properties": {
        "angle": 67.40497963234273,
        "per_id_keys": "45221",
        "per_id_capacities": "4500",
        "per_id_lengths": "24.6",
        "per_id_freespeeds": "50.0",
        "per_id_daily_avgs": "88",
        "per_id_permlanes": "3",
        "per_id_arrows": "\u2192",
        "per_id_directions": "forward",
        "searchable_text": "45221|4500|24.6|50.0|88",
        "daily_avg_volume": 88.0,
        "capacity": 4500.0,
        "freespeed": 50.0,
        "modes": "car,car_passenger,taxi,truck",
        "isTarget": false,
        "link_1451949_inflow": 5,
        "link_1451949_outflow": 0
      }
    },
    {
      "type": "Feature",
      "geometry": {
        "type": "LineString",
        "coordinates": [
          [
            6.154526993163148,
            46.20134005814889
          ],
          [
            6.1540132931293945,
            46.20050125814979
          ]
        ]
      },
      "properties": {
        "angle": -121.48424227319968,
        "per_id_keys": "1286199",
        "per_id_capacities": "3000",
        "per_id_lengths": "103.8",
        "per_id_freespeeds": "50.0",
        "per_id_daily_avgs": "61",
        "per_id_permlanes": "2",
        "per_id_arrows": "\u2190",
        "per_id_directions": "forward",
        "searchable_text": "1286199|3000|103.8|50.0|61",
        "daily_avg_volume": 61.0,
        "capacity": 3000.0,
        "freespeed": 50.0,
        "modes": "car,car_passenger,taxi,truck",
        "isTarget": false,
        "link_1451949_inflow": 0,
        "link_1451949_outflow": 0
      }
    },
    {
      "type": "Feature",
      "geometry": {
        "type": "LineString",
        "coordinates": [
          [
            6.15414519312785,
            46.20040495814685
          ],
          [
            6.1540132931293945,
            46.20050125814979
          ]
        ]
      },
      "properties": {
        "angle": 143.86687097990645,
        "per_id_keys": "477691|477692",
        "per_id_capacities": "600|600",
        "per_id_lengths": "14.8|14.8",
        "per_id_freespeeds": "15.0|15.0",
        "per_id_daily_avgs": "1|0",
        "per_id_permlanes": "1|1",
        "per_id_arrows": "\u2192|\u2190",
        "per_id_directions": "reverse|forward",
        "searchable_text": "477691|477692|600|600|14.8|14.8|15.0|15.0|1|0",
        "daily_avg_volume": 1.0,
        "capacity": 1200.0,
        "freespeed": 15.000000000000002,
        "modes": "car,car_passenger,taxi,truck",
        "isTarget": false,
        "link_1451949_inflow": 0,
        "link_1451949_outflow": 0
      }
    },
    {
      "type": "Feature",
      "geometry": {
        "type": "LineString",
        "coordinates": [
          [
            6.153650293132908,
            46.200743158157735
          ],
          [
            6.1540132931293945,
            46.20050125814979
          ]
        ]
      },
      "properties": {
        "angle": -33.67913990282051,
        "per_id_keys": "477697",
        "per_id_capacities": "600",
        "per_id_lengths": "38.8",
        "per_id_freespeeds": "15.0",
        "per_id_daily_avgs": "1",
        "per_id_permlanes": "1",
        "per_id_arrows": "\u2192",
        "per_id_directions": "forward",
        "searchable_text": "477697|600|38.8|15.0|1",
        "daily_avg_volume": 1.0,
        "capacity": 600.0,
        "freespeed": 15.000000000000002,
        "modes": "car,car_passenger,taxi,truck",
        "isTarget": false,
        "link_1451949_inflow": 0,
        "link_1451949_outflow": 0
      }
    },
    {
      "type": "Feature",
      "geometry": {
        "type": "LineString",
        "coordinates": [
          [
            6.157375493231635,
            46.20236955811212
          ],
          [
            6.158142593259051,
            46.202920858104626
          ]
        ]
      },
      "properties": {
        "angle": 35.704073611781496,
        "per_id_keys": "523844",
        "per_id_capacities": "600",
        "per_id_lengths": "85.3",
        "per_id_freespeeds": "30.0",
        "per_id_daily_avgs": "6",
        "per_id_permlanes": "1",
        "per_id_arrows": "\u2192",
        "per_id_directions": "forward",
        "searchable_text": "523844|600|85.3|30.0|6",
        "daily_avg_volume": 6.0,
        "capacity": 600.0,
        "freespeed": 30.000000000000004,
        "modes": "car,car_passenger,taxi,truck",
        "isTarget": false,
        "link_1451949_inflow": 0,
        "link_1451949_outflow": 0
      }
    },
    {
      "type": "Feature",
      "geometry": {
        "type": "LineString",
        "coordinates": [
          [
            6.15843849325259,
            46.202613358097175
          ],
          [
            6.158142593259051,
            46.202920858104626
          ]
        ]
      },
      "properties": {
        "angle": 133.89865764220897,
        "per_id_keys": "523853|523854",
        "per_id_capacities": "600|600",
        "per_id_lengths": "41.1|41.1",
        "per_id_freespeeds": "30.0|30.0",
        "per_id_daily_avgs": "5|1",
        "per_id_permlanes": "1|1",
        "per_id_arrows": "\u2192|\u2190",
        "per_id_directions": "reverse|forward",
        "searchable_text": "523853|523854|600|600|41.1|41.1|30.0|30.0|5|1",
        "daily_avg_volume": 6.0,
        "capacity": 1200.0,
        "freespeed": 30.000000000000004,
        "modes": "car,car_passenger,taxi,truck",
        "isTarget": false,
        "link_1451949_inflow": 0,
        "link_1451949_outflow": 0
      }
    },
    {
      "type": "Feature",
      "geometry": {
        "type": "LineString",
        "coordinates": [
          [
            6.1578409932653075,
            46.20322405811209
          ],
          [
            6.158142593259051,
            46.202920858104626
          ]
        ]
      },
      "properties": {
        "angle": -45.15157708234933,
        "per_id_keys": "56927|56928",
        "per_id_capacities": "600|600",
        "per_id_lengths": "41.0|41.0",
        "per_id_freespeeds": "30.0|30.0",
        "per_id_daily_avgs": "0|2",
        "per_id_permlanes": "1|1",
        "per_id_arrows": "\u2192|\u2190",
        "per_id_directions": "forward|reverse",
        "searchable_text": "56927|56928|600|600|41.0|41.0|30.0|30.0|0|2",
        "daily_avg_volume": 2.0,
        "capacity": 1200.0,
        "freespeed": 30.000000000000004,
        "modes": "car,car_passenger,taxi,truck",
        "isTarget": false,
        "link_1451949_inflow": 0,
        "link_1451949_outflow": 0
      }
    },
    {
      "type": "Feature",
      "geometry": {
        "type": "LineString",
        "coordinates": [
          [
            6.158960493281713,
            46.203307758094866
          ],
          [
            6.158142593259051,
            46.202920858104626
          ]
        ]
      },
      "properties": {
        "angle": -154.6839457076845,
        "per_id_keys": "56937",
        "per_id_capacities": "600",
        "per_id_lengths": "76.4",
        "per_id_freespeeds": "30.0",
        "per_id_daily_avgs": "0",
        "per_id_permlanes": "1",
        "per_id_arrows": "\u2190",
        "per_id_directions": "forward",
        "searchable_text": "56937|600|76.4|30.0|0",
        "daily_avg_volume": 0.0,
        "capacity": 600.0,
        "freespeed": 30.000000000000004,
        "modes": "car,car_passenger,taxi,truck",
        "isTarget": false,
        "link_1451949_inflow": 0,
        "link_1451949_outflow": 0
      }
    },
    {
      "type": "Feature",
      "geometry": {
        "type": "LineString",
        "coordinates": [
          [
            6.154751393168266,
            46.2014117581459
          ],
          [
            6.154893493181049,
            46.20174945814657
          ]
        ]
      },
      "properties": {
        "angle": 67.17923976144668,
        "per_id_keys": "1286213",
        "per_id_capacities": "4500",
        "per_id_lengths": "39.1",
        "per_id_freespeeds": "50.0",
        "per_id_daily_avgs": "228",
        "per_id_permlanes": "3",
        "per_id_arrows": "\u2192",
        "per_id_directions": "forward",
        "searchable_text": "1286213|4500|39.1|50.0|228",
        "daily_avg_volume": 228.0,
        "capacity": 4500.0,
        "freespeed": 50.0,
        "modes": "bus,car,car_passenger,pt,taxi,truck",
        "isTarget": false,
        "link_1451949_inflow": 13,
        "link_1451949_outflow": 0
      }
    },
    {
      "type": "Feature",
      "geometry": {
        "type": "LineString",
        "coordinates": [
          [
            6.154751393168266,
            46.2014117581459
          ],
          [
            6.154568793167243,
            46.201449158149146
          ]
        ]
      },
      "properties": {
        "angle": 168.42481026886563,
        "per_id_keys": "822957",
        "per_id_capacities": "600",
        "per_id_lengths": "14.7",
        "per_id_freespeeds": "50.0",
        "per_id_daily_avgs": "141",
        "per_id_permlanes": "1",
        "per_id_arrows": "\u2190",
        "per_id_directions": "forward",
        "searchable_text": "822957|600|14.7|50.0|141",
        "daily_avg_volume": 141.0,
        "capacity": 600.0,
        "freespeed": 50.0,
        "modes": "bus,car,car_passenger,pt,taxi,truck",
        "isTarget": false,
        "link_1451949_inflow": 8,
        "link_1451949_outflow": 0
      }
    },
    {
      "type": "Feature",
      "geometry": {
        "type": "LineString",
        "coordinates": [
          [
            6.154681093177541,
            46.20172185814973
          ],
          [
            6.154568793167243,
            46.201449158149146
          ]
        ]
      },
      "properties": {
        "angle": -112.38225031407741,
        "per_id_keys": "45209",
        "per_id_capacities": "4500",
        "per_id_lengths": "31.6",
        "per_id_freespeeds": "50.0",
        "per_id_daily_avgs": "66",
        "per_id_permlanes": "3",
        "per_id_arrows": "\u2190",
        "per_id_directions": "forward",
        "searchable_text": "45209|4500|31.6|50.0|66",
        "daily_avg_volume": 66.0,
        "capacity": 4500.0,
        "freespeed": 50.0,
        "modes": "car,car_passenger,taxi,truck",
        "isTarget": false,
        "link_1451949_inflow": 0,
        "link_1451949_outflow": 0
      }
    },
    {
      "type": "Feature",
      "geometry": {
        "type": "LineString",
        "coordinates": [
          [
            6.154822293190072,
            46.20205145815034
          ],
          [
            6.154681093177541,
            46.20172185814973
          ]
        ]
      },
      "properties": {
        "angle": -113.19019978898544,
        "per_id_keys": "1286214",
        "per_id_capacities": "4500",
        "per_id_lengths": "38.2",
        "per_id_freespeeds": "50.0",
        "per_id_daily_avgs": "66",
        "per_id_permlanes": "3",
        "per_id_arrows": "\u2190",
        "per_id_directions": "forward",
        "searchable_text": "1286214|4500|38.2|50.0|66",
        "daily_avg_volume": 66.0,
        "capacity": 4500.0,
        "freespeed": 50.0,
        "modes": "car,car_passenger,taxi,truck",
        "isTarget": false,
        "link_1451949_inflow": 0,
        "link_1451949_outflow": 0
      }
    },
    {
      "type": "Feature",
      "geometry": {
        "type": "LineString",
        "coordinates": [
          [
            6.1504657931918265,
            46.20372795823502
          ],
          [
            6.150512693196177,
            46.20384315823529
          ]
        ]
      },
      "properties": {
        "angle": 67.84787242724647,
        "per_id_keys": "1288791",
        "per_id_capacities": "1200",
        "per_id_lengths": "13.9",
        "per_id_freespeeds": "50.0",
        "per_id_daily_avgs": "420",
        "per_id_permlanes": "2",
        "per_id_arrows": "\u2192",
        "per_id_directions": "forward",
        "searchable_text": "1288791|1200|13.9|50.0|420",
        "daily_avg_volume": 420.0,
        "capacity": 1200.0,
        "freespeed": 50.0,
        "modes": "bus,car,car_passenger,pt,taxi,truck",
        "isTarget": false,
        "link_1451949_inflow": 418,
        "link_1451949_outflow": 0
      }
    },
    {
      "type": "Feature",
      "geometry": {
        "type": "LineString",
        "coordinates": [
          [
            6.152141393152406,
            46.201900458192156
          ],
          [
            6.152148393152974,
            46.2019153581921
          ]
        ]
      },
      "properties": {
        "angle": 64.83592315979138,
        "per_id_keys": "1288887",
        "per_id_capacities": "600",
        "per_id_lengths": "6.9",
        "per_id_freespeeds": "25.0",
        "per_id_daily_avgs": "210",
        "per_id_permlanes": "1",
        "per_id_arrows": "\u2192",
        "per_id_directions": "forward",
        "searchable_text": "1288887|600|6.9|25.0|210",
        "daily_avg_volume": 210.0,
        "capacity": 600.0,
        "freespeed": 25.0,
        "modes": "bus,car,car_passenger,pt,taxi,truck",
        "isTarget": false,
        "link_1451949_inflow": 53,
        "link_1451949_outflow": 0
      }
    },
    {
      "type": "Feature",
      "geometry": {
        "type": "LineString",
        "coordinates": [
          [
            6.152134293151822,
            46.20188555819208
          ],
          [
            6.152141393152406,
            46.201900458192156
          ]
        ]
      },
      "properties": {
        "angle": 64.52172855755676,
        "per_id_keys": "1288873",
        "per_id_capacities": "600",
        "per_id_lengths": "6.9",
        "per_id_freespeeds": "25.0",
        "per_id_daily_avgs": "210",
        "per_id_permlanes": "1",
        "per_id_arrows": "\u2192",
        "per_id_directions": "forward",
        "searchable_text": "1288873|600|6.9|25.0|210",
        "daily_avg_volume": 210.0,
        "capacity": 600.0,
        "freespeed": 25.0,
        "modes": "bus,car,car_passenger,pt,taxi,truck",
        "isTarget": false,
        "link_1451949_inflow": 53,
        "link_1451949_outflow": 0
      }
    },
    {
      "type": "Feature",
      "geometry": {
        "type": "LineString",
        "coordinates": [
          [
            6.152109993149838,
            46.201833958192054
          ],
          [
            6.152134293151822,
            46.20188555819208
          ]
        ]
      },
      "properties": {
        "angle": 64.78283431180971,
        "per_id_keys": "1288872",
        "per_id_capacities": "600",
        "per_id_lengths": "6.9",
        "per_id_freespeeds": "25.0",
        "per_id_daily_avgs": "210",
        "per_id_permlanes": "1",
        "per_id_arrows": "\u2192",
        "per_id_directions": "forward",
        "searchable_text": "1288872|600|6.9|25.0|210",
        "daily_avg_volume": 210.0,
        "capacity": 600.0,
        "freespeed": 25.0,
        "modes": "bus,car,car_passenger,pt,taxi,truck",
        "isTarget": false,
        "link_1451949_inflow": 53,
        "link_1451949_outflow": 0
      }
    },
    {
      "type": "Feature",
      "geometry": {
        "type": "LineString",
        "coordinates": [
          [
            6.152109993149838,
            46.201833958192054
          ],
          [
            6.152562293152269,
            46.20173965818394
          ]
        ]
      },
      "properties": {
        "angle": -11.776889255694593,
        "per_id_keys": "1288874",
        "per_id_capacities": "600",
        "per_id_lengths": "36.5",
        "per_id_freespeeds": "15.0",
        "per_id_daily_avgs": "382",
        "per_id_permlanes": "1",
        "per_id_arrows": "\u2192",
        "per_id_directions": "forward",
        "searchable_text": "1288874|600|36.5|15.0|382",
        "daily_avg_volume": 382.0,
        "capacity": 600.0,
        "freespeed": 15.000000000000002,
        "modes": "bus,car,car_passenger,pt,taxi,truck",
        "isTarget": false,
        "link_1451949_inflow": 0,
        "link_1451949_outflow": 0
      }
    },
    {
      "type": "Feature",
      "geometry": {
        "type": "LineString",
        "coordinates": [
          [
            6.15232059312264,
            46.20092475818068
          ],
          [
            6.15243169312153,
            46.200850358178286
          ]
        ]
      },
      "properties": {
        "angle": -33.80891472872176,
        "per_id_keys": "1288875|1288876",
        "per_id_capacities": "1200|600",
        "per_id_lengths": "13.9|13.9",
        "per_id_freespeeds": "50.0|50.0",
        "per_id_daily_avgs": "86|212",
        "per_id_permlanes": "2|1",
        "per_id_arrows": "\u2192|\u2190",
        "per_id_directions": "forward|reverse",
        "searchable_text": "1288875|1288876|1200|600|13.9|13.9|50.0|50.0|86|212",
        "daily_avg_volume": 298.0,
        "capacity": 1800.0,
        "freespeed": 50.0,
        "modes": "bus,car,car_passenger,pt,taxi,truck",
        "isTarget": false,
        "link_1451949_inflow": 53,
        "link_1451949_outflow": 0
      }
    },
    {
      "type": "Feature",
      "geometry": {
        "type": "LineString",
        "coordinates": [
          [
            6.152692993118841,
            46.200670458172496
          ],
          [
            6.15243169312153,
            46.200850358178286
          ]
        ]
      },
      "properties": {
        "angle": 145.45333884604477,
        "per_id_keys": "1505063|1505064",
        "per_id_capacities": "1200|600",
        "per_id_lengths": "28.4|28.4",
        "per_id_freespeeds": "50.0|50.0",
        "per_id_daily_avgs": "83|212",
        "per_id_permlanes": "2|1",
        "per_id_arrows": "\u2192|\u2190",
        "per_id_directions": "reverse|forward",
        "searchable_text": "1505063|1505064|1200|600|28.4|28.4|50.0|50.0|83|212",
        "daily_avg_volume": 295.0,
        "capacity": 1800.0,
        "freespeed": 50.0,
        "modes": "bus,car,car_passenger,pt,taxi,truck",
        "isTarget": false,
        "link_1451949_inflow": 53,
        "link_1451949_outflow": 0
      }
    },
    {
      "type": "Feature",
      "geometry": {
        "type": "LineString",
        "coordinates": [
          [
            6.15232059312264,
            46.20092475818068
          ],
          [
            6.152265493123147,
            46.20096165818188
          ]
        ]
      },
      "properties": {
        "angle": 146.1901160293026,
        "per_id_keys": "1288879|1288880",
        "per_id_capacities": "1200|600",
        "per_id_lengths": "13.9|13.9",
        "per_id_freespeeds": "50.0|50.0",
        "per_id_daily_avgs": "86|212",
        "per_id_permlanes": "2|1",
        "per_id_arrows": "\u2192|\u2190",
        "per_id_directions": "reverse|forward",
        "searchable_text": "1288879|1288880|1200|600|13.9|13.9|50.0|50.0|86|212",
        "daily_avg_volume": 298.0,
        "capacity": 1800.0,
        "freespeed": 50.0,
        "modes": "bus,car,car_passenger,pt,taxi,truck",
        "isTarget": false,
        "link_1451949_inflow": 53,
        "link_1451949_outflow": 0
      }
    },
    {
      "type": "Feature",
      "geometry": {
        "type": "LineString",
        "coordinates": [
          [
            6.151994293125791,
            46.20114325818787
          ],
          [
            6.152265493123147,
            46.20096165818188
          ]
        ]
      },
      "properties": {
        "angle": -33.806919167683134,
        "per_id_keys": "1288877|1288878",
        "per_id_capacities": "1200|600",
        "per_id_lengths": "29.1|29.1",
        "per_id_freespeeds": "50.0|50.0",
        "per_id_daily_avgs": "86|212",
        "per_id_permlanes": "2|1",
        "per_id_arrows": "\u2192|\u2190",
        "per_id_directions": "forward|reverse",
        "searchable_text": "1288877|1288878|1200|600|29.1|29.1|50.0|50.0|86|212",
        "daily_avg_volume": 298.0,
        "capacity": 1800.0,
        "freespeed": 50.0,
        "modes": "bus,car,car_passenger,pt,taxi,truck",
        "isTarget": false,
        "link_1451949_inflow": 53,
        "link_1451949_outflow": 0
      }
    },
    {
      "type": "Feature",
      "geometry": {
        "type": "LineString",
        "coordinates": [
          [
            6.152762893121175,
            46.200715558171744
          ],
          [
            6.152692993118841,
            46.200670458172496
          ]
        ]
      },
      "properties": {
        "angle": -147.1695925342853,
        "per_id_keys": "477701|477702",
        "per_id_capacities": "1200|1200",
        "per_id_lengths": "13.9|13.9",
        "per_id_freespeeds": "50.0|50.0",
        "per_id_daily_avgs": "204|27",
        "per_id_permlanes": "2|2",
        "per_id_arrows": "\u2190|\u2192",
        "per_id_directions": "forward|reverse",
        "searchable_text": "477701|477702|1200|1200|13.9|13.9|50.0|50.0|204|27",
        "daily_avg_volume": 231.0,
        "capacity": 2400.0,
        "freespeed": 50.0,
        "modes": "bus,car,car_passenger,pt,taxi,truck",
        "isTarget": false,
        "link_1451949_inflow": 0,
        "link_1451949_outflow": 0
      }
    },
    {
      "type": "Feature",
      "geometry": {
        "type": "LineString",
        "coordinates": [
          [
            6.152477493111401,
            46.20052305817469
          ],
          [
            6.152692993118841,
            46.200670458172496
          ]
        ]
      },
      "properties": {
        "angle": 34.37176433733492,
        "per_id_keys": "276547|276548",
        "per_id_capacities": "2000|3000",
        "per_id_lengths": "23.3|23.3",
        "per_id_freespeeds": "50.0|50.0",
        "per_id_daily_avgs": "191|142",
        "per_id_permlanes": "2|3",
        "per_id_arrows": "\u2190|\u2192",
        "per_id_directions": "reverse|forward",
        "searchable_text": "276547|276548|2000|3000|23.3|23.3|50.0|50.0|191|142",
        "daily_avg_volume": 333.0,
        "capacity": 5000.0,
        "freespeed": 50.0,
        "modes": "bus,car,car_passenger,pt,taxi,truck",
        "isTarget": false,
        "link_1451949_inflow": 35,
        "link_1451949_outflow": 0
      }
    },
    {
      "type": "Feature",
      "geometry": {
        "type": "LineString",
        "coordinates": [
          [
            6.152909893116547,
            46.2005195581677
          ],
          [
            6.152692993118841,
            46.200670458172496
          ]
        ]
      },
      "properties": {
        "angle": 145.17318787575223,
        "per_id_keys": "477707|477708",
        "per_id_capacities": "2000|1000",
        "per_id_lengths": "23.7|23.7",
        "per_id_freespeeds": "50.0|50.0",
        "per_id_daily_avgs": "86|85",
        "per_id_permlanes": "2|1",
        "per_id_arrows": "\u2190|\u2192",
        "per_id_directions": "forward|reverse",
        "searchable_text": "477707|477708|2000|1000|23.7|23.7|50.0|50.0|86|85",
        "daily_avg_volume": 171.0,
        "capacity": 3000.0,
        "freespeed": 50.0,
        "modes": "bus,car,car_passenger,pt,taxi,truck",
        "isTarget": false,
        "link_1451949_inflow": 17,
        "link_1451949_outflow": 0
      }
    },
    {
      "type": "Feature",
      "geometry": {
        "type": "LineString",
        "coordinates": [
          [
            6.15243169312153,
            46.200850358178286
          ],
          [
            6.152477493111401,
            46.20052305817469
          ]
        ]
      },
      "properties": {
        "angle": -82.03416866172942,
        "per_id_keys": "563719",
        "per_id_capacities": "600",
        "per_id_lengths": "39.2",
        "per_id_freespeeds": "50.0",
        "per_id_daily_avgs": "3",
        "per_id_permlanes": "1",
        "per_id_arrows": "\u2192",
        "per_id_directions": "forward",
        "searchable_text": "563719|600|39.2|50.0|3",
        "daily_avg_volume": 3.0,
        "capacity": 600.0,
        "freespeed": 50.0,
        "modes": "car,car_passenger,taxi,truck",
        "isTarget": false,
        "link_1451949_inflow": 0,
        "link_1451949_outflow": 0
      }
    },
    {
      "type": "Feature",
      "geometry": {
        "type": "LineString",
        "coordinates": [
          [
            6.152301493105303,
            46.200402558176464
          ],
          [
            6.152477493111401,
            46.20052305817469
          ]
        ]
      },
      "properties": {
        "angle": 34.39784542450098,
        "per_id_keys": "529315|529316",
        "per_id_capacities": "2000|3000",
        "per_id_lengths": "19.1|19.1",
        "per_id_freespeeds": "50.0|50.0",
        "per_id_daily_avgs": "193|141",
        "per_id_permlanes": "2|3",
        "per_id_arrows": "\u2190|\u2192",
        "per_id_directions": "reverse|forward",
        "searchable_text": "529315|529316|2000|3000|19.1|19.1|50.0|50.0|193|141",
        "daily_avg_volume": 334.0,
        "capacity": 5000.0,
        "freespeed": 50.0,
        "modes": "bus,car,car_passenger,pt,taxi,truck",
        "isTarget": false,
        "link_1451949_inflow": 35,
        "link_1451949_outflow": 0
      }
    },
    {
      "type": "Feature",
      "geometry": {
        "type": "LineString",
        "coordinates": [
          [
            6.155190593207286,
            46.20243975814787
          ],
          [
            6.15523289321093,
            46.20253535814798
          ]
        ]
      },
      "properties": {
        "angle": 66.13211172729314,
        "per_id_keys": "1916343",
        "per_id_capacities": "4500",
        "per_id_lengths": "13.9",
        "per_id_freespeeds": "50.0",
        "per_id_daily_avgs": "228",
        "per_id_permlanes": "3",
        "per_id_arrows": "\u2192",
        "per_id_directions": "forward",
        "searchable_text": "1916343|4500|13.9|50.0|228",
        "daily_avg_volume": 228.0,
        "capacity": 4500.0,
        "freespeed": 50.0,
        "modes": "bus,car,car_passenger,pt,taxi,truck",
        "isTarget": false,
        "link_1451949_inflow": 14,
        "link_1451949_outflow": 0
      }
    },
    {
      "type": "Feature",
      "geometry": {
        "type": "LineString",
        "coordinates": [
          [
            6.155043393209808,
            46.202572158151355
          ],
          [
            6.154822293190072,
            46.20205145815034
          ]
        ]
      },
      "properties": {
        "angle": -113.00708399164094,
        "per_id_keys": "45208",
        "per_id_capacities": "4500",
        "per_id_lengths": "60.3",
        "per_id_freespeeds": "50.0",
        "per_id_daily_avgs": "66",
        "per_id_permlanes": "3",
        "per_id_arrows": "\u2190",
        "per_id_directions": "forward",
        "searchable_text": "45208|4500|60.3|50.0|66",
        "daily_avg_volume": 66.0,
        "capacity": 4500.0,
        "freespeed": 50.0,
        "modes": "car,car_passenger,taxi,truck",
        "isTarget": false,
        "link_1451949_inflow": 0,
        "link_1451949_outflow": 0
      }
    },
    {
      "type": "Feature",
      "geometry": {
        "type": "LineString",
        "coordinates": [
          [
            6.152864693124835,
            46.20078895817077
          ],
          [
            6.152762893121175,
            46.200715558171744
          ]
        ]
      },
      "properties": {
        "angle": -144.2075829669925,
        "per_id_keys": "1288885|1288886",
        "per_id_capacities": "1200|1200",
        "per_id_lengths": "13.9|13.9",
        "per_id_freespeeds": "50.0|50.0",
        "per_id_daily_avgs": "203|26",
        "per_id_permlanes": "2|2",
        "per_id_arrows": "\u2190|\u2192",
        "per_id_directions": "forward|reverse",
        "searchable_text": "1288885|1288886|1200|1200|13.9|13.9|50.0|50.0|203|26",
        "daily_avg_volume": 229.0,
        "capacity": 2400.0,
        "freespeed": 50.0,
        "modes": "bus,car,car_passenger,pt,taxi,truck",
        "isTarget": false,
        "link_1451949_inflow": 0,
        "link_1451949_outflow": 0
      }
    },
    {
      "type": "Feature",
      "geometry": {
        "type": "LineString",
        "coordinates": [
          [
            6.152864693124835,
            46.20078895817077
          ],
          [
            6.153089593132847,
            46.20095025816859
          ]
        ]
      },
      "properties": {
        "angle": 35.64837885185753,
        "per_id_keys": "1399895|1399896",
        "per_id_capacities": "1200|1200",
        "per_id_lengths": "25.0|25.0",
        "per_id_freespeeds": "50.0|50.0",
        "per_id_daily_avgs": "203|26",
        "per_id_permlanes": "2|2",
        "per_id_arrows": "\u2190|\u2192",
        "per_id_directions": "reverse|forward",
        "searchable_text": "1399895|1399896|1200|1200|25.0|25.0|50.0|50.0|203|26",
        "daily_avg_volume": 229.0,
        "capacity": 2400.0,
        "freespeed": 50.0,
        "modes": "bus,car,car_passenger,pt,taxi,truck",
        "isTarget": false,
        "link_1451949_inflow": 0,
        "link_1451949_outflow": 0
      }
    },
    {
      "type": "Feature",
      "geometry": {
        "type": "LineString",
        "coordinates": [
          [
            6.152148393152974,
            46.2019153581921
          ],
          [
            6.1521959931574886,
            46.20203505819244
          ]
        ]
      },
      "properties": {
        "angle": 68.31422079581499,
        "per_id_keys": "1288888",
        "per_id_capacities": "600",
        "per_id_lengths": "13.8",
        "per_id_freespeeds": "25.0",
        "per_id_daily_avgs": "210",
        "per_id_permlanes": "1",
        "per_id_arrows": "\u2192",
        "per_id_directions": "forward",
        "searchable_text": "1288888|600|13.8|25.0|210",
        "daily_avg_volume": 210.0,
        "capacity": 600.0,
        "freespeed": 25.0,
        "modes": "bus,car,car_passenger,pt,taxi,truck",
        "isTarget": false,
        "link_1451949_inflow": 53,
        "link_1451949_outflow": 0
      }
    },
    {
      "type": "Feature",
      "geometry": {
        "type": "LineString",
        "coordinates": [
          [
            6.153259093165057,
            46.20186985817391
          ],
          [
            6.1521959931574886,
            46.20203505819244
          ]
        ]
      },
      "properties": {
        "angle": 171.16718890211033,
        "per_id_keys": "177994",
        "per_id_capacities": "600",
        "per_id_lengths": "91.5",
        "per_id_freespeeds": "15.0",
        "per_id_daily_avgs": "9",
        "per_id_permlanes": "1",
        "per_id_arrows": "\u2190",
        "per_id_directions": "forward",
        "searchable_text": "177994|600|91.5|15.0|9",
        "daily_avg_volume": 9.0,
        "capacity": 600.0,
        "freespeed": 15.000000000000002,
        "modes": "bus,car,car_passenger,pt,taxi,truck",
        "isTarget": false,
        "link_1451949_inflow": 2,
        "link_1451949_outflow": 0
      }
    },
    {
      "type": "Feature",
      "geometry": {
        "type": "LineString",
        "coordinates": [
          [
            6.157010293103619,
            46.19859785808495
          ],
          [
            6.15685569310704,
            46.19875985808894
          ]
        ]
      },
      "properties": {
        "angle": 133.66104861945388,
        "per_id_keys": "1322490",
        "per_id_capacities": "1500",
        "per_id_lengths": "21.9",
        "per_id_freespeeds": "60.0",
        "per_id_daily_avgs": "7",
        "per_id_permlanes": "1",
        "per_id_arrows": "\u2190",
        "per_id_directions": "forward",
        "searchable_text": "1322490|1500|21.9|60.0|7",
        "daily_avg_volume": 7.0,
        "capacity": 1500.0,
        "freespeed": 60.00000000000001,
        "modes": "car,car_passenger,taxi,truck",
        "isTarget": false,
        "link_1451949_inflow": 0,
        "link_1451949_outflow": 0
      }
    },
    {
      "type": "Feature",
      "geometry": {
        "type": "LineString",
        "coordinates": [
          [
            6.1556094932804575,
            46.20451755815931
          ],
          [
            6.155864693287609,
            46.20464065815625
          ]
        ]
      },
      "properties": {
        "angle": 25.751115773273806,
        "per_id_keys": "1342467|1342468",
        "per_id_capacities": "3000|3000",
        "per_id_lengths": "24.0|24.0",
        "per_id_freespeeds": "50.0|50.0",
        "per_id_daily_avgs": "292|133",
        "per_id_permlanes": "2|2",
        "per_id_arrows": "\u2192|\u2190",
        "per_id_directions": "forward|reverse",
        "searchable_text": "1342467|1342468|3000|3000|24.0|24.0|50.0|50.0|292|133",
        "daily_avg_volume": 425.0,
        "capacity": 6000.0,
        "freespeed": 50.0,
        "modes": "bus,car,car_passenger,pt,taxi,truck",
        "isTarget": false,
        "link_1451949_inflow": 41,
        "link_1451949_outflow": 0
      }
    },
    {
      "type": "Feature",
      "geometry": {
        "type": "LineString",
        "coordinates": [
          [
            6.156667393310173,
            46.205030058146754
          ],
          [
            6.155864693287609,
            46.20464065815625
          ]
        ]
      },
      "properties": {
        "angle": -154.12138654546578,
        "per_id_keys": "1400697|1400698",
        "per_id_capacities": "3000|3000",
        "per_id_lengths": "75.6|75.6",
        "per_id_freespeeds": "50.0|50.0",
        "per_id_daily_avgs": "285|134",
        "per_id_permlanes": "2|2",
        "per_id_arrows": "\u2192|\u2190",
        "per_id_directions": "reverse|forward",
        "searchable_text": "1400697|1400698|3000|3000|75.6|75.6|50.0|50.0|285|134",
        "daily_avg_volume": 419.0,
        "capacity": 6000.0,
        "freespeed": 50.0,
        "modes": "bus,car,car_passenger,pt,taxi,truck",
        "isTarget": false,
        "link_1451949_inflow": 41,
        "link_1451949_outflow": 0
      }
    },
    {
      "type": "Feature",
      "geometry": {
        "type": "LineString",
        "coordinates": [
          [
            6.1556094932804575,
            46.20451755815931
          ],
          [
            6.1554135932749565,
            46.2044231581616
          ]
        ]
      },
      "properties": {
        "angle": -154.27158331952347,
        "per_id_keys": "1584187|1584188",
        "per_id_capacities": "3000|3000",
        "per_id_lengths": "18.4|18.4",
        "per_id_freespeeds": "50.0|50.0",
        "per_id_daily_avgs": "292|133",
        "per_id_permlanes": "2|2",
        "per_id_arrows": "\u2192|\u2190",
        "per_id_directions": "reverse|forward",
        "searchable_text": "1584187|1584188|3000|3000|18.4|18.4|50.0|50.0|292|133",
        "daily_avg_volume": 425.0,
        "capacity": 6000.0,
        "freespeed": 50.0,
        "modes": "bus,car,car_passenger,pt,taxi,truck",
        "isTarget": false,
        "link_1451949_inflow": 41,
        "link_1451949_outflow": 0
      }
    },
    {
      "type": "Feature",
      "geometry": {
        "type": "LineString",
        "coordinates": [
          [
            6.155864693287609,
            46.20464065815625
          ],
          [
            6.157059793269251,
            46.20363555812828
          ]
        ]
      },
      "properties": {
        "angle": -40.06442358102683,
        "per_id_keys": "56929",
        "per_id_capacities": "600",
        "per_id_lengths": "145.3",
        "per_id_freespeeds": "30.0",
        "per_id_daily_avgs": "8",
        "per_id_permlanes": "1",
        "per_id_arrows": "\u2192",
        "per_id_directions": "forward",
        "searchable_text": "56929|600|145.3|30.0|8",
        "daily_avg_volume": 8.0,
        "capacity": 600.0,
        "freespeed": 30.000000000000004,
        "modes": "car,car_passenger,taxi,truck",
        "isTarget": false,
        "link_1451949_inflow": 0,
        "link_1451949_outflow": 0
      }
    },
    {
      "type": "Feature",
      "geometry": {
        "type": "LineString",
        "coordinates": [
          [
            6.156042793214379,
            46.20233975813326
          ],
          [
            6.156055093212604,
            46.202280158132545
          ]
        ]
      },
      "properties": {
        "angle": -78.33924551360367,
        "per_id_keys": "1348844",
        "per_id_capacities": "1200",
        "per_id_lengths": "13.9",
        "per_id_freespeeds": "50.0",
        "per_id_daily_avgs": "300",
        "per_id_permlanes": "2",
        "per_id_arrows": "\u2192",
        "per_id_directions": "forward",
        "searchable_text": "1348844|1200|13.9|50.0|300",
        "daily_avg_volume": 300.0,
        "capacity": 1200.0,
        "freespeed": 50.0,
        "modes": "bus,car,car_passenger,pt,taxi,truck",
        "isTarget": false,
        "link_1451949_inflow": 0,
        "link_1451949_outflow": 0
      }
    },
    {
      "type": "Feature",
      "geometry": {
        "type": "LineString",
        "coordinates": [
          [
            6.156079493213889,
            46.202310358132415
          ],
          [
            6.156055093212604,
            46.202280158132545
          ]
        ]
      },
      "properties": {
        "angle": -128.93637622759076,
        "per_id_keys": "205416",
        "per_id_capacities": "600",
        "per_id_lengths": "13.9",
        "per_id_freespeeds": "50.0",
        "per_id_daily_avgs": "144",
        "per_id_permlanes": "1",
        "per_id_arrows": "\u2190",
        "per_id_directions": "forward",
        "searchable_text": "205416|600|13.9|50.0|144",
        "daily_avg_volume": 144.0,
        "capacity": 600.0,
        "freespeed": 50.0,
        "modes": "bus,car,car_passenger,pt,taxi,truck",
        "isTarget": false,
        "link_1451949_inflow": 0,
        "link_1451949_outflow": 0
      }
    },
    {
      "type": "Feature",
      "geometry": {
        "type": "LineString",
        "coordinates": [
          [
            6.148128093280169,
            46.20729485830382
          ],
          [
            6.147922293271632,
            46.207110758305475
          ]
        ]
      },
      "properties": {
        "angle": -138.18552866160144,
        "per_id_keys": "960341|960342",
        "per_id_capacities": "4500|3000",
        "per_id_lengths": "25.9|25.9",
        "per_id_freespeeds": "50.0|50.0",
        "per_id_daily_avgs": "166|153",
        "per_id_permlanes": "3|2",
        "per_id_arrows": "\u2192|\u2190",
        "per_id_directions": "reverse|forward",
        "searchable_text": "960341|960342|4500|3000|25.9|25.9|50.0|50.0|166|153",
        "daily_avg_volume": 319.0,
        "capacity": 7500.0,
        "freespeed": 50.0,
        "modes": "car,car_passenger,taxi,truck",
        "isTarget": false,
        "link_1451949_outflow": 80,
        "link_1451949_inflow": 0
      }
    },
    {
      "type": "Feature",
      "geometry": {
        "type": "LineString",
        "coordinates": [
          [
            6.147885793270065,
            46.20707695830576
          ],
          [
            6.147704693263416,
            46.20694095830748
          ]
        ]
      },
      "properties": {
        "angle": -143.09468597847322,
        "per_id_keys": "201033",
        "per_id_capacities": "3000",
        "per_id_lengths": "20.6",
        "per_id_freespeeds": "50.0",
        "per_id_daily_avgs": "154",
        "per_id_permlanes": "2",
        "per_id_arrows": "\u2190",
        "per_id_directions": "forward",
        "searchable_text": "201033|3000|20.6|50.0|154",
        "daily_avg_volume": 154.0,
        "capacity": 3000.0,
        "freespeed": 50.0,
        "modes": "car,car_passenger,taxi,truck",
        "isTarget": false,
        "link_1451949_outflow": 0,
        "link_1451949_inflow": 0
      }
    },
    {
      "type": "Feature",
      "geometry": {
        "type": "LineString",
        "coordinates": [
          [
            6.148318393288064,
            46.207464958302204
          ],
          [
            6.148128093280169,
            46.20729485830382
          ]
        ]
      },
      "properties": {
        "angle": -138.20800664563237,
        "per_id_keys": "937737|937738",
        "per_id_capacities": "4500|3000",
        "per_id_lengths": "23.9|23.9",
        "per_id_freespeeds": "50.0|50.0",
        "per_id_daily_avgs": "166|153",
        "per_id_permlanes": "3|2",
        "per_id_arrows": "\u2192|\u2190",
        "per_id_directions": "reverse|forward",
        "searchable_text": "937737|937738|4500|3000|23.9|23.9|50.0|50.0|166|153",
        "daily_avg_volume": 319.0,
        "capacity": 7500.0,
        "freespeed": 50.0,
        "modes": "car,car_passenger,taxi,truck",
        "isTarget": false,
        "link_1451949_outflow": 80,
        "link_1451949_inflow": 0
      }
    },
    {
      "type": "Feature",
      "geometry": {
        "type": "LineString",
        "coordinates": [
          [
            6.160810493200326,
            46.20013465803738
          ],
          [
            6.161751993205787,
            46.19995085802063
          ]
        ]
      },
      "properties": {
        "angle": -11.046374432335714,
        "per_id_keys": "525947",
        "per_id_capacities": "1200",
        "per_id_lengths": "75.5",
        "per_id_freespeeds": "15.0",
        "per_id_daily_avgs": "5",
        "per_id_permlanes": "2",
        "per_id_arrows": "\u2192",
        "per_id_directions": "forward",
        "searchable_text": "525947|1200|75.5|15.0|5",
        "daily_avg_volume": 5.0,
        "capacity": 1200.0,
        "freespeed": 15.000000000000002,
        "modes": "car,car_passenger,taxi,truck",
        "isTarget": false,
        "link_1451949_inflow": 0,
        "link_1451949_outflow": 0
      }
    },
    {
      "type": "Feature",
      "geometry": {
        "type": "LineString",
        "coordinates": [
          [
            6.153799793182389,
            46.20219835816805
          ],
          [
            6.153956793196298,
            46.20256385816876
          ]
        ]
      },
      "properties": {
        "angle": 66.75412614913405,
        "per_id_keys": "1400694",
        "per_id_capacities": "1200",
        "per_id_lengths": "42.4",
        "per_id_freespeeds": "50.0",
        "per_id_daily_avgs": "143",
        "per_id_permlanes": "2",
        "per_id_arrows": "\u2192",
        "per_id_directions": "forward",
        "searchable_text": "1400694|1200|42.4|50.0|143",
        "daily_avg_volume": 143.0,
        "capacity": 1200.0,
        "freespeed": 50.0,
        "modes": "bus,car,car_passenger,pt,taxi,truck",
        "isTarget": false,
        "link_1451949_inflow": 10,
        "link_1451949_outflow": 0
      }
    },
    {
      "type": "Feature",
      "geometry": {
        "type": "LineString",
        "coordinates": [
          [
            6.153378293135694,
            46.200929358163755
          ],
          [
            6.153650293132908,
            46.200743158157735
          ]
        ]
      },
      "properties": {
        "angle": -34.39393629933308,
        "per_id_keys": "1400695",
        "per_id_capacities": "600",
        "per_id_lengths": "29.5",
        "per_id_freespeeds": "15.0",
        "per_id_daily_avgs": "1",
        "per_id_permlanes": "1",
        "per_id_arrows": "\u2192",
        "per_id_directions": "forward",
        "searchable_text": "1400695|600|29.5|15.0|1",
        "daily_avg_volume": 1.0,
        "capacity": 600.0,
        "freespeed": 15.000000000000002,
        "modes": "car,car_passenger,taxi,truck",
        "isTarget": false,
        "link_1451949_inflow": 0,
        "link_1451949_outflow": 0
      }
    },
    {
      "type": "Feature",
      "geometry": {
        "type": "LineString",
        "coordinates": [
          [
            6.156667393310173,
            46.205030058146754
          ],
          [
            6.157370993295466,
            46.20431995812923
          ]
        ]
      },
      "properties": {
        "angle": -45.26343763760854,
        "per_id_keys": "1632856",
        "per_id_capacities": "600",
        "per_id_lengths": "96.0",
        "per_id_freespeeds": "30.0",
        "per_id_daily_avgs": "2",
        "per_id_permlanes": "1",
        "per_id_arrows": "\u2192",
        "per_id_directions": "forward",
        "searchable_text": "1632856|600|96.0|30.0|2",
        "daily_avg_volume": 2.0,
        "capacity": 600.0,
        "freespeed": 30.000000000000004,
        "modes": "car,car_passenger,taxi,truck",
        "isTarget": false,
        "link_1451949_inflow": 0,
        "link_1451949_outflow": 0
      }
    },
    {
      "type": "Feature",
      "geometry": {
        "type": "LineString",
        "coordinates": [
          [
            6.1530518932135605,
            46.20342865819083
          ],
          [
            6.153738893228201,
            46.2036189581815
          ]
        ]
      },
      "properties": {
        "angle": 15.482807959759453,
        "per_id_keys": "215230|215231",
        "per_id_capacities": "3000|3000",
        "per_id_lengths": "58.0|58.0",
        "per_id_freespeeds": "50.0|50.0",
        "per_id_daily_avgs": "102|119",
        "per_id_permlanes": "2|2",
        "per_id_arrows": "\u2190|\u2192",
        "per_id_directions": "reverse|forward",
        "searchable_text": "215230|215231|3000|3000|58.0|58.0|50.0|50.0|102|119",
        "daily_avg_volume": 221.0,
        "capacity": 6000.0,
        "freespeed": 50.0,
        "modes": "car,car_passenger,taxi,truck",
        "isTarget": false,
        "link_1451949_inflow": 59,
        "link_1451949_outflow": 0
      }
    },
    {
      "type": "Feature",
      "geometry": {
        "type": "LineString",
        "coordinates": [
          [
            6.1540132931293945,
            46.20050125814979
          ],
          [
            6.153718293119139,
            46.200297658152735
          ]
        ]
      },
      "properties": {
        "angle": -145.38774736430625,
        "per_id_keys": "1400703",
        "per_id_capacities": "4500",
        "per_id_lengths": "32.1",
        "per_id_freespeeds": "50.0",
        "per_id_daily_avgs": "61",
        "per_id_permlanes": "3",
        "per_id_arrows": "\u2190",
        "per_id_directions": "forward",
        "searchable_text": "1400703|4500|32.1|50.0|61",
        "daily_avg_volume": 61.0,
        "capacity": 4500.0,
        "freespeed": 50.0,
        "modes": "car,car_passenger,taxi,truck",
        "isTarget": false,
        "link_1451949_inflow": 0,
        "link_1451949_outflow": 0
      }
    },
    {
      "type": "Feature",
      "geometry": {
        "type": "LineString",
        "coordinates": [
          [
            6.154433793124981,
            46.2002094581405
          ],
          [
            6.15414519312785,
            46.20040495814685
          ]
        ]
      },
      "properties": {
        "angle": 145.88596490362704,
        "per_id_keys": "477693|477694",
        "per_id_capacities": "600|600",
        "per_id_lengths": "31.1|31.1",
        "per_id_freespeeds": "15.0|15.0",
        "per_id_daily_avgs": "1|3",
        "per_id_permlanes": "1|1",
        "per_id_arrows": "\u2192|\u2190",
        "per_id_directions": "reverse|forward",
        "searchable_text": "477693|477694|600|600|31.1|31.1|15.0|15.0|1|3",
        "daily_avg_volume": 4.0,
        "capacity": 1200.0,
        "freespeed": 15.000000000000002,
        "modes": "car,car_passenger,taxi,truck",
        "isTarget": false,
        "link_1451949_inflow": 0,
        "link_1451949_outflow": 0
      }
    },
    {
      "type": "Feature",
      "geometry": {
        "type": "LineString",
        "coordinates": [
          [
            6.153700993112259,
            46.20009455815128
          ],
          [
            6.15414519312785,
            46.20040495814685
          ]
        ]
      },
      "properties": {
        "angle": 34.945245401677816,
        "per_id_keys": "477700",
        "per_id_capacities": "3000",
        "per_id_lengths": "48.6",
        "per_id_freespeeds": "50.0",
        "per_id_daily_avgs": "84",
        "per_id_permlanes": "2",
        "per_id_arrows": "\u2192",
        "per_id_directions": "forward",
        "searchable_text": "477700|3000|48.6|50.0|84",
        "daily_avg_volume": 84.0,
        "capacity": 3000.0,
        "freespeed": 50.0,
        "modes": "car,car_passenger,taxi,truck",
        "isTarget": false,
        "link_1451949_inflow": 4,
        "link_1451949_outflow": 0
      }
    },
    {
      "type": "Feature",
      "geometry": {
        "type": "LineString",
        "coordinates": [
          [
            6.15414519312785,
            46.20040495814685
          ],
          [
            6.154431493139795,
            46.200662858144526
          ]
        ]
      },
      "properties": {
        "angle": 42.01263113965295,
        "per_id_keys": "1400704",
        "per_id_capacities": "3000",
        "per_id_lengths": "36.7",
        "per_id_freespeeds": "50.0",
        "per_id_daily_avgs": "88",
        "per_id_permlanes": "2",
        "per_id_arrows": "\u2192",
        "per_id_directions": "forward",
        "searchable_text": "1400704|3000|36.7|50.0|88",
        "daily_avg_volume": 88.0,
        "capacity": 3000.0,
        "freespeed": 50.0,
        "modes": "car,car_passenger,taxi,truck",
        "isTarget": false,
        "link_1451949_inflow": 5,
        "link_1451949_outflow": 0
      }
    },
    {
      "type": "Feature",
      "geometry": {
        "type": "LineString",
        "coordinates": [
          [
            6.154778693109988,
            46.19962305812984
          ],
          [
            6.154433793124981,
            46.2002094581405
          ]
        ]
      },
      "properties": {
        "angle": 120.46255428336026,
        "per_id_keys": "324802|324803",
        "per_id_capacities": "600|600",
        "per_id_lengths": "87.1|87.1",
        "per_id_freespeeds": "15.0|15.0",
        "per_id_daily_avgs": "2|0",
        "per_id_permlanes": "1|1",
        "per_id_arrows": "\u2190|\u2192",
        "per_id_directions": "forward|reverse",
        "searchable_text": "324802|324803|600|600|87.1|87.1|15.0|15.0|2|0",
        "daily_avg_volume": 2.0,
        "capacity": 1200.0,
        "freespeed": 15.000000000000002,
        "modes": "car,car_passenger,taxi,truck",
        "isTarget": false,
        "link_1451949_inflow": 0,
        "link_1451949_outflow": 0
      }
    },
    {
      "type": "Feature",
      "geometry": {
        "type": "LineString",
        "coordinates": [
          [
            6.154899493120625,
            46.19990335813033
          ],
          [
            6.154433793124981,
            46.2002094581405
          ]
        ]
      },
      "properties": {
        "angle": 146.68347640828702,
        "per_id_keys": "477695|477696",
        "per_id_capacities": "600|600",
        "per_id_lengths": "49.5|49.5",
        "per_id_freespeeds": "15.0|15.0",
        "per_id_daily_avgs": "1|0",
        "per_id_permlanes": "1|1",
        "per_id_arrows": "\u2192|\u2190",
        "per_id_directions": "reverse|forward",
        "searchable_text": "477695|477696|600|600|49.5|49.5|15.0|15.0|1|0",
        "daily_avg_volume": 1.0,
        "capacity": 1200.0,
        "freespeed": 15.000000000000002,
        "modes": "car,car_passenger,taxi,truck",
        "isTarget": false,
        "link_1451949_inflow": 0,
        "link_1451949_outflow": 0
      }
    },
    {
      "type": "Feature",
      "geometry": {
        "type": "LineString",
        "coordinates": [
          [
            6.1544582931421585,
            46.20072465814459
          ],
          [
            6.154615693155969,
            46.20108815814523
          ]
        ]
      },
      "properties": {
        "angle": 66.58678930588518,
        "per_id_keys": "1400705",
        "per_id_capacities": "4500",
        "per_id_lengths": "42.2",
        "per_id_freespeeds": "50.0",
        "per_id_daily_avgs": "88",
        "per_id_permlanes": "3",
        "per_id_arrows": "\u2192",
        "per_id_directions": "forward",
        "searchable_text": "1400705|4500|42.2|50.0|88",
        "daily_avg_volume": 88.0,
        "capacity": 4500.0,
        "freespeed": 50.0,
        "modes": "car,car_passenger,taxi,truck",
        "isTarget": false,
        "link_1451949_inflow": 5,
        "link_1451949_outflow": 0
      }
    },
    {
      "type": "Feature",
      "geometry": {
        "type": "LineString",
        "coordinates": [
          [
            6.152562293152269,
            46.20173965818394
          ],
          [
            6.1530552931539955,
            46.20160865817489
          ]
        ]
      },
      "properties": {
        "angle": -14.880771519837953,
        "per_id_keys": "1403885",
        "per_id_capacities": "600",
        "per_id_lengths": "40.9",
        "per_id_freespeeds": "15.0",
        "per_id_daily_avgs": "382",
        "per_id_permlanes": "1",
        "per_id_arrows": "\u2192",
        "per_id_directions": "forward",
        "searchable_text": "1403885|600|40.9|15.0|382",
        "daily_avg_volume": 382.0,
        "capacity": 600.0,
        "freespeed": 15.000000000000002,
        "modes": "bus,car,car_passenger,pt,taxi,truck",
        "isTarget": false,
        "link_1451949_inflow": 0,
        "link_1451949_outflow": 0
      }
    },
    {
      "type": "Feature",
      "geometry": {
        "type": "LineString",
        "coordinates": [
          [
            6.153063393156807,
            46.20169145817546
          ],
          [
            6.1530552931539955,
            46.20160865817489
          ]
        ]
      },
      "properties": {
        "angle": -95.5872458531242,
        "per_id_keys": "705421",
        "per_id_capacities": "600",
        "per_id_lengths": "13.9",
        "per_id_freespeeds": "50.0",
        "per_id_daily_avgs": "45",
        "per_id_permlanes": "1",
        "per_id_arrows": "\u2190",
        "per_id_directions": "forward",
        "searchable_text": "705421|600|13.9|50.0|45",
        "daily_avg_volume": 45.0,
        "capacity": 600.0,
        "freespeed": 50.0,
        "modes": "bus,car,car_passenger,pt,taxi,truck",
        "isTarget": false,
        "link_1451949_inflow": 0,
        "link_1451949_outflow": 0
      }
    },
    {
      "type": "Feature",
      "geometry": {
        "type": "LineString",
        "coordinates": [
          [
            6.1539022931594625,
            46.20146015815998
          ],
          [
            6.154217193161432,
            46.2014025581544
          ]
        ]
      },
      "properties": {
        "angle": -10.36567940759377,
        "per_id_keys": "1418568",
        "per_id_capacities": "1200",
        "per_id_lengths": "25.1",
        "per_id_freespeeds": "50.0",
        "per_id_daily_avgs": "243",
        "per_id_permlanes": "2",
        "per_id_arrows": "\u2192",
        "per_id_directions": "forward",
        "searchable_text": "1418568|1200|25.1|50.0|243",
        "daily_avg_volume": 243.0,
        "capacity": 1200.0,
        "freespeed": 50.0,
        "modes": "bus,car,car_passenger,pt,taxi,truck",
        "isTarget": false,
        "link_1451949_inflow": 0,
        "link_1451949_outflow": 0
      }
    },
    {
      "type": "Feature",
      "geometry": {
        "type": "LineString",
        "coordinates": [
          [
            6.152748693078338,
            46.19941365816061
          ],
          [
            6.153248193096244,
            46.199774058155725
          ]
        ]
      },
      "properties": {
        "angle": 35.81125806735826,
        "per_id_keys": "1418570",
        "per_id_capacities": "4500",
        "per_id_lengths": "55.6",
        "per_id_freespeeds": "50.0",
        "per_id_daily_avgs": "105",
        "per_id_permlanes": "3",
        "per_id_arrows": "\u2192",
        "per_id_directions": "forward",
        "searchable_text": "1418570|4500|55.6|50.0|105",
        "daily_avg_volume": 105.0,
        "capacity": 4500.0,
        "freespeed": 50.0,
        "modes": "car,car_passenger,taxi,truck",
        "isTarget": false,
        "link_1451949_inflow": 1,
        "link_1451949_outflow": 0
      }
    },
    {
      "type": "Feature",
      "geometry": {
        "type": "LineString",
        "coordinates": [
          [
            6.1531195930981575,
            46.19988025815876
          ],
          [
            6.152202093065265,
            46.19921795816768
          ]
        ]
      },
      "properties": {
        "angle": -144.17625905904404,
        "per_id_keys": "1418571",
        "per_id_capacities": "600",
        "per_id_lengths": "102.2",
        "per_id_freespeeds": "50.0",
        "per_id_daily_avgs": "34",
        "per_id_permlanes": "1",
        "per_id_arrows": "\u2190",
        "per_id_directions": "forward",
        "searchable_text": "1418571|600|102.2|50.0|34",
        "daily_avg_volume": 34.0,
        "capacity": 600.0,
        "freespeed": 50.0,
        "modes": "car,car_passenger,taxi,truck",
        "isTarget": false,
        "link_1451949_inflow": 0,
        "link_1451949_outflow": 0
      }
    },
    {
      "type": "Feature",
      "geometry": {
        "type": "LineString",
        "coordinates": [
          [
            6.150030293208258,
            46.20439125824781
          ],
          [
            6.1496384931938985,
            46.204099058251586
          ]
        ]
      },
      "properties": {
        "angle": -143.28484273872348,
        "per_id_keys": "1426103",
        "per_id_capacities": "600",
        "per_id_lengths": "51.0",
        "per_id_freespeeds": "25.0",
        "per_id_daily_avgs": "21",
        "per_id_permlanes": "1",
        "per_id_arrows": "\u2190",
        "per_id_directions": "forward",
        "searchable_text": "1426103|600|51.0|25.0|21",
        "daily_avg_volume": 21.0,
        "capacity": 600.0,
        "freespeed": 25.0,
        "modes": "bus,car,car_passenger,taxi,truck",
        "isTarget": false,
        "link_1451949_inflow": 0,
        "link_1451949_outflow": 0
      }
    },
    {
      "type": "Feature",
      "geometry": {
        "type": "LineString",
        "coordinates": [
          [
            6.1493041931920365,
            46.20416695825754
          ],
          [
            6.1496384931938985,
            46.204099058251586
          ]
        ]
      },
      "properties": {
        "angle": -11.48122071231787,
        "per_id_keys": "1426106|1426107",
        "per_id_capacities": "600|600",
        "per_id_lengths": "26.9|26.9",
        "per_id_freespeeds": "50.0|50.0",
        "per_id_daily_avgs": "17|8",
        "per_id_permlanes": "1|1",
        "per_id_arrows": "\u2190|\u2192",
        "per_id_directions": "reverse|forward",
        "searchable_text": "1426106|1426107|600|600|26.9|26.9|50.0|50.0|17|8",
        "daily_avg_volume": 25.0,
        "capacity": 1200.0,
        "freespeed": 50.0,
        "modes": "bus,car,car_passenger,taxi,truck",
        "isTarget": false,
        "link_1451949_inflow": 0,
        "link_1451949_outflow": 0
      }
    },
    {
      "type": "Feature",
      "geometry": {
        "type": "LineString",
        "coordinates": [
          [
            6.150030293208258,
            46.20439125824781
          ],
          [
            6.150070493207404,
            46.2043500582468
          ]
        ]
      },
      "properties": {
        "angle": -45.70384525652566,
        "per_id_keys": "544358|544358_spec",
        "per_id_capacities": "6000|1500",
        "per_id_lengths": "13.9|13.9",
        "per_id_freespeeds": "50.0|50.0",
        "per_id_daily_avgs": "293|399",
        "per_id_permlanes": "4|1",
        "per_id_arrows": "\u2192|\u2192",
        "per_id_directions": "forward|forward",
        "searchable_text": "544358|544358_spec|6000|1500|13.9|13.9|50.0|50.0|293|399",
        "daily_avg_volume": 692.0,
        "capacity": 7500.0,
        "freespeed": 50.0,
        "modes": "bus,car,car_passenger,pt,taxi,truck",
        "isTarget": false,
        "link_1451949_inflow": 0,
        "link_1451949_outflow": 0
      }
    },
    {
      "type": "Feature",
      "geometry": {
        "type": "LineString",
        "coordinates": [
          [
            6.149033293190523,
            46.204221458262346
          ],
          [
            6.1493041931920365,
            46.20416695825754
          ]
        ]
      },
      "properties": {
        "angle": -11.374995992547905,
        "per_id_keys": "1426108|1426109",
        "per_id_capacities": "600|600",
        "per_id_lengths": "21.8|21.8",
        "per_id_freespeeds": "50.0|50.0",
        "per_id_daily_avgs": "17|0",
        "per_id_permlanes": "1|1",
        "per_id_arrows": "\u2190|\u2192",
        "per_id_directions": "reverse|forward",
        "searchable_text": "1426108|1426109|600|600|21.8|21.8|50.0|50.0|17|0",
        "daily_avg_volume": 17.0,
        "capacity": 1200.0,
        "freespeed": 50.0,
        "modes": "bus,car,car_passenger,taxi,truck",
        "isTarget": false,
        "link_1451949_inflow": 0,
        "link_1451949_outflow": 0
      }
    },
    {
      "type": "Feature",
      "geometry": {
        "type": "LineString",
        "coordinates": [
          [
            6.149171093180572,
            46.20386675825705
          ],
          [
            6.1493041931920365,
            46.20416695825754
          ]
        ]
      },
      "properties": {
        "angle": 66.08888444494701,
        "per_id_keys": "1768417",
        "per_id_capacities": "600",
        "per_id_lengths": "34.9",
        "per_id_freespeeds": "15.0",
        "per_id_daily_avgs": "8",
        "per_id_permlanes": "1",
        "per_id_arrows": "\u2192",
        "per_id_directions": "forward",
        "searchable_text": "1768417|600|34.9|15.0|8",
        "daily_avg_volume": 8.0,
        "capacity": 600.0,
        "freespeed": 15.000000000000002,
        "modes": "car,car_passenger,taxi,truck",
        "isTarget": false,
        "link_1451949_inflow": 0,
        "link_1451949_outflow": 0
      }
    },
    {
      "type": "Feature",
      "geometry": {
        "type": "LineString",
        "coordinates": [
          [
            6.1496384931938985,
            46.204099058251586
          ],
          [
            6.150227093197098,
            46.20397735824105
          ]
        ]
      },
      "properties": {
        "angle": -11.681966543893388,
        "per_id_keys": "1426139",
        "per_id_capacities": "600",
        "per_id_lengths": "47.4",
        "per_id_freespeeds": "50.0",
        "per_id_daily_avgs": "12",
        "per_id_permlanes": "1",
        "per_id_arrows": "\u2192",
        "per_id_directions": "forward",
        "searchable_text": "1426139|600|47.4|50.0|12",
        "daily_avg_volume": 12.0,
        "capacity": 600.0,
        "freespeed": 50.0,
        "modes": "car,car_passenger,taxi,truck",
        "isTarget": false,
        "link_1451949_inflow": 0,
        "link_1451949_outflow": 0
      }
    },
    {
      "type": "Feature",
      "geometry": {
        "type": "LineString",
        "coordinates": [
          [
            6.1502206932041785,
            46.20419625824304
          ],
          [
            6.150227093197098,
            46.20397735824105
          ]
        ]
      },
      "properties": {
        "angle": -88.32531681231885,
        "per_id_keys": "698384|698384_spec",
        "per_id_capacities": "600|600",
        "per_id_lengths": "24.6|24.6",
        "per_id_freespeeds": "50.0|50.0",
        "per_id_daily_avgs": "4|0",
        "per_id_permlanes": "1|1",
        "per_id_arrows": "\u2192|\u2192",
        "per_id_directions": "forward|forward",
        "searchable_text": "698384|698384_spec|600|600|24.6|24.6|50.0|50.0|4|0",
        "daily_avg_volume": 4.0,
        "capacity": 1200.0,
        "freespeed": 50.0,
        "modes": "car,car_passenger,taxi,truck",
        "isTarget": false,
        "link_1451949_inflow": 0,
        "link_1451949_outflow": 0
      }
    },
    {
      "type": "Feature",
      "geometry": {
        "type": "LineString",
        "coordinates": [
          [
            6.1486832931885695,
            46.20429185826859
          ],
          [
            6.149033293190523,
            46.204221458262346
          ]
        ]
      },
      "properties": {
        "angle": -11.372881929533587,
        "per_id_keys": "232436|232437",
        "per_id_capacities": "600|600",
        "per_id_lengths": "28.1|28.1",
        "per_id_freespeeds": "50.0|50.0",
        "per_id_daily_avgs": "17|0",
        "per_id_permlanes": "1|1",
        "per_id_arrows": "\u2190|\u2192",
        "per_id_directions": "reverse|forward",
        "searchable_text": "232436|232437|600|600|28.1|28.1|50.0|50.0|17|0",
        "daily_avg_volume": 17.0,
        "capacity": 1200.0,
        "freespeed": 50.0,
        "modes": "bus,car,car_passenger,taxi,truck",
        "isTarget": false,
        "link_1451949_inflow": 0,
        "link_1451949_outflow": 0
      }
    },
    {
      "type": "Feature",
      "geometry": {
        "type": "LineString",
        "coordinates": [
          [
            6.1485970931880765,
            46.20430915827012
          ],
          [
            6.1486832931885695,
            46.20429185826859
          ]
        ]
      },
      "properties": {
        "angle": -11.348275417247951,
        "per_id_keys": "232438|232439",
        "per_id_capacities": "600|600",
        "per_id_lengths": "13.9|13.9",
        "per_id_freespeeds": "50.0|50.0",
        "per_id_daily_avgs": "17|0",
        "per_id_permlanes": "1|1",
        "per_id_arrows": "\u2190|\u2192",
        "per_id_directions": "reverse|forward",
        "searchable_text": "232438|232439|600|600|13.9|13.9|50.0|50.0|17|0",
        "daily_avg_volume": 17.0,
        "capacity": 1200.0,
        "freespeed": 50.0,
        "modes": "bus,car,car_passenger,taxi,truck",
        "isTarget": false,
        "link_1451949_inflow": 0,
        "link_1451949_outflow": 0
      }
    },
    {
      "type": "Feature",
      "geometry": {
        "type": "LineString",
        "coordinates": [
          [
            6.1501953931943705,
            46.203906358240914
          ],
          [
            6.150070793183081,
            46.203607758240345
          ]
        ]
      },
      "properties": {
        "angle": -112.64983458816948,
        "per_id_keys": "1426138|1426138_spec",
        "per_id_capacities": "600|600",
        "per_id_lengths": "34.6|34.6",
        "per_id_freespeeds": "50.0|50.0",
        "per_id_daily_avgs": "3|0",
        "per_id_permlanes": "1|1",
        "per_id_arrows": "\u2190|\u2190",
        "per_id_directions": "forward|forward",
        "searchable_text": "1426138|1426138_spec|600|600|34.6|34.6|50.0|50.0|3|0",
        "daily_avg_volume": 3.0,
        "capacity": 1200.0,
        "freespeed": 50.0,
        "modes": "car,car_passenger,taxi,truck",
        "isTarget": false,
        "link_1451949_inflow": 0,
        "link_1451949_outflow": 0
      }
    },
    {
      "type": "Feature",
      "geometry": {
        "type": "LineString",
        "coordinates": [
          [
            6.15038519318485,
            46.20354485823473
          ],
          [
            6.150070793183081,
            46.203607758240345
          ]
        ]
      },
      "properties": {
        "angle": 168.68656206048138,
        "per_id_keys": "673154",
        "per_id_capacities": "600",
        "per_id_lengths": "25.3",
        "per_id_freespeeds": "50.0",
        "per_id_daily_avgs": "343",
        "per_id_permlanes": "1",
        "per_id_arrows": "\u2190",
        "per_id_directions": "forward",
        "searchable_text": "673154|600|25.3|50.0|343",
        "daily_avg_volume": 343.0,
        "capacity": 600.0,
        "freespeed": 50.0,
        "modes": "bus,car,car_passenger,pt,taxi,truck",
        "isTarget": false,
        "link_1451949_inflow": 0,
        "link_1451949_outflow": 0
      }
    },
    {
      "type": "Feature",
      "geometry": {
        "type": "LineString",
        "coordinates": [
          [
            6.1554135932749565,
            46.2044231581616
          ],
          [
            6.155690993268612,
            46.204125758154554
          ]
        ]
      },
      "properties": {
        "angle": -46.99278748844604,
        "per_id_keys": "324836",
        "per_id_capacities": "600",
        "per_id_lengths": "39.4",
        "per_id_freespeeds": "30.0",
        "per_id_daily_avgs": "1",
        "per_id_permlanes": "1",
        "per_id_arrows": "\u2192",
        "per_id_directions": "forward",
        "searchable_text": "324836|600|39.4|30.0|1",
        "daily_avg_volume": 1.0,
        "capacity": 600.0,
        "freespeed": 30.000000000000004,
        "modes": "car,car_passenger,taxi,truck",
        "isTarget": false,
        "link_1451949_inflow": 0,
        "link_1451949_outflow": 0
      }
    },
    {
      "type": "Feature",
      "geometry": {
        "type": "LineString",
        "coordinates": [
          [
            6.160074993228607,
            46.20127155805912
          ],
          [
            6.160194593228476,
            46.201223258056785
          ]
        ]
      },
      "properties": {
        "angle": -21.991130900165725,
        "per_id_keys": "1447451|1447452",
        "per_id_capacities": "3000|3000",
        "per_id_lengths": "13.9|13.9",
        "per_id_freespeeds": "50.0|50.0",
        "per_id_daily_avgs": "332|89",
        "per_id_permlanes": "2|2",
        "per_id_arrows": "\u2192|\u2190",
        "per_id_directions": "forward|reverse",
        "searchable_text": "1447451|1447452|3000|3000|13.9|13.9|50.0|50.0|332|89",
        "daily_avg_volume": 421.0,
        "capacity": 6000.0,
        "freespeed": 50.0,
        "modes": "bus,car,car_passenger,pt,taxi,truck",
        "isTarget": false,
        "link_1451949_inflow": 9,
        "link_1451949_outflow": 0
      }
    },
    {
      "type": "Feature",
      "geometry": {
        "type": "LineString",
        "coordinates": [
          [
            6.160225693228437,
            46.201210758056185
          ],
          [
            6.160194593228476,
            46.201223258056785
          ]
        ]
      },
      "properties": {
        "angle": 158.10336118117272,
        "per_id_keys": "493502|493503",
        "per_id_capacities": "3000|3000",
        "per_id_lengths": "13.9|13.9",
        "per_id_freespeeds": "50.0|50.0",
        "per_id_daily_avgs": "332|89",
        "per_id_permlanes": "2|2",
        "per_id_arrows": "\u2192|\u2190",
        "per_id_directions": "reverse|forward",
        "searchable_text": "493502|493503|3000|3000|13.9|13.9|50.0|50.0|332|89",
        "daily_avg_volume": 421.0,
        "capacity": 6000.0,
        "freespeed": 50.0,
        "modes": "bus,car,car_passenger,pt,taxi,truck",
        "isTarget": false,
        "link_1451949_inflow": 9,
        "link_1451949_outflow": 0
      }
    },
    {
      "type": "Feature",
      "geometry": {
        "type": "LineString",
        "coordinates": [
          [
            6.160074993228607,
            46.20127155805912
          ],
          [
            6.159984693221841,
            46.20109925805908
          ]
        ]
      },
      "properties": {
        "angle": -117.6584013967318,
        "per_id_keys": "1447453",
        "per_id_capacities": "3000",
        "per_id_lengths": "20.7",
        "per_id_freespeeds": "50.0",
        "per_id_daily_avgs": "170",
        "per_id_permlanes": "2",
        "per_id_arrows": "\u2190",
        "per_id_directions": "forward",
        "searchable_text": "1447453|3000|20.7|50.0|170",
        "daily_avg_volume": 170.0,
        "capacity": 3000.0,
        "freespeed": 50.0,
        "modes": "bus,car,car_passenger,taxi,truck",
        "isTarget": false,
        "link_1451949_inflow": 0,
        "link_1451949_outflow": 0
      }
    },
    {
      "type": "Feature",
      "geometry": {
        "type": "LineString",
        "coordinates": [
          [
            6.160074993228607,
            46.20127155805912
          ],
          [
            6.15970559322888,
            46.20141825806634
          ]
        ]
      },
      "properties": {
        "angle": 158.34046348549762,
        "per_id_keys": "1846276|1846277",
        "per_id_capacities": "3000|3000",
        "per_id_lengths": "32.8|32.8",
        "per_id_freespeeds": "50.0|50.0",
        "per_id_daily_avgs": "342|89",
        "per_id_permlanes": "2|2",
        "per_id_arrows": "\u2192|\u2190",
        "per_id_directions": "reverse|forward",
        "searchable_text": "1846276|1846277|3000|3000|32.8|32.8|50.0|50.0|342|89",
        "daily_avg_volume": 431.0,
        "capacity": 6000.0,
        "freespeed": 50.0,
        "modes": "bus,car,car_passenger,pt,taxi,truck",
        "isTarget": false,
        "link_1451949_inflow": 13,
        "link_1451949_outflow": 0
      }
    },
    {
      "type": "Feature",
      "geometry": {
        "type": "LineString",
        "coordinates": [
          [
            6.16047469323719,
            46.20138535805367
          ],
          [
            6.15970559322888,
            46.20141825806634
          ]
        ]
      },
      "properties": {
        "angle": 177.5505352906241,
        "per_id_keys": "214845|214845_spec",
        "per_id_capacities": "1000|1000",
        "per_id_lengths": "59.7|59.7",
        "per_id_freespeeds": "50.0|50.0",
        "per_id_daily_avgs": "43|197",
        "per_id_permlanes": "1|1",
        "per_id_arrows": "\u2190|\u2190",
        "per_id_directions": "forward|forward",
        "searchable_text": "214845|214845_spec|1000|1000|59.7|59.7|50.0|50.0|43|197",
        "daily_avg_volume": 240.0,
        "capacity": 2000.0,
        "freespeed": 50.0,
        "modes": "bus,car,car_passenger,pt,taxi,truck",
        "isTarget": false,
        "link_1451949_inflow": 7,
        "link_1451949_outflow": 0
      }
    },
    {
      "type": "Feature",
      "geometry": {
        "type": "LineString",
        "coordinates": [
          [
            6.16047469323719,
            46.20138535805367
          ],
          [
            6.160074993228607,
            46.20127155805912
          ]
        ]
      },
      "properties": {
        "angle": -164.1076304759131,
        "per_id_keys": "1447501",
        "per_id_capacities": "2000",
        "per_id_lengths": "34.3",
        "per_id_freespeeds": "50.0",
        "per_id_daily_avgs": "160",
        "per_id_permlanes": "2",
        "per_id_arrows": "\u2190",
        "per_id_directions": "forward",
        "searchable_text": "1447501|2000|34.3|50.0|160",
        "daily_avg_volume": 160.0,
        "capacity": 2000.0,
        "freespeed": 50.0,
        "modes": "bus,car,car_passenger,taxi,truck",
        "isTarget": false,
        "link_1451949_inflow": 3,
        "link_1451949_outflow": 0
      }
    },
    {
      "type": "Feature",
      "geometry": {
        "type": "LineString",
        "coordinates": [
          [
            6.160294393228383,
            46.20118295805482
          ],
          [
            6.160225693228437,
            46.201210758056185
          ]
        ]
      },
      "properties": {
        "angle": 157.96889080930828,
        "per_id_keys": "493498|493499",
        "per_id_capacities": "3000|3000",
        "per_id_lengths": "13.9|13.9",
        "per_id_freespeeds": "50.0|50.0",
        "per_id_daily_avgs": "332|89",
        "per_id_permlanes": "2|2",
        "per_id_arrows": "\u2192|\u2190",
        "per_id_directions": "reverse|forward",
        "searchable_text": "493498|493499|3000|3000|13.9|13.9|50.0|50.0|332|89",
        "daily_avg_volume": 421.0,
        "capacity": 6000.0,
        "freespeed": 50.0,
        "modes": "bus,car,car_passenger,pt,taxi,truck",
        "isTarget": false,
        "link_1451949_inflow": 9,
        "link_1451949_outflow": 0
      }
    },
    {
      "type": "Feature",
      "geometry": {
        "type": "LineString",
        "coordinates": [
          [
            6.160103993218441,
            46.20095095805586
          ],
          [
            6.160462293228183,
            46.20111525805154
          ]
        ]
      },
      "properties": {
        "angle": 24.63402458435965,
        "per_id_keys": "1447454",
        "per_id_capacities": "1500",
        "per_id_lengths": "33.1",
        "per_id_freespeeds": "50.0",
        "per_id_daily_avgs": "6",
        "per_id_permlanes": "1",
        "per_id_arrows": "\u2192",
        "per_id_directions": "forward",
        "searchable_text": "1447454|1500|33.1|50.0|6",
        "daily_avg_volume": 6.0,
        "capacity": 1500.0,
        "freespeed": 50.0,
        "modes": "bus,car,car_passenger,taxi,truck",
        "isTarget": false,
        "link_1451949_inflow": 0,
        "link_1451949_outflow": 0
      }
    },
    {
      "type": "Feature",
      "geometry": {
        "type": "LineString",
        "coordinates": [
          [
            6.160349593228323,
            46.20116075805376
          ],
          [
            6.160462293228183,
            46.20111525805154
          ]
        ]
      },
      "properties": {
        "angle": -21.985246577681536,
        "per_id_keys": "493496|493497",
        "per_id_capacities": "3000|3000",
        "per_id_lengths": "13.9|13.9",
        "per_id_freespeeds": "50.0|50.0",
        "per_id_daily_avgs": "334|91",
        "per_id_permlanes": "2|2",
        "per_id_arrows": "\u2192|\u2190",
        "per_id_directions": "forward|reverse",
        "searchable_text": "493496|493497|3000|3000|13.9|13.9|50.0|50.0|334|91",
        "daily_avg_volume": 425.0,
        "capacity": 6000.0,
        "freespeed": 50.0,
        "modes": "bus,car,car_passenger,pt,taxi,truck",
        "isTarget": false,
        "link_1451949_inflow": 9,
        "link_1451949_outflow": 0
      }
    },
    {
      "type": "Feature",
      "geometry": {
        "type": "LineString",
        "coordinates": [
          [
            6.160966893243057,
            46.20138105804575
          ],
          [
            6.161402493251935,
            46.20148995803971
          ]
        ]
      },
      "properties": {
        "angle": 14.03624244555847,
        "per_id_keys": "1447456|1447457",
        "per_id_capacities": "2000|2000",
        "per_id_lengths": "35.8|35.8",
        "per_id_freespeeds": "50.0|50.0",
        "per_id_daily_avgs": "268|397",
        "per_id_permlanes": "2|2",
        "per_id_arrows": "\u2192|\u2190",
        "per_id_directions": "forward|reverse",
        "searchable_text": "1447456|1447457|2000|2000|35.8|35.8|50.0|50.0|268|397",
        "daily_avg_volume": 665.0,
        "capacity": 4000.0,
        "freespeed": 50.0,
        "modes": "bus,car,car_passenger,pt,taxi,truck",
        "isTarget": false,
        "link_1451949_inflow": 7,
        "link_1451949_outflow": 0
      }
    },
    {
      "type": "Feature",
      "geometry": {
        "type": "LineString",
        "coordinates": [
          [
            6.161717993258677,
            46.201577658035404
          ],
          [
            6.161402493251935,
            46.20148995803971
          ]
        ]
      },
      "properties": {
        "angle": -164.46558757534117,
        "per_id_keys": "1526685|1526686",
        "per_id_capacities": "2000|2000",
        "per_id_lengths": "26.2|26.2",
        "per_id_freespeeds": "50.0|50.0",
        "per_id_daily_avgs": "267|396",
        "per_id_permlanes": "2|2",
        "per_id_arrows": "\u2192|\u2190",
        "per_id_directions": "reverse|forward",
        "searchable_text": "1526685|1526686|2000|2000|26.2|26.2|50.0|50.0|267|396",
        "daily_avg_volume": 663.0,
        "capacity": 4000.0,
        "freespeed": 50.0,
        "modes": "bus,car,car_passenger,pt,taxi,truck",
        "isTarget": false,
        "link_1451949_inflow": 7,
        "link_1451949_outflow": 0
      }
    },
    {
      "type": "Feature",
      "geometry": {
        "type": "LineString",
        "coordinates": [
          [
            6.160966893243057,
            46.20138105804575
          ],
          [
            6.16047469323719,
            46.20138535805367
          ]
        ]
      },
      "properties": {
        "angle": 179.49945949764466,
        "per_id_keys": "214846|214846_spec",
        "per_id_capacities": "3000|1000",
        "per_id_lengths": "38.0|38.0",
        "per_id_freespeeds": "50.0|50.0",
        "per_id_daily_avgs": "101|300",
        "per_id_permlanes": "3|1",
        "per_id_arrows": "\u2190|\u2190",
        "per_id_directions": "forward|forward",
        "searchable_text": "214846|214846_spec|3000|1000|38.0|38.0|50.0|50.0|101|300",
        "daily_avg_volume": 401.0,
        "capacity": 4000.0,
        "freespeed": 50.0,
        "modes": "bus,car,car_passenger,pt,taxi,truck",
        "isTarget": false,
        "link_1451949_inflow": 7,
        "link_1451949_outflow": 0
      }
    },
    {
      "type": "Feature",
      "geometry": {
        "type": "LineString",
        "coordinates": [
          [
            6.160462293228183,
            46.20111525805154
          ],
          [
            6.160966893243057,
            46.20138105804575
          ]
        ]
      },
      "properties": {
        "angle": 27.77819103593533,
        "per_id_keys": "1505062",
        "per_id_capacities": "2000",
        "per_id_lengths": "49.0",
        "per_id_freespeeds": "50.0",
        "per_id_daily_avgs": "272",
        "per_id_permlanes": "2",
        "per_id_arrows": "\u2192",
        "per_id_directions": "forward",
        "searchable_text": "1505062|2000|49.0|50.0|272",
        "daily_avg_volume": 272.0,
        "capacity": 2000.0,
        "freespeed": 50.0,
        "modes": "bus,car,car_passenger,pt,taxi,truck",
        "isTarget": false,
        "link_1451949_inflow": 0,
        "link_1451949_outflow": 0
      }
    },
    {
      "type": "Feature",
      "geometry": {
        "type": "LineString",
        "coordinates": [
          [
            6.161866293261823,
            46.201619158033395
          ],
          [
            6.161717993258677,
            46.201577658035404
          ]
        ]
      },
      "properties": {
        "angle": -164.36635324416403,
        "per_id_keys": "497962|497963|497963_spec",
        "per_id_capacities": "2000|1500|500",
        "per_id_lengths": "13.9|13.9|13.9",
        "per_id_freespeeds": "50.0|50.0|50.0",
        "per_id_daily_avgs": "268|73|300",
        "per_id_permlanes": "2|1|0",
        "per_id_arrows": "\u2192|\u2190|\u2190",
        "per_id_directions": "reverse|forward|forward",
        "searchable_text": "497962|497963|497963_spec|2000|1500|500|13.9|13.9|13.9|50.0|50.0|50.0|268|73|300",
        "daily_avg_volume": 641.0,
        "capacity": 4000.0,
        "freespeed": 50.0,
        "modes": "bus,car,car_passenger,pt,taxi,truck",
        "isTarget": false,
        "link_1451949_inflow": 6,
        "link_1451949_outflow": 0
      }
    },
    {
      "type": "Feature",
      "geometry": {
        "type": "LineString",
        "coordinates": [
          [
            6.161783393237461,
            46.20090635802847
          ],
          [
            6.161717993258677,
            46.201577658035404
          ]
        ]
      },
      "properties": {
        "angle": 95.56435989961129,
        "per_id_keys": "908041",
        "per_id_capacities": "600",
        "per_id_lengths": "77.2",
        "per_id_freespeeds": "40.0",
        "per_id_daily_avgs": "24",
        "per_id_permlanes": "1",
        "per_id_arrows": "\u2190",
        "per_id_directions": "forward",
        "searchable_text": "908041|600|77.2|40.0|24",
        "daily_avg_volume": 24.0,
        "capacity": 600.0,
        "freespeed": 40.0,
        "modes": "car,car_passenger,taxi,truck",
        "isTarget": false,
        "link_1451949_inflow": 0,
        "link_1451949_outflow": 0
      }
    },
    {
      "type": "Feature",
      "geometry": {
        "type": "LineString",
        "coordinates": [
          [
            6.149298593228489,
            46.205281758267404
          ],
          [
            6.148011293256999,
            46.20663125829986
          ]
        ]
      },
      "properties": {
        "angle": 133.64868774022463,
        "per_id_keys": "1451949|1451949_spec|1451950",
        "per_id_capacities": "5250|750|3000",
        "per_id_lengths": "179.9|179.9|179.9",
        "per_id_freespeeds": "50.0|50.0|50.0",
        "per_id_daily_avgs": "277|400|710",
        "per_id_permlanes": "3|0|2",
        "per_id_arrows": "\u2190|\u2190|\u2192",
        "per_id_directions": "forward|forward|reverse",
        "searchable_text": "1451949|1451949_spec|1451950|5250|750|3000|179.9|179.9|179.9|50.0|50.0|50.0|277|400|710",
        "daily_avg_volume": 1387.0,
        "capacity": 9000.0,
        "freespeed": 50.0,
        "modes": "bus,car,car_passenger,pt,taxi,truck",
        "isTarget": true,
        "link_1451949_outflow": 677,
        "link_1451949_inflow": 677
      }
    },
    {
      "type": "Feature",
      "geometry": {
        "type": "LineString",
        "coordinates": [
          [
            6.1479513932583405,
            46.20669425830134
          ],
          [
            6.148011293256999,
            46.20663125829986
          ]
        ]
      },
      "properties": {
        "angle": -46.444909873842825,
        "per_id_keys": "937735|937735_spec|937736",
        "per_id_capacities": "5250|750|3000",
        "per_id_lengths": "13.9|13.9|13.9",
        "per_id_freespeeds": "50.0|50.0|50.0",
        "per_id_daily_avgs": "284|400|717",
        "per_id_permlanes": "3|0|2",
        "per_id_arrows": "\u2190|\u2190|\u2192",
        "per_id_directions": "reverse|reverse|forward",
        "searchable_text": "937735|937735_spec|937736|5250|750|3000|13.9|13.9|13.9|50.0|50.0|50.0|284|400|717",
        "daily_avg_volume": 1401.0,
        "capacity": 9000.0,
        "freespeed": 50.0,
        "modes": "bus,car,car_passenger,pt,taxi,truck",
        "isTarget": false,
        "link_1451949_outflow": 677,
        "link_1451949_inflow": 0
      }
    },
    {
      "type": "Feature",
      "geometry": {
        "type": "LineString",
        "coordinates": [
          [
            6.149298593228489,
            46.205281758267404
          ],
          [
            6.149563493222557,
            46.20500135826066
          ]
        ]
      },
      "properties": {
        "angle": -46.6281794286144,
        "per_id_keys": "1771850|1771850_spec|1771851",
        "per_id_capacities": "3750|750|4500",
        "per_id_lengths": "37.3|37.3|37.3",
        "per_id_freespeeds": "50.0|50.0|50.0",
        "per_id_daily_avgs": "277|400|710",
        "per_id_permlanes": "2|0|3",
        "per_id_arrows": "\u2190|\u2190|\u2192",
        "per_id_directions": "reverse|reverse|forward",
        "searchable_text": "1771850|1771850_spec|1771851|3750|750|4500|37.3|37.3|37.3|50.0|50.0|50.0|277|400|710",
        "daily_avg_volume": 1387.0,
        "capacity": 9000.0,
        "freespeed": 50.0,
        "modes": "bus,car,car_passenger,pt,taxi,truck",
        "isTarget": false,
        "link_1451949_inflow": 677,
        "link_1451949_outflow": 0
      }
    },
    {
      "type": "Feature",
      "geometry": {
        "type": "LineString",
        "coordinates": [
          [
            6.144328993261977,
            46.208154758372345
          ],
          [
            6.14461809326446,
            46.208122358367426
          ]
        ]
      },
      "properties": {
        "angle": -6.39456740495111,
        "per_id_keys": "1451953|1451953_spec|1451954|1451954_spec",
        "per_id_capacities": "2250|750|2250|750",
        "per_id_lengths": "22.6|22.6|22.6|22.6",
        "per_id_freespeeds": "30.0|30.0|30.0|30.0",
        "per_id_daily_avgs": "176|408|129|298",
        "per_id_permlanes": "1|0|1|0",
        "per_id_arrows": "\u2192|\u2192|\u2190|\u2190",
        "per_id_directions": "forward|forward|reverse|reverse",
        "searchable_text": "1451953|1451953_spec|1451954|1451954_spec|2250|750|2250|750|22.6|22.6|22.6|22.6|30.0|30.0|30.0|30.0|176|408|129|298",
        "daily_avg_volume": 1011.0,
        "capacity": 6000.0,
        "freespeed": 30.000000000000004,
        "modes": "bus,car,car_passenger,pt,taxi,truck",
        "isTarget": false,
        "link_1451949_outflow": 523,
        "link_1451949_inflow": 0
      }
    },
    {
      "type": "Feature",
      "geometry": {
        "type": "LineString",
        "coordinates": [
          [
            6.144761093265661,
            46.20810625836499
          ],
          [
            6.14461809326446,
            46.208122358367426
          ]
        ]
      },
      "properties": {
        "angle": 173.5762666311623,
        "per_id_keys": "530163|530163_spec|530164|530164_spec",
        "per_id_capacities": "2250|750|2250|750",
        "per_id_lengths": "11.2|11.2|11.2|11.2",
        "per_id_freespeeds": "30.0|30.0|30.0|30.0",
        "per_id_daily_avgs": "176|408|129|298",
        "per_id_permlanes": "1|0|1|0",
        "per_id_arrows": "\u2192|\u2192|\u2190|\u2190",
        "per_id_directions": "reverse|reverse|forward|forward",
        "searchable_text": "530163|530163_spec|530164|530164_spec|2250|750|2250|750|11.2|11.2|11.2|11.2|30.0|30.0|30.0|30.0|176|408|129|298",
        "daily_avg_volume": 1011.0,
        "capacity": 6000.0,
        "freespeed": 30.000000000000004,
        "modes": "bus,car,car_passenger,pt,taxi,truck",
        "isTarget": false,
        "link_1451949_outflow": 523,
        "link_1451949_inflow": 0
      }
    },
    {
      "type": "Feature",
      "geometry": {
        "type": "LineString",
        "coordinates": [
          [
            6.144328993261977,
            46.208154758372345
          ],
          [
            6.144072393259786,
            46.20818365837673
          ]
        ]
      },
      "properties": {
        "angle": 173.57404628447918,
        "per_id_keys": "530166|530166_spec|530167|530167_spec",
        "per_id_capacities": "2250|750|2250|750",
        "per_id_lengths": "20.1|20.1|20.1|20.1",
        "per_id_freespeeds": "30.0|30.0|30.0|30.0",
        "per_id_daily_avgs": "177|408|130|298",
        "per_id_permlanes": "1|0|1|0",
        "per_id_arrows": "\u2192|\u2192|\u2190|\u2190",
        "per_id_directions": "reverse|reverse|forward|forward",
        "searchable_text": "530166|530166_spec|530167|530167_spec|2250|750|2250|750|20.1|20.1|20.1|20.1|30.0|30.0|30.0|30.0|177|408|130|298",
        "daily_avg_volume": 1013.0,
        "capacity": 6000.0,
        "freespeed": 30.000000000000004,
        "modes": "bus,car,car_passenger,pt,taxi,truck",
        "isTarget": false,
        "link_1451949_outflow": 523,
        "link_1451949_inflow": 0
      }
    },
    {
      "type": "Feature",
      "geometry": {
        "type": "LineString",
        "coordinates": [
          [
            6.145047393268189,
            46.20807675836012
          ],
          [
            6.144761093265661,
            46.20810625836499
          ]
        ]
      },
      "properties": {
        "angle": 174.11707344180596,
        "per_id_keys": "612390|612390_spec|612391|612391_spec",
        "per_id_capacities": "2250|750|2250|750",
        "per_id_lengths": "22.3|22.3|22.3|22.3",
        "per_id_freespeeds": "30.0|30.0|30.0|30.0",
        "per_id_daily_avgs": "176|408|129|298",
        "per_id_permlanes": "1|0|1|0",
        "per_id_arrows": "\u2192|\u2192|\u2190|\u2190",
        "per_id_directions": "reverse|reverse|forward|forward",
        "searchable_text": "612390|612390_spec|612391|612391_spec|2250|750|2250|750|22.3|22.3|22.3|22.3|30.0|30.0|30.0|30.0|176|408|129|298",
        "daily_avg_volume": 1011.0,
        "capacity": 6000.0,
        "freespeed": 30.000000000000004,
        "modes": "bus,car,car_passenger,pt,taxi,truck",
        "isTarget": false,
        "link_1451949_outflow": 523,
        "link_1451949_inflow": 0
      }
    },
    {
      "type": "Feature",
      "geometry": {
        "type": "LineString",
        "coordinates": [
          [
            6.143743293257008,
            46.208220958382356
          ],
          [
            6.143188493252352,
            46.20828605839181
          ]
        ]
      },
      "properties": {
        "angle": 173.30753953091443,
        "per_id_keys": "612386|612386_spec|612387|612387_spec",
        "per_id_capacities": "2250|750|3750|750",
        "per_id_lengths": "43.4|43.4|43.4|43.4",
        "per_id_freespeeds": "30.0|30.0|30.0|30.0",
        "per_id_daily_avgs": "176|408|144|298",
        "per_id_permlanes": "1|0|2|0",
        "per_id_arrows": "\u2192|\u2192|\u2190|\u2190",
        "per_id_directions": "reverse|reverse|forward|forward",
        "searchable_text": "612386|612386_spec|612387|612387_spec|2250|750|3750|750|43.4|43.4|43.4|43.4|30.0|30.0|30.0|30.0|176|408|144|298",
        "daily_avg_volume": 1026.0,
        "capacity": 7500.0,
        "freespeed": 30.000000000000004,
        "modes": "bus,car,car_passenger,pt,taxi,truck",
        "isTarget": false,
        "link_1451949_outflow": 498,
        "link_1451949_inflow": 0
      }
    },
    {
      "type": "Feature",
      "geometry": {
        "type": "LineString",
        "coordinates": [
          [
            6.149176492388865,
            46.20983935664907
          ],
          [
            6.148311692387588,
            46.210117756665355
          ]
        ]
      },
      "properties": {
        "angle": 162.15537849678887,
        "per_id_keys": "1452875",
        "per_id_capacities": "600",
        "per_id_lengths": "73.6",
        "per_id_freespeeds": "30.0",
        "per_id_daily_avgs": "1",
        "per_id_permlanes": "1",
        "per_id_arrows": "\u2190",
        "per_id_directions": "forward",
        "searchable_text": "1452875|600|73.6|30.0|1",
        "daily_avg_volume": 1.0,
        "capacity": 600.0,
        "freespeed": 30.000000000000004,
        "modes": "car,car_passenger,taxi,truck",
        "isTarget": false,
        "link_1451949_outflow": 0,
        "link_1451949_inflow": 0
      }
    },
    {
      "type": "Feature",
      "geometry": {
        "type": "LineString",
        "coordinates": [
          [
            6.149176492388865,
            46.20983935664907
          ],
          [
            6.149595592405782,
            46.21020215664545
          ]
        ]
      },
      "properties": {
        "angle": 40.88157558975888,
        "per_id_keys": "1541515",
        "per_id_capacities": "600",
        "per_id_lengths": "51.7",
        "per_id_freespeeds": "30.0",
        "per_id_daily_avgs": "15",
        "per_id_permlanes": "1",
        "per_id_arrows": "\u2192",
        "per_id_directions": "forward",
        "searchable_text": "1541515|600|51.7|30.0|15",
        "daily_avg_volume": 15.0,
        "capacity": 600.0,
        "freespeed": 30.000000000000004,
        "modes": "car,car_passenger,taxi,truck",
        "isTarget": false,
        "link_1451949_outflow": 0,
        "link_1451949_inflow": 0
      }
    },
    {
      "type": "Feature",
      "geometry": {
        "type": "LineString",
        "coordinates": [
          [
            6.1500990924036785,
            46.20995345663528
          ],
          [
            6.149595592405782,
            46.21020215664545
          ]
        ]
      },
      "properties": {
        "angle": 153.71327980840022,
        "per_id_keys": "1541491|1541492",
        "per_id_capacities": "600|600",
        "per_id_lengths": "48.0|48.0",
        "per_id_freespeeds": "30.0|30.0",
        "per_id_daily_avgs": "1|0",
        "per_id_permlanes": "1|1",
        "per_id_arrows": "\u2192|\u2190",
        "per_id_directions": "reverse|forward",
        "searchable_text": "1541491|1541492|600|600|48.0|48.0|30.0|30.0|1|0",
        "daily_avg_volume": 1.0,
        "capacity": 1200.0,
        "freespeed": 30.000000000000004,
        "modes": "car,car_passenger,taxi,truck",
        "isTarget": false,
        "link_1451949_outflow": 0,
        "link_1451949_inflow": 0
      }
    },
    {
      "type": "Feature",
      "geometry": {
        "type": "LineString",
        "coordinates": [
          [
            6.148311692387588,
            46.210117756665355
          ],
          [
            6.148087092374667,
            46.2098052566663
          ]
        ]
      },
      "properties": {
        "angle": -125.70555965690266,
        "per_id_keys": "1582180|1582180_spec",
        "per_id_capacities": "600|600",
        "per_id_lengths": "38.8|38.8",
        "per_id_freespeeds": "30.0|30.0",
        "per_id_daily_avgs": "11|205",
        "per_id_permlanes": "1|1",
        "per_id_arrows": "\u2190|\u2190",
        "per_id_directions": "forward|forward",
        "searchable_text": "1582180|1582180_spec|600|600|38.8|38.8|30.0|30.0|11|205",
        "daily_avg_volume": 216.0,
        "capacity": 1200.0,
        "freespeed": 30.000000000000004,
        "modes": "bus,car,car_passenger,pt,taxi,truck",
        "isTarget": false,
        "link_1451949_outflow": 0,
        "link_1451949_inflow": 0
      }
    },
    {
      "type": "Feature",
      "geometry": {
        "type": "LineString",
        "coordinates": [
          [
            6.151922893092179,
            46.20014345818025
          ],
          [
            6.15134179309958,
            46.20058585819346
          ]
        ]
      },
      "properties": {
        "angle": 142.71744564409994,
        "per_id_keys": "146713|146714",
        "per_id_capacities": "300|300",
        "per_id_lengths": "101.4|101.4",
        "per_id_freespeeds": "20.0|20.0",
        "per_id_daily_avgs": "54|1",
        "per_id_permlanes": "1|1",
        "per_id_arrows": "\u2190|\u2192",
        "per_id_directions": "forward|reverse",
        "searchable_text": "146713|146714|300|300|101.4|101.4|20.0|20.0|54|1",
        "daily_avg_volume": 55.0,
        "capacity": 600.0,
        "freespeed": 20.0,
        "modes": "bus,car,car_passenger,pt,taxi,truck",
        "isTarget": false,
        "link_1451949_inflow": 0,
        "link_1451949_outflow": 0
      }
    },
    {
      "type": "Feature",
      "geometry": {
        "type": "LineString",
        "coordinates": [
          [
            6.151922893092179,
            46.20014345818025
          ],
          [
            6.152301493105303,
            46.200402558176464
          ]
        ]
      },
      "properties": {
        "angle": 34.38631075761545,
        "per_id_keys": "529305|529306",
        "per_id_capacities": "2000|3000",
        "per_id_lengths": "41.0|41.0",
        "per_id_freespeeds": "50.0|50.0",
        "per_id_daily_avgs": "193|141",
        "per_id_permlanes": "2|3",
        "per_id_arrows": "\u2190|\u2192",
        "per_id_directions": "reverse|forward",
        "searchable_text": "529305|529306|2000|3000|41.0|41.0|50.0|50.0|193|141",
        "daily_avg_volume": 334.0,
        "capacity": 5000.0,
        "freespeed": 50.0,
        "modes": "bus,car,car_passenger,pt,taxi,truck",
        "isTarget": false,
        "link_1451949_inflow": 35,
        "link_1451949_outflow": 0
      }
    },
    {
      "type": "Feature",
      "geometry": {
        "type": "LineString",
        "coordinates": [
          [
            6.151922893092179,
            46.20014345818025
          ],
          [
            6.151685893083826,
            46.19997665818259
          ]
        ]
      },
      "properties": {
        "angle": -144.86221538454814,
        "per_id_keys": "642746|642747|642747_spec",
        "per_id_capacities": "2000|2500|500",
        "per_id_lengths": "26.0|26.0|26.0",
        "per_id_freespeeds": "50.0|50.0|50.0",
        "per_id_daily_avgs": "141|29|113",
        "per_id_permlanes": "2|2|0",
        "per_id_arrows": "\u2190|\u2192|\u2192",
        "per_id_directions": "forward|reverse|reverse",
        "searchable_text": "642746|642747|642747_spec|2000|2500|500|26.0|26.0|26.0|50.0|50.0|50.0|141|29|113",
        "daily_avg_volume": 283.0,
        "capacity": 5000.0,
        "freespeed": 50.0,
        "modes": "bus,car,car_passenger,pt,taxi,truck",
        "isTarget": false,
        "link_1451949_inflow": 35,
        "link_1451949_outflow": 0
      }
    },
    {
      "type": "Feature",
      "geometry": {
        "type": "LineString",
        "coordinates": [
          [
            6.154704293164039,
            46.20130105814567
          ],
          [
            6.155096993166193,
            46.20122135813866
          ]
        ]
      },
      "properties": {
        "angle": -11.472577594165307,
        "per_id_keys": "1479449",
        "per_id_capacities": "1800",
        "per_id_lengths": "31.6",
        "per_id_freespeeds": "50.0",
        "per_id_daily_avgs": "80",
        "per_id_permlanes": "3",
        "per_id_arrows": "\u2192",
        "per_id_directions": "forward",
        "searchable_text": "1479449|1800|31.6|50.0|80",
        "daily_avg_volume": 80.0,
        "capacity": 1800.0,
        "freespeed": 50.0,
        "modes": "car,car_passenger,taxi,truck",
        "isTarget": false,
        "link_1451949_inflow": 0,
        "link_1451949_outflow": 0
      }
    },
    {
      "type": "Feature",
      "geometry": {
        "type": "LineString",
        "coordinates": [
          [
            6.155702093161683,
            46.20085725812574
          ],
          [
            6.155629893169165,
            46.20111275812914
          ]
        ]
      },
      "properties": {
        "angle": 105.77939721653172,
        "per_id_keys": "1479450|1479450_spec",
        "per_id_capacities": "1200|600",
        "per_id_lengths": "29.0|29.0",
        "per_id_freespeeds": "50.0|50.0",
        "per_id_daily_avgs": "2|102",
        "per_id_permlanes": "2|1",
        "per_id_arrows": "\u2190|\u2190",
        "per_id_directions": "forward|forward",
        "searchable_text": "1479450|1479450_spec|1200|600|29.0|29.0|50.0|50.0|2|102",
        "daily_avg_volume": 104.0,
        "capacity": 1800.0,
        "freespeed": 50.0,
        "modes": "bus,car,car_passenger,pt,taxi,truck",
        "isTarget": false,
        "link_1451949_inflow": 0,
        "link_1451949_outflow": 0
      }
    },
    {
      "type": "Feature",
      "geometry": {
        "type": "LineString",
        "coordinates": [
          [
            6.1554395931680785,
            46.201150758132584
          ],
          [
            6.155629893169165,
            46.20111275812914
          ]
        ]
      },
      "properties": {
        "angle": -11.292562277778444,
        "per_id_keys": "205409",
        "per_id_capacities": "1200",
        "per_id_lengths": "15.3",
        "per_id_freespeeds": "50.0",
        "per_id_daily_avgs": "74",
        "per_id_permlanes": "2",
        "per_id_arrows": "\u2192",
        "per_id_directions": "forward",
        "searchable_text": "205409|1200|15.3|50.0|74",
        "daily_avg_volume": 74.0,
        "capacity": 1200.0,
        "freespeed": 50.0,
        "modes": "car,car_passenger,taxi,truck",
        "isTarget": false,
        "link_1451949_inflow": 0,
        "link_1451949_outflow": 0
      }
    },
    {
      "type": "Feature",
      "geometry": {
        "type": "LineString",
        "coordinates": [
          [
            6.155702093161683,
            46.20085725812574
          ],
          [
            6.155334293158376,
            46.20089435813202
          ]
        ]
      },
      "properties": {
        "angle": 174.24005425917545,
        "per_id_keys": "1710052",
        "per_id_capacities": "600",
        "per_id_lengths": "31.5",
        "per_id_freespeeds": "25.0",
        "per_id_daily_avgs": "0",
        "per_id_permlanes": "1",
        "per_id_arrows": "\u2190",
        "per_id_directions": "forward",
        "searchable_text": "1710052|600|31.5|25.0|0",
        "daily_avg_volume": 0.0,
        "capacity": 600.0,
        "freespeed": 25.0,
        "modes": "car,car_passenger,taxi,truck",
        "isTarget": false,
        "link_1451949_inflow": 0,
        "link_1451949_outflow": 0
      }
    },
    {
      "type": "Feature",
      "geometry": {
        "type": "LineString",
        "coordinates": [
          [
            6.1554395931680785,
            46.201150758132584
          ],
          [
            6.155334293158376,
            46.20089435813202
          ]
        ]
      },
      "properties": {
        "angle": -112.32729240208528,
        "per_id_keys": "728595|728595_spec",
        "per_id_capacities": "600|600",
        "per_id_lengths": "29.6|29.6",
        "per_id_freespeeds": "50.0|50.0",
        "per_id_daily_avgs": "10|205",
        "per_id_permlanes": "1|1",
        "per_id_arrows": "\u2190|\u2190",
        "per_id_directions": "forward|forward",
        "searchable_text": "728595|728595_spec|600|600|29.6|29.6|50.0|50.0|10|205",
        "daily_avg_volume": 215.0,
        "capacity": 1200.0,
        "freespeed": 50.0,
        "modes": "bus,car,car_passenger,pt,taxi,truck",
        "isTarget": false,
        "link_1451949_inflow": 0,
        "link_1451949_outflow": 0
      }
    },
    {
      "type": "Feature",
      "geometry": {
        "type": "LineString",
        "coordinates": [
          [
            6.156177593128787,
            46.19967635810781
          ],
          [
            6.15607509313644,
            46.199948158111816
          ]
        ]
      },
      "properties": {
        "angle": 110.66223647883668,
        "per_id_keys": "1479451|1479451_spec",
        "per_id_capacities": "600|600",
        "per_id_lengths": "31.2|31.2",
        "per_id_freespeeds": "50.0|50.0",
        "per_id_daily_avgs": "1|102",
        "per_id_permlanes": "1|1",
        "per_id_arrows": "\u2190|\u2190",
        "per_id_directions": "forward|forward",
        "searchable_text": "1479451|1479451_spec|600|600|31.2|31.2|50.0|50.0|1|102",
        "daily_avg_volume": 103.0,
        "capacity": 1200.0,
        "freespeed": 50.0,
        "modes": "bus,car,car_passenger,pt,taxi,truck",
        "isTarget": false,
        "link_1451949_inflow": 0,
        "link_1451949_outflow": 0
      }
    },
    {
      "type": "Feature",
      "geometry": {
        "type": "LineString",
        "coordinates": [
          [
            6.15607509313644,
            46.199948158111816
          ],
          [
            6.155917493147294,
            46.20033805811779
          ]
        ]
      },
      "properties": {
        "angle": 112.0088628107046,
        "per_id_keys": "1479452|1479452_spec",
        "per_id_capacities": "600|600",
        "per_id_lengths": "45.0|45.0",
        "per_id_freespeeds": "50.0|50.0",
        "per_id_daily_avgs": "2|102",
        "per_id_permlanes": "1|1",
        "per_id_arrows": "\u2190|\u2190",
        "per_id_directions": "forward|forward",
        "searchable_text": "1479452|1479452_spec|600|600|45.0|45.0|50.0|50.0|2|102",
        "daily_avg_volume": 104.0,
        "capacity": 1200.0,
        "freespeed": 50.0,
        "modes": "bus,car,car_passenger,pt,taxi,truck",
        "isTarget": false,
        "link_1451949_inflow": 0,
        "link_1451949_outflow": 0
      }
    },
    {
      "type": "Feature",
      "geometry": {
        "type": "LineString",
        "coordinates": [
          [
            6.156719693153798,
            46.20023785810401
          ],
          [
            6.155917493147294,
            46.20033805811779
          ]
        ]
      },
      "properties": {
        "angle": 172.8802571368562,
        "per_id_keys": "207923|207924",
        "per_id_capacities": "300|300",
        "per_id_lengths": "64.6|64.6",
        "per_id_freespeeds": "10.0|10.0",
        "per_id_daily_avgs": "0|0",
        "per_id_permlanes": "1|1",
        "per_id_arrows": "\u2192|\u2190",
        "per_id_directions": "reverse|forward",
        "searchable_text": "207923|207924|300|300|64.6|64.6|10.0|10.0|0|0",
        "daily_avg_volume": 0.0,
        "capacity": 600.0,
        "freespeed": 10.0,
        "modes": "car,car_passenger,taxi,truck",
        "isTarget": false,
        "link_1451949_inflow": 0,
        "link_1451949_outflow": 0
      }
    },
    {
      "type": "Feature",
      "geometry": {
        "type": "LineString",
        "coordinates": [
          [
            6.155917493147294,
            46.20033805811779
          ],
          [
            6.155866293150392,
            46.20045155811962
          ]
        ]
      },
      "properties": {
        "angle": 114.28019694929631,
        "per_id_keys": "1479453|1479453_spec",
        "per_id_capacities": "600|600",
        "per_id_lengths": "13.9|13.9",
        "per_id_freespeeds": "50.0|50.0",
        "per_id_daily_avgs": "2|102",
        "per_id_permlanes": "1|1",
        "per_id_arrows": "\u2190|\u2190",
        "per_id_directions": "forward|forward",
        "searchable_text": "1479453|1479453_spec|600|600|13.9|13.9|50.0|50.0|2|102",
        "daily_avg_volume": 104.0,
        "capacity": 1200.0,
        "freespeed": 50.0,
        "modes": "bus,car,car_passenger,pt,taxi,truck",
        "isTarget": false,
        "link_1451949_inflow": 0,
        "link_1451949_outflow": 0
      }
    },
    {
      "type": "Feature",
      "geometry": {
        "type": "LineString",
        "coordinates": [
          [
            6.156521093095621,
            46.198536258092304
          ],
          [
            6.157265693075406,
            46.19764145807253
          ]
        ]
      },
      "properties": {
        "angle": -50.23476256457217,
        "per_id_keys": "1479454",
        "per_id_capacities": "600",
        "per_id_lengths": "114.9",
        "per_id_freespeeds": "15.0",
        "per_id_daily_avgs": "1",
        "per_id_permlanes": "1",
        "per_id_arrows": "\u2192",
        "per_id_directions": "forward",
        "searchable_text": "1479454|600|114.9|15.0|1",
        "daily_avg_volume": 1.0,
        "capacity": 600.0,
        "freespeed": 15.000000000000002,
        "modes": "car,car_passenger,taxi,truck",
        "isTarget": false,
        "link_1451949_inflow": 0,
        "link_1451949_outflow": 0
      }
    },
    {
      "type": "Feature",
      "geometry": {
        "type": "LineString",
        "coordinates": [
          [
            6.155866293150392,
            46.20045155811962
          ],
          [
            6.155758693157796,
            46.200717558123614
          ]
        ]
      },
      "properties": {
        "angle": 112.02388578010702,
        "per_id_keys": "788021|788021_spec",
        "per_id_capacities": "1200|600",
        "per_id_lengths": "30.7|30.7",
        "per_id_freespeeds": "50.0|50.0",
        "per_id_daily_avgs": "2|102",
        "per_id_permlanes": "2|1",
        "per_id_arrows": "\u2190|\u2190",
        "per_id_directions": "forward|forward",
        "searchable_text": "788021|788021_spec|1200|600|30.7|30.7|50.0|50.0|2|102",
        "daily_avg_volume": 104.0,
        "capacity": 1800.0,
        "freespeed": 50.0,
        "modes": "bus,car,car_passenger,pt,taxi,truck",
        "isTarget": false,
        "link_1451949_inflow": 0,
        "link_1451949_outflow": 0
      }
    },
    {
      "type": "Feature",
      "geometry": {
        "type": "LineString",
        "coordinates": [
          [
            6.156918593116951,
            46.19903895809029
          ],
          [
            6.156702893108715,
            46.1988680580923
          ]
        ]
      },
      "properties": {
        "angle": -141.6100708149069,
        "per_id_keys": "815500",
        "per_id_capacities": "4500",
        "per_id_lengths": "25.3",
        "per_id_freespeeds": "50.0",
        "per_id_daily_avgs": "63",
        "per_id_permlanes": "3",
        "per_id_arrows": "\u2190",
        "per_id_directions": "forward",
        "searchable_text": "815500|4500|25.3|50.0|63",
        "daily_avg_volume": 63.0,
        "capacity": 4500.0,
        "freespeed": 50.0,
        "modes": "car,car_passenger,taxi,truck",
        "isTarget": false,
        "link_1451949_inflow": 0,
        "link_1451949_outflow": 0
      }
    },
    {
      "type": "Feature",
      "geometry": {
        "type": "LineString",
        "coordinates": [
          [
            6.159860193213933,
            46.20090365805936
          ],
          [
            6.159514893204784,
            46.20075335806361
          ]
        ]
      },
      "properties": {
        "angle": -156.47777682808106,
        "per_id_keys": "1487011",
        "per_id_capacities": "6000",
        "per_id_lengths": "31.5",
        "per_id_freespeeds": "50.0",
        "per_id_daily_avgs": "170",
        "per_id_permlanes": "4",
        "per_id_arrows": "\u2190",
        "per_id_directions": "forward",
        "searchable_text": "1487011|6000|31.5|50.0|170",
        "daily_avg_volume": 170.0,
        "capacity": 6000.0,
        "freespeed": 50.0,
        "modes": "bus,car,car_passenger,taxi,truck",
        "isTarget": false,
        "link_1451949_inflow": 0,
        "link_1451949_outflow": 0
      }
    },
    {
      "type": "Feature",
      "geometry": {
        "type": "LineString",
        "coordinates": [
          [
            6.160294393228383,
            46.20118295805482
          ],
          [
            6.160349593228323,
            46.20116075805376
          ]
        ]
      },
      "properties": {
        "angle": -21.908705798631154,
        "per_id_keys": "493500|493501",
        "per_id_capacities": "3000|3000",
        "per_id_lengths": "13.9|13.9",
        "per_id_freespeeds": "50.0|50.0",
        "per_id_daily_avgs": "332|89",
        "per_id_permlanes": "2|2",
        "per_id_arrows": "\u2192|\u2190",
        "per_id_directions": "forward|reverse",
        "searchable_text": "493500|493501|3000|3000|13.9|13.9|50.0|50.0|332|89",
        "daily_avg_volume": 421.0,
        "capacity": 6000.0,
        "freespeed": 50.0,
        "modes": "bus,car,car_passenger,pt,taxi,truck",
        "isTarget": false,
        "link_1451949_inflow": 9,
        "link_1451949_outflow": 0
      }
    },
    {
      "type": "Feature",
      "geometry": {
        "type": "LineString",
        "coordinates": [
          [
            6.153020793115425,
            46.20044435816524
          ],
          [
            6.152909893116547,
            46.2005195581677
          ]
        ]
      },
      "properties": {
        "angle": 145.85925968975414,
        "per_id_keys": "529380|529381",
        "per_id_capacities": "2000|1000",
        "per_id_lengths": "13.9|13.9",
        "per_id_freespeeds": "50.0|50.0",
        "per_id_daily_avgs": "86|85",
        "per_id_permlanes": "2|1",
        "per_id_arrows": "\u2190|\u2192",
        "per_id_directions": "forward|reverse",
        "searchable_text": "529380|529381|2000|1000|13.9|13.9|50.0|50.0|86|85",
        "daily_avg_volume": 171.0,
        "capacity": 3000.0,
        "freespeed": 50.0,
        "modes": "bus,car,car_passenger,pt,taxi,truck",
        "isTarget": false,
        "link_1451949_inflow": 17,
        "link_1451949_outflow": 0
      }
    },
    {
      "type": "Feature",
      "geometry": {
        "type": "LineString",
        "coordinates": [
          [
            6.153058993152901,
            46.20157415817454
          ],
          [
            6.153365093150345,
            46.20138185816791
          ]
        ]
      },
      "properties": {
        "angle": -32.13811042131228,
        "per_id_keys": "396238",
        "per_id_capacities": "600",
        "per_id_lengths": "33.7",
        "per_id_freespeeds": "50.0",
        "per_id_daily_avgs": "205",
        "per_id_permlanes": "1",
        "per_id_arrows": "\u2192",
        "per_id_directions": "forward",
        "searchable_text": "396238|600|33.7|50.0|205",
        "daily_avg_volume": 205.0,
        "capacity": 600.0,
        "freespeed": 50.0,
        "modes": "bus,car,car_passenger,pt,taxi,truck",
        "isTarget": false,
        "link_1451949_inflow": 0,
        "link_1451949_outflow": 0
      }
    },
    {
      "type": "Feature",
      "geometry": {
        "type": "LineString",
        "coordinates": [
          [
            6.158019993237016,
            46.20229375810108
          ],
          [
            6.157852893230994,
            46.20217225810272
          ]
        ]
      },
      "properties": {
        "angle": -143.97874473480437,
        "per_id_keys": "783081",
        "per_id_capacities": "1800",
        "per_id_lengths": "18.7",
        "per_id_freespeeds": "15.0",
        "per_id_daily_avgs": "6",
        "per_id_permlanes": "3",
        "per_id_arrows": "\u2190",
        "per_id_directions": "forward",
        "searchable_text": "783081|1800|18.7|15.0|6",
        "daily_avg_volume": 6.0,
        "capacity": 1800.0,
        "freespeed": 15.000000000000002,
        "modes": "car,car_passenger,taxi,truck",
        "isTarget": false,
        "link_1451949_inflow": 0,
        "link_1451949_outflow": 0
      }
    },
    {
      "type": "Feature",
      "geometry": {
        "type": "LineString",
        "coordinates": [
          [
            6.156288893096199,
            46.19863955809693
          ],
          [
            6.155377993071916,
            46.19823815810807
          ]
        ]
      },
      "properties": {
        "angle": -156.21868492132396,
        "per_id_keys": "1505582",
        "per_id_capacities": "3000",
        "per_id_lengths": "83.3",
        "per_id_freespeeds": "50.0",
        "per_id_daily_avgs": "176",
        "per_id_permlanes": "2",
        "per_id_arrows": "\u2190",
        "per_id_directions": "forward",
        "searchable_text": "1505582|3000|83.3|50.0|176",
        "daily_avg_volume": 176.0,
        "capacity": 3000.0,
        "freespeed": 50.0,
        "modes": "bus,car,car_passenger,pt,taxi,truck",
        "isTarget": false,
        "link_1451949_inflow": 0,
        "link_1451949_outflow": 0
      }
    },
    {
      "type": "Feature",
      "geometry": {
        "type": "LineString",
        "coordinates": [
          [
            6.155047693094688,
            46.19905655812056
          ],
          [
            6.155377993071916,
            46.19823815810807
          ]
        ]
      },
      "properties": {
        "angle": -68.02137439722793,
        "per_id_keys": "1802533|1802533_spec",
        "per_id_capacities": "3000|1500",
        "per_id_lengths": "105.7|105.7",
        "per_id_freespeeds": "50.0|50.0",
        "per_id_daily_avgs": "23|182",
        "per_id_permlanes": "2|1",
        "per_id_arrows": "\u2192|\u2192",
        "per_id_directions": "forward|forward",
        "searchable_text": "1802533|1802533_spec|3000|1500|105.7|105.7|50.0|50.0|23|182",
        "daily_avg_volume": 205.0,
        "capacity": 4500.0,
        "freespeed": 50.0,
        "modes": "bus,car,car_passenger,pt,taxi,truck",
        "isTarget": false,
        "link_1451949_inflow": 0,
        "link_1451949_outflow": 0
      }
    },
    {
      "type": "Feature",
      "geometry": {
        "type": "LineString",
        "coordinates": [
          [
            6.157227393268334,
            46.20354515812476
          ],
          [
            6.157390893268007,
            46.20347355812155
          ]
        ]
      },
      "properties": {
        "angle": -23.649597295816903,
        "per_id_keys": "1518907",
        "per_id_capacities": "300",
        "per_id_lengths": "14.9",
        "per_id_freespeeds": "30.0",
        "per_id_daily_avgs": "8",
        "per_id_permlanes": "1",
        "per_id_arrows": "\u2192",
        "per_id_directions": "forward",
        "searchable_text": "1518907|300|14.9|30.0|8",
        "daily_avg_volume": 8.0,
        "capacity": 300.0,
        "freespeed": 30.000000000000004,
        "modes": "car,car_passenger,taxi,truck",
        "isTarget": false,
        "link_1451949_inflow": 0,
        "link_1451949_outflow": 0
      }
    },
    {
      "type": "Feature",
      "geometry": {
        "type": "LineString",
        "coordinates": [
          [
            6.162372993272828,
            46.20176625802655
          ],
          [
            6.161866293261823,
            46.201619158033395
          ]
        ]
      },
      "properties": {
        "angle": -163.8114676071473,
        "per_id_keys": "88723|88724|88724_spec",
        "per_id_capacities": "1500|1500|500",
        "per_id_lengths": "42.4|42.4|42.4",
        "per_id_freespeeds": "50.0|50.0|50.0",
        "per_id_daily_avgs": "268|73|300",
        "per_id_permlanes": "1|1|0",
        "per_id_arrows": "\u2192|\u2190|\u2190",
        "per_id_directions": "reverse|forward|forward",
        "searchable_text": "88723|88724|88724_spec|1500|1500|500|42.4|42.4|42.4|50.0|50.0|50.0|268|73|300",
        "daily_avg_volume": 641.0,
        "capacity": 3500.0,
        "freespeed": 50.0,
        "modes": "bus,car,car_passenger,pt,taxi,truck",
        "isTarget": false,
        "link_1451949_inflow": 6,
        "link_1451949_outflow": 0
      }
    },
    {
      "type": "Feature",
      "geometry": {
        "type": "LineString",
        "coordinates": [
          [
            6.145472093260134,
            46.20767255834975
          ],
          [
            6.144307493217619,
            46.2068090583609
          ]
        ]
      },
      "properties": {
        "angle": -143.44468234995657,
        "per_id_keys": "1529514",
        "per_id_capacities": "300",
        "per_id_lengths": "131.5",
        "per_id_freespeeds": "20.0",
        "per_id_daily_avgs": "16",
        "per_id_permlanes": "1",
        "per_id_arrows": "\u2190",
        "per_id_directions": "forward",
        "searchable_text": "1529514|300|131.5|20.0|16",
        "daily_avg_volume": 16.0,
        "capacity": 300.0,
        "freespeed": 20.0,
        "modes": "car,car_passenger,taxi,truck",
        "isTarget": false,
        "link_1451949_outflow": 3,
        "link_1451949_inflow": 0
      }
    },
    {
      "type": "Feature",
      "geometry": {
        "type": "LineString",
        "coordinates": [
          [
            6.144307493217619,
            46.2068090583609
          ],
          [
            6.14420219321389,
            46.20673445836196
          ]
        ]
      },
      "properties": {
        "angle": -144.68425906595564,
        "per_id_keys": "1529515",
        "per_id_capacities": "300",
        "per_id_lengths": "11.6",
        "per_id_freespeeds": "20.0",
        "per_id_daily_avgs": "16",
        "per_id_permlanes": "1",
        "per_id_arrows": "\u2190",
        "per_id_directions": "forward",
        "searchable_text": "1529515|300|11.6|20.0|16",
        "daily_avg_volume": 16.0,
        "capacity": 300.0,
        "freespeed": 20.0,
        "modes": "car,car_passenger,taxi,truck",
        "isTarget": false,
        "link_1451949_outflow": 3,
        "link_1451949_inflow": 0
      }
    },
    {
      "type": "Feature",
      "geometry": {
        "type": "LineString",
        "coordinates": [
          [
            6.145593593273494,
            46.20803535835098
          ],
          [
            6.1454596932751535,
            46.208135858354
          ]
        ]
      },
      "properties": {
        "angle": 143.10956752054446,
        "per_id_keys": "1541463|1541464",
        "per_id_capacities": "600|1200",
        "per_id_lengths": "15.2|15.2",
        "per_id_freespeeds": "15.0|15.0",
        "per_id_daily_avgs": "104|2",
        "per_id_permlanes": "1|2",
        "per_id_arrows": "\u2190|\u2192",
        "per_id_directions": "forward|reverse",
        "searchable_text": "1541463|1541464|600|1200|15.2|15.2|15.0|15.0|104|2",
        "daily_avg_volume": 106.0,
        "capacity": 1800.0,
        "freespeed": 15.000000000000002,
        "modes": "bus,car,car_passenger,taxi,truck",
        "isTarget": false,
        "link_1451949_outflow": 54,
        "link_1451949_inflow": 0
      }
    },
    {
      "type": "Feature",
      "geometry": {
        "type": "LineString",
        "coordinates": [
          [
            6.1451721932770065,
            46.20829905836007
          ],
          [
            6.1454596932751535,
            46.208135858354
          ]
        ]
      },
      "properties": {
        "angle": -29.581506111129116,
        "per_id_keys": "812620",
        "per_id_capacities": "1200",
        "per_id_lengths": "28.7",
        "per_id_freespeeds": "15.0",
        "per_id_daily_avgs": "2",
        "per_id_permlanes": "2",
        "per_id_arrows": "\u2192",
        "per_id_directions": "forward",
        "searchable_text": "812620|1200|28.7|15.0|2",
        "daily_avg_volume": 2.0,
        "capacity": 1200.0,
        "freespeed": 15.000000000000002,
        "modes": "car,car_passenger,taxi,truck",
        "isTarget": false,
        "link_1451949_outflow": 0,
        "link_1451949_inflow": 0
      }
    },
    {
      "type": "Feature",
      "geometry": {
        "type": "LineString",
        "coordinates": [
          [
            6.145593593273494,
            46.20803535835098
          ],
          [
            6.145260893270202,
            46.20805805835652
          ]
        ]
      },
      "properties": {
        "angle": 176.09677825651278,
        "per_id_keys": "612394|612395|612395_spec",
        "per_id_capacities": "3000|2250|750",
        "per_id_lengths": "25.8|25.8|25.8",
        "per_id_freespeeds": "30.0|30.0|30.0",
        "per_id_daily_avgs": "583|128|298",
        "per_id_permlanes": "2|1|0",
        "per_id_arrows": "\u2192|\u2190|\u2190",
        "per_id_directions": "reverse|forward|forward",
        "searchable_text": "612394|612395|612395_spec|3000|2250|750|25.8|25.8|25.8|30.0|30.0|30.0|583|128|298",
        "daily_avg_volume": 1009.0,
        "capacity": 6000.0,
        "freespeed": 30.000000000000004,
        "modes": "bus,car,car_passenger,pt,taxi,truck",
        "isTarget": false,
        "link_1451949_outflow": 523,
        "link_1451949_inflow": 0
      }
    },
    {
      "type": "Feature",
      "geometry": {
        "type": "LineString",
        "coordinates": [
          [
            6.145047393268189,
            46.20807675836012
          ],
          [
            6.145260893270202,
            46.20805805835652
          ]
        ]
      },
      "properties": {
        "angle": -5.005639069955871,
        "per_id_keys": "538926|538926_spec|538927|538927_spec",
        "per_id_capacities": "2250|750|2250|750",
        "per_id_lengths": "16.6|16.6|16.6|16.6",
        "per_id_freespeeds": "30.0|30.0|30.0|30.0",
        "per_id_daily_avgs": "175|408|128|298",
        "per_id_permlanes": "1|0|1|0",
        "per_id_arrows": "\u2192|\u2192|\u2190|\u2190",
        "per_id_directions": "forward|forward|reverse|reverse",
        "searchable_text": "538926|538926_spec|538927|538927_spec|2250|750|2250|750|16.6|16.6|16.6|16.6|30.0|30.0|30.0|30.0|175|408|128|298",
        "daily_avg_volume": 1009.0,
        "capacity": 6000.0,
        "freespeed": 30.000000000000004,
        "modes": "bus,car,car_passenger,pt,taxi,truck",
        "isTarget": false,
        "link_1451949_outflow": 523,
        "link_1451949_inflow": 0
      }
    },
    {
      "type": "Feature",
      "geometry": {
        "type": "LineString",
        "coordinates": [
          [
            6.148187892348557,
            46.208971156657526
          ],
          [
            6.147689692353005,
            46.209289256668235
          ]
        ]
      },
      "properties": {
        "angle": 147.44182479300775,
        "per_id_keys": "1619965|1619966",
        "per_id_capacities": "600|600",
        "per_id_lengths": "52.2|52.2",
        "per_id_freespeeds": "30.0|30.0",
        "per_id_daily_avgs": "2|1",
        "per_id_permlanes": "1|1",
        "per_id_arrows": "\u2192|\u2190",
        "per_id_directions": "reverse|forward",
        "searchable_text": "1619965|1619966|600|600|52.2|52.2|30.0|30.0|2|1",
        "daily_avg_volume": 3.0,
        "capacity": 1200.0,
        "freespeed": 30.000000000000004,
        "modes": "car,car_passenger,taxi,truck",
        "isTarget": false,
        "link_1451949_outflow": 0,
        "link_1451949_inflow": 0
      }
    },
    {
      "type": "Feature",
      "geometry": {
        "type": "LineString",
        "coordinates": [
          [
            6.148087092374667,
            46.2098052566663
          ],
          [
            6.147689692353005,
            46.209289256668235
          ]
        ]
      },
      "properties": {
        "angle": -127.60184900604574,
        "per_id_keys": "1582181|1582181_spec",
        "per_id_capacities": "600|600",
        "per_id_lengths": "65.3|65.3",
        "per_id_freespeeds": "30.0|30.0",
        "per_id_daily_avgs": "19|205",
        "per_id_permlanes": "1|1",
        "per_id_arrows": "\u2190|\u2190",
        "per_id_directions": "forward|forward",
        "searchable_text": "1582181|1582181_spec|600|600|65.3|65.3|30.0|30.0|19|205",
        "daily_avg_volume": 224.0,
        "capacity": 1200.0,
        "freespeed": 30.000000000000004,
        "modes": "bus,car,car_passenger,pt,taxi,truck",
        "isTarget": false,
        "link_1451949_outflow": 0,
        "link_1451949_inflow": 0
      }
    },
    {
      "type": "Feature",
      "geometry": {
        "type": "LineString",
        "coordinates": [
          [
            6.148187892348557,
            46.208971156657526
          ],
          [
            6.14913949238733,
            46.20980685664941
          ]
        ]
      },
      "properties": {
        "angle": 41.28976735124815,
        "per_id_keys": "1541513",
        "per_id_capacities": "600",
        "per_id_lengths": "118.4",
        "per_id_freespeeds": "30.0",
        "per_id_daily_avgs": "16",
        "per_id_permlanes": "1",
        "per_id_arrows": "\u2192",
        "per_id_directions": "forward",
        "searchable_text": "1541513|600|118.4|30.0|16",
        "daily_avg_volume": 16.0,
        "capacity": 600.0,
        "freespeed": 30.000000000000004,
        "modes": "car,car_passenger,taxi,truck",
        "isTarget": false,
        "link_1451949_outflow": 1,
        "link_1451949_inflow": 0
      }
    },
    {
      "type": "Feature",
      "geometry": {
        "type": "LineString",
        "coordinates": [
          [
            6.148187892348557,
            46.208971156657526
          ],
          [
            6.149424192360712,
            46.20888895663695
          ]
        ]
      },
      "properties": {
        "angle": -3.803924937705378,
        "per_id_keys": "515766|515767",
        "per_id_capacities": "600|600",
        "per_id_lengths": "100.2|100.2",
        "per_id_freespeeds": "15.0|15.0",
        "per_id_daily_avgs": "3|0",
        "per_id_permlanes": "1|1",
        "per_id_arrows": "\u2192|\u2190",
        "per_id_directions": "forward|reverse",
        "searchable_text": "515766|515767|600|600|100.2|100.2|15.0|15.0|3|0",
        "daily_avg_volume": 3.0,
        "capacity": 1200.0,
        "freespeed": 15.000000000000002,
        "modes": "car,car_passenger,taxi,truck",
        "isTarget": false,
        "link_1451949_outflow": 0,
        "link_1451949_inflow": 0
      }
    },
    {
      "type": "Feature",
      "geometry": {
        "type": "LineString",
        "coordinates": [
          [
            6.149892392365935,
            46.20887675662934
          ],
          [
            6.149424192360712,
            46.20888895663695
          ]
        ]
      },
      "properties": {
        "angle": 178.5073669410126,
        "per_id_keys": "858688",
        "per_id_capacities": "600",
        "per_id_lengths": "36.7",
        "per_id_freespeeds": "15.0",
        "per_id_daily_avgs": "0",
        "per_id_permlanes": "1",
        "per_id_arrows": "\u2190",
        "per_id_directions": "forward",
        "searchable_text": "858688|600|36.7|15.0|0",
        "daily_avg_volume": 0.0,
        "capacity": 600.0,
        "freespeed": 15.000000000000002,
        "modes": "car,car_passenger,taxi,truck",
        "isTarget": false,
        "link_1451949_outflow": 0,
        "link_1451949_inflow": 0
      }
    },
    {
      "type": "Feature",
      "geometry": {
        "type": "LineString",
        "coordinates": [
          [
            6.14913949238733,
            46.20980685664941
          ],
          [
            6.149176492388865,
            46.20983935664907
          ]
        ]
      },
      "properties": {
        "angle": 41.295371083640575,
        "per_id_keys": "1541514",
        "per_id_capacities": "600",
        "per_id_lengths": "8.3",
        "per_id_freespeeds": "30.0",
        "per_id_daily_avgs": "16",
        "per_id_permlanes": "1",
        "per_id_arrows": "\u2192",
        "per_id_directions": "forward",
        "searchable_text": "1541514|600|8.3|30.0|16",
        "daily_avg_volume": 16.0,
        "capacity": 600.0,
        "freespeed": 30.000000000000004,
        "modes": "car,car_passenger,taxi,truck",
        "isTarget": false,
        "link_1451949_outflow": 1,
        "link_1451949_inflow": 0
      }
    },
    {
      "type": "Feature",
      "geometry": {
        "type": "LineString",
        "coordinates": [
          [
            6.144476792294418,
            46.20867805671459
          ],
          [
            6.1451721932770065,
            46.20829905836007
          ]
        ]
      },
      "properties": {
        "angle": -28.590690183466776,
        "per_id_keys": "1541531",
        "per_id_capacities": "1200",
        "per_id_lengths": "68.2",
        "per_id_freespeeds": "15.0",
        "per_id_daily_avgs": "2",
        "per_id_permlanes": "2",
        "per_id_arrows": "\u2192",
        "per_id_directions": "forward",
        "searchable_text": "1541531|1200|68.2|15.0|2",
        "daily_avg_volume": 2.0,
        "capacity": 1200.0,
        "freespeed": 15.000000000000002,
        "modes": "car,car_passenger,taxi,truck",
        "isTarget": false,
        "link_1451949_outflow": 0,
        "link_1451949_inflow": 0
      }
    },
    {
      "type": "Feature",
      "geometry": {
        "type": "LineString",
        "coordinates": [
          [
            6.144476792294418,
            46.20867805671459
          ],
          [
            6.1440047932626145,
            46.208294258378764
          ]
        ]
      },
      "properties": {
        "angle": -140.88427624272305,
        "per_id_keys": "612396|612397",
        "per_id_capacities": "600|600",
        "per_id_lengths": "56.3|56.3",
        "per_id_freespeeds": "15.0|15.0",
        "per_id_daily_avgs": "2|0",
        "per_id_permlanes": "1|1",
        "per_id_arrows": "\u2192|\u2190",
        "per_id_directions": "reverse|forward",
        "searchable_text": "612396|612397|600|600|56.3|56.3|15.0|15.0|2|0",
        "daily_avg_volume": 2.0,
        "capacity": 1200.0,
        "freespeed": 15.000000000000002,
        "modes": "car,car_passenger,taxi,truck",
        "isTarget": false,
        "link_1451949_outflow": 0,
        "link_1451949_inflow": 0
      }
    },
    {
      "type": "Feature",
      "geometry": {
        "type": "LineString",
        "coordinates": [
          [
            6.155629893169165,
            46.20111275812914
          ],
          [
            6.156510593174516,
            46.200948058113624
          ]
        ]
      },
      "properties": {
        "angle": -10.592550757218255,
        "per_id_keys": "1556182",
        "per_id_capacities": "600",
        "per_id_lengths": "70.4",
        "per_id_freespeeds": "15.0",
        "per_id_daily_avgs": "0",
        "per_id_permlanes": "1",
        "per_id_arrows": "\u2192",
        "per_id_directions": "forward",
        "searchable_text": "1556182|600|70.4|15.0|0",
        "daily_avg_volume": 0.0,
        "capacity": 600.0,
        "freespeed": 15.000000000000002,
        "modes": "bus,car,car_passenger,taxi,truck",
        "isTarget": false,
        "link_1451949_inflow": 0,
        "link_1451949_outflow": 0
      }
    },
    {
      "type": "Feature",
      "geometry": {
        "type": "LineString",
        "coordinates": [
          [
            6.155629893169165,
            46.20111275812914
          ],
          [
            6.155626693170493,
            46.20115425812957
          ]
        ]
      },
      "properties": {
        "angle": 94.40926102791511,
        "per_id_keys": "205404",
        "per_id_capacities": "1800",
        "per_id_lengths": "13.9",
        "per_id_freespeeds": "50.0",
        "per_id_daily_avgs": "178",
        "per_id_permlanes": "3",
        "per_id_arrows": "\u2190",
        "per_id_directions": "forward",
        "searchable_text": "205404|1800|13.9|50.0|178",
        "daily_avg_volume": 178.0,
        "capacity": 1800.0,
        "freespeed": 50.0,
        "modes": "bus,car,car_passenger,pt,taxi,truck",
        "isTarget": false,
        "link_1451949_inflow": 0,
        "link_1451949_outflow": 0
      }
    },
    {
      "type": "Feature",
      "geometry": {
        "type": "LineString",
        "coordinates": [
          [
            6.155460093169953,
            46.20120035813268
          ],
          [
            6.155455793169537,
            46.20118955813261
          ]
        ]
      },
      "properties": {
        "angle": -111.70988453919303,
        "per_id_keys": "205401",
        "per_id_capacities": "1200",
        "per_id_lengths": "13.9",
        "per_id_freespeeds": "50.0",
        "per_id_daily_avgs": "209",
        "per_id_permlanes": "2",
        "per_id_arrows": "\u2190",
        "per_id_directions": "forward",
        "searchable_text": "205401|1200|13.9|50.0|209",
        "daily_avg_volume": 209.0,
        "capacity": 1200.0,
        "freespeed": 50.0,
        "modes": "bus,car,car_passenger,pt,taxi,truck",
        "isTarget": false,
        "link_1451949_inflow": 0,
        "link_1451949_outflow": 0
      }
    },
    {
      "type": "Feature",
      "geometry": {
        "type": "LineString",
        "coordinates": [
          [
            6.155455793169537,
            46.20118955813261
          ],
          [
            6.1554395931680785,
            46.201150758132584
          ]
        ]
      },
      "properties": {
        "angle": -112.66179561477611,
        "per_id_keys": "205402",
        "per_id_capacities": "1200",
        "per_id_lengths": "13.9",
        "per_id_freespeeds": "50.0",
        "per_id_daily_avgs": "209",
        "per_id_permlanes": "2",
        "per_id_arrows": "\u2190",
        "per_id_directions": "forward",
        "searchable_text": "205402|1200|13.9|50.0|209",
        "daily_avg_volume": 209.0,
        "capacity": 1200.0,
        "freespeed": 50.0,
        "modes": "bus,car,car_passenger,pt,taxi,truck",
        "isTarget": false,
        "link_1451949_inflow": 0,
        "link_1451949_outflow": 0
      }
    },
    {
      "type": "Feature",
      "geometry": {
        "type": "LineString",
        "coordinates": [
          [
            6.155096993166193,
            46.20122135813866
          ],
          [
            6.1554395931680785,
            46.201150758132584
          ]
        ]
      },
      "properties": {
        "angle": -11.644015778178483,
        "per_id_keys": "787975",
        "per_id_capacities": "1800",
        "per_id_lengths": "27.6",
        "per_id_freespeeds": "50.0",
        "per_id_daily_avgs": "80",
        "per_id_permlanes": "3",
        "per_id_arrows": "\u2192",
        "per_id_directions": "forward",
        "searchable_text": "787975|1800|27.6|50.0|80",
        "daily_avg_volume": 80.0,
        "capacity": 1800.0,
        "freespeed": 50.0,
        "modes": "car,car_passenger,taxi,truck",
        "isTarget": false,
        "link_1451949_inflow": 0,
        "link_1451949_outflow": 0
      }
    },
    {
      "type": "Feature",
      "geometry": {
        "type": "LineString",
        "coordinates": [
          [
            6.155626693170493,
            46.20115425812957
          ],
          [
            6.15562619317087,
            46.201166058129694
          ]
        ]
      },
      "properties": {
        "angle": 92.42633397911455,
        "per_id_keys": "205405",
        "per_id_capacities": "1800",
        "per_id_lengths": "13.9",
        "per_id_freespeeds": "50.0",
        "per_id_daily_avgs": "178",
        "per_id_permlanes": "3",
        "per_id_arrows": "\u2190",
        "per_id_directions": "forward",
        "searchable_text": "205405|1800|13.9|50.0|178",
        "daily_avg_volume": 178.0,
        "capacity": 1800.0,
        "freespeed": 50.0,
        "modes": "bus,car,car_passenger,pt,taxi,truck",
        "isTarget": false,
        "link_1451949_inflow": 0,
        "link_1451949_outflow": 0
      }
    },
    {
      "type": "Feature",
      "geometry": {
        "type": "LineString",
        "coordinates": [
          [
            6.156525293176007,
            46.20098835811371
          ],
          [
            6.156529593176396,
            46.20099895811369
          ]
        ]
      },
      "properties": {
        "angle": 67.91955299424461,
        "per_id_keys": "56965",
        "per_id_capacities": "600",
        "per_id_lengths": "4.2",
        "per_id_freespeeds": "15.0",
        "per_id_daily_avgs": "0",
        "per_id_permlanes": "1",
        "per_id_arrows": "\u2192",
        "per_id_directions": "forward",
        "searchable_text": "56965|600|4.2|15.0|0",
        "daily_avg_volume": 0.0,
        "capacity": 600.0,
        "freespeed": 15.000000000000002,
        "modes": "bus,car,car_passenger,taxi,truck",
        "isTarget": false,
        "link_1451949_inflow": 0,
        "link_1451949_outflow": 0
      }
    },
    {
      "type": "Feature",
      "geometry": {
        "type": "LineString",
        "coordinates": [
          [
            6.15859589328754,
            46.20362115810346
          ],
          [
            6.1578409932653075,
            46.20322405811209
          ]
        ]
      },
      "properties": {
        "angle": -152.25428748349816,
        "per_id_keys": "1559875",
        "per_id_capacities": "600",
        "per_id_lengths": "73.4",
        "per_id_freespeeds": "30.0",
        "per_id_daily_avgs": "1",
        "per_id_permlanes": "1",
        "per_id_arrows": "\u2190",
        "per_id_directions": "forward",
        "searchable_text": "1559875|600|73.4|30.0|1",
        "daily_avg_volume": 1.0,
        "capacity": 600.0,
        "freespeed": 30.000000000000004,
        "modes": "car,car_passenger,taxi,truck",
        "isTarget": false,
        "link_1451949_inflow": 0,
        "link_1451949_outflow": 0
      }
    },
    {
      "type": "Feature",
      "geometry": {
        "type": "LineString",
        "coordinates": [
          [
            6.1530552931539955,
            46.20160865817489
          ],
          [
            6.153058993152901,
            46.20157415817454
          ]
        ]
      },
      "properties": {
        "angle": -83.87863443266384,
        "per_id_keys": "396237",
        "per_id_capacities": "600",
        "per_id_lengths": "13.9",
        "per_id_freespeeds": "50.0",
        "per_id_daily_avgs": "205",
        "per_id_permlanes": "1",
        "per_id_arrows": "\u2192",
        "per_id_directions": "forward",
        "searchable_text": "396237|600|13.9|50.0|205",
        "daily_avg_volume": 205.0,
        "capacity": 600.0,
        "freespeed": 50.0,
        "modes": "bus,car,car_passenger,pt,taxi,truck",
        "isTarget": false,
        "link_1451949_inflow": 0,
        "link_1451949_outflow": 0
      }
    },
    {
      "type": "Feature",
      "geometry": {
        "type": "LineString",
        "coordinates": [
          [
            6.154389793101446,
            46.19950755813506
          ],
          [
            6.154493993100412,
            46.199436958132786
          ]
        ]
      },
      "properties": {
        "angle": -34.11933705915487,
        "per_id_keys": "836428|836428_spec|836429",
        "per_id_capacities": "2250|750|3000",
        "per_id_lengths": "13.9|13.9|13.9",
        "per_id_freespeeds": "50.0|50.0|50.0",
        "per_id_daily_avgs": "11|79|136",
        "per_id_permlanes": "1|0|2",
        "per_id_arrows": "\u2190|\u2190|\u2192",
        "per_id_directions": "reverse|reverse|forward",
        "searchable_text": "836428|836428_spec|836429|2250|750|3000|13.9|13.9|13.9|50.0|50.0|50.0|11|79|136",
        "daily_avg_volume": 226.0,
        "capacity": 6000.0,
        "freespeed": 50.0,
        "modes": "bus,car,car_passenger,pt,taxi,truck",
        "isTarget": false,
        "link_1451949_inflow": 2,
        "link_1451949_outflow": 0
      }
    },
    {
      "type": "Feature",
      "geometry": {
        "type": "LineString",
        "coordinates": [
          [
            6.154778693109988,
            46.19962305812984
          ],
          [
            6.154493993100412,
            46.199436958132786
          ]
        ]
      },
      "properties": {
        "angle": -146.82853915796142,
        "per_id_keys": "1826804",
        "per_id_capacities": "600",
        "per_id_lengths": "30.3",
        "per_id_freespeeds": "25.0",
        "per_id_daily_avgs": "6",
        "per_id_permlanes": "1",
        "per_id_arrows": "\u2190",
        "per_id_directions": "forward",
        "searchable_text": "1826804|600|30.3|25.0|6",
        "daily_avg_volume": 6.0,
        "capacity": 600.0,
        "freespeed": 25.0,
        "modes": "car,car_passenger,taxi,truck",
        "isTarget": false,
        "link_1451949_inflow": 0,
        "link_1451949_outflow": 0
      }
    },
    {
      "type": "Feature",
      "geometry": {
        "type": "LineString",
        "coordinates": [
          [
            6.1538233932033855,
            46.20283015817325
          ],
          [
            6.153697993193013,
            46.202559958172856
          ]
        ]
      },
      "properties": {
        "angle": -114.89604768075203,
        "per_id_keys": "1582216",
        "per_id_capacities": "1200",
        "per_id_lengths": "31.6",
        "per_id_freespeeds": "50.0",
        "per_id_daily_avgs": "136",
        "per_id_permlanes": "2",
        "per_id_arrows": "\u2190",
        "per_id_directions": "forward",
        "searchable_text": "1582216|1200|31.6|50.0|136",
        "daily_avg_volume": 136.0,
        "capacity": 1200.0,
        "freespeed": 50.0,
        "modes": "bus,car,car_passenger,taxi,truck",
        "isTarget": false,
        "link_1451949_inflow": 0,
        "link_1451949_outflow": 0
      }
    },
    {
      "type": "Feature",
      "geometry": {
        "type": "LineString",
        "coordinates": [
          [
            6.152884393212701,
            46.20346455819386
          ],
          [
            6.1530518932135605,
            46.20342865819083
          ]
        ]
      },
      "properties": {
        "angle": -12.09709403562832,
        "per_id_keys": "1632853|1632854",
        "per_id_capacities": "3000|6000",
        "per_id_lengths": "13.9|13.9",
        "per_id_freespeeds": "50.0|50.0",
        "per_id_daily_avgs": "253|694",
        "per_id_permlanes": "2|4",
        "per_id_arrows": "\u2190|\u2192",
        "per_id_directions": "reverse|forward",
        "searchable_text": "1632853|1632854|3000|6000|13.9|13.9|50.0|50.0|253|694",
        "daily_avg_volume": 947.0,
        "capacity": 9000.0,
        "freespeed": 50.0,
        "modes": "bus,car,car_passenger,pt,taxi,truck",
        "isTarget": false,
        "link_1451949_inflow": 252,
        "link_1451949_outflow": 0
      }
    },
    {
      "type": "Feature",
      "geometry": {
        "type": "LineString",
        "coordinates": [
          [
            6.152785393212176,
            46.2034849581956
          ],
          [
            6.1514126932048185,
            46.20377155822021
          ]
        ]
      },
      "properties": {
        "angle": 168.20687705343082,
        "per_id_keys": "1605853|1605854",
        "per_id_capacities": "3000|6000",
        "per_id_lengths": "110.6|110.6",
        "per_id_freespeeds": "50.0|50.0",
        "per_id_daily_avgs": "254|695",
        "per_id_permlanes": "2|4",
        "per_id_arrows": "\u2190|\u2192",
        "per_id_directions": "forward|reverse",
        "searchable_text": "1605853|1605854|3000|6000|110.6|110.6|50.0|50.0|254|695",
        "daily_avg_volume": 949.0,
        "capacity": 9000.0,
        "freespeed": 50.0,
        "modes": "bus,car,car_passenger,pt,taxi,truck",
        "isTarget": false,
        "link_1451949_inflow": 252,
        "link_1451949_outflow": 0
      }
    },
    {
      "type": "Feature",
      "geometry": {
        "type": "LineString",
        "coordinates": [
          [
            6.150618593199619,
            46.20390845823415
          ],
          [
            6.1514126932048185,
            46.20377155822021
          ]
        ]
      },
      "properties": {
        "angle": -9.781441474968615,
        "per_id_keys": "698400",
        "per_id_capacities": "4500",
        "per_id_lengths": "63.4",
        "per_id_freespeeds": "50.0",
        "per_id_daily_avgs": "695",
        "per_id_permlanes": "3",
        "per_id_arrows": "\u2192",
        "per_id_directions": "forward",
        "searchable_text": "698400|4500|63.4|50.0|695",
        "daily_avg_volume": 695.0,
        "capacity": 4500.0,
        "freespeed": 50.0,
        "modes": "bus,car,car_passenger,pt,taxi,truck",
        "isTarget": false,
        "link_1451949_inflow": 0,
        "link_1451949_outflow": 0
      }
    },
    {
      "type": "Feature",
      "geometry": {
        "type": "LineString",
        "coordinates": [
          [
            6.152785393212176,
            46.2034849581956
          ],
          [
            6.152884393212701,
            46.20346455819386
          ]
        ]
      },
      "properties": {
        "angle": -11.643432407389547,
        "per_id_keys": "494446|494447",
        "per_id_capacities": "3000|6000",
        "per_id_lengths": "13.9|13.9",
        "per_id_freespeeds": "50.0|50.0",
        "per_id_daily_avgs": "253|694",
        "per_id_permlanes": "2|4",
        "per_id_arrows": "\u2190|\u2192",
        "per_id_directions": "reverse|forward",
        "searchable_text": "494446|494447|3000|6000|13.9|13.9|50.0|50.0|253|694",
        "daily_avg_volume": 947.0,
        "capacity": 9000.0,
        "freespeed": 50.0,
        "modes": "bus,car,car_passenger,pt,taxi,truck",
        "isTarget": false,
        "link_1451949_inflow": 252,
        "link_1451949_outflow": 0
      }
    },
    {
      "type": "Feature",
      "geometry": {
        "type": "LineString",
        "coordinates": [
          [
            6.1514126932048185,
            46.20377155822021
          ],
          [
            6.15107549320484,
            46.20389825822672
          ]
        ]
      },
      "properties": {
        "angle": 159.40672095956475,
        "per_id_keys": "215227",
        "per_id_capacities": "4500",
        "per_id_lengths": "29.6",
        "per_id_freespeeds": "50.0",
        "per_id_daily_avgs": "254",
        "per_id_permlanes": "3",
        "per_id_arrows": "\u2190",
        "per_id_directions": "forward",
        "searchable_text": "215227|4500|29.6|50.0|254",
        "daily_avg_volume": 254.0,
        "capacity": 4500.0,
        "freespeed": 50.0,
        "modes": "car,car_passenger,taxi,truck",
        "isTarget": false,
        "link_1451949_inflow": 252,
        "link_1451949_outflow": 0
      }
    },
    {
      "type": "Feature",
      "geometry": {
        "type": "LineString",
        "coordinates": [
          [
            6.153315493098667,
            46.19982265815507
          ],
          [
            6.153815493107206,
            46.199897158147714
          ]
        ]
      },
      "properties": {
        "angle": 8.47472144670246,
        "per_id_keys": "160723",
        "per_id_capacities": "1500",
        "per_id_lengths": "40.7",
        "per_id_freespeeds": "50.0",
        "per_id_daily_avgs": "25",
        "per_id_permlanes": "1",
        "per_id_arrows": "\u2192",
        "per_id_directions": "forward",
        "searchable_text": "160723|1500|40.7|50.0|25",
        "daily_avg_volume": 25.0,
        "capacity": 1500.0,
        "freespeed": 50.0,
        "modes": "car,car_passenger,taxi,truck",
        "isTarget": false,
        "link_1451949_inflow": 0,
        "link_1451949_outflow": 0
      }
    },
    {
      "type": "Feature",
      "geometry": {
        "type": "LineString",
        "coordinates": [
          [
            6.153843493106911,
            46.199878158147094
          ],
          [
            6.153815493107206,
            46.199897158147714
          ]
        ]
      },
      "properties": {
        "angle": 145.84030430486422,
        "per_id_keys": "836426|836426_spec|836427",
        "per_id_capacities": "2250|750|3000",
        "per_id_lengths": "13.9|13.9|13.9",
        "per_id_freespeeds": "50.0|50.0|50.0",
        "per_id_daily_avgs": "13|79|138",
        "per_id_permlanes": "1|0|2",
        "per_id_arrows": "\u2190|\u2190|\u2192",
        "per_id_directions": "forward|forward|reverse",
        "searchable_text": "836426|836426_spec|836427|2250|750|3000|13.9|13.9|13.9|50.0|50.0|50.0|13|79|138",
        "daily_avg_volume": 230.0,
        "capacity": 6000.0,
        "freespeed": 50.0,
        "modes": "bus,car,car_passenger,pt,taxi,truck",
        "isTarget": false,
        "link_1451949_inflow": 2,
        "link_1451949_outflow": 0
      }
    },
    {
      "type": "Feature",
      "geometry": {
        "type": "LineString",
        "coordinates": [
          [
            6.153624093109482,
            46.20003835815201
          ],
          [
            6.153815493107206,
            46.199897158147714
          ]
        ]
      },
      "properties": {
        "angle": -36.41701525917638,
        "per_id_keys": "477705|477705_spec|477706|477706_spec",
        "per_id_capacities": "2250|750|750|750",
        "per_id_lengths": "21.6|21.6|21.6|21.6",
        "per_id_freespeeds": "50.0|50.0|50.0|50.0",
        "per_id_daily_avgs": "13|79|34|79",
        "per_id_permlanes": "1|0|0|0",
        "per_id_arrows": "\u2190|\u2190|\u2192|\u2192",
        "per_id_directions": "reverse|reverse|forward|forward",
        "searchable_text": "477705|477705_spec|477706|477706_spec|2250|750|750|750|21.6|21.6|21.6|21.6|50.0|50.0|50.0|50.0|13|79|34|79",
        "daily_avg_volume": 205.0,
        "capacity": 4500.0,
        "freespeed": 50.0,
        "modes": "bus,car,car_passenger,pt,taxi,truck",
        "isTarget": false,
        "link_1451949_inflow": 2,
        "link_1451949_outflow": 0
      }
    },
    {
      "type": "Feature",
      "geometry": {
        "type": "LineString",
        "coordinates": [
          [
            6.153315493098667,
            46.19982265815507
          ],
          [
            6.153624093109482,
            46.20003835815201
          ]
        ]
      },
      "properties": {
        "angle": 34.95212538916651,
        "per_id_keys": "45242",
        "per_id_capacities": "3000",
        "per_id_lengths": "33.8",
        "per_id_freespeeds": "50.0",
        "per_id_daily_avgs": "80",
        "per_id_permlanes": "2",
        "per_id_arrows": "\u2192",
        "per_id_directions": "forward",
        "searchable_text": "45242|3000|33.8|50.0|80",
        "daily_avg_volume": 80.0,
        "capacity": 3000.0,
        "freespeed": 50.0,
        "modes": "car,car_passenger,taxi,truck",
        "isTarget": false,
        "link_1451949_inflow": 1,
        "link_1451949_outflow": 0
      }
    },
    {
      "type": "Feature",
      "geometry": {
        "type": "LineString",
        "coordinates": [
          [
            6.153481793110971,
            46.20013655815514
          ],
          [
            6.153624093109482,
            46.20003835815201
          ]
        ]
      },
      "properties": {
        "angle": -34.60922258788664,
        "per_id_keys": "29181|29181_spec|29182",
        "per_id_capacities": "2250|750|2250",
        "per_id_lengths": "22.2|22.2|22.2",
        "per_id_freespeeds": "80.0|80.0|80.0",
        "per_id_daily_avgs": "13|79|117",
        "per_id_permlanes": "1|0|1",
        "per_id_arrows": "\u2190|\u2190|\u2192",
        "per_id_directions": "reverse|reverse|forward",
        "searchable_text": "29181|29181_spec|29182|2250|750|2250|22.2|22.2|22.2|80.0|80.0|80.0|13|79|117",
        "daily_avg_volume": 209.0,
        "capacity": 5250.0,
        "freespeed": 80.0,
        "modes": "bus,car,car_passenger,pt,taxi,truck",
        "isTarget": false,
        "link_1451949_inflow": 17,
        "link_1451949_outflow": 0
      }
    },
    {
      "type": "Feature",
      "geometry": {
        "type": "LineString",
        "coordinates": [
          [
            6.147800792339656,
            46.2088409566626
          ],
          [
            6.148187892348557,
            46.208971156657526
          ]
        ]
      },
      "properties": {
        "angle": 18.590220485476397,
        "per_id_keys": "858682",
        "per_id_capacities": "1200",
        "per_id_lengths": "34.9",
        "per_id_freespeeds": "15.0",
        "per_id_daily_avgs": "18",
        "per_id_permlanes": "2",
        "per_id_arrows": "\u2192",
        "per_id_directions": "forward",
        "searchable_text": "858682|1200|34.9|15.0|18",
        "daily_avg_volume": 18.0,
        "capacity": 1200.0,
        "freespeed": 15.000000000000002,
        "modes": "car,car_passenger,taxi,truck",
        "isTarget": false,
        "link_1451949_outflow": 2,
        "link_1451949_inflow": 0
      }
    },
    {
      "type": "Feature",
      "geometry": {
        "type": "LineString",
        "coordinates": [
          [
            6.147689692353005,
            46.209289256668235
          ],
          [
            6.1472956923408,
            46.2090611566726
          ]
        ]
      },
      "properties": {
        "angle": -149.9319916614296,
        "per_id_keys": "858683|858683_spec",
        "per_id_capacities": "1200|600",
        "per_id_lengths": "39.6|39.6",
        "per_id_freespeeds": "30.0|30.0",
        "per_id_daily_avgs": "19|205",
        "per_id_permlanes": "2|1",
        "per_id_arrows": "\u2190|\u2190",
        "per_id_directions": "forward|forward",
        "searchable_text": "858683|858683_spec|1200|600|39.6|39.6|30.0|30.0|19|205",
        "daily_avg_volume": 224.0,
        "capacity": 1800.0,
        "freespeed": 30.000000000000004,
        "modes": "bus,car,car_passenger,pt,taxi,truck",
        "isTarget": false,
        "link_1451949_outflow": 0,
        "link_1451949_inflow": 0
      }
    },
    {
      "type": "Feature",
      "geometry": {
        "type": "LineString",
        "coordinates": [
          [
            6.156137793216198,
            46.20235925813193
          ],
          [
            6.156079493213889,
            46.202310358132415
          ]
        ]
      },
      "properties": {
        "angle": -140.0112541150832,
        "per_id_keys": "205415",
        "per_id_capacities": "600",
        "per_id_lengths": "13.9",
        "per_id_freespeeds": "50.0",
        "per_id_daily_avgs": "144",
        "per_id_permlanes": "1",
        "per_id_arrows": "\u2190",
        "per_id_directions": "forward",
        "searchable_text": "205415|600|13.9|50.0|144",
        "daily_avg_volume": 144.0,
        "capacity": 600.0,
        "freespeed": 50.0,
        "modes": "bus,car,car_passenger,pt,taxi,truck",
        "isTarget": false,
        "link_1451949_inflow": 0,
        "link_1451949_outflow": 0
      }
    },
    {
      "type": "Feature",
      "geometry": {
        "type": "LineString",
        "coordinates": [
          [
            6.150070793183081,
            46.203607758240345
          ],
          [
            6.14996759318255,
            46.20363015824216
          ]
        ]
      },
      "properties": {
        "angle": 167.7536662375787,
        "per_id_keys": "1632855|1632855_spec",
        "per_id_capacities": "600|600",
        "per_id_lengths": "13.9|13.9",
        "per_id_freespeeds": "50.0|50.0",
        "per_id_daily_avgs": "21|325",
        "per_id_permlanes": "1|1",
        "per_id_arrows": "\u2190|\u2190",
        "per_id_directions": "forward|forward",
        "searchable_text": "1632855|1632855_spec|600|600|13.9|13.9|50.0|50.0|21|325",
        "daily_avg_volume": 346.0,
        "capacity": 1200.0,
        "freespeed": 50.0,
        "modes": "bus,car,car_passenger,pt,taxi,truck",
        "isTarget": false,
        "link_1451949_inflow": 0,
        "link_1451949_outflow": 0
      }
    },
    {
      "type": "Feature",
      "geometry": {
        "type": "LineString",
        "coordinates": [
          [
            6.146058792399049,
            46.21129365671159
          ],
          [
            6.145154592349155,
            46.21010115671595
          ]
        ]
      },
      "properties": {
        "angle": -127.17082453949261,
        "per_id_keys": "1649201",
        "per_id_capacities": "600",
        "per_id_lengths": "149.8",
        "per_id_freespeeds": "30.0",
        "per_id_daily_avgs": "7",
        "per_id_permlanes": "1",
        "per_id_arrows": "\u2190",
        "per_id_directions": "forward",
        "searchable_text": "1649201|600|149.8|30.0|7",
        "daily_avg_volume": 7.0,
        "capacity": 600.0,
        "freespeed": 30.000000000000004,
        "modes": "car,car_passenger,taxi,truck",
        "isTarget": false,
        "link_1451949_outflow": 0,
        "link_1451949_inflow": 0
      }
    },
    {
      "type": "Feature",
      "geometry": {
        "type": "LineString",
        "coordinates": [
          [
            6.152015793151821,
            46.2019289581944
          ],
          [
            6.152038793151355,
            46.201907158193826
          ]
        ]
      },
      "properties": {
        "angle": -43.46565983346167,
        "per_id_keys": "178030",
        "per_id_capacities": "600",
        "per_id_lengths": "4.2",
        "per_id_freespeeds": "15.0",
        "per_id_daily_avgs": "382",
        "per_id_permlanes": "1",
        "per_id_arrows": "\u2192",
        "per_id_directions": "forward",
        "searchable_text": "178030|600|4.2|15.0|382",
        "daily_avg_volume": 382.0,
        "capacity": 600.0,
        "freespeed": 15.000000000000002,
        "modes": "bus,car,car_passenger,pt,taxi,truck",
        "isTarget": false,
        "link_1451949_inflow": 0,
        "link_1451949_outflow": 0
      }
    },
    {
      "type": "Feature",
      "geometry": {
        "type": "LineString",
        "coordinates": [
          [
            6.152015793151821,
            46.2019289581944
          ],
          [
            6.152008493151249,
            46.20191405819434
          ]
        ]
      },
      "properties": {
        "angle": -116.10175476678631,
        "per_id_keys": "1882711",
        "per_id_capacities": "600",
        "per_id_lengths": "6.9",
        "per_id_freespeeds": "25.0",
        "per_id_daily_avgs": "80",
        "per_id_permlanes": "1",
        "per_id_arrows": "\u2190",
        "per_id_directions": "forward",
        "searchable_text": "1882711|600|6.9|25.0|80",
        "daily_avg_volume": 80.0,
        "capacity": 600.0,
        "freespeed": 25.0,
        "modes": "bus,car,car_passenger,pt,taxi,truck",
        "isTarget": false,
        "link_1451949_inflow": 0,
        "link_1451949_outflow": 0
      }
    },
    {
      "type": "Feature",
      "geometry": {
        "type": "LineString",
        "coordinates": [
          [
            6.1617047932865665,
            46.20243455804314
          ],
          [
            6.162372993272828,
            46.20176625802655
          ]
        ]
      },
      "properties": {
        "angle": -45.004288301789416,
        "per_id_keys": "56923",
        "per_id_capacities": "600",
        "per_id_lengths": "90.5",
        "per_id_freespeeds": "30.0",
        "per_id_daily_avgs": "2",
        "per_id_permlanes": "1",
        "per_id_arrows": "\u2192",
        "per_id_directions": "forward",
        "searchable_text": "56923|600|90.5|30.0|2",
        "daily_avg_volume": 2.0,
        "capacity": 600.0,
        "freespeed": 30.000000000000004,
        "modes": "car,car_passenger,taxi,truck",
        "isTarget": false,
        "link_1451949_inflow": 0,
        "link_1451949_outflow": 0
      }
    },
    {
      "type": "Feature",
      "geometry": {
        "type": "LineString",
        "coordinates": [
          [
            6.15038519318485,
            46.20354485823473
          ],
          [
            6.1504657931918265,
            46.20372795823502
          ]
        ]
      },
      "properties": {
        "angle": 66.24106643963496,
        "per_id_keys": "1760802",
        "per_id_capacities": "1200",
        "per_id_lengths": "21.3",
        "per_id_freespeeds": "50.0",
        "per_id_daily_avgs": "420",
        "per_id_permlanes": "2",
        "per_id_arrows": "\u2192",
        "per_id_directions": "forward",
        "searchable_text": "1760802|1200|21.3|50.0|420",
        "daily_avg_volume": 420.0,
        "capacity": 1200.0,
        "freespeed": 50.0,
        "modes": "bus,car,car_passenger,pt,taxi,truck",
        "isTarget": false,
        "link_1451949_inflow": 418,
        "link_1451949_outflow": 0
      }
    },
    {
      "type": "Feature",
      "geometry": {
        "type": "LineString",
        "coordinates": [
          [
            6.155994793206209,
            46.20210755813201
          ],
          [
            6.155941193203375,
            46.202041058132274
          ]
        ]
      },
      "properties": {
        "angle": -128.86933818181683,
        "per_id_keys": "1681235",
        "per_id_capacities": "600",
        "per_id_lengths": "13.9",
        "per_id_freespeeds": "50.0",
        "per_id_daily_avgs": "246",
        "per_id_permlanes": "1",
        "per_id_arrows": "\u2190",
        "per_id_directions": "forward",
        "searchable_text": "1681235|600|13.9|50.0|246",
        "daily_avg_volume": 246.0,
        "capacity": 600.0,
        "freespeed": 50.0,
        "modes": "bus,car,car_passenger,pt,taxi,truck",
        "isTarget": false,
        "link_1451949_inflow": 0,
        "link_1451949_outflow": 0
      }
    },
    {
      "type": "Feature",
      "geometry": {
        "type": "LineString",
        "coordinates": [
          [
            6.155994793206209,
            46.20210755813201
          ],
          [
            6.156129093201153,
            46.201902658128056
          ]
        ]
      },
      "properties": {
        "angle": -56.75749746795757,
        "per_id_keys": "1710049",
        "per_id_capacities": "600",
        "per_id_lengths": "26.4",
        "per_id_freespeeds": "50.0",
        "per_id_daily_avgs": "198",
        "per_id_permlanes": "1",
        "per_id_arrows": "\u2192",
        "per_id_directions": "forward",
        "searchable_text": "1710049|600|26.4|50.0|198",
        "daily_avg_volume": 198.0,
        "capacity": 600.0,
        "freespeed": 50.0,
        "modes": "bus,car,car_passenger,pt,taxi,truck",
        "isTarget": false,
        "link_1451949_inflow": 0,
        "link_1451949_outflow": 0
      }
    },
    {
      "type": "Feature",
      "geometry": {
        "type": "LineString",
        "coordinates": [
          [
            6.156435493204255,
            46.20188455812296
          ],
          [
            6.156129093201153,
            46.201902658128056
          ]
        ]
      },
      "properties": {
        "angle": 176.61928819460158,
        "per_id_keys": "1710095|1710096",
        "per_id_capacities": "900|1200",
        "per_id_lengths": "23.7|23.7",
        "per_id_freespeeds": "50.0|50.0",
        "per_id_daily_avgs": "246|10",
        "per_id_permlanes": "1|2",
        "per_id_arrows": "\u2192|\u2190",
        "per_id_directions": "reverse|forward",
        "searchable_text": "1710095|1710096|900|1200|23.7|23.7|50.0|50.0|246|10",
        "daily_avg_volume": 256.0,
        "capacity": 2100.0,
        "freespeed": 50.0,
        "modes": "bus,car,car_passenger,pt,taxi,truck",
        "isTarget": false,
        "link_1451949_inflow": 0,
        "link_1451949_outflow": 0
      }
    },
    {
      "type": "Feature",
      "geometry": {
        "type": "LineString",
        "coordinates": [
          [
            6.155970093194115,
            46.201747958129246
          ],
          [
            6.156129093201153,
            46.201902658128056
          ]
        ]
      },
      "properties": {
        "angle": 44.21467360516086,
        "per_id_keys": "788018",
        "per_id_capacities": "1800",
        "per_id_lengths": "21.2",
        "per_id_freespeeds": "50.0",
        "per_id_daily_avgs": "291",
        "per_id_permlanes": "3",
        "per_id_arrows": "\u2192",
        "per_id_directions": "forward",
        "searchable_text": "788018|1800|21.2|50.0|291",
        "daily_avg_volume": 291.0,
        "capacity": 1800.0,
        "freespeed": 50.0,
        "modes": "bus,car,car_passenger,pt,taxi,truck",
        "isTarget": false,
        "link_1451949_inflow": 0,
        "link_1451949_outflow": 0
      }
    },
    {
      "type": "Feature",
      "geometry": {
        "type": "LineString",
        "coordinates": [
          [
            6.14746529325928,
            46.20690435831102
          ],
          [
            6.14658139324124,
            46.20668285832328
          ]
        ]
      },
      "properties": {
        "angle": -165.9317325564883,
        "per_id_keys": "1696487",
        "per_id_capacities": "300",
        "per_id_lengths": "72.6",
        "per_id_freespeeds": "10.0",
        "per_id_daily_avgs": "4",
        "per_id_permlanes": "1",
        "per_id_arrows": "\u2190",
        "per_id_directions": "forward",
        "searchable_text": "1696487|300|72.6|10.0|4",
        "daily_avg_volume": 4.0,
        "capacity": 300.0,
        "freespeed": 10.0,
        "modes": "car,car_passenger,taxi,truck",
        "isTarget": false,
        "link_1451949_outflow": 2,
        "link_1451949_inflow": 0
      }
    },
    {
      "type": "Feature",
      "geometry": {
        "type": "LineString",
        "coordinates": [
          [
            6.158663393248276,
            46.20239865809166
          ],
          [
            6.158019993237016,
            46.20229375810108
          ]
        ]
      },
      "properties": {
        "angle": -170.73996802254825,
        "per_id_keys": "1710046",
        "per_id_capacities": "1200",
        "per_id_lengths": "52.1",
        "per_id_freespeeds": "30.0",
        "per_id_daily_avgs": "6",
        "per_id_permlanes": "2",
        "per_id_arrows": "\u2190",
        "per_id_directions": "forward",
        "searchable_text": "1710046|1200|52.1|30.0|6",
        "daily_avg_volume": 6.0,
        "capacity": 1200.0,
        "freespeed": 30.000000000000004,
        "modes": "car,car_passenger,taxi,truck",
        "isTarget": false,
        "link_1451949_inflow": 0,
        "link_1451949_outflow": 0
      }
    },
    {
      "type": "Feature",
      "geometry": {
        "type": "LineString",
        "coordinates": [
          [
            6.15843849325259,
            46.202613358097175
          ],
          [
            6.158019993237016,
            46.20229375810108
          ]
        ]
      },
      "properties": {
        "angle": -142.63175965147357,
        "per_id_keys": "200998",
        "per_id_capacities": "600",
        "per_id_lengths": "48.3",
        "per_id_freespeeds": "30.0",
        "per_id_daily_avgs": "0",
        "per_id_permlanes": "1",
        "per_id_arrows": "\u2190",
        "per_id_directions": "forward",
        "searchable_text": "200998|600|48.3|30.0|0",
        "daily_avg_volume": 0.0,
        "capacity": 600.0,
        "freespeed": 30.000000000000004,
        "modes": "car,car_passenger,taxi,truck",
        "isTarget": false,
        "link_1451949_inflow": 0,
        "link_1451949_outflow": 0
      }
    },
    {
      "type": "Feature",
      "geometry": {
        "type": "LineString",
        "coordinates": [
          [
            6.156129093201153,
            46.201902658128056
          ],
          [
            6.15631649320818,
            46.20204775812632
          ]
        ]
      },
      "properties": {
        "angle": 37.74988715210692,
        "per_id_keys": "1755297",
        "per_id_capacities": "1800",
        "per_id_lengths": "21.7",
        "per_id_freespeeds": "50.0",
        "per_id_daily_avgs": "243",
        "per_id_permlanes": "3",
        "per_id_arrows": "\u2192",
        "per_id_directions": "forward",
        "searchable_text": "1755297|1800|21.7|50.0|243",
        "daily_avg_volume": 243.0,
        "capacity": 1800.0,
        "freespeed": 50.0,
        "modes": "bus,car,car_passenger,pt,taxi,truck",
        "isTarget": false,
        "link_1451949_inflow": 0,
        "link_1451949_outflow": 0
      }
    },
    {
      "type": "Feature",
      "geometry": {
        "type": "LineString",
        "coordinates": [
          [
            6.156129093201153,
            46.201902658128056
          ],
          [
            6.15582249319314,
            46.20177305813185
          ]
        ]
      },
      "properties": {
        "angle": -157.0861920357789,
        "per_id_keys": "205403",
        "per_id_capacities": "1200",
        "per_id_lengths": "28.3",
        "per_id_freespeeds": "25.0",
        "per_id_daily_avgs": "10",
        "per_id_permlanes": "2",
        "per_id_arrows": "\u2190",
        "per_id_directions": "forward",
        "searchable_text": "205403|1200|28.3|25.0|10",
        "daily_avg_volume": 10.0,
        "capacity": 1200.0,
        "freespeed": 25.0,
        "modes": "car,car_passenger,taxi,truck",
        "isTarget": false,
        "link_1451949_inflow": 0,
        "link_1451949_outflow": 0
      }
    },
    {
      "type": "Feature",
      "geometry": {
        "type": "LineString",
        "coordinates": [
          [
            6.1559107932011745,
            46.20198535813229
          ],
          [
            6.15582249319314,
            46.20177305813185
          ]
        ]
      },
      "properties": {
        "angle": -112.58344710744204,
        "per_id_keys": "205408|205408_spec",
        "per_id_capacities": "600|600",
        "per_id_lengths": "24.6|24.6",
        "per_id_freespeeds": "50.0|50.0",
        "per_id_daily_avgs": "0|232",
        "per_id_permlanes": "1|1",
        "per_id_arrows": "\u2190|\u2190",
        "per_id_directions": "forward|forward",
        "searchable_text": "205408|205408_spec|600|600|24.6|24.6|50.0|50.0|0|232",
        "daily_avg_volume": 232.0,
        "capacity": 1200.0,
        "freespeed": 50.0,
        "modes": "bus,car,car_passenger,pt,taxi,truck",
        "isTarget": false,
        "link_1451949_inflow": 0,
        "link_1451949_outflow": 0
      }
    },
    {
      "type": "Feature",
      "geometry": {
        "type": "LineString",
        "coordinates": [
          [
            6.154982493188788,
            46.201952658146915
          ],
          [
            6.15582249319314,
            46.20177305813185
          ]
        ]
      },
      "properties": {
        "angle": -12.068669572280616,
        "per_id_keys": "56963",
        "per_id_capacities": "600",
        "per_id_lengths": "67.8",
        "per_id_freespeeds": "50.0",
        "per_id_daily_avgs": "1",
        "per_id_permlanes": "1",
        "per_id_arrows": "\u2192",
        "per_id_directions": "forward",
        "searchable_text": "56963|600|67.8|50.0|1",
        "daily_avg_volume": 1.0,
        "capacity": 600.0,
        "freespeed": 50.0,
        "modes": "car,car_passenger,taxi,truck",
        "isTarget": false,
        "link_1451949_inflow": 0,
        "link_1451949_outflow": 0
      }
    },
    {
      "type": "Feature",
      "geometry": {
        "type": "LineString",
        "coordinates": [
          [
            6.154835993052636,
            46.1978512581134
          ],
          [
            6.154458993039268,
            46.19758355811711
          ]
        ]
      },
      "properties": {
        "angle": -144.62221832520163,
        "per_id_keys": "653034|653034_spec",
        "per_id_capacities": "4500|1500",
        "per_id_lengths": "41.6|41.6",
        "per_id_freespeeds": "50.0|50.0",
        "per_id_daily_avgs": "97|284",
        "per_id_permlanes": "3|1",
        "per_id_arrows": "\u2190|\u2190",
        "per_id_directions": "forward|forward",
        "searchable_text": "653034|653034_spec|4500|1500|41.6|41.6|50.0|50.0|97|284",
        "daily_avg_volume": 381.0,
        "capacity": 6000.0,
        "freespeed": 50.0,
        "modes": "bus,car,car_passenger,pt,taxi,truck",
        "isTarget": false,
        "link_1451949_inflow": 0,
        "link_1451949_outflow": 0
      }
    },
    {
      "type": "Feature",
      "geometry": {
        "type": "LineString",
        "coordinates": [
          [
            6.150512693196177,
            46.20384315823529
          ],
          [
            6.150533593199013,
            46.20392205823563
          ]
        ]
      },
      "properties": {
        "angle": 75.16353875724857,
        "per_id_keys": "1760801",
        "per_id_capacities": "1200",
        "per_id_lengths": "13.9",
        "per_id_freespeeds": "50.0",
        "per_id_daily_avgs": "420",
        "per_id_permlanes": "2",
        "per_id_arrows": "\u2192",
        "per_id_directions": "forward",
        "searchable_text": "1760801|1200|13.9|50.0|420",
        "daily_avg_volume": 420.0,
        "capacity": 1200.0,
        "freespeed": 50.0,
        "modes": "bus,car,car_passenger,pt,taxi,truck",
        "isTarget": false,
        "link_1451949_inflow": 418,
        "link_1451949_outflow": 0
      }
    },
    {
      "type": "Feature",
      "geometry": {
        "type": "LineString",
        "coordinates": [
          [
            6.150227093197098,
            46.20397735824105
          ],
          [
            6.150533593199013,
            46.20392205823563
          ]
        ]
      },
      "properties": {
        "angle": -10.227511871695246,
        "per_id_keys": "698397",
        "per_id_capacities": "600",
        "per_id_lengths": "24.4",
        "per_id_freespeeds": "50.0",
        "per_id_daily_avgs": "7",
        "per_id_permlanes": "1",
        "per_id_arrows": "\u2192",
        "per_id_directions": "forward",
        "searchable_text": "698397|600|24.4|50.0|7",
        "daily_avg_volume": 7.0,
        "capacity": 600.0,
        "freespeed": 50.0,
        "modes": "car,car_passenger,taxi,truck",
        "isTarget": false,
        "link_1451949_inflow": 0,
        "link_1451949_outflow": 0
      }
    },
    {
      "type": "Feature",
      "geometry": {
        "type": "LineString",
        "coordinates": [
          [
            6.153651293168842,
            46.2018401581673
          ],
          [
            6.153799793182389,
            46.20219835816805
          ]
        ]
      },
      "properties": {
        "angle": 67.48242876130735,
        "per_id_keys": "1771852",
        "per_id_capacities": "1200",
        "per_id_lengths": "41.5",
        "per_id_freespeeds": "25.0",
        "per_id_daily_avgs": "143",
        "per_id_permlanes": "2",
        "per_id_arrows": "\u2192",
        "per_id_directions": "forward",
        "searchable_text": "1771852|1200|41.5|25.0|143",
        "daily_avg_volume": 143.0,
        "capacity": 1200.0,
        "freespeed": 25.0,
        "modes": "bus,car,car_passenger,pt,taxi,truck",
        "isTarget": false,
        "link_1451949_inflow": 10,
        "link_1451949_outflow": 0
      }
    },
    {
      "type": "Feature",
      "geometry": {
        "type": "LineString",
        "coordinates": [
          [
            6.153651293168842,
            46.2018401581673
          ],
          [
            6.1535478931689145,
            46.20188065816934
          ]
        ]
      },
      "properties": {
        "angle": 158.61057548454264,
        "per_id_keys": "68617",
        "per_id_capacities": "600",
        "per_id_lengths": "13.9",
        "per_id_freespeeds": "50.0",
        "per_id_daily_avgs": "25",
        "per_id_permlanes": "1",
        "per_id_arrows": "\u2190",
        "per_id_directions": "forward",
        "searchable_text": "68617|600|13.9|50.0|25",
        "daily_avg_volume": 25.0,
        "capacity": 600.0,
        "freespeed": 50.0,
        "modes": "bus,car,car_passenger,pt,taxi,truck",
        "isTarget": false,
        "link_1451949_inflow": 2,
        "link_1451949_outflow": 0
      }
    },
    {
      "type": "Feature",
      "geometry": {
        "type": "LineString",
        "coordinates": [
          [
            6.146108693281588,
            46.20809055834317
          ],
          [
            6.14589329327326,
            46.2079162583451
          ]
        ]
      },
      "properties": {
        "angle": -141.02048717002026,
        "per_id_keys": "812638",
        "per_id_capacities": "1800",
        "per_id_lengths": "25.6",
        "per_id_freespeeds": "50.0",
        "per_id_daily_avgs": "26",
        "per_id_permlanes": "3",
        "per_id_arrows": "\u2190",
        "per_id_directions": "forward",
        "searchable_text": "812638|1800|25.6|50.0|26",
        "daily_avg_volume": 26.0,
        "capacity": 1800.0,
        "freespeed": 50.0,
        "modes": "car,car_passenger,taxi,truck",
        "isTarget": false,
        "link_1451949_outflow": 0,
        "link_1451949_inflow": 0
      }
    },
    {
      "type": "Feature",
      "geometry": {
        "type": "LineString",
        "coordinates": [
          [
            6.153259093165057,
            46.20186985817391
          ],
          [
            6.1530798931581625,
            46.201726658175524
          ]
        ]
      },
      "properties": {
        "angle": -141.37139998489295,
        "per_id_keys": "705417",
        "per_id_capacities": "600",
        "per_id_lengths": "21.8",
        "per_id_freespeeds": "50.0",
        "per_id_daily_avgs": "45",
        "per_id_permlanes": "1",
        "per_id_arrows": "\u2190",
        "per_id_directions": "forward",
        "searchable_text": "705417|600|21.8|50.0|45",
        "daily_avg_volume": 45.0,
        "capacity": 600.0,
        "freespeed": 50.0,
        "modes": "bus,car,car_passenger,pt,taxi,truck",
        "isTarget": false,
        "link_1451949_inflow": 0,
        "link_1451949_outflow": 0
      }
    },
    {
      "type": "Feature",
      "geometry": {
        "type": "LineString",
        "coordinates": [
          [
            6.154857093116919,
            46.199805758130154
          ],
          [
            6.156177593128787,
            46.19967635810781
          ]
        ]
      },
      "properties": {
        "angle": -5.596727945269798,
        "per_id_keys": "1802532",
        "per_id_capacities": "600",
        "per_id_lengths": "103.0",
        "per_id_freespeeds": "15.0",
        "per_id_daily_avgs": "1",
        "per_id_permlanes": "1",
        "per_id_arrows": "\u2192",
        "per_id_directions": "forward",
        "searchable_text": "1802532|600|103.0|15.0|1",
        "daily_avg_volume": 1.0,
        "capacity": 600.0,
        "freespeed": 15.000000000000002,
        "modes": "car,car_passenger,taxi,truck",
        "isTarget": false,
        "link_1451949_inflow": 0,
        "link_1451949_outflow": 0
      }
    },
    {
      "type": "Feature",
      "geometry": {
        "type": "LineString",
        "coordinates": [
          [
            6.156220293126172,
            46.19958095810631
          ],
          [
            6.156177593128787,
            46.19967635810781
          ]
        ]
      },
      "properties": {
        "angle": 114.11276734757097,
        "per_id_keys": "788022|788022_spec",
        "per_id_capacities": "0|600",
        "per_id_lengths": "13.9|13.9",
        "per_id_freespeeds": "50.0|50.0",
        "per_id_daily_avgs": "0|102",
        "per_id_permlanes": "0|1",
        "per_id_arrows": "\u2190|\u2190",
        "per_id_directions": "forward|forward",
        "searchable_text": "788022|788022_spec|0|600|13.9|13.9|50.0|50.0|0|102",
        "daily_avg_volume": 102.0,
        "capacity": 600.0,
        "freespeed": 50.0,
        "modes": "bus,car,car_passenger,pt,taxi,truck",
        "isTarget": false,
        "link_1451949_inflow": 0,
        "link_1451949_outflow": 0
      }
    },
    {
      "type": "Feature",
      "geometry": {
        "type": "LineString",
        "coordinates": [
          [
            6.154857093116919,
            46.199805758130154
          ],
          [
            6.154778693109988,
            46.19962305812984
          ]
        ]
      },
      "properties": {
        "angle": -113.22508134493927,
        "per_id_keys": "788020",
        "per_id_capacities": "1200",
        "per_id_lengths": "21.2",
        "per_id_freespeeds": "25.0",
        "per_id_daily_avgs": "215",
        "per_id_permlanes": "2",
        "per_id_arrows": "\u2190",
        "per_id_directions": "forward",
        "searchable_text": "788020|1200|21.2|25.0|215",
        "daily_avg_volume": 215.0,
        "capacity": 1200.0,
        "freespeed": 25.0,
        "modes": "bus,car,car_passenger,pt,taxi,truck",
        "isTarget": false,
        "link_1451949_inflow": 0,
        "link_1451949_outflow": 0
      }
    },
    {
      "type": "Feature",
      "geometry": {
        "type": "LineString",
        "coordinates": [
          [
            6.14678769317819,
            46.20468145830245
          ],
          [
            6.148154093185656,
            46.20440025827807
          ]
        ]
      },
      "properties": {
        "angle": -11.628902271929826,
        "per_id_keys": "1822131",
        "per_id_capacities": "600",
        "per_id_lengths": "110.0",
        "per_id_freespeeds": "50.0",
        "per_id_daily_avgs": "0",
        "per_id_permlanes": "1",
        "per_id_arrows": "\u2192",
        "per_id_directions": "forward",
        "searchable_text": "1822131|600|110.0|50.0|0",
        "daily_avg_volume": 0.0,
        "capacity": 600.0,
        "freespeed": 50.0,
        "modes": "car,car_passenger,taxi,truck",
        "isTarget": false,
        "link_1451949_inflow": 0,
        "link_1451949_outflow": 0
      }
    },
    {
      "type": "Feature",
      "geometry": {
        "type": "LineString",
        "coordinates": [
          [
            6.148154093185656,
            46.20440025827807
          ],
          [
            6.1485970931880765,
            46.20430915827012
          ]
        ]
      },
      "properties": {
        "angle": -11.620496787093161,
        "per_id_keys": "1822132",
        "per_id_capacities": "600",
        "per_id_lengths": "35.7",
        "per_id_freespeeds": "50.0",
        "per_id_daily_avgs": "0",
        "per_id_permlanes": "1",
        "per_id_arrows": "\u2192",
        "per_id_directions": "forward",
        "searchable_text": "1822132|600|35.7|50.0|0",
        "daily_avg_volume": 0.0,
        "capacity": 600.0,
        "freespeed": 50.0,
        "modes": "car,car_passenger,taxi,truck",
        "isTarget": false,
        "link_1451949_inflow": 0,
        "link_1451949_outflow": 0
      }
    },
    {
      "type": "Feature",
      "geometry": {
        "type": "LineString",
        "coordinates": [
          [
            6.154389793101446,
            46.19950755813506
          ],
          [
            6.153843493106911,
            46.199878158147094
          ]
        ]
      },
      "properties": {
        "angle": 145.84774273576116,
        "per_id_keys": "1826752|1826752_spec|1826753",
        "per_id_capacities": "2250|750|3000",
        "per_id_lengths": "59.0|59.0|59.0",
        "per_id_freespeeds": "50.0|50.0|50.0",
        "per_id_daily_avgs": "11|79|136",
        "per_id_permlanes": "1|0|2",
        "per_id_arrows": "\u2190|\u2190|\u2192",
        "per_id_directions": "forward|forward|reverse",
        "searchable_text": "1826752|1826752_spec|1826753|2250|750|3000|59.0|59.0|59.0|50.0|50.0|50.0|11|79|136",
        "daily_avg_volume": 226.0,
        "capacity": 6000.0,
        "freespeed": 50.0,
        "modes": "bus,car,car_passenger,pt,taxi,truck",
        "isTarget": false,
        "link_1451949_inflow": 2,
        "link_1451949_outflow": 0
      }
    },
    {
      "type": "Feature",
      "geometry": {
        "type": "LineString",
        "coordinates": [
          [
            6.154778693109988,
            46.19962305812984
          ],
          [
            6.154744493106892,
            46.19954165812963
          ]
        ]
      },
      "properties": {
        "angle": -112.7895871535634,
        "per_id_keys": "788019",
        "per_id_capacities": "1200",
        "per_id_lengths": "9.4",
        "per_id_freespeeds": "25.0",
        "per_id_daily_avgs": "207",
        "per_id_permlanes": "2",
        "per_id_arrows": "\u2190",
        "per_id_directions": "forward",
        "searchable_text": "788019|1200|9.4|25.0|207",
        "daily_avg_volume": 207.0,
        "capacity": 1200.0,
        "freespeed": 25.0,
        "modes": "bus,car,car_passenger,pt,taxi,truck",
        "isTarget": false,
        "link_1451949_inflow": 0,
        "link_1451949_outflow": 0
      }
    },
    {
      "type": "Feature",
      "geometry": {
        "type": "LineString",
        "coordinates": [
          [
            6.155986493215185,
            46.20238475813455
          ],
          [
            6.156042793214379,
            46.20233975813326
          ]
        ]
      },
      "properties": {
        "angle": -38.63497921394338,
        "per_id_keys": "1973124",
        "per_id_capacities": "1200",
        "per_id_lengths": "13.9",
        "per_id_freespeeds": "50.0",
        "per_id_daily_avgs": "301",
        "per_id_permlanes": "2",
        "per_id_arrows": "\u2192",
        "per_id_directions": "forward",
        "searchable_text": "1973124|1200|13.9|50.0|301",
        "daily_avg_volume": 301.0,
        "capacity": 1200.0,
        "freespeed": 50.0,
        "modes": "bus,car,car_passenger,pt,taxi,truck",
        "isTarget": false,
        "link_1451949_inflow": 0,
        "link_1451949_outflow": 0
      }
    },
    {
      "type": "Feature",
      "geometry": {
        "type": "LineString",
        "coordinates": [
          [
            6.156360193210128,
            46.20209125812599
          ],
          [
            6.156137793216198,
            46.20235925813193
          ]
        ]
      },
      "properties": {
        "angle": 129.6876079675822,
        "per_id_keys": "1973212|1973212_spec",
        "per_id_capacities": "600|600",
        "per_id_lengths": "36.1|36.1",
        "per_id_freespeeds": "50.0|50.0",
        "per_id_daily_avgs": "7|197",
        "per_id_permlanes": "1|1",
        "per_id_arrows": "\u2190|\u2190",
        "per_id_directions": "forward|forward",
        "searchable_text": "1973212|1973212_spec|600|600|36.1|36.1|50.0|50.0|7|197",
        "daily_avg_volume": 204.0,
        "capacity": 1200.0,
        "freespeed": 50.0,
        "modes": "bus,car,car_passenger,pt,taxi,truck",
        "isTarget": false,
        "link_1451949_inflow": 16,
        "link_1451949_outflow": 0
      }
    },
    {
      "type": "Feature",
      "geometry": {
        "type": "LineString",
        "coordinates": [
          [
            6.156364193220996,
            46.20242155812882
          ],
          [
            6.156137793216198,
            46.20235925813193
          ]
        ]
      },
      "properties": {
        "angle": -164.6143390116067,
        "per_id_keys": "205410|205410_spec",
        "per_id_capacities": "600|600",
        "per_id_lengths": "18.8|18.8",
        "per_id_freespeeds": "50.0|50.0",
        "per_id_daily_avgs": "16|364",
        "per_id_permlanes": "1|1",
        "per_id_arrows": "\u2190|\u2190",
        "per_id_directions": "forward|forward",
        "searchable_text": "205410|205410_spec|600|600|18.8|18.8|50.0|50.0|16|364",
        "daily_avg_volume": 380.0,
        "capacity": 1200.0,
        "freespeed": 50.0,
        "modes": "bus,car,car_passenger,pt,taxi,truck",
        "isTarget": false,
        "link_1451949_inflow": 29,
        "link_1451949_outflow": 0
      }
    },
    {
      "type": "Feature",
      "geometry": {
        "type": "LineString",
        "coordinates": [
          [
            6.156360193210128,
            46.20209125812599
          ],
          [
            6.1564973932186575,
            46.202300858125625
          ]
        ]
      },
      "properties": {
        "angle": 56.79203625183305,
        "per_id_keys": "787982",
        "per_id_capacities": "1800",
        "per_id_lengths": "25.6",
        "per_id_freespeeds": "50.0",
        "per_id_daily_avgs": "244",
        "per_id_permlanes": "3",
        "per_id_arrows": "\u2192",
        "per_id_directions": "forward",
        "searchable_text": "787982|1800|25.6|50.0|244",
        "daily_avg_volume": 244.0,
        "capacity": 1800.0,
        "freespeed": 50.0,
        "modes": "bus,car,car_passenger,pt,taxi,truck",
        "isTarget": false,
        "link_1451949_inflow": 24,
        "link_1451949_outflow": 0
      }
    },
    {
      "type": "Feature",
      "geometry": {
        "type": "LineString",
        "coordinates": [
          [
            6.155941193203375,
            46.202041058132274
          ],
          [
            6.155095093198823,
            46.20221725814741
          ]
        ]
      },
      "properties": {
        "angle": 168.23630735250615,
        "per_id_keys": "1973214",
        "per_id_capacities": "600",
        "per_id_lengths": "68.2",
        "per_id_freespeeds": "15.0",
        "per_id_daily_avgs": "1",
        "per_id_permlanes": "1",
        "per_id_arrows": "\u2190",
        "per_id_directions": "forward",
        "searchable_text": "1973214|600|68.2|15.0|1",
        "daily_avg_volume": 1.0,
        "capacity": 600.0,
        "freespeed": 15.000000000000002,
        "modes": "car,car_passenger,taxi,truck",
        "isTarget": false,
        "link_1451949_inflow": 0,
        "link_1451949_outflow": 0
      }
    },
    {
      "type": "Feature",
      "geometry": {
        "type": "LineString",
        "coordinates": [
          [
            6.154982493188788,
            46.201952658146915
          ],
          [
            6.155095093198823,
            46.20221725814741
          ]
        ]
      },
      "properties": {
        "angle": 66.94791712140845,
        "per_id_keys": "45207",
        "per_id_capacities": "4500",
        "per_id_lengths": "30.7",
        "per_id_freespeeds": "50.0",
        "per_id_daily_avgs": "227",
        "per_id_permlanes": "3",
        "per_id_arrows": "\u2192",
        "per_id_directions": "forward",
        "searchable_text": "45207|4500|30.7|50.0|227",
        "daily_avg_volume": 227.0,
        "capacity": 4500.0,
        "freespeed": 50.0,
        "modes": "bus,car,car_passenger,pt,taxi,truck",
        "isTarget": false,
        "link_1451949_inflow": 13,
        "link_1451949_outflow": 0
      }
    },
    {
      "type": "Feature",
      "geometry": {
        "type": "LineString",
        "coordinates": [
          [
            6.155941193203375,
            46.202041058132274
          ],
          [
            6.1559107932011745,
            46.20198535813229
          ]
        ]
      },
      "properties": {
        "angle": -118.62487363708284,
        "per_id_keys": "787986|787986_spec",
        "per_id_capacities": "0|600",
        "per_id_lengths": "13.9|13.9",
        "per_id_freespeeds": "50.0|50.0",
        "per_id_daily_avgs": "0|232",
        "per_id_permlanes": "0|1",
        "per_id_arrows": "\u2190|\u2190",
        "per_id_directions": "forward|forward",
        "searchable_text": "787986|787986_spec|0|600|13.9|13.9|50.0|50.0|0|232",
        "daily_avg_volume": 232.0,
        "capacity": 600.0,
        "freespeed": 50.0,
        "modes": "bus,car,car_passenger,pt,taxi,truck",
        "isTarget": false,
        "link_1451949_inflow": 0,
        "link_1451949_outflow": 0
      }
    },
    {
      "type": "Feature",
      "geometry": {
        "type": "LineString",
        "coordinates": [
          [
            6.155749393183379,
            46.20150205813065
          ],
          [
            6.155943893192786,
            46.20171695812941
          ]
        ]
      },
      "properties": {
        "angle": 47.85263148730137,
        "per_id_keys": "1973229",
        "per_id_capacities": "1800",
        "per_id_lengths": "28.2",
        "per_id_freespeeds": "50.0",
        "per_id_daily_avgs": "291",
        "per_id_permlanes": "3",
        "per_id_arrows": "\u2192",
        "per_id_directions": "forward",
        "searchable_text": "1973229|1800|28.2|50.0|291",
        "daily_avg_volume": 291.0,
        "capacity": 1800.0,
        "freespeed": 50.0,
        "modes": "bus,car,car_passenger,pt,taxi,truck",
        "isTarget": false,
        "link_1451949_inflow": 0,
        "link_1451949_outflow": 0
      }
    },
    {
      "type": "Feature",
      "geometry": {
        "type": "LineString",
        "coordinates": [
          [
            6.156533993176832,
            46.20100965811373
          ],
          [
            6.155943893192786,
            46.20171695812941
          ]
        ]
      },
      "properties": {
        "angle": 129.83822231538093,
        "per_id_keys": "56967",
        "per_id_capacities": "600",
        "per_id_lengths": "94.8",
        "per_id_freespeeds": "15.0",
        "per_id_daily_avgs": "0",
        "per_id_permlanes": "1",
        "per_id_arrows": "\u2190",
        "per_id_directions": "forward",
        "searchable_text": "56967|600|94.8|15.0|0",
        "daily_avg_volume": 0.0,
        "capacity": 600.0,
        "freespeed": 15.000000000000002,
        "modes": "bus,car,car_passenger,taxi,truck",
        "isTarget": false,
        "link_1451949_inflow": 0,
        "link_1451949_outflow": 0
      }
    },
    {
      "type": "Feature",
      "geometry": {
        "type": "LineString",
        "coordinates": [
          [
            6.155943893192786,
            46.20171695812941
          ],
          [
            6.155970093194115,
            46.201747958129246
          ]
        ]
      },
      "properties": {
        "angle": 49.79679738555023,
        "per_id_keys": "1973230",
        "per_id_capacities": "1800",
        "per_id_lengths": "13.9",
        "per_id_freespeeds": "50.0",
        "per_id_daily_avgs": "291",
        "per_id_permlanes": "3",
        "per_id_arrows": "\u2192",
        "per_id_directions": "forward",
        "searchable_text": "1973230|1800|13.9|50.0|291",
        "daily_avg_volume": 291.0,
        "capacity": 1800.0,
        "freespeed": 50.0,
        "modes": "bus,car,car_passenger,pt,taxi,truck",
        "isTarget": false,
        "link_1451949_inflow": 0,
        "link_1451949_outflow": 0
      }
    },
    {
      "type": "Feature",
      "geometry": {
        "type": "LineString",
        "coordinates": [
          [
            6.156055093212604,
            46.202280158132545
          ],
          [
            6.155994793206209,
            46.20210755813201
          ]
        ]
      },
      "properties": {
        "angle": -109.25751128603058,
        "per_id_keys": "205384",
        "per_id_capacities": "1200",
        "per_id_lengths": "19.7",
        "per_id_freespeeds": "50.0",
        "per_id_daily_avgs": "444",
        "per_id_permlanes": "2",
        "per_id_arrows": "\u2190",
        "per_id_directions": "forward",
        "searchable_text": "205384|1200|19.7|50.0|444",
        "daily_avg_volume": 444.0,
        "capacity": 1200.0,
        "freespeed": 50.0,
        "modes": "bus,car,car_passenger,pt,taxi,truck",
        "isTarget": false,
        "link_1451949_inflow": 0,
        "link_1451949_outflow": 0
      }
    },
    {
      "type": "Feature",
      "geometry": {
        "type": "LineString",
        "coordinates": [
          [
            6.155499493173863,
            46.20130475813293
          ],
          [
            6.155464393170389,
            46.2012111581327
          ]
        ]
      },
      "properties": {
        "angle": -110.55604703849876,
        "per_id_keys": "205399",
        "per_id_capacities": "1200",
        "per_id_lengths": "13.9",
        "per_id_freespeeds": "50.0",
        "per_id_daily_avgs": "106",
        "per_id_permlanes": "2",
        "per_id_arrows": "\u2190",
        "per_id_directions": "forward",
        "searchable_text": "205399|1200|13.9|50.0|106",
        "daily_avg_volume": 106.0,
        "capacity": 1200.0,
        "freespeed": 50.0,
        "modes": "bus,car,car_passenger,pt,taxi,truck",
        "isTarget": false,
        "link_1451949_inflow": 0,
        "link_1451949_outflow": 0
      }
    },
    {
      "type": "Feature",
      "geometry": {
        "type": "LineString",
        "coordinates": [
          [
            6.155499493173863,
            46.20130475813293
          ],
          [
            6.154751393168266,
            46.2014117581459
          ]
        ]
      },
      "properties": {
        "angle": 171.8602468264674,
        "per_id_keys": "966260",
        "per_id_capacities": "600",
        "per_id_lengths": "60.0",
        "per_id_freespeeds": "50.0",
        "per_id_daily_avgs": "136",
        "per_id_permlanes": "1",
        "per_id_arrows": "\u2190",
        "per_id_directions": "forward",
        "searchable_text": "966260|600|60.0|50.0|136",
        "daily_avg_volume": 136.0,
        "capacity": 600.0,
        "freespeed": 50.0,
        "modes": "bus,car,car_passenger,pt,taxi,truck",
        "isTarget": false,
        "link_1451949_inflow": 2,
        "link_1451949_outflow": 0
      }
    },
    {
      "type": "Feature",
      "geometry": {
        "type": "LineString",
        "coordinates": [
          [
            6.15473079316646,
            46.201365258145835
          ],
          [
            6.154751393168266,
            46.2014117581459
          ]
        ]
      },
      "properties": {
        "angle": 66.10614056231572,
        "per_id_keys": "45220",
        "per_id_capacities": "4500",
        "per_id_lengths": "13.9",
        "per_id_freespeeds": "50.0",
        "per_id_daily_avgs": "233",
        "per_id_permlanes": "3",
        "per_id_arrows": "\u2192",
        "per_id_directions": "forward",
        "searchable_text": "45220|4500|13.9|50.0|233",
        "daily_avg_volume": 233.0,
        "capacity": 4500.0,
        "freespeed": 50.0,
        "modes": "bus,car,car_passenger,pt,taxi,truck",
        "isTarget": false,
        "link_1451949_inflow": 5,
        "link_1451949_outflow": 0
      }
    },
    {
      "type": "Feature",
      "geometry": {
        "type": "LineString",
        "coordinates": [
          [
            6.155464393170389,
            46.2012111581327
          ],
          [
            6.155460093169953,
            46.20120035813268
          ]
        ]
      },
      "properties": {
        "angle": -111.70988471935462,
        "per_id_keys": "205400",
        "per_id_capacities": "1200",
        "per_id_lengths": "13.9",
        "per_id_freespeeds": "50.0",
        "per_id_daily_avgs": "106",
        "per_id_permlanes": "2",
        "per_id_arrows": "\u2190",
        "per_id_directions": "forward",
        "searchable_text": "205400|1200|13.9|50.0|106",
        "daily_avg_volume": 106.0,
        "capacity": 1200.0,
        "freespeed": 50.0,
        "modes": "bus,car,car_passenger,pt,taxi,truck",
        "isTarget": false,
        "link_1451949_inflow": 0,
        "link_1451949_outflow": 0
      }
    },
    {
      "type": "Feature",
      "geometry": {
        "type": "LineString",
        "coordinates": [
          [
            6.1547261931660655,
            46.201354958145785
          ],
          [
            6.15473079316646,
            46.201365258145835
          ]
        ]
      },
      "properties": {
        "angle": 65.93436669054073,
        "per_id_keys": "45219",
        "per_id_capacities": "4500",
        "per_id_lengths": "13.9",
        "per_id_freespeeds": "50.0",
        "per_id_daily_avgs": "233",
        "per_id_permlanes": "3",
        "per_id_arrows": "\u2192",
        "per_id_directions": "forward",
        "searchable_text": "45219|4500|13.9|50.0|233",
        "daily_avg_volume": 233.0,
        "capacity": 4500.0,
        "freespeed": 50.0,
        "modes": "bus,car,car_passenger,pt,taxi,truck",
        "isTarget": false,
        "link_1451949_inflow": 5,
        "link_1451949_outflow": 0
      }
    },
    {
      "type": "Feature",
      "geometry": {
        "type": "LineString",
        "coordinates": [
          [
            6.159131893229413,
            46.2016480580776
          ],
          [
            6.159317193234511,
            46.20173425807537
          ]
        ]
      },
      "properties": {
        "angle": 24.94745112379385,
        "per_id_keys": "56938",
        "per_id_capacities": "600",
        "per_id_lengths": "17.2",
        "per_id_freespeeds": "30.0",
        "per_id_daily_avgs": "3",
        "per_id_permlanes": "1",
        "per_id_arrows": "\u2192",
        "per_id_directions": "forward",
        "searchable_text": "56938|600|17.2|30.0|3",
        "daily_avg_volume": 3.0,
        "capacity": 600.0,
        "freespeed": 30.000000000000004,
        "modes": "car,car_passenger,taxi,truck",
        "isTarget": false,
        "link_1451949_inflow": 0,
        "link_1451949_outflow": 0
      }
    },
    {
      "type": "Feature",
      "geometry": {
        "type": "LineString",
        "coordinates": [
          [
            6.159596893228979,
            46.201461558068495
          ],
          [
            6.159317193234511,
            46.20173425807537
          ]
        ]
      },
      "properties": {
        "angle": 135.72601064293576,
        "per_id_keys": "672695",
        "per_id_capacities": "600",
        "per_id_lengths": "37.2",
        "per_id_freespeeds": "50.0",
        "per_id_daily_avgs": "5",
        "per_id_permlanes": "1",
        "per_id_arrows": "\u2190",
        "per_id_directions": "forward",
        "searchable_text": "672695|600|37.2|50.0|5",
        "daily_avg_volume": 5.0,
        "capacity": 600.0,
        "freespeed": 50.0,
        "modes": "car,car_passenger,taxi,truck",
        "isTarget": false,
        "link_1451949_inflow": 0,
        "link_1451949_outflow": 0
      }
    },
    {
      "type": "Feature",
      "geometry": {
        "type": "LineString",
        "coordinates": [
          [
            6.159984693221841,
            46.20109925805908
          ],
          [
            6.160103993218441,
            46.20095095805586
          ]
        ]
      },
      "properties": {
        "angle": -51.18504782346707,
        "per_id_keys": "214844",
        "per_id_capacities": "1500",
        "per_id_lengths": "21.2",
        "per_id_freespeeds": "50.0",
        "per_id_daily_avgs": "0",
        "per_id_permlanes": "1",
        "per_id_arrows": "\u2192",
        "per_id_directions": "forward",
        "searchable_text": "214844|1500|21.2|50.0|0",
        "daily_avg_volume": 0.0,
        "capacity": 1500.0,
        "freespeed": 50.0,
        "modes": "car,car_passenger,taxi,truck",
        "isTarget": false,
        "link_1451949_inflow": 0,
        "link_1451949_outflow": 0
      }
    },
    {
      "type": "Feature",
      "geometry": {
        "type": "LineString",
        "coordinates": [
          [
            6.15915409319253,
            46.200513458067306
          ],
          [
            6.160103993218441,
            46.20095095805586
          ]
        ]
      },
      "properties": {
        "angle": 24.72960492625654,
        "per_id_keys": "214851",
        "per_id_capacities": "1500",
        "per_id_lengths": "88.3",
        "per_id_freespeeds": "50.0",
        "per_id_daily_avgs": "6",
        "per_id_permlanes": "1",
        "per_id_arrows": "\u2192",
        "per_id_directions": "forward",
        "searchable_text": "214851|1500|88.3|50.0|6",
        "daily_avg_volume": 6.0,
        "capacity": 1500.0,
        "freespeed": 50.0,
        "modes": "bus,car,car_passenger,taxi,truck",
        "isTarget": false,
        "link_1451949_inflow": 0,
        "link_1451949_outflow": 0
      }
    },
    {
      "type": "Feature",
      "geometry": {
        "type": "LineString",
        "coordinates": [
          [
            6.159984693221841,
            46.20109925805908
          ],
          [
            6.159860193213933,
            46.20090365805936
          ]
        ]
      },
      "properties": {
        "angle": -122.47687977383438,
        "per_id_keys": "497937",
        "per_id_capacities": "3000",
        "per_id_lengths": "24.5",
        "per_id_freespeeds": "50.0",
        "per_id_daily_avgs": "170",
        "per_id_permlanes": "2",
        "per_id_arrows": "\u2190",
        "per_id_directions": "forward",
        "searchable_text": "497937|3000|24.5|50.0|170",
        "daily_avg_volume": 170.0,
        "capacity": 3000.0,
        "freespeed": 50.0,
        "modes": "bus,car,car_passenger,taxi,truck",
        "isTarget": false,
        "link_1451949_inflow": 0,
        "link_1451949_outflow": 0
      }
    },
    {
      "type": "Feature",
      "geometry": {
        "type": "LineString",
        "coordinates": [
          [
            6.159118893193962,
            46.200570158068366
          ],
          [
            6.159039593191839,
            46.20053495806937
          ]
        ]
      },
      "properties": {
        "angle": -156.06433292515143,
        "per_id_keys": "484205",
        "per_id_capacities": "4500",
        "per_id_lengths": "13.9",
        "per_id_freespeeds": "50.0",
        "per_id_daily_avgs": "170",
        "per_id_permlanes": "3",
        "per_id_arrows": "\u2190",
        "per_id_directions": "forward",
        "searchable_text": "484205|4500|13.9|50.0|170",
        "daily_avg_volume": 170.0,
        "capacity": 4500.0,
        "freespeed": 50.0,
        "modes": "bus,car,car_passenger,taxi,truck",
        "isTarget": false,
        "link_1451949_inflow": 0,
        "link_1451949_outflow": 0
      }
    },
    {
      "type": "Feature",
      "geometry": {
        "type": "LineString",
        "coordinates": [
          [
            6.159424393202313,
            46.20071125806467
          ],
          [
            6.159118893193962,
            46.200570158068366
          ]
        ]
      },
      "properties": {
        "angle": -155.2094012863457,
        "per_id_keys": "214854",
        "per_id_capacities": "4500",
        "per_id_lengths": "28.3",
        "per_id_freespeeds": "50.0",
        "per_id_daily_avgs": "170",
        "per_id_permlanes": "3",
        "per_id_arrows": "\u2190",
        "per_id_directions": "forward",
        "searchable_text": "214854|4500|28.3|50.0|170",
        "daily_avg_volume": 170.0,
        "capacity": 4500.0,
        "freespeed": 50.0,
        "modes": "bus,car,car_passenger,taxi,truck",
        "isTarget": false,
        "link_1451949_inflow": 0,
        "link_1451949_outflow": 0
      }
    },
    {
      "type": "Feature",
      "geometry": {
        "type": "LineString",
        "coordinates": [
          [
            6.153481793110971,
            46.20013655815514
          ],
          [
            6.153020793115425,
            46.20044435816524
          ]
        ]
      },
      "properties": {
        "angle": 146.2697962159905,
        "per_id_keys": "229104|229104_spec|229105",
        "per_id_capacities": "1500|500|1500",
        "per_id_lengths": "49.4|49.4|49.4",
        "per_id_freespeeds": "50.0|50.0|50.0",
        "per_id_daily_avgs": "8|79|85",
        "per_id_permlanes": "1|0|1",
        "per_id_arrows": "\u2190|\u2190|\u2192",
        "per_id_directions": "forward|forward|reverse",
        "searchable_text": "229104|229104_spec|229105|1500|500|1500|49.4|49.4|49.4|50.0|50.0|50.0|8|79|85",
        "daily_avg_volume": 172.0,
        "capacity": 3500.0,
        "freespeed": 50.0,
        "modes": "bus,car,car_passenger,pt,taxi,truck",
        "isTarget": false,
        "link_1451949_inflow": 17,
        "link_1451949_outflow": 0
      }
    },
    {
      "type": "Feature",
      "geometry": {
        "type": "LineString",
        "coordinates": [
          [
            6.153481793110971,
            46.20013655815514
          ],
          [
            6.1531195930981575,
            46.19988025815876
          ]
        ]
      },
      "properties": {
        "angle": -144.71600908759143,
        "per_id_keys": "739236",
        "per_id_capacities": "3000",
        "per_id_lengths": "39.9",
        "per_id_freespeeds": "50.0",
        "per_id_daily_avgs": "34",
        "per_id_permlanes": "2",
        "per_id_arrows": "\u2190",
        "per_id_directions": "forward",
        "searchable_text": "739236|3000|39.9|50.0|34",
        "daily_avg_volume": 34.0,
        "capacity": 3000.0,
        "freespeed": 50.0,
        "modes": "car,car_passenger,taxi,truck",
        "isTarget": false,
        "link_1451949_inflow": 0,
        "link_1451949_outflow": 0
      }
    },
    {
      "type": "Feature",
      "geometry": {
        "type": "LineString",
        "coordinates": [
          [
            6.153718293119139,
            46.200297658152735
          ],
          [
            6.153481793110971,
            46.20013655815514
          ]
        ]
      },
      "properties": {
        "angle": -145.73793910059536,
        "per_id_keys": "45235",
        "per_id_capacities": "4500",
        "per_id_lengths": "25.6",
        "per_id_freespeeds": "50.0",
        "per_id_daily_avgs": "61",
        "per_id_permlanes": "3",
        "per_id_arrows": "\u2190",
        "per_id_directions": "forward",
        "searchable_text": "45235|4500|25.6|50.0|61",
        "daily_avg_volume": 61.0,
        "capacity": 4500.0,
        "freespeed": 50.0,
        "modes": "car,car_passenger,taxi,truck",
        "isTarget": false,
        "link_1451949_inflow": 0,
        "link_1451949_outflow": 0
      }
    },
    {
      "type": "Feature",
      "geometry": {
        "type": "LineString",
        "coordinates": [
          [
            6.153020793115425,
            46.20044435816524
          ],
          [
            6.153275093134446,
            46.200930258165435
          ]
        ]
      },
      "properties": {
        "angle": 62.3742949040469,
        "per_id_keys": "653276",
        "per_id_capacities": "600",
        "per_id_lengths": "58.4",
        "per_id_freespeeds": "15.0",
        "per_id_daily_avgs": "1",
        "per_id_permlanes": "1",
        "per_id_arrows": "\u2192",
        "per_id_directions": "forward",
        "searchable_text": "653276|600|58.4|15.0|1",
        "daily_avg_volume": 1.0,
        "capacity": 600.0,
        "freespeed": 15.000000000000002,
        "modes": "car,car_passenger,taxi,truck",
        "isTarget": false,
        "link_1451949_inflow": 0,
        "link_1451949_outflow": 0
      }
    },
    {
      "type": "Feature",
      "geometry": {
        "type": "LineString",
        "coordinates": [
          [
            6.153067193157193,
            46.20170225817552
          ],
          [
            6.153063393156807,
            46.20169145817546
          ]
        ]
      },
      "properties": {
        "angle": -109.38451739982727,
        "per_id_keys": "705420",
        "per_id_capacities": "600",
        "per_id_lengths": "13.9",
        "per_id_freespeeds": "50.0",
        "per_id_daily_avgs": "45",
        "per_id_permlanes": "1",
        "per_id_arrows": "\u2190",
        "per_id_directions": "forward",
        "searchable_text": "705420|600|13.9|50.0|45",
        "daily_avg_volume": 45.0,
        "capacity": 600.0,
        "freespeed": 50.0,
        "modes": "bus,car,car_passenger,pt,taxi,truck",
        "isTarget": false,
        "link_1451949_inflow": 0,
        "link_1451949_outflow": 0
      }
    },
    {
      "type": "Feature",
      "geometry": {
        "type": "LineString",
        "coordinates": [
          [
            6.156036693228882,
            46.20278415813723
          ],
          [
            6.156173393229573,
            46.2027544581348
          ]
        ]
      },
      "properties": {
        "angle": -12.257814088485597,
        "per_id_keys": "288688|288689",
        "per_id_capacities": "3000|3000",
        "per_id_lengths": "13.9|13.9",
        "per_id_freespeeds": "50.0|50.0",
        "per_id_daily_avgs": "101|141",
        "per_id_permlanes": "2|2",
        "per_id_arrows": "\u2192|\u2190",
        "per_id_directions": "forward|reverse",
        "searchable_text": "288688|288689|3000|3000|13.9|13.9|50.0|50.0|101|141",
        "daily_avg_volume": 242.0,
        "capacity": 6000.0,
        "freespeed": 50.0,
        "modes": "car,car_passenger,taxi,truck",
        "isTarget": false,
        "link_1451949_inflow": 110,
        "link_1451949_outflow": 0
      }
    },
    {
      "type": "Feature",
      "geometry": {
        "type": "LineString",
        "coordinates": [
          [
            6.15582249319314,
            46.20177305813185
          ],
          [
            6.1555784931790765,
            46.201434458132816
          ]
        ]
      },
      "properties": {
        "angle": -125.77706211437501,
        "per_id_keys": "276153",
        "per_id_capacities": "1200",
        "per_id_lengths": "42.3",
        "per_id_freespeeds": "50.0",
        "per_id_daily_avgs": "243",
        "per_id_permlanes": "2",
        "per_id_arrows": "\u2190",
        "per_id_directions": "forward",
        "searchable_text": "276153|1200|42.3|50.0|243",
        "daily_avg_volume": 243.0,
        "capacity": 1200.0,
        "freespeed": 50.0,
        "modes": "bus,car,car_passenger,pt,taxi,truck",
        "isTarget": false,
        "link_1451949_inflow": 0,
        "link_1451949_outflow": 0
      }
    },
    {
      "type": "Feature",
      "geometry": {
        "type": "LineString",
        "coordinates": [
          [
            6.1507894932058305,
            46.20403475823247
          ],
          [
            6.150594493207662,
            46.20416355823676
          ]
        ]
      },
      "properties": {
        "angle": 146.5547254992741,
        "per_id_keys": "288691",
        "per_id_capacities": "4500",
        "per_id_lengths": "20.8",
        "per_id_freespeeds": "50.0",
        "per_id_daily_avgs": "254",
        "per_id_permlanes": "3",
        "per_id_arrows": "\u2190",
        "per_id_directions": "forward",
        "searchable_text": "288691|4500|20.8|50.0|254",
        "daily_avg_volume": 254.0,
        "capacity": 4500.0,
        "freespeed": 50.0,
        "modes": "car,car_passenger,taxi,truck",
        "isTarget": false,
        "link_1451949_inflow": 252,
        "link_1451949_outflow": 0
      }
    },
    {
      "type": "Feature",
      "geometry": {
        "type": "LineString",
        "coordinates": [
          [
            6.150569593204763,
            46.20408395823648
          ],
          [
            6.150594493207662,
            46.20416355823676
          ]
        ]
      },
      "properties": {
        "angle": 72.62958105018572,
        "per_id_keys": "698399",
        "per_id_capacities": "1200",
        "per_id_lengths": "13.9",
        "per_id_freespeeds": "50.0",
        "per_id_daily_avgs": "420",
        "per_id_permlanes": "2",
        "per_id_arrows": "\u2192",
        "per_id_directions": "forward",
        "searchable_text": "698399|1200|13.9|50.0|420",
        "daily_avg_volume": 420.0,
        "capacity": 1200.0,
        "freespeed": 50.0,
        "modes": "bus,car,car_passenger,pt,taxi,truck",
        "isTarget": false,
        "link_1451949_inflow": 418,
        "link_1451949_outflow": 0
      }
    },
    {
      "type": "Feature",
      "geometry": {
        "type": "LineString",
        "coordinates": [
          [
            6.150070493207404,
            46.2043500582468
          ],
          [
            6.1502206932041785,
            46.20419625824304
          ]
        ]
      },
      "properties": {
        "angle": -45.67847225434563,
        "per_id_keys": "288692|288692_spec",
        "per_id_capacities": "6000|1500",
        "per_id_lengths": "20.7|20.7",
        "per_id_freespeeds": "50.0|50.0",
        "per_id_daily_avgs": "293|399",
        "per_id_permlanes": "4|1",
        "per_id_arrows": "\u2192|\u2192",
        "per_id_directions": "forward|forward",
        "searchable_text": "288692|288692_spec|6000|1500|20.7|20.7|50.0|50.0|293|399",
        "daily_avg_volume": 692.0,
        "capacity": 7500.0,
        "freespeed": 50.0,
        "modes": "bus,car,car_passenger,pt,taxi,truck",
        "isTarget": false,
        "link_1451949_inflow": 0,
        "link_1451949_outflow": 0
      }
    },
    {
      "type": "Feature",
      "geometry": {
        "type": "LineString",
        "coordinates": [
          [
            6.153624093109482,
            46.20003835815201
          ],
          [
            6.153700993112259,
            46.20009455815128
          ]
        ]
      },
      "properties": {
        "angle": 36.16005211589241,
        "per_id_keys": "739237",
        "per_id_capacities": "3000",
        "per_id_lengths": "13.9",
        "per_id_freespeeds": "50.0",
        "per_id_daily_avgs": "84",
        "per_id_permlanes": "2",
        "per_id_arrows": "\u2192",
        "per_id_directions": "forward",
        "searchable_text": "739237|3000|13.9|50.0|84",
        "daily_avg_volume": 84.0,
        "capacity": 3000.0,
        "freespeed": 50.0,
        "modes": "car,car_passenger,taxi,truck",
        "isTarget": false,
        "link_1451949_inflow": 4,
        "link_1451949_outflow": 0
      }
    },
    {
      "type": "Feature",
      "geometry": {
        "type": "LineString",
        "coordinates": [
          [
            6.154174893080366,
            46.19894455813361
          ],
          [
            6.153873693083209,
            46.19914255814015
          ]
        ]
      },
      "properties": {
        "angle": 146.68025903142996,
        "per_id_keys": "317981",
        "per_id_capacities": "600",
        "per_id_lengths": "32.0",
        "per_id_freespeeds": "30.0",
        "per_id_daily_avgs": "0",
        "per_id_permlanes": "1",
        "per_id_arrows": "\u2190",
        "per_id_directions": "forward",
        "searchable_text": "317981|600|32.0|30.0|0",
        "daily_avg_volume": 0.0,
        "capacity": 600.0,
        "freespeed": 30.000000000000004,
        "modes": "car,car_passenger,taxi,truck",
        "isTarget": false,
        "link_1451949_inflow": 0,
        "link_1451949_outflow": 0
      }
    },
    {
      "type": "Feature",
      "geometry": {
        "type": "LineString",
        "coordinates": [
          [
            6.155334293158376,
            46.20089435813202
          ],
          [
            6.154899493120625,
            46.19990335813033
          ]
        ]
      },
      "properties": {
        "angle": -113.68940492337356,
        "per_id_keys": "728596|728596_spec",
        "per_id_capacities": "600|600",
        "per_id_lengths": "115.2|115.2",
        "per_id_freespeeds": "50.0|50.0",
        "per_id_daily_avgs": "10|205",
        "per_id_permlanes": "1|1",
        "per_id_arrows": "\u2190|\u2190",
        "per_id_directions": "forward|forward",
        "searchable_text": "728596|728596_spec|600|600|115.2|115.2|50.0|50.0|10|205",
        "daily_avg_volume": 215.0,
        "capacity": 1200.0,
        "freespeed": 50.0,
        "modes": "bus,car,car_passenger,pt,taxi,truck",
        "isTarget": false,
        "link_1451949_inflow": 0,
        "link_1451949_outflow": 0
      }
    },
    {
      "type": "Feature",
      "geometry": {
        "type": "LineString",
        "coordinates": [
          [
            6.159317193234511,
            46.20173425807537
          ],
          [
            6.159130993237945,
            46.20190815807985
          ]
        ]
      },
      "properties": {
        "angle": 136.9563003300387,
        "per_id_keys": "337780",
        "per_id_capacities": "600",
        "per_id_lengths": "24.1",
        "per_id_freespeeds": "30.0",
        "per_id_daily_avgs": "6",
        "per_id_permlanes": "1",
        "per_id_arrows": "\u2190",
        "per_id_directions": "forward",
        "searchable_text": "337780|600|24.1|30.0|6",
        "daily_avg_volume": 6.0,
        "capacity": 600.0,
        "freespeed": 30.000000000000004,
        "modes": "car,car_passenger,taxi,truck",
        "isTarget": false,
        "link_1451949_inflow": 0,
        "link_1451949_outflow": 0
      }
    },
    {
      "type": "Feature",
      "geometry": {
        "type": "LineString",
        "coordinates": [
          [
            6.159317193234511,
            46.20173425807537
          ],
          [
            6.160170593258214,
            46.2021403580652
          ]
        ]
      },
      "properties": {
        "angle": 25.447965899413283,
        "per_id_keys": "787985",
        "per_id_capacities": "600",
        "per_id_lengths": "79.9",
        "per_id_freespeeds": "30.0",
        "per_id_daily_avgs": "2",
        "per_id_permlanes": "1",
        "per_id_arrows": "\u2192",
        "per_id_directions": "forward",
        "searchable_text": "787985|600|79.9|30.0|2",
        "daily_avg_volume": 2.0,
        "capacity": 600.0,
        "freespeed": 30.000000000000004,
        "modes": "car,car_passenger,taxi,truck",
        "isTarget": false,
        "link_1451949_inflow": 0,
        "link_1451949_outflow": 0
      }
    },
    {
      "type": "Feature",
      "geometry": {
        "type": "LineString",
        "coordinates": [
          [
            6.149726093215547,
            46.204727258255616
          ],
          [
            6.150030293208258,
            46.20439125824781
          ]
        ]
      },
      "properties": {
        "angle": -47.84365882955006,
        "per_id_keys": "354861|354861_spec",
        "per_id_capacities": "6000|1500",
        "per_id_lengths": "44.1|44.1",
        "per_id_freespeeds": "50.0|50.0",
        "per_id_daily_avgs": "306|407",
        "per_id_permlanes": "4|1",
        "per_id_arrows": "\u2192|\u2192",
        "per_id_directions": "forward|forward",
        "searchable_text": "354861|354861_spec|6000|1500|44.1|44.1|50.0|50.0|306|407",
        "daily_avg_volume": 713.0,
        "capacity": 7500.0,
        "freespeed": 50.0,
        "modes": "bus,car,car_passenger,pt,taxi,truck",
        "isTarget": false,
        "link_1451949_inflow": 0,
        "link_1451949_outflow": 0
      }
    },
    {
      "type": "Feature",
      "geometry": {
        "type": "LineString",
        "coordinates": [
          [
            6.15338509316736,
            46.201894458172085
          ],
          [
            6.153259093165057,
            46.20186985817391
          ]
        ]
      },
      "properties": {
        "angle": -168.95265045713896,
        "per_id_keys": "396236",
        "per_id_capacities": "600",
        "per_id_lengths": "13.9",
        "per_id_freespeeds": "50.0",
        "per_id_daily_avgs": "67",
        "per_id_permlanes": "1",
        "per_id_arrows": "\u2190",
        "per_id_directions": "forward",
        "searchable_text": "396236|600|13.9|50.0|67",
        "daily_avg_volume": 67.0,
        "capacity": 600.0,
        "freespeed": 50.0,
        "modes": "bus,car,car_passenger,pt,taxi,truck",
        "isTarget": false,
        "link_1451949_inflow": 2,
        "link_1451949_outflow": 0
      }
    },
    {
      "type": "Feature",
      "geometry": {
        "type": "LineString",
        "coordinates": [
          [
            6.156529593176396,
            46.20099895811369
          ],
          [
            6.156533993176832,
            46.20100965811373
          ]
        ]
      },
      "properties": {
        "angle": 67.64680039094335,
        "per_id_keys": "56966",
        "per_id_capacities": "600",
        "per_id_lengths": "4.2",
        "per_id_freespeeds": "15.0",
        "per_id_daily_avgs": "0",
        "per_id_permlanes": "1",
        "per_id_arrows": "\u2192",
        "per_id_directions": "forward",
        "searchable_text": "56966|600|4.2|15.0|0",
        "daily_avg_volume": 0.0,
        "capacity": 600.0,
        "freespeed": 15.000000000000002,
        "modes": "bus,car,car_passenger,taxi,truck",
        "isTarget": false,
        "link_1451949_inflow": 0,
        "link_1451949_outflow": 0
      }
    },
    {
      "type": "Feature",
      "geometry": {
        "type": "LineString",
        "coordinates": [
          [
            6.15562619317087,
            46.201166058129694
          ],
          [
            6.155625793171248,
            46.20117785812982
          ]
        ]
      },
      "properties": {
        "angle": 91.94148453664646,
        "per_id_keys": "787976",
        "per_id_capacities": "1200",
        "per_id_lengths": "13.9",
        "per_id_freespeeds": "50.0",
        "per_id_daily_avgs": "291",
        "per_id_permlanes": "2",
        "per_id_arrows": "\u2190",
        "per_id_directions": "forward",
        "searchable_text": "787976|1200|13.9|50.0|291",
        "daily_avg_volume": 291.0,
        "capacity": 1200.0,
        "freespeed": 50.0,
        "modes": "bus,car,car_passenger,pt,taxi,truck",
        "isTarget": false,
        "link_1451949_inflow": 0,
        "link_1451949_outflow": 0
      }
    },
    {
      "type": "Feature",
      "geometry": {
        "type": "LineString",
        "coordinates": [
          [
            6.155625793171248,
            46.20117785812982
          ],
          [
            6.155749393183379,
            46.20150205813065
          ]
        ]
      },
      "properties": {
        "angle": 69.13084325973847,
        "per_id_keys": "787977",
        "per_id_capacities": "1200",
        "per_id_lengths": "37.6",
        "per_id_freespeeds": "50.0",
        "per_id_daily_avgs": "291",
        "per_id_permlanes": "2",
        "per_id_arrows": "\u2192",
        "per_id_directions": "forward",
        "searchable_text": "787977|1200|37.6|50.0|291",
        "daily_avg_volume": 291.0,
        "capacity": 1200.0,
        "freespeed": 50.0,
        "modes": "bus,car,car_passenger,pt,taxi,truck",
        "isTarget": false,
        "link_1451949_inflow": 0,
        "link_1451949_outflow": 0
      }
    },
    {
      "type": "Feature",
      "geometry": {
        "type": "LineString",
        "coordinates": [
          [
            6.155095093198823,
            46.20221725814741
          ],
          [
            6.155136793202516,
            46.202314458147605
          ]
        ]
      },
      "properties": {
        "angle": 66.78006848099434,
        "per_id_keys": "45205",
        "per_id_capacities": "4500",
        "per_id_lengths": "13.9",
        "per_id_freespeeds": "50.0",
        "per_id_daily_avgs": "228",
        "per_id_permlanes": "3",
        "per_id_arrows": "\u2192",
        "per_id_directions": "forward",
        "searchable_text": "45205|4500|13.9|50.0|228",
        "daily_avg_volume": 228.0,
        "capacity": 4500.0,
        "freespeed": 50.0,
        "modes": "bus,car,car_passenger,pt,taxi,truck",
        "isTarget": false,
        "link_1451949_inflow": 14,
        "link_1451949_outflow": 0
      }
    },
    {
      "type": "Feature",
      "geometry": {
        "type": "LineString",
        "coordinates": [
          [
            6.155136793202516,
            46.202314458147605
          ],
          [
            6.155190593207286,
            46.20243975814787
          ]
        ]
      },
      "properties": {
        "angle": 66.76278752496712,
        "per_id_keys": "45206",
        "per_id_capacities": "4500",
        "per_id_lengths": "14.5",
        "per_id_freespeeds": "50.0",
        "per_id_daily_avgs": "228",
        "per_id_permlanes": "3",
        "per_id_arrows": "\u2192",
        "per_id_directions": "forward",
        "searchable_text": "45206|4500|14.5|50.0|228",
        "daily_avg_volume": 228.0,
        "capacity": 4500.0,
        "freespeed": 50.0,
        "modes": "bus,car,car_passenger,pt,taxi,truck",
        "isTarget": false,
        "link_1451949_inflow": 14,
        "link_1451949_outflow": 0
      }
    },
    {
      "type": "Feature",
      "geometry": {
        "type": "LineString",
        "coordinates": [
          [
            6.154893493181049,
            46.20174945814657
          ],
          [
            6.154982493188788,
            46.201952658146915
          ]
        ]
      },
      "properties": {
        "angle": 66.34695797798857,
        "per_id_keys": "45210",
        "per_id_capacities": "4500",
        "per_id_lengths": "23.6",
        "per_id_freespeeds": "50.0",
        "per_id_daily_avgs": "228",
        "per_id_permlanes": "3",
        "per_id_arrows": "\u2192",
        "per_id_directions": "forward",
        "searchable_text": "45210|4500|23.6|50.0|228",
        "daily_avg_volume": 228.0,
        "capacity": 4500.0,
        "freespeed": 50.0,
        "modes": "bus,car,car_passenger,pt,taxi,truck",
        "isTarget": false,
        "link_1451949_inflow": 13,
        "link_1451949_outflow": 0
      }
    },
    {
      "type": "Feature",
      "geometry": {
        "type": "LineString",
        "coordinates": [
          [
            6.154431493139795,
            46.200662858144526
          ],
          [
            6.1544582931421585,
            46.20072465814459
          ]
        ]
      },
      "properties": {
        "angle": 66.55569627475742,
        "per_id_keys": "45224",
        "per_id_capacities": "4500",
        "per_id_lengths": "13.9",
        "per_id_freespeeds": "50.0",
        "per_id_daily_avgs": "88",
        "per_id_permlanes": "3",
        "per_id_arrows": "\u2192",
        "per_id_directions": "forward",
        "searchable_text": "45224|4500|13.9|50.0|88",
        "daily_avg_volume": 88.0,
        "capacity": 4500.0,
        "freespeed": 50.0,
        "modes": "car,car_passenger,taxi,truck",
        "isTarget": false,
        "link_1451949_inflow": 5,
        "link_1451949_outflow": 0
      }
    },
    {
      "type": "Feature",
      "geometry": {
        "type": "LineString",
        "coordinates": [
          [
            6.153248193096244,
            46.199774058155725
          ],
          [
            6.153315493098667,
            46.19982265815507
          ]
        ]
      },
      "properties": {
        "angle": 35.83454311437805,
        "per_id_keys": "45249",
        "per_id_capacities": "4500",
        "per_id_lengths": "13.9",
        "per_id_freespeeds": "50.0",
        "per_id_daily_avgs": "105",
        "per_id_permlanes": "3",
        "per_id_arrows": "\u2192",
        "per_id_directions": "forward",
        "searchable_text": "45249|4500|13.9|50.0|105",
        "daily_avg_volume": 105.0,
        "capacity": 4500.0,
        "freespeed": 50.0,
        "modes": "car,car_passenger,taxi,truck",
        "isTarget": false,
        "link_1451949_inflow": 1,
        "link_1451949_outflow": 0
      }
    },
    {
      "type": "Feature",
      "geometry": {
        "type": "LineString",
        "coordinates": [
          [
            6.15526699321394,
            46.20261445814815
          ],
          [
            6.155310893217704,
            46.20271385814829
          ]
        ]
      },
      "properties": {
        "angle": 66.17135262336785,
        "per_id_keys": "45287",
        "per_id_capacities": "4500",
        "per_id_lengths": "13.9",
        "per_id_freespeeds": "50.0",
        "per_id_daily_avgs": "18",
        "per_id_permlanes": "3",
        "per_id_arrows": "\u2192",
        "per_id_directions": "forward",
        "searchable_text": "45287|4500|13.9|50.0|18",
        "daily_avg_volume": 18.0,
        "capacity": 4500.0,
        "freespeed": 50.0,
        "modes": "car,car_passenger,taxi,truck",
        "isTarget": false,
        "link_1451949_inflow": 8,
        "link_1451949_outflow": 0
      }
    },
    {
      "type": "Feature",
      "geometry": {
        "type": "LineString",
        "coordinates": [
          [
            6.154899493120625,
            46.19990335813033
          ],
          [
            6.154857093116919,
            46.199805758130154
          ]
        ]
      },
      "properties": {
        "angle": -113.4813924751081,
        "per_id_keys": "788017",
        "per_id_capacities": "1200",
        "per_id_lengths": "11.3",
        "per_id_freespeeds": "25.0",
        "per_id_daily_avgs": "216",
        "per_id_permlanes": "2",
        "per_id_arrows": "\u2190",
        "per_id_directions": "forward",
        "searchable_text": "788017|1200|11.3|25.0|216",
        "daily_avg_volume": 216.0,
        "capacity": 1200.0,
        "freespeed": 25.0,
        "modes": "bus,car,car_passenger,pt,taxi,truck",
        "isTarget": false,
        "link_1451949_inflow": 0,
        "link_1451949_outflow": 0
      }
    },
    {
      "type": "Feature",
      "geometry": {
        "type": "LineString",
        "coordinates": [
          [
            6.159514893204784,
            46.20075335806361
          ],
          [
            6.159424393202313,
            46.20071125806467
          ]
        ]
      },
      "properties": {
        "angle": -155.0524645938322,
        "per_id_keys": "484204",
        "per_id_capacities": "4500",
        "per_id_lengths": "13.9",
        "per_id_freespeeds": "50.0",
        "per_id_daily_avgs": "170",
        "per_id_permlanes": "3",
        "per_id_arrows": "\u2190",
        "per_id_directions": "forward",
        "searchable_text": "484204|4500|13.9|50.0|170",
        "daily_avg_volume": 170.0,
        "capacity": 4500.0,
        "freespeed": 50.0,
        "modes": "bus,car,car_passenger,taxi,truck",
        "isTarget": false,
        "link_1451949_inflow": 0,
        "link_1451949_outflow": 0
      }
    },
    {
      "type": "Feature",
      "geometry": {
        "type": "LineString",
        "coordinates": [
          [
            6.156598693104868,
            46.19878915809331
          ],
          [
            6.156220293126172,
            46.19958095810631
          ]
        ]
      },
      "properties": {
        "angle": 115.54306199051766,
        "per_id_keys": "484237",
        "per_id_capacities": "600",
        "per_id_lengths": "92.8",
        "per_id_freespeeds": "50.0",
        "per_id_daily_avgs": "133",
        "per_id_permlanes": "1",
        "per_id_arrows": "\u2190",
        "per_id_directions": "forward",
        "searchable_text": "484237|600|92.8|50.0|133",
        "daily_avg_volume": 133.0,
        "capacity": 600.0,
        "freespeed": 50.0,
        "modes": "bus,car,car_passenger,pt,taxi,truck",
        "isTarget": false,
        "link_1451949_inflow": 0,
        "link_1451949_outflow": 0
      }
    },
    {
      "type": "Feature",
      "geometry": {
        "type": "LineString",
        "coordinates": [
          [
            6.154966093057143,
            46.19794005811211
          ],
          [
            6.154835993052636,
            46.1978512581134
          ]
        ]
      },
      "properties": {
        "angle": -145.68443683204194,
        "per_id_keys": "484246|484246_spec",
        "per_id_capacities": "4500|1500",
        "per_id_lengths": "14.1|14.1",
        "per_id_freespeeds": "50.0|50.0",
        "per_id_daily_avgs": "97|284",
        "per_id_permlanes": "3|1",
        "per_id_arrows": "\u2190|\u2190",
        "per_id_directions": "forward|forward",
        "searchable_text": "484246|484246_spec|4500|1500|14.1|14.1|50.0|50.0|97|284",
        "daily_avg_volume": 381.0,
        "capacity": 6000.0,
        "freespeed": 50.0,
        "modes": "bus,car,car_passenger,pt,taxi,truck",
        "isTarget": false,
        "link_1451949_inflow": 0,
        "link_1451949_outflow": 0
      }
    },
    {
      "type": "Feature",
      "geometry": {
        "type": "LineString",
        "coordinates": [
          [
            6.160170593258214,
            46.2021403580652
          ],
          [
            6.16082259327658,
            46.20245755805749
          ]
        ]
      },
      "properties": {
        "angle": 25.94306251167417,
        "per_id_keys": "48865",
        "per_id_capacities": "600",
        "per_id_lengths": "61.5",
        "per_id_freespeeds": "30.0",
        "per_id_daily_avgs": "2",
        "per_id_permlanes": "1",
        "per_id_arrows": "\u2192",
        "per_id_directions": "forward",
        "searchable_text": "48865|600|61.5|30.0|2",
        "daily_avg_volume": 2.0,
        "capacity": 600.0,
        "freespeed": 30.000000000000004,
        "modes": "car,car_passenger,taxi,truck",
        "isTarget": false,
        "link_1451949_inflow": 0,
        "link_1451949_outflow": 0
      }
    },
    {
      "type": "Feature",
      "geometry": {
        "type": "LineString",
        "coordinates": [
          [
            6.15107549320484,
            46.20389825822672
          ],
          [
            6.1507894932058305,
            46.20403475823247
          ]
        ]
      },
      "properties": {
        "angle": 154.4861285579951,
        "per_id_keys": "494448",
        "per_id_capacities": "4500",
        "per_id_lengths": "26.8",
        "per_id_freespeeds": "50.0",
        "per_id_daily_avgs": "254",
        "per_id_permlanes": "3",
        "per_id_arrows": "\u2190",
        "per_id_directions": "forward",
        "searchable_text": "494448|4500|26.8|50.0|254",
        "daily_avg_volume": 254.0,
        "capacity": 4500.0,
        "freespeed": 50.0,
        "modes": "car,car_passenger,taxi,truck",
        "isTarget": false,
        "link_1451949_inflow": 252,
        "link_1451949_outflow": 0
      }
    },
    {
      "type": "Feature",
      "geometry": {
        "type": "LineString",
        "coordinates": [
          [
            6.148318393288064,
            46.207464958302204
          ],
          [
            6.14862209330068,
            46.2077367582997
          ]
        ]
      },
      "properties": {
        "angle": 41.82733668003107,
        "per_id_keys": "515764|515765",
        "per_id_capacities": "4500|3000",
        "per_id_lengths": "38.2|38.2",
        "per_id_freespeeds": "50.0|50.0",
        "per_id_daily_avgs": "166|153",
        "per_id_permlanes": "3|2",
        "per_id_arrows": "\u2192|\u2190",
        "per_id_directions": "forward|reverse",
        "searchable_text": "515764|515765|4500|3000|38.2|38.2|50.0|50.0|166|153",
        "daily_avg_volume": 319.0,
        "capacity": 7500.0,
        "freespeed": 50.0,
        "modes": "car,car_passenger,taxi,truck",
        "isTarget": false,
        "link_1451949_outflow": 80,
        "link_1451949_inflow": 0
      }
    },
    {
      "type": "Feature",
      "geometry": {
        "type": "LineString",
        "coordinates": [
          [
            6.14888499331157,
            46.20797155829749
          ],
          [
            6.14862209330068,
            46.2077367582997
          ]
        ]
      },
      "properties": {
        "angle": -138.23147407135517,
        "per_id_keys": "937721|937722",
        "per_id_capacities": "4500|3000",
        "per_id_lengths": "33.1|33.1",
        "per_id_freespeeds": "50.0|50.0",
        "per_id_daily_avgs": "165|152",
        "per_id_permlanes": "3|2",
        "per_id_arrows": "\u2192|\u2190",
        "per_id_directions": "reverse|forward",
        "searchable_text": "937721|937722|4500|3000|33.1|33.1|50.0|50.0|165|152",
        "daily_avg_volume": 317.0,
        "capacity": 7500.0,
        "freespeed": 50.0,
        "modes": "car,car_passenger,taxi,truck",
        "isTarget": false,
        "link_1451949_outflow": 80,
        "link_1451949_inflow": 0
      }
    },
    {
      "type": "Feature",
      "geometry": {
        "type": "LineString",
        "coordinates": [
          [
            6.149113293321007,
            46.20817385829567
          ],
          [
            6.14888499331157,
            46.20797155829749
          ]
        ]
      },
      "properties": {
        "angle": -138.4553749146187,
        "per_id_keys": "937719|937720",
        "per_id_capacities": "3000|3000",
        "per_id_lengths": "28.6|28.6",
        "per_id_freespeeds": "50.0|50.0",
        "per_id_daily_avgs": "99|163",
        "per_id_permlanes": "2|2",
        "per_id_arrows": "\u2192|\u2190",
        "per_id_directions": "reverse|forward",
        "searchable_text": "937719|937720|3000|3000|28.6|28.6|50.0|50.0|99|163",
        "daily_avg_volume": 262.0,
        "capacity": 6000.0,
        "freespeed": 50.0,
        "modes": "car,car_passenger,taxi,truck",
        "isTarget": false,
        "link_1451949_outflow": 61,
        "link_1451949_inflow": 0
      }
    },
    {
      "type": "Feature",
      "geometry": {
        "type": "LineString",
        "coordinates": [
          [
            6.149424192360712,
            46.20888895663695
          ],
          [
            6.149715192358592,
            46.208717656630796
          ]
        ]
      },
      "properties": {
        "angle": -30.483612237625877,
        "per_id_keys": "888",
        "per_id_capacities": "1200",
        "per_id_lengths": "29.7",
        "per_id_freespeeds": "15.0",
        "per_id_daily_avgs": "3",
        "per_id_permlanes": "2",
        "per_id_arrows": "\u2192",
        "per_id_directions": "forward",
        "searchable_text": "888|1200|29.7|15.0|3",
        "daily_avg_volume": 3.0,
        "capacity": 1200.0,
        "freespeed": 15.000000000000002,
        "modes": "car,car_passenger,taxi,truck",
        "isTarget": false,
        "link_1451949_outflow": 0,
        "link_1451949_inflow": 0
      }
    },
    {
      "type": "Feature",
      "geometry": {
        "type": "LineString",
        "coordinates": [
          [
            6.149892392365935,
            46.20887675662934
          ],
          [
            6.149715192358592,
            46.208717656630796
          ]
        ]
      },
      "properties": {
        "angle": -138.08074483068944,
        "per_id_keys": "515768|515769",
        "per_id_capacities": "3000|3000",
        "per_id_lengths": "22.4|22.4",
        "per_id_freespeeds": "50.0|50.0",
        "per_id_daily_avgs": "99|160",
        "per_id_permlanes": "2|2",
        "per_id_arrows": "\u2192|\u2190",
        "per_id_directions": "reverse|forward",
        "searchable_text": "515768|515769|3000|3000|22.4|22.4|50.0|50.0|99|160",
        "daily_avg_volume": 259.0,
        "capacity": 6000.0,
        "freespeed": 50.0,
        "modes": "car,car_passenger,taxi,truck",
        "isTarget": false,
        "link_1451949_outflow": 61,
        "link_1451949_inflow": 0
      }
    },
    {
      "type": "Feature",
      "geometry": {
        "type": "LineString",
        "coordinates": [
          [
            6.1495429933388435,
            46.20855835829209
          ],
          [
            6.149715192358592,
            46.208717656630796
          ]
        ]
      },
      "properties": {
        "angle": 42.77137962042629,
        "per_id_keys": "937717|937718",
        "per_id_capacities": "3000|3000",
        "per_id_lengths": "22.1|22.1",
        "per_id_freespeeds": "50.0|50.0",
        "per_id_daily_avgs": "99|163",
        "per_id_permlanes": "2|2",
        "per_id_arrows": "\u2192|\u2190",
        "per_id_directions": "forward|reverse",
        "searchable_text": "937717|937718|3000|3000|22.1|22.1|50.0|50.0|99|163",
        "daily_avg_volume": 262.0,
        "capacity": 6000.0,
        "freespeed": 50.0,
        "modes": "car,car_passenger,taxi,truck",
        "isTarget": false,
        "link_1451949_outflow": 61,
        "link_1451949_inflow": 0
      }
    },
    {
      "type": "Feature",
      "geometry": {
        "type": "LineString",
        "coordinates": [
          [
            6.149185993323979,
            46.208237258295036
          ],
          [
            6.1495429933388435,
            46.20855835829209
          ]
        ]
      },
      "properties": {
        "angle": 41.96947214264495,
        "per_id_keys": "523323|523324",
        "per_id_capacities": "3000|3000",
        "per_id_lengths": "45.1|45.1",
        "per_id_freespeeds": "50.0|50.0",
        "per_id_daily_avgs": "99|163",
        "per_id_permlanes": "2|2",
        "per_id_arrows": "\u2192|\u2190",
        "per_id_directions": "forward|reverse",
        "searchable_text": "523323|523324|3000|3000|45.1|45.1|50.0|50.0|99|163",
        "daily_avg_volume": 262.0,
        "capacity": 6000.0,
        "freespeed": 50.0,
        "modes": "car,car_passenger,taxi,truck",
        "isTarget": false,
        "link_1451949_outflow": 61,
        "link_1451949_inflow": 0
      }
    },
    {
      "type": "Feature",
      "geometry": {
        "type": "LineString",
        "coordinates": [
          [
            6.155377993071916,
            46.19823815810807
          ],
          [
            6.1553097930694545,
            46.198188258108736
          ]
        ]
      },
      "properties": {
        "angle": -143.80812861556515,
        "per_id_keys": "523319|523319_spec",
        "per_id_capacities": "3000|1500",
        "per_id_lengths": "13.9|13.9",
        "per_id_freespeeds": "50.0|50.0",
        "per_id_daily_avgs": "97|284",
        "per_id_permlanes": "2|1",
        "per_id_arrows": "\u2190|\u2190",
        "per_id_directions": "forward|forward",
        "searchable_text": "523319|523319_spec|3000|1500|13.9|13.9|50.0|50.0|97|284",
        "daily_avg_volume": 381.0,
        "capacity": 4500.0,
        "freespeed": 50.0,
        "modes": "bus,car,car_passenger,pt,taxi,truck",
        "isTarget": false,
        "link_1451949_inflow": 0,
        "link_1451949_outflow": 0
      }
    },
    {
      "type": "Feature",
      "geometry": {
        "type": "LineString",
        "coordinates": [
          [
            6.149185993323979,
            46.208237258295036
          ],
          [
            6.149113293321007,
            46.20817385829567
          ]
        ]
      },
      "properties": {
        "angle": -138.9090662699086,
        "per_id_keys": "937710|937711",
        "per_id_capacities": "3000|3000",
        "per_id_lengths": "13.9|13.9",
        "per_id_freespeeds": "50.0|50.0",
        "per_id_daily_avgs": "99|163",
        "per_id_permlanes": "2|2",
        "per_id_arrows": "\u2192|\u2190",
        "per_id_directions": "reverse|forward",
        "searchable_text": "937710|937711|3000|3000|13.9|13.9|50.0|50.0|99|163",
        "daily_avg_volume": 262.0,
        "capacity": 6000.0,
        "freespeed": 50.0,
        "modes": "car,car_passenger,taxi,truck",
        "isTarget": false,
        "link_1451949_outflow": 61,
        "link_1451949_inflow": 0
      }
    },
    {
      "type": "Feature",
      "geometry": {
        "type": "LineString",
        "coordinates": [
          [
            6.14963119322101,
            46.204929658258905
          ],
          [
            6.149726093215547,
            46.204727258255616
          ]
        ]
      },
      "properties": {
        "angle": -64.87936485570037,
        "per_id_keys": "665049",
        "per_id_capacities": "4500",
        "per_id_lengths": "23.7",
        "per_id_freespeeds": "50.0",
        "per_id_daily_avgs": "713",
        "per_id_permlanes": "3",
        "per_id_arrows": "\u2192",
        "per_id_directions": "forward",
        "searchable_text": "665049|4500|23.7|50.0|713",
        "daily_avg_volume": 713.0,
        "capacity": 4500.0,
        "freespeed": 50.0,
        "modes": "bus,car,car_passenger,pt,taxi,truck",
        "isTarget": false,
        "link_1451949_inflow": 0,
        "link_1451949_outflow": 0
      }
    },
    {
      "type": "Feature",
      "geometry": {
        "type": "LineString",
        "coordinates": [
          [
            6.157059793269251,
            46.20363555812828
          ],
          [
            6.157227393268334,
            46.20354515812476
          ]
        ]
      },
      "properties": {
        "angle": -28.341513530299085,
        "per_id_keys": "56930",
        "per_id_capacities": "600",
        "per_id_lengths": "16.4",
        "per_id_freespeeds": "30.0",
        "per_id_daily_avgs": "8",
        "per_id_permlanes": "1",
        "per_id_arrows": "\u2192",
        "per_id_directions": "forward",
        "searchable_text": "56930|600|16.4|30.0|8",
        "daily_avg_volume": 8.0,
        "capacity": 600.0,
        "freespeed": 30.000000000000004,
        "modes": "car,car_passenger,taxi,truck",
        "isTarget": false,
        "link_1451949_inflow": 0,
        "link_1451949_outflow": 0
      }
    },
    {
      "type": "Feature",
      "geometry": {
        "type": "LineString",
        "coordinates": [
          [
            6.1535478931689145,
            46.20188065816934
          ],
          [
            6.153541793168898,
            46.20188235816946
          ]
        ]
      },
      "properties": {
        "angle": 164.4274553404879,
        "per_id_keys": "68618",
        "per_id_capacities": "600",
        "per_id_lengths": "13.9",
        "per_id_freespeeds": "50.0",
        "per_id_daily_avgs": "25",
        "per_id_permlanes": "1",
        "per_id_arrows": "\u2190",
        "per_id_directions": "forward",
        "searchable_text": "68618|600|13.9|50.0|25",
        "daily_avg_volume": 25.0,
        "capacity": 600.0,
        "freespeed": 50.0,
        "modes": "bus,car,car_passenger,pt,taxi,truck",
        "isTarget": false,
        "link_1451949_inflow": 2,
        "link_1451949_outflow": 0
      }
    },
    {
      "type": "Feature",
      "geometry": {
        "type": "LineString",
        "coordinates": [
          [
            6.150594493207662,
            46.20416355823676
          ],
          [
            6.150523293208703,
            46.20422165823842
          ]
        ]
      },
      "properties": {
        "angle": 140.7851672031402,
        "per_id_keys": "698379",
        "per_id_capacities": "4500",
        "per_id_lengths": "13.9",
        "per_id_freespeeds": "50.0",
        "per_id_daily_avgs": "674",
        "per_id_permlanes": "3",
        "per_id_arrows": "\u2190",
        "per_id_directions": "forward",
        "searchable_text": "698379|4500|13.9|50.0|674",
        "daily_avg_volume": 674.0,
        "capacity": 4500.0,
        "freespeed": 50.0,
        "modes": "bus,car,car_passenger,pt,taxi,truck",
        "isTarget": false,
        "link_1451949_inflow": 671,
        "link_1451949_outflow": 0
      }
    },
    {
      "type": "Feature",
      "geometry": {
        "type": "LineString",
        "coordinates": [
          [
            6.150406493201333,
            46.204040358238686
          ],
          [
            6.150523293208703,
            46.20422165823842
          ]
        ]
      },
      "properties": {
        "angle": 57.208903328516364,
        "per_id_keys": "698402",
        "per_id_capacities": "600",
        "per_id_lengths": "22.4",
        "per_id_freespeeds": "50.0",
        "per_id_daily_avgs": "6",
        "per_id_permlanes": "1",
        "per_id_arrows": "\u2192",
        "per_id_directions": "forward",
        "searchable_text": "698402|600|22.4|50.0|6",
        "daily_avg_volume": 6.0,
        "capacity": 600.0,
        "freespeed": 50.0,
        "modes": "car,car_passenger,taxi,truck",
        "isTarget": false,
        "link_1451949_inflow": 5,
        "link_1451949_outflow": 0
      }
    },
    {
      "type": "Feature",
      "geometry": {
        "type": "LineString",
        "coordinates": [
          [
            6.150523293208703,
            46.20422165823842
          ],
          [
            6.149764193220264,
            46.20485695825617
          ]
        ]
      },
      "properties": {
        "angle": 140.07362730956092,
        "per_id_keys": "698380",
        "per_id_capacities": "4500",
        "per_id_lengths": "92.2",
        "per_id_freespeeds": "50.0",
        "per_id_daily_avgs": "680",
        "per_id_permlanes": "3",
        "per_id_arrows": "\u2190",
        "per_id_directions": "forward",
        "searchable_text": "698380|4500|92.2|50.0|680",
        "daily_avg_volume": 680.0,
        "capacity": 4500.0,
        "freespeed": 50.0,
        "modes": "bus,car,car_passenger,pt,taxi,truck",
        "isTarget": false,
        "link_1451949_inflow": 677,
        "link_1451949_outflow": 0
      }
    },
    {
      "type": "Feature",
      "geometry": {
        "type": "LineString",
        "coordinates": [
          [
            6.150227093197098,
            46.20397735824105
          ],
          [
            6.1501953931943705,
            46.203906358240914
          ]
        ]
      },
      "properties": {
        "angle": -114.05975433972085,
        "per_id_keys": "698382|698382_spec",
        "per_id_capacities": "600|600",
        "per_id_lengths": "13.9|13.9",
        "per_id_freespeeds": "50.0|50.0",
        "per_id_daily_avgs": "3|0",
        "per_id_permlanes": "1|1",
        "per_id_arrows": "\u2190|\u2190",
        "per_id_directions": "forward|forward",
        "searchable_text": "698382|698382_spec|600|600|13.9|13.9|50.0|50.0|3|0",
        "daily_avg_volume": 3.0,
        "capacity": 1200.0,
        "freespeed": 50.0,
        "modes": "car,car_passenger,taxi,truck",
        "isTarget": false,
        "link_1451949_inflow": 0,
        "link_1451949_outflow": 0
      }
    },
    {
      "type": "Feature",
      "geometry": {
        "type": "LineString",
        "coordinates": [
          [
            6.150227093197098,
            46.20397735824105
          ],
          [
            6.150406493201333,
            46.204040358238686
          ]
        ]
      },
      "properties": {
        "angle": 19.34977264702243,
        "per_id_keys": "698392",
        "per_id_capacities": "600",
        "per_id_lengths": "15.7",
        "per_id_freespeeds": "50.0",
        "per_id_daily_avgs": "6",
        "per_id_permlanes": "1",
        "per_id_arrows": "\u2192",
        "per_id_directions": "forward",
        "searchable_text": "698392|600|15.7|50.0|6",
        "daily_avg_volume": 6.0,
        "capacity": 600.0,
        "freespeed": 50.0,
        "modes": "car,car_passenger,taxi,truck",
        "isTarget": false,
        "link_1451949_inflow": 0,
        "link_1451949_outflow": 0
      }
    },
    {
      "type": "Feature",
      "geometry": {
        "type": "LineString",
        "coordinates": [
          [
            6.150333193202338,
            46.20409865824042
          ],
          [
            6.150406493201333,
            46.204040358238686
          ]
        ]
      },
      "properties": {
        "angle": -38.49739064997152,
        "per_id_keys": "698383",
        "per_id_capacities": "4500",
        "per_id_lengths": "13.9",
        "per_id_freespeeds": "50.0",
        "per_id_daily_avgs": "688",
        "per_id_permlanes": "3",
        "per_id_arrows": "\u2192",
        "per_id_directions": "forward",
        "searchable_text": "698383|4500|13.9|50.0|688",
        "daily_avg_volume": 688.0,
        "capacity": 4500.0,
        "freespeed": 50.0,
        "modes": "bus,car,car_passenger,pt,taxi,truck",
        "isTarget": false,
        "link_1451949_inflow": 0,
        "link_1451949_outflow": 0
      }
    },
    {
      "type": "Feature",
      "geometry": {
        "type": "LineString",
        "coordinates": [
          [
            6.1502206932041785,
            46.20419625824304
          ],
          [
            6.150333193202338,
            46.20409865824042
          ]
        ]
      },
      "properties": {
        "angle": -40.943455804925705,
        "per_id_keys": "698389",
        "per_id_capacities": "4500",
        "per_id_lengths": "13.9",
        "per_id_freespeeds": "50.0",
        "per_id_daily_avgs": "688",
        "per_id_permlanes": "3",
        "per_id_arrows": "\u2192",
        "per_id_directions": "forward",
        "searchable_text": "698389|4500|13.9|50.0|688",
        "daily_avg_volume": 688.0,
        "capacity": 4500.0,
        "freespeed": 50.0,
        "modes": "bus,car,car_passenger,pt,taxi,truck",
        "isTarget": false,
        "link_1451949_inflow": 0,
        "link_1451949_outflow": 0
      }
    },
    {
      "type": "Feature",
      "geometry": {
        "type": "LineString",
        "coordinates": [
          [
            6.150533593199013,
            46.20392205823563
          ],
          [
            6.150538293200134,
            46.203954158235845
          ]
        ]
      },
      "properties": {
        "angle": 81.67008563966016,
        "per_id_keys": "698401",
        "per_id_capacities": "1200",
        "per_id_lengths": "13.9",
        "per_id_freespeeds": "50.0",
        "per_id_daily_avgs": "420",
        "per_id_permlanes": "2",
        "per_id_arrows": "\u2192",
        "per_id_directions": "forward",
        "searchable_text": "698401|1200|13.9|50.0|420",
        "daily_avg_volume": 420.0,
        "capacity": 1200.0,
        "freespeed": 50.0,
        "modes": "bus,car,car_passenger,pt,taxi,truck",
        "isTarget": false,
        "link_1451949_inflow": 418,
        "link_1451949_outflow": 0
      }
    },
    {
      "type": "Feature",
      "geometry": {
        "type": "LineString",
        "coordinates": [
          [
            6.150406493201333,
            46.204040358238686
          ],
          [
            6.150538293200134,
            46.203954158235845
          ]
        ]
      },
      "properties": {
        "angle": -33.18553975873141,
        "per_id_keys": "698403",
        "per_id_capacities": "4500",
        "per_id_lengths": "14.0",
        "per_id_freespeeds": "50.0",
        "per_id_daily_avgs": "688",
        "per_id_permlanes": "3",
        "per_id_arrows": "\u2192",
        "per_id_directions": "forward",
        "searchable_text": "698403|4500|14.0|50.0|688",
        "daily_avg_volume": 688.0,
        "capacity": 4500.0,
        "freespeed": 50.0,
        "modes": "bus,car,car_passenger,pt,taxi,truck",
        "isTarget": false,
        "link_1451949_inflow": 0,
        "link_1451949_outflow": 0
      }
    },
    {
      "type": "Feature",
      "geometry": {
        "type": "LineString",
        "coordinates": [
          [
            6.14752219326029,
            46.20691385831018
          ],
          [
            6.14746529325928,
            46.20690435831102
          ]
        ]
      },
      "properties": {
        "angle": -170.5213505457051,
        "per_id_keys": "757967",
        "per_id_capacities": "300",
        "per_id_lengths": "4.5",
        "per_id_freespeeds": "10.0",
        "per_id_daily_avgs": "4",
        "per_id_permlanes": "1",
        "per_id_arrows": "\u2190",
        "per_id_directions": "forward",
        "searchable_text": "757967|300|4.5|10.0|4",
        "daily_avg_volume": 4.0,
        "capacity": 300.0,
        "freespeed": 10.0,
        "modes": "car,car_passenger,taxi,truck",
        "isTarget": false,
        "link_1451949_outflow": 2,
        "link_1451949_inflow": 0
      }
    },
    {
      "type": "Feature",
      "geometry": {
        "type": "LineString",
        "coordinates": [
          [
            6.1555784931790765,
            46.201434458132816
          ],
          [
            6.155499493173863,
            46.20130475813293
          ]
        ]
      },
      "properties": {
        "angle": -121.34550876653583,
        "per_id_keys": "787974",
        "per_id_capacities": "1200",
        "per_id_lengths": "15.7",
        "per_id_freespeeds": "50.0",
        "per_id_daily_avgs": "243",
        "per_id_permlanes": "2",
        "per_id_arrows": "\u2190",
        "per_id_directions": "forward",
        "searchable_text": "787974|1200|15.7|50.0|243",
        "daily_avg_volume": 243.0,
        "capacity": 1200.0,
        "freespeed": 50.0,
        "modes": "bus,car,car_passenger,pt,taxi,truck",
        "isTarget": false,
        "link_1451949_inflow": 0,
        "link_1451949_outflow": 0
      }
    },
    {
      "type": "Feature",
      "geometry": {
        "type": "LineString",
        "coordinates": [
          [
            6.155758693157796,
            46.200717558123614
          ],
          [
            6.155702093161683,
            46.20085725812574
          ]
        ]
      },
      "properties": {
        "angle": 112.05552072985085,
        "per_id_keys": "788023|788023_spec",
        "per_id_capacities": "1800|600",
        "per_id_lengths": "16.1|16.1",
        "per_id_freespeeds": "50.0|50.0",
        "per_id_daily_avgs": "2|102",
        "per_id_permlanes": "3|1",
        "per_id_arrows": "\u2190|\u2190",
        "per_id_directions": "forward|forward",
        "searchable_text": "788023|788023_spec|1800|600|16.1|16.1|50.0|50.0|2|102",
        "daily_avg_volume": 104.0,
        "capacity": 2400.0,
        "freespeed": 50.0,
        "modes": "bus,car,car_passenger,pt,taxi,truck",
        "isTarget": false,
        "link_1451949_inflow": 0,
        "link_1451949_outflow": 0
      }
    },
    {
      "type": "Feature",
      "geometry": {
        "type": "LineString",
        "coordinates": [
          [
            6.146579993301302,
            46.20851625833934
          ],
          [
            6.146518193298812,
            46.208463158339846
          ]
        ]
      },
      "properties": {
        "angle": -139.33006169714292,
        "per_id_keys": "812621",
        "per_id_capacities": "1200",
        "per_id_lengths": "13.9",
        "per_id_freespeeds": "50.0",
        "per_id_daily_avgs": "25",
        "per_id_permlanes": "2",
        "per_id_arrows": "\u2190",
        "per_id_directions": "forward",
        "searchable_text": "812621|1200|13.9|50.0|25",
        "daily_avg_volume": 25.0,
        "capacity": 1200.0,
        "freespeed": 50.0,
        "modes": "car,car_passenger,taxi,truck",
        "isTarget": false,
        "link_1451949_outflow": 0,
        "link_1451949_inflow": 0
      }
    },
    {
      "type": "Feature",
      "geometry": {
        "type": "LineString",
        "coordinates": [
          [
            6.146518193298812,
            46.208463158339846
          ],
          [
            6.146360193292174,
            46.20831935834116
          ]
        ]
      },
      "properties": {
        "angle": -137.6938400365521,
        "per_id_keys": "812637",
        "per_id_capacities": "1200",
        "per_id_lengths": "20.1",
        "per_id_freespeeds": "50.0",
        "per_id_daily_avgs": "25",
        "per_id_permlanes": "2",
        "per_id_arrows": "\u2190",
        "per_id_directions": "forward",
        "searchable_text": "812637|1200|20.1|50.0|25",
        "daily_avg_volume": 25.0,
        "capacity": 1200.0,
        "freespeed": 50.0,
        "modes": "car,car_passenger,taxi,truck",
        "isTarget": false,
        "link_1451949_outflow": 0,
        "link_1451949_inflow": 0
      }
    },
    {
      "type": "Feature",
      "geometry": {
        "type": "LineString",
        "coordinates": [
          [
            6.14888499331157,
            46.20797155829749
          ],
          [
            6.147991393316067,
            46.208440858315996
          ]
        ]
      },
      "properties": {
        "angle": 152.29248450676133,
        "per_id_keys": "9177",
        "per_id_capacities": "2000",
        "per_id_lengths": "86.5",
        "per_id_freespeeds": "50.0",
        "per_id_daily_avgs": "77",
        "per_id_permlanes": "2",
        "per_id_arrows": "\u2190",
        "per_id_directions": "forward",
        "searchable_text": "9177|2000|86.5|50.0|77",
        "daily_avg_volume": 77.0,
        "capacity": 2000.0,
        "freespeed": 50.0,
        "modes": "car,car_passenger,taxi,truck",
        "isTarget": false,
        "link_1451949_outflow": 18,
        "link_1451949_inflow": 0
      }
    },
    {
      "type": "Feature",
      "geometry": {
        "type": "LineString",
        "coordinates": [
          [
            6.1479513932583405,
            46.20669425830134
          ],
          [
            6.147886993267451,
            46.20699635830505
          ]
        ]
      },
      "properties": {
        "angle": 102.03386574471833,
        "per_id_keys": "922278",
        "per_id_capacities": "3000",
        "per_id_lengths": "34.1",
        "per_id_freespeeds": "50.0",
        "per_id_daily_avgs": "167",
        "per_id_permlanes": "2",
        "per_id_arrows": "\u2190",
        "per_id_directions": "forward",
        "searchable_text": "922278|3000|34.1|50.0|167",
        "daily_avg_volume": 167.0,
        "capacity": 3000.0,
        "freespeed": 50.0,
        "modes": "car,car_passenger,taxi,truck",
        "isTarget": false,
        "link_1451949_outflow": 80,
        "link_1451949_inflow": 0
      }
    },
{
  "type": "Feature",
  "geometry": {
    "type": "LineString",
    "coordinates": [
      [
        6.143188493252352,
        46.20828605839181
      ],
      [
        6.142968593250538,
        46.20831185839558
      ]
    ]
  },
  "properties": {
    "angle": 173.30830390023536,
    "per_id_keys": "1451955|1451955_spec|1451956|1451956_spec",
    "per_id_capacities": "2250|750|3750|750",
    "per_id_lengths": "17.2|17.2|17.2|17.2",
    "per_id_freespeeds": "30.0|30.0|30.0|30.0",
    "per_id_daily_avgs": "176|408|144|298",
    "per_id_permlanes": "1|0|2|0",
    "per_id_arrows": "→|→|←|←",
    "per_id_directions": "reverse|reverse|forward|forward",
    "searchable_text": "1451955|1451955_spec|1451956|1451956_spec|2250|750|3750|750|17.2|17.2|17.2|17.2|30.0|30.0|30.0|30.0|176|408|144|298",
    "daily_avg_volume": 1026.0,
    "capacity": 7500.0,
    "freespeed": 30.000000000000004,
    "modes": "bus,car,car_passenger,pt,taxi,truck",
    "isTarget": false,
    "link_1451949_outflow": 498,
    "link_1451949_inflow": 0
  }
},
{
  "type": "Feature",
  "geometry": {
    "type": "LineString",
    "coordinates": [
      [
        6.142968593250538,
        46.20831185839558
      ],
      [
        6.142742293248494,
        46.20833435839941
      ]
    ]
  },
  "properties": {
    "angle": 174.32199597968093,
    "per_id_keys": "612388|612388_spec|612389",
    "per_id_capacities": "2250|750|4500",
    "per_id_lengths": "17.6|17.6|17.6",
    "per_id_freespeeds": "30.0|30.0|30.0",
    "per_id_daily_avgs": "177|408|443",
    "per_id_permlanes": "1|0|3",
    "per_id_arrows": "→|→|←",
    "per_id_directions": "reverse|reverse|forward",
    "searchable_text": "612388|612388_spec|612389|2250|750|4500|17.6|17.6|17.6|30.0|30.0|30.0|177|408|443",
    "daily_avg_volume": 1028.0,
    "capacity": 7500.0,
    "freespeed": 30.000000000000004,
    "modes": "bus,car,car_passenger,pt,taxi,truck",
    "isTarget": false,
    "link_1451949_outflow": 498,
    "link_1451949_inflow": 0
  }
},
{
  "type": "Feature",
  "geometry": {
    "type": "LineString",
    "coordinates": [
      [
        6.14260089324723,
        46.20834895840182
      ],
      [
        6.142742293248494,
        46.20833435839941
      ]
    ]
  },
  "properties": {
    "angle": -5.895082133600326,
    "per_id_keys": "107415|107416",
    "per_id_capacities": "3000|4500",
    "per_id_lengths": "13.9|13.9",
    "per_id_freespeeds": "50.0|50.0",
    "per_id_daily_avgs": "598|456",
    "per_id_permlanes": "2|3",
    "per_id_arrows": "→|←",
    "per_id_directions": "forward|reverse",
    "searchable_text": "107415|107416|3000|4500|13.9|13.9|50.0|50.0|598|456",
    "daily_avg_volume": 1054.0,
    "capacity": 7500.0,
    "freespeed": 50.0,
    "modes": "bus,car,car_passenger,pt,taxi,truck",
    "isTarget": false,
    "link_1451949_outflow": 498,
    "link_1451949_inflow": 0
  }
},
{
  "type": "Feature",
  "geometry": {
    "type": "LineString",
    "coordinates": [
      [
        6.142779092287275,
        46.2090824567453
      ],
      [
        6.142630293252052,
        46.20848425840254
      ]
    ]
  },
  "properties": {
    "angle": -103.96856408091003,
    "per_id_keys": "1375961|1375962",
    "per_id_capacities": "1000|1000",
    "per_id_lengths": "67.5|67.5",
    "per_id_freespeeds": "50.0|50.0",
    "per_id_daily_avgs": "144|218",
    "per_id_permlanes": "1|1",
    "per_id_arrows": "→|←",
    "per_id_directions": "reverse|forward",
    "searchable_text": "1375961|1375962|1000|1000|67.5|67.5|50.0|50.0|144|218",
    "daily_avg_volume": 362.0,
    "capacity": 2000.0,
    "freespeed": 50.0,
    "modes": "bus,car,car_passenger,pt,taxi,truck",
    "isTarget": false,
    "link_1451949_outflow": 99,
    "link_1451949_inflow": 0
  }
},
{
  "type": "Feature",
  "geometry": {
    "type": "LineString",
    "coordinates": [
      [
        6.14260089324723,
        46.20834895840182
      ],
      [
        6.142513793246464,
        46.208357158403295
      ]
    ]
  },
  "properties": {
    "angle": 174.62175944927108,
    "per_id_keys": "1772076|1772077",
    "per_id_capacities": "3000|3000",
    "per_id_lengths": "13.9|13.9",
    "per_id_freespeeds": "50.0|50.0",
    "per_id_daily_avgs": "594|441",
    "per_id_permlanes": "2|2",
    "per_id_arrows": "→|←",
    "per_id_directions": "reverse|forward",
    "searchable_text": "1772076|1772077|3000|3000|13.9|13.9|50.0|50.0|594|441",
    "daily_avg_volume": 1035.0,
    "capacity": 6000.0,
    "freespeed": 50.0,
    "modes": "bus,car,car_passenger,pt,taxi,truck",
    "isTarget": false,
    "link_1451949_outflow": 456,
    "link_1451949_inflow": 0
  }
},
{
  "type": "Feature",
  "geometry": {
    "type": "LineString",
    "coordinates": [
      [
        6.1424829932461815,
        46.20836005840379
      ],
      [
        6.142513793246464,
        46.208357158403295
      ]
    ]
  },
  "properties": {
    "angle": -5.3788756017073,
    "per_id_keys": "1772074|1772075",
    "per_id_capacities": "3000|3000",
    "per_id_lengths": "13.9|13.9",
    "per_id_freespeeds": "50.0|50.0",
    "per_id_daily_avgs": "597|444",
    "per_id_permlanes": "2|2",
    "per_id_arrows": "→|←",
    "per_id_directions": "forward|reverse",
    "searchable_text": "1772074|1772075|3000|3000|13.9|13.9|50.0|50.0|597|444",
    "daily_avg_volume": 1041.0,
    "capacity": 6000.0,
    "freespeed": 50.0,
    "modes": "bus,car,car_passenger,pt,taxi,truck",
    "isTarget": false,
    "link_1451949_outflow": 456,
    "link_1451949_inflow": 0
  }
},
{
  "type": "Feature",
  "geometry": {
    "type": "LineString",
    "coordinates": [
      [
        6.142512993247148,
        46.20837815840346
      ],
      [
        6.142630293252052,
        46.20848425840254
      ]
    ]
  },
  "properties": {
    "angle": 42.12991842263644,
    "per_id_keys": "11258|11259",
    "per_id_capacities": "1500|1500",
    "per_id_lengths": "15.0|15.0",
    "per_id_freespeeds": "50.0|50.0",
    "per_id_daily_avgs": "130|218",
    "per_id_permlanes": "1|1",
    "per_id_arrows": "→|←",
    "per_id_directions": "forward|reverse",
    "searchable_text": "11258|11259|1500|1500|15.0|15.0|50.0|50.0|130|218",
    "daily_avg_volume": 348.0,
    "capacity": 3000.0,
    "freespeed": 50.0,
    "modes": "bus,car,car_passenger,pt,taxi,truck",
    "isTarget": false,
    "link_1451949_outflow": 99,
    "link_1451949_inflow": 0
  }
},
{
  "type": "Feature",
  "geometry": {
    "type": "LineString",
    "coordinates": [
      [
        6.1424829932461815,
        46.20836005840379
      ],
      [
        6.142512993247148,
        46.20837815840346
      ]
    ]
  },
  "properties": {
    "angle": 31.103979595493,
    "per_id_keys": "11256|11257",
    "per_id_capacities": "1500|1500",
    "per_id_lengths": "13.9|13.9",
    "per_id_freespeeds": "50.0|50.0",
    "per_id_daily_avgs": "156|244",
    "per_id_permlanes": "1|1",
    "per_id_arrows": "→|←",
    "per_id_directions": "forward|reverse",
    "searchable_text": "11256|11257|1500|1500|13.9|13.9|50.0|50.0|156|244",
    "daily_avg_volume": 400.0,
    "capacity": 3000.0,
    "freespeed": 50.0,
    "modes": "bus,car,car_passenger,pt,taxi,truck",
    "isTarget": false,
    "link_1451949_outflow": 99,
    "link_1451949_inflow": 0
  }
},
{
  "type": "Feature",
  "geometry": {
    "type": "LineString",
    "coordinates": [
      [
        6.1424829932461815,
        46.20836005840379
      ],
      [
        6.142348693244934,
        46.208371758406045
      ]
    ]
  },
  "properties": {
    "angle": 175.02105363081353,
    "per_id_keys": "1375939|1375939_spec|1375940",
    "per_id_capacities": "2250|750|2250",
    "per_id_lengths": "13.9|13.9|13.9",
    "per_id_freespeeds": "50.0|50.0|50.0",
    "per_id_daily_avgs": "129|306|984",
    "per_id_permlanes": "1|0|1",
    "per_id_arrows": "→|→|←",
    "per_id_directions": "reverse|reverse|forward",
    "searchable_text": "1375939|1375939_spec|1375940|2250|750|2250|13.9|13.9|13.9|50.0|50.0|50.0|129|306|984",
    "daily_avg_volume": 1419.0,
    "capacity": 5250.0,
    "freespeed": 50.0,
    "modes": "bus,car,car_passenger,pt,taxi,truck",
    "isTarget": false,
    "link_1451949_outflow": 356,
    "link_1451949_inflow": 0
  }
},
{
  "type": "Feature",
  "geometry": {
    "type": "LineString",
    "coordinates": [
      [
        6.1421654932433025,
        46.20839035840913
      ],
      [
        6.142348693244934,
        46.208371758406045
      ]
    ]
  },
  "properties": {
    "angle": -5.797283796931867,
    "per_id_keys": "1375937|1375937_spec|1375938",
    "per_id_capacities": "2250|750|2250",
    "per_id_lengths": "14.3|14.3|14.3",
    "per_id_freespeeds": "50.0|50.0|50.0",
    "per_id_daily_avgs": "121|306|976",
    "per_id_permlanes": "1|0|1",
    "per_id_arrows": "→|→|←",
    "per_id_directions": "forward|forward|reverse",
    "searchable_text": "1375937|1375937_spec|1375938|2250|750|2250|14.3|14.3|14.3|50.0|50.0|50.0|121|306|976",
    "daily_avg_volume": 1403.0,
    "capacity": 5250.0,
    "freespeed": 50.0,
    "modes": "bus,car,car_passenger,pt,taxi,truck",
    "isTarget": false,
    "link_1451949_outflow": 346,
    "link_1451949_inflow": 0
  }
},
{
  "type": "Feature",
  "geometry": {
    "type": "LineString",
    "coordinates": [
      [
        6.1420749932424865,
        46.208399358410695
      ],
      [
        6.1421654932433025,
        46.20839035840913
      ]
    ]
  },
  "properties": {
    "angle": -5.679250644600483,
    "per_id_keys": "1345417|1345417_spec|1345418",
    "per_id_capacities": "2250|750|3000",
    "per_id_lengths": "13.9|13.9|13.9",
    "per_id_freespeeds": "50.0|50.0|50.0",
    "per_id_daily_avgs": "121|306|976",
    "per_id_permlanes": "1|0|2",
    "per_id_arrows": "→|→|←",
    "per_id_directions": "forward|forward|reverse",
    "searchable_text": "1345417|1345417_spec|1345418|2250|750|3000|13.9|13.9|13.9|50.0|50.0|50.0|121|306|976",
    "daily_avg_volume": 1403.0,
    "capacity": 6000.0,
    "freespeed": 50.0,
    "modes": "bus,car,car_passenger,pt,taxi,truck",
    "isTarget": false,
    "link_1451949_outflow": 339,
    "link_1451949_inflow": 0
  }
},
{
  "type": "Feature",
  "geometry": {
    "type": "LineString",
    "coordinates": [
      [
        6.1420749932424865,
        46.208399358410695
      ],
      [
        6.141805193240127,
        46.20842795841527
      ]
    ]
  },
  "properties": {
    "angle": 173.94898905887194,
    "per_id_keys": "524582|524582_spec|524583",
    "per_id_capacities": "2250|750|4500",
    "per_id_lengths": "21.1|21.1|21.1",
    "per_id_freespeeds": "50.0|50.0|50.0",
    "per_id_daily_avgs": "121|306|976",
    "per_id_permlanes": "1|0|3",
    "per_id_arrows": "→|→|←",
    "per_id_directions": "reverse|reverse|forward",
    "searchable_text": "524582|524582_spec|524583|2250|750|4500|21.1|21.1|21.1|50.0|50.0|50.0|121|306|976",
    "daily_avg_volume": 1403.0,
    "capacity": 7500.0,
    "freespeed": 50.0,
    "modes": "bus,car,car_passenger,pt,taxi,truck",
    "isTarget": false,
    "link_1451949_outflow": 330,
    "link_1451949_inflow": 0
  }
},
{
  "type": "Feature",
  "geometry": {
    "type": "LineString",
    "coordinates": [
      [
        6.141430993236831,
        46.208467258421635
      ],
      [
        6.141805193240127,
        46.20842795841527
      ]
    ]
  },
  "properties": {
    "angle": -5.99545686838677,
    "per_id_keys": "1744966|1744966_spec|1744967",
    "per_id_capacities": "2250|750|4500",
    "per_id_lengths": "29.2|29.2|29.2",
    "per_id_freespeeds": "50.0|50.0|50.0",
    "per_id_daily_avgs": "121|306|976",
    "per_id_permlanes": "1|0|3",
    "per_id_arrows": "→|→|←",
    "per_id_directions": "forward|forward|reverse",
    "searchable_text": "1744966|1744966_spec|1744967|2250|750|4500|29.2|29.2|29.2|50.0|50.0|50.0|121|306|976",
    "daily_avg_volume": 1403.0,
    "capacity": 7500.0,
    "freespeed": 50.0,
    "modes": "bus,car,car_passenger,pt,taxi,truck",
    "isTarget": false,
    "link_1451949_outflow": 332,
    "link_1451949_inflow": 0
  }
},
{
  "type": "Feature",
  "geometry": {
    "type": "LineString",
    "coordinates": [
      [
        6.1413853932364795,
        46.208472858422425
      ],
      [
        6.141088793233795,
        46.20850145842746
      ]
    ]
  },
  "properties": {
    "angle": 174.49221524663463,
    "per_id_keys": "1529168|1529169",
    "per_id_capacities": "3000|4500",
    "per_id_lengths": "23.1|23.1",
    "per_id_freespeeds": "50.0|50.0",
    "per_id_daily_avgs": "553|976",
    "per_id_permlanes": "2|3",
    "per_id_arrows": "→|←",
    "per_id_directions": "reverse|forward",
    "searchable_text": "1529168|1529169|3000|4500|23.1|23.1|50.0|50.0|553|976",
    "daily_avg_volume": 1529.0,
    "capacity": 7500.0,
    "freespeed": 50.0,
    "modes": "bus,car,car_passenger,pt,taxi,truck",
    "isTarget": false,
    "link_1451949_outflow": 324,
    "link_1451949_inflow": 0
  }
},
{
  "type": "Feature",
  "geometry": {
    "type": "LineString",
    "coordinates": [
      [
        6.141088793233795,
        46.20850145842746
      ],
      [
        6.14075849321985,
        46.2081993584301
      ]
    ]
  },
  "properties": {
    "angle": -137.55324515802369,
    "per_id_keys": "768931",
    "per_id_capacities": "3000",
    "per_id_lengths": "42.2",
    "per_id_freespeeds": "50.0",
    "per_id_daily_avgs": "144",
    "per_id_permlanes": "2",
    "per_id_arrows": "←",
    "per_id_directions": "forward",
    "searchable_text": "768931|3000|42.2|50.0|144",
    "daily_avg_volume": 144.0,
    "capacity": 3000.0,
    "freespeed": 50.0,
    "modes": "bus,car,car_passenger,pt,taxi,truck",
    "isTarget": false,
    "link_1451949_outflow": 42,
    "link_1451949_inflow": 0
  }
},
{
  "type": "Feature",
  "geometry": {
    "type": "LineString",
    "coordinates": [
      [
        6.14075849321985,
        46.2081993584301
      ],
      [
        6.140421293205469,
        46.20788585843279
      ]
    ]
  },
  "properties": {
    "angle": -137.08592430199812,
    "per_id_keys": "578115",
    "per_id_capacities": "3000",
    "per_id_lengths": "43.5",
    "per_id_freespeeds": "50.0",
    "per_id_daily_avgs": "212",
    "per_id_permlanes": "2",
    "per_id_arrows": "←",
    "per_id_directions": "forward",
    "searchable_text": "578115|3000|43.5|50.0|212",
    "daily_avg_volume": 212.0,
    "capacity": 3000.0,
    "freespeed": 50.0,
    "modes": "bus,car,car_passenger,pt,taxi,truck",
    "isTarget": false,
    "link_1451949_outflow": 42,
    "link_1451949_inflow": 0
  }
},
{
  "type": "Feature",
  "geometry": {
    "type": "LineString",
    "coordinates": [
      [
        6.140421293205469,
        46.20788585843279
      ],
      [
        6.140150093193902,
        46.20763415843495
      ]
    ]
  },
  "properties": {
    "angle": -137.13568745714213,
    "per_id_keys": "578116",
    "per_id_capacities": "3000",
    "per_id_lengths": "34.9",
    "per_id_freespeeds": "50.0",
    "per_id_daily_avgs": "212",
    "per_id_permlanes": "2",
    "per_id_arrows": "←",
    "per_id_directions": "forward",
    "searchable_text": "578116|3000|34.9|50.0|212",
    "daily_avg_volume": 212.0,
    "capacity": 3000.0,
    "freespeed": 50.0,
    "modes": "bus,car,car_passenger,pt,taxi,truck",
    "isTarget": false,
    "link_1451949_outflow": 39,
    "link_1451949_inflow": 0
  }
},
{
  "type": "Feature",
  "geometry": {
    "type": "LineString",
    "coordinates": [
      [
        6.140150093193902,
        46.20763415843495
      ],
      [
        6.139556093169285,
        46.20710365843984
      ]
    ]
  },
  "properties": {
    "angle": -138.2320353408831,
    "per_id_keys": "1375948",
    "per_id_capacities": "3000",
    "per_id_lengths": "74.7",
    "per_id_freespeeds": "50.0",
    "per_id_daily_avgs": "199",
    "per_id_permlanes": "2",
    "per_id_arrows": "←",
    "per_id_directions": "forward",
    "searchable_text": "1375948|3000|74.7|50.0|199",
    "daily_avg_volume": 199.0,
    "capacity": 3000.0,
    "freespeed": 50.0,
    "modes": "bus,car,car_passenger,pt,taxi,truck",
    "isTarget": false,
    "link_1451949_outflow": 36,
    "link_1451949_inflow": 0
  }
},
{
  "type": "Feature",
  "geometry": {
    "type": "LineString",
    "coordinates": [
      [
        6.139504593166395,
        46.207034258440075
      ],
      [
        6.139463993158219,
        46.20680035843867
      ]
    ]
  },
  "properties": {
    "angle": -99.84719992660075,
    "per_id_keys": "1632905",
    "per_id_capacities": "4500",
    "per_id_lengths": "26.5",
    "per_id_freespeeds": "50.0",
    "per_id_daily_avgs": "216",
    "per_id_permlanes": "3",
    "per_id_arrows": "←",
    "per_id_directions": "forward",
    "searchable_text": "1632905|4500|26.5|50.0|216",
    "daily_avg_volume": 216.0,
    "capacity": 4500.0,
    "freespeed": 50.0,
    "modes": "bus,car,car_passenger,pt,taxi,truck",
    "isTarget": false,
    "link_1451949_outflow": 23,
    "link_1451949_inflow": 0
  }
},
{
  "type": "Feature",
  "geometry": {
    "type": "LineString",
    "coordinates": [
      [
        6.139504593166395,
        46.207034258440075
      ],
      [
        6.139427193166377,
        46.20706305844153
      ]
    ]
  },
  "properties": {
    "angle": 159.5901162263702,
    "per_id_keys": "1666707|1666708",
    "per_id_capacities": "2000|2000",
    "per_id_lengths": "13.9|13.9",
    "per_id_freespeeds": "50.0|50.0",
    "per_id_daily_avgs": "17|44",
    "per_id_permlanes": "2|2",
    "per_id_arrows": "→|←",
    "per_id_directions": "reverse|forward",
    "searchable_text": "1666707|1666708|2000|2000|13.9|13.9|50.0|50.0|17|44",
    "daily_avg_volume": 61.0,
    "capacity": 4000.0,
    "freespeed": 50.0,
    "modes": "car,car_passenger,taxi,truck",
    "isTarget": false,
    "link_1451949_outflow": 13,
    "link_1451949_inflow": 0
  }
},
{
  "type": "Feature",
  "geometry": {
    "type": "LineString",
    "coordinates": [
      [
        6.139368193166529,
        46.20708995844271
      ],
      [
        6.139427193166377,
        46.20706305844153
      ]
    ]
  },
  "properties": {
    "angle": -24.509770947309807,
    "per_id_keys": "685662|685663",
    "per_id_capacities": "2000|2000",
    "per_id_lengths": "13.9|13.9",
    "per_id_freespeeds": "50.0|50.0",
    "per_id_daily_avgs": "17|44",
    "per_id_permlanes": "2|2",
    "per_id_arrows": "→|←",
    "per_id_directions": "forward|reverse",
    "searchable_text": "685662|685663|2000|2000|13.9|13.9|50.0|50.0|17|44",
    "daily_avg_volume": 61.0,
    "capacity": 4000.0,
    "freespeed": 50.0,
    "modes": "car,car_passenger,taxi,truck",
    "isTarget": false,
    "link_1451949_outflow": 13,
    "link_1451949_inflow": 0
  }
},
{
  "type": "Feature",
  "geometry": {
    "type": "LineString",
    "coordinates": [
      [
        6.139368193166529,
        46.20708995844271
      ],
      [
        6.139173693167532,
        46.207192658446765
      ]
    ]
  },
  "properties": {
    "angle": 152.16502357349535,
    "per_id_keys": "1667666|1667667",
    "per_id_capacities": "2000|2000",
    "per_id_lengths": "18.9|18.9",
    "per_id_freespeeds": "50.0|50.0",
    "per_id_daily_avgs": "17|44",
    "per_id_permlanes": "2|2",
    "per_id_arrows": "→|←",
    "per_id_directions": "reverse|forward",
    "searchable_text": "1667666|1667667|2000|2000|18.9|18.9|50.0|50.0|17|44",
    "daily_avg_volume": 61.0,
    "capacity": 4000.0,
    "freespeed": 50.0,
    "modes": "car,car_passenger,taxi,truck",
    "isTarget": false,
    "link_1451949_outflow": 13,
    "link_1451949_inflow": 0
  }
},
{
  "type": "Feature",
  "geometry": {
    "type": "LineString",
    "coordinates": [
      [
        6.138919093168832,
        46.207327158452046
      ],
      [
        6.139173693167532,
        46.207192658446765
      ]
    ]
  },
  "properties": {
    "angle": -27.84658342720445,
    "per_id_keys": "813489|813490",
    "per_id_capacities": "2000|2000",
    "per_id_lengths": "24.7|24.7",
    "per_id_freespeeds": "50.0|50.0",
    "per_id_daily_avgs": "17|44",
    "per_id_permlanes": "2|2",
    "per_id_arrows": "→|←",
    "per_id_directions": "forward|reverse",
    "searchable_text": "813489|813490|2000|2000|24.7|24.7|50.0|50.0|17|44",
    "daily_avg_volume": 61.0,
    "capacity": 4000.0,
    "freespeed": 50.0,
    "modes": "car,car_passenger,taxi,truck",
    "isTarget": false,
    "link_1451949_outflow": 8,
    "link_1451949_inflow": 0
  }
},
{
  "type": "Feature",
  "geometry": {
    "type": "LineString",
    "coordinates": [
      [
        6.138919093168832,
        46.207327158452046
      ],
      [
        6.13884689316918,
        46.20736485845352
      ]
    ]
  },
  "properties": {
    "angle": 152.4282062978355,
    "per_id_keys": "813487|813488",
    "per_id_capacities": "2000|2000",
    "per_id_lengths": "13.9|13.9",
    "per_id_freespeeds": "50.0|50.0",
    "per_id_daily_avgs": "18|44",
    "per_id_permlanes": "2|2",
    "per_id_arrows": "→|←",
    "per_id_directions": "reverse|forward",
    "searchable_text": "813487|813488|2000|2000|13.9|13.9|50.0|50.0|18|44",
    "daily_avg_volume": 62.0,
    "capacity": 4000.0,
    "freespeed": 50.0,
    "modes": "car,car_passenger,taxi,truck",
    "isTarget": false,
    "link_1451949_outflow": 4,
    "link_1451949_inflow": 0
  }
},
{
  "type": "Feature",
  "geometry": {
    "type": "LineString",
    "coordinates": [
      [
        6.138629493170241,
        46.20747815845796
      ],
      [
        6.13884689316918,
        46.20736485845352
      ]
    ]
  },
  "properties": {
    "angle": -27.526686356935297,
    "per_id_keys": "813567|813568",
    "per_id_capacities": "1000|1000",
    "per_id_lengths": "21.0|21.0",
    "per_id_freespeeds": "50.0|50.0",
    "per_id_daily_avgs": "18|44",
    "per_id_permlanes": "1|1",
    "per_id_arrows": "→|←",
    "per_id_directions": "forward|reverse",
    "searchable_text": "813567|813568|1000|1000|21.0|21.0|50.0|50.0|18|44",
    "daily_avg_volume": 62.0,
    "capacity": 2000.0,
    "freespeed": 50.0,
    "modes": "car,car_passenger,taxi,truck",
    "isTarget": false,
    "link_1451949_outflow": 2,
    "link_1451949_inflow": 0
  }
},
{
  "type": "Feature",
  "geometry": {
    "type": "LineString",
    "coordinates": [
      [
        6.139463993158219,
        46.20680035843867
      ],
      [
        6.139474793156239,
        46.206736058437926
      ]
    ]
  },
  "properties": {
    "angle": -80.46544594326741,
    "per_id_keys": "578119",
    "per_id_capacities": "4500",
    "per_id_lengths": "13.9",
    "per_id_freespeeds": "50.0",
    "per_id_daily_avgs": "150",
    "per_id_permlanes": "3",
    "per_id_arrows": "→",
    "per_id_directions": "forward",
    "searchable_text": "578119|4500|13.9|50.0|150",
    "daily_avg_volume": 150.0,
    "capacity": 4500.0,
    "freespeed": 50.0,
    "modes": "bus,car,car_passenger,taxi,truck",
    "isTarget": false,
    "link_1451949_outflow": 42,
    "link_1451949_inflow": 0
  }
},
{
  "type": "Feature",
  "geometry": {
    "type": "LineString",
    "coordinates": [
      [
        6.141016193233119,
        46.208507658428665
      ],
      [
        6.140463592245152,
        46.20864505677873
      ]
    ]
  },
  "properties": {
    "angle": 166.03715367808783,
    "per_id_keys": "128431|128431_spec|128432|128432_spec",
    "per_id_capacities": "1500|500|1500|500",
    "per_id_lengths": "45.6|45.6|45.6|45.6",
    "per_id_freespeeds": "50.0|50.0|50.0|50.0",
    "per_id_daily_avgs": "121|432|137|839",
    "per_id_permlanes": "1|0|1|0",
    "per_id_arrows": "→|→|←|←",
    "per_id_directions": "reverse|reverse|forward|forward",
    "searchable_text": "128431|128431_spec|128432|128432_spec|1500|500|1500|500|45.6|45.6|45.6|45.6|50.0|50.0|50.0|50.0|121|432|137|839",
    "daily_avg_volume": 1529.0,
    "capacity": 4000.0,
    "freespeed": 50.0,
    "modes": "bus,car,car_passenger,pt,taxi,truck",
    "isTarget": false,
    "link_1451949_outflow": 241,
    "link_1451949_inflow": 0
  }
},
{
  "type": "Feature",
  "geometry": {
    "type": "LineString",
    "coordinates": [
      [
        6.141430993236831,
        46.208467258421635
      ],
      [
        6.1413853932364795,
        46.208472858422425
      ]
    ]
  },
  "properties": {
    "angle": 172.99873151784857,
    "per_id_keys": "1529170|1529171",
    "per_id_capacities": "3000|4500",
    "per_id_lengths": "13.9|13.9",
    "per_id_freespeeds": "50.0|50.0",
    "per_id_daily_avgs": "553|976",
    "per_id_permlanes": "2|3",
    "per_id_arrows": "→|←",
    "per_id_directions": "reverse|forward",
    "searchable_text": "1529170|1529171|3000|4500|13.9|13.9|50.0|50.0|553|976",
    "daily_avg_volume": 1529.0,
    "capacity": 7500.0,
    "freespeed": 50.0,
    "modes": "bus,car,car_passenger,pt,taxi,truck",
    "isTarget": false,
    "link_1451949_outflow": 324,
    "link_1451949_inflow": 0
  }
},
{
  "type": "Feature",
  "geometry": {
    "type": "LineString",
    "coordinates": [
      [
        6.1404291922454295,
        46.20866575677948
      ],
      [
        6.140084092247666,
        46.208860256786664
      ]
    ]
  },
  "properties": {
    "angle": 150.59418442426238,
    "per_id_keys": "748725|748726|748726_spec",
    "per_id_capacities": "2000|1500|500",
    "per_id_lengths": "34.3|34.3|34.3",
    "per_id_freespeeds": "30.0|30.0|30.0",
    "per_id_daily_avgs": "621|137|839",
    "per_id_permlanes": "2|1|0",
    "per_id_arrows": "→|←|←",
    "per_id_directions": "reverse|forward|forward",
    "searchable_text": "748725|748726|748726_spec|2000|1500|500|34.3|34.3|34.3|30.0|30.0|30.0|621|137|839",
    "daily_avg_volume": 1597.0,
    "capacity": 4000.0,
    "freespeed": 30.000000000000004,
    "modes": "bus,car,car_passenger,pt,taxi,truck",
    "isTarget": false,
    "link_1451949_outflow": 238,
    "link_1451949_inflow": 0
  }
},
{
  "type": "Feature",
  "geometry": {
    "type": "LineString",
    "coordinates": [
      [
        6.140084092247666,
        46.208860256786664
      ],
      [
        6.140033892248072,
        46.2088912567878
      ]
    ]
  },
  "properties": {
    "angle": 148.30342928948417,
    "per_id_keys": "813316|813317|813317_spec",
    "per_id_capacities": "2000|1500|500",
    "per_id_lengths": "8.3|8.3|8.3",
    "per_id_freespeeds": "30.0|30.0|30.0",
    "per_id_daily_avgs": "621|137|839",
    "per_id_permlanes": "2|1|0",
    "per_id_arrows": "→|←|←",
    "per_id_directions": "reverse|forward|forward",
    "searchable_text": "813316|813317|813317_spec|2000|1500|500|8.3|8.3|8.3|30.0|30.0|30.0|621|137|839",
    "daily_avg_volume": 1597.0,
    "capacity": 4000.0,
    "freespeed": 30.000000000000004,
    "modes": "bus,car,car_passenger,pt,taxi,truck",
    "isTarget": false,
    "link_1451949_outflow": 199,
    "link_1451949_inflow": 0
  }
},
{
  "type": "Feature",
  "geometry": {
    "type": "LineString",
    "coordinates": [
      [
        6.139699292249875,
        46.20906875679465
      ],
      [
        6.140033892248072,
        46.2088912567878
      ]
    ]
  },
  "properties": {
    "angle": -27.945243329162547,
    "per_id_keys": "128429|128429_spec|128430",
    "per_id_capacities": "2500|500|2000",
    "per_id_lengths": "32.5|32.5|32.5",
    "per_id_freespeeds": "50.0|50.0|50.0",
    "per_id_daily_avgs": "148|432|723",
    "per_id_permlanes": "2|0|2",
    "per_id_arrows": "→|→|←",
    "per_id_directions": "forward|forward|reverse",
    "searchable_text": "128429|128429_spec|128430|2500|500|2000|32.5|32.5|32.5|50.0|50.0|50.0|148|432|723",
    "daily_avg_volume": 1303.0,
    "capacity": 5000.0,
    "freespeed": 50.0,
    "modes": "bus,car,car_passenger,pt,taxi,truck",
    "isTarget": false,
    "link_1451949_outflow": 121,
    "link_1451949_inflow": 0
  }
},
{
  "type": "Feature",
  "geometry": {
    "type": "LineString",
    "coordinates": [
      [
        6.1404341922688905,
        46.209380856785515
      ],
      [
        6.140033892248072,
        46.2088912567878
      ]
    ]
  },
  "properties": {
    "angle": -129.2696475524913,
    "per_id_keys": "721872|721873",
    "per_id_capacities": "600|600",
    "per_id_lengths": "62.6|62.6",
    "per_id_freespeeds": "40.0|40.0",
    "per_id_daily_avgs": "55|266",
    "per_id_permlanes": "1|1",
    "per_id_arrows": "←|→",
    "per_id_directions": "forward|reverse",
    "searchable_text": "721872|721873|600|600|62.6|62.6|40.0|40.0|55|266",
    "daily_avg_volume": 321.0,
    "capacity": 1200.0,
    "freespeed": 40.0,
    "modes": "bus,car,car_passenger,pt,taxi,truck",
    "isTarget": false,
    "link_1451949_outflow": 68,
    "link_1451949_inflow": 0
  }
},
{
  "type": "Feature",
  "geometry": {
    "type": "LineString",
    "coordinates": [
      [
        6.140696992281993,
        46.2096840567839
      ],
      [
        6.1404341922688905,
        46.209380856785515
      ]
    ]
  },
  "properties": {
    "angle": -130.91726237916217,
    "per_id_keys": "903135|903136",
    "per_id_capacities": "600|600",
    "per_id_lengths": "39.3|39.3",
    "per_id_freespeeds": "40.0|40.0",
    "per_id_daily_avgs": "55|266",
    "per_id_permlanes": "1|1",
    "per_id_arrows": "←|→",
    "per_id_directions": "forward|reverse",
    "searchable_text": "903135|903136|600|600|39.3|39.3|40.0|40.0|55|266",
    "daily_avg_volume": 321.0,
    "capacity": 1200.0,
    "freespeed": 40.0,
    "modes": "bus,car,car_passenger,pt,taxi,truck",
    "isTarget": false,
    "link_1451949_outflow": 62,
    "link_1451949_inflow": 0
  }
},
{
  "type": "Feature",
  "geometry": {
    "type": "LineString",
    "coordinates": [
      [
        6.140798592286757,
        46.20979235678326
      ],
      [
        6.140696992281993,
        46.2096840567839
      ]
    ]
  },
  "properties": {
    "angle": -133.17174316991694,
    "per_id_keys": "299528|299529",
    "per_id_capacities": "600|600",
    "per_id_lengths": "14.4|14.4",
    "per_id_freespeeds": "40.0|40.0",
    "per_id_daily_avgs": "55|266",
    "per_id_permlanes": "1|1",
    "per_id_arrows": "←|→",
    "per_id_directions": "forward|reverse",
    "searchable_text": "299528|299529|600|600|14.4|14.4|40.0|40.0|55|266",
    "daily_avg_volume": 321.0,
    "capacity": 1200.0,
    "freespeed": 40.0,
    "modes": "bus,car,car_passenger,pt,taxi,truck",
    "isTarget": false,
    "link_1451949_outflow": 58,
    "link_1451949_inflow": 0
  }
},
{
  "type": "Feature",
  "geometry": {
    "type": "LineString",
    "coordinates": [
      [
        6.140798592286757,
        46.20979235678326
      ],
      [
        6.140907592291978,
        46.2099116567825
      ]
    ]
  },
  "properties": {
    "angle": 47.583207434329964,
    "per_id_keys": "161011|161012",
    "per_id_capacities": "600|600",
    "per_id_lengths": "15.7|15.7",
    "per_id_freespeeds": "40.0|40.0",
    "per_id_daily_avgs": "55|266",
    "per_id_permlanes": "1|1",
    "per_id_arrows": "←|→",
    "per_id_directions": "reverse|forward",
    "searchable_text": "161011|161012|600|600|15.7|15.7|40.0|40.0|55|266",
    "daily_avg_volume": 321.0,
    "capacity": 1200.0,
    "freespeed": 40.0,
    "modes": "bus,car,car_passenger,pt,taxi,truck",
    "isTarget": false,
    "link_1451949_outflow": 52,
    "link_1451949_inflow": 0
  }
},
{
  "type": "Feature",
  "geometry": {
    "type": "LineString",
    "coordinates": [
      [
        6.141016193233119,
        46.208507658428665
      ],
      [
        6.141088793233795,
        46.20850145842746
      ]
    ]
  },
  "properties": {
    "angle": -4.881185621870498,
    "per_id_keys": "699716|699716_spec|699717|699717_spec",
    "per_id_capacities": "1500|500|1500|500",
    "per_id_lengths": "13.9|13.9|13.9|13.9",
    "per_id_freespeeds": "50.0|50.0|50.0|50.0",
    "per_id_daily_avgs": "121|432|137|696",
    "per_id_permlanes": "1|0|1|0",
    "per_id_arrows": "→|→|←|←",
    "per_id_directions": "forward|forward|reverse|reverse",
    "searchable_text": "699716|699716_spec|699717|699717_spec|1500|500|1500|500|13.9|13.9|13.9|13.9|50.0|50.0|50.0|50.0|121|432|137|696",
    "daily_avg_volume": 1386.0,
    "capacity": 4000.0,
    "freespeed": 50.0,
    "modes": "bus,car,car_passenger,pt,taxi,truck",
    "isTarget": false,
    "link_1451949_outflow": 250,
    "link_1451949_inflow": 0
  }
},
{
  "type": "Feature",
  "geometry": {
    "type": "LineString",
    "coordinates": [
      [
        6.1404291922454295,
        46.20866575677948
      ],
      [
        6.140463592245152,
        46.20864505677873
      ]
    ]
  },
  "properties": {
    "angle": -31.037182366891006,
    "per_id_keys": "748747|748748|748748_spec",
    "per_id_capacities": "2000|1500|500",
    "per_id_lengths": "8.3|8.3|8.3",
    "per_id_freespeeds": "30.0|30.0|30.0",
    "per_id_daily_avgs": "621|137|839",
    "per_id_permlanes": "2|1|0",
    "per_id_arrows": "→|←|←",
    "per_id_directions": "forward|reverse|reverse",
    "searchable_text": "748747|748748|748748_spec|2000|1500|500|8.3|8.3|8.3|30.0|30.0|30.0|621|137|839",
    "daily_avg_volume": 1597.0,
    "capacity": 4000.0,
    "freespeed": 30.000000000000004,
    "modes": "bus,car,car_passenger,pt,taxi,truck",
    "isTarget": false,
    "link_1451949_outflow": 238,
    "link_1451949_inflow": 0
  }
},
{
  "type": "Feature",
  "geometry": {
    "type": "LineString",
    "coordinates": [
      [
        6.140033892248072,
        46.2088912567878
      ],
      [
        6.1399626922435155,
        46.20877835678798
      ]
    ]
  },
  "properties": {
    "angle": -122.23744246211614,
    "per_id_keys": "1681206",
    "per_id_capacities": "600",
    "per_id_lengths": "13.7",
    "per_id_freespeeds": "15.0",
    "per_id_daily_avgs": "1",
    "per_id_permlanes": "1",
    "per_id_arrows": "←",
    "per_id_directions": "forward",
    "searchable_text": "1681206|600|13.7|15.0|1",
    "daily_avg_volume": 1.0,
    "capacity": 600.0,
    "freespeed": 15.000000000000002,
    "modes": "car,car_passenger,taxi,truck",
    "isTarget": false,
    "link_1451949_outflow": 9,
    "link_1451949_inflow": 0
  }
},
{
  "type": "Feature",
  "geometry": {
    "type": "LineString",
    "coordinates": [
      [
        6.139499692251042,
        46.20917825679879
      ],
      [
        6.139624492250303,
        46.20910985679618
      ]
    ]
  },
  "properties": {
    "angle": -28.7261317301717,
    "per_id_keys": "1562636|1562636_spec|1562637",
    "per_id_capacities": "2500|500|2000",
    "per_id_lengths": "13.9|13.9|13.9",
    "per_id_freespeeds": "50.0|50.0|50.0",
    "per_id_daily_avgs": "148|433|723",
    "per_id_permlanes": "2|0|2",
    "per_id_arrows": "→|→|←",
    "per_id_directions": "forward|forward|reverse",
    "searchable_text": "1562636|1562636_spec|1562637|2500|500|2000|13.9|13.9|13.9|50.0|50.0|50.0|148|433|723",
    "daily_avg_volume": 1304.0,
    "capacity": 5000.0,
    "freespeed": 50.0,
    "modes": "bus,car,car_passenger,pt,taxi,truck",
    "isTarget": false,
    "link_1451949_outflow": 195,
    "link_1451949_inflow": 0
  }
},
{
  "type": "Feature",
  "geometry": {
    "type": "LineString",
    "coordinates": [
      [
        6.139252192253228,
        46.209335356804125
      ],
      [
        6.139499692251042,
        46.20917825679879
      ]
    ]
  },
  "properties": {
    "angle": -32.40523627588061,
    "per_id_keys": "813336|813336_spec|813337",
    "per_id_capacities": "2500|500|2000",
    "per_id_lengths": "25.9|25.9|25.9",
    "per_id_freespeeds": "50.0|50.0|50.0",
    "per_id_daily_avgs": "152|433|723",
    "per_id_permlanes": "2|0|2",
    "per_id_arrows": "→|→|←",
    "per_id_directions": "forward|forward|reverse",
    "searchable_text": "813336|813336_spec|813337|2500|500|2000|25.9|25.9|25.9|50.0|50.0|50.0|152|433|723",
    "daily_avg_volume": 1308.0,
    "capacity": 5000.0,
    "freespeed": 50.0,
    "modes": "bus,car,car_passenger,pt,taxi,truck",
    "isTarget": false,
    "link_1451949_outflow": 170,
    "link_1451949_inflow": 0
  }
},
{
  "type": "Feature",
  "geometry": {
    "type": "LineString",
    "coordinates": [
      [
        6.139499692251042,
        46.20917825679879
      ],
      [
        6.138898992223774,
        46.2085658568032
      ]
    ]
  },
  "properties": {
    "angle": -134.44741735339508,
    "per_id_keys": "1667108",
    "per_id_capacities": "600",
    "per_id_lengths": "82.4",
    "per_id_freespeeds": "15.0",
    "per_id_daily_avgs": "4",
    "per_id_permlanes": "1",
    "per_id_arrows": "←",
    "per_id_directions": "forward",
    "searchable_text": "1667108|600|82.4|15.0|4",
    "daily_avg_volume": 4.0,
    "capacity": 600.0,
    "freespeed": 15.000000000000002,
    "modes": "car,car_passenger,taxi,truck",
    "isTarget": false,
    "link_1451949_outflow": 7,
    "link_1451949_inflow": 0
  }
},
{
  "type": "Feature",
  "geometry": {
    "type": "LineString",
    "coordinates": [
      [
        6.139252192253228,
        46.209335356804125
      ],
      [
        6.139234192254266,
        46.209374456804774
      ]
    ]
  },
  "properties": {
    "angle": 114.71935855915855,
    "per_id_keys": "760560",
    "per_id_capacities": "1000",
    "per_id_lengths": "13.9",
    "per_id_freespeeds": "50.0",
    "per_id_daily_avgs": "228",
    "per_id_permlanes": "1",
    "per_id_arrows": "←",
    "per_id_directions": "forward",
    "searchable_text": "760560|1000|13.9|50.0|228",
    "daily_avg_volume": 228.0,
    "capacity": 1000.0,
    "freespeed": 50.0,
    "modes": "bus,car,car_passenger,pt,taxi,truck",
    "isTarget": false,
    "link_1451949_outflow": 61,
    "link_1451949_inflow": 0
  }
},
{
  "type": "Feature",
  "geometry": {
    "type": "LineString",
    "coordinates": [
      [
        6.139234192254266,
        46.209374456804774
      ],
      [
        6.139202092255719,
        46.20942935680576
      ]
    ]
  },
  "properties": {
    "angle": 120.3148013861591,
    "per_id_keys": "760561",
    "per_id_capacities": "1000",
    "per_id_lengths": "13.9",
    "per_id_freespeeds": "50.0",
    "per_id_daily_avgs": "228",
    "per_id_permlanes": "1",
    "per_id_arrows": "←",
    "per_id_directions": "forward",
    "searchable_text": "760561|1000|13.9|50.0|228",
    "daily_avg_volume": 228.0,
    "capacity": 1000.0,
    "freespeed": 50.0,
    "modes": "bus,car,car_passenger,pt,taxi,truck"
  }
},
{
  "type": "Feature",
  "geometry": {
    "type": "LineString",
    "coordinates": [
      [
        6.139202092255719,
        46.20942935680576
      ],
      [
        6.139189892256015,
        46.209443256806104
      ]
    ]
  },
  "properties": {
    "angle": 131.27335367764027,
    "per_id_keys": "760568",
    "per_id_capacities": "1000",
    "per_id_lengths": "13.9",
    "per_id_freespeeds": "50.0",
    "per_id_daily_avgs": "80",
    "per_id_permlanes": "1",
    "per_id_arrows": "←",
    "per_id_directions": "forward",
    "searchable_text": "760568|1000|13.9|50.0|80",
    "daily_avg_volume": 80.0,
    "capacity": 1000.0,
    "freespeed": 50.0,
    "modes": "car,car_passenger,taxi,truck",
    "isTarget": false,
    "link_1451949_outflow": 61,
    "link_1451949_inflow": 0
  }
},
{
  "type": "Feature",
  "geometry": {
    "type": "LineString",
    "coordinates": [
      [
        6.139189892256015,
        46.209443256806104
      ],
      [
        6.138735892258976,
        46.20969975681556
      ]
    ]
  },
  "properties": {
    "angle": 150.53450730784553,
    "per_id_keys": "951833",
    "per_id_capacities": "1000",
    "per_id_lengths": "45.3",
    "per_id_freespeeds": "50.0",
    "per_id_daily_avgs": "80",
    "per_id_permlanes": "1",
    "per_id_arrows": "←",
    "per_id_directions": "forward",
    "searchable_text": "951833|1000|45.3|50.0|80",
    "daily_avg_volume": 80.0,
    "capacity": 1000.0,
    "freespeed": 50.0,
    "modes": "car,car_passenger,taxi,truck",
    "isTarget": false,
    "link_1451949_outflow": 61,
    "link_1451949_inflow": 0
  }
},
{
  "type": "Feature",
  "geometry": {
    "type": "LineString",
    "coordinates": [
      [
        6.138751392243614,
        46.20922585681125
      ],
      [
        6.139252192253228,
        46.209335356804125
      ]
    ]
  },
  "properties": {
    "angle": 12.333626962632628,
    "per_id_keys": "1614929|1614930|1614930_spec",
    "per_id_capacities": "1500|1500|500",
    "per_id_lengths": "40.5|40.5|40.5",
    "per_id_freespeeds": "30.0|30.0|30.0",
    "per_id_daily_avgs": "493|36|427",
    "per_id_permlanes": "1|1|0",
    "per_id_arrows": "←|→|→",
    "per_id_directions": "reverse|forward|forward",
    "searchable_text": "1614929|1614930|1614930_spec|1500|1500|500|40.5|40.5|40.5|30.0|30.0|30.0|493|36|427",
    "daily_avg_volume": 956.0,
    "capacity": 3500.0,
    "freespeed": 30.000000000000004,
    "modes": "bus,car,car_passenger,pt,taxi,truck",
    "isTarget": false,
    "link_1451949_outflow": 88,
    "link_1451949_inflow": 0
  }
},
{
  "type": "Feature",
  "geometry": {
    "type": "LineString",
    "coordinates": [
      [
        6.1379644922280185,
        46.209037856822235
      ],
      [
        6.138751392243614,
        46.20922585681125
      ]
    ]
  },
  "properties": {
    "angle": 13.436785163016008,
    "per_id_keys": "583937|583938|583938_spec",
    "per_id_capacities": "1500|1500|500",
    "per_id_lengths": "64.2|64.2|64.2",
    "per_id_freespeeds": "30.0|30.0|30.0",
    "per_id_daily_avgs": "493|37|427",
    "per_id_permlanes": "1|1|0",
    "per_id_arrows": "←|→|→",
    "per_id_directions": "reverse|forward|forward",
    "searchable_text": "583937|583938|583938_spec|1500|1500|500|64.2|64.2|64.2|30.0|30.0|30.0|493|37|427",
    "daily_avg_volume": 957.0,
    "capacity": 3500.0,
    "freespeed": 30.000000000000004,
    "modes": "bus,car,car_passenger,pt,taxi,truck",
    "isTarget": false,
    "link_1451949_outflow": 82,
    "link_1451949_inflow": 0
  }
},
{
  "type": "Feature",
  "geometry": {
    "type": "LineString",
    "coordinates": [
      [
        6.1379644922280185,
        46.209037856822235
      ],
      [
        6.137174792212348,
        46.20884905683334
      ]
    ]
  },
  "properties": {
    "angle": -166.55422069334637,
    "per_id_keys": "8254|8255|8255_spec",
    "per_id_capacities": "1500|1500|500",
    "per_id_lengths": "64.5|64.5|64.5",
    "per_id_freespeeds": "50.0|50.0|50.0",
    "per_id_daily_avgs": "483|40|427",
    "per_id_permlanes": "1|1|0",
    "per_id_arrows": "←|→|→",
    "per_id_directions": "forward|reverse|reverse",
    "searchable_text": "8254|8255|8255_spec|1500|1500|500|64.5|64.5|64.5|50.0|50.0|50.0|483|40|427",
    "daily_avg_volume": 950.0,
    "capacity": 3500.0,
    "freespeed": 50.0,
    "modes": "bus,car,car_passenger,pt,taxi,truck",
    "isTarget": false,
    "link_1451949_outflow": 80,
    "link_1451949_inflow": 0
  }
},
{
  "type": "Feature",
  "geometry": {
    "type": "LineString",
    "coordinates": [
      [
        6.139699292249875,
        46.20906875679465
      ],
      [
        6.139624492250303,
        46.20910985679618
      ]
    ]
  },
  "properties": {
    "angle": 151.2127341024621,
    "per_id_keys": "1562634|1562634_spec|1562635",
    "per_id_capacities": "2500|500|2000",
    "per_id_lengths": "13.9|13.9|13.9",
    "per_id_freespeeds": "50.0|50.0|50.0",
    "per_id_daily_avgs": "148|433|723",
    "per_id_permlanes": "2|0|2",
    "per_id_arrows": "→|→|←",
    "per_id_directions": "reverse|reverse|forward",
    "searchable_text": "1562634|1562634_spec|1562635|2500|500|2000|13.9|13.9|13.9|50.0|50.0|50.0|148|433|723",
    "daily_avg_volume": 1304.0,
    "capacity": 5000.0,
    "freespeed": 50.0,
    "modes": "bus,car,car_passenger,pt,taxi,truck",
    "isTarget": false,
    "link_1451949_outflow": 196,
    "link_1451949_inflow": 0
  }
},
{
  "type": "Feature",
  "geometry": {
    "type": "LineString",
    "coordinates": [
      [
        6.139234192254266,
        46.209374456804774
      ],
      [
        6.139202092255719,
        46.20942935680576
      ]
    ]
  },
  "properties": {
    "angle": 120.3148013861591,
    "per_id_keys": "760561",
    "per_id_capacities": "1000",
    "per_id_lengths": "13.9",
    "per_id_freespeeds": "50.0",
    "per_id_daily_avgs": "228",
    "per_id_permlanes": "1",
    "per_id_arrows": "←",
    "per_id_directions": "forward",
    "searchable_text": "760561|1000|13.9|50.0|228",
    "daily_avg_volume": 228.0,
    "capacity": 1000.0,
    "freespeed": 50.0,
    "modes": "bus,car,car_passenger,pt,taxi,truck",
    "isTarget": false,
    "link_1451949_outflow": 61,
    "link_1451949_inflow": 0
  }
},
{
  "type": "Feature",
  "geometry": {
    "type": "LineString",
    "coordinates": [
      [
        6.135709493168086,
        46.20850005851386
      ],
      [
        6.135897792187068,
        46.2085448568512
      ]
    ]
  },
  "properties": {
    "angle": 13.38248726353862,
    "per_id_keys": "1609550|1609551",
    "per_id_capacities": "2000|2000",
    "per_id_lengths": "15.4|15.4",
    "per_id_freespeeds": "50.0|50.0",
    "per_id_daily_avgs": "487|461",
    "per_id_permlanes": "2|2",
    "per_id_arrows": "←|→",
    "per_id_directions": "reverse|forward",
    "searchable_text": "1609550|1609551|2000|2000|15.4|15.4|50.0|50.0|487|461",
    "daily_avg_volume": 948.0,
    "capacity": 4000.0,
    "freespeed": 50.0,
    "modes": "bus,car,car_passenger,pt,taxi,truck",
    "isTarget": false,
    "link_1451949_outflow": 75,
    "link_1451949_inflow": 0
  }
},
{
  "type": "Feature",
  "geometry": {
    "type": "LineString",
    "coordinates": [
      [
        6.135709493168086,
        46.20850005851386
      ],
      [
        6.135368393161244,
        46.2084180585186
      ]
    ]
  },
  "properties": {
    "angle": -166.48266945818222,
    "per_id_keys": "1285902|1285903",
    "per_id_capacities": "2000|2000",
    "per_id_lengths": "27.9|27.9",
    "per_id_freespeeds": "50.0|50.0",
    "per_id_daily_avgs": "487|461",
    "per_id_permlanes": "2|2",
    "per_id_arrows": "←|→",
    "per_id_directions": "forward|reverse",
    "searchable_text": "1285902|1285903|2000|2000|27.9|27.9|50.0|50.0|487|461",
    "daily_avg_volume": 948.0,
    "capacity": 4000.0,
    "freespeed": 50.0,
    "modes": "bus,car,car_passenger,pt,taxi,truck",
    "isTarget": false,
    "link_1451949_outflow": 72,
    "link_1451949_inflow": 0
  }
},
{
  "type": "Feature",
  "geometry": {
    "type": "LineString",
    "coordinates": [
      [
        6.135066193154389,
        46.20832205852263
      ],
      [
        6.135368393161244,
        46.2084180585186
      ]
    ]
  },
  "properties": {
    "angle": 17.623511813264866,
    "per_id_keys": "547270|547271",
    "per_id_capacities": "2000|2000",
    "per_id_lengths": "25.6|25.6",
    "per_id_freespeeds": "50.0|50.0",
    "per_id_daily_avgs": "487|461",
    "per_id_permlanes": "2|2",
    "per_id_arrows": "←|→",
    "per_id_directions": "reverse|forward",
    "searchable_text": "547270|547271|2000|2000|25.6|25.6|50.0|50.0|487|461",
    "daily_avg_volume": 948.0,
    "capacity": 4000.0,
    "freespeed": 50.0,
    "modes": "bus,car,car_passenger,pt,taxi,truck",
    "isTarget": false,
    "link_1451949_outflow": 70,
    "link_1451949_inflow": 0
  }
},
{
  "type": "Feature",
  "geometry": {
    "type": "LineString",
    "coordinates": [
      [
        6.135066193154389,
        46.20832205852263
      ],
      [
        6.134811493152786,
        46.20836795852709
      ]
    ]
  },
  "properties": {
    "angle": 169.78425951746695,
    "per_id_keys": "1226021|1226022|1226022_spec",
    "per_id_capacities": "2000|1500|500",
    "per_id_lengths": "20.3|20.3|20.3",
    "per_id_freespeeds": "50.0|50.0|50.0",
    "per_id_daily_avgs": "432|40|323",
    "per_id_permlanes": "2|1|0",
    "per_id_arrows": "←|→|→",
    "per_id_directions": "forward|reverse|reverse",
    "searchable_text": "1226021|1226022|1226022_spec|2000|1500|500|20.3|20.3|20.3|50.0|50.0|50.0|432|40|323",
    "daily_avg_volume": 795.0,
    "capacity": 4000.0,
    "freespeed": 50.0,
    "modes": "bus,car,car_passenger,pt,taxi,truck",
    "isTarget": false,
    "link_1451949_outflow": 41,
    "link_1451949_inflow": 0
  }
},
{
  "type": "Feature",
  "geometry": {
    "type": "LineString",
    "coordinates": [
      [
        6.1345684931515905,
        46.208421758531514
      ],
      [
        6.134811493152786,
        46.20836795852709
      ]
    ]
  },
  "properties": {
    "angle": -12.483862953059747,
    "per_id_keys": "1667674|1667675|1667675_spec",
    "per_id_capacities": "2000|2500|500",
    "per_id_lengths": "19.7|19.7|19.7",
    "per_id_freespeeds": "50.0|50.0|50.0",
    "per_id_daily_avgs": "428|36|323",
    "per_id_permlanes": "2|2|0",
    "per_id_arrows": "←|→|→",
    "per_id_directions": "reverse|forward|forward",
    "searchable_text": "1667674|1667675|1667675_spec|2000|2500|500|19.7|19.7|19.7|50.0|50.0|50.0|428|36|323",
    "daily_avg_volume": 787.0,
    "capacity": 5000.0,
    "freespeed": 50.0,
    "modes": "bus,car,car_passenger,pt,taxi,truck",
    "isTarget": false,
    "link_1451949_outflow": 40,
    "link_1451949_inflow": 0
  }
},
{
  "type": "Feature",
  "geometry": {
    "type": "LineString",
    "coordinates": [
      [
        6.134421193150854,
        46.20845445853415
      ],
      [
        6.1345684931515905,
        46.208421758531514
      ]
    ]
  },
  "properties": {
    "angle": -12.516452408107593,
    "per_id_keys": "1667668|1667669|1667669_spec",
    "per_id_capacities": "2000|2500|500",
    "per_id_lengths": "13.9|13.9|13.9",
    "per_id_freespeeds": "50.0|50.0|50.0",
    "per_id_daily_avgs": "428|36|323",
    "per_id_permlanes": "2|2|0",
    "per_id_arrows": "←|→|→",
    "per_id_directions": "reverse|forward|forward",
    "searchable_text": "1667668|1667669|1667669_spec|2000|2500|500|13.9|13.9|13.9|50.0|50.0|50.0|428|36|323",
    "daily_avg_volume": 787.0,
    "capacity": 5000.0,
    "freespeed": 50.0,
    "modes": "bus,car,car_passenger,pt,taxi,truck",
    "isTarget": false,
    "link_1451949_outflow": 35,
    "link_1451949_inflow": 0
  }
},
{
  "type": "Feature",
  "geometry": {
    "type": "LineString",
    "coordinates": [
      [
        6.134421193150854,
        46.20845445853415
      ],
      [
        6.133747392163184,
        46.208603656886275
      ]
    ]
  },
  "properties": {
    "angle": 167.51456801317372,
    "per_id_keys": "1462926|1462927|1462927_spec",
    "per_id_capacities": "2000|2500|500",
    "per_id_lengths": "54.6|54.6|54.6",
    "per_id_freespeeds": "50.0|50.0|50.0",
    "per_id_daily_avgs": "428|36|323",
    "per_id_permlanes": "2|2|0",
    "per_id_arrows": "←|→|→",
    "per_id_directions": "forward|reverse|reverse",
    "searchable_text": "1462926|1462927|1462927_spec|2000|2500|500|54.6|54.6|54.6|50.0|50.0|50.0|428|36|323",
    "daily_avg_volume": 787.0,
    "capacity": 5000.0,
    "freespeed": 50.0,
    "modes": "bus,car,car_passenger,pt,taxi,truck",
    "isTarget": false,
    "link_1451949_outflow": 32,
    "link_1451949_inflow": 0
  }
},
{
  "type": "Feature",
  "geometry": {
    "type": "LineString",
    "coordinates": [
      [
        6.135066193154389,
        46.20832205852263
      ],
      [
        6.134771693141369,
        46.208034258524854
      ]
    ]
  },
  "properties": {
    "angle": -135.65922316568356,
    "per_id_keys": "798547|798548",
    "per_id_capacities": "1200|900",
    "per_id_lengths": "39.3|39.3",
    "per_id_freespeeds": "50.0|50.0",
    "per_id_daily_avgs": "120|103",
    "per_id_permlanes": "2|1",
    "per_id_arrows": "→|←",
    "per_id_directions": "reverse|forward",
    "searchable_text": "798547|798548|1200|900|39.3|39.3|50.0|50.0|120|103",
    "daily_avg_volume": 223.0,
    "capacity": 2100.0,
    "freespeed": 50.0,
    "modes": "bus,car,car_passenger,pt,taxi,truck",
    "isTarget": false,
    "link_1451949_outflow": 21,
    "link_1451949_inflow": 0
  }
},
{
  "type": "Feature",
  "geometry": {
    "type": "LineString",
    "coordinates": [
      [
        6.134638993135348,
        46.2078997585258
      ],
      [
        6.134771693141369,
        46.208034258524854
      ]
    ]
  },
  "properties": {
    "angle": 45.38596722347257,
    "per_id_keys": "44255|44256",
    "per_id_capacities": "1200|900",
    "per_id_lengths": "18.1|18.1",
    "per_id_freespeeds": "50.0|50.0",
    "per_id_daily_avgs": "120|103",
    "per_id_permlanes": "2|1",
    "per_id_arrows": "→|←",
    "per_id_directions": "forward|reverse",
    "searchable_text": "44255|44256|1200|900|18.1|18.1|50.0|50.0|120|103",
    "daily_avg_volume": 223.0,
    "capacity": 2100.0,
    "freespeed": 50.0,
    "modes": "bus,car,car_passenger,pt,taxi,truck",
    "isTarget": false,
    "link_1451949_outflow": 18,
    "link_1451949_inflow": 0
  }
},
{
  "type": "Feature",
  "geometry": {
    "type": "LineString",
    "coordinates": [
      [
        6.134638993135348,
        46.2078997585258
      ],
      [
        6.134439393126266,
        46.207697358527234
      ]
    ]
  },
  "properties": {
    "angle": -134.6009328787631,
    "per_id_keys": "798549|798550",
    "per_id_capacities": "600|600",
    "per_id_lengths": "27.3|27.3",
    "per_id_freespeeds": "50.0|50.0",
    "per_id_daily_avgs": "120|103",
    "per_id_permlanes": "1|1",
    "per_id_arrows": "→|←",
    "per_id_directions": "reverse|forward",
    "searchable_text": "798549|798550|600|600|27.3|27.3|50.0|50.0|120|103",
    "daily_avg_volume": 223.0,
    "capacity": 1200.0,
    "freespeed": 50.0,
    "modes": "bus,car,car_passenger,pt,taxi,truck",
    "isTarget": false,
    "link_1451949_outflow": 14,
    "link_1451949_inflow": 0
  }
},
{
  "type": "Feature",
  "geometry": {
    "type": "LineString",
    "coordinates": [
      [
        6.134439393126266,
        46.207697358527234
      ],
      [
        6.134351893122306,
        46.20760865852785
      ]
    ]
  },
  "properties": {
    "angle": -134.60979790686196,
    "per_id_keys": "294758|294759",
    "per_id_capacities": "600|600",
    "per_id_lengths": "12.0|12.0",
    "per_id_freespeeds": "30.0|30.0",
    "per_id_daily_avgs": "120|103",
    "per_id_permlanes": "1|1",
    "per_id_arrows": "→|←",
    "per_id_directions": "reverse|forward",
    "searchable_text": "294758|294759|600|600|12.0|12.0|30.0|30.0|120|103",
    "daily_avg_volume": 223.0,
    "capacity": 1200.0,
    "freespeed": 30.000000000000004,
    "modes": "bus,car,car_passenger,pt,taxi,truck",
    "isTarget": false,
    "link_1451949_outflow": 11,
    "link_1451949_inflow": 0
  }
},
{
  "type": "Feature",
  "geometry": {
    "type": "LineString",
    "coordinates": [
      [
        6.137174792212348,
        46.20884905683334
      ],
      [
        6.135897792187068,
        46.2085448568512
      ]
    ]
  },
  "properties": {
    "angle": -166.6010332732025,
    "per_id_keys": "8256|8257|8257_spec",
    "per_id_capacities": "1500|1500|500",
    "per_id_lengths": "104.2|104.2|104.2",
    "per_id_freespeeds": "50.0|50.0|50.0",
    "per_id_daily_avgs": "487|34|427",
    "per_id_permlanes": "1|1|0",
    "per_id_arrows": "←|→|→",
    "per_id_directions": "forward|reverse|reverse",
    "searchable_text": "8256|8257|8257_spec|1500|1500|500|104.2|104.2|104.2|50.0|50.0|50.0|487|34|427",
    "daily_avg_volume": 948.0,
    "capacity": 3500.0,
    "freespeed": 50.0,
    "modes": "bus,car,car_passenger,pt,taxi,truck",
    "isTarget": false,
    "link_1451949_outflow": 78,
    "link_1451949_inflow": 0
  }
},
{
  "type": "Feature",
  "geometry": {
    "type": "LineString",
    "coordinates": [
      [
        6.138735892258976,
        46.20969975681556
      ],
      [
        6.137952692260479,
        46.21003305683098
      ]
    ]
  },
  "properties": {
    "angle": 156.94724844355176,
    "per_id_keys": "951834",
    "per_id_capacities": "1000",
    "per_id_lengths": "70.9",
    "per_id_freespeeds": "50.0",
    "per_id_daily_avgs": "81",
    "per_id_permlanes": "1",
    "per_id_arrows": "←",
    "per_id_directions": "forward",
    "searchable_text": "951834|1000|70.9|50.0|81",
    "daily_avg_volume": 81.0,
    "capacity": 1000.0,
    "freespeed": 50.0,
    "modes": "car,car_passenger,taxi,truck",
    "isTarget": false,
    "link_1451949_outflow": 58,
    "link_1451949_inflow": 0
  }
},
{
  "type": "Feature",
  "geometry": {
    "type": "LineString",
    "coordinates": [
      [
        6.137952692260479,
        46.21003305683098
      ],
      [
        6.136790192260977,
        46.210474256853445
      ]
    ]
  },
  "properties": {
    "angle": 159.2168989745932,
    "per_id_keys": "951835",
    "per_id_capacities": "1000",
    "per_id_lengths": "102.5",
    "per_id_freespeeds": "50.0",
    "per_id_daily_avgs": "80",
    "per_id_permlanes": "1",
    "per_id_arrows": "←",
    "per_id_directions": "forward",
    "searchable_text": "951835|1000|102.5|50.0|80",
    "daily_avg_volume": 80.0,
    "capacity": 1000.0,
    "freespeed": 50.0,
    "modes": "car,car_passenger,taxi,truck",
    "isTarget": false,
    "link_1451949_outflow": 53,
    "link_1451949_inflow": 0
  }
},
{
  "type": "Feature",
  "geometry": {
    "type": "LineString",
    "coordinates": [
      [
        6.136790192260977,
        46.210474256853445
      ],
      [
        6.136529292261549,
        46.210588256858614
      ]
    ]
  },
  "properties": {
    "angle": 156.39712361977874,
    "per_id_keys": "454951",
    "per_id_capacities": "1000",
    "per_id_lengths": "23.8",
    "per_id_freespeeds": "50.0",
    "per_id_daily_avgs": "84",
    "per_id_permlanes": "1",
    "per_id_arrows": "←",
    "per_id_directions": "forward",
    "searchable_text": "454951|1000|23.8|50.0|84",
    "daily_avg_volume": 84.0,
    "capacity": 1000.0,
    "freespeed": 50.0,
    "modes": "car,car_passenger,taxi,truck",
    "isTarget": false,
    "link_1451949_outflow": 33,
    "link_1451949_inflow": 0
  }
},
{
  "type": "Feature",
  "geometry": {
    "type": "LineString",
    "coordinates": [
      [
        6.136529292261549,
        46.210588256858614
      ],
      [
        6.136286992262087,
        46.21069235686337
      ]
    ]
  },
  "properties": {
    "angle": 156.75005797540734,
    "per_id_keys": "454926",
    "per_id_capacities": "1000",
    "per_id_lengths": "22.0",
    "per_id_freespeeds": "50.0",
    "per_id_daily_avgs": "84",
    "per_id_permlanes": "1",
    "per_id_arrows": "←",
    "per_id_directions": "forward",
    "searchable_text": "454926|1000|22.0|50.0|84",
    "daily_avg_volume": 84.0,
    "capacity": 1000.0,
    "freespeed": 50.0,
    "modes": "car,car_passenger,taxi,truck",
    "isTarget": false,
    "link_1451949_outflow": 31,
    "link_1451949_inflow": 0
  }
},
{
  "type": "Feature",
  "geometry": {
    "type": "LineString",
    "coordinates": [
      [
        6.136286992262087,
        46.21069235686337
      ],
      [
        6.135456092261251,
        46.210972356879154
      ]
    ]
  },
  "properties": {
    "angle": 161.3770061728065,
    "per_id_keys": "454929",
    "per_id_capacities": "1000",
    "per_id_lengths": "71.7",
    "per_id_freespeeds": "50.0",
    "per_id_daily_avgs": "84",
    "per_id_permlanes": "1",
    "per_id_arrows": "←",
    "per_id_directions": "forward",
    "searchable_text": "454929|1000|71.7|50.0|84",
    "daily_avg_volume": 84.0,
    "capacity": 1000.0,
    "freespeed": 50.0,
    "modes": "car,car_passenger,taxi,truck",
    "isTarget": false,
    "link_1451949_outflow": 28,
    "link_1451949_inflow": 0
  }
},
{
  "type": "Feature",
  "geometry": {
    "type": "LineString",
    "coordinates": [
      [
        6.1369719922699995,
        46.21068295685232
      ],
      [
        6.137144592278228,
        46.21087105685116
      ]
    ]
  },
  "properties": {
    "angle": 47.46059880711317,
    "per_id_keys": "903087|903088",
    "per_id_capacities": "1200|900",
    "per_id_lengths": "24.8|24.8",
    "per_id_freespeeds": "25.0|25.0",
    "per_id_daily_avgs": "4|1",
    "per_id_permlanes": "2|1",
    "per_id_arrows": "←|→",
    "per_id_directions": "reverse|forward",
    "searchable_text": "903087|903088|1200|900|24.8|24.8|25.0|25.0|4|1",
    "daily_avg_volume": 5.0,
    "capacity": 2100.0,
    "freespeed": 25.0,
    "modes": "car,car_passenger,taxi,truck",
    "isTarget": false,
    "link_1451949_outflow": 10,
    "link_1451949_inflow": 0
  }
},
{
  "type": "Feature",
  "geometry": {
    "type": "LineString",
    "coordinates": [
      [
        6.137144592278228,
        46.21087105685116
      ],
      [
        6.137262392282619,
        46.210962156850066
      ]
    ]
  },
  "properties": {
    "angle": 37.7163807908019,
    "per_id_keys": "903111|903112",
    "per_id_capacities": "600|600",
    "per_id_lengths": "13.6|13.6",
    "per_id_freespeeds": "25.0|25.0",
    "per_id_daily_avgs": "4|1",
    "per_id_permlanes": "1|1",
    "per_id_arrows": "←|→",
    "per_id_directions": "reverse|forward",
    "searchable_text": "903111|903112|600|600|13.6|13.6|25.0|25.0|4|1",
    "daily_avg_volume": 5.0,
    "capacity": 1200.0,
    "freespeed": 25.0,
    "modes": "car,car_passenger,taxi,truck",
    "isTarget": false,
    "link_1451949_outflow": 7,
    "link_1451949_inflow": 0
  }
},
{
  "type": "Feature",
  "geometry": {
    "type": "LineString",
    "coordinates": [
      [
        6.1369719922699995,
        46.21068295685232
      ],
      [
        6.136790192260977,
        46.210474256853445
      ]
    ]
  },
  "properties": {
    "angle": -131.0593473102773,
    "per_id_keys": "519643|519644",
    "per_id_capacities": "1200|900",
    "per_id_lengths": "27.1|27.1",
    "per_id_freespeeds": "25.0|25.0",
    "per_id_daily_avgs": "7|4",
    "per_id_permlanes": "2|1",
    "per_id_arrows": "←|→",
    "per_id_directions": "forward|reverse",
    "searchable_text": "519643|519644|1200|900|27.1|27.1|25.0|25.0|7|4",
    "daily_avg_volume": 11.0,
    "capacity": 2100.0,
    "freespeed": 25.0,
    "modes": "car,car_passenger,taxi,truck",
    "isTarget": false,
    "link_1451949_outflow": 12,
    "link_1451949_inflow": 0
  }
},
{
  "type": "Feature",
  "geometry": {
    "type": "LineString",
    "coordinates": [
      [
        6.139556093169285,
        46.20710365843984
      ],
      [
        6.139504593166395,
        46.207034258440075
      ]
    ]
  },
  "properties": {
    "angle": -126.57818526237224,
    "per_id_keys": "1124210",
    "per_id_capacities": "3000",
    "per_id_lengths": "13.9",
    "per_id_freespeeds": "50.0",
    "per_id_daily_avgs": "199",
    "per_id_permlanes": "2",
    "per_id_arrows": "←",
    "per_id_directions": "forward",
    "searchable_text": "1124210|3000|13.9|50.0|199",
    "daily_avg_volume": 199.0,
    "capacity": 3000.0,
    "freespeed": 50.0,
    "modes": "bus,car,car_passenger,pt,taxi,truck",
    "isTarget": false,
    "link_1451949_outflow": 35,
    "link_1451949_inflow": 0
  }
},
{
  "type": "Feature",
  "geometry": {
    "type": "LineString",
    "coordinates": [
      [
        6.1399626922435155,
        46.20877835678798
      ],
      [
        6.139249593198766,
        46.20811785845364
      ]
    ]
  },
  "properties": {
    "angle": -137.1930202120876,
    "per_id_keys": "128435",
    "per_id_capacities": "600",
    "per_id_lengths": "91.8",
    "per_id_freespeeds": "15.0",
    "per_id_daily_avgs": "1",
    "per_id_permlanes": "1",
    "per_id_arrows": "←",
    "per_id_directions": "forward",
    "searchable_text": "128435|600|91.8|15.0|1",
    "daily_avg_volume": 1.0,
    "capacity": 600.0,
    "freespeed": 15.000000000000002,
    "modes": "car,car_passenger,taxi,truck",
    "isTarget": false,
    "link_1451949_outflow": 9,
    "link_1451949_inflow": 0
  }
}
  ]
}